lat,lon,ALLSKY_SFC_SW_DWN_202001,ALLSKY_SFC_SW_DWN_202002,ALLSKY_SFC_SW_DWN_202003,ALLSKY_SFC_SW_DWN_202004,ALLSKY_SFC_SW_DWN_202005,ALLSKY_SFC_SW_DWN_202006,ALLSKY_SFC_SW_DWN_202007,ALLSKY_SFC_SW_DWN_202008,ALLSKY_SFC_SW_DWN_202009,ALLSKY_SFC_SW_DWN_202010,ALLSKY_SFC_SW_DWN_202011,ALLSKY_SFC_SW_DWN_202012,ALLSKY_SFC_SW_DWN_202013,ALLSKY_SFC_SW_DWN_202101,ALLSKY_SFC_SW_DWN_202102,ALLSKY_SFC_SW_DWN_202103,ALLSKY_SFC_SW_DWN_202104,ALLSKY_SFC_SW_DWN_202105,ALLSKY_SFC_SW_DWN_202106,ALLSKY_SFC_SW_DWN_202107,ALLSKY_SFC_SW_DWN_202108,ALLSKY_SFC_SW_DWN_202109,ALLSKY_SFC_SW_DWN_202110,ALLSKY_SFC_SW_DWN_202111,ALLSKY_SFC_SW_DWN_202112,ALLSKY_SFC_SW_DWN_202113,ALLSKY_SFC_SW_DWN_202201,ALLSKY_SFC_SW_DWN_202202,ALLSKY_SFC_SW_DWN_202203,ALLSKY_SFC_SW_DWN_202204,ALLSKY_SFC_SW_DWN_202205,ALLSKY_SFC_SW_DWN_202206,ALLSKY_SFC_SW_DWN_202207,ALLSKY_SFC_SW_DWN_202208,ALLSKY_SFC_SW_DWN_202209,ALLSKY_SFC_SW_DWN_202210,ALLSKY_SFC_SW_DWN_202211,ALLSKY_SFC_SW_DWN_202212,ALLSKY_SFC_SW_DWN_202213,ALLSKY_SFC_SW_DWN_202301,ALLSKY_SFC_SW_DWN_202302,ALLSKY_SFC_SW_DWN_202303,ALLSKY_SFC_SW_DWN_202304,ALLSKY_SFC_SW_DWN_202305,ALLSKY_SFC_SW_DWN_202306,ALLSKY_SFC_SW_DWN_202307,ALLSKY_SFC_SW_DWN_202308,ALLSKY_SFC_SW_DWN_202309,ALLSKY_SFC_SW_DWN_202310,ALLSKY_SFC_SW_DWN_202311,ALLSKY_SFC_SW_DWN_202312,ALLSKY_SFC_SW_DWN_202313,ALLSKY_KT_202001,ALLSKY_KT_202002,ALLSKY_KT_202003,ALLSKY_KT_202004,ALLSKY_KT_202005,ALLSKY_KT_202006,ALLSKY_KT_202007,ALLSKY_KT_202008,ALLSKY_KT_202009,ALLSKY_KT_202010,ALLSKY_KT_202011,ALLSKY_KT_202012,ALLSKY_KT_202013,ALLSKY_KT_202101,ALLSKY_KT_202102,ALLSKY_KT_202103,ALLSKY_KT_202104,ALLSKY_KT_202105,ALLSKY_KT_202106,ALLSKY_KT_202107,ALLSKY_KT_202108,ALLSKY_KT_202109,ALLSKY_KT_202110,ALLSKY_KT_202111,ALLSKY_KT_202112,ALLSKY_KT_202113,ALLSKY_KT_202201,ALLSKY_KT_202202,ALLSKY_KT_202203,ALLSKY_KT_202204,ALLSKY_KT_202205,ALLSKY_KT_202206,ALLSKY_KT_202207,ALLSKY_KT_202208,ALLSKY_KT_202209,ALLSKY_KT_202210,ALLSKY_KT_202211,ALLSKY_KT_202212,ALLSKY_KT_202213,ALLSKY_KT_202301,ALLSKY_KT_202302,ALLSKY_KT_202303,ALLSKY_KT_202304,ALLSKY_KT_202305,ALLSKY_KT_202306,ALLSKY_KT_202307,ALLSKY_KT_202308,ALLSKY_KT_202309,ALLSKY_KT_202310,ALLSKY_KT_202311,ALLSKY_KT_202312,ALLSKY_KT_202313,CLOUD_AMT_202001,CLOUD_AMT_202002,CLOUD_AMT_202003,CLOUD_AMT_202004,CLOUD_AMT_202005,CLOUD_AMT_202006,CLOUD_AMT_202007,CLOUD_AMT_202008,CLOUD_AMT_202009,CLOUD_AMT_202010,CLOUD_AMT_202011,CLOUD_AMT_202012,CLOUD_AMT_202013,CLOUD_AMT_202101,CLOUD_AMT_202102,CLOUD_AMT_202103,CLOUD_AMT_202104,CLOUD_AMT_202105,CLOUD_AMT_202106,CLOUD_AMT_202107,CLOUD_AMT_202108,CLOUD_AMT_202109,CLOUD_AMT_202110,CLOUD_AMT_202111,CLOUD_AMT_202112,CLOUD_AMT_202113,CLOUD_AMT_202201,CLOUD_AMT_202202,CLOUD_AMT_202203,CLOUD_AMT_202204,CLOUD_AMT_202205,CLOUD_AMT_202206,CLOUD_AMT_202207,CLOUD_AMT_202208,CLOUD_AMT_202209,CLOUD_AMT_202210,CLOUD_AMT_202211,CLOUD_AMT_202212,CLOUD_AMT_202213,CLOUD_AMT_202301,CLOUD_AMT_202302,CLOUD_AMT_202303,CLOUD_AMT_202304,CLOUD_AMT_202305,CLOUD_AMT_202306,CLOUD_AMT_202307,CLOUD_AMT_202308,CLOUD_AMT_202309,CLOUD_AMT_202310,CLOUD_AMT_202311,CLOUD_AMT_202312,CLOUD_AMT_202313,PRECTOTCORR_202001,PRECTOTCORR_202002,PRECTOTCORR_202003,PRECTOTCORR_202004,PRECTOTCORR_202005,PRECTOTCORR_202006,PRECTOTCORR_202007,PRECTOTCORR_202008,PRECTOTCORR_202009,PRECTOTCORR_202010,PRECTOTCORR_202011,PRECTOTCORR_202012,PRECTOTCORR_202013,PRECTOTCORR_202101,PRECTOTCORR_202102,PRECTOTCORR_202103,PRECTOTCORR_202104,PRECTOTCORR_202105,PRECTOTCORR_202106,PRECTOTCORR_202107,PRECTOTCORR_202108,PRECTOTCORR_202109,PRECTOTCORR_202110,PRECTOTCORR_202111,PRECTOTCORR_202112,PRECTOTCORR_202113,PRECTOTCORR_202201,PRECTOTCORR_202202,PRECTOTCORR_202203,PRECTOTCORR_202204,PRECTOTCORR_202205,PRECTOTCORR_202206,PRECTOTCORR_202207,PRECTOTCORR_202208,PRECTOTCORR_202209,PRECTOTCORR_202210,PRECTOTCORR_202211,PRECTOTCORR_202212,PRECTOTCORR_202213,PRECTOTCORR_202301,PRECTOTCORR_202302,PRECTOTCORR_202303,PRECTOTCORR_202304,PRECTOTCORR_202305,PRECTOTCORR_202306,PRECTOTCORR_202307,PRECTOTCORR_202308,PRECTOTCORR_202309,PRECTOTCORR_202310,PRECTOTCORR_202311,PRECTOTCORR_202312,PRECTOTCORR_202313
36.0,36.0,7.98,10.52,14.79,21.19,25.84,28.51,28.06,26.06,20.62,16.15,9.6,8.29,18.13,8.76,14.24,16.2,21.18,27.94,29.08,28.44,25.25,20.96,16.1,10.17,7.64,18.83,7.08,11.31,14.72,22.15,25.29,27.99,29.33,23.96,20.95,15.24,9.54,7.62,17.93,8.96,13.55,15.18,20.12,24.88,27.26,28.96,25.02,21.17,15.1,10.55,7.81,18.21,0.46,0.47,0.5,0.59,0.65,0.69,0.69,0.71,0.66,0.66,0.51,0.52,0.61,0.5,0.63,0.55,0.59,0.7,0.7,0.7,0.68,0.67,0.65,0.54,0.48,0.64,0.4,0.5,0.5,0.62,0.63,0.67,0.72,0.65,0.67,0.62,0.51,0.48,0.61,0.51,0.6,0.52,0.57,0.62,0.66,0.71,0.68,0.67,0.61,0.56,0.49,0.62,56.81,57.07,52.79,44.85,33.86,22.13,16.73,12.53,17.79,22.65,43.27,43.91,35.37,55.89,32.42,47.92,50.12,24.33,13.85,11.22,14.78,16.64,20.91,39.88,54.49,31.87,65.35,49.79,59.64,41.37,31.4,22.28,10.79,19.82,18.42,28.31,48.19,43.98,36.61,41.11,32.61,60.63,51.44,39.55,27.52,11.87,16.77,14.33,33.39,41.51,48.19,34.91,3.83,2.35,2.94,1.41,0.88,0.28,0.0,0.16,0.1,0.0,1.46,4.26,1.47,6.17,1.53,2.44,1.31,0.01,0.01,0.01,0.16,1.09,0.9,1.01,4.58,1.6,4.33,3.14,3.46,0.2,1.53,0.8,0.0,0.47,0.39,0.61,2.98,1.29,1.6,1.92,2.69,1.94,1.61,0.61,0.35,0.01,0.36,0.46,1.8,1.79,3.6,1.43
37.0,29.0,9.41,10.76,15.84,20.68,24.01,26.68,28.91,25.39,20.73,14.84,11.13,7.56,18.0,7.45,13.4,15.05,20.41,27.4,25.89,28.21,26.1,20.0,15.42,10.39,7.19,18.07,7.98,11.62,14.12,21.59,24.45,25.47,29.55,23.68,21.6,15.09,10.21,8.4,17.81,9.37,12.5,14.68,18.1,19.2,24.34,29.2,25.5,20.45,15.2,9.16,7.83,17.13,0.56,0.49,0.55,0.58,0.6,0.64,0.71,0.69,0.67,0.62,0.62,0.49,0.62,0.44,0.61,0.52,0.58,0.69,0.62,0.7,0.71,0.65,0.64,0.57,0.47,0.62,0.47,0.53,0.49,0.61,0.61,0.61,0.73,0.64,0.7,0.62,0.56,0.55,0.61,0.56,0.57,0.51,0.51,0.48,0.59,0.72,0.69,0.66,0.63,0.5,0.51,0.59,44.22,60.77,58.97,55.67,43.95,32.06,11.1,12.42,15.14,33.52,30.16,54.56,37.71,72.17,41.58,56.81,59.16,32.84,32.46,14.12,8.67,21.93,24.89,46.24,62.45,39.44,59.69,63.28,61.28,45.82,41.59,38.36,7.81,23.19,12.41,26.21,43.08,48.64,39.28,43.83,41.66,62.77,67.17,69.33,41.17,7.83,13.24,24.76,30.46,52.2,54.31,42.39,2.84,3.71,1.58,1.25,1.14,0.58,0.05,0.19,0.26,1.56,1.33,5.57,1.67,4.49,0.93,2.29,0.27,0.04,0.65,0.08,0.0,0.25,1.2,2.78,9.01,1.83,7.87,4.55,2.81,0.49,0.35,1.07,0.03,0.31,0.08,1.49,3.38,3.42,2.15,4.68,0.9,2.26,2.19,2.66,1.37,0.03,0.05,0.51,0.54,6.13,4.43,2.15
37.0,30.0,9.24,10.0,15.92,20.42,23.84,26.69,29.06,25.4,20.77,14.6,10.97,7.12,17.83,7.0,13.01,15.33,20.18,26.82,26.21,28.08,25.86,19.92,15.37,10.35,6.53,17.89,7.93,10.63,15.18,21.4,24.48,25.27,29.23,24.15,21.51,15.01,10.1,8.3,17.77,9.33,12.84,14.09,18.09,18.84,24.1,29.28,25.46,20.55,15.39,9.1,7.78,17.07,0.55,0.45,0.55,0.58,0.6,0.64,0.72,0.69,0.67,0.61,0.61,0.47,0.61,0.41,0.59,0.53,0.57,0.67,0.63,0.69,0.7,0.64,0.64,0.57,0.43,0.61,0.47,0.48,0.52,0.6,0.62,0.61,0.72,0.66,0.69,0.62,0.56,0.54,0.61,0.55,0.58,0.49,0.51,0.47,0.58,0.72,0.69,0.66,0.64,0.5,0.51,0.58,47.94,64.45,60.13,55.03,44.38,35.76,10.09,12.56,14.72,36.2,29.7,58.55,39.13,73.82,43.97,56.99,61.58,34.75,33.86,15.41,9.47,23.68,25.47,45.3,67.13,40.95,59.59,62.27,60.27,48.39,39.65,41.36,8.29,20.91,13.54,29.07,44.76,47.7,39.65,41.4,42.17,65.77,67.77,70.15,42.35,7.38,12.78,24.74,29.31,55.51,53.5,42.74,2.76,3.17,1.42,0.86,1.52,0.6,0.04,0.28,0.11,1.29,1.29,7.71,1.75,4.71,0.73,1.93,0.21,0.12,1.52,0.09,0.02,0.33,0.54,2.82,7.36,1.7,6.3,4.6,1.85,0.39,0.52,1.06,0.07,0.21,0.1,0.99,3.39,4.06,1.96,4.6,0.6,2.79,1.89,3.99,1.21,0.04,0.02,0.5,0.52,4.0,3.45,1.97
37.0,31.0,7.9,9.71,14.41,19.7,25.3,27.35,29.45,25.68,20.97,15.01,10.29,7.34,17.76,7.39,12.41,14.66,20.39,27.44,25.79,28.04,25.68,19.62,15.7,10.27,6.73,17.84,7.81,10.54,14.41,21.97,24.26,24.75,29.23,24.24,21.91,14.32,10.19,8.06,17.64,9.61,12.35,14.11,18.52,19.73,24.32,29.28,25.71,20.52,15.31,9.23,8.04,17.23,0.47,0.44,0.5,0.56,0.64,0.66,0.73,0.7,0.68,0.62,0.57,0.48,0.61,0.44,0.56,0.51,0.58,0.69,0.62,0.69,0.7,0.63,0.65,0.57,0.44,0.61,0.46,0.48,0.5,0.62,0.61,0.6,0.72,0.66,0.71,0.59,0.56,0.53,0.6,0.57,0.56,0.49,0.52,0.5,0.59,0.72,0.7,0.66,0.63,0.51,0.53,0.59,58.33,63.6,60.3,52.17,36.04,28.21,7.24,11.53,12.0,29.81,33.17,50.45,36.9,65.17,43.24,55.81,58.04,25.79,31.86,15.13,10.26,21.49,21.64,39.4,62.09,37.49,61.61,65.71,67.23,42.58,37.39,37.66,8.67,16.83,13.84,31.2,38.55,41.84,38.59,38.32,43.42,61.43,60.61,62.09,38.87,7.32,10.69,19.27,26.09,46.22,46.62,38.41,4.17,3.84,1.48,0.91,2.66,0.45,0.03,0.22,0.12,1.23,1.68,7.17,2.0,5.23,0.86,2.38,0.46,0.1,1.37,0.17,0.05,0.26,0.59,3.07,6.23,1.73,8.64,5.59,1.94,0.31,0.41,0.92,0.06,0.19,0.16,0.99,4.02,4.03,2.27,4.44,0.9,3.33,2.28,3.88,0.96,0.06,0.02,0.53,0.75,3.87,4.43,2.12
37.0,32.0,7.86,10.83,14.52,19.22,25.82,27.58,29.56,26.31,21.07,15.56,9.85,7.97,18.01,7.88,12.49,14.56,19.43,27.34,26.24,28.11,25.26,19.46,15.82,10.36,7.3,17.86,8.04,10.9,12.94,22.62,23.61,25.23,28.96,24.89,22.04,13.9,10.59,7.99,17.64,9.9,10.84,14.97,19.31,20.93,24.33,29.01,25.87,20.96,15.06,10.13,8.74,17.5,0.47,0.49,0.5,0.54,0.65,0.66,0.73,0.72,0.68,0.65,0.54,0.52,0.62,0.47,0.56,0.5,0.55,0.69,0.63,0.69,0.69,0.63,0.66,0.57,0.48,0.61,0.48,0.49,0.45,0.64,0.59,0.61,0.72,0.68,0.71,0.58,0.58,0.52,0.6,0.59,0.49,0.52,0.55,0.53,0.59,0.72,0.7,0.67,0.62,0.56,0.57,0.6,73.48,64.34,66.1,61.35,41.04,33.12,7.99,12.49,15.11,32.22,44.62,57.46,42.44,70.29,44.6,61.55,68.02,33.9,38.59,19.72,15.78,30.07,26.45,47.1,66.91,43.58,71.62,75.69,73.17,44.67,44.89,41.59,12.32,16.99,18.26,42.69,44.57,54.56,45.09,42.67,62.24,64.4,66.81,64.9,46.96,11.46,15.83,22.3,36.94,49.57,50.05,44.51,5.36,4.55,1.61,1.06,3.12,0.26,0.02,0.09,0.15,0.62,2.24,5.39,2.04,5.42,1.01,2.95,0.75,0.04,0.69,0.29,0.07,0.29,0.62,2.82,5.96,1.74,10.13,5.59,2.02,0.23,0.37,0.73,0.05,0.09,0.19,1.07,4.36,3.77,2.38,3.24,1.45,3.29,2.56,2.62,0.86,0.09,0.01,0.41,1.01,4.03,5.02,2.05
37.0,33.0,7.38,10.95,14.67,20.07,26.5,28.53,29.87,26.8,21.38,16.13,10.16,8.19,18.39,8.13,12.94,15.52,19.18,27.33,28.24,29.12,25.59,20.41,16.38,10.55,7.79,18.43,7.67,11.2,13.8,22.69,24.33,26.64,29.83,25.67,22.46,14.63,10.61,7.68,18.1,9.61,11.18,15.1,20.52,22.99,25.66,29.15,26.13,21.45,15.37,10.12,8.84,18.01,0.44,0.5,0.51,0.57,0.67,0.69,0.74,0.73,0.69,0.67,0.56,0.54,0.63,0.48,0.58,0.54,0.54,0.69,0.68,0.72,0.7,0.66,0.68,0.58,0.51,0.63,0.45,0.51,0.48,0.64,0.61,0.64,0.74,0.7,0.72,0.61,0.58,0.5,0.62,0.57,0.51,0.52,0.58,0.58,0.62,0.72,0.71,0.69,0.63,0.56,0.58,0.62,73.27,64.69,63.95,57.92,37.08,26.17,4.76,9.15,12.89,28.65,40.41,51.12,39.17,66.95,41.71,58.09,66.09,33.71,26.96,12.85,14.44,23.87,21.79,45.13,63.72,39.61,69.41,75.07,67.83,44.14,41.13,34.56,7.86,9.83,15.85,37.78,44.4,54.14,41.83,42.28,66.09,62.38,64.06,56.89,42.98,11.43,14.25,22.34,34.87,48.0,47.96,42.79,4.39,3.53,1.42,0.82,1.57,0.23,0.01,0.01,0.2,0.04,2.27,2.59,1.42,3.9,0.88,2.42,0.82,0.06,0.32,0.23,0.16,0.49,0.23,1.78,4.59,1.32,7.23,3.47,1.65,0.34,0.51,0.61,0.05,0.02,0.22,0.86,2.48,1.71,1.6,1.32,1.48,2.4,1.56,1.72,0.93,0.07,0.04,0.16,0.95,3.12,4.1,1.49
37.0,34.0,6.7,9.22,12.84,18.53,24.82,27.21,29.03,26.43,20.94,16.14,10.27,8.36,17.54,8.19,12.04,14.05,18.58,26.65,26.7,28.28,24.55,19.87,16.31,10.09,7.59,17.74,6.85,9.54,12.96,21.2,22.35,24.75,29.73,24.2,21.87,14.43,10.01,8.06,17.16,9.71,11.37,13.45,18.42,21.05,24.37,29.17,25.72,21.13,14.96,10.1,8.48,17.33,0.4,0.42,0.44,0.52,0.62,0.66,0.72,0.72,0.68,0.67,0.57,0.55,0.6,0.48,0.54,0.48,0.52,0.67,0.64,0.7,0.67,0.64,0.68,0.56,0.5,0.61,0.41,0.43,0.45,0.6,0.56,0.6,0.73,0.66,0.7,0.6,0.55,0.53,0.59,0.58,0.52,0.47,0.52,0.53,0.59,0.72,0.7,0.68,0.62,0.55,0.55,0.59,60.24,67.24,66.91,61.12,42.21,32.95,12.96,11.59,18.35,27.32,37.61,42.28,40.07,65.67,43.94,60.26,66.49,34.31,33.52,17.87,20.92,26.06,22.61,43.22,55.64,40.88,61.78,67.86,69.47,50.27,47.9,41.4,12.0,17.78,18.16,36.47,46.79,44.95,42.9,37.0,51.87,69.2,70.92,56.44,45.73,13.39,14.39,22.14,34.25,46.18,47.08,42.38,4.1,3.13,1.47,0.71,1.06,0.27,0.01,0.01,0.21,0.03,1.87,2.07,1.25,3.33,0.79,2.17,0.87,0.1,0.31,0.16,0.28,0.62,0.1,1.46,3.93,1.18,5.98,2.77,1.53,0.38,0.55,0.65,0.03,0.01,0.22,0.78,1.87,1.12,1.32,0.78,1.28,2.11,1.22,1.77,0.94,0.06,0.07,0.14,0.85,2.79,3.42,1.29
37.0,35.0,7.86,9.48,13.15,19.2,23.55,25.94,27.67,25.77,19.92,15.58,9.99,7.99,17.17,8.26,12.88,14.69,18.67,25.7,26.04,27.52,24.56,19.84,15.73,9.48,7.04,17.54,6.99,10.14,14.31,20.57,22.68,24.18,29.11,23.18,20.7,14.34,9.45,7.7,16.94,9.22,12.05,13.16,17.69,22.61,23.63,28.58,24.81,20.74,14.66,9.67,7.9,17.06,0.47,0.43,0.45,0.54,0.59,0.62,0.68,0.7,0.64,0.65,0.55,0.52,0.59,0.49,0.58,0.51,0.53,0.65,0.63,0.68,0.67,0.64,0.65,0.52,0.46,0.6,0.41,0.46,0.49,0.58,0.57,0.58,0.72,0.63,0.67,0.59,0.52,0.5,0.58,0.55,0.55,0.46,0.5,0.57,0.57,0.71,0.67,0.67,0.6,0.53,0.52,0.58,56.4,66.77,67.81,61.43,47.31,43.06,26.64,21.84,28.72,31.4,41.81,46.29,44.96,65.25,44.43,58.65,67.51,39.02,41.91,27.26,25.98,30.67,30.82,51.72,59.27,45.21,67.51,63.79,63.45,52.03,48.29,50.5,20.2,34.52,24.38,39.34,54.99,50.63,47.47,43.65,47.72,76.49,72.03,56.71,53.08,22.94,26.68,26.57,40.63,50.36,51.54,47.37,4.86,3.84,1.7,0.69,1.63,0.53,0.01,0.04,0.06,0.0,1.5,1.48,1.36,3.94,1.18,1.83,1.27,0.17,0.18,0.15,0.5,0.85,0.1,1.47,4.71,1.36,6.58,2.78,2.5,0.21,0.46,0.88,0.0,0.05,0.27,0.58,2.25,0.98,1.46,0.51,1.62,2.45,1.83,1.73,0.71,0.23,0.17,0.39,1.02,2.67,2.8,1.34
37.0,36.0,7.9,9.48,13.34,19.49,24.22,27.08,27.93,26.1,20.26,15.95,9.86,7.92,17.46,8.12,13.02,14.66,19.62,27.07,27.68,28.27,24.84,20.61,15.7,9.37,7.26,18.02,6.61,10.45,13.85,21.14,23.44,25.97,29.42,23.89,20.99,14.74,8.95,7.53,17.25,9.1,12.26,12.42,17.5,23.53,25.49,28.99,25.28,21.33,14.65,9.77,7.67,17.33,0.47,0.43,0.46,0.55,0.61,0.65,0.69,0.71,0.66,0.66,0.55,0.52,0.6,0.48,0.59,0.51,0.55,0.68,0.67,0.7,0.68,0.67,0.65,0.52,0.48,0.62,0.39,0.47,0.48,0.6,0.59,0.63,0.73,0.65,0.68,0.61,0.49,0.49,0.59,0.54,0.56,0.43,0.49,0.59,0.61,0.72,0.69,0.69,0.6,0.54,0.5,0.59,59.26,69.28,67.05,60.57,48.37,44.36,28.84,23.37,31.85,31.93,43.97,47.06,46.33,66.28,45.33,61.5,65.37,38.26,37.48,24.66,27.32,30.1,32.09,51.92,60.77,45.09,71.15,62.67,67.18,52.96,47.7,45.28,20.24,34.23,29.94,40.84,56.21,53.24,48.47,41.56,50.17,81.44,73.53,55.45,49.43,24.02,30.57,28.19,44.46,52.72,53.26,48.73,2.65,2.71,3.29,1.54,1.34,0.45,0.0,0.18,0.12,0.0,2.04,1.94,1.36,5.35,1.12,2.33,1.04,0.05,0.03,0.07,0.22,1.27,0.26,0.96,3.4,1.34,4.6,1.6,3.89,0.23,0.89,0.95,0.0,0.58,0.5,0.4,2.59,0.94,1.43,1.18,1.69,3.27,1.27,1.08,0.58,0.09,0.41,0.66,1.4,2.13,2.39,1.35
37.0,37.0,7.74,9.46,13.99,20.02,25.03,28.96,28.27,26.82,20.47,16.02,9.45,7.57,17.82,7.84,12.91,15.35,20.52,28.06,29.56,28.48,24.64,21.21,15.59,9.51,7.23,18.41,6.05,10.56,13.85,21.47,24.15,27.75,29.88,25.42,21.14,14.82,8.36,7.56,17.58,8.71,12.38,13.15,18.75,24.19,27.36,29.72,25.83,21.57,14.36,9.64,7.45,17.76,0.46,0.43,0.48,0.56,0.63,0.7,0.7,0.73,0.66,0.67,0.52,0.5,0.61,0.46,0.58,0.53,0.58,0.71,0.71,0.7,0.67,0.69,0.65,0.52,0.47,0.63,0.36,0.48,0.48,0.61,0.61,0.67,0.74,0.69,0.68,0.61,0.46,0.49,0.6,0.52,0.56,0.46,0.53,0.61,0.66,0.73,0.7,0.69,0.59,0.53,0.49,0.61,61.5,70.82,61.69,55.69,43.79,21.84,15.61,7.51,21.69,25.98,44.91,49.13,40.01,66.48,45.49,55.52,58.4,31.65,16.14,11.52,21.67,18.93,30.17,48.71,60.37,38.75,74.08,61.44,66.72,47.97,43.76,25.4,7.64,8.99,22.17,38.18,56.71,52.61,42.14,43.7,45.65,77.17,65.91,47.89,31.51,9.77,13.97,17.56,45.35,51.1,54.87,42.04,2.23,2.12,3.34,1.54,0.95,0.28,0.0,0.12,0.08,0.0,2.18,2.51,1.28,4.88,0.81,1.99,0.7,0.05,0.01,0.03,0.18,0.85,0.21,0.73,2.5,1.08,3.36,1.2,3.56,0.31,1.02,0.67,0.0,0.41,0.33,0.38,2.53,0.96,1.23,1.17,1.69,3.2,1.04,0.72,0.38,0.04,0.28,0.49,1.03,2.09,2.13,1.19
37.0,38.0,7.61,9.42,14.17,20.49,24.84,28.91,27.53,26.3,20.2,15.64,9.18,7.94,17.69,8.35,13.3,15.82,20.74,27.58,29.64,28.02,24.62,21.3,15.66,9.66,7.65,18.53,6.04,11.28,14.1,21.59,24.58,28.03,29.09,25.12,20.87,14.5,8.3,7.87,17.62,8.96,12.1,13.64,19.73,24.46,27.56,29.08,25.39,21.14,14.4,9.46,7.4,17.78,0.45,0.43,0.49,0.58,0.62,0.7,0.68,0.72,0.65,0.65,0.51,0.52,0.61,0.49,0.6,0.55,0.59,0.69,0.71,0.69,0.67,0.69,0.65,0.53,0.5,0.63,0.36,0.51,0.49,0.61,0.62,0.67,0.72,0.68,0.67,0.6,0.46,0.51,0.6,0.53,0.55,0.47,0.56,0.61,0.66,0.72,0.69,0.68,0.59,0.52,0.48,0.61,63.65,71.95,62.08,55.64,50.54,24.36,19.06,9.34,21.26,24.97,44.83,46.5,41.18,62.55,43.87,54.31,60.97,39.41,13.04,13.04,23.79,16.16,30.11,46.66,58.21,38.51,73.68,58.09,67.31,50.31,45.39,24.78,11.37,12.28,23.71,38.62,56.09,48.78,42.53,42.36,44.14,74.54,61.7,51.47,28.35,13.94,17.4,20.24,45.36,50.76,54.73,42.08,2.52,1.35,3.09,1.79,0.83,0.03,0.01,0.0,0.0,0.0,2.68,2.15,1.2,3.77,0.29,1.32,0.18,0.06,0.0,0.0,0.17,0.04,0.17,0.51,1.31,0.65,2.23,0.73,2.91,1.09,1.23,0.13,0.0,0.01,0.02,0.24,2.93,1.13,1.05,1.02,2.19,5.04,1.4,0.3,0.13,0.0,0.07,0.1,0.29,2.63,2.19,1.28
37.0,39.0,7.88,9.66,14.12,20.84,25.21,28.92,27.05,26.37,20.42,15.63,9.39,8.02,17.79,8.43,13.72,16.05,21.68,27.87,30.19,28.17,24.73,21.69,15.53,9.84,7.59,18.79,6.56,12.01,13.88,21.92,24.5,28.31,29.26,25.52,21.15,14.66,8.43,8.24,17.87,9.13,12.18,13.8,20.13,24.8,27.85,29.21,25.55,21.28,14.42,9.36,7.37,17.92,0.47,0.44,0.49,0.59,0.63,0.7,0.67,0.72,0.66,0.65,0.52,0.53,0.61,0.5,0.62,0.55,0.61,0.7,0.73,0.7,0.67,0.7,0.64,0.54,0.5,0.64,0.39,0.54,0.48,0.62,0.62,0.68,0.72,0.69,0.68,0.61,0.46,0.54,0.61,0.54,0.55,0.48,0.57,0.62,0.67,0.72,0.69,0.68,0.59,0.51,0.48,0.61,61.89,67.73,60.74,54.48,47.2,22.24,22.06,6.77,13.67,21.5,42.93,45.19,38.87,60.32,40.34,51.32,55.35,35.64,7.15,11.51,19.31,8.53,30.73,44.02,54.78,34.92,71.75,52.43,67.29,50.48,39.77,19.53,7.7,8.41,14.85,33.88,53.28,43.03,38.53,39.7,42.77,73.67,58.67,49.81,24.22,9.68,15.46,16.02,41.67,49.77,53.13,39.55,2.61,1.16,3.16,2.09,1.11,0.02,0.01,0.0,0.0,0.0,2.66,1.27,1.17,3.1,0.26,1.19,0.09,0.07,0.0,0.0,0.19,0.01,0.21,0.52,0.89,0.54,2.11,0.6,2.69,1.21,1.53,0.06,0.0,0.0,0.0,0.16,2.91,1.16,1.04,0.89,2.43,5.88,1.55,0.26,0.08,0.0,0.04,0.17,0.19,2.59,2.36,1.37
37.0,40.0,7.51,9.55,13.83,20.61,25.28,29.09,27.17,26.2,20.5,15.76,9.22,7.79,17.71,8.45,13.72,16.02,22.03,27.43,30.39,28.07,25.1,21.66,15.39,9.97,7.45,18.81,7.1,12.5,13.3,21.76,24.46,28.0,28.94,25.4,21.21,14.37,8.81,8.2,17.84,9.19,12.36,13.27,20.34,24.32,27.45,28.75,25.35,21.15,14.33,9.2,7.2,17.74,0.45,0.43,0.48,0.58,0.63,0.7,0.67,0.71,0.66,0.66,0.51,0.51,0.61,0.5,0.62,0.55,0.62,0.69,0.73,0.69,0.68,0.7,0.64,0.55,0.49,0.64,0.42,0.57,0.46,0.61,0.61,0.67,0.71,0.69,0.68,0.59,0.48,0.54,0.61,0.55,0.56,0.46,0.57,0.61,0.66,0.71,0.69,0.68,0.59,0.5,0.47,0.61,63.23,66.13,64.16,54.93,43.92,19.85,20.97,6.23,12.26,20.02,43.79,48.09,38.63,59.27,40.95,51.08,51.86,34.03,7.73,12.56,16.25,8.57,31.21,44.1,55.54,34.43,70.7,50.33,68.3,53.86,38.24,18.84,6.59,6.96,11.07,35.42,51.1,43.32,37.89,41.23,41.83,73.83,57.55,46.39,23.28,7.94,11.14,12.26,38.71,49.86,54.68,38.23,2.34,1.42,3.5,1.86,1.15,0.01,0.01,0.0,0.0,0.0,1.75,0.88,1.08,2.32,0.4,1.06,0.1,0.06,0.0,0.0,0.1,0.0,0.32,0.49,0.6,0.45,2.07,0.69,2.5,0.78,1.9,0.06,0.0,0.0,0.0,0.25,2.62,0.6,0.96,0.67,2.17,4.1,1.41,0.23,0.03,0.0,0.02,0.94,0.23,3.06,2.48,1.28
38.0,28.0,9.02,10.43,15.59,20.55,23.24,25.94,29.33,26.23,20.53,13.8,10.99,6.94,17.72,7.31,12.34,14.17,19.08,26.58,25.72,28.18,25.86,19.92,15.14,9.68,6.23,17.52,7.79,9.83,14.68,20.34,25.11,25.58,29.46,24.17,20.92,14.85,9.46,6.93,17.43,8.23,12.24,14.06,17.04,19.88,24.72,29.0,25.2,20.2,14.59,8.16,7.32,16.72,0.56,0.48,0.55,0.58,0.58,0.62,0.73,0.72,0.67,0.59,0.63,0.47,0.61,0.45,0.57,0.5,0.54,0.67,0.62,0.7,0.71,0.65,0.64,0.55,0.43,0.61,0.48,0.46,0.52,0.58,0.63,0.62,0.73,0.66,0.68,0.63,0.54,0.47,0.6,0.51,0.57,0.49,0.48,0.5,0.59,0.72,0.69,0.66,0.61,0.46,0.5,0.58,41.68,59.75,58.74,53.12,51.01,33.53,7.48,6.81,15.42,35.82,27.89,58.22,37.46,75.12,48.67,61.12,59.93,34.7,30.7,11.6,5.49,24.97,24.55,49.21,68.54,41.22,59.35,63.71,58.48,50.25,38.58,37.86,4.57,18.72,12.9,24.3,49.15,54.34,39.35,50.82,42.45,64.37,68.2,72.01,38.54,6.65,13.51,23.84,31.2,63.91,56.71,44.35,2.13,3.26,1.92,1.44,1.55,0.72,0.06,0.14,0.38,1.34,0.38,3.91,1.44,4.58,1.83,2.95,0.62,0.22,0.5,0.05,0.0,0.13,1.46,1.84,6.14,1.69,3.86,4.11,1.96,0.76,0.42,1.79,0.01,0.35,0.08,0.19,2.4,2.38,1.53,4.33,0.62,2.37,2.4,3.18,2.26,0.43,0.12,0.8,0.17,4.71,2.95,2.03
38.0,29.0,8.83,10.28,15.29,20.73,23.06,26.13,28.93,26.0,20.28,14.36,10.93,7.33,17.68,7.28,12.66,14.31,18.57,26.48,25.01,27.83,25.8,19.39,15.28,9.85,6.58,17.42,7.83,10.53,14.5,20.7,24.59,24.5,29.36,23.73,20.98,14.52,9.89,7.42,17.38,8.7,12.31,13.52,16.65,19.37,24.18,28.71,25.05,20.35,14.81,8.13,7.3,16.59,0.54,0.48,0.53,0.59,0.58,0.63,0.72,0.71,0.66,0.61,0.62,0.5,0.61,0.45,0.59,0.5,0.53,0.67,0.6,0.69,0.71,0.63,0.65,0.56,0.45,0.6,0.48,0.49,0.51,0.59,0.62,0.59,0.73,0.65,0.68,0.61,0.56,0.51,0.6,0.54,0.57,0.48,0.47,0.49,0.58,0.71,0.68,0.66,0.62,0.46,0.5,0.57,46.7,64.52,62.03,55.55,51.83,40.25,12.96,10.9,18.9,36.11,29.42,56.69,40.49,77.61,48.35,63.24,64.8,36.11,38.73,16.2,10.23,29.56,25.12,47.64,68.29,43.82,65.32,65.0,61.81,53.21,44.27,44.5,7.59,24.9,14.02,28.04,49.18,53.14,42.58,47.85,45.32,69.21,73.83,74.53,44.85,10.52,19.48,26.95,33.49,64.02,58.26,47.36,1.8,2.9,1.6,1.35,1.89,0.74,0.1,0.24,0.72,1.49,0.62,2.57,1.33,3.75,0.95,2.65,0.48,0.13,0.9,0.1,0.0,0.23,1.31,1.87,5.41,1.48,3.65,4.09,2.23,0.92,0.55,2.13,0.04,0.47,0.14,0.38,2.06,2.03,1.56,3.83,0.78,2.17,2.38,4.33,2.82,0.19,0.17,0.82,0.21,3.85,2.25,1.98
38.0,30.0,8.3,9.8,14.8,20.06,23.06,26.17,28.95,25.82,20.3,14.37,10.38,7.5,17.46,6.63,12.31,14.42,18.18,26.21,24.46,27.53,25.86,18.86,15.31,9.87,6.64,17.19,7.29,10.11,13.37,20.88,23.84,24.48,29.13,23.99,21.0,13.65,10.17,7.45,17.11,8.97,11.78,13.35,16.95,19.07,23.71,28.79,25.36,20.46,14.62,8.46,7.36,16.57,0.51,0.46,0.52,0.57,0.58,0.63,0.72,0.71,0.66,0.61,0.59,0.51,0.61,0.41,0.57,0.51,0.52,0.66,0.59,0.68,0.71,0.62,0.65,0.56,0.45,0.6,0.45,0.47,0.47,0.59,0.6,0.59,0.72,0.66,0.68,0.58,0.58,0.51,0.59,0.55,0.55,0.47,0.48,0.48,0.57,0.71,0.69,0.67,0.62,0.48,0.5,0.57,60.42,68.08,68.78,58.76,51.82,42.89,14.06,14.54,19.32,38.65,37.77,58.73,44.49,75.41,47.75,65.74,69.66,37.05,43.72,20.31,12.59,34.56,27.26,47.31,65.9,45.6,67.87,68.55,68.81,52.96,46.47,50.75,12.19,28.62,16.25,37.39,47.36,55.62,46.07,46.37,54.03,70.41,76.29,75.96,51.94,12.02,18.25,28.45,37.19,61.63,58.63,49.26,1.73,2.47,1.25,1.06,2.48,1.24,0.09,0.5,0.42,1.57,0.52,1.45,1.23,2.66,0.45,2.02,0.4,0.27,2.76,0.24,0.01,0.52,0.52,1.27,3.19,1.19,2.34,3.45,2.05,0.82,0.94,2.31,0.12,0.47,0.19,0.55,0.96,1.03,1.27,2.5,0.45,2.23,2.19,4.8,2.64,0.14,0.16,0.98,0.24,2.16,1.54,1.67
38.0,31.0,8.16,9.83,14.97,20.09,23.87,26.68,29.27,25.83,20.31,14.56,10.21,7.66,17.62,7.1,12.26,14.65,18.67,25.98,24.41,27.69,25.48,19.04,15.51,10.1,7.13,17.34,7.15,10.75,13.06,21.02,23.8,24.39,28.72,24.2,21.16,13.06,10.19,7.48,17.08,9.38,10.5,13.94,17.78,19.94,23.92,28.77,25.77,20.49,14.64,9.02,7.8,16.83,0.5,0.46,0.52,0.57,0.6,0.64,0.72,0.71,0.66,0.62,0.58,0.52,0.61,0.44,0.57,0.51,0.53,0.65,0.59,0.68,0.7,0.62,0.66,0.58,0.49,0.6,0.44,0.5,0.46,0.6,0.6,0.59,0.71,0.66,0.69,0.55,0.58,0.51,0.59,0.58,0.49,0.49,0.51,0.5,0.58,0.71,0.7,0.67,0.62,0.51,0.53,0.58,64.33,64.77,62.45,52.72,43.9,36.56,8.6,12.01,13.47,31.94,34.33,49.95,39.59,63.68,41.62,58.18,66.84,33.44,42.39,18.63,12.6,29.87,22.92,38.56,57.35,40.51,62.62,69.9,69.06,46.96,41.62,46.73,13.17,22.14,15.02,36.67,37.74,51.26,42.74,39.66,53.49,63.51,69.23,66.11,46.72,10.75,11.43,22.75,31.02,50.79,50.6,43.0,2.04,2.38,1.26,0.87,2.26,1.2,0.06,0.38,0.23,1.21,0.65,1.57,1.18,2.3,0.52,1.82,0.51,0.27,2.64,0.61,0.08,0.65,0.29,1.13,3.05,1.16,2.78,3.39,1.78,0.49,0.83,1.65,0.12,0.38,0.26,0.65,0.77,0.85,1.16,2.05,0.49,2.13,1.99,4.08,2.07,0.23,0.11,0.72,0.33,1.94,1.34,1.46
38.0,32.0,7.8,9.78,14.9,20.08,24.7,26.58,29.07,25.96,20.29,14.8,10.24,7.47,17.64,7.38,12.45,14.53,18.24,26.08,24.95,28.2,24.96,19.15,15.34,10.12,7.48,17.41,6.49,10.8,12.68,21.18,23.83,24.51,28.54,24.52,21.1,13.27,10.28,6.98,17.01,9.14,10.51,14.06,18.39,21.2,24.29,28.95,25.96,20.64,14.78,9.17,7.89,17.08,0.48,0.45,0.52,0.57,0.62,0.64,0.72,0.71,0.66,0.63,0.59,0.51,0.61,0.45,0.58,0.51,0.52,0.66,0.6,0.7,0.68,0.63,0.65,0.58,0.51,0.6,0.4,0.5,0.44,0.6,0.6,0.59,0.7,0.67,0.69,0.56,0.58,0.48,0.59,0.56,0.49,0.49,0.52,0.53,0.58,0.71,0.71,0.67,0.62,0.52,0.54,0.59,71.15,70.91,66.64,60.84,46.84,41.15,9.93,14.08,17.19,36.33,40.78,61.53,44.78,70.41,46.52,63.29,73.74,40.04,46.74,19.46,18.26,34.55,28.85,47.2,65.13,46.18,72.76,76.25,71.9,51.08,45.26,49.64,14.82,23.34,21.08,43.13,45.48,65.1,48.32,51.39,66.45,67.83,72.13,67.69,49.33,10.77,13.53,25.66,36.8,58.17,57.82,48.13,1.93,1.99,1.3,0.77,1.74,0.83,0.06,0.15,0.23,0.58,0.74,1.21,0.96,1.6,0.51,1.74,0.63,0.14,1.55,1.07,0.18,0.67,0.18,0.88,2.95,1.01,2.93,2.55,1.54,0.22,0.82,0.86,0.16,0.18,0.3,0.67,0.73,0.7,0.97,1.18,0.73,1.73,1.71,3.01,2.04,0.29,0.04,0.31,0.47,1.77,0.97,1.19
38.0,33.0,7.71,9.69,15.39,21.23,25.68,27.55,29.25,26.32,20.36,15.09,10.43,7.97,18.06,7.69,12.91,15.32,18.8,26.54,27.3,28.57,24.61,19.66,15.44,10.16,7.88,17.91,7.64,10.72,14.28,21.41,24.96,26.0,28.9,24.71,21.3,14.28,10.22,7.48,17.66,9.06,12.38,14.3,19.81,22.58,25.3,28.84,25.73,20.96,14.64,9.39,8.21,17.6,0.48,0.45,0.54,0.6,0.65,0.66,0.72,0.72,0.67,0.64,0.6,0.54,0.63,0.47,0.6,0.54,0.53,0.67,0.66,0.71,0.67,0.64,0.65,0.58,0.54,0.62,0.47,0.5,0.5,0.61,0.63,0.63,0.71,0.67,0.69,0.6,0.58,0.51,0.61,0.56,0.58,0.5,0.56,0.57,0.61,0.71,0.7,0.68,0.62,0.53,0.56,0.61,60.25,66.06,55.92,49.25,36.01,28.84,7.21,9.53,13.5,26.85,34.9,47.73,36.34,61.92,38.34,54.94,63.36,32.12,31.31,13.12,16.89,27.32,23.05,43.31,58.3,38.66,66.53,73.88,61.92,43.6,38.17,34.63,11.85,13.88,19.06,36.95,41.94,52.95,41.28,45.68,60.8,60.68,61.25,53.72,39.33,11.36,11.25,19.05,32.7,50.13,48.24,41.18,1.57,1.47,1.34,0.79,1.24,0.66,0.1,0.01,0.18,0.15,0.88,0.61,0.75,1.34,0.49,1.61,0.75,0.07,0.97,0.72,0.23,0.83,0.06,0.73,2.15,0.83,2.2,1.6,1.46,0.48,1.09,0.7,0.11,0.04,0.42,0.44,0.51,0.44,0.79,0.44,0.77,1.63,1.48,1.83,2.07,0.22,0.04,0.16,0.67,1.13,0.87,0.94
38.0,34.0,7.12,9.44,14.08,20.29,24.95,27.01,29.7,26.97,20.98,15.58,10.57,7.96,17.89,7.83,12.66,14.22,18.0,26.28,27.0,28.75,24.16,19.39,15.71,9.6,7.51,17.59,7.35,12.18,12.33,20.9,23.09,25.38,29.27,25.55,21.46,14.57,9.72,7.3,17.43,9.8,10.31,13.64,19.19,22.31,23.8,29.07,26.37,21.57,14.75,9.47,8.19,17.37,0.44,0.44,0.49,0.58,0.63,0.65,0.73,0.74,0.69,0.66,0.6,0.54,0.62,0.48,0.59,0.5,0.51,0.66,0.65,0.71,0.66,0.63,0.67,0.55,0.51,0.61,0.45,0.57,0.43,0.59,0.58,0.61,0.72,0.7,0.7,0.62,0.55,0.5,0.6,0.6,0.48,0.48,0.55,0.56,0.57,0.72,0.72,0.7,0.62,0.54,0.56,0.6,68.54,71.92,65.1,57.94,44.38,37.85,6.77,7.84,14.08,26.11,37.3,53.44,40.94,70.31,42.45,63.3,70.01,38.27,36.23,15.18,21.22,30.67,24.54,48.86,60.31,43.45,68.28,77.74,70.57,55.59,49.32,43.07,12.96,12.01,20.63,40.02,49.36,63.01,46.88,43.86,66.31,71.17,70.9,59.93,50.46,11.31,9.75,17.32,34.07,56.38,51.78,45.27,1.51,1.41,1.42,0.86,1.27,0.69,0.12,0.0,0.14,0.09,0.99,0.59,0.76,1.66,0.51,1.57,0.79,0.08,1.04,0.3,0.25,0.89,0.03,0.85,1.82,0.82,2.01,1.49,1.53,0.74,1.23,0.94,0.07,0.01,0.5,0.3,0.58,0.47,0.82,0.43,0.74,1.77,1.57,1.49,2.05,0.16,0.08,0.24,0.75,0.87,1.06,0.93
38.0,35.0,6.97,11.84,13.31,19.75,24.2,26.88,29.59,27.15,21.2,15.99,10.53,7.86,17.94,8.05,13.22,14.16,17.34,25.9,27.25,28.61,23.89,19.62,15.65,9.49,7.48,17.56,7.64,11.89,13.67,20.5,22.44,25.35,29.45,25.84,21.34,14.72,9.43,7.09,17.45,9.85,13.46,13.32,18.23,22.64,23.72,29.17,26.46,21.88,14.54,9.6,7.9,17.57,0.43,0.55,0.47,0.56,0.61,0.65,0.73,0.74,0.69,0.68,0.6,0.54,0.62,0.49,0.61,0.5,0.49,0.65,0.66,0.71,0.65,0.64,0.66,0.54,0.51,0.61,0.47,0.55,0.48,0.58,0.56,0.61,0.73,0.71,0.7,0.62,0.54,0.48,0.6,0.61,0.63,0.47,0.52,0.57,0.57,0.72,0.72,0.71,0.61,0.54,0.54,0.61,71.16,71.34,67.62,60.61,44.87,37.06,8.76,8.38,15.06,23.79,37.7,52.84,41.6,70.55,43.25,65.01,70.1,37.88,33.23,16.54,23.42,27.65,24.9,47.24,60.52,43.36,69.05,76.02,69.74,55.96,50.67,44.73,11.42,10.3,19.91,37.69,50.99,65.61,46.84,40.52,64.18,76.06,72.98,58.98,51.43,12.14,9.9,16.09,36.83,55.16,52.47,45.56,1.73,1.97,1.76,0.97,1.71,0.9,0.18,0.0,0.1,0.04,1.13,0.7,0.93,2.47,0.64,1.53,1.04,0.2,1.31,0.06,0.39,0.8,0.02,1.04,1.98,0.96,2.57,1.55,1.87,0.75,1.28,1.37,0.05,0.0,0.67,0.31,1.0,0.56,1.0,0.49,0.93,1.92,2.14,1.27,2.0,0.23,0.2,0.42,0.84,1.03,1.58,1.09
38.0,36.0,8.77,12.71,13.37,19.88,23.8,26.96,28.78,27.09,21.04,16.23,10.25,7.3,18.02,8.95,14.56,14.63,18.66,26.34,27.99,28.42,23.9,20.13,15.38,9.52,7.68,18.01,9.13,12.6,14.27,20.46,22.11,25.18,30.0,25.73,21.43,14.84,8.88,6.86,17.62,9.06,14.2,11.83,17.4,22.4,24.13,29.44,26.47,21.84,14.21,9.24,7.24,17.29,0.54,0.59,0.47,0.56,0.6,0.65,0.71,0.74,0.69,0.69,0.59,0.5,0.62,0.55,0.67,0.51,0.53,0.66,0.67,0.7,0.65,0.66,0.65,0.54,0.52,0.62,0.56,0.59,0.5,0.58,0.56,0.61,0.74,0.7,0.7,0.63,0.5,0.47,0.61,0.56,0.66,0.42,0.5,0.56,0.58,0.73,0.72,0.71,0.6,0.52,0.49,0.6,73.88,75.77,70.14,63.03,49.25,35.83,16.3,10.04,18.49,21.83,40.15,55.1,44.15,72.1,47.84,64.71,70.73,37.97,31.18,19.98,26.22,24.99,29.57,49.08,62.17,44.71,72.36,74.63,72.49,57.55,53.45,44.71,11.21,13.41,20.54,37.27,54.68,64.24,48.04,46.8,62.48,83.22,75.0,58.74,50.32,13.62,12.07,17.1,41.96,57.43,57.79,48.04,2.2,2.54,2.5,1.2,1.51,0.7,0.07,0.03,0.11,0.05,1.4,0.92,1.1,3.4,0.7,1.67,1.24,0.42,0.71,0.08,0.31,0.57,0.11,0.89,2.31,1.03,3.21,1.24,2.6,0.59,1.22,1.01,0.01,0.09,0.76,0.59,1.95,0.79,1.17,0.74,1.25,2.99,1.91,1.25,1.28,0.15,0.23,0.47,1.07,1.93,1.99,1.27
38.0,37.0,8.08,12.33,13.47,20.04,24.37,27.88,28.68,27.27,20.8,16.24,9.97,6.96,18.01,8.45,13.74,14.71,19.19,27.44,29.15,28.7,24.61,20.92,15.44,9.51,7.35,18.27,8.33,12.39,14.64,20.68,23.19,26.38,30.49,25.88,21.25,15.0,8.49,6.73,17.79,8.73,13.81,11.87,17.91,23.42,25.64,29.84,26.5,22.06,14.04,9.41,7.17,17.53,0.5,0.57,0.47,0.57,0.61,0.67,0.71,0.75,0.68,0.69,0.57,0.47,0.62,0.52,0.64,0.52,0.55,0.69,0.7,0.71,0.67,0.68,0.65,0.54,0.5,0.63,0.51,0.58,0.51,0.59,0.58,0.63,0.75,0.71,0.69,0.63,0.48,0.46,0.62,0.54,0.64,0.42,0.51,0.59,0.62,0.74,0.72,0.72,0.59,0.53,0.49,0.61,72.75,77.11,66.48,59.99,47.2,30.67,15.75,7.88,18.68,20.9,40.73,56.68,42.9,70.34,51.99,58.03,64.94,34.04,24.59,15.38,23.87,20.56,28.11,47.53,59.29,41.56,73.02,73.35,70.91,55.18,48.55,36.73,5.63,11.61,18.82,36.69,55.92,64.56,45.91,52.38,58.17,81.76,71.55,54.75,41.55,9.98,10.17,15.81,45.06,52.56,56.72,45.87,2.25,2.17,2.86,1.31,1.21,0.48,0.04,0.02,0.07,0.03,1.83,1.11,1.12,3.49,0.53,1.61,0.85,0.29,0.41,0.05,0.21,0.36,0.16,0.71,1.8,0.87,2.77,1.07,2.58,0.6,1.51,0.74,0.0,0.07,0.53,0.5,2.4,0.76,1.13,0.84,1.41,3.88,1.88,1.15,0.94,0.07,0.2,0.32,0.83,2.43,2.36,1.36
38.0,38.0,6.92,10.08,13.51,20.12,24.31,28.26,28.42,27.16,20.67,16.12,9.67,6.6,17.65,7.35,12.55,15.36,19.79,27.97,29.75,28.38,24.67,21.27,15.59,9.38,6.9,18.25,5.25,11.11,14.23,21.05,23.89,27.18,30.06,25.85,20.97,14.91,8.26,6.9,17.47,7.02,12.66,12.01,18.03,23.31,26.84,29.76,26.31,21.98,14.12,8.98,6.8,17.32,0.43,0.47,0.47,0.57,0.61,0.68,0.7,0.74,0.68,0.68,0.55,0.45,0.61,0.45,0.58,0.54,0.56,0.7,0.72,0.7,0.67,0.69,0.66,0.53,0.47,0.63,0.32,0.52,0.5,0.6,0.6,0.65,0.74,0.71,0.68,0.63,0.47,0.47,0.61,0.43,0.59,0.42,0.51,0.59,0.65,0.73,0.72,0.72,0.59,0.51,0.46,0.6,65.07,77.43,65.14,59.03,48.24,29.03,14.58,4.81,16.92,20.02,42.44,61.51,42.02,76.59,51.79,57.22,61.87,33.05,20.22,12.77,23.75,17.72,27.78,48.19,61.57,41.04,75.87,66.64,71.91,53.7,43.98,31.28,4.11,10.15,19.32,36.86,55.74,63.98,44.46,70.37,56.95,79.81,73.53,53.5,35.79,8.12,8.76,12.98,45.48,54.02,59.19,46.54,2.98,1.8,3.15,1.47,1.08,0.19,0.02,0.0,0.01,0.01,2.79,1.64,1.26,3.6,0.28,1.53,0.3,0.09,0.04,0.01,0.09,0.04,0.39,0.62,1.42,0.7,2.9,0.99,2.77,0.95,2.01,0.34,0.0,0.0,0.17,0.29,3.49,0.61,1.21,0.93,1.78,6.26,2.56,1.14,0.6,0.01,0.23,0.04,0.38,4.12,3.63,1.81
38.0,39.0,7.0,8.6,13.23,19.52,24.07,28.58,28.24,27.14,20.69,16.06,9.41,7.15,17.47,7.04,12.66,15.1,20.28,28.16,30.37,28.61,24.4,21.52,15.49,9.09,6.86,18.3,5.62,10.61,14.06,21.32,24.39,27.92,30.08,26.02,21.22,14.78,8.27,7.01,17.61,7.8,11.96,12.08,18.22,23.71,27.53,29.72,26.22,21.86,14.01,8.84,6.88,17.4,0.43,0.4,0.46,0.55,0.61,0.69,0.7,0.74,0.68,0.68,0.54,0.49,0.61,0.43,0.59,0.53,0.58,0.71,0.73,0.71,0.67,0.7,0.66,0.52,0.47,0.63,0.35,0.49,0.49,0.61,0.61,0.67,0.74,0.71,0.69,0.62,0.47,0.48,0.61,0.48,0.56,0.42,0.52,0.6,0.66,0.73,0.71,0.71,0.59,0.5,0.47,0.6,70.31,77.74,65.61,60.62,47.33,28.37,13.88,4.21,15.64,19.82,41.85,54.55,41.66,71.42,49.68,58.1,60.08,28.57,12.87,11.27,21.97,14.6,29.4,48.0,58.74,38.72,74.17,65.53,71.18,53.13,41.59,26.1,2.97,8.27,16.11,37.98,54.55,58.45,42.5,60.47,57.77,81.33,70.07,50.81,30.18,7.04,9.98,11.05,44.79,54.96,58.63,44.76,2.85,1.73,3.34,1.88,1.34,0.14,0.04,0.0,0.01,0.03,2.62,1.59,1.3,3.02,0.3,1.51,0.24,0.08,0.02,0.01,0.14,0.07,0.63,0.73,1.24,0.67,2.59,0.99,2.9,0.92,2.22,0.31,0.0,0.0,0.08,0.36,3.32,0.61,1.19,0.89,1.81,6.3,2.59,1.27,0.44,0.06,0.2,0.04,0.4,3.82,3.14,1.75
38.0,40.0,7.44,8.95,12.5,18.99,23.94,28.5,27.62,26.63,20.76,16.08,9.32,7.24,17.33,7.77,11.91,14.35,20.56,27.7,30.54,27.86,24.22,21.44,15.2,9.35,6.81,18.14,6.8,11.31,11.8,21.26,23.82,27.74,29.62,25.99,20.69,14.61,8.45,7.63,17.48,8.88,11.66,11.28,17.58,23.49,27.08,29.29,25.76,21.33,13.92,8.64,6.78,17.14,0.46,0.42,0.44,0.54,0.6,0.69,0.68,0.73,0.68,0.68,0.53,0.49,0.6,0.48,0.55,0.5,0.58,0.7,0.73,0.69,0.66,0.7,0.64,0.53,0.46,0.63,0.42,0.53,0.41,0.6,0.6,0.67,0.73,0.71,0.67,0.62,0.48,0.52,0.61,0.55,0.54,0.4,0.5,0.59,0.65,0.72,0.7,0.69,0.59,0.49,0.46,0.59,66.89,77.83,69.06,63.36,49.47,31.59,24.57,10.52,16.71,22.63,42.8,50.16,43.8,67.82,55.72,64.05,61.9,33.35,15.82,20.33,26.97,16.35,32.46,48.18,59.63,41.88,72.1,65.11,74.84,58.37,44.73,28.6,7.64,10.56,18.23,41.72,53.06,50.83,43.82,46.02,57.82,85.15,74.17,53.43,32.71,12.19,13.24,15.83,45.53,56.35,60.11,46.05,2.77,2.3,4.74,3.05,2.05,0.06,0.06,0.0,0.01,0.02,1.75,1.17,1.5,2.27,0.77,1.81,0.24,0.09,0.01,0.01,0.12,0.08,0.89,0.8,0.98,0.67,2.13,1.24,3.3,0.74,2.43,0.3,0.0,0.0,0.04,0.52,2.71,0.29,1.14,1.15,2.17,4.53,2.39,1.2,0.17,0.09,0.08,0.33,0.67,3.89,2.53,1.6
38.0,41.0,7.3,9.81,11.94,18.35,23.58,28.45,27.59,26.54,21.2,16.31,9.19,6.92,17.26,8.02,10.9,12.98,20.48,27.3,31.06,28.47,24.74,21.63,14.9,9.45,6.62,18.04,7.16,11.78,12.89,20.84,23.3,28.22,29.88,26.28,20.76,14.46,8.62,8.19,17.7,8.79,11.7,10.76,16.38,22.76,27.15,29.3,25.88,21.0,13.36,8.82,6.76,16.89,0.45,0.46,0.42,0.52,0.59,0.68,0.68,0.73,0.69,0.69,0.53,0.47,0.6,0.49,0.51,0.45,0.58,0.69,0.75,0.7,0.68,0.71,0.63,0.54,0.45,0.63,0.44,0.55,0.45,0.59,0.59,0.68,0.74,0.72,0.68,0.61,0.49,0.56,0.61,0.54,0.54,0.38,0.47,0.57,0.65,0.72,0.71,0.68,0.56,0.5,0.46,0.58,72.91,81.62,75.18,67.32,51.25,28.29,25.24,12.73,13.65,19.58,47.18,59.55,46.21,70.55,66.16,73.44,62.85,32.05,11.25,18.51,26.53,13.64,33.93,51.16,69.98,44.17,78.64,70.51,80.03,60.19,46.75,26.56,7.29,9.9,15.28,42.04,53.96,51.14,45.19,50.2,64.53,86.35,75.57,56.84,33.52,12.37,14.46,17.11,47.71,58.92,65.91,48.62,2.51,2.77,4.89,3.41,2.24,0.16,0.12,0.04,0.01,0.0,1.31,1.09,1.55,2.47,1.05,2.77,0.29,0.16,0.01,0.01,0.12,0.11,0.68,0.76,1.15,0.8,2.18,1.42,4.2,0.61,1.93,0.18,0.01,0.0,0.1,0.89,2.46,0.1,1.17,1.78,2.44,2.69,2.12,1.08,0.1,0.04,0.11,0.37,1.06,4.01,2.4,1.52
38.0,42.0,7.68,9.16,12.42,17.32,23.2,28.27,26.84,26.17,21.35,16.41,9.14,7.36,17.11,8.16,11.84,13.5,19.46,26.87,31.15,28.03,24.75,21.7,14.6,9.7,6.4,18.01,7.63,12.44,12.65,20.32,22.85,28.09,29.88,26.44,21.01,14.08,9.09,7.95,17.7,8.62,12.01,12.99,17.3,21.92,27.14,29.18,25.93,20.44,13.06,8.9,7.63,17.09,0.47,0.43,0.43,0.49,0.58,0.68,0.66,0.72,0.7,0.7,0.52,0.5,0.59,0.5,0.55,0.47,0.55,0.68,0.75,0.69,0.68,0.71,0.62,0.55,0.44,0.62,0.47,0.58,0.44,0.58,0.57,0.68,0.74,0.72,0.69,0.59,0.52,0.54,0.61,0.53,0.56,0.46,0.49,0.55,0.65,0.72,0.71,0.67,0.55,0.5,0.52,0.59,77.34,84.21,80.46,72.52,52.62,28.73,31.25,16.75,16.49,22.48,53.45,63.2,49.96,73.54,69.78,81.55,66.2,35.39,13.99,20.78,25.64,17.17,36.79,50.7,67.63,46.6,79.49,77.38,86.39,68.36,54.76,27.38,11.86,14.77,20.18,40.9,54.15,56.0,49.3,54.56,73.52,85.54,75.98,60.62,35.69,15.54,18.32,24.38,50.34,58.69,62.16,51.28,2.21,2.54,4.63,3.72,1.84,0.19,0.17,0.09,0.01,0.01,1.36,1.09,1.49,2.38,1.28,3.07,0.37,0.22,0.0,0.02,0.15,0.15,0.73,0.74,1.2,0.86,2.44,1.24,3.79,0.46,1.63,0.14,0.01,0.0,0.09,1.17,2.51,0.11,1.13,1.4,2.32,2.28,2.17,1.14,0.08,0.02,0.14,0.31,1.43,3.63,2.33,1.44
38.0,43.0,9.06,10.34,13.78,18.36,24.37,28.96,26.47,26.1,21.64,16.3,9.31,8.34,17.75,9.31,13.31,15.69,20.74,26.86,31.63,28.08,24.81,22.18,15.0,10.21,8.69,18.88,10.0,13.71,16.37,20.58,23.56,28.84,29.13,26.25,21.71,14.2,9.64,8.16,18.51,10.16,12.37,14.66,18.7,22.73,27.25,28.72,25.74,20.68,13.44,8.85,7.72,17.59,0.56,0.48,0.48,0.52,0.61,0.7,0.65,0.71,0.71,0.69,0.53,0.57,0.62,0.57,0.62,0.55,0.59,0.68,0.76,0.69,0.68,0.72,0.64,0.58,0.59,0.65,0.61,0.64,0.57,0.59,0.59,0.69,0.72,0.72,0.71,0.6,0.55,0.56,0.64,0.63,0.58,0.52,0.53,0.57,0.66,0.71,0.7,0.67,0.57,0.5,0.53,0.61,75.79,83.78,81.02,73.82,48.69,27.45,33.54,17.96,17.96,26.67,56.32,62.92,50.49,72.43,69.3,80.72,66.52,37.94,14.06,21.44,25.92,18.19,36.42,48.12,66.81,46.49,79.38,75.58,85.42,68.78,54.8,26.12,13.47,14.29,17.93,39.14,51.51,60.67,48.92,54.19,73.8,78.51,70.46,58.0,30.32,15.17,17.67,23.35,48.63,55.65,59.75,48.79,1.58,2.46,3.66,2.7,1.12,0.28,0.32,0.19,0.0,0.13,1.36,1.02,1.24,1.42,1.21,2.4,0.42,0.48,0.0,0.08,0.07,0.16,1.38,0.74,1.46,0.82,2.63,0.89,2.24,0.59,1.65,0.2,0.0,0.0,0.03,1.16,2.19,0.21,0.98,0.82,1.66,1.96,2.55,1.58,0.15,0.01,0.13,0.33,2.15,2.64,1.99,1.33
38.0,44.0,9.87,12.94,13.2,17.27,23.69,27.23,24.93,24.81,20.78,15.3,8.6,8.64,17.27,10.22,13.16,14.63,20.11,24.7,30.13,25.78,24.23,21.7,14.38,9.86,8.41,18.11,9.58,13.76,13.85,19.59,21.89,26.81,28.26,25.77,21.48,13.88,9.47,7.01,17.61,9.88,13.73,13.8,18.2,21.09,25.84,27.18,25.17,19.47,13.06,9.01,7.59,17.0,0.61,0.6,0.46,0.49,0.6,0.66,0.62,0.68,0.68,0.65,0.49,0.59,0.6,0.63,0.61,0.51,0.57,0.62,0.73,0.64,0.66,0.71,0.61,0.56,0.57,0.63,0.59,0.64,0.49,0.56,0.55,0.65,0.7,0.7,0.7,0.59,0.54,0.48,0.61,0.61,0.64,0.49,0.52,0.53,0.62,0.67,0.69,0.63,0.55,0.51,0.52,0.59,64.92,75.15,75.39,72.7,49.76,31.49,42.67,23.27,19.19,27.65,62.75,67.36,51.03,60.69,57.03,68.18,64.32,42.93,16.42,33.78,28.31,14.46,37.81,54.5,58.78,44.77,65.56,64.95,74.26,62.94,59.41,31.74,19.2,15.31,16.69,43.18,52.2,66.22,47.64,53.15,65.0,76.87,69.13,64.23,44.49,24.21,20.0,31.41,53.13,55.33,59.13,51.34,1.34,2.36,3.66,2.45,1.29,0.25,0.41,0.22,0.0,0.2,1.66,0.81,1.22,1.14,1.28,2.18,0.55,0.72,0.0,0.13,0.25,0.09,1.21,0.62,1.53,0.81,1.87,0.89,1.78,0.87,1.63,0.24,0.05,0.0,0.03,0.98,1.81,0.19,0.86,0.63,1.39,1.99,2.8,1.62,0.3,0.03,0.07,0.19,1.71,2.18,1.69,1.22
39.0,27.0,6.88,10.19,13.5,19.19,22.85,24.55,27.8,25.47,18.46,12.59,8.7,5.56,16.31,6.35,10.73,12.92,17.38,24.89,25.26,27.09,25.05,18.85,12.39,8.18,5.4,16.21,7.61,9.19,12.2,19.77,25.43,24.78,28.69,22.64,19.27,12.61,8.29,5.95,16.37,6.64,10.34,12.08,16.34,18.06,24.15,28.6,22.86,18.57,13.41,7.39,6.13,15.38,0.44,0.49,0.48,0.55,0.58,0.59,0.69,0.7,0.61,0.55,0.51,0.4,0.57,0.4,0.51,0.46,0.5,0.63,0.61,0.67,0.69,0.62,0.54,0.48,0.38,0.57,0.49,0.44,0.43,0.57,0.64,0.6,0.71,0.62,0.64,0.54,0.49,0.42,0.57,0.42,0.49,0.43,0.47,0.46,0.58,0.71,0.63,0.61,0.58,0.43,0.44,0.54,64.36,62.24,63.77,56.53,56.73,39.88,18.8,12.01,31.82,43.25,49.71,69.66,47.4,77.55,59.38,64.77,63.16,41.67,33.41,18.58,12.12,34.54,48.84,60.81,74.21,49.09,65.2,63.39,71.75,50.4,37.69,39.65,10.8,28.75,23.54,40.46,59.34,64.67,46.3,64.09,56.83,72.05,70.83,73.76,41.52,7.84,27.17,36.27,40.02,67.18,65.26,51.9,1.0,2.68,1.15,1.39,1.88,1.07,0.03,0.01,0.03,1.54,0.15,5.25,1.35,6.01,3.06,3.14,1.46,0.29,0.69,0.04,0.0,0.07,1.33,2.24,5.95,2.02,1.66,4.03,1.39,0.64,0.13,0.34,0.13,0.29,0.08,0.0,2.47,1.99,1.1,3.86,0.51,3.58,2.71,0.86,1.59,0.01,0.03,0.29,0.14,5.14,3.08,1.82
39.0,28.0,7.41,9.73,13.3,19.18,22.31,24.51,27.98,25.59,18.76,12.99,9.67,6.17,16.47,6.68,10.34,12.31,16.99,24.67,24.35,26.93,25.33,18.69,13.47,8.75,5.7,16.19,7.28,8.89,12.11,19.23,25.42,24.19,28.8,22.95,19.38,12.91,8.76,6.09,16.33,7.0,9.83,11.69,15.66,17.5,23.83,28.5,23.53,19.23,13.54,7.14,6.42,15.32,0.48,0.46,0.47,0.55,0.56,0.59,0.69,0.7,0.62,0.56,0.57,0.44,0.58,0.43,0.49,0.44,0.49,0.62,0.59,0.67,0.7,0.62,0.58,0.52,0.41,0.57,0.46,0.42,0.43,0.55,0.64,0.58,0.71,0.63,0.64,0.56,0.52,0.43,0.57,0.45,0.47,0.42,0.45,0.44,0.57,0.7,0.64,0.63,0.58,0.42,0.46,0.54,58.31,66.92,63.98,57.01,57.63,42.2,17.71,10.66,27.1,42.54,40.47,68.36,46.07,77.25,60.07,68.49,67.84,42.18,37.45,18.2,8.32,36.03,39.74,55.4,72.23,48.6,67.06,65.89,71.26,52.41,37.87,47.25,9.59,25.94,22.74,38.97,56.26,64.2,46.62,61.54,60.26,74.24,72.16,77.65,44.47,10.8,26.27,31.23,39.5,68.18,63.05,52.45,1.5,2.79,1.14,1.55,1.7,1.14,0.17,0.03,0.08,1.4,0.32,2.65,1.21,5.4,3.38,3.45,1.77,0.38,1.25,0.06,0.0,0.15,1.36,2.19,4.31,1.98,1.38,3.89,0.87,1.11,0.28,0.8,0.42,0.96,0.13,0.06,2.0,2.04,1.16,3.91,0.69,2.35,2.97,1.73,2.34,0.09,0.05,0.36,0.36,5.69,2.32,1.9
39.0,29.0,7.62,10.05,13.94,19.85,21.5,24.27,27.93,25.47,18.76,13.34,9.71,6.7,16.6,6.7,10.9,12.13,16.72,24.69,22.88,26.26,25.12,17.85,13.92,9.04,5.78,16.0,7.42,10.02,12.68,19.26,24.55,23.26,28.69,22.27,19.29,13.05,9.18,6.42,16.34,7.74,9.89,11.62,15.24,17.48,23.51,27.89,24.19,19.2,13.71,7.0,6.81,15.36,0.49,0.48,0.49,0.57,0.54,0.58,0.69,0.7,0.62,0.58,0.57,0.48,0.58,0.43,0.52,0.43,0.48,0.62,0.55,0.65,0.69,0.59,0.6,0.53,0.41,0.56,0.47,0.48,0.45,0.55,0.62,0.56,0.71,0.61,0.64,0.56,0.54,0.46,0.57,0.49,0.47,0.41,0.44,0.44,0.57,0.69,0.66,0.63,0.59,0.41,0.48,0.54,63.28,69.36,66.45,57.26,60.75,47.38,19.42,13.19,28.99,42.99,39.07,64.93,47.76,78.52,57.77,71.18,72.6,45.15,47.9,24.74,14.29,42.09,36.32,52.28,73.31,51.35,70.3,67.46,72.26,56.52,43.96,53.47,11.79,33.16,25.49,39.69,54.93,64.11,49.43,55.63,62.99,75.32,77.35,79.55,51.34,15.31,24.02,32.58,40.88,71.35,63.38,54.14,1.79,2.58,1.2,1.23,1.95,1.58,0.14,0.11,0.4,1.89,0.47,1.33,1.22,4.3,2.08,2.9,1.49,0.47,1.72,0.29,0.01,0.49,1.1,2.01,3.54,1.7,1.58,3.29,1.22,1.08,0.54,1.81,0.53,1.21,0.23,0.43,1.37,1.44,1.23,2.54,0.88,2.23,2.68,3.12,2.38,0.22,0.16,0.55,0.48,4.97,1.7,1.83
39.0,30.0,8.28,10.27,14.12,19.96,22.1,24.53,28.33,25.54,19.16,13.58,9.79,6.87,16.88,6.75,10.99,12.72,16.93,24.81,23.4,26.62,25.14,17.72,14.08,9.12,6.35,16.22,7.16,10.06,12.74,19.57,24.32,23.37,28.71,22.88,19.76,12.59,9.38,6.33,16.41,8.0,9.76,11.72,16.19,18.65,23.8,27.71,24.84,19.49,13.81,7.43,6.85,15.69,0.53,0.49,0.5,0.57,0.56,0.59,0.7,0.7,0.64,0.59,0.58,0.49,0.59,0.43,0.52,0.45,0.48,0.63,0.56,0.66,0.69,0.59,0.61,0.54,0.45,0.57,0.46,0.48,0.45,0.56,0.61,0.56,0.71,0.63,0.65,0.54,0.55,0.45,0.58,0.51,0.47,0.42,0.46,0.47,0.57,0.68,0.68,0.64,0.6,0.44,0.49,0.55,69.63,68.7,67.39,57.36,58.14,48.76,17.9,13.81,27.19,41.56,39.1,62.18,47.64,77.32,53.92,71.22,73.23,43.51,47.05,24.79,14.39,42.79,35.24,51.54,68.08,50.26,70.06,68.59,71.97,56.9,43.91,54.32,13.45,35.73,22.53,43.12,51.83,67.33,49.98,55.19,64.84,73.81,76.12,77.17,51.6,15.53,20.28,31.62,40.91,68.64,61.98,53.14,1.91,2.15,1.09,0.84,2.29,2.56,0.06,0.16,0.49,2.18,0.31,0.54,1.21,2.57,0.83,2.19,1.26,0.53,2.54,0.5,0.02,1.09,0.55,1.95,2.31,1.36,1.48,2.28,1.29,0.78,0.84,2.96,0.27,1.05,0.15,0.9,0.58,0.64,1.1,1.06,0.63,2.34,2.06,4.74,2.15,0.32,0.28,0.95,0.33,3.09,1.19,1.6
39.0,31.0,7.76,9.82,15.09,20.27,22.86,25.35,28.64,24.92,19.35,13.7,10.05,6.92,17.06,6.83,11.63,13.34,17.52,25.26,23.79,26.92,24.97,18.13,14.56,9.28,6.35,16.55,6.68,9.69,14.28,19.92,24.49,24.22,28.41,23.31,20.02,12.55,9.5,6.13,16.6,8.39,10.33,13.18,17.21,20.66,24.5,27.96,25.14,19.8,13.85,7.76,7.05,16.32,0.5,0.47,0.54,0.58,0.58,0.61,0.71,0.69,0.64,0.6,0.59,0.49,0.6,0.43,0.55,0.47,0.5,0.64,0.57,0.67,0.69,0.6,0.63,0.55,0.45,0.58,0.43,0.46,0.51,0.57,0.62,0.58,0.7,0.64,0.66,0.54,0.56,0.44,0.58,0.54,0.49,0.47,0.49,0.52,0.59,0.69,0.69,0.65,0.6,0.46,0.5,0.57,63.61,69.7,63.36,56.6,55.38,46.09,12.56,16.32,21.72,40.11,35.58,62.03,45.26,76.16,48.45,68.48,72.46,39.87,47.95,22.3,13.41,38.84,30.86,49.65,68.03,48.04,66.92,68.57,64.01,57.12,42.88,54.41,15.75,32.21,20.67,40.7,47.83,70.73,48.48,52.78,64.34,69.98,74.83,70.5,49.05,14.87,16.08,27.99,39.91,67.03,60.96,50.69,1.68,1.94,0.97,0.76,2.14,2.53,0.06,0.12,0.39,1.67,0.22,0.43,1.08,1.86,0.51,1.89,1.11,0.46,2.67,0.51,0.06,1.15,0.31,1.82,1.87,1.19,1.39,1.88,1.2,0.56,0.84,2.98,0.27,0.77,0.11,0.89,0.41,0.5,0.98,0.69,0.46,2.25,1.76,4.61,2.17,0.26,0.26,0.98,0.22,2.26,1.0,1.41
39.0,32.0,7.58,9.34,15.29,20.44,24.08,26.06,28.76,25.58,19.91,14.27,10.12,6.82,17.35,6.54,12.15,13.83,17.85,25.97,24.57,27.89,24.91,18.7,14.68,9.57,6.43,16.92,6.61,9.34,14.4,20.52,24.04,24.12,28.5,23.82,20.34,12.86,9.58,6.13,16.69,8.58,9.82,12.98,17.74,21.06,24.2,28.46,25.72,20.12,13.98,8.13,7.26,16.5,0.49,0.45,0.54,0.58,0.61,0.63,0.71,0.7,0.66,0.62,0.6,0.49,0.61,0.42,0.58,0.49,0.51,0.65,0.59,0.69,0.68,0.62,0.64,0.56,0.46,0.59,0.42,0.45,0.51,0.59,0.61,0.58,0.7,0.65,0.67,0.56,0.56,0.44,0.58,0.55,0.47,0.46,0.51,0.53,0.58,0.7,0.7,0.66,0.6,0.48,0.52,0.58,60.35,71.53,60.61,55.33,50.6,44.1,11.81,14.39,18.25,35.73,35.34,63.21,43.44,75.63,46.16,67.54,74.17,39.12,49.74,18.7,16.15,34.72,30.36,49.75,65.95,47.33,66.99,71.91,65.0,55.21,43.3,56.14,15.35,27.95,20.55,40.29,48.04,66.81,48.13,50.07,67.43,69.29,73.47,68.37,50.26,12.74,11.68,24.29,38.06,65.8,58.55,49.17,1.26,1.79,0.92,0.8,1.69,1.76,0.06,0.04,0.27,0.93,0.28,0.48,0.86,1.5,0.4,1.78,0.88,0.33,2.05,0.61,0.18,0.85,0.18,1.36,1.79,0.99,1.48,1.65,1.17,0.27,0.7,2.39,0.5,0.47,0.2,0.66,0.39,0.56,0.87,0.38,0.58,1.92,1.5,3.26,2.24,0.18,0.1,0.71,0.28,1.9,0.84,1.16
39.0,33.0,7.68,9.11,15.17,20.69,24.32,26.07,28.86,26.03,19.71,14.52,10.11,6.87,17.43,6.88,12.29,13.79,17.99,25.78,24.53,27.94,24.31,18.7,14.54,9.3,6.44,16.87,6.24,10.58,14.22,20.62,23.33,24.54,28.31,24.06,20.35,13.19,9.58,6.25,16.77,8.35,9.68,12.6,18.31,21.43,23.88,28.79,26.08,20.33,13.83,8.34,7.16,16.56,0.49,0.43,0.54,0.59,0.61,0.63,0.71,0.72,0.65,0.63,0.6,0.49,0.61,0.44,0.58,0.49,0.51,0.65,0.59,0.69,0.67,0.62,0.63,0.55,0.46,0.59,0.4,0.5,0.51,0.59,0.59,0.59,0.7,0.66,0.67,0.57,0.56,0.44,0.59,0.53,0.46,0.45,0.52,0.54,0.57,0.71,0.71,0.67,0.6,0.49,0.51,0.58,59.57,73.48,59.13,52.9,50.17,45.92,11.36,12.86,18.6,35.11,35.51,62.15,43.06,72.88,45.27,68.56,73.06,39.12,48.24,19.01,18.83,32.67,29.83,50.47,61.85,46.65,69.21,74.48,70.2,54.93,46.82,49.61,16.41,23.99,22.75,43.01,47.46,68.61,48.96,55.37,68.04,70.91,73.24,67.32,52.11,13.66,9.24,20.25,39.75,64.67,58.14,49.39,1.12,1.81,0.85,0.88,1.39,1.49,0.15,0.0,0.23,0.53,0.47,0.53,0.79,1.4,0.37,2.15,0.79,0.29,1.45,0.49,0.25,0.91,0.11,1.19,1.96,0.95,1.71,1.5,1.32,0.23,1.05,1.84,0.32,0.19,0.32,0.38,0.37,0.8,0.84,0.42,0.5,2.23,1.62,1.98,2.02,0.15,0.01,0.56,0.49,1.85,0.88,1.06
39.0,34.0,7.21,8.58,14.32,20.26,24.3,26.2,28.94,26.37,19.95,14.91,10.11,7.08,17.35,7.34,12.2,13.5,17.86,25.5,25.26,28.0,23.66,18.7,14.55,9.13,6.79,16.87,6.89,10.58,14.02,20.67,22.74,24.72,28.16,24.67,20.48,13.49,9.19,6.31,16.83,8.71,9.1,12.87,18.24,21.83,23.76,28.89,26.23,20.9,13.62,8.78,7.34,16.69,0.46,0.41,0.51,0.58,0.61,0.63,0.72,0.73,0.66,0.65,0.6,0.5,0.61,0.47,0.58,0.48,0.51,0.64,0.61,0.69,0.65,0.62,0.63,0.54,0.48,0.59,0.44,0.5,0.5,0.59,0.57,0.59,0.7,0.68,0.68,0.58,0.54,0.45,0.59,0.56,0.43,0.46,0.52,0.55,0.57,0.71,0.72,0.69,0.59,0.52,0.52,0.58,64.71,75.16,61.3,54.36,49.91,45.44,12.15,10.91,18.07,31.34,36.63,58.6,43.21,71.38,46.11,67.56,72.48,41.21,44.68,19.08,23.11,34.12,32.42,49.62,60.02,46.82,69.33,76.9,70.7,57.6,49.9,47.04,17.79,16.41,25.2,44.32,50.5,66.9,49.38,50.64,69.31,73.43,74.61,65.29,50.8,12.82,8.93,18.94,43.94,61.7,56.88,48.94,1.16,1.89,0.87,0.92,1.41,1.52,0.2,0.0,0.23,0.46,0.54,0.56,0.81,1.51,0.39,2.32,0.85,0.31,1.42,0.36,0.28,0.96,0.1,1.22,1.97,0.97,1.83,1.47,1.44,0.29,1.23,1.82,0.25,0.15,0.37,0.32,0.4,0.88,0.87,0.49,0.49,2.43,1.78,1.72,2.03,0.14,0.02,0.57,0.57,1.86,0.95,1.09
39.0,35.0,6.81,9.98,13.84,19.79,24.08,26.16,28.9,26.72,20.31,15.19,9.9,7.12,17.4,7.62,12.36,13.17,17.14,25.13,25.8,27.52,23.29,18.56,14.35,8.87,7.12,16.74,6.54,10.84,12.81,19.93,22.45,25.09,28.13,25.4,20.44,13.82,9.02,6.36,16.74,9.12,11.22,12.56,17.34,22.38,23.49,28.79,26.37,21.18,13.52,8.76,7.22,16.83,0.44,0.48,0.49,0.57,0.61,0.63,0.72,0.74,0.67,0.66,0.59,0.51,0.61,0.49,0.59,0.47,0.49,0.63,0.62,0.68,0.64,0.61,0.62,0.52,0.51,0.59,0.42,0.52,0.46,0.57,0.57,0.6,0.7,0.7,0.67,0.6,0.53,0.45,0.59,0.58,0.54,0.45,0.5,0.56,0.56,0.71,0.72,0.7,0.58,0.51,0.51,0.59,67.27,74.31,65.07,57.23,50.07,44.08,13.95,9.32,18.87,27.55,37.39,58.2,43.61,72.91,49.13,67.21,73.12,41.5,39.8,22.64,25.6,34.44,32.31,50.6,61.28,47.54,72.13,77.36,73.1,59.62,52.31,47.72,20.63,13.41,24.32,43.79,54.53,67.04,50.5,45.37,68.25,77.29,77.53,62.81,52.63,12.95,10.06,18.7,46.22,63.84,57.35,49.42,1.3,2.33,1.58,1.14,1.66,1.59,0.27,0.01,0.21,0.16,0.65,0.72,0.97,2.1,0.59,2.41,1.63,0.68,1.73,0.17,0.51,0.95,0.06,1.24,1.53,1.13,2.4,1.15,2.04,0.68,1.72,1.84,0.04,0.01,0.95,0.62,0.67,0.99,1.09,0.57,0.79,2.54,2.51,1.24,2.47,0.14,0.1,0.67,0.96,1.57,1.15,1.23
39.0,36.0,7.07,12.18,13.17,19.41,23.24,25.72,28.59,26.25,20.25,15.5,9.88,6.8,17.34,8.06,13.3,12.77,17.04,25.14,26.53,27.26,23.04,18.31,13.92,8.89,6.92,16.77,7.74,12.02,13.64,19.23,21.32,24.68,27.9,25.23,19.92,14.0,8.54,6.3,16.71,8.8,13.11,11.94,16.49,21.66,23.36,28.48,26.21,21.21,13.3,8.7,6.94,16.68,0.45,0.58,0.47,0.55,0.59,0.62,0.71,0.72,0.67,0.67,0.58,0.48,0.61,0.51,0.63,0.45,0.49,0.63,0.64,0.67,0.63,0.61,0.6,0.52,0.49,0.59,0.49,0.57,0.49,0.55,0.54,0.59,0.69,0.69,0.66,0.6,0.5,0.45,0.59,0.56,0.63,0.43,0.47,0.55,0.56,0.7,0.72,0.7,0.57,0.51,0.49,0.58,70.72,74.67,70.47,60.87,53.17,45.77,18.77,13.85,23.48,26.8,37.98,63.47,46.67,76.28,48.98,68.52,75.84,42.72,36.89,26.85,31.88,35.17,36.59,50.34,64.87,49.58,73.83,79.56,75.97,64.1,57.11,51.98,23.96,17.12,31.4,45.12,56.22,70.0,53.86,48.71,68.47,82.73,78.67,65.44,55.49,18.05,11.38,23.19,49.83,66.51,60.6,52.42,1.23,2.41,1.77,0.95,1.29,0.81,0.07,0.01,0.1,0.16,0.81,0.8,0.87,2.23,0.57,1.77,1.02,0.87,1.17,0.14,0.26,0.59,0.16,0.81,0.81,0.87,1.79,0.78,1.7,0.68,1.71,1.54,0.01,0.02,1.06,0.83,1.3,0.73,1.01,0.41,0.99,2.78,2.49,1.51,1.94,0.33,0.17,0.43,0.91,1.54,1.42,1.24
39.0,37.0,7.73,11.6,13.15,19.27,23.14,26.15,28.57,26.45,20.21,15.67,9.72,6.4,17.34,7.72,13.91,13.63,17.23,26.03,27.84,27.81,23.39,19.35,14.12,8.78,6.89,17.22,8.08,11.95,17.65,19.06,22.18,24.94,29.14,25.48,20.05,13.98,8.05,5.87,17.2,8.49,13.58,11.14,15.83,21.33,24.34,28.65,26.21,21.39,13.23,7.93,6.37,16.54,0.5,0.55,0.47,0.55,0.58,0.63,0.71,0.73,0.67,0.68,0.57,0.46,0.61,0.49,0.66,0.49,0.49,0.66,0.67,0.69,0.64,0.64,0.61,0.52,0.49,0.6,0.52,0.57,0.63,0.55,0.56,0.6,0.72,0.7,0.66,0.6,0.47,0.42,0.6,0.54,0.65,0.4,0.45,0.54,0.59,0.71,0.72,0.7,0.57,0.47,0.45,0.58,70.95,76.42,69.12,60.29,54.84,41.59,17.24,11.44,21.51,23.86,40.54,66.4,46.18,74.38,50.77,66.38,74.34,41.15,30.85,21.67,28.51,30.5,33.79,51.94,65.32,47.47,77.22,79.25,74.27,62.56,55.44,48.02,14.3,14.05,29.05,45.4,57.78,70.8,52.35,50.66,68.71,85.89,78.82,64.76,50.42,16.37,11.13,21.7,50.46,69.55,65.46,52.83,1.34,2.33,1.83,0.93,1.22,0.65,0.05,0.01,0.06,0.15,0.98,0.85,0.87,2.22,0.54,1.73,0.78,0.75,0.94,0.14,0.19,0.51,0.19,0.74,0.76,0.79,1.79,0.82,1.65,0.62,1.8,1.41,0.01,0.02,0.9,0.72,1.49,0.67,0.99,0.42,1.09,3.28,2.51,1.65,1.69,0.34,0.17,0.32,0.81,1.73,1.67,1.31
39.0,38.0,8.12,11.65,13.49,18.53,22.67,26.76,27.9,26.4,20.26,15.62,9.31,6.46,17.26,8.1,13.97,14.21,17.58,26.46,28.27,27.4,23.17,19.66,14.38,8.77,6.07,17.34,7.21,11.28,15.54,19.07,22.13,25.0,29.31,25.0,19.96,13.9,7.9,6.26,16.88,8.23,13.57,10.79,15.06,21.32,24.65,28.8,26.1,21.44,13.23,7.69,6.22,16.42,0.52,0.56,0.48,0.53,0.57,0.64,0.69,0.73,0.67,0.68,0.55,0.46,0.61,0.52,0.66,0.51,0.5,0.67,0.68,0.68,0.64,0.65,0.62,0.52,0.43,0.61,0.46,0.54,0.55,0.55,0.56,0.6,0.72,0.69,0.66,0.6,0.47,0.45,0.59,0.53,0.65,0.38,0.43,0.54,0.59,0.71,0.71,0.71,0.57,0.45,0.44,0.58,74.93,76.03,73.1,64.41,54.09,39.4,22.73,13.48,20.4,24.04,44.0,65.03,47.64,74.98,58.73,69.1,72.53,38.51,31.43,24.5,31.12,28.04,32.74,50.33,69.22,48.44,79.56,75.77,76.73,63.44,54.62,46.98,13.36,19.27,26.21,45.76,58.75,67.99,52.37,53.67,69.44,88.71,79.99,63.78,49.67,14.85,10.01,18.31,49.52,68.9,67.5,52.86,1.58,1.91,2.21,1.09,1.33,0.43,0.05,0.03,0.07,0.11,1.37,1.02,0.93,1.9,0.4,1.59,0.47,0.34,0.41,0.1,0.16,0.39,0.44,0.64,0.75,0.63,1.71,0.98,1.68,0.44,2.2,0.89,0.06,0.04,0.51,0.5,1.83,0.5,0.95,0.44,1.31,4.85,2.63,2.17,0.98,0.29,0.22,0.1,0.69,2.26,2.4,1.53
39.0,39.0,8.58,11.51,13.13,18.06,21.73,26.6,27.34,26.06,20.29,15.55,8.99,6.89,17.06,8.16,13.28,14.67,17.53,26.43,28.71,26.51,22.78,19.66,14.22,8.61,6.5,17.25,7.34,11.92,14.25,19.17,21.21,25.27,29.0,25.06,20.08,13.79,7.94,6.43,16.79,8.77,13.17,10.68,14.79,20.77,24.38,28.5,25.86,21.4,13.0,7.71,6.31,16.28,0.55,0.55,0.47,0.52,0.55,0.64,0.68,0.72,0.67,0.68,0.53,0.49,0.6,0.52,0.63,0.52,0.5,0.67,0.69,0.66,0.63,0.65,0.62,0.51,0.46,0.61,0.47,0.57,0.51,0.55,0.53,0.61,0.72,0.69,0.66,0.6,0.47,0.46,0.59,0.56,0.63,0.38,0.42,0.52,0.59,0.7,0.71,0.7,0.56,0.45,0.45,0.57,69.91,75.69,77.04,68.87,58.02,41.12,26.13,16.52,21.32,25.82,46.78,69.67,49.74,74.51,63.6,73.86,73.16,39.69,30.03,29.91,35.56,26.87,35.51,52.94,66.82,50.2,76.29,70.95,79.15,66.28,58.09,44.87,15.76,19.17,25.78,47.26,58.97,67.22,52.48,54.15,65.22,88.82,81.57,65.76,48.76,17.22,12.84,18.47,53.25,71.35,70.93,54.03,1.61,1.68,2.72,1.58,1.8,0.41,0.08,0.04,0.14,0.09,1.48,1.2,1.07,1.71,0.35,1.62,0.47,0.17,0.26,0.05,0.25,0.44,0.9,0.85,1.0,0.67,1.79,1.09,2.38,0.72,2.36,0.75,0.06,0.03,0.33,0.6,1.83,0.43,1.03,0.56,1.4,5.3,3.23,2.63,0.72,0.31,0.27,0.04,0.68,2.78,2.45,1.7
39.0,40.0,8.85,11.69,14.68,18.17,22.56,27.3,26.97,25.87,20.29,15.79,9.05,7.08,17.36,8.65,12.85,17.54,19.92,26.91,29.76,26.78,23.16,20.39,14.01,8.89,7.4,18.02,9.32,13.26,17.44,19.65,21.8,26.42,29.28,25.5,20.16,14.07,8.43,6.59,17.66,9.25,13.83,10.65,15.46,21.04,25.56,28.64,25.56,20.93,13.25,8.08,6.98,16.6,0.57,0.56,0.52,0.52,0.57,0.66,0.67,0.71,0.67,0.69,0.54,0.5,0.61,0.55,0.61,0.62,0.57,0.68,0.72,0.66,0.64,0.67,0.61,0.52,0.53,0.63,0.59,0.63,0.62,0.56,0.55,0.64,0.72,0.7,0.67,0.61,0.5,0.47,0.62,0.59,0.66,0.38,0.44,0.53,0.61,0.71,0.7,0.69,0.57,0.47,0.5,0.58,71.28,80.18,76.89,69.31,56.21,39.97,26.68,19.84,21.76,25.73,46.27,64.82,49.91,70.39,64.69,68.57,70.47,38.11,24.11,32.9,36.93,23.48,36.89,51.64,66.23,48.7,74.94,70.45,78.37,67.37,56.23,38.59,12.99,18.68,22.62,46.16,57.64,65.67,50.81,50.91,64.39,89.67,80.81,64.63,44.88,16.19,15.54,20.0,52.59,69.74,70.65,53.33,2.17,2.44,4.8,3.01,2.93,0.3,0.19,0.05,0.16,0.05,1.58,1.06,1.56,3.33,1.08,2.82,0.6,0.16,0.19,0.04,0.24,0.48,1.55,1.36,2.02,1.16,3.4,1.7,4.8,1.2,2.67,0.81,0.03,0.01,0.27,0.65,2.17,0.3,1.5,1.53,3.19,5.62,4.53,3.24,0.71,0.39,0.25,0.02,0.97,5.09,3.57,2.43
39.0,41.0,9.79,13.46,15.16,18.06,23.24,27.12,26.53,25.47,20.36,15.79,8.92,7.25,17.6,9.45,13.75,18.66,20.15,26.5,29.91,26.38,23.48,20.44,13.98,8.96,7.47,18.26,10.2,14.37,19.05,20.38,21.78,26.12,29.33,25.78,19.93,14.09,8.59,6.58,18.02,9.09,14.45,11.71,15.55,20.68,25.34,28.3,25.18,20.12,13.15,8.25,7.23,16.59,0.63,0.64,0.54,0.52,0.59,0.65,0.66,0.7,0.67,0.69,0.53,0.52,0.62,0.6,0.65,0.66,0.58,0.67,0.72,0.65,0.65,0.68,0.61,0.53,0.53,0.64,0.65,0.69,0.68,0.58,0.55,0.63,0.72,0.71,0.66,0.61,0.51,0.47,0.63,0.58,0.69,0.42,0.45,0.52,0.61,0.7,0.69,0.66,0.57,0.48,0.51,0.58,66.72,78.48,77.81,71.51,55.99,39.38,33.98,25.32,22.71,25.66,48.84,67.14,51.13,70.42,66.57,72.01,67.87,39.76,24.5,39.34,39.64,25.15,38.34,53.53,65.34,50.21,73.42,71.11,77.49,69.15,56.57,40.58,15.7,21.18,24.92,46.05,58.94,65.32,51.7,51.22,63.43,89.75,79.17,67.6,46.46,21.09,23.28,26.87,52.66,67.72,70.43,54.97,2.29,2.75,5.27,3.75,3.5,0.56,0.42,0.14,0.21,0.02,1.48,0.85,1.77,3.53,1.55,3.99,0.57,0.25,0.11,0.11,0.32,0.46,1.46,1.29,2.41,1.34,3.45,1.7,5.71,1.19,2.74,0.91,0.04,0.0,0.36,0.69,1.91,0.17,1.57,1.51,3.57,4.71,4.17,2.81,0.78,0.43,0.3,0.08,1.5,5.46,3.5,2.4
39.0,42.0,9.87,13.14,15.39,16.68,23.18,27.32,26.16,25.46,20.58,15.65,9.36,6.77,17.46,9.3,13.27,16.49,19.08,26.25,30.02,26.52,23.75,20.62,14.19,8.91,7.89,18.02,10.13,14.71,19.06,19.66,21.98,26.73,29.07,25.74,20.17,13.81,8.96,6.86,18.07,8.73,14.03,12.28,15.9,20.59,26.24,28.03,24.9,19.71,13.14,8.62,7.3,16.62,0.63,0.63,0.55,0.48,0.58,0.66,0.65,0.7,0.68,0.68,0.55,0.48,0.61,0.59,0.63,0.59,0.55,0.66,0.72,0.66,0.65,0.68,0.61,0.53,0.56,0.63,0.65,0.7,0.68,0.56,0.55,0.64,0.72,0.71,0.67,0.6,0.53,0.49,0.63,0.56,0.67,0.44,0.46,0.52,0.63,0.69,0.68,0.65,0.57,0.51,0.52,0.58,65.93,77.17,75.0,69.75,51.88,34.9,34.13,19.62,19.97,23.04,49.13,69.27,49.15,69.71,69.41,74.18,66.66,36.41,20.6,33.01,31.21,22.77,38.26,53.0,65.56,48.4,74.21,69.6,76.38,64.98,56.27,33.16,11.97,15.97,20.85,42.63,54.27,58.86,48.26,53.39,62.84,88.07,76.27,66.05,39.62,17.61,22.63,26.59,49.44,62.25,65.32,52.51,1.82,2.32,3.76,3.63,2.78,0.85,0.59,0.29,0.15,0.04,1.14,0.78,1.51,2.34,1.44,3.79,0.43,0.47,0.07,0.25,0.28,0.4,1.16,0.93,1.92,1.12,2.38,1.14,4.31,0.84,2.34,0.78,0.04,0.02,0.44,0.88,1.34,0.15,1.22,0.79,2.34,3.02,3.17,2.05,0.67,0.41,0.31,0.23,1.9,3.83,2.47,1.77
39.0,43.0,9.81,11.41,13.45,15.76,22.4,27.08,25.33,24.55,20.47,15.25,8.99,6.47,16.75,9.13,12.15,13.0,18.8,25.39,29.76,26.01,23.53,20.66,13.85,8.78,8.58,17.47,9.83,14.61,17.65,19.79,21.95,26.64,28.59,25.36,20.38,13.27,8.84,6.53,17.79,9.17,14.15,13.3,15.7,20.44,25.14,27.34,24.56,18.91,12.57,8.07,7.17,16.38,0.63,0.54,0.48,0.45,0.56,0.65,0.63,0.68,0.68,0.66,0.53,0.46,0.59,0.58,0.58,0.46,0.54,0.64,0.72,0.64,0.65,0.68,0.6,0.52,0.61,0.61,0.63,0.7,0.63,0.57,0.55,0.64,0.71,0.7,0.67,0.57,0.52,0.46,0.62,0.59,0.68,0.47,0.45,0.52,0.6,0.68,0.67,0.62,0.54,0.47,0.51,0.57,63.27,77.41,75.73,73.53,53.31,35.21,38.5,23.56,22.03,27.62,55.51,71.88,51.46,65.81,67.13,77.08,68.98,41.35,21.22,34.99,31.09,23.43,41.88,56.92,61.57,49.29,72.33,67.62,77.3,65.44,59.74,34.74,16.42,17.52,21.21,44.41,57.84,64.41,49.91,50.74,65.28,84.97,78.18,66.76,43.77,22.41,24.79,31.32,52.3,64.54,66.68,54.31,1.08,1.59,1.83,2.8,1.78,0.88,0.61,0.42,0.03,0.22,0.66,0.89,1.07,1.11,0.91,2.21,0.43,0.84,0.03,0.48,0.23,0.32,1.26,0.7,0.96,0.79,1.53,0.51,1.73,0.6,1.91,0.57,0.02,0.09,0.26,1.02,1.0,0.24,0.79,0.62,1.03,1.7,2.41,1.93,0.79,0.35,0.15,0.39,2.03,1.87,1.29,1.21
39.0,44.0,9.13,10.38,13.68,16.35,22.6,26.49,25.2,24.44,20.5,14.9,8.91,6.26,16.57,8.28,11.98,13.42,19.12,24.62,29.29,25.83,24.0,20.89,13.58,9.21,7.42,17.3,8.07,12.06,13.08,19.01,22.09,26.18,28.24,25.44,20.7,13.24,9.5,5.96,16.96,8.5,12.19,13.34,17.09,20.45,24.68,26.93,24.92,18.84,12.91,9.0,7.32,16.35,0.59,0.5,0.49,0.47,0.57,0.64,0.62,0.67,0.68,0.65,0.53,0.45,0.58,0.53,0.57,0.48,0.55,0.62,0.7,0.64,0.66,0.69,0.59,0.54,0.53,0.61,0.52,0.58,0.47,0.54,0.56,0.63,0.7,0.7,0.68,0.57,0.56,0.42,0.59,0.54,0.58,0.48,0.49,0.52,0.59,0.67,0.68,0.62,0.56,0.53,0.52,0.57,66.99,78.09,72.22,69.62,53.86,38.58,39.87,23.4,21.23,28.97,55.77,76.65,52.1,80.87,60.33,71.62,66.38,46.0,24.29,35.66,30.76,20.09,39.45,53.19,58.13,48.9,68.9,64.05,77.29,63.51,60.69,38.77,17.67,15.17,20.65,44.21,52.93,72.56,49.7,53.46,70.41,80.51,74.0,67.08,46.97,25.21,22.2,32.33,50.64,57.63,57.37,53.15,0.68,1.19,1.48,2.34,1.86,0.82,0.6,0.36,0.01,0.34,0.54,0.81,0.92,0.67,0.61,1.63,0.55,1.0,0.01,0.57,0.43,0.28,1.0,0.58,0.69,0.67,1.02,0.36,1.09,0.57,1.89,0.56,0.04,0.1,0.1,0.89,0.73,0.21,0.63,0.42,0.62,1.39,1.91,1.84,1.03,0.21,0.1,0.3,1.78,1.06,0.8,0.96
40.0,27.0,6.55,9.9,13.04,18.81,22.2,24.74,27.71,24.61,18.07,11.85,7.42,4.9,15.82,6.14,10.14,12.79,17.58,23.47,24.93,26.44,24.07,17.85,10.48,6.84,5.32,15.51,7.28,9.19,12.8,19.44,25.01,24.83,27.71,22.07,18.07,12.5,7.16,5.24,15.94,5.67,10.61,11.75,16.12,18.92,24.4,27.74,22.24,18.0,12.96,7.29,5.57,15.11,0.44,0.49,0.47,0.54,0.56,0.59,0.69,0.68,0.61,0.53,0.46,0.37,0.56,0.41,0.5,0.46,0.51,0.59,0.6,0.65,0.66,0.6,0.46,0.42,0.4,0.55,0.48,0.45,0.46,0.56,0.63,0.6,0.69,0.61,0.6,0.55,0.44,0.39,0.57,0.38,0.52,0.43,0.47,0.48,0.59,0.69,0.61,0.6,0.57,0.44,0.41,0.54,64.15,61.29,59.98,51.04,55.24,39.05,14.29,14.05,26.26,38.96,53.92,70.67,45.74,72.49,58.49,59.13,58.08,45.64,37.88,19.33,14.81,37.87,52.94,60.79,69.88,48.94,59.05,57.68,64.16,46.9,37.11,37.14,13.67,25.27,24.59,37.01,58.62,65.6,43.9,68.54,53.68,68.36,68.79,67.24,37.87,11.15,24.97,34.5,39.13,61.08,61.62,49.74,1.85,2.06,0.9,1.66,1.99,1.36,0.05,0.1,0.22,2.41,0.37,3.88,1.4,5.79,3.22,2.5,1.63,1.9,1.25,0.11,0.07,0.24,1.78,1.79,4.1,2.03,1.36,4.24,0.94,1.26,0.22,0.45,0.96,1.6,0.14,0.1,1.81,1.43,1.21,2.36,0.47,3.16,2.31,1.3,1.1,0.06,0.01,0.31,0.25,6.48,3.71,1.79
40.0,28.0,6.08,9.78,12.65,18.84,22.21,25.16,27.13,24.31,17.66,11.59,7.75,4.99,15.68,5.6,9.54,12.07,17.34,23.32,24.81,26.08,24.0,17.46,11.24,7.28,5.06,15.32,6.61,8.63,12.13,18.44,25.45,24.49,27.61,22.22,17.66,11.83,7.49,5.37,15.66,6.05,9.69,10.86,16.18,18.86,24.3,27.2,21.83,18.41,12.38,6.62,5.63,14.84,0.41,0.48,0.46,0.54,0.56,0.6,0.67,0.67,0.59,0.52,0.48,0.37,0.56,0.37,0.47,0.44,0.5,0.59,0.6,0.65,0.66,0.58,0.5,0.45,0.38,0.54,0.44,0.42,0.44,0.53,0.64,0.59,0.68,0.61,0.59,0.52,0.46,0.4,0.56,0.4,0.48,0.39,0.47,0.48,0.58,0.67,0.6,0.61,0.55,0.4,0.42,0.53,75.72,73.13,69.78,60.15,64.23,48.66,28.13,27.5,41.92,59.7,67.69,77.65,57.85,82.91,68.74,73.19,69.34,58.35,47.25,32.54,26.86,56.55,62.23,70.41,80.82,60.77,75.16,69.72,78.91,57.73,48.47,48.06,22.66,31.71,39.11,56.0,70.13,76.56,56.18,75.06,70.55,79.54,78.77,75.06,51.28,28.6,39.64,46.99,55.15,76.32,71.8,62.4,2.7,2.58,1.47,1.38,2.09,1.83,0.07,0.09,0.4,1.72,0.88,1.31,1.38,6.39,2.6,3.02,2.08,1.26,1.79,0.33,0.05,0.37,1.57,1.99,2.93,2.03,1.65,4.29,1.22,1.39,0.47,1.4,1.11,1.2,0.37,0.36,1.19,1.38,1.34,1.67,1.49,2.75,3.35,1.92,1.23,0.18,0.07,0.37,0.95,6.98,2.44,1.95
40.0,29.0,6.27,9.44,12.36,19.28,21.14,24.49,25.85,24.64,16.97,12.03,8.39,5.53,15.53,5.67,9.54,11.64,16.36,23.65,22.87,25.04,23.97,16.81,11.72,8.02,5.63,15.08,6.26,8.75,10.8,17.99,25.3,22.51,27.55,21.54,17.37,11.21,8.07,5.86,15.27,6.73,8.7,10.69,15.35,17.06,23.35,26.73,22.12,18.22,12.45,6.56,6.1,14.5,0.42,0.46,0.45,0.55,0.53,0.59,0.64,0.68,0.57,0.53,0.51,0.41,0.55,0.38,0.47,0.42,0.47,0.6,0.55,0.62,0.66,0.56,0.52,0.49,0.42,0.54,0.42,0.43,0.39,0.52,0.64,0.54,0.68,0.59,0.58,0.5,0.49,0.44,0.54,0.45,0.43,0.39,0.44,0.43,0.56,0.66,0.61,0.61,0.55,0.4,0.45,0.51,63.9,66.44,63.48,50.71,58.32,43.66,27.76,17.27,36.76,44.52,43.86,64.01,48.39,75.45,59.64,67.44,67.86,48.02,42.64,27.66,18.23,45.05,46.52,52.08,68.42,51.58,69.01,63.3,76.58,50.91,37.67,49.94,17.12,32.18,29.94,44.0,55.25,61.46,48.95,56.98,66.77,72.05,75.0,74.09,47.38,18.66,31.2,35.25,41.71,66.79,61.16,53.92,2.75,2.9,1.6,1.2,2.08,2.36,0.11,0.11,0.54,2.04,0.87,0.92,1.46,6.64,2.39,3.25,1.99,1.17,2.02,0.64,0.09,0.52,1.46,1.94,2.94,2.09,1.82,4.02,1.37,1.26,0.66,2.06,1.04,1.77,0.54,0.63,0.95,1.24,1.45,1.18,1.99,2.99,3.35,1.75,1.45,0.4,0.14,0.5,1.22,7.34,2.31,2.05
40.0,30.0,6.39,9.03,12.5,18.97,20.06,23.57,25.21,25.15,16.94,12.24,8.86,5.8,15.39,6.02,9.59,11.52,15.09,23.2,22.27,24.52,23.53,16.39,12.08,8.04,5.69,14.83,6.02,8.71,10.94,17.47,24.63,21.15,26.96,21.12,17.34,10.97,8.25,5.88,14.95,6.99,8.89,10.39,14.6,15.95,21.76,26.14,22.51,18.37,12.46,6.57,6.39,14.25,0.43,0.44,0.45,0.55,0.51,0.57,0.62,0.7,0.57,0.54,0.54,0.43,0.55,0.4,0.47,0.42,0.43,0.59,0.54,0.61,0.65,0.55,0.54,0.49,0.42,0.53,0.4,0.43,0.4,0.5,0.62,0.51,0.67,0.58,0.58,0.48,0.5,0.44,0.53,0.47,0.44,0.38,0.42,0.4,0.52,0.65,0.62,0.61,0.55,0.4,0.48,0.51,72.95,73.64,67.01,56.63,62.23,51.52,33.6,17.88,41.5,48.4,46.0,68.57,53.33,79.7,65.33,73.8,75.26,47.47,48.45,32.12,20.79,49.6,49.54,58.38,75.66,56.34,75.18,71.0,79.09,57.94,38.56,61.36,22.28,42.25,33.24,51.22,61.38,67.75,55.1,61.59,74.18,77.94,80.86,80.01,55.68,20.76,31.85,38.45,45.96,72.23,64.9,58.7,2.1,2.29,1.2,1.02,1.86,4.26,0.19,0.12,0.37,1.61,0.42,0.63,1.34,3.57,1.42,2.7,1.99,1.25,2.4,1.04,0.37,1.28,0.84,1.91,1.81,1.72,1.74,2.69,1.09,0.88,0.68,2.76,0.49,1.84,0.48,1.15,0.57,0.79,1.26,0.59,1.54,2.89,2.11,2.18,1.87,0.83,0.24,1.21,1.01,4.83,1.78,1.76
40.0,31.0,7.0,8.94,13.51,19.83,20.33,22.75,26.29,25.6,18.12,12.71,9.54,6.04,15.89,6.02,10.69,12.5,15.16,23.53,21.69,24.66,23.71,16.04,12.74,8.64,5.62,15.08,6.05,8.92,12.04,17.9,24.05,20.13,27.07,21.28,17.84,11.53,8.82,5.73,15.11,7.71,9.09,11.18,14.71,17.31,21.99,26.73,24.08,18.7,12.89,6.42,6.5,14.78,0.47,0.44,0.49,0.57,0.51,0.55,0.65,0.71,0.61,0.56,0.59,0.45,0.56,0.4,0.52,0.45,0.44,0.59,0.52,0.61,0.65,0.54,0.56,0.53,0.42,0.54,0.4,0.44,0.44,0.52,0.61,0.48,0.67,0.59,0.6,0.51,0.54,0.43,0.54,0.51,0.45,0.41,0.42,0.44,0.53,0.66,0.66,0.62,0.57,0.39,0.48,0.52,72.98,76.68,66.16,52.61,62.68,55.55,29.72,17.63,36.91,43.97,41.03,65.73,51.8,80.24,61.85,74.1,76.86,46.66,53.91,32.99,23.51,51.54,45.59,54.72,74.94,56.41,75.83,73.64,77.52,58.55,42.84,69.65,25.35,45.0,32.52,51.8,54.62,68.8,56.34,57.34,74.53,77.95,79.91,78.71,58.18,24.25,24.14,35.83,45.65,72.68,63.45,57.72,1.42,2.18,0.93,0.82,1.75,3.78,0.13,0.03,0.29,1.33,0.17,0.54,1.11,2.2,0.75,1.91,1.7,1.0,2.98,0.59,0.39,1.37,0.57,1.86,1.37,1.39,1.74,1.96,1.09,0.68,0.77,3.6,0.63,1.18,0.26,1.0,0.73,1.01,1.22,0.4,0.89,2.83,1.83,2.54,2.66,0.82,0.2,1.11,0.6,3.09,1.56,1.54
40.0,32.0,7.7,9.56,14.33,20.14,21.32,23.51,27.54,25.81,19.06,13.2,9.79,6.12,16.51,6.35,11.26,13.18,15.76,23.74,22.03,25.2,24.17,16.04,13.15,8.91,5.63,15.45,6.23,9.81,13.34,18.72,23.09,21.02,27.39,21.93,18.44,11.95,9.03,5.81,15.56,8.33,8.98,11.69,15.24,18.68,22.43,27.34,25.19,19.28,12.98,6.76,6.63,15.29,0.51,0.47,0.52,0.58,0.54,0.57,0.68,0.71,0.64,0.59,0.6,0.46,0.59,0.42,0.55,0.48,0.45,0.6,0.53,0.62,0.67,0.54,0.58,0.55,0.42,0.55,0.41,0.48,0.48,0.54,0.58,0.51,0.68,0.6,0.62,0.53,0.55,0.43,0.55,0.55,0.44,0.42,0.44,0.47,0.54,0.68,0.69,0.64,0.57,0.41,0.49,0.54,69.58,75.14,64.87,51.8,62.06,54.99,25.47,17.22,30.93,41.17,40.34,66.58,50.01,79.86,57.49,73.77,78.79,47.83,56.13,31.92,24.46,49.87,42.07,54.15,73.2,55.8,74.54,76.06,73.51,61.48,48.56,67.84,24.85,41.88,31.62,50.67,52.63,67.01,55.89,52.95,74.14,76.21,80.72,77.2,58.87,20.35,18.57,31.27,46.97,73.95,62.99,56.18,1.19,2.23,0.91,0.78,1.84,2.9,0.1,0.01,0.29,1.17,0.13,0.53,1.01,2.02,0.6,1.82,1.46,0.82,2.98,0.41,0.38,1.13,0.46,1.69,1.4,1.26,1.74,1.88,1.12,0.62,0.67,3.82,0.81,0.97,0.23,0.87,0.76,1.07,1.21,0.3,0.75,2.58,1.78,2.69,2.86,0.68,0.18,0.91,0.47,2.64,1.52,1.45
40.0,33.0,7.32,8.88,14.91,20.14,22.35,24.41,27.88,25.69,19.32,13.48,9.91,6.04,16.7,6.77,10.61,13.08,16.2,24.36,21.9,26.43,23.61,16.89,13.41,8.56,5.74,15.63,6.4,9.88,13.04,19.18,22.99,22.27,27.48,23.05,18.76,12.29,8.91,5.74,15.83,8.13,9.13,11.65,16.56,19.65,23.08,27.86,25.56,19.62,13.0,7.37,6.3,15.66,0.49,0.44,0.54,0.58,0.56,0.59,0.69,0.71,0.65,0.6,0.61,0.45,0.59,0.45,0.52,0.47,0.47,0.61,0.53,0.65,0.65,0.57,0.59,0.52,0.43,0.56,0.42,0.48,0.47,0.55,0.58,0.54,0.68,0.64,0.63,0.54,0.54,0.43,0.56,0.54,0.45,0.42,0.48,0.5,0.55,0.69,0.7,0.65,0.57,0.45,0.47,0.56,66.25,75.55,58.42,50.78,59.24,52.42,19.38,16.0,23.7,40.89,35.23,68.58,47.2,75.87,57.82,71.19,77.82,45.48,52.97,26.33,23.28,43.3,36.78,55.95,70.25,53.09,72.24,77.49,72.75,58.45,49.11,60.12,22.14,32.6,29.98,46.79,51.79,68.77,53.52,57.25,74.43,73.81,78.27,73.42,57.91,18.11,13.98,25.81,50.43,71.27,66.23,55.08,0.77,1.77,0.75,0.93,1.53,2.1,0.09,0.0,0.22,0.89,0.18,0.55,0.82,1.68,0.39,1.87,0.83,0.44,2.13,0.32,0.28,1.01,0.13,1.56,1.3,1.0,1.35,1.53,1.05,0.38,0.63,3.25,0.63,0.62,0.18,0.57,0.36,0.94,0.96,0.19,0.45,2.21,1.45,2.52,2.17,0.12,0.05,0.92,0.19,2.1,1.23,1.13
40.0,34.0,6.82,9.01,14.65,19.94,22.79,24.9,27.78,25.59,18.99,14.08,9.59,6.22,16.7,6.72,10.94,12.84,16.64,24.06,23.11,26.6,22.75,16.95,13.38,8.26,6.35,15.72,6.71,10.14,12.68,19.63,22.56,23.25,27.14,23.64,18.77,12.09,8.69,5.53,15.9,7.7,9.46,12.13,17.09,20.24,23.1,28.15,25.66,19.99,12.66,7.8,6.22,15.85,0.45,0.44,0.53,0.57,0.57,0.6,0.69,0.71,0.64,0.63,0.59,0.46,0.59,0.45,0.53,0.46,0.48,0.61,0.56,0.66,0.63,0.57,0.59,0.51,0.47,0.56,0.45,0.5,0.46,0.57,0.57,0.56,0.67,0.65,0.63,0.53,0.53,0.41,0.56,0.51,0.46,0.44,0.49,0.51,0.56,0.7,0.71,0.67,0.56,0.47,0.46,0.56,64.67,74.38,58.53,50.44,59.46,50.91,19.53,14.98,23.71,37.53,36.49,67.5,46.51,76.85,53.17,70.75,77.27,45.94,50.73,25.38,25.74,43.01,37.6,58.77,65.84,52.59,71.93,74.32,74.65,58.76,50.09,56.89,22.74,24.26,30.89,48.69,53.35,72.95,53.29,59.44,74.04,74.19,78.29,72.56,55.92,16.28,11.12,23.78,53.07,70.84,68.49,54.84,0.94,1.87,0.77,1.09,1.41,2.29,0.11,0.01,0.22,0.71,0.34,0.56,0.86,1.62,0.48,2.24,0.88,0.5,2.05,0.44,0.3,1.19,0.1,1.61,1.52,1.08,1.82,1.61,1.26,0.47,0.88,3.05,0.4,0.42,0.24,0.53,0.38,1.08,1.01,0.3,0.49,2.66,1.82,2.19,1.98,0.2,0.02,0.82,0.27,2.21,1.21,1.18
40.0,35.0,6.16,8.58,13.63,19.2,22.84,25.04,26.97,25.46,18.66,14.14,8.85,6.4,16.33,7.08,10.97,12.77,16.34,23.56,24.48,26.08,21.85,16.71,12.82,7.71,6.43,15.57,6.29,9.5,11.8,19.12,22.05,22.96,25.99,23.79,18.71,11.51,7.92,5.75,15.45,7.92,8.66,11.8,16.3,20.25,22.85,27.95,25.12,19.31,12.14,8.07,6.28,15.56,0.41,0.42,0.49,0.55,0.58,0.6,0.67,0.7,0.63,0.63,0.54,0.48,0.58,0.47,0.54,0.46,0.47,0.59,0.59,0.65,0.6,0.56,0.57,0.47,0.48,0.55,0.42,0.47,0.43,0.55,0.56,0.55,0.64,0.66,0.63,0.51,0.48,0.43,0.55,0.53,0.43,0.43,0.47,0.51,0.55,0.69,0.69,0.64,0.53,0.49,0.47,0.55,71.52,74.26,65.52,53.59,58.51,51.04,23.67,14.94,27.92,35.24,44.7,66.94,48.99,74.54,55.55,71.4,77.34,46.78,47.39,28.88,31.12,45.22,45.0,62.82,62.43,54.04,74.54,75.1,77.05,62.97,49.74,59.14,29.38,21.4,33.18,55.45,62.13,74.34,56.2,53.92,77.12,78.1,80.71,70.18,56.58,16.81,14.15,28.55,54.67,70.84,68.83,55.87,1.5,2.46,0.79,1.18,1.58,2.96,0.1,0.04,0.16,0.19,0.69,0.7,1.03,1.9,0.77,3.26,1.21,0.87,2.49,0.66,0.36,1.13,0.18,1.8,1.82,1.37,3.34,1.76,1.79,0.73,1.34,3.11,0.1,0.08,0.42,0.66,0.78,1.39,1.29,0.51,0.88,3.76,3.08,2.1,2.24,0.56,0.01,0.74,0.49,2.55,1.3,1.52
40.0,36.0,5.99,8.37,12.85,18.53,21.62,23.99,24.39,24.19,17.67,14.24,8.09,6.2,15.51,7.13,11.55,12.47,15.79,23.13,23.87,23.66,19.8,15.44,11.98,7.79,6.41,14.92,5.85,8.78,10.86,18.32,20.82,21.86,22.85,22.2,17.58,10.93,7.75,5.88,14.47,8.23,9.28,11.25,15.19,19.14,21.43,26.31,24.01,17.85,11.85,7.75,6.09,14.86,0.4,0.41,0.46,0.53,0.55,0.58,0.6,0.67,0.59,0.63,0.5,0.46,0.55,0.47,0.56,0.45,0.46,0.58,0.57,0.59,0.55,0.52,0.53,0.48,0.48,0.53,0.39,0.43,0.39,0.53,0.53,0.53,0.57,0.61,0.59,0.48,0.47,0.44,0.51,0.55,0.46,0.41,0.44,0.48,0.51,0.65,0.66,0.6,0.52,0.47,0.45,0.53,75.37,76.47,70.53,59.55,60.58,56.23,41.95,26.68,39.03,34.1,53.96,67.39,55.15,73.47,59.58,73.63,78.58,47.91,49.81,46.76,47.45,54.96,51.42,60.66,65.07,59.11,78.27,76.61,83.66,65.82,53.49,65.3,46.35,36.81,42.17,63.73,65.65,70.17,62.34,52.59,79.8,81.92,82.94,74.26,62.05,26.54,23.49,44.47,56.69,73.89,69.2,60.65,1.56,2.55,1.04,0.89,1.35,1.69,0.13,0.16,0.14,0.19,0.8,0.66,0.93,2.08,0.71,2.3,0.71,1.49,1.61,0.6,0.51,1.21,0.57,1.4,0.94,1.18,2.75,1.15,2.01,1.04,1.28,2.7,0.24,0.18,1.03,1.21,1.25,1.12,1.33,0.37,1.37,2.24,3.59,1.97,2.65,1.27,0.09,0.57,0.97,1.9,1.22,1.52
40.0,37.0,5.98,8.8,12.01,17.92,20.72,23.06,21.88,22.22,17.1,14.24,7.7,6.1,14.81,6.49,11.16,11.46,15.16,23.16,22.6,21.93,18.22,13.88,11.67,7.94,6.08,14.15,5.23,9.45,10.03,17.96,20.32,20.7,21.0,19.98,16.62,10.49,7.56,6.08,13.78,8.5,9.13,10.26,14.45,18.33,19.94,25.13,23.24,16.88,11.74,7.26,5.82,14.22,0.4,0.43,0.43,0.52,0.52,0.55,0.54,0.61,0.57,0.63,0.47,0.45,0.53,0.43,0.55,0.41,0.44,0.58,0.54,0.54,0.5,0.46,0.52,0.49,0.45,0.5,0.35,0.46,0.36,0.52,0.51,0.5,0.52,0.55,0.56,0.46,0.46,0.45,0.49,0.57,0.45,0.37,0.42,0.46,0.48,0.62,0.64,0.56,0.52,0.44,0.43,0.5,79.63,78.35,73.79,65.23,61.13,57.39,58.29,40.3,48.31,35.91,58.47,68.34,60.43,76.63,67.5,76.01,80.56,48.9,54.73,55.43,58.62,63.96,55.0,58.9,66.61,63.57,80.96,80.14,84.66,67.45,56.93,71.21,55.03,54.65,47.45,67.07,66.98,67.38,66.66,53.79,81.5,85.99,82.75,74.12,66.25,34.47,32.02,54.12,60.73,75.63,71.67,64.42,1.66,2.76,1.15,0.87,1.25,1.31,0.17,0.28,0.21,0.24,1.1,0.71,0.98,2.27,0.84,2.23,0.58,1.43,1.31,0.62,0.61,1.48,0.8,1.44,0.86,1.21,2.61,1.02,2.26,1.1,1.31,2.59,0.46,0.3,1.25,1.46,1.43,1.14,1.41,0.35,1.77,2.15,3.78,1.93,2.69,1.64,0.14,0.64,1.21,1.95,1.25,1.63
40.0,38.0,6.32,9.75,12.37,16.75,20.8,23.37,22.17,21.7,17.48,14.39,7.93,6.24,14.94,6.82,10.19,12.0,15.11,23.72,22.54,22.75,18.21,14.27,12.11,8.1,6.26,14.34,5.27,8.81,11.2,17.61,20.14,20.73,22.55,20.0,16.79,10.99,7.52,6.17,13.98,8.14,10.01,10.17,13.43,18.38,20.2,24.94,22.97,17.23,11.91,6.99,5.47,14.15,0.42,0.48,0.45,0.48,0.52,0.56,0.55,0.6,0.59,0.64,0.49,0.46,0.53,0.45,0.5,0.43,0.44,0.6,0.54,0.56,0.5,0.48,0.54,0.5,0.47,0.51,0.35,0.43,0.41,0.51,0.51,0.5,0.56,0.55,0.56,0.49,0.46,0.46,0.5,0.54,0.49,0.37,0.39,0.46,0.49,0.62,0.63,0.57,0.52,0.43,0.41,0.5,76.6,71.73,71.14,64.27,58.36,50.33,47.16,36.4,37.57,29.85,54.41,63.06,55.07,71.96,61.41,74.36,75.84,45.39,51.8,45.13,49.6,54.49,44.76,52.9,61.75,57.45,78.32,73.92,79.03,65.36,57.21,65.96,42.83,43.76,41.95,57.66,63.04,62.5,60.96,51.92,74.25,85.32,78.52,68.36,61.97,31.77,27.88,44.26,53.26,69.7,68.88,59.67,2.51,2.95,1.8,1.1,1.91,1.4,0.84,1.06,0.84,0.58,3.06,1.08,1.59,2.23,1.61,2.38,0.89,1.07,0.99,1.15,2.01,3.04,2.04,1.73,1.56,1.72,2.96,1.1,3.3,1.12,1.82,1.6,1.49,0.81,2.08,2.48,1.58,1.53,1.82,0.64,2.65,3.5,3.78,2.32,2.8,2.33,0.42,1.51,2.54,2.87,1.84,2.27
40.0,39.0,6.73,10.11,12.76,16.74,20.77,23.82,22.4,21.87,17.87,14.43,7.86,6.48,15.15,7.34,11.45,13.54,16.7,24.14,23.1,21.99,18.26,14.61,12.35,8.34,6.11,14.83,5.67,10.52,11.17,18.17,20.39,20.44,22.89,20.43,17.23,11.44,7.65,6.27,14.36,8.39,10.89,10.52,13.8,18.89,20.16,24.99,22.96,17.45,12.11,7.06,5.74,14.41,0.45,0.5,0.46,0.48,0.52,0.57,0.55,0.6,0.6,0.64,0.48,0.48,0.54,0.49,0.56,0.49,0.48,0.61,0.56,0.54,0.5,0.49,0.55,0.51,0.45,0.53,0.38,0.52,0.4,0.52,0.51,0.49,0.57,0.56,0.58,0.51,0.47,0.47,0.51,0.56,0.53,0.38,0.4,0.48,0.48,0.62,0.63,0.58,0.53,0.43,0.43,0.51,82.25,77.09,78.43,71.24,62.63,56.28,57.86,44.0,42.2,34.61,61.33,70.23,61.51,78.87,69.01,79.06,77.62,49.89,56.2,56.55,60.22,58.7,50.89,57.92,68.43,63.61,83.54,76.49,86.16,68.38,61.54,69.85,50.97,52.1,45.61,63.1,69.02,69.46,66.35,59.65,77.16,89.85,81.89,72.13,67.96,36.7,33.17,48.75,58.31,76.35,74.74,64.72,2.15,2.47,1.78,1.13,2.11,1.29,0.75,0.84,0.77,0.51,2.82,0.87,1.46,1.89,1.27,2.14,0.97,0.84,0.89,0.95,1.67,2.62,1.81,1.41,1.48,1.5,2.43,0.96,2.81,1.14,1.74,1.46,1.11,0.62,1.75,2.0,1.21,1.18,1.53,0.53,2.1,3.39,3.89,2.51,2.3,1.77,0.41,1.1,2.11,2.88,1.77,2.06
40.0,40.0,7.51,10.69,12.86,17.17,20.45,23.84,22.27,21.56,18.1,14.27,7.61,6.51,15.24,7.46,12.42,13.58,17.51,24.36,23.77,21.83,18.61,15.44,12.32,8.29,6.23,15.15,7.39,11.39,15.52,18.48,20.19,20.77,23.27,21.28,17.54,11.82,7.67,6.13,15.12,8.03,12.17,10.73,14.87,18.85,20.29,24.72,22.54,17.33,12.49,6.94,5.97,14.58,0.5,0.52,0.46,0.49,0.52,0.57,0.55,0.6,0.61,0.63,0.47,0.48,0.54,0.49,0.61,0.49,0.5,0.62,0.57,0.54,0.51,0.52,0.55,0.51,0.46,0.54,0.49,0.56,0.56,0.53,0.51,0.5,0.58,0.59,0.59,0.52,0.47,0.46,0.54,0.53,0.6,0.39,0.43,0.48,0.49,0.61,0.62,0.58,0.55,0.42,0.44,0.52,78.24,78.79,79.91,74.56,66.48,57.54,56.73,45.39,41.25,36.76,67.17,73.73,63.05,78.72,68.53,80.79,77.83,51.01,51.94,58.44,59.48,54.69,52.39,58.82,71.6,63.69,81.19,75.62,82.58,70.95,64.28,65.83,48.17,49.04,43.08,61.44,70.23,75.13,65.63,72.24,76.35,90.35,81.44,73.87,65.48,37.95,37.35,49.03,57.93,76.74,77.43,66.35,1.77,1.95,2.06,1.58,2.7,0.93,0.61,0.57,0.71,0.31,2.22,0.75,1.35,1.77,1.0,2.19,0.99,0.54,0.73,0.6,0.84,2.01,2.02,1.2,1.53,1.29,2.05,0.92,2.63,1.28,2.04,1.7,0.34,0.24,1.37,1.35,0.93,0.67,1.29,0.57,1.84,3.55,4.1,2.8,1.83,1.04,0.38,0.44,1.55,3.55,1.9,1.96
40.0,41.0,8.75,12.23,14.15,17.6,21.36,24.87,24.82,23.42,19.48,14.71,7.89,7.85,16.43,8.21,12.8,16.9,17.66,25.19,26.83,23.93,21.59,17.71,12.57,8.58,7.15,16.59,8.06,11.69,15.6,18.74,21.07,23.08,26.41,24.1,18.84,13.05,8.24,6.39,16.27,8.82,12.9,10.3,14.76,19.15,21.69,26.28,23.98,18.95,13.01,7.66,6.46,15.33,0.58,0.6,0.51,0.51,0.54,0.6,0.61,0.65,0.65,0.65,0.48,0.58,0.58,0.54,0.63,0.61,0.51,0.64,0.65,0.59,0.6,0.59,0.56,0.53,0.53,0.59,0.54,0.57,0.57,0.54,0.53,0.55,0.65,0.66,0.63,0.58,0.5,0.48,0.58,0.59,0.63,0.37,0.43,0.48,0.52,0.65,0.66,0.63,0.57,0.47,0.48,0.54,66.39,75.15,74.32,69.98,62.12,51.96,47.39,35.77,32.16,33.52,57.32,63.49,55.8,71.79,64.24,72.1,75.7,47.42,40.84,55.6,50.0,43.81,46.26,54.07,62.89,57.06,75.14,68.81,80.52,68.6,63.09,58.49,34.24,32.62,37.79,56.36,66.91,64.6,58.93,51.41,74.65,90.32,79.83,73.05,60.54,34.03,33.1,40.54,54.99,71.11,69.81,61.11,1.58,1.58,1.91,2.23,3.51,1.16,1.09,0.84,1.06,0.31,1.71,0.99,1.5,1.41,1.31,2.66,0.87,0.57,0.54,0.82,1.05,1.91,2.44,1.21,1.28,1.34,1.61,0.75,2.56,1.38,2.89,2.33,0.24,0.14,1.14,1.36,1.0,0.63,1.34,0.61,2.08,4.26,3.66,2.82,2.36,1.64,0.37,0.55,1.8,3.86,1.81,2.15
40.0,42.0,9.36,12.34,14.33,18.36,22.11,25.48,25.0,23.53,19.58,14.61,8.39,7.51,16.72,9.02,13.18,17.84,18.77,24.92,27.05,23.79,22.18,18.45,12.6,8.92,7.34,17.01,9.5,13.61,17.94,19.22,21.22,23.95,27.01,24.44,18.49,13.24,8.81,5.9,16.94,8.9,13.57,11.62,15.52,19.57,22.81,26.47,24.05,18.84,13.13,8.08,7.27,15.82,0.62,0.61,0.52,0.53,0.56,0.61,0.62,0.65,0.66,0.65,0.51,0.56,0.59,0.6,0.64,0.65,0.54,0.63,0.65,0.59,0.61,0.62,0.56,0.55,0.55,0.6,0.63,0.67,0.65,0.55,0.54,0.58,0.67,0.67,0.62,0.59,0.54,0.44,0.6,0.59,0.67,0.42,0.45,0.49,0.55,0.65,0.66,0.63,0.58,0.49,0.54,0.56,62.94,74.48,74.13,67.1,55.54,45.12,40.03,31.33,26.86,29.89,53.83,67.84,52.42,67.42,60.67,68.25,69.8,42.05,34.09,49.79,41.81,38.76,45.57,49.75,61.45,52.45,68.38,62.91,74.55,65.97,59.37,48.32,26.19,25.87,32.78,49.29,57.01,65.95,53.05,48.04,66.44,87.86,75.6,70.65,53.74,27.36,28.64,36.16,51.13,64.09,62.89,56.05,1.15,1.28,1.64,2.52,3.22,1.26,1.13,0.79,0.86,0.24,1.3,0.82,1.35,1.23,1.16,2.53,0.75,0.68,0.43,0.86,0.85,1.43,1.84,0.9,0.9,1.13,1.1,0.52,2.09,1.26,2.81,2.4,0.21,0.11,0.89,1.08,0.79,0.49,1.15,0.46,1.7,3.62,3.52,2.61,2.17,1.82,0.26,0.51,1.58,3.19,1.51,1.91
40.0,43.0,9.17,12.81,14.08,17.26,22.18,25.5,24.79,23.38,19.6,14.56,8.65,5.8,16.48,9.04,11.76,15.76,18.8,24.68,27.02,23.83,22.65,19.15,12.53,8.81,7.25,16.77,9.27,13.05,17.06,19.83,21.93,24.41,27.56,24.78,18.88,13.13,8.73,5.46,17.01,8.13,13.56,12.38,16.16,19.81,23.4,26.87,24.31,18.93,12.99,7.97,6.93,15.95,0.61,0.63,0.51,0.5,0.56,0.61,0.61,0.65,0.66,0.65,0.53,0.43,0.59,0.6,0.58,0.57,0.54,0.62,0.65,0.59,0.63,0.64,0.56,0.54,0.54,0.6,0.62,0.64,0.62,0.57,0.55,0.59,0.68,0.68,0.63,0.58,0.53,0.41,0.6,0.54,0.67,0.45,0.47,0.5,0.56,0.66,0.67,0.63,0.57,0.49,0.51,0.57,68.58,79.07,74.89,68.19,54.19,44.17,40.97,30.75,27.34,31.28,55.31,78.1,54.4,76.0,68.06,73.05,69.94,44.02,33.94,49.62,38.23,32.03,44.49,50.89,64.12,53.7,69.95,69.48,75.13,65.06,57.7,46.77,24.01,21.55,31.23,47.62,58.8,73.63,53.41,61.97,71.39,87.91,77.28,69.95,53.76,25.6,26.76,35.66,51.92,61.88,63.79,57.32,0.66,1.0,1.36,3.14,2.26,1.26,1.36,0.79,0.28,0.23,0.75,0.62,1.14,1.25,0.89,2.15,0.57,1.01,0.24,0.95,0.39,0.74,0.78,0.37,0.37,0.81,0.51,0.22,1.26,0.87,2.2,1.85,0.19,0.25,0.82,0.86,0.6,0.35,0.83,0.3,1.18,1.84,3.13,1.99,1.81,1.93,0.15,0.66,1.35,1.86,1.14,1.44
40.0,44.0,8.53,11.43,12.77,15.66,21.49,24.82,23.48,21.4,18.35,14.12,8.35,6.07,15.54,7.93,11.07,12.68,18.16,23.72,26.59,22.46,22.69,17.84,12.03,8.42,7.26,15.9,8.44,10.58,13.1,18.46,20.72,23.01,25.98,23.37,18.85,12.47,8.58,5.39,15.75,8.63,11.65,11.75,15.99,19.12,21.72,25.09,23.39,16.73,12.57,8.38,6.63,15.14,0.57,0.56,0.46,0.45,0.54,0.6,0.58,0.59,0.62,0.63,0.51,0.45,0.55,0.53,0.54,0.46,0.52,0.6,0.64,0.56,0.63,0.6,0.53,0.52,0.54,0.56,0.56,0.52,0.47,0.53,0.52,0.55,0.64,0.64,0.63,0.55,0.52,0.4,0.56,0.57,0.57,0.43,0.46,0.48,0.52,0.62,0.64,0.56,0.55,0.51,0.49,0.54,63.63,74.49,74.5,70.28,56.37,46.82,48.95,40.76,36.67,34.61,59.01,74.91,56.75,69.29,65.58,73.74,70.95,49.15,37.98,54.58,40.13,41.16,46.69,56.23,57.31,55.23,68.45,68.25,75.74,62.92,63.54,54.8,36.07,29.2,30.67,50.56,59.45,68.35,55.67,47.92,72.69,84.97,78.74,69.97,60.88,37.37,30.9,48.69,53.8,59.12,63.7,59.06,0.34,0.66,0.95,2.72,2.19,0.86,1.57,0.66,0.17,0.36,0.48,0.62,0.96,0.7,0.54,1.76,0.68,1.12,0.11,0.72,0.43,0.6,0.63,0.32,0.28,0.66,0.42,0.24,1.23,0.76,2.01,1.15,0.15,0.37,0.37,0.58,0.42,0.22,0.66,0.15,0.75,1.65,2.03,1.64,1.83,1.04,0.34,0.54,1.16,0.85,0.74,1.06
41.0,27.0,7.07,9.35,13.46,19.36,21.15,24.04,27.8,23.75,18.45,11.43,7.28,4.36,15.63,5.81,10.45,12.72,17.1,22.01,21.75,26.45,23.56,16.7,9.26,6.45,4.51,14.73,6.71,8.83,13.44,18.84,24.67,24.14,27.03,21.63,17.26,12.52,6.78,4.74,15.55,5.39,10.22,12.33,15.82,18.78,24.61,27.05,23.02,17.36,12.75,6.74,5.14,14.94,0.49,0.47,0.49,0.56,0.53,0.58,0.69,0.66,0.63,0.52,0.46,0.34,0.56,0.4,0.53,0.47,0.5,0.56,0.52,0.66,0.65,0.57,0.42,0.41,0.35,0.53,0.46,0.44,0.49,0.55,0.62,0.58,0.67,0.6,0.58,0.57,0.43,0.37,0.56,0.37,0.52,0.45,0.46,0.48,0.59,0.67,0.64,0.59,0.58,0.43,0.4,0.54,56.87,65.77,63.01,49.58,68.58,52.48,14.67,22.14,28.3,45.22,54.02,78.76,49.95,73.83,60.51,64.0,64.53,57.04,55.33,23.46,21.28,50.22,63.87,69.65,76.32,56.67,59.59,62.63,62.11,54.15,42.09,40.01,18.82,32.38,36.16,39.68,65.53,71.2,48.7,74.13,60.49,70.38,76.53,70.35,42.83,17.97,23.1,40.75,43.79,66.77,65.96,54.42,0.9,1.59,1.04,2.33,2.13,1.64,0.08,0.23,0.21,2.69,0.15,3.53,1.38,8.35,4.67,1.65,1.44,2.81,2.22,0.32,0.31,0.31,2.19,2.46,4.4,2.59,0.71,3.47,0.45,1.76,0.74,1.37,0.53,2.13,0.45,0.2,1.58,1.45,1.24,2.72,0.29,1.56,2.49,1.27,1.19,0.52,0.16,0.27,0.17,6.47,2.55,1.64
41.0,30.0,5.58,9.23,11.85,18.96,20.13,24.11,25.2,23.98,16.57,11.47,6.94,4.26,14.86,5.13,9.03,12.14,15.69,23.18,22.64,24.57,22.96,16.35,10.46,6.75,4.78,14.47,5.89,8.75,12.64,16.86,24.73,22.88,26.77,21.67,16.4,10.75,6.95,4.9,14.93,5.89,8.44,9.79,14.94,18.55,23.58,24.77,22.02,17.98,11.72,6.4,5.15,14.1,0.39,0.47,0.43,0.55,0.51,0.58,0.62,0.67,0.56,0.52,0.44,0.33,0.53,0.35,0.45,0.45,0.46,0.59,0.54,0.61,0.64,0.55,0.47,0.43,0.37,0.52,0.41,0.44,0.47,0.49,0.63,0.55,0.66,0.6,0.56,0.49,0.44,0.38,0.54,0.41,0.43,0.36,0.43,0.47,0.57,0.61,0.61,0.61,0.53,0.4,0.4,0.51,80.34,78.05,73.28,62.63,66.06,50.47,32.05,31.87,49.02,61.87,78.41,83.77,62.32,85.5,71.89,80.14,74.71,57.54,45.73,32.57,31.13,64.44,72.83,76.84,83.8,64.76,79.2,69.64,82.31,65.96,47.36,53.79,23.51,38.58,47.17,64.84,77.37,77.3,60.59,74.38,77.98,82.98,79.6,75.95,51.89,30.49,34.51,55.16,63.06,79.49,74.31,64.98,3.1,3.08,1.72,1.26,2.67,4.13,0.68,0.03,0.52,2.37,1.11,1.5,1.85,4.34,2.69,3.3,2.46,2.32,2.78,2.35,1.39,2.32,1.5,2.27,3.05,2.56,3.46,4.22,1.97,1.72,0.87,3.74,0.55,2.19,1.33,2.31,1.03,1.57,2.08,0.81,3.12,3.56,3.15,1.85,3.94,2.15,0.82,0.95,2.61,6.92,2.87,2.73
41.0,31.0,5.65,8.98,12.09,19.48,20.14,24.69,25.76,24.73,17.39,11.75,7.52,4.68,15.24,5.32,8.93,12.22,15.16,23.33,23.77,25.13,22.59,16.66,10.92,7.3,4.87,14.68,5.7,8.78,12.72,16.6,24.82,21.91,27.23,21.96,16.45,10.81,7.31,5.06,14.95,6.34,8.28,9.94,14.73,18.33,23.47,25.94,22.87,18.66,11.99,6.24,5.46,14.36,0.39,0.45,0.44,0.56,0.51,0.59,0.64,0.69,0.59,0.53,0.48,0.37,0.55,0.37,0.45,0.45,0.44,0.59,0.57,0.62,0.63,0.57,0.5,0.46,0.38,0.53,0.39,0.44,0.47,0.48,0.63,0.53,0.67,0.61,0.56,0.49,0.46,0.39,0.54,0.44,0.42,0.37,0.43,0.46,0.56,0.64,0.63,0.63,0.54,0.39,0.43,0.52,81.12,76.17,72.73,57.21,65.11,51.5,36.07,29.89,47.81,59.09,70.55,82.26,60.79,86.12,71.72,75.77,76.64,56.34,47.77,37.01,37.26,62.93,67.76,69.75,83.7,64.4,81.9,72.57,81.23,67.59,46.9,63.49,28.18,43.21,49.62,65.69,74.32,74.83,62.46,69.95,81.7,83.68,80.68,76.68,55.11,32.31,38.63,47.88,61.58,81.13,74.33,65.31,2.78,3.72,1.51,1.02,2.33,4.06,1.08,0.01,0.87,2.9,1.33,1.33,1.91,4.51,2.64,3.5,2.91,2.24,3.61,1.56,1.14,2.51,1.84,2.64,4.0,2.76,4.83,3.96,2.27,1.84,0.94,5.13,0.69,2.13,1.98,2.2,1.56,2.02,2.46,0.92,2.69,3.72,3.25,2.01,3.99,2.71,0.58,0.64,1.81,7.56,3.43,2.78
41.0,32.0,5.66,8.65,12.86,20.03,19.78,23.77,25.7,25.1,17.64,12.27,7.99,5.24,15.39,5.57,9.39,12.4,14.68,23.08,22.83,24.54,22.12,15.96,11.08,8.01,5.19,14.57,5.51,8.37,11.83,16.93,23.68,20.87,27.07,21.82,16.33,10.64,7.71,5.22,14.67,6.85,7.84,10.58,14.29,18.02,22.81,26.47,23.77,18.92,12.15,6.15,5.81,14.47,0.39,0.44,0.47,0.58,0.5,0.57,0.64,0.7,0.6,0.56,0.51,0.41,0.55,0.38,0.47,0.46,0.43,0.58,0.55,0.61,0.61,0.54,0.5,0.51,0.4,0.52,0.38,0.42,0.44,0.49,0.6,0.5,0.67,0.6,0.55,0.48,0.49,0.41,0.53,0.48,0.4,0.39,0.42,0.46,0.55,0.65,0.66,0.64,0.55,0.39,0.45,0.52,69.81,73.33,61.99,44.82,59.51,49.08,28.48,16.71,35.51,43.27,45.86,65.39,49.48,78.16,62.89,69.39,73.02,48.88,46.51,31.47,29.95,48.2,49.18,52.82,70.74,55.1,77.8,68.44,75.58,62.36,42.47,63.08,23.15,36.59,40.22,52.17,56.94,62.34,55.1,57.41,77.17,77.26,79.54,73.88,48.87,22.46,24.44,30.74,48.41,71.71,65.6,56.46,2.64,3.8,1.42,0.95,2.22,3.78,1.19,0.01,0.95,3.03,1.38,1.27,1.89,4.55,2.54,3.54,2.91,2.09,3.8,1.2,1.02,2.44,1.87,2.77,4.29,2.75,5.11,3.83,2.32,1.88,0.92,5.43,0.78,2.04,2.16,2.09,1.68,2.12,2.53,0.94,2.48,3.7,3.18,2.05,3.85,2.66,0.48,0.54,1.47,7.62,3.59,2.71
41.0,33.0,6.0,8.64,13.52,20.3,20.29,22.68,26.05,25.0,17.64,12.56,8.02,5.64,15.53,6.42,9.82,12.01,14.53,22.71,20.92,24.23,21.65,15.1,10.88,8.33,5.57,14.35,5.64,8.23,11.59,17.37,23.01,20.4,26.8,22.05,16.08,10.44,8.03,5.25,14.57,7.37,7.85,11.02,14.17,17.93,22.69,26.87,24.17,18.7,12.07,6.4,5.83,14.59,0.42,0.44,0.5,0.59,0.51,0.54,0.65,0.7,0.6,0.57,0.51,0.44,0.56,0.44,0.49,0.44,0.42,0.57,0.5,0.6,0.6,0.51,0.49,0.53,0.43,0.52,0.39,0.41,0.43,0.5,0.58,0.49,0.66,0.61,0.54,0.47,0.51,0.41,0.52,0.51,0.4,0.41,0.41,0.45,0.54,0.66,0.67,0.63,0.54,0.4,0.45,0.52,74.42,76.7,64.08,48.02,65.29,59.88,31.71,21.55,38.09,50.14,52.63,71.4,54.49,80.92,68.49,76.14,79.38,52.84,58.14,38.03,35.67,58.8,57.89,59.23,73.25,61.57,79.99,75.98,80.95,66.77,48.67,68.58,31.32,42.27,49.29,62.02,62.8,72.54,61.76,59.68,82.9,80.75,84.38,80.12,56.25,27.12,22.2,36.19,57.51,78.22,72.52,61.49,1.16,2.08,0.8,1.31,1.68,3.64,0.4,0.05,0.34,1.15,0.44,0.61,1.14,1.59,1.14,1.96,1.36,1.36,2.44,0.74,1.57,1.93,0.58,1.69,1.69,1.5,2.15,1.88,1.57,1.4,0.83,4.31,0.91,0.88,1.72,1.09,0.57,1.45,1.56,0.34,0.95,2.81,2.15,2.87,3.49,1.0,0.2,0.63,0.75,2.79,2.02,1.67
41.0,34.0,6.09,8.55,13.42,20.09,20.72,22.33,25.93,24.58,17.65,12.74,7.92,5.69,15.48,6.34,9.74,12.03,14.57,22.44,21.3,24.53,21.05,14.33,10.89,8.11,5.99,14.28,5.95,8.14,11.74,17.72,22.38,21.25,26.23,22.23,15.95,10.48,8.09,5.23,14.62,7.25,8.01,11.18,14.94,17.92,21.95,27.13,24.12,18.21,12.04,6.72,5.65,14.59,0.42,0.43,0.49,0.58,0.52,0.54,0.64,0.68,0.6,0.58,0.5,0.44,0.56,0.44,0.49,0.44,0.42,0.57,0.51,0.61,0.58,0.49,0.49,0.51,0.47,0.51,0.41,0.41,0.43,0.52,0.57,0.51,0.65,0.62,0.54,0.47,0.51,0.41,0.53,0.5,0.4,0.41,0.43,0.45,0.53,0.67,0.67,0.62,0.54,0.42,0.44,0.52,74.1,75.06,62.98,48.67,61.23,59.21,29.56,21.23,35.84,46.05,54.41,69.44,53.15,78.88,67.82,74.86,79.53,52.09,57.34,35.38,34.31,61.21,54.4,62.51,67.37,60.48,78.01,77.28,80.05,65.82,48.29,64.41,31.16,37.01,46.12,61.94,61.66,74.05,60.48,60.74,84.37,79.28,82.87,78.09,56.94,24.19,20.45,37.0,56.76,76.9,73.31,60.91,1.02,1.91,0.7,1.33,1.59,3.79,0.29,0.05,0.25,0.83,0.33,0.53,1.05,1.17,0.99,1.78,1.17,1.33,2.31,0.73,1.65,1.86,0.44,1.5,1.37,1.36,1.93,1.67,1.5,1.37,0.86,4.15,0.86,0.68,1.62,0.96,0.46,1.39,1.45,0.29,0.78,2.74,2.17,2.98,3.43,0.89,0.15,0.64,0.73,2.16,1.81,1.56
41.0,35.0,5.55,8.25,12.6,19.51,21.34,23.46,24.57,24.13,17.05,12.76,7.38,5.73,15.2,6.19,9.18,12.01,14.58,22.62,22.36,24.85,20.39,13.86,10.9,7.58,6.06,14.21,5.31,7.92,11.36,17.0,21.71,22.38,25.56,21.81,16.41,10.22,7.59,5.34,14.38,7.06,7.99,10.56,15.46,17.92,21.86,26.99,23.73,17.18,11.47,7.02,5.43,14.39,0.39,0.42,0.46,0.57,0.54,0.56,0.61,0.67,0.58,0.58,0.47,0.45,0.55,0.43,0.46,0.44,0.42,0.57,0.54,0.62,0.57,0.47,0.49,0.48,0.47,0.51,0.37,0.4,0.42,0.49,0.55,0.54,0.63,0.6,0.56,0.46,0.48,0.42,0.52,0.49,0.4,0.39,0.45,0.45,0.52,0.67,0.66,0.58,0.52,0.44,0.42,0.52,73.08,71.48,62.06,46.33,56.15,51.92,28.68,18.01,34.11,38.51,48.64,61.86,49.24,69.41,64.39,72.45,74.64,47.18,52.18,31.47,33.88,56.4,54.64,57.8,59.61,56.17,74.12,71.34,77.09,64.82,46.5,57.21,26.93,28.52,41.92,59.95,61.86,65.54,56.32,54.36,80.04,78.9,78.35,73.24,54.28,20.59,18.4,37.04,52.57,68.32,69.47,57.13,1.26,1.82,0.51,1.02,1.52,3.66,0.23,0.07,0.14,0.43,0.47,0.7,0.99,1.12,0.86,1.84,0.92,1.42,2.42,0.78,1.45,1.56,0.57,1.32,1.45,1.31,2.6,1.63,1.54,1.15,0.97,3.69,0.59,0.34,1.21,0.99,0.66,1.49,1.4,0.47,0.77,2.67,2.64,2.94,3.28,1.14,0.07,0.69,1.07,1.94,1.62,1.61
41.0,36.0,5.29,8.09,11.87,18.64,21.48,24.59,24.31,23.48,16.47,12.24,6.95,5.62,14.92,6.0,9.17,12.22,15.02,22.37,23.37,24.37,19.35,13.91,10.53,7.3,5.83,14.12,5.19,7.85,11.54,16.45,21.49,22.18,24.81,20.66,15.92,9.95,7.07,5.59,14.06,6.88,7.84,9.69,15.25,18.35,22.29,26.19,22.61,16.87,10.75,6.89,5.1,14.06,0.37,0.41,0.44,0.54,0.54,0.59,0.6,0.65,0.56,0.56,0.44,0.44,0.54,0.41,0.46,0.45,0.44,0.57,0.56,0.6,0.54,0.47,0.48,0.46,0.45,0.51,0.36,0.4,0.42,0.48,0.54,0.53,0.61,0.57,0.54,0.45,0.45,0.44,0.51,0.48,0.4,0.36,0.44,0.46,0.54,0.65,0.63,0.57,0.49,0.43,0.4,0.51,85.65,80.26,77.3,58.99,70.49,56.8,43.45,36.54,54.62,61.25,74.26,77.73,64.78,82.14,76.49,78.2,81.38,55.89,57.69,45.97,52.27,72.7,71.81,74.2,75.88,68.72,85.7,78.13,85.63,75.32,59.42,69.67,44.02,49.76,58.89,74.98,81.22,78.86,70.13,68.11,89.62,87.8,84.28,80.19,62.46,35.64,37.94,56.95,70.67,82.66,83.11,69.95,2.59,2.31,0.96,0.97,1.45,2.01,0.21,0.56,0.38,0.5,2.12,0.91,1.25,1.64,1.72,2.37,1.01,2.16,2.17,1.13,1.21,2.03,1.48,2.04,1.37,1.69,4.28,1.97,2.63,1.19,1.23,2.69,0.36,0.57,1.87,1.68,1.41,1.98,1.82,1.5,2.13,2.83,3.6,2.53,3.74,1.61,0.05,1.31,2.79,2.09,2.0,2.18
41.0,37.0,5.51,8.34,12.09,18.82,21.17,24.74,24.38,22.57,16.66,12.48,6.79,5.74,14.94,5.9,9.59,12.8,15.59,22.43,23.73,24.15,19.05,14.2,10.62,7.09,5.61,14.23,4.88,7.93,11.61,15.91,21.54,21.75,23.67,19.67,15.63,9.97,6.98,5.7,13.77,6.92,7.91,9.51,15.8,18.03,22.25,25.44,22.1,17.36,10.6,6.67,4.95,13.96,0.38,0.42,0.44,0.55,0.54,0.59,0.6,0.63,0.57,0.57,0.43,0.45,0.54,0.41,0.48,0.47,0.45,0.57,0.57,0.6,0.53,0.48,0.48,0.45,0.44,0.51,0.34,0.4,0.43,0.46,0.55,0.52,0.59,0.55,0.53,0.45,0.44,0.44,0.5,0.48,0.4,0.35,0.46,0.46,0.53,0.63,0.61,0.59,0.48,0.42,0.39,0.5,85.03,80.42,77.24,58.54,69.13,51.22,41.74,32.72,50.3,53.27,76.56,76.41,62.71,82.23,75.03,77.59,79.38,53.44,49.72,41.88,53.72,69.38,69.71,73.91,75.67,66.81,85.88,77.26,84.8,73.82,56.43,68.09,44.99,53.56,56.95,73.29,78.06,78.55,69.31,65.4,89.12,86.65,79.5,77.43,60.75,30.95,32.62,51.11,69.72,81.73,82.19,67.26,3.11,2.72,1.25,1.03,1.58,1.97,0.32,1.04,0.77,0.59,2.86,1.01,1.52,1.85,2.13,2.57,1.08,2.23,1.99,1.39,1.71,2.64,1.89,2.3,1.42,1.93,4.46,1.83,3.22,1.19,1.33,2.54,0.82,0.84,2.28,2.15,1.57,2.14,2.03,1.56,2.76,3.04,3.7,2.38,3.9,2.14,0.11,1.58,3.29,2.25,2.05,2.4
41.0,39.0,5.55,8.45,11.97,18.53,19.54,24.79,22.39,20.7,16.5,12.89,6.74,5.86,14.49,6.15,9.11,13.45,15.63,22.92,23.17,22.97,17.48,12.63,11.0,7.2,5.51,13.94,4.82,8.28,11.49,15.82,21.39,20.87,21.23,19.33,15.37,8.92,7.04,5.26,13.32,7.26,8.09,9.59,15.01,18.27,20.98,24.34,21.25,17.06,10.86,6.63,4.97,13.69,0.39,0.43,0.44,0.54,0.49,0.6,0.55,0.58,0.56,0.59,0.43,0.46,0.52,0.42,0.46,0.49,0.45,0.58,0.56,0.57,0.49,0.43,0.5,0.46,0.43,0.5,0.33,0.42,0.42,0.46,0.54,0.5,0.53,0.54,0.52,0.4,0.45,0.41,0.48,0.5,0.41,0.35,0.44,0.46,0.5,0.6,0.59,0.58,0.49,0.42,0.39,0.49,86.46,83.12,78.53,68.63,73.45,55.91,57.77,44.28,51.77,51.2,79.41,78.31,67.4,81.55,79.41,78.24,82.99,57.24,58.45,53.67,67.47,73.52,71.15,70.83,79.27,71.15,89.9,80.96,85.73,76.55,62.75,74.44,55.88,63.49,57.9,77.87,78.3,80.71,73.71,64.14,89.53,87.34,77.96,75.25,66.43,39.73,43.13,59.08,70.87,82.77,81.77,69.83,4.92,4.71,2.44,1.64,3.14,1.96,1.83,1.96,1.73,1.3,7.11,1.97,2.89,3.22,3.1,3.58,1.33,1.43,1.42,2.17,3.65,5.69,4.16,3.15,2.52,2.95,4.78,1.83,5.5,1.35,2.11,1.65,2.27,1.23,3.85,4.02,2.11,2.79,2.79,1.43,4.65,3.89,4.7,2.25,3.83,3.08,0.86,2.86,3.68,4.55,2.23,3.17
41.0,41.0,6.01,8.02,12.14,16.73,18.89,23.88,20.28,19.46,16.87,13.5,6.39,6.15,14.03,6.08,8.1,12.55,14.64,22.44,21.14,20.67,17.55,11.83,10.43,7.39,5.63,13.2,5.09,8.36,10.7,17.36,20.5,18.1,18.06,20.28,15.06,9.5,6.59,5.44,12.92,7.78,7.3,9.24,15.23,18.18,19.53,22.69,20.18,15.45,11.04,6.52,5.22,13.2,0.42,0.4,0.45,0.49,0.48,0.57,0.5,0.54,0.57,0.61,0.41,0.48,0.5,0.42,0.41,0.46,0.43,0.57,0.51,0.51,0.49,0.4,0.47,0.47,0.44,0.48,0.35,0.42,0.39,0.5,0.52,0.43,0.45,0.56,0.51,0.43,0.42,0.42,0.46,0.54,0.37,0.34,0.44,0.46,0.47,0.56,0.56,0.52,0.5,0.41,0.41,0.47,83.91,84.41,77.49,76.58,75.24,63.95,78.15,64.63,63.67,54.15,78.87,72.47,72.79,79.81,82.64,81.06,84.47,58.99,71.32,73.37,79.44,84.88,71.12,71.38,76.33,76.23,89.34,81.51,89.72,73.5,63.97,83.43,77.26,68.57,64.35,81.36,83.87,78.29,77.93,60.1,92.07,91.12,79.29,78.74,78.02,60.52,65.49,76.3,68.95,82.71,80.42,76.14,5.21,5.33,2.35,2.52,3.58,1.96,3.32,3.25,1.91,2.01,4.82,3.3,3.3,3.39,3.11,4.32,1.06,1.06,1.38,3.86,2.36,7.23,7.16,2.8,4.57,3.52,5.42,1.65,4.14,1.56,2.64,3.25,0.92,0.73,5.5,6.41,2.87,3.05,3.18,2.52,6.58,3.97,3.37,2.26,4.91,3.36,1.81,3.22,6.48,9.09,3.82,4.28
41.0,42.0,6.84,9.7,13.63,18.47,19.63,23.74,21.6,20.78,17.95,13.98,6.87,6.28,14.96,7.15,9.67,13.45,16.65,22.42,22.67,21.14,19.92,14.01,11.07,7.89,5.88,14.33,6.06,10.23,13.27,18.65,19.89,19.85,20.64,22.25,16.1,10.72,7.13,5.94,14.23,8.3,9.11,10.26,15.81,18.31,19.67,23.0,22.15,16.68,11.32,6.71,5.8,13.93,0.48,0.49,0.5,0.54,0.5,0.57,0.54,0.58,0.61,0.64,0.44,0.49,0.54,0.49,0.49,0.49,0.48,0.57,0.54,0.52,0.55,0.48,0.5,0.5,0.46,0.52,0.42,0.52,0.49,0.54,0.5,0.48,0.51,0.62,0.54,0.49,0.45,0.46,0.51,0.58,0.46,0.38,0.46,0.46,0.47,0.57,0.61,0.56,0.51,0.42,0.45,0.5,76.96,78.85,72.62,68.93,66.76,55.95,61.03,48.84,41.61,34.29,69.83,70.76,62.2,77.36,76.78,78.17,78.42,50.53,56.9,61.39,57.73,68.52,54.6,60.67,71.18,66.02,83.4,73.81,83.92,65.16,62.41,68.09,59.62,43.63,47.16,68.16,74.35,70.96,66.72,55.88,86.64,88.0,77.8,74.06,68.72,47.78,42.46,52.37,56.88,73.74,76.22,66.71,4.08,4.31,1.89,2.33,3.39,1.89,2.79,2.47,1.49,1.59,3.57,2.48,2.69,2.71,2.29,3.65,1.02,0.93,1.14,3.04,1.87,5.2,4.99,1.92,3.44,2.68,4.23,1.22,3.17,1.35,2.38,3.04,0.65,0.64,3.82,4.87,2.24,2.42,2.5,2.14,5.51,3.41,3.09,2.23,4.0,3.13,1.32,2.28,4.82,7.51,3.29,3.56
41.0,43.0,6.97,10.2,13.18,17.16,20.13,23.92,22.91,21.47,17.91,13.94,7.03,6.48,15.11,6.53,10.67,12.9,17.36,22.85,24.17,22.27,21.27,15.35,11.16,8.1,5.58,14.85,7.17,10.4,11.62,18.35,19.8,20.69,23.83,23.52,16.74,11.3,7.47,5.58,14.71,7.82,11.1,10.67,16.14,18.5,20.19,24.14,23.27,16.9,11.38,7.07,6.04,14.44,0.48,0.51,0.48,0.5,0.51,0.57,0.57,0.6,0.61,0.63,0.45,0.51,0.54,0.45,0.54,0.47,0.5,0.58,0.58,0.55,0.59,0.52,0.51,0.51,0.43,0.53,0.5,0.52,0.43,0.53,0.5,0.5,0.59,0.65,0.57,0.51,0.47,0.44,0.53,0.54,0.56,0.39,0.47,0.47,0.49,0.6,0.64,0.57,0.51,0.45,0.47,0.52,72.39,74.41,73.15,70.63,64.83,56.72,54.68,43.15,40.67,33.71,68.92,73.04,60.52,75.63,71.64,77.98,78.52,52.7,51.38,58.1,48.57,60.93,53.73,57.96,72.65,63.32,78.08,68.5,82.62,67.98,62.87,66.37,49.95,33.64,44.3,64.32,69.26,71.15,63.25,54.11,80.93,87.96,79.96,75.06,67.68,43.01,37.74,50.82,57.16,70.07,74.54,64.92,0.47,1.31,1.58,3.85,3.31,1.62,1.94,1.12,0.75,0.89,1.08,1.38,1.61,2.39,1.26,2.04,1.56,1.79,1.5,1.56,1.62,1.6,1.24,0.47,1.48,1.54,2.4,2.46,2.16,1.02,2.69,2.88,0.66,1.23,0.95,1.05,0.55,0.59,1.55,0.4,1.31,2.81,2.56,2.52,3.74,2.26,0.96,0.95,0.96,1.55,1.26,1.77
42.0,27.0,6.68,9.07,12.87,19.55,20.11,22.82,26.57,22.56,17.6,10.45,6.03,3.36,14.81,5.35,9.32,12.33,16.88,21.43,20.35,25.7,22.73,15.33,8.16,6.22,4.4,14.02,6.33,8.76,13.21,18.04,23.86,22.79,26.53,20.85,17.24,12.26,6.35,4.8,15.08,4.81,9.01,12.35,14.51,19.47,24.63,25.35,22.22,16.32,12.3,6.46,5.19,14.38,0.49,0.47,0.48,0.57,0.51,0.55,0.66,0.63,0.61,0.49,0.4,0.28,0.54,0.39,0.48,0.46,0.49,0.54,0.49,0.64,0.63,0.53,0.38,0.41,0.36,0.51,0.46,0.45,0.49,0.53,0.61,0.55,0.66,0.58,0.59,0.57,0.42,0.39,0.55,0.35,0.47,0.46,0.43,0.49,0.59,0.63,0.62,0.56,0.57,0.42,0.42,0.52,59.07,66.96,64.58,46.9,70.62,58.33,21.53,30.11,31.08,55.61,65.99,86.85,54.8,76.88,64.89,65.49,63.9,59.68,59.4,27.49,27.99,58.28,69.28,70.14,79.75,60.26,63.74,62.67,66.85,57.59,44.89,45.97,24.3,36.71,46.95,48.28,69.91,69.28,53.1,72.86,70.08,68.55,79.25,67.02,49.52,26.73,29.18,45.6,48.43,69.89,62.5,57.47,0.5,1.48,1.0,1.85,2.1,2.5,0.04,0.3,0.53,2.61,0.32,2.69,1.33,5.84,2.05,1.22,2.35,1.2,2.21,0.49,0.5,0.56,2.52,1.62,4.36,2.08,0.62,3.06,0.21,1.74,0.81,1.96,0.72,1.16,1.13,0.16,1.51,1.44,1.21,1.6,0.35,1.14,3.14,1.43,1.17,0.9,0.52,0.62,0.17,4.04,2.3,1.45
42.0,35.0,5.25,8.77,13.01,20.69,22.72,24.77,25.97,23.76,17.12,11.89,6.35,5.08,15.45,5.37,8.81,12.0,14.91,22.83,24.65,25.25,20.21,15.94,10.55,6.84,5.36,14.39,4.91,8.06,12.62,16.9,23.32,23.12,27.3,22.83,16.2,10.99,6.57,4.74,14.8,5.97,7.19,9.9,17.0,18.72,24.59,26.97,23.54,17.92,11.67,6.13,4.63,14.52,0.38,0.46,0.49,0.6,0.58,0.6,0.64,0.66,0.59,0.55,0.42,0.42,0.56,0.39,0.46,0.45,0.44,0.58,0.59,0.63,0.56,0.55,0.49,0.45,0.44,0.52,0.36,0.42,0.47,0.5,0.59,0.56,0.68,0.64,0.56,0.51,0.43,0.39,0.54,0.43,0.37,0.37,0.5,0.48,0.59,0.67,0.66,0.61,0.54,0.4,0.38,0.53,86.49,82.96,70.52,61.58,64.41,53.28,26.66,20.7,41.64,55.64,82.63,79.37,60.49,84.85,80.54,82.69,81.22,58.27,51.16,33.68,38.81,62.27,70.82,76.92,78.4,66.64,88.36,80.43,85.38,73.51,53.07,61.24,22.21,26.38,55.0,69.4,81.85,85.09,65.16,75.31,90.6,89.83,78.23,76.98,50.19,26.39,20.26,45.5,67.38,83.67,84.15,65.71,3.08,2.87,0.94,1.21,1.41,2.36,0.48,0.33,0.54,0.89,1.54,1.71,1.45,2.28,1.89,2.36,1.65,2.41,1.9,1.28,3.35,2.29,1.32,1.94,2.59,2.11,4.25,2.22,2.87,1.03,1.31,3.72,0.58,0.61,2.24,1.58,0.65,2.75,1.98,1.11,2.63,3.11,2.39,2.13,4.02,1.5,0.11,0.75,2.03,4.0,2.56,2.2
36.33,29.33,9.303,11.353,16.381,21.264,25.714,27.86,29.12,25.7,21.041,15.115,11.027,7.755,18.471,7.782,13.807,16.269,21.606,27.843,27.984,28.472,26.093,20.864,15.375,10.592,7.27,18.661,8.313,11.601,15.487,22.499,25.508,26.785,29.479,24.673,21.843,15.342,10.452,8.786,18.399,9.279,13.256,15.607,19.91,21.042,26.028,29.366,25.947,20.804,15.526,9.88,8.122,17.898,0.536,0.501,0.559,0.594,0.645,0.671,0.721,0.696,0.674,0.616,0.594,0.493,0.627,0.445,0.613,0.553,0.606,0.698,0.674,0.705,0.706,0.669,0.628,0.568,0.461,0.633,0.48,0.516,0.53,0.632,0.638,0.645,0.726,0.666,0.697,0.625,0.562,0.555,0.626,0.534,0.589,0.536,0.559,0.525,0.627,0.724,0.7,0.662,0.63,0.526,0.514,0.605,54.784,60.339,56.262,50.24,36.347,27.233,11.062,13.669,16.159,37.92,41.929,58.544,38.709,73.102,44.556,54.216,53.996,30.315,24.607,14.899,11.978,20.745,34.1,51.929,66.513,40.077,63.246,61.352,61.632,44.138,36.851,29.881,10.144,19.527,16.251,30.494,46.274,49.835,39.137,48.153,46.837,59.91,57.851,62.89,32.244,10.934,12.715,26.097,34.831,52.82,57.19,41.874,2.579,3.184,1.218,0.83,0.808,0.293,0.042,0.093,0.116,1.259,1.107,5.498,1.42,3.438,0.682,1.623,0.226,0.041,0.399,0.052,0.006,0.25,1.152,1.855,7.539,1.439,6.684,3.347,2.186,0.216,0.169,0.561,0.026,0.355,0.054,1.079,3.127,2.853,1.72,4.269,0.777,1.61,1.66,1.779,0.725,0.02,0.02,0.419,0.41,4.295,3.707,1.642
36.33,30.0,8.888,11.026,16.203,21.113,25.753,27.914,29.054,25.523,20.941,14.97,10.826,7.52,18.312,7.742,13.577,16.26,21.451,27.567,27.872,28.285,25.806,20.489,15.418,10.587,7.045,18.507,8.426,11.403,15.659,22.733,25.48,26.536,29.295,24.649,21.695,15.001,10.521,8.725,18.345,9.278,13.276,15.457,19.846,21.138,25.806,29.229,25.631,20.786,15.287,9.883,8.18,17.819,0.513,0.487,0.553,0.592,0.646,0.675,0.719,0.692,0.674,0.61,0.584,0.479,0.621,0.441,0.599,0.553,0.601,0.69,0.672,0.699,0.7,0.655,0.63,0.57,0.446,0.629,0.485,0.506,0.536,0.637,0.639,0.64,0.721,0.668,0.694,0.61,0.564,0.55,0.622,0.534,0.59,0.53,0.559,0.528,0.62,0.72,0.691,0.663,0.622,0.528,0.516,0.603,61.157,64.336,59.18,52.957,37.707,29.473,14.084,17.78,19.173,41.079,46.386,63.562,42.239,74.649,49.23,57.207,57.53,33.447,26.595,17.812,15.614,25.396,36.399,54.1,70.956,43.242,67.099,65.185,64.733,46.708,37.747,32.07,13.656,22.3,19.993,35.653,49.844,53.311,42.358,52.16,49.861,62.368,59.47,62.412,34.446,12.838,17.493,28.551,37.693,55.493,59.478,44.355,3.364,3.155,0.983,0.882,1.366,0.224,0.04,0.125,0.123,1.079,1.263,7.0,1.636,3.918,0.672,1.648,0.33,0.043,0.608,0.077,0.021,0.318,1.025,2.119,7.978,1.566,7.419,3.878,1.978,0.16,0.174,0.655,0.041,0.204,0.067,1.179,3.625,3.001,1.863,5.195,0.89,1.989,1.87,2.143,0.58,0.024,0.017,0.35,0.426,3.595,3.947,1.753
36.33,30.33,8.885,10.942,16.222,21.139,25.823,27.976,29.05,25.564,21.023,15.049,10.779,7.527,18.332,7.749,13.63,16.326,21.478,27.544,27.865,28.276,25.789,20.554,15.551,10.558,7.027,18.528,8.421,11.446,15.768,22.816,25.562,26.642,29.284,24.672,21.762,15.016,10.555,8.686,18.386,9.358,13.339,15.527,19.994,21.284,25.898,29.212,25.572,20.871,15.37,9.879,8.21,17.878,0.513,0.484,0.553,0.594,0.648,0.676,0.719,0.693,0.676,0.614,0.581,0.479,0.622,0.443,0.602,0.556,0.603,0.689,0.672,0.698,0.7,0.657,0.635,0.569,0.446,0.629,0.484,0.508,0.539,0.639,0.641,0.643,0.722,0.669,0.696,0.611,0.567,0.548,0.623,0.539,0.593,0.533,0.562,0.532,0.624,0.719,0.69,0.666,0.625,0.528,0.52,0.606,59.832,63.364,58.144,52.128,37.032,28.38,13.152,16.568,17.538,39.108,44.236,62.086,40.963,73.487,47.362,56.321,56.854,32.644,25.382,16.737,14.756,23.692,33.526,52.306,69.85,41.907,65.945,64.104,63.719,46.071,36.537,30.861,12.875,21.138,18.441,33.87,47.524,51.555,41.053,50.227,47.84,60.965,58.16,61.198,33.537,12.131,16.905,26.681,35.404,53.646,57.326,42.836,3.462,3.106,1.044,0.876,1.537,0.245,0.042,0.149,0.125,1.074,1.301,6.779,1.646,4.004,0.706,1.74,0.38,0.047,0.69,0.113,0.033,0.302,0.929,2.199,7.448,1.551,7.356,4.067,1.916,0.172,0.214,0.67,0.048,0.197,0.084,1.196,3.584,3.303,1.898,4.884,0.914,2.14,1.866,2.34,0.614,0.032,0.019,0.358,0.474,3.498,4.125,1.772
36.33,29.67,8.997,11.094,16.246,21.135,25.699,27.865,29.059,25.56,20.985,15.033,10.872,7.6,18.347,7.756,13.648,16.233,21.488,27.634,27.83,28.319,25.887,20.572,15.432,10.602,7.114,18.542,8.373,11.471,15.559,22.655,25.445,26.557,29.342,24.632,21.747,15.093,10.512,8.754,18.346,9.294,13.241,15.453,19.84,21.056,25.819,29.26,25.706,20.798,15.372,9.88,8.18,17.827,0.52,0.49,0.555,0.592,0.645,0.673,0.719,0.693,0.674,0.613,0.587,0.484,0.623,0.443,0.604,0.552,0.603,0.692,0.671,0.7,0.702,0.659,0.631,0.57,0.451,0.63,0.482,0.51,0.533,0.635,0.638,0.64,0.723,0.667,0.695,0.614,0.564,0.553,0.622,0.535,0.589,0.53,0.558,0.526,0.621,0.721,0.693,0.663,0.625,0.528,0.517,0.603,59.123,63.25,58.462,52.317,37.556,29.023,13.049,16.415,18.005,39.966,44.739,61.849,41.146,74.134,47.659,56.479,56.595,32.53,26.323,16.893,14.458,24.003,35.24,53.143,69.426,42.237,65.867,64.055,63.962,46.024,37.63,31.702,12.468,21.413,18.631,34.088,48.472,52.043,41.363,50.628,48.92,61.855,59.19,62.675,34.109,12.187,16.022,27.631,36.689,54.431,58.424,43.564,3.138,3.14,1.06,0.88,1.228,0.258,0.042,0.123,0.123,1.13,1.233,6.515,1.574,3.792,0.674,1.677,0.301,0.045,0.588,0.074,0.018,0.297,1.032,2.086,7.749,1.53,7.124,3.744,2.006,0.187,0.19,0.646,0.038,0.236,0.067,1.179,3.448,3.027,1.822,4.862,0.849,1.918,1.82,2.108,0.65,0.023,0.019,0.369,0.435,3.791,3.869,1.727
36.33,32.33,7.864,10.289,15.182,19.866,26.007,28.446,29.216,26.007,21.153,15.82,9.803,7.709,18.112,8.155,12.782,15.469,20.532,27.549,27.082,27.956,25.349,20.19,15.894,10.348,7.098,18.201,7.861,11.343,14.83,22.254,24.687,26.433,29.429,24.866,22.164,14.499,10.517,8.263,18.097,9.437,11.911,15.261,20.066,22.258,25.659,29.198,25.754,21.235,15.325,10.328,8.381,17.9,0.454,0.456,0.516,0.557,0.652,0.688,0.723,0.707,0.679,0.647,0.528,0.488,0.613,0.468,0.565,0.527,0.578,0.691,0.653,0.69,0.688,0.647,0.648,0.556,0.45,0.619,0.453,0.502,0.509,0.625,0.62,0.638,0.728,0.674,0.71,0.593,0.564,0.523,0.61,0.546,0.528,0.524,0.566,0.561,0.618,0.723,0.696,0.676,0.623,0.552,0.53,0.609,65.757,64.11,58.177,54.652,33.858,23.79,9.143,13.177,14.822,31.222,44.545,57.121,39.195,67.57,42.051,56.315,58.706,29.822,24.539,15.934,15.204,21.524,26.903,49.261,66.497,39.529,66.166,64.46,64.298,43.44,35.968,29.403,10.418,16.219,15.231,36.442,45.511,49.671,39.767,44.201,50.577,60.997,58.21,55.201,35.754,11.518,15.257,20.134,35.297,46.572,51.433,40.429,4.315,3.463,1.259,0.835,2.079,0.176,0.043,0.164,0.162,0.612,1.755,4.205,1.588,4.734,0.941,2.224,0.765,0.033,0.565,0.295,0.156,0.29,0.472,2.07,5.167,1.475,7.933,4.503,1.734,0.143,0.312,0.611,0.067,0.13,0.163,1.147,3.11,4.034,1.991,2.971,1.591,2.627,1.799,2.144,0.61,0.077,0.052,0.313,0.781,3.111,5.24,1.778
36.33,33.0,7.579,10.149,15.186,20.302,26.265,28.602,29.19,26.242,21.163,16.163,9.903,8.026,18.232,8.6,12.75,15.973,20.717,27.524,27.465,28.235,25.413,20.394,16.179,10.457,7.259,18.415,7.752,11.137,14.679,22.721,24.986,26.81,29.605,25.143,22.232,14.781,10.545,8.277,18.225,9.631,11.803,15.638,20.412,22.939,26.019,29.29,25.766,21.519,15.332,10.441,8.597,18.117,0.437,0.452,0.516,0.568,0.657,0.691,0.724,0.713,0.677,0.662,0.532,0.506,0.618,0.493,0.564,0.547,0.579,0.692,0.661,0.697,0.692,0.65,0.66,0.56,0.46,0.626,0.444,0.495,0.504,0.638,0.627,0.645,0.733,0.682,0.712,0.602,0.566,0.525,0.615,0.556,0.523,0.537,0.576,0.578,0.625,0.722,0.696,0.683,0.623,0.558,0.543,0.615,67.514,65.213,57.523,52.994,32.214,22.708,9.462,12.699,14.807,29.204,44.892,53.06,38.524,64.895,41.566,53.516,57.346,29.437,22.268,14.213,15.536,20.307,25.695,48.458,66.22,38.29,66.21,63.552,62.056,41.289,35.362,27.762,10.443,13.812,14.728,35.944,46.045,48.102,38.773,41.912,50.851,60.198,57.333,50.671,35.228,12.969,14.709,18.81,35.425,45.481,49.874,39.454,4.633,3.727,1.206,0.774,1.574,0.139,0.032,0.1,0.187,0.191,2.061,2.866,1.456,5.082,0.932,2.37,0.72,0.03,0.286,0.192,0.25,0.349,0.242,1.674,4.999,1.429,7.652,3.415,1.686,0.133,0.281,0.531,0.057,0.108,0.142,1.069,2.277,2.528,1.658,1.803,2.07,2.333,1.38,1.563,0.599,0.074,0.112,0.25,0.773,2.903,4.96,1.57
36.33,33.33,7.586,10.182,15.126,20.391,26.211,28.462,29.048,26.131,21.053,16.107,9.927,8.087,18.194,8.642,12.926,15.971,20.622,27.412,27.577,28.204,25.317,20.423,16.19,10.425,7.313,18.419,7.721,11.144,14.695,22.59,24.867,26.785,29.504,24.976,22.111,14.73,10.503,8.281,18.16,9.609,12.014,15.509,20.397,23.042,25.978,29.167,25.606,21.413,15.253,10.413,8.61,18.085,0.437,0.453,0.515,0.571,0.656,0.688,0.72,0.71,0.674,0.66,0.535,0.511,0.618,0.495,0.572,0.546,0.577,0.688,0.664,0.696,0.688,0.652,0.661,0.559,0.464,0.625,0.443,0.495,0.504,0.634,0.624,0.645,0.73,0.678,0.707,0.6,0.563,0.526,0.615,0.555,0.534,0.533,0.575,0.58,0.624,0.719,0.692,0.681,0.62,0.556,0.545,0.614,67.403,65.553,57.949,53.155,32.951,23.948,10.454,13.194,15.607,29.574,45.346,52.851,38.999,65.191,42.047,53.86,57.803,30.068,22.859,14.515,15.953,20.765,25.893,48.523,66.04,38.628,66.758,63.782,62.594,42.306,36.155,28.463,10.842,14.815,15.555,36.09,46.341,48.444,39.343,42.657,51.356,60.876,57.836,50.667,35.831,13.375,15.697,19.38,35.636,46.264,50.212,39.98,4.519,3.431,1.241,0.718,1.444,0.14,0.027,0.079,0.182,0.156,2.052,2.732,1.392,4.6,0.893,2.195,0.701,0.032,0.263,0.171,0.239,0.356,0.22,1.619,4.793,1.341,7.234,3.102,1.577,0.14,0.286,0.496,0.048,0.087,0.14,1.079,2.149,2.279,1.552,1.659,2.021,2.185,1.282,1.466,0.576,0.064,0.113,0.222,0.749,2.692,4.513,1.464
36.33,32.67,7.637,10.214,15.135,20.127,26.167,28.522,29.186,26.165,21.135,16.06,9.844,7.95,18.179,8.472,12.754,15.76,20.57,27.499,27.334,28.137,25.352,20.306,16.091,10.418,7.234,18.328,7.766,11.194,14.634,22.534,24.797,26.653,29.523,25.042,22.192,14.659,10.526,8.249,18.149,9.567,11.786,15.486,20.28,22.745,25.859,29.219,25.749,21.412,15.301,10.415,8.546,18.03,0.441,0.454,0.514,0.564,0.655,0.689,0.723,0.711,0.677,0.658,0.53,0.503,0.616,0.486,0.564,0.539,0.576,0.691,0.658,0.695,0.689,0.649,0.656,0.559,0.459,0.623,0.446,0.497,0.503,0.633,0.622,0.642,0.731,0.679,0.71,0.598,0.565,0.523,0.613,0.553,0.522,0.532,0.572,0.573,0.622,0.722,0.696,0.681,0.622,0.557,0.541,0.613,67.549,65.095,58.23,53.986,33.115,23.53,9.475,12.966,15.095,30.039,45.188,54.348,39.05,65.914,41.91,54.849,58.364,29.964,23.548,14.951,15.647,21.081,26.264,48.885,66.341,38.978,66.631,64.443,63.23,42.312,36.15,28.79,10.544,14.659,15.173,36.596,46.118,49.07,39.474,42.695,51.627,60.823,58.155,52.313,36.029,12.698,15.147,19.486,35.782,46.124,50.432,40.108,4.52,3.619,1.24,0.791,1.708,0.15,0.034,0.112,0.178,0.296,1.983,3.198,1.484,4.885,0.93,2.312,0.737,0.031,0.359,0.222,0.217,0.335,0.307,1.78,5.002,1.427,7.671,3.699,1.686,0.141,0.297,0.551,0.058,0.108,0.151,1.092,2.517,2.911,1.742,2.106,1.912,2.406,1.505,1.706,0.606,0.074,0.092,0.261,0.781,2.94,4.951,1.614
36.33,34.0,7.716,10.222,15.074,20.887,26.062,28.08,28.426,25.757,20.633,15.94,9.994,8.265,18.089,8.923,13.581,16.229,20.639,27.149,27.994,28.055,25.135,20.596,16.178,10.27,7.398,18.513,7.627,11.211,15.136,22.135,24.848,26.906,29.214,24.344,21.625,14.653,10.336,8.369,18.033,9.487,12.917,15.216,20.407,23.727,26.024,28.861,25.024,21.086,15.005,10.376,8.552,18.055,0.443,0.451,0.514,0.584,0.652,0.678,0.703,0.698,0.663,0.654,0.54,0.522,0.616,0.51,0.6,0.553,0.578,0.68,0.673,0.692,0.68,0.656,0.661,0.551,0.468,0.626,0.437,0.496,0.515,0.619,0.624,0.648,0.722,0.661,0.69,0.595,0.551,0.531,0.613,0.546,0.576,0.524,0.575,0.597,0.624,0.711,0.677,0.673,0.607,0.553,0.54,0.614,65.653,66.031,56.937,51.676,33.602,26.537,14.921,15.426,18.582,29.242,46.752,51.753,39.762,64.327,42.266,52.182,56.835,30.171,22.789,15.892,17.048,20.992,26.056,48.329,65.397,38.525,68.292,61.192,61.765,43.899,36.29,29.09,12.473,19.54,17.915,34.988,47.515,47.766,40.059,45.268,49.638,62.359,57.127,48.118,35.893,15.029,19.32,19.91,35.894,47.455,51.5,40.623,4.333,2.596,1.3,0.528,1.092,0.143,0.013,0.036,0.175,0.036,2.013,2.31,1.215,3.468,0.878,1.62,0.667,0.034,0.132,0.097,0.28,0.41,0.132,1.423,4.239,1.114,6.202,2.021,1.334,0.101,0.267,0.388,0.019,0.04,0.115,1.013,1.676,1.609,1.232,1.183,2.177,1.665,0.96,1.063,0.418,0.046,0.15,0.17,0.706,1.998,3.312,1.155
36.33,33.67,7.648,10.205,15.04,20.719,26.083,28.173,28.605,25.89,20.761,16.006,9.984,8.227,18.113,8.837,13.363,16.13,20.585,27.195,27.878,28.118,25.171,20.545,16.197,10.316,7.393,18.478,7.638,11.153,14.956,22.261,24.803,26.845,29.312,24.541,21.758,14.69,10.373,8.324,18.054,9.529,12.615,15.289,20.375,23.528,25.998,28.945,25.206,21.194,15.077,10.385,8.576,18.059,0.44,0.452,0.513,0.58,0.653,0.68,0.708,0.702,0.666,0.656,0.539,0.521,0.616,0.505,0.591,0.55,0.576,0.682,0.67,0.694,0.682,0.655,0.662,0.554,0.468,0.626,0.438,0.495,0.51,0.623,0.623,0.647,0.725,0.667,0.695,0.597,0.554,0.529,0.613,0.549,0.562,0.526,0.574,0.592,0.624,0.713,0.682,0.676,0.611,0.554,0.542,0.614,66.15,65.934,57.62,52.405,33.764,26.113,13.831,14.897,17.908,29.398,46.2,51.622,39.656,64.511,42.198,52.909,57.501,30.473,23.08,15.633,17.027,21.146,26.021,48.338,65.285,38.678,67.751,62.242,62.144,43.751,36.704,29.295,12.17,18.189,17.405,35.397,47.29,47.986,40.025,44.209,50.309,62.12,57.718,48.905,36.27,14.795,18.423,20.002,35.94,47.178,50.925,40.564,4.369,2.858,1.286,0.591,1.156,0.147,0.016,0.044,0.177,0.046,2.035,2.352,1.256,3.792,0.884,1.795,0.684,0.036,0.161,0.115,0.273,0.408,0.145,1.448,4.387,1.177,6.422,2.296,1.424,0.121,0.285,0.431,0.027,0.052,0.127,1.007,1.783,1.686,1.305,1.26,2.123,1.809,1.053,1.166,0.478,0.054,0.139,0.181,0.727,2.202,3.62,1.235
36.33,36.0,7.994,10.356,14.671,20.945,25.574,28.327,27.981,26.077,20.545,16.088,9.684,8.238,18.038,8.689,13.942,16.026,20.924,27.687,28.88,28.318,25.132,20.954,16.003,10.069,7.582,18.685,7.132,11.186,14.688,21.886,24.906,27.594,29.323,24.196,21.001,15.128,9.462,7.684,17.847,9.012,13.278,14.781,19.794,24.692,26.952,28.965,25.131,21.208,14.959,10.423,7.882,18.088,0.463,0.462,0.498,0.585,0.643,0.684,0.69,0.71,0.659,0.659,0.519,0.521,0.61,0.498,0.618,0.546,0.584,0.695,0.696,0.698,0.68,0.671,0.65,0.539,0.48,0.636,0.407,0.496,0.5,0.614,0.623,0.663,0.723,0.656,0.673,0.616,0.507,0.486,0.607,0.517,0.591,0.507,0.558,0.618,0.651,0.713,0.682,0.674,0.605,0.556,0.498,0.615,59.056,61.283,56.277,49.11,36.893,25.485,18.537,13.935,20.286,24.741,44.25,45.613,37.958,59.269,36.632,51.045,53.879,27.395,17.79,13.937,17.149,18.652,23.945,43.752,57.43,35.073,67.397,54.058,61.809,44.534,35.577,25.985,12.118,20.89,20.042,31.077,50.404,46.994,39.24,42.633,38.108,65.232,55.731,42.897,31.177,13.677,18.82,16.946,36.441,44.602,49.921,38.016,3.434,2.298,2.62,1.264,0.949,0.279,0.002,0.132,0.099,0.003,1.574,3.745,1.366,5.252,1.295,2.097,1.084,0.027,0.027,0.034,0.208,0.934,0.683,0.975,3.987,1.382,4.241,2.455,3.161,0.2,1.123,0.73,0.001,0.37,0.325,0.524,2.55,1.174,1.405,1.607,2.41,2.018,1.63,0.698,0.349,0.042,0.303,0.412,1.425,1.832,3.481,1.352
36.0,36.33,8.054,10.495,14.889,21.195,25.791,28.605,28.0,26.112,20.619,16.145,9.64,8.32,18.154,8.767,14.129,16.256,21.182,27.86,29.178,28.371,25.192,21.069,16.051,10.205,7.691,18.83,7.223,11.363,14.726,22.032,25.148,27.947,29.334,24.342,21.031,15.251,9.475,7.655,17.959,9.001,13.456,15.126,20.178,24.922,27.316,29.001,25.176,21.227,15.025,10.545,7.904,18.237,0.465,0.467,0.505,0.591,0.649,0.692,0.69,0.711,0.66,0.659,0.513,0.523,0.612,0.5,0.624,0.552,0.591,0.699,0.702,0.699,0.68,0.674,0.65,0.543,0.483,0.64,0.411,0.502,0.5,0.617,0.629,0.671,0.722,0.66,0.672,0.62,0.506,0.482,0.609,0.513,0.597,0.517,0.569,0.623,0.66,0.713,0.682,0.673,0.607,0.559,0.496,0.62,58.897,60.075,54.806,47.307,35.321,22.236,16.725,11.995,18.269,23.39,44.337,45.146,36.545,58.038,35.166,49.611,51.855,25.493,13.944,11.647,15.258,16.399,22.789,42.493,56.627,33.276,66.623,52.367,61.394,43.319,33.733,22.186,10.514,18.085,18.435,29.422,49.936,46.358,37.697,42.653,35.642,63.136,52.722,40.814,27.564,11.729,16.457,14.892,35.356,43.271,49.355,36.134,3.39,2.123,2.587,1.248,0.838,0.239,0.001,0.125,0.087,0.003,1.464,4.294,1.365,5.253,1.279,2.066,1.071,0.017,0.016,0.02,0.164,0.869,0.774,0.893,3.926,1.361,3.896,2.541,3.142,0.211,1.182,0.682,0.001,0.356,0.304,0.508,2.521,1.163,1.376,1.669,2.483,1.829,1.685,0.583,0.297,0.024,0.287,0.373,1.416,1.74,3.659,1.338
36.33,36.33,8.04,10.318,14.692,20.935,25.544,28.456,27.979,26.157,20.553,16.098,9.672,8.244,18.056,8.648,13.901,16.049,20.95,27.72,29.025,28.324,25.096,21.04,15.968,10.078,7.628,18.703,7.134,11.224,14.605,21.844,24.839,27.661,29.367,24.442,21.05,15.156,9.348,7.669,17.86,9.016,13.24,14.707,19.819,24.726,27.085,29.037,25.255,21.249,14.926,10.399,7.88,18.11,0.466,0.46,0.5,0.584,0.642,0.687,0.69,0.712,0.659,0.659,0.519,0.522,0.611,0.496,0.616,0.547,0.585,0.696,0.699,0.698,0.68,0.675,0.65,0.54,0.483,0.637,0.409,0.497,0.498,0.613,0.622,0.666,0.725,0.662,0.674,0.617,0.501,0.485,0.606,0.518,0.59,0.504,0.558,0.619,0.654,0.715,0.684,0.676,0.604,0.555,0.498,0.616,59.679,62.566,57.141,50.038,37.657,24.69,18.028,12.886,20.127,24.716,44.6,45.996,38.179,60.143,37.696,51.658,54.323,27.656,16.849,13.385,17.133,18.035,24.775,44.689,57.931,35.356,67.986,54.817,62.733,45.205,36.537,25.08,11.394,18.96,19.83,31.512,51.461,48.014,39.461,43.051,38.71,66.603,56.157,43.211,30.376,12.998,17.791,16.707,37.342,45.283,50.485,38.227,3.154,2.146,2.553,1.22,0.898,0.255,0.002,0.118,0.088,0.003,1.562,3.954,1.329,4.914,1.161,1.958,0.973,0.028,0.023,0.032,0.185,0.839,0.618,0.878,3.622,1.268,3.882,2.187,3.107,0.222,1.018,0.674,0.001,0.337,0.296,0.464,2.371,1.097,1.305,1.494,2.28,2.016,1.587,0.656,0.321,0.04,0.274,0.38,1.266,1.799,3.373,1.291
37.0,27.33,9.802,11.689,16.271,21.87,25.312,27.766,29.138,26.064,20.697,14.305,11.373,7.455,18.476,7.349,13.229,16.378,19.933,27.32,28.06,28.741,25.959,21.195,15.374,9.989,6.919,18.374,8.42,11.006,16.292,21.525,26.054,27.736,29.492,24.72,21.427,15.874,9.82,7.618,18.331,9.06,12.889,16.254,19.798,21.923,26.387,29.29,25.705,20.742,15.325,8.867,7.501,17.814,0.581,0.529,0.564,0.619,0.634,0.665,0.721,0.709,0.668,0.598,0.626,0.486,0.634,0.431,0.6,0.568,0.563,0.688,0.679,0.709,0.709,0.685,0.636,0.548,0.452,0.627,0.5,0.501,0.565,0.607,0.655,0.67,0.729,0.673,0.689,0.654,0.538,0.499,0.626,0.535,0.586,0.561,0.561,0.55,0.633,0.721,0.699,0.666,0.629,0.489,0.487,0.606,36.312,47.854,48.029,44.936,37.009,20.282,6.246,5.78,13.526,30.519,24.029,47.644,30.182,65.395,38.095,47.104,52.445,29.069,17.776,7.961,8.004,13.243,20.034,46.944,61.076,33.93,53.098,53.726,47.295,41.73,29.169,21.948,5.562,11.826,10.643,15.651,39.887,44.128,31.225,38.95,33.403,49.689,53.037,58.537,26.534,6.326,8.961,19.215,21.953,52.152,51.04,34.983,2.245,3.167,2.07,0.762,0.531,0.315,0.034,0.129,0.112,1.624,0.66,5.158,1.401,4.467,1.71,1.948,0.555,0.073,0.13,0.045,0.012,0.159,1.474,1.379,6.17,1.512,5.73,3.703,2.815,0.316,0.158,0.391,0.036,0.421,0.074,0.447,3.468,1.78,1.61,3.318,0.944,1.687,1.226,1.498,0.803,0.092,0.027,1.741,0.174,3.982,3.774,1.603
37.33,28.0,9.599,10.87,15.888,21.004,24.23,27.006,29.173,25.901,20.474,14.436,11.339,7.234,18.095,7.264,13.139,15.299,20.104,27.396,26.654,28.524,26.075,20.7,15.325,10.003,6.751,18.105,8.123,10.708,15.475,21.274,25.416,26.545,29.582,24.132,21.325,15.392,9.727,7.651,17.945,8.917,12.854,15.142,18.373,20.475,25.139,29.328,25.587,20.382,15.142,8.762,7.447,17.297,0.571,0.491,0.552,0.593,0.61,0.647,0.721,0.705,0.665,0.605,0.63,0.476,0.621,0.43,0.596,0.531,0.57,0.691,0.643,0.706,0.71,0.672,0.638,0.552,0.444,0.619,0.484,0.486,0.536,0.6,0.639,0.638,0.73,0.656,0.689,0.638,0.538,0.502,0.617,0.531,0.584,0.527,0.52,0.513,0.605,0.725,0.697,0.656,0.626,0.481,0.488,0.592,39.285,56.345,54.368,51.002,41.926,26.76,7.606,8.14,15.185,32.817,26.961,53.361,34.478,71.204,42.607,54.359,56.013,29.881,25.367,10.426,6.541,18.343,23.492,49.233,65.07,37.711,56.374,60.335,54.48,44.975,35.546,30.969,5.512,18.103,12.42,21.533,44.336,49.167,36.146,44.334,37.709,58.463,62.279,66.37,34.387,5.823,10.959,22.81,27.475,56.247,54.758,40.135,2.512,4.195,2.022,1.115,0.917,0.528,0.04,0.153,0.187,1.711,0.865,5.883,1.677,4.898,1.528,2.429,0.41,0.08,0.27,0.073,0.003,0.244,1.571,1.979,8.406,1.824,7.243,4.676,3.123,0.461,0.235,0.897,0.013,0.641,0.063,0.725,3.308,2.489,1.992,4.604,0.852,2.048,1.825,2.454,1.202,0.144,0.045,0.915,0.243,5.549,4.343,2.019
36.67,28.0,9.706,11.071,16.1,21.216,24.713,27.353,29.157,25.894,20.575,14.606,11.378,7.363,18.26,7.337,13.349,15.741,20.509,27.588,27.179,28.616,26.112,20.96,15.347,10.095,6.913,18.314,8.242,10.958,15.713,21.593,25.579,26.95,29.576,24.298,21.493,15.541,9.864,7.871,18.139,9.092,13.072,15.56,18.939,20.866,25.508,29.378,25.743,20.519,15.315,9.03,7.537,17.548,0.571,0.497,0.557,0.598,0.622,0.656,0.72,0.703,0.666,0.608,0.626,0.479,0.625,0.429,0.601,0.544,0.58,0.696,0.656,0.708,0.709,0.678,0.635,0.552,0.448,0.624,0.485,0.494,0.541,0.608,0.642,0.647,0.729,0.659,0.692,0.639,0.54,0.51,0.622,0.534,0.589,0.539,0.535,0.523,0.615,0.726,0.7,0.658,0.63,0.491,0.488,0.598,39.867,54.785,52.558,49.267,38.503,24.623,7.429,8.099,14.414,32.069,27.443,52.139,33.431,70.05,40.804,51.861,54.033,28.504,22.766,9.897,6.755,16.077,23.753,48.738,63.852,36.423,55.893,58.667,53.645,43.195,34.2,28.103,5.691,16.968,11.934,20.597,42.73,47.638,34.939,43.007,36.923,55.913,59.132,63.803,31.798,5.986,9.845,21.88,26.395,53.81,54.013,38.543,2.501,4.167,1.956,0.983,0.739,0.459,0.038,0.136,0.146,1.719,0.931,5.872,1.637,4.637,1.307,2.162,0.344,0.062,0.199,0.074,0.006,0.249,1.57,1.907,8.437,1.747,7.62,4.486,3.171,0.384,0.185,0.689,0.019,0.68,0.063,0.826,3.405,2.488,2.003,4.465,0.878,1.88,1.639,2.183,0.973,0.1,0.033,0.871,0.275,5.497,4.432,1.936
37.0,28.33,9.673,10.855,15.926,20.973,24.3,27.105,29.145,25.807,20.475,14.583,11.394,7.291,18.126,7.276,13.29,15.369,20.359,27.556,26.659,28.552,26.128,20.754,15.365,10.087,6.851,18.189,8.132,10.871,15.449,21.426,25.35,26.563,29.61,24.064,21.412,15.426,9.794,7.821,17.991,9.037,12.941,15.209,18.467,20.393,25.061,29.383,25.653,20.383,15.226,8.893,7.505,17.348,0.572,0.489,0.552,0.592,0.612,0.65,0.719,0.701,0.664,0.609,0.631,0.477,0.622,0.428,0.601,0.533,0.577,0.695,0.643,0.707,0.71,0.673,0.638,0.554,0.447,0.621,0.481,0.491,0.533,0.603,0.637,0.637,0.73,0.653,0.692,0.636,0.539,0.51,0.619,0.535,0.586,0.529,0.523,0.511,0.604,0.726,0.698,0.655,0.629,0.486,0.488,0.592,39.375,56.775,54.308,51.397,40.797,26.384,7.893,8.792,15.251,32.507,27.254,53.117,34.485,71.012,41.811,53.96,55.677,29.232,25.39,10.591,6.632,17.83,23.747,49.179,64.599,37.47,56.258,60.505,54.785,44.302,35.88,30.966,5.784,18.782,12.466,21.842,43.845,48.665,36.174,43.914,37.47,58.399,62.179,66.179,34.656,5.764,10.61,23.016,27.484,54.968,54.571,39.935,2.648,4.452,2.001,1.095,0.848,0.512,0.038,0.158,0.167,1.778,0.998,6.241,1.744,4.944,1.358,2.368,0.354,0.06,0.252,0.08,0.002,0.272,1.591,2.127,9.102,1.876,8.078,4.896,3.261,0.428,0.218,0.828,0.012,0.696,0.061,0.889,3.491,2.64,2.127,4.825,0.892,2.048,1.81,2.465,1.074,0.11,0.035,0.846,0.281,5.912,4.681,2.082
37.33,28.33,9.508,10.841,15.865,20.96,24.174,26.917,29.136,25.865,20.521,14.473,11.267,7.286,18.068,7.307,13.133,15.226,20.066,27.328,26.517,28.439,26.056,20.538,15.32,10.041,6.793,18.065,8.089,10.803,15.245,21.286,25.266,26.307,29.557,24.092,21.344,15.296,9.806,7.732,17.901,8.945,12.778,14.998,18.273,20.292,25.04,29.267,25.552,20.404,15.127,8.79,7.496,17.248,0.567,0.491,0.551,0.591,0.608,0.646,0.72,0.704,0.666,0.607,0.627,0.479,0.62,0.433,0.597,0.529,0.569,0.689,0.639,0.705,0.71,0.667,0.639,0.555,0.447,0.619,0.482,0.492,0.529,0.601,0.634,0.632,0.73,0.654,0.69,0.634,0.542,0.508,0.615,0.534,0.582,0.522,0.517,0.509,0.603,0.723,0.695,0.657,0.626,0.483,0.492,0.591,40.758,57.322,55.381,51.657,42.73,28.26,8.327,8.79,15.294,33.266,27.855,53.881,35.292,71.786,42.938,55.184,56.794,30.688,26.903,11.266,7.069,19.511,24.072,48.775,64.987,38.33,57.482,60.884,55.937,45.604,36.777,32.578,5.943,18.957,12.529,22.632,44.552,49.425,36.942,44.704,38.951,59.584,63.345,67.115,35.606,6.498,11.746,23.268,28.381,56.288,54.982,40.873,2.473,3.972,1.92,1.14,1.007,0.545,0.045,0.157,0.229,1.649,0.885,5.514,1.628,4.702,1.416,2.403,0.399,0.083,0.356,0.073,0.003,0.236,1.496,2.035,8.126,1.777,6.911,4.52,2.967,0.492,0.268,0.998,0.018,0.573,0.07,0.779,3.186,2.57,1.947,4.502,0.839,2.062,1.902,2.557,1.336,0.14,0.055,0.837,0.278,5.432,4.136,2.007
37.33,27.67,9.592,11.033,15.945,21.168,24.411,27.086,29.179,25.963,20.535,14.36,11.302,7.249,18.151,7.28,13.1,15.47,19.992,27.321,26.918,28.544,26.035,20.762,15.306,9.977,6.75,18.124,8.182,10.722,15.604,21.281,25.554,26.731,29.556,24.269,21.319,15.456,9.731,7.6,18.0,8.902,12.824,15.31,18.598,20.736,25.405,29.304,25.584,20.457,15.139,8.75,7.443,17.372,0.572,0.5,0.554,0.598,0.614,0.649,0.722,0.707,0.666,0.602,0.628,0.477,0.623,0.431,0.595,0.537,0.566,0.689,0.649,0.706,0.71,0.674,0.638,0.551,0.445,0.62,0.488,0.488,0.541,0.6,0.642,0.643,0.73,0.66,0.689,0.641,0.538,0.499,0.618,0.53,0.584,0.532,0.527,0.52,0.611,0.724,0.696,0.659,0.626,0.482,0.488,0.594,39.098,54.737,53.426,49.769,41.498,25.86,7.263,7.517,14.72,32.669,26.634,52.664,33.82,70.365,42.214,53.256,55.474,30.038,24.042,10.006,6.759,17.657,22.983,48.858,64.565,37.185,55.974,59.111,53.378,44.634,34.347,29.436,5.419,16.724,12.067,20.566,43.755,48.559,35.332,43.561,37.299,57.014,60.731,65.128,32.893,5.927,10.813,22.073,26.713,55.976,54.307,39.37,2.39,3.85,2.023,1.066,0.881,0.501,0.039,0.143,0.173,1.64,0.771,5.593,1.589,4.776,1.67,2.36,0.448,0.084,0.263,0.064,0.005,0.212,1.519,1.802,7.654,1.739,6.536,4.326,3.027,0.441,0.226,0.812,0.017,0.559,0.063,0.622,3.216,2.34,1.85,4.24,0.837,1.971,1.729,2.21,1.173,0.141,0.045,1.043,0.223,5.105,4.057,1.898
37.33,29.0,9.265,10.627,15.763,20.704,23.97,26.698,28.995,25.605,20.635,14.677,11.069,7.441,17.956,7.344,13.186,15.034,20.076,27.199,25.991,28.179,26.023,20.01,15.36,10.234,6.952,17.963,7.958,11.151,14.502,21.427,24.663,25.522,29.478,23.889,21.449,14.976,10.091,8.111,17.767,9.157,12.571,14.53,17.989,19.513,24.509,29.15,25.477,20.452,15.128,8.967,7.688,17.096,0.553,0.484,0.547,0.583,0.601,0.641,0.716,0.697,0.668,0.614,0.617,0.488,0.618,0.436,0.601,0.521,0.57,0.685,0.624,0.698,0.709,0.649,0.64,0.565,0.458,0.616,0.473,0.509,0.503,0.605,0.618,0.613,0.728,0.648,0.694,0.619,0.557,0.534,0.609,0.548,0.573,0.506,0.507,0.489,0.592,0.719,0.691,0.66,0.628,0.492,0.505,0.587,45.894,61.359,59.136,54.687,44.636,32.941,10.909,11.838,15.956,34.682,30.948,55.745,38.227,73.225,43.514,57.708,59.783,33.048,32.348,14.365,9.038,23.281,25.79,47.335,64.607,40.334,60.709,63.215,60.798,47.149,40.811,38.442,7.905,22.538,13.271,27.059,44.905,49.906,39.726,45.068,42.766,63.495,67.222,69.597,40.658,8.319,13.959,25.114,31.205,55.391,55.43,43.184,2.575,3.54,1.584,1.175,1.293,0.609,0.055,0.204,0.298,1.523,1.091,5.147,1.59,4.285,0.952,2.263,0.319,0.079,0.778,0.087,0.003,0.265,1.19,2.392,7.933,1.711,6.721,4.364,2.595,0.534,0.388,1.231,0.035,0.386,0.09,1.098,3.05,2.979,1.954,4.448,0.819,2.208,2.118,3.001,1.558,0.084,0.068,0.609,0.422,5.251,3.847,2.038
37.0,29.33,9.314,10.652,15.849,20.692,24.108,26.784,28.983,25.501,20.713,14.759,11.074,7.466,17.994,7.365,13.289,15.167,20.329,27.284,26.132,28.201,26.04,20.054,15.377,10.332,7.016,18.045,7.986,11.298,14.498,21.575,24.617,25.571,29.476,23.899,21.543,15.038,10.164,8.295,17.829,9.269,12.623,14.622,18.189,19.429,24.505,29.206,25.525,20.486,15.206,9.127,7.781,17.166,0.554,0.483,0.549,0.582,0.604,0.643,0.714,0.693,0.669,0.616,0.615,0.487,0.618,0.435,0.604,0.524,0.576,0.686,0.627,0.698,0.708,0.65,0.639,0.567,0.459,0.618,0.472,0.514,0.502,0.609,0.616,0.614,0.728,0.648,0.696,0.619,0.559,0.542,0.611,0.552,0.574,0.508,0.513,0.486,0.592,0.72,0.691,0.66,0.63,0.499,0.508,0.589,46.309,61.436,59.006,54.822,43.662,32.502,10.973,12.428,15.595,34.724,31.424,55.9,38.232,72.819,42.868,56.992,59.368,32.969,32.013,14.528,9.26,22.706,26.16,47.037,64.196,40.073,60.391,63.017,61.028,46.507,40.691,38.174,8.218,22.47,13.283,27.397,44.341,49.208,39.56,44.448,42.646,63.177,66.582,69.043,40.497,8.258,13.496,25.081,31.067,53.98,54.978,42.769,2.713,3.548,1.53,1.135,1.228,0.575,0.05,0.2,0.242,1.493,1.208,5.662,1.631,4.349,0.891,2.167,0.278,0.066,0.799,0.083,0.004,0.27,1.114,2.546,8.288,1.737,7.161,4.39,2.574,0.471,0.371,1.093,0.037,0.335,0.085,1.24,3.236,3.253,2.018,4.559,0.825,2.249,2.084,2.877,1.369,0.051,0.051,0.544,0.478,5.374,4.031,2.044
37.0,28.67,9.403,10.748,15.864,20.763,24.149,26.833,29.003,25.561,20.667,14.751,11.153,7.469,18.033,7.389,13.325,15.168,20.369,27.391,26.199,28.282,26.081,20.199,15.379,10.286,7.04,18.089,8.017,11.304,14.584,21.556,24.753,25.772,29.533,23.887,21.53,15.124,10.099,8.213,17.862,9.226,12.661,14.778,18.228,19.631,24.627,29.233,25.554,20.456,15.198,9.087,7.731,17.203,0.558,0.487,0.55,0.584,0.605,0.644,0.715,0.695,0.668,0.616,0.62,0.486,0.62,0.436,0.605,0.524,0.578,0.69,0.629,0.701,0.709,0.655,0.639,0.565,0.46,0.62,0.473,0.514,0.505,0.608,0.619,0.618,0.729,0.647,0.696,0.623,0.555,0.537,0.612,0.549,0.576,0.514,0.514,0.491,0.595,0.721,0.693,0.659,0.629,0.496,0.504,0.59,44.494,60.214,57.939,54.175,43.036,30.987,10.377,11.604,15.452,33.955,30.498,54.98,37.308,72.357,42.388,56.361,58.35,32.013,30.56,13.553,8.531,21.504,25.546,47.436,63.833,39.367,59.532,62.574,59.886,45.799,39.896,36.519,7.577,21.894,12.903,25.949,44.038,49.124,38.808,44.529,41.491,61.995,65.674,68.444,39.229,7.719,12.878,24.589,30.386,53.832,54.909,42.138,2.701,3.781,1.638,1.164,1.118,0.561,0.048,0.182,0.242,1.571,1.172,5.582,1.646,4.445,0.99,2.242,0.295,0.058,0.609,0.08,0.002,0.261,1.266,2.475,8.617,1.777,7.491,4.493,2.783,0.474,0.326,1.048,0.028,0.416,0.078,1.217,3.286,3.105,2.06,4.626,0.862,2.167,2.064,2.693,1.335,0.064,0.051,0.59,0.444,5.702,4.252,2.074
37.33,29.33,9.185,10.519,15.732,20.656,23.943,26.694,29.007,25.616,20.632,14.646,11.009,7.406,17.922,7.276,13.112,15.053,19.978,27.092,25.984,28.129,25.985,19.942,15.348,10.221,6.875,17.914,7.929,11.013,14.566,21.408,24.633,25.446,29.423,23.957,21.424,14.896,10.099,8.089,17.74,9.145,12.577,14.415,17.964,19.476,24.471,29.136,25.469,20.472,15.125,8.954,7.679,17.074,0.549,0.479,0.546,0.583,0.6,0.641,0.717,0.697,0.668,0.613,0.614,0.487,0.616,0.433,0.597,0.522,0.567,0.682,0.624,0.696,0.708,0.646,0.64,0.565,0.454,0.615,0.472,0.502,0.505,0.604,0.618,0.612,0.727,0.651,0.692,0.617,0.559,0.533,0.609,0.547,0.573,0.502,0.507,0.488,0.59,0.719,0.69,0.661,0.628,0.492,0.505,0.585,47.44,62.205,59.794,54.803,44.965,33.913,11.123,12.175,16.195,35.358,31.648,56.503,38.845,73.614,44.121,58.17,60.535,33.526,33.088,14.966,9.518,24.194,26.267,47.346,65.288,40.883,61.318,63.415,61.268,47.766,40.952,39.378,8.335,22.677,13.698,28.146,45.372,50.174,40.208,45.073,43.649,64.24,67.674,69.931,41.297,8.654,14.308,25.425,31.642,56.108,55.654,43.637,2.523,3.394,1.527,1.122,1.395,0.633,0.056,0.225,0.292,1.481,1.059,5.165,1.571,4.188,0.889,2.192,0.315,0.096,0.963,0.094,0.005,0.285,1.082,2.329,7.486,1.659,6.299,4.283,2.441,0.534,0.429,1.281,0.044,0.37,0.097,1.017,2.944,2.945,1.889,4.341,0.771,2.25,2.089,3.214,1.593,0.085,0.07,0.617,0.412,4.821,3.596,1.99
37.33,28.67,9.302,10.643,15.773,20.746,23.991,26.737,29.042,25.692,20.59,14.616,11.115,7.387,17.971,7.328,13.151,15.042,20.053,27.22,26.097,28.237,26.028,20.131,15.344,10.168,6.884,17.972,7.979,11.008,14.703,21.369,24.822,25.694,29.495,23.947,21.405,15.028,10.004,7.984,17.786,9.071,12.632,14.603,18.005,19.716,24.632,29.173,25.492,20.428,15.112,8.9,7.625,17.117,0.555,0.484,0.547,0.585,0.602,0.642,0.717,0.699,0.667,0.612,0.62,0.486,0.618,0.436,0.599,0.522,0.569,0.686,0.627,0.7,0.709,0.653,0.64,0.562,0.454,0.617,0.475,0.502,0.51,0.604,0.622,0.617,0.729,0.65,0.692,0.622,0.553,0.525,0.611,0.543,0.576,0.509,0.508,0.494,0.594,0.72,0.692,0.659,0.627,0.489,0.501,0.587,44.9,60.672,58.35,53.97,44.319,32.004,10.299,11.087,15.966,34.508,30.402,55.586,37.672,73.149,43.72,57.397,59.145,32.465,31.127,13.669,8.539,22.652,25.602,47.906,65.059,40.034,60.149,62.837,59.732,46.959,39.868,37.203,7.427,21.767,13.246,26.227,45.199,50.102,39.226,45.41,42.071,62.834,66.47,69.188,39.514,7.923,13.539,24.808,30.79,56.091,55.567,42.849,2.534,3.675,1.664,1.169,1.246,0.599,0.054,0.193,0.29,1.556,1.018,5.187,1.598,4.366,1.045,2.309,0.341,0.085,0.677,0.085,0.002,0.262,1.279,2.278,7.962,1.723,6.719,4.423,2.66,0.535,0.362,1.215,0.03,0.451,0.086,0.982,3.055,2.837,1.946,4.494,0.819,2.171,2.079,2.959,1.541,0.11,0.068,0.659,0.373,5.264,3.888,2.037
36.67,29.33,9.282,10.76,15.958,20.8,24.495,27.058,29.052,25.578,20.769,14.792,11.052,7.472,18.091,7.413,13.361,15.421,20.58,27.384,26.637,28.268,26.037,20.248,15.338,10.363,7.001,18.169,8.057,11.241,14.842,21.774,24.869,25.868,29.463,24.137,21.586,15.077,10.193,8.36,17.956,9.219,12.802,14.818,18.572,19.85,24.886,29.258,25.635,20.553,15.257,9.265,7.825,17.329,0.548,0.485,0.551,0.585,0.614,0.65,0.718,0.695,0.67,0.614,0.61,0.485,0.619,0.434,0.603,0.531,0.581,0.688,0.64,0.7,0.707,0.654,0.635,0.566,0.455,0.621,0.474,0.508,0.512,0.613,0.623,0.622,0.727,0.654,0.695,0.62,0.558,0.542,0.614,0.544,0.579,0.514,0.523,0.496,0.6,0.721,0.694,0.66,0.629,0.503,0.507,0.592,48.725,61.366,58.305,53.597,41.928,31.477,11.073,12.94,16.061,35.951,34.086,57.053,38.548,73.01,43.557,56.347,58.247,32.419,30.244,14.884,10.195,22.654,28.638,48.397,65.282,40.32,61.14,62.494,60.946,46.123,39.569,36.384,8.963,21.721,14.368,28.66,45.414,49.563,39.613,45.658,43.8,62.55,64.538,67.649,38.522,9.043,13.528,25.583,32.288,54.437,55.835,42.785,2.673,3.461,1.444,1.023,1.156,0.502,0.046,0.175,0.204,1.423,1.146,5.748,1.583,4.139,0.839,1.979,0.268,0.066,0.735,0.073,0.005,0.273,1.115,2.322,8.039,1.654,6.966,4.135,2.443,0.398,0.32,0.967,0.036,0.351,0.078,1.121,3.228,3.123,1.929,4.534,0.804,2.101,1.966,2.654,1.204,0.05,0.043,0.523,0.44,4.954,3.891,1.933
37.33,30.0,8.936,10.113,15.612,20.409,24.023,26.776,29.077,25.553,20.701,14.649,10.801,7.295,17.826,7.106,12.925,15.148,19.926,26.853,25.957,28.011,25.848,19.769,15.402,10.265,6.692,17.825,7.838,10.715,14.727,21.474,24.465,25.203,29.238,24.137,21.464,14.666,10.157,8.132,17.686,9.27,12.547,14.148,18.074,19.287,24.273,29.159,25.488,20.546,15.199,9.048,7.763,17.066,0.534,0.459,0.54,0.578,0.604,0.643,0.72,0.696,0.669,0.612,0.602,0.482,0.612,0.421,0.588,0.525,0.564,0.673,0.624,0.69,0.703,0.638,0.643,0.568,0.442,0.611,0.467,0.487,0.508,0.604,0.617,0.608,0.721,0.659,0.691,0.608,0.564,0.534,0.607,0.552,0.57,0.493,0.51,0.483,0.585,0.718,0.691,0.662,0.632,0.499,0.512,0.582,51.822,64.398,61.068,54.904,44.318,35.369,10.862,13.033,15.586,35.894,32.634,57.467,39.782,72.845,44.447,58.231,62.073,33.992,34.712,16.306,10.594,25.376,26.148,45.609,65.951,41.354,61.786,63.966,62.684,48.241,40.549,41.489,9.486,22.102,14.377,30.879,44.649,49.118,40.777,43.112,44.974,65.35,67.729,69.452,42.703,8.86,14.022,25.07,31.139,55.371,54.194,43.499,2.705,3.111,1.378,0.939,1.747,0.672,0.05,0.285,0.202,1.33,1.148,5.98,1.627,4.205,0.717,2.0,0.303,0.132,1.536,0.144,0.023,0.351,0.662,2.422,6.555,1.588,5.865,4.365,1.983,0.456,0.537,1.255,0.071,0.274,0.123,0.93,2.933,3.281,1.838,4.164,0.663,2.572,2.007,3.819,1.459,0.07,0.053,0.579,0.47,3.772,3.254,1.908
36.67,30.0,9.026,10.31,15.832,20.568,24.476,27.08,29.097,25.512,20.81,14.741,10.861,7.294,17.965,7.256,13.148,15.46,20.447,27.089,26.553,28.129,25.861,20.031,15.405,10.372,6.745,18.041,8.011,10.899,15.099,21.809,24.746,25.576,29.282,24.264,21.575,14.868,10.224,8.342,17.893,9.298,12.833,14.494,18.561,19.636,24.646,29.242,25.539,20.605,15.291,9.276,7.883,17.276,0.534,0.463,0.546,0.582,0.615,0.651,0.721,0.693,0.672,0.612,0.6,0.477,0.614,0.424,0.593,0.533,0.577,0.678,0.639,0.693,0.702,0.644,0.639,0.569,0.44,0.616,0.472,0.492,0.519,0.613,0.624,0.617,0.722,0.661,0.693,0.612,0.562,0.54,0.612,0.547,0.579,0.503,0.523,0.491,0.594,0.72,0.691,0.662,0.632,0.506,0.513,0.588,52.42,63.975,59.798,54.185,42.195,33.4,11.272,13.991,15.946,36.739,34.735,58.83,39.792,73.017,44.766,57.097,60.281,33.579,31.993,16.264,11.37,24.302,28.255,47.134,67.015,41.253,61.996,63.396,62.143,47.382,39.326,38.676,10.088,21.562,15.255,31.132,45.487,49.053,40.458,44.526,44.666,64.197,65.179,67.558,40.125,9.302,14.28,25.519,31.826,54.741,54.79,43.061,2.966,3.208,1.307,0.895,1.592,0.516,0.042,0.233,0.151,1.26,1.249,6.79,1.683,4.353,0.734,1.897,0.291,0.098,1.23,0.113,0.023,0.324,0.737,2.51,7.279,1.634,6.654,4.396,1.977,0.347,0.42,1.007,0.06,0.237,0.102,1.019,3.34,3.567,1.925,4.577,0.734,2.512,1.956,3.371,1.127,0.047,0.031,0.487,0.493,3.948,3.651,1.913
37.0,30.33,8.944,10.085,15.652,20.388,24.253,26.915,29.121,25.511,20.789,14.705,10.809,7.245,17.865,7.15,12.967,15.26,20.212,26.965,26.201,28.07,25.831,19.884,15.436,10.323,6.662,17.914,7.913,10.73,14.957,21.616,24.542,25.299,29.241,24.199,21.563,14.785,10.167,8.235,17.773,9.341,12.697,14.242,18.296,19.327,24.35,29.232,25.517,20.571,15.301,9.158,7.84,17.156,0.532,0.455,0.541,0.578,0.61,0.647,0.721,0.694,0.671,0.613,0.6,0.477,0.612,0.421,0.587,0.528,0.572,0.675,0.63,0.691,0.701,0.64,0.642,0.569,0.438,0.612,0.468,0.486,0.515,0.608,0.62,0.611,0.721,0.66,0.693,0.611,0.562,0.537,0.609,0.552,0.574,0.495,0.516,0.484,0.587,0.719,0.692,0.661,0.634,0.503,0.514,0.584,51.535,64.137,60.199,54.323,42.71,34.033,10.283,12.952,14.904,35.436,32.302,57.356,39.183,72.202,44.09,57.128,60.926,33.19,33.241,15.845,10.43,24.005,25.891,45.126,66.104,40.679,61.058,63.402,62.193,47.358,39.428,40.097,9.225,20.905,14.239,30.364,44.058,47.769,40.008,42.337,43.749,64.557,66.065,68.135,41.316,8.35,13.304,24.334,30.064,54.059,53.16,42.454,2.966,3.223,1.38,0.893,1.744,0.582,0.043,0.263,0.147,1.28,1.279,6.863,1.72,4.507,0.742,1.986,0.293,0.116,1.437,0.129,0.027,0.329,0.625,2.636,6.926,1.647,6.511,4.585,1.922,0.384,0.487,1.082,0.068,0.233,0.116,0.979,3.299,3.701,1.945,4.419,0.691,2.711,1.98,3.756,1.226,0.055,0.032,0.52,0.525,3.871,3.561,1.947
37.0,29.67,9.126,10.22,15.812,20.501,24.09,26.824,29.059,25.481,20.758,14.682,10.918,7.272,17.893,7.159,13.08,15.286,20.214,26.977,26.215,28.094,25.89,19.931,15.39,10.337,6.713,17.94,7.934,10.845,14.922,21.553,24.56,25.368,29.289,24.128,21.525,14.895,10.161,8.278,17.79,9.299,12.725,14.289,18.219,19.239,24.346,29.228,25.499,20.554,15.291,9.138,7.807,17.136,0.543,0.462,0.546,0.58,0.605,0.644,0.719,0.693,0.67,0.612,0.606,0.478,0.613,0.421,0.593,0.528,0.572,0.676,0.63,0.692,0.703,0.642,0.64,0.569,0.441,0.613,0.47,0.491,0.513,0.606,0.619,0.612,0.722,0.658,0.692,0.615,0.562,0.54,0.61,0.55,0.576,0.497,0.514,0.481,0.587,0.719,0.691,0.661,0.634,0.501,0.511,0.584,49.719,63.821,60.087,54.764,43.726,34.571,10.745,13.024,15.368,35.992,31.966,57.861,39.306,73.206,44.034,57.328,60.996,33.97,33.364,15.725,10.206,24.099,26.466,46.071,66.247,40.973,60.877,63.074,61.489,47.787,40.033,40.24,9.023,21.656,14.103,29.761,44.81,48.581,40.119,43.086,43.576,64.878,66.948,69.18,41.608,8.409,13.597,25.086,30.717,54.968,54.206,43.023,2.785,3.22,1.397,0.936,1.543,0.592,0.045,0.255,0.168,1.325,1.234,6.678,1.679,4.426,0.751,1.979,0.264,0.107,1.326,0.108,0.019,0.322,0.715,2.603,7.288,1.66,6.415,4.448,2.031,0.411,0.474,1.102,0.062,0.251,0.104,1.029,3.234,3.622,1.93,4.467,0.688,2.573,1.971,3.603,1.284,0.05,0.036,0.52,0.497,4.171,3.547,1.953
37.33,30.33,8.747,10.073,15.431,20.329,24.21,26.873,29.129,25.602,20.71,14.693,10.69,7.336,17.817,7.149,12.841,15.086,19.905,26.879,25.883,27.99,25.808,19.714,15.447,10.249,6.731,17.807,7.799,10.705,14.597,21.547,24.439,25.146,29.21,24.173,21.494,14.508,10.18,8.079,17.657,9.303,12.42,14.164,18.152,19.466,24.321,29.14,25.527,20.552,15.163,9.075,7.798,17.09,0.523,0.458,0.534,0.576,0.609,0.646,0.721,0.698,0.67,0.614,0.595,0.485,0.612,0.425,0.584,0.523,0.564,0.674,0.623,0.689,0.703,0.636,0.645,0.569,0.445,0.61,0.465,0.487,0.505,0.607,0.616,0.607,0.721,0.66,0.693,0.602,0.565,0.532,0.605,0.555,0.565,0.493,0.512,0.488,0.587,0.717,0.692,0.663,0.63,0.501,0.515,0.584,53.904,64.38,61.163,54.452,43.307,34.565,10.566,13.02,15.284,35.168,33.458,56.476,39.647,71.536,44.308,58.124,61.917,33.053,34.711,16.487,10.939,25.443,25.792,44.811,65.156,41.021,62.213,64.618,63.776,47.591,40.271,41.204,9.874,21.724,14.572,31.59,43.76,48.711,40.825,42.813,45.672,64.74,66.87,68.292,42.406,9.087,13.833,24.46,30.957,54.216,53.401,43.062,2.835,3.128,1.363,0.932,1.91,0.679,0.05,0.285,0.202,1.31,1.16,5.693,1.628,4.143,0.714,2.022,0.344,0.137,1.585,0.177,0.03,0.36,0.641,2.363,6.209,1.561,5.939,4.408,1.967,0.443,0.54,1.258,0.074,0.276,0.136,0.91,2.886,3.151,1.831,4.032,0.688,2.602,2.042,3.812,1.45,0.08,0.055,0.588,0.486,3.603,3.265,1.893
37.33,29.67,8.965,10.23,15.616,20.475,24.007,26.757,29.049,25.576,20.678,14.662,10.832,7.351,17.849,7.165,12.978,15.106,19.903,26.907,25.922,28.02,25.881,19.777,15.393,10.254,6.763,17.838,7.849,10.822,14.62,21.474,24.491,25.228,29.285,24.08,21.447,14.678,10.163,8.121,17.689,9.235,12.521,14.203,18.032,19.358,24.33,29.131,25.476,20.531,15.159,9.021,7.746,17.062,0.536,0.466,0.541,0.579,0.603,0.643,0.719,0.697,0.669,0.613,0.604,0.486,0.613,0.426,0.591,0.523,0.564,0.675,0.623,0.691,0.704,0.639,0.643,0.568,0.447,0.612,0.468,0.493,0.506,0.605,0.617,0.608,0.723,0.657,0.691,0.608,0.564,0.534,0.607,0.551,0.57,0.495,0.509,0.485,0.586,0.718,0.69,0.662,0.63,0.497,0.511,0.583,51.306,64.03,61.013,55.026,44.682,35.259,11.232,13.061,15.968,35.89,32.895,57.282,39.806,73.115,44.481,58.518,61.928,34.005,34.675,16.26,10.616,25.517,26.431,46.141,65.725,41.448,62.118,64.082,62.734,48.287,40.986,41.245,9.463,22.632,14.377,30.602,44.957,49.644,40.927,43.911,45.142,65.263,67.959,69.684,42.632,9.14,14.476,25.395,31.707,55.657,54.779,43.812,2.642,3.142,1.394,0.996,1.689,0.672,0.054,0.273,0.243,1.367,1.112,5.537,1.591,4.115,0.742,2.048,0.314,0.123,1.405,0.138,0.018,0.337,0.772,2.358,6.679,1.588,5.875,4.297,2.099,0.487,0.517,1.298,0.065,0.298,0.12,0.955,2.867,3.119,1.832,4.15,0.698,2.462,2.047,3.664,1.539,0.074,0.062,0.592,0.452,3.989,3.291,1.92
36.67,30.33,8.866,10.293,15.704,20.537,24.734,27.232,29.139,25.563,20.849,14.805,10.764,7.323,17.982,7.32,13.125,15.466,20.509,27.153,26.601,28.126,25.826,20.034,15.468,10.359,6.77,18.063,8.019,10.922,15.093,21.96,24.807,25.617,29.273,24.316,21.626,14.772,10.263,8.314,17.916,9.333,12.82,14.58,18.729,19.896,24.785,29.231,25.551,20.638,15.28,9.32,7.93,17.342,0.524,0.463,0.541,0.581,0.622,0.656,0.722,0.695,0.673,0.614,0.593,0.478,0.615,0.429,0.591,0.533,0.579,0.68,0.64,0.693,0.702,0.644,0.64,0.569,0.441,0.616,0.471,0.493,0.519,0.617,0.625,0.619,0.722,0.662,0.695,0.608,0.563,0.539,0.612,0.55,0.578,0.505,0.528,0.498,0.598,0.719,0.692,0.663,0.63,0.509,0.516,0.591,54.124,63.798,59.58,53.627,40.963,32.229,11.141,14.062,15.664,36.022,35.609,58.204,39.586,71.946,44.579,56.844,59.785,32.643,31.246,16.3,11.743,24.014,27.89,46.614,66.586,40.846,62.442,63.709,62.827,46.71,38.719,37.705,10.457,21.131,15.394,31.501,44.703,48.528,40.318,44.478,44.843,63.301,63.825,66.098,39.273,9.562,14.403,24.869,31.533,53.57,54.034,42.483,3.167,3.237,1.288,0.89,1.767,0.493,0.042,0.23,0.155,1.233,1.283,6.631,1.7,4.359,0.746,1.931,0.342,0.096,1.218,0.136,0.031,0.32,0.729,2.49,7.015,1.619,6.877,4.497,1.961,0.327,0.407,0.99,0.062,0.231,0.112,1.013,3.385,3.56,1.95,4.512,0.785,2.562,1.994,3.335,1.084,0.053,0.032,0.485,0.517,3.811,3.792,1.914
36.67,29.67,9.065,10.464,15.859,20.638,24.542,27.112,29.084,25.531,20.809,14.779,10.892,7.371,18.011,7.331,13.233,15.46,20.514,27.19,26.599,28.159,25.91,20.08,15.389,10.388,6.846,18.091,8.021,11.036,14.992,21.852,24.784,25.652,29.334,24.238,21.586,14.892,10.244,8.376,17.919,9.275,12.809,14.6,18.609,19.746,24.753,29.241,25.575,20.6,15.271,9.303,7.892,17.307,0.536,0.471,0.546,0.582,0.616,0.652,0.72,0.694,0.671,0.613,0.601,0.481,0.616,0.429,0.597,0.532,0.579,0.681,0.64,0.695,0.703,0.647,0.638,0.569,0.446,0.618,0.472,0.498,0.516,0.614,0.623,0.618,0.723,0.659,0.694,0.613,0.562,0.543,0.612,0.546,0.578,0.506,0.524,0.494,0.597,0.72,0.692,0.662,0.63,0.507,0.513,0.589,52.269,63.476,59.58,54.115,42.076,32.942,11.536,14.107,16.244,36.83,35.456,58.59,39.77,73.052,44.606,57.091,59.791,33.333,31.681,16.252,11.478,24.25,28.992,47.739,66.575,41.234,62.234,63.404,62.275,47.092,39.625,38.126,10.179,21.92,15.36,31.093,45.708,49.451,40.539,45.302,45.059,63.881,64.981,67.506,39.754,9.64,14.407,25.87,32.575,54.656,55.341,43.249,2.9,3.245,1.31,0.931,1.485,0.506,0.044,0.214,0.172,1.291,1.22,6.376,1.64,4.218,0.744,1.9,0.29,0.087,1.088,0.106,0.019,0.313,0.843,2.425,7.444,1.624,6.715,4.27,2.09,0.356,0.388,0.998,0.054,0.26,0.096,1.058,3.281,3.4,1.912,4.548,0.762,2.366,1.97,3.118,1.147,0.046,0.036,0.488,0.478,4.178,3.7,1.905
37.33,31.0,8.112,9.918,14.786,19.888,24.962,27.22,29.33,25.752,20.821,14.942,10.306,7.432,17.789,7.357,12.536,14.81,19.922,27.073,25.743,27.991,25.6,19.57,15.615,10.241,6.861,17.776,7.694,10.68,14.17,21.817,24.233,24.934,29.115,24.322,21.703,14.125,10.249,7.95,17.582,9.493,11.976,14.234,18.511,20.012,24.376,29.149,25.693,20.599,15.147,9.289,8.012,17.208,0.485,0.451,0.512,0.564,0.629,0.656,0.726,0.703,0.675,0.622,0.573,0.49,0.611,0.439,0.568,0.514,0.566,0.68,0.62,0.689,0.698,0.631,0.65,0.57,0.453,0.609,0.457,0.486,0.492,0.616,0.61,0.603,0.718,0.663,0.702,0.585,0.567,0.524,0.6,0.567,0.545,0.495,0.522,0.505,0.59,0.718,0.698,0.664,0.627,0.514,0.529,0.589,60.438,64.435,61.442,53.997,39.379,31.436,8.688,12.484,13.725,32.099,35.567,53.617,38.941,67.357,43.642,57.531,61.545,29.945,34.518,16.65,11.952,24.834,23.998,42.201,63.171,39.776,63.596,67.151,67.272,44.988,39.342,39.943,10.411,19.16,15.11,33.828,40.907,47.168,40.739,41.159,48.055,62.901,63.807,64.126,41.447,8.957,12.52,21.64,29.735,49.585,49.925,41.153,3.615,3.418,1.395,0.903,2.443,0.58,0.04,0.243,0.16,1.145,1.422,5.641,1.752,4.412,0.776,2.21,0.491,0.124,1.512,0.288,0.061,0.355,0.54,2.491,5.582,1.57,7.13,4.874,1.893,0.336,0.503,1.056,0.077,0.22,0.176,0.922,3.215,3.296,1.973,3.782,0.861,2.908,2.169,3.681,1.221,0.098,0.039,0.537,0.642,3.386,3.727,1.921
37.0,31.33,8.03,9.978,14.68,19.774,25.281,27.396,29.389,25.79,20.936,15.074,10.245,7.451,17.835,7.467,12.547,14.803,20.134,27.289,25.965,28.036,25.584,19.646,15.677,10.274,6.866,17.856,7.81,10.71,14.242,22.026,24.254,25.026,29.162,24.386,21.846,14.225,10.286,8.032,17.666,9.572,12.07,14.357,18.733,20.147,24.469,29.198,25.714,20.644,15.221,9.42,8.121,17.306,0.478,0.452,0.508,0.56,0.638,0.66,0.728,0.703,0.678,0.625,0.567,0.488,0.612,0.444,0.566,0.513,0.572,0.686,0.625,0.69,0.697,0.633,0.65,0.569,0.45,0.611,0.462,0.486,0.494,0.622,0.609,0.606,0.72,0.664,0.706,0.588,0.565,0.526,0.601,0.568,0.547,0.498,0.528,0.509,0.593,0.719,0.699,0.664,0.627,0.519,0.534,0.592,61.077,64.009,61.168,54.11,37.928,29.901,8.259,12.332,13.373,31.387,36.224,53.47,38.6,67.094,43.533,57.178,60.624,28.891,33.133,16.407,11.994,23.873,23.776,42.293,63.582,39.362,63.884,67.226,67.551,44.024,38.885,38.427,10.076,18.031,15.083,33.81,40.776,46.165,40.327,40.783,47.742,62.273,62.368,62.973,40.449,8.771,12.509,20.884,29.447,48.265,48.97,40.451,4.071,3.694,1.433,0.914,2.579,0.457,0.034,0.21,0.141,1.097,1.623,6.251,1.878,4.85,0.845,2.338,0.523,0.096,1.286,0.245,0.061,0.303,0.579,2.744,5.938,1.65,8.159,5.235,1.917,0.293,0.432,0.924,0.067,0.186,0.169,0.98,3.708,3.75,2.15,4.009,0.976,3.093,2.239,3.536,1.023,0.08,0.026,0.499,0.731,3.648,4.27,2.011
37.0,30.67,8.203,9.903,14.854,19.938,25.041,27.284,29.33,25.68,20.898,14.948,10.391,7.357,17.818,7.356,12.617,14.908,20.235,27.231,25.978,28.034,25.671,19.699,15.621,10.276,6.77,17.865,7.82,10.669,14.512,21.908,24.37,25.036,29.196,24.299,21.777,14.363,10.232,8.08,17.688,9.507,12.332,14.262,18.581,19.877,24.442,29.224,25.657,20.59,15.253,9.289,8.009,17.253,0.488,0.448,0.514,0.566,0.632,0.658,0.727,0.7,0.677,0.62,0.576,0.482,0.611,0.436,0.57,0.517,0.574,0.684,0.625,0.69,0.699,0.634,0.648,0.569,0.444,0.611,0.462,0.484,0.502,0.618,0.613,0.606,0.72,0.662,0.704,0.593,0.563,0.529,0.603,0.564,0.559,0.495,0.523,0.501,0.591,0.719,0.697,0.662,0.629,0.512,0.526,0.59,58.13,64.026,60.585,53.358,38.442,30.345,8.661,12.461,13.467,32.073,34.618,53.678,38.318,67.685,43.661,56.732,59.863,29.047,32.613,15.976,11.257,23.277,23.85,42.204,63.747,39.157,62.56,65.714,66.111,44.514,38.37,38.476,9.686,18.63,14.625,32.272,40.942,45.39,39.773,40.739,45.419,62.485,62.566,63.764,39.974,8.395,12.31,21.372,28.686,49.173,49.522,40.366,3.771,3.547,1.405,0.897,2.396,0.5,0.036,0.234,0.139,1.187,1.511,6.562,1.85,4.776,0.807,2.22,0.451,0.107,1.392,0.207,0.051,0.307,0.583,2.748,6.156,1.65,7.721,5.116,1.909,0.319,0.447,0.979,0.068,0.203,0.155,0.971,3.611,3.744,2.102,4.214,0.869,3.031,2.17,3.704,1.068,0.071,0.028,0.518,0.667,3.655,4.075,2.006
37.33,31.33,8.082,10.035,14.805,19.845,25.039,27.249,29.331,25.835,20.811,15.008,10.239,7.507,17.815,7.427,12.545,14.798,19.754,27.022,25.772,28.003,25.517,19.543,15.621,10.243,6.96,17.768,7.661,10.747,13.955,21.865,24.16,24.992,29.061,24.409,21.696,14.025,10.3,7.899,17.563,9.506,11.734,14.342,18.629,20.258,24.41,29.11,25.727,20.658,15.101,9.401,8.086,17.247,0.484,0.456,0.512,0.562,0.631,0.656,0.726,0.706,0.674,0.626,0.569,0.495,0.612,0.444,0.569,0.513,0.561,0.679,0.62,0.689,0.696,0.631,0.651,0.57,0.46,0.609,0.456,0.489,0.484,0.618,0.607,0.605,0.717,0.666,0.702,0.582,0.569,0.521,0.6,0.568,0.534,0.499,0.527,0.511,0.59,0.718,0.699,0.666,0.625,0.521,0.534,0.591,62.754,64.747,62.15,55.184,40.034,32.152,8.824,12.691,14.194,32.452,37.235,54.704,39.758,67.864,43.798,58.312,63.07,31.19,35.583,17.292,12.934,26.116,24.764,43.27,63.677,40.654,65.094,68.579,68.108,45.408,40.266,40.543,11.087,19.34,15.862,35.542,41.691,49.349,41.739,42.156,50.928,63.282,64.61,64.286,42.459,9.562,13.142,22.07,31.271,50.132,50.622,42.042,3.673,3.413,1.396,0.908,2.466,0.568,0.04,0.225,0.167,1.048,1.445,5.176,1.712,4.276,0.781,2.241,0.539,0.117,1.434,0.346,0.071,0.375,0.525,2.365,5.383,1.538,7.09,4.761,1.881,0.316,0.51,1.02,0.08,0.208,0.187,0.92,3.118,3.154,1.935,3.511,0.924,2.837,2.173,3.485,1.237,0.112,0.039,0.51,0.662,3.299,3.685,1.874
37.33,30.67,8.282,9.948,14.983,20.01,24.72,27.116,29.264,25.714,20.772,14.861,10.394,7.406,17.789,7.281,12.611,14.901,19.854,26.965,25.76,27.972,25.64,19.588,15.562,10.235,6.826,17.766,7.698,10.678,14.267,21.72,24.278,25.0,29.121,24.295,21.621,14.185,10.237,7.966,17.588,9.429,12.055,14.209,18.411,19.892,24.358,29.133,25.645,20.596,15.13,9.236,7.945,17.17,0.495,0.453,0.519,0.567,0.623,0.653,0.724,0.702,0.673,0.62,0.578,0.489,0.611,0.435,0.572,0.517,0.563,0.677,0.62,0.689,0.699,0.632,0.649,0.57,0.451,0.609,0.458,0.486,0.495,0.613,0.611,0.605,0.718,0.663,0.699,0.588,0.567,0.525,0.601,0.563,0.549,0.494,0.52,0.501,0.589,0.717,0.697,0.664,0.628,0.511,0.525,0.588,59.173,64.647,61.583,54.305,40.745,32.651,9.371,12.808,14.337,33.205,35.363,54.785,39.414,68.64,43.921,57.912,62.097,31.215,34.897,16.846,11.919,25.436,24.718,43.142,63.84,40.38,63.463,66.64,66.431,45.988,39.738,40.616,10.539,20.148,15.148,33.658,41.899,48.13,41.032,41.871,47.947,63.597,64.964,65.409,42.042,9.182,13.075,22.638,30.438,51.17,51.194,41.959,3.346,3.273,1.366,0.9,2.301,0.629,0.044,0.264,0.171,1.18,1.317,5.503,1.692,4.238,0.741,2.126,0.456,0.134,1.593,0.276,0.055,0.373,0.54,2.384,5.607,1.544,6.598,4.673,1.889,0.366,0.532,1.133,0.08,0.237,0.169,0.905,3.019,3.173,1.896,3.768,0.802,2.793,2.117,3.735,1.308,0.098,0.046,0.555,0.587,3.319,3.504,1.887
37.33,32.0,7.851,10.448,14.729,19.666,25.606,27.55,29.451,26.207,20.925,15.407,10.018,7.824,17.973,7.768,12.57,14.798,19.389,27.097,26.256,28.19,25.277,19.578,15.763,10.309,7.312,17.862,7.719,10.911,13.382,22.232,23.968,25.344,29.03,24.809,21.87,13.952,10.477,7.822,17.624,9.644,11.136,14.756,19.257,21.19,24.609,29.045,25.865,20.93,15.053,9.853,8.469,17.482,0.471,0.475,0.509,0.555,0.645,0.662,0.728,0.716,0.677,0.644,0.555,0.515,0.618,0.464,0.568,0.511,0.549,0.683,0.631,0.694,0.69,0.634,0.658,0.572,0.484,0.611,0.461,0.494,0.465,0.629,0.601,0.612,0.719,0.677,0.706,0.582,0.577,0.514,0.602,0.577,0.507,0.512,0.546,0.535,0.595,0.718,0.702,0.672,0.622,0.546,0.557,0.6,69.793,65.13,63.875,58.432,40.222,32.21,8.091,12.271,14.72,31.821,41.715,56.056,41.192,68.55,43.625,59.84,66.494,33.514,36.535,18.034,15.386,28.431,25.666,45.853,65.032,42.245,69.412,73.241,70.235,45.166,42.54,40.386,11.921,17.338,17.599,40.056,43.699,54.017,43.803,43.573,59.632,63.716,65.651,62.939,44.662,11.023,14.494,22.117,35.108,50.028,50.662,43.632,4.293,3.712,1.471,0.944,2.556,0.407,0.034,0.122,0.17,0.629,1.799,4.23,1.698,4.371,0.867,2.51,0.708,0.071,0.931,0.418,0.108,0.399,0.471,2.24,5.08,1.513,7.886,4.622,1.859,0.258,0.496,0.789,0.074,0.122,0.217,0.939,3.222,2.962,1.952,2.698,1.251,2.815,2.196,2.693,1.127,0.125,0.028,0.382,0.839,3.315,4.027,1.792
36.67,32.0,7.881,10.49,14.773,19.577,25.797,27.837,29.456,26.2,21.066,15.558,9.943,7.805,18.031,7.874,12.623,14.927,19.745,27.332,26.541,28.139,25.339,19.743,15.822,10.326,7.224,17.972,7.875,11.016,13.749,22.357,24.108,25.626,29.175,24.849,22.031,14.125,10.512,8.006,17.784,9.658,11.343,14.929,19.49,21.342,24.835,29.123,25.848,21.016,15.151,10.034,8.508,17.604,0.467,0.473,0.508,0.551,0.649,0.669,0.728,0.715,0.68,0.646,0.545,0.507,0.618,0.465,0.566,0.513,0.558,0.688,0.638,0.693,0.691,0.637,0.656,0.567,0.472,0.614,0.466,0.495,0.476,0.631,0.604,0.619,0.723,0.677,0.709,0.586,0.574,0.519,0.604,0.572,0.511,0.517,0.553,0.539,0.601,0.721,0.7,0.673,0.623,0.55,0.553,0.603,68.816,64.259,62.574,57.857,38.357,29.651,8.192,12.417,14.57,31.314,42.557,56.355,40.574,68.463,43.013,58.871,64.32,32.183,33.236,17.772,15.128,26.478,25.779,46.587,65.583,41.45,68.504,71.01,68.963,44.3,41.05,37.403,11.412,16.788,16.765,39.037,44.03,52.091,42.614,43.119,56.929,62.847,63.574,61.342,42.475,11.089,14.889,21.477,35.085,48.48,50.282,42.632,4.659,3.918,1.444,0.939,2.621,0.295,0.032,0.129,0.163,0.651,1.923,4.733,1.792,4.85,0.94,2.561,0.739,0.051,0.764,0.331,0.109,0.332,0.52,2.413,5.454,1.587,8.716,4.975,1.886,0.221,0.405,0.733,0.064,0.116,0.192,1.005,3.61,3.624,2.127,3.028,1.396,2.946,2.208,2.573,0.89,0.096,0.028,0.376,0.879,3.538,4.772,1.895
37.0,32.33,7.804,10.632,14.68,19.565,25.843,27.763,29.533,26.313,21.061,15.589,9.961,7.917,18.054,7.888,12.601,14.858,19.489,27.269,26.576,28.26,25.318,19.686,15.87,10.359,7.344,17.964,7.867,10.966,13.4,22.455,23.955,25.555,29.141,24.952,22.037,14.073,10.54,7.915,17.736,9.728,11.113,14.927,19.504,21.384,24.72,29.069,25.892,21.034,15.116,10.03,8.615,17.592,0.466,0.482,0.506,0.551,0.651,0.667,0.73,0.719,0.68,0.65,0.548,0.518,0.62,0.469,0.566,0.512,0.551,0.688,0.639,0.696,0.691,0.637,0.66,0.571,0.483,0.614,0.468,0.495,0.465,0.635,0.6,0.617,0.723,0.681,0.71,0.586,0.578,0.516,0.604,0.579,0.503,0.518,0.554,0.54,0.598,0.72,0.702,0.674,0.622,0.553,0.563,0.603,71.055,64.584,64.095,59.014,39.471,30.974,7.703,11.992,14.576,31.342,42.743,55.897,41.118,68.784,43.471,59.792,66.215,33.226,35.026,17.841,15.365,27.841,25.488,46.389,65.611,42.086,69.845,73.566,70.394,44.529,42.623,39.093,11.453,16.11,17.373,40.345,44.166,53.595,43.593,42.969,60.424,63.458,65.133,62.203,44.476,11.272,14.968,21.922,35.679,49.147,49.987,43.468,4.746,4.017,1.5,0.966,2.63,0.307,0.027,0.099,0.165,0.552,2.031,4.508,1.796,4.793,0.934,2.658,0.744,0.053,0.726,0.331,0.105,0.359,0.499,2.406,5.393,1.582,8.741,4.866,1.894,0.249,0.434,0.73,0.061,0.097,0.203,0.987,3.584,3.233,2.088,2.772,1.394,2.947,2.234,2.499,0.956,0.1,0.025,0.361,0.918,3.569,4.555,1.862
37.0,31.67,7.891,10.507,14.666,19.526,25.688,27.617,29.482,26.172,21.016,15.443,9.982,7.809,17.982,7.785,12.56,14.765,19.635,27.272,26.284,28.128,25.341,19.599,15.792,10.326,7.212,17.895,7.888,10.905,13.482,22.379,23.948,25.334,29.065,24.779,21.968,14.024,10.495,7.962,17.684,9.729,11.256,14.818,19.263,20.98,24.564,29.077,25.835,20.917,15.111,9.918,8.516,17.496,0.471,0.476,0.505,0.55,0.647,0.663,0.729,0.715,0.679,0.644,0.549,0.51,0.618,0.463,0.565,0.509,0.556,0.687,0.632,0.692,0.692,0.633,0.657,0.57,0.474,0.612,0.469,0.492,0.468,0.633,0.6,0.613,0.721,0.676,0.708,0.583,0.576,0.519,0.602,0.579,0.509,0.514,0.547,0.53,0.595,0.72,0.7,0.67,0.622,0.547,0.557,0.6,69.266,64.358,63.719,58.375,39.512,31.346,8.063,12.34,14.475,31.619,41.859,55.98,40.906,68.703,43.659,59.59,65.341,32.413,35.686,18.188,14.828,27.589,25.485,45.684,65.429,41.881,68.888,72.425,70.389,44.476,42.217,39.571,11.608,17.106,17.108,39.507,43.379,52.2,43.242,42.543,57.656,63.312,64.787,63.043,44.035,10.794,14.654,21.695,34.59,49.013,49.9,43.001,4.717,4.043,1.505,0.976,2.775,0.339,0.029,0.128,0.156,0.711,1.951,5.08,1.868,4.927,0.931,2.644,0.7,0.06,0.872,0.324,0.088,0.329,0.549,2.565,5.597,1.631,8.901,5.146,1.929,0.245,0.42,0.778,0.062,0.121,0.194,1.007,3.783,3.531,2.174,3.175,1.309,3.059,2.329,2.784,0.959,0.099,0.022,0.411,0.889,3.662,4.596,1.942
37.33,32.33,7.789,10.421,14.792,19.836,25.694,27.669,29.465,26.27,20.932,15.468,10.063,7.855,18.021,7.808,12.636,14.943,19.338,27.069,26.531,28.316,25.274,19.693,15.808,10.322,7.396,17.931,7.662,10.946,13.524,22.202,24.108,25.553,29.121,24.9,21.889,14.049,10.472,7.77,17.681,9.578,11.218,14.769,19.436,21.528,24.813,29.056,25.891,20.999,15.068,9.848,8.468,17.554,0.468,0.474,0.512,0.56,0.647,0.665,0.728,0.718,0.677,0.647,0.559,0.518,0.62,0.466,0.572,0.518,0.547,0.683,0.638,0.698,0.69,0.638,0.659,0.573,0.489,0.614,0.457,0.497,0.47,0.628,0.605,0.617,0.721,0.679,0.706,0.586,0.577,0.511,0.604,0.573,0.511,0.512,0.551,0.543,0.599,0.718,0.703,0.675,0.623,0.546,0.558,0.603,69.45,65.298,63.215,57.694,39.561,31.252,7.77,11.848,14.506,31.255,41.175,55.202,40.684,67.929,43.069,59.229,66.159,33.531,34.939,17.089,15.446,27.727,25.196,45.755,64.503,41.713,69.148,73.119,69.168,45.065,41.877,39.233,11.502,16.451,17.452,39.488,43.783,54.142,43.37,43.828,60.207,63.375,65.11,61.505,43.904,11.111,14.231,21.993,34.967,49.92,50.502,43.386,4.054,3.485,1.436,0.907,2.309,0.411,0.037,0.107,0.177,0.529,1.754,3.681,1.574,4.054,0.836,2.405,0.723,0.072,0.875,0.435,0.128,0.442,0.404,2.026,4.769,1.43,7.275,4.215,1.796,0.274,0.537,0.763,0.077,0.11,0.229,0.893,2.854,2.612,1.802,2.345,1.25,2.642,2.038,2.521,1.176,0.129,0.033,0.339,0.822,3.093,3.788,1.682
37.33,31.67,7.892,10.288,14.755,19.746,25.46,27.481,29.413,26.103,20.882,15.296,10.075,7.731,17.926,7.679,12.56,14.814,19.487,27.052,26.104,28.141,25.33,19.574,15.727,10.284,7.227,17.834,7.663,10.877,13.557,22.103,24.052,25.252,29.034,24.697,21.812,13.951,10.422,7.819,17.601,9.592,11.29,14.637,19.1,20.998,24.59,29.064,25.835,20.859,15.062,9.716,8.348,17.423,0.473,0.468,0.51,0.558,0.641,0.661,0.727,0.713,0.676,0.639,0.559,0.509,0.617,0.459,0.569,0.513,0.552,0.681,0.628,0.693,0.691,0.634,0.656,0.572,0.478,0.611,0.457,0.494,0.471,0.625,0.603,0.61,0.718,0.673,0.705,0.581,0.575,0.515,0.601,0.574,0.514,0.508,0.541,0.53,0.594,0.718,0.701,0.671,0.623,0.538,0.55,0.598,67.732,65.037,63.068,57.148,39.878,31.921,8.186,12.296,14.397,31.713,40.225,55.33,40.576,67.875,43.4,59.127,65.353,32.687,36.066,17.657,14.715,27.556,25.183,44.822,64.268,41.558,67.987,71.759,69.435,45.106,41.578,40.2,11.702,17.79,17.014,38.609,42.808,52.579,43.048,43.117,57.006,63.347,65.052,62.832,43.727,10.577,13.873,21.863,33.762,49.782,50.485,42.95,4.043,3.553,1.439,0.921,2.499,0.466,0.037,0.152,0.17,0.735,1.663,4.316,1.667,4.242,0.833,2.402,0.667,0.087,1.092,0.424,0.105,0.404,0.464,2.209,5.019,1.495,7.469,4.576,1.846,0.271,0.512,0.849,0.079,0.148,0.214,0.921,3.07,2.936,1.906,2.827,1.154,2.781,2.157,2.906,1.179,0.128,0.033,0.412,0.779,3.224,3.85,1.787
36.67,32.33,7.804,10.46,14.819,19.706,25.884,27.983,29.476,26.268,21.096,15.655,9.967,7.839,18.079,7.942,12.655,15.082,19.746,27.331,26.78,28.25,25.367,19.866,15.888,10.348,7.285,18.047,7.809,11.051,13.878,22.356,24.241,25.841,29.293,24.957,22.081,14.229,10.514,7.975,17.851,9.612,11.37,14.976,19.664,21.67,25.045,29.157,25.887,21.106,15.186,10.058,8.514,17.685,0.462,0.472,0.509,0.555,0.651,0.674,0.729,0.716,0.681,0.65,0.547,0.509,0.619,0.468,0.567,0.519,0.557,0.688,0.645,0.696,0.692,0.641,0.658,0.567,0.475,0.616,0.46,0.497,0.481,0.631,0.608,0.624,0.726,0.679,0.71,0.59,0.574,0.517,0.607,0.569,0.513,0.518,0.557,0.547,0.605,0.721,0.701,0.676,0.624,0.551,0.553,0.606,68.743,64.434,61.959,57.19,37.541,28.472,7.865,12.035,14.347,30.733,42.263,55.517,40.089,67.797,42.533,58.152,63.777,32.027,31.432,16.851,15.099,25.565,25.332,46.55,65.221,40.861,68.15,70.527,67.884,44.028,40.275,36.105,10.918,15.848,16.408,38.448,44.211,51.984,42.066,43.106,57.159,62.511,62.963,59.792,41.639,11.205,14.596,21.266,35.017,48.147,50.126,42.293,4.513,3.78,1.402,0.904,2.385,0.289,0.033,0.12,0.172,0.553,1.913,4.215,1.689,4.677,0.923,2.492,0.751,0.052,0.701,0.333,0.132,0.363,0.454,2.219,5.221,1.525,8.265,4.618,1.836,0.227,0.422,0.71,0.066,0.11,0.196,0.972,3.27,3.311,2.0,2.699,1.444,2.797,2.046,2.405,0.903,0.098,0.037,0.341,0.863,3.372,4.66,1.807
36.67,31.67,7.959,10.361,14.862,19.716,25.738,27.828,29.411,26.095,21.053,15.463,10.019,7.704,18.016,7.802,12.69,15.02,19.935,27.331,26.539,28.115,25.393,19.806,15.798,10.308,7.139,17.991,7.866,11.021,14.053,22.305,24.283,25.646,29.193,24.757,21.994,14.187,10.473,8.035,17.817,9.605,11.628,14.88,19.447,21.24,24.918,29.15,25.798,20.967,15.186,9.92,8.402,17.594,0.471,0.467,0.511,0.556,0.647,0.67,0.727,0.712,0.68,0.641,0.55,0.5,0.617,0.46,0.569,0.517,0.564,0.687,0.639,0.692,0.692,0.639,0.654,0.566,0.466,0.614,0.464,0.495,0.486,0.629,0.609,0.62,0.723,0.674,0.708,0.587,0.572,0.521,0.605,0.568,0.524,0.515,0.55,0.536,0.603,0.721,0.699,0.671,0.624,0.543,0.546,0.602,66.363,63.96,61.388,56.387,37.701,28.947,8.417,12.525,14.236,31.225,41.145,55.953,39.851,67.966,42.644,57.954,62.787,31.319,31.986,17.244,14.515,25.234,25.373,45.821,65.067,40.658,67.068,69.226,67.758,44.172,39.741,36.478,11.205,17.151,16.182,37.293,43.183,50.529,41.666,42.95,53.895,62.13,62.383,60.89,40.923,10.675,14.493,21.199,33.641,48.163,50.114,41.787,4.452,3.747,1.406,0.911,2.561,0.323,0.035,0.153,0.159,0.75,1.8,4.942,1.77,4.739,0.915,2.442,0.705,0.059,0.867,0.33,0.105,0.328,0.523,2.411,5.457,1.572,8.413,4.96,1.867,0.223,0.409,0.76,0.068,0.134,0.188,0.999,3.541,3.716,2.105,3.21,1.309,2.917,2.166,2.733,0.902,0.095,0.029,0.392,0.828,3.464,4.696,1.896
37.33,33.0,7.444,10.424,14.636,20.064,26.006,28.048,29.578,26.572,21.083,15.845,10.178,8.083,18.166,8.043,12.79,15.222,19.126,27.075,27.536,28.748,25.233,20.076,16.09,10.358,7.663,18.163,7.554,11.026,13.702,22.194,24.172,26.138,29.515,25.235,22.079,14.44,10.435,7.707,17.849,9.542,11.323,14.75,19.974,22.496,25.268,29.101,25.988,21.278,15.147,9.966,8.604,17.786,0.447,0.476,0.508,0.568,0.656,0.677,0.732,0.725,0.683,0.661,0.565,0.534,0.624,0.477,0.578,0.529,0.539,0.683,0.663,0.711,0.689,0.65,0.67,0.574,0.506,0.622,0.448,0.503,0.476,0.627,0.607,0.63,0.73,0.688,0.71,0.602,0.574,0.506,0.612,0.57,0.518,0.511,0.565,0.567,0.61,0.719,0.706,0.685,0.625,0.552,0.567,0.612,69.578,65.791,62.805,56.96,38.036,28.623,6.8,10.183,14.053,28.862,40.087,51.466,39.437,66.616,41.909,58.17,65.649,33.664,29.969,14.444,15.987,25.522,23.26,45.516,62.759,40.289,68.438,73.393,67.376,45.314,41.586,36.227,9.888,12.868,17.064,38.116,44.78,53.794,42.402,43.058,62.554,63.447,64.542,57.237,42.981,11.623,13.797,21.466,34.809,49.002,49.099,42.798,3.809,3.102,1.4,0.812,1.606,0.338,0.033,0.033,0.192,0.153,1.879,2.369,1.309,3.474,0.798,2.228,0.79,0.065,0.534,0.34,0.184,0.544,0.217,1.595,4.117,1.239,6.238,3.181,1.626,0.345,0.609,0.654,0.064,0.043,0.254,0.791,2.113,1.663,1.466,1.319,1.346,2.264,1.588,1.851,1.154,0.106,0.049,0.198,0.856,2.683,3.448,1.407
36.67,33.0,7.45,10.469,14.674,19.986,26.149,28.274,29.551,26.544,21.189,16.007,10.092,8.094,18.209,8.201,12.788,15.401,19.505,27.27,27.633,28.687,25.375,20.219,16.188,10.414,7.57,18.271,7.611,11.057,13.928,22.397,24.309,26.347,29.636,25.27,22.227,14.543,10.496,7.866,17.974,9.594,11.378,14.983,20.133,22.614,25.474,29.186,25.966,21.357,15.248,10.14,8.658,17.894,0.441,0.475,0.506,0.565,0.658,0.683,0.732,0.723,0.684,0.664,0.555,0.528,0.623,0.481,0.573,0.533,0.548,0.687,0.665,0.709,0.692,0.652,0.67,0.571,0.493,0.624,0.446,0.5,0.482,0.631,0.61,0.634,0.734,0.688,0.713,0.603,0.573,0.511,0.614,0.567,0.516,0.517,0.569,0.57,0.614,0.721,0.704,0.685,0.626,0.556,0.563,0.614,69.851,65.312,62.073,56.656,36.534,26.7,7.1,10.599,14.086,28.778,41.403,51.795,39.24,66.38,41.895,57.092,63.801,32.512,27.6,14.341,15.521,23.878,23.446,46.036,63.754,39.689,67.986,71.071,66.486,44.141,40.211,34.117,9.501,12.724,16.149,37.473,45.114,52.117,41.422,42.449,60.162,62.745,62.977,55.904,41.343,11.831,14.225,21.074,35.014,47.654,49.048,42.033,4.291,3.434,1.366,0.799,1.649,0.246,0.024,0.047,0.194,0.157,2.055,2.706,1.412,4.074,0.871,2.335,0.789,0.054,0.406,0.262,0.193,0.467,0.241,1.729,4.549,1.33,7.111,3.441,1.654,0.282,0.479,0.611,0.056,0.053,0.209,0.88,2.367,2.046,1.601,1.524,1.58,2.362,1.552,1.781,0.914,0.083,0.061,0.208,0.87,2.94,4.126,1.502
37.0,33.33,7.342,10.47,14.461,19.897,26.074,28.169,29.597,26.62,21.189,16.016,10.163,8.155,18.182,8.142,12.775,15.249,19.191,27.158,27.719,28.801,25.304,20.207,16.237,10.398,7.669,18.237,7.529,10.954,13.72,22.291,24.061,26.22,29.672,25.272,22.212,14.536,10.454,7.782,17.891,9.6,11.308,14.78,20.035,22.56,25.353,29.144,25.991,21.342,15.222,10.078,8.681,17.841,0.438,0.477,0.501,0.563,0.657,0.681,0.733,0.725,0.685,0.666,0.561,0.536,0.623,0.48,0.574,0.528,0.54,0.685,0.667,0.712,0.691,0.653,0.675,0.573,0.503,0.624,0.444,0.498,0.476,0.629,0.603,0.631,0.734,0.689,0.713,0.605,0.572,0.508,0.613,0.57,0.515,0.511,0.566,0.569,0.612,0.72,0.706,0.686,0.626,0.555,0.568,0.613,69.845,65.543,63.389,57.586,37.773,27.828,6.953,10.121,14.187,28.559,40.339,50.473,39.383,66.584,42.08,58.052,65.326,33.452,28.648,14.249,15.938,24.566,22.777,45.352,62.592,39.969,67.934,72.63,67.484,45.255,41.768,35.633,9.376,12.393,16.581,37.623,45.059,52.555,42.022,42.044,61.867,63.614,64.628,56.576,42.837,11.836,14.154,21.656,34.822,48.08,48.559,42.553,4.144,3.302,1.404,0.794,1.53,0.27,0.021,0.025,0.197,0.098,2.05,2.471,1.358,3.727,0.84,2.294,0.806,0.064,0.402,0.257,0.19,0.515,0.21,1.665,4.338,1.274,6.718,3.256,1.621,0.332,0.537,0.625,0.052,0.033,0.228,0.835,2.247,1.7,1.517,1.295,1.451,2.3,1.514,1.759,0.99,0.082,0.053,0.181,0.886,2.873,3.807,1.435
37.0,32.67,7.481,10.65,14.652,19.939,26.172,28.209,29.659,26.597,21.202,15.938,10.104,8.092,18.227,8.085,12.801,15.284,19.278,27.238,27.615,28.768,25.394,20.147,16.169,10.433,7.629,18.237,7.65,11.086,13.715,22.438,24.197,26.244,29.581,25.339,22.234,14.453,10.526,7.767,17.935,9.606,11.228,14.945,20.105,22.499,25.341,29.131,26.017,21.311,15.238,10.078,8.698,17.849,0.446,0.485,0.507,0.564,0.66,0.681,0.734,0.725,0.685,0.663,0.558,0.532,0.625,0.478,0.575,0.53,0.543,0.687,0.665,0.711,0.694,0.651,0.672,0.574,0.5,0.624,0.451,0.503,0.476,0.633,0.607,0.632,0.733,0.691,0.714,0.602,0.576,0.507,0.613,0.571,0.511,0.516,0.569,0.568,0.612,0.72,0.706,0.685,0.626,0.556,0.57,0.613,71.312,65.171,63.359,57.747,37.703,27.856,6.367,10.288,13.836,29.272,41.129,52.369,39.699,67.155,42.184,58.298,65.608,33.432,29.418,14.565,15.327,25.094,23.3,45.789,63.892,40.339,69.03,73.52,67.967,44.609,41.405,35.788,9.418,12.454,16.564,38.389,44.752,53.681,42.296,42.756,63.009,63.054,64.244,57.768,42.986,11.563,14.309,21.807,35.176,48.456,48.98,42.839,4.285,3.482,1.417,0.838,1.785,0.272,0.022,0.039,0.191,0.183,2.08,2.883,1.454,3.98,0.868,2.391,0.795,0.058,0.46,0.287,0.164,0.475,0.277,1.828,4.594,1.346,7.222,3.636,1.685,0.309,0.513,0.639,0.057,0.046,0.223,0.871,2.556,2.055,1.653,1.617,1.458,2.45,1.684,1.896,0.985,0.088,0.044,0.215,0.903,3.045,4.024,1.536
37.33,33.33,7.36,10.177,14.446,19.96,25.794,27.88,29.477,26.542,21.022,15.838,10.211,8.1,18.069,8.059,12.71,15.063,19.047,26.969,27.389,28.657,25.071,20.008,16.066,10.274,7.636,18.079,7.462,10.911,13.612,21.972,23.962,25.949,29.497,25.087,21.982,14.444,10.336,7.74,17.746,9.553,11.352,14.537,19.75,22.341,25.108,29.102,25.946,21.263,15.082,9.945,8.543,17.71,0.442,0.465,0.5,0.564,0.65,0.673,0.729,0.724,0.682,0.661,0.568,0.535,0.621,0.478,0.575,0.523,0.536,0.68,0.659,0.709,0.684,0.647,0.67,0.57,0.505,0.62,0.444,0.498,0.473,0.621,0.602,0.626,0.728,0.684,0.707,0.602,0.57,0.51,0.608,0.571,0.52,0.504,0.559,0.563,0.605,0.718,0.705,0.685,0.624,0.55,0.563,0.608,67.885,66.335,62.871,56.988,38.574,29.484,7.731,10.339,14.624,28.461,39.649,50.466,39.451,66.439,42.037,58.334,65.534,33.752,30.517,14.864,16.889,25.752,23.371,45.464,61.746,40.392,67.501,72.501,67.336,46.276,42.341,36.849,10.442,13.627,17.422,37.87,45.236,53.02,42.533,42.578,60.897,64.364,65.213,56.879,43.246,11.855,13.615,21.11,34.644,49.035,49.102,42.709,3.644,2.94,1.398,0.794,1.501,0.356,0.038,0.03,0.191,0.139,1.787,2.17,1.249,3.298,0.771,2.148,0.793,0.069,0.547,0.329,0.204,0.576,0.185,1.498,3.901,1.193,5.831,2.959,1.596,0.366,0.643,0.663,0.062,0.039,0.265,0.757,1.922,1.514,1.385,1.182,1.311,2.181,1.522,1.808,1.193,0.107,0.056,0.194,0.833,2.518,3.236,1.346
37.33,32.67,7.534,10.385,14.684,20.008,25.894,27.905,29.517,26.479,21.008,15.726,10.138,8.018,18.11,7.986,12.738,15.121,19.153,27.046,27.21,28.603,25.197,19.938,15.981,10.331,7.594,18.076,7.561,11.003,13.622,22.146,24.141,25.949,29.371,25.119,21.989,14.31,10.434,7.712,17.779,9.538,11.282,14.733,19.802,22.246,25.118,29.082,25.954,21.195,15.099,9.933,8.553,17.71,0.453,0.474,0.509,0.566,0.653,0.672,0.73,0.722,0.681,0.657,0.564,0.529,0.623,0.475,0.576,0.525,0.54,0.682,0.655,0.707,0.688,0.646,0.666,0.573,0.502,0.62,0.45,0.501,0.473,0.626,0.606,0.625,0.726,0.685,0.708,0.597,0.575,0.507,0.609,0.57,0.516,0.51,0.561,0.561,0.606,0.718,0.705,0.682,0.624,0.55,0.564,0.609,69.575,65.909,62.882,57.236,38.58,29.646,7.24,10.753,14.371,29.593,40.64,52.772,39.932,67.039,42.306,58.565,65.954,33.794,31.709,15.344,16.122,26.452,24.079,45.865,63.328,40.88,68.865,73.392,67.887,45.403,41.793,37.241,10.561,14.108,17.431,38.798,44.767,54.3,42.878,43.628,62.136,63.632,64.826,58.398,43.356,11.557,13.939,21.571,35.119,49.514,49.774,43.118,3.813,3.151,1.408,0.835,1.787,0.363,0.037,0.05,0.188,0.243,1.812,2.625,1.358,3.561,0.8,2.256,0.774,0.065,0.625,0.387,0.174,0.524,0.26,1.67,4.213,1.275,6.397,3.39,1.662,0.322,0.601,0.673,0.069,0.059,0.253,0.81,2.249,1.886,1.532,1.543,1.322,2.334,1.703,2.003,1.185,0.118,0.045,0.232,0.84,2.729,3.453,1.46
36.67,33.33,7.391,10.248,14.531,19.929,25.976,28.13,29.405,26.468,21.107,16.002,10.113,8.123,18.12,8.256,12.752,15.323,19.51,27.184,27.514,28.578,25.247,20.189,16.178,10.353,7.543,18.219,7.521,10.916,13.923,22.222,24.171,26.209,29.605,25.081,22.127,14.541,10.419,7.928,17.888,9.597,11.497,14.824,19.955,22.513,25.387,29.177,25.874,21.321,15.187,10.138,8.61,17.84,0.437,0.464,0.501,0.562,0.653,0.68,0.728,0.721,0.682,0.663,0.556,0.529,0.62,0.484,0.571,0.529,0.548,0.684,0.662,0.706,0.688,0.65,0.67,0.568,0.491,0.623,0.441,0.493,0.482,0.626,0.606,0.631,0.732,0.683,0.71,0.602,0.568,0.515,0.611,0.567,0.521,0.512,0.564,0.568,0.612,0.72,0.702,0.684,0.623,0.554,0.559,0.611,68.171,65.743,61.859,56.427,36.746,27.293,8.289,10.998,14.791,28.512,41.302,50.833,39.247,66.019,42.079,56.852,63.281,32.373,27.801,14.749,16.252,23.847,23.614,45.961,62.99,39.653,67.158,69.682,66.17,44.7,40.522,34.348,10.052,13.756,16.451,37.101,45.501,50.981,41.366,42.146,58.099,63.378,63.205,55.199,41.164,12.162,14.339,20.8,34.9,47.508,49.131,41.833,4.209,3.291,1.359,0.764,1.532,0.25,0.025,0.045,0.195,0.138,1.994,2.532,1.36,3.925,0.849,2.247,0.782,0.057,0.394,0.248,0.213,0.483,0.208,1.64,4.391,1.286,6.802,3.201,1.607,0.28,0.481,0.599,0.052,0.05,0.207,0.871,2.181,1.896,1.52,1.387,1.594,2.26,1.455,1.721,0.907,0.081,0.072,0.201,0.84,2.791,3.942,1.44
36.67,32.67,7.534,10.424,14.705,19.882,26.053,28.184,29.505,26.459,21.145,15.917,10.032,8.021,18.156,8.151,12.723,15.287,19.571,27.284,27.344,28.526,25.337,20.095,16.082,10.38,7.481,18.189,7.65,11.059,13.897,22.336,24.27,26.19,29.527,25.164,22.17,14.443,10.49,7.904,17.925,9.591,11.349,14.968,19.981,22.364,25.335,29.183,25.943,21.291,15.215,10.14,8.606,17.83,0.446,0.472,0.507,0.561,0.656,0.68,0.73,0.721,0.682,0.66,0.551,0.522,0.621,0.478,0.57,0.528,0.551,0.687,0.658,0.704,0.691,0.648,0.666,0.569,0.487,0.622,0.449,0.499,0.481,0.63,0.609,0.631,0.731,0.685,0.712,0.599,0.572,0.513,0.611,0.567,0.513,0.517,0.565,0.564,0.611,0.721,0.703,0.682,0.624,0.555,0.559,0.611,69.572,65.259,61.932,56.856,36.741,27.213,7.459,11.104,14.327,29.305,42.011,53.052,39.568,66.768,42.108,57.396,63.733,32.349,28.747,15.208,15.629,24.463,24.247,46.501,64.272,40.119,68.117,70.72,66.817,44.149,40.231,34.614,10.036,13.771,16.334,37.976,45.174,52.226,41.679,42.806,59.246,62.861,62.963,56.817,41.398,11.736,14.332,20.988,35.308,47.823,49.575,42.152,4.339,3.516,1.371,0.826,1.85,0.254,0.028,0.067,0.188,0.259,2.001,3.057,1.478,4.249,0.886,2.371,0.783,0.051,0.476,0.29,0.182,0.439,0.295,1.839,4.694,1.379,7.406,3.737,1.701,0.26,0.464,0.629,0.059,0.069,0.207,0.903,2.583,2.422,1.705,1.825,1.568,2.468,1.682,1.918,0.91,0.089,0.057,0.244,0.866,3.026,4.278,1.579
37.33,34.0,7.054,9.659,13.54,19.355,25.01,27.293,29.071,26.465,20.866,15.95,10.277,8.209,17.729,8.182,12.492,14.519,18.717,26.602,26.995,28.37,24.618,19.894,16.101,10.006,7.543,17.836,7.143,10.387,13.368,21.3,23.024,25.25,29.538,24.547,21.699,14.497,9.991,7.855,17.382,9.627,11.573,13.801,18.878,21.908,24.53,29.078,25.756,21.217,14.915,9.957,8.379,17.47,0.423,0.441,0.467,0.546,0.627,0.66,0.719,0.721,0.678,0.665,0.572,0.542,0.608,0.484,0.565,0.501,0.526,0.669,0.649,0.702,0.671,0.642,0.672,0.556,0.499,0.613,0.427,0.472,0.464,0.602,0.577,0.61,0.727,0.669,0.698,0.604,0.552,0.518,0.597,0.577,0.53,0.482,0.534,0.552,0.592,0.718,0.7,0.684,0.618,0.547,0.55,0.597,63.046,67.53,64.839,58.797,41.311,32.954,12.111,11.633,17.628,27.274,38.655,46.337,40.179,66.135,42.941,59.361,65.923,34.592,32.642,17.259,20.284,26.345,23.648,45.241,58.357,41.064,64.815,69.316,67.772,49.77,45.907,40.254,12.348,17.164,18.732,36.979,47.459,49.997,43.375,40.099,55.212,68.577,68.612,55.926,45.504,13.567,14.595,20.977,34.779,48.543,48.782,42.93,3.61,2.82,1.465,0.745,1.228,0.384,0.039,0.016,0.181,0.045,1.675,1.77,1.167,3.123,0.788,1.989,0.873,0.097,0.467,0.203,0.295,0.67,0.101,1.35,3.618,1.133,5.292,2.482,1.623,0.409,0.671,0.725,0.04,0.021,0.285,0.682,1.65,1.071,1.244,0.774,1.309,2.044,1.384,1.642,1.134,0.104,0.091,0.197,0.843,2.322,2.926,1.233
36.67,34.0,7.151,9.716,13.74,19.499,25.234,27.496,28.888,26.291,20.827,16.013,10.192,8.258,17.776,8.378,12.641,14.867,19.2,26.778,27.178,28.28,24.797,20.09,16.183,10.104,7.509,18.0,7.184,10.32,13.776,21.521,23.356,25.547,29.54,24.386,21.74,14.53,10.095,8.04,17.502,9.595,11.867,14.092,19.139,22.185,24.9,29.064,25.56,21.157,14.973,10.11,8.439,17.591,0.424,0.44,0.471,0.548,0.632,0.665,0.715,0.715,0.674,0.664,0.562,0.539,0.608,0.49,0.567,0.51,0.538,0.673,0.653,0.699,0.675,0.646,0.671,0.556,0.49,0.616,0.424,0.465,0.475,0.607,0.586,0.617,0.728,0.664,0.697,0.601,0.552,0.524,0.6,0.568,0.539,0.49,0.54,0.559,0.601,0.717,0.694,0.68,0.616,0.55,0.546,0.6,62.804,66.674,63.206,57.508,39.359,30.937,13.144,12.591,18.099,27.471,40.206,46.385,39.869,65.237,42.781,57.289,63.517,33.077,30.173,17.156,19.397,24.646,23.664,45.221,59.348,40.128,64.896,66.449,66.302,47.839,43.547,37.664,12.188,18.196,18.142,36.025,47.173,47.622,42.168,40.482,52.527,66.978,66.104,53.8,42.952,13.95,15.864,21.0,34.783,47.137,48.874,42.036,4.055,2.985,1.427,0.688,1.197,0.288,0.022,0.025,0.189,0.038,1.834,2.06,1.236,3.437,0.854,1.997,0.843,0.083,0.315,0.165,0.303,0.599,0.117,1.445,3.995,1.181,5.975,2.544,1.579,0.308,0.518,0.628,0.031,0.028,0.218,0.791,1.799,1.283,1.306,0.905,1.573,2.015,1.263,1.554,0.867,0.082,0.104,0.186,0.838,2.475,3.308,1.266
37.0,34.33,7.055,9.545,13.325,19.122,24.845,27.175,28.842,26.33,20.774,15.991,10.22,8.247,17.622,8.257,12.447,14.488,18.806,26.564,26.861,28.22,24.633,19.94,16.147,9.997,7.494,17.821,7.047,10.076,13.477,21.236,22.862,25.068,29.55,24.238,21.643,14.473,9.961,7.956,17.297,9.598,11.689,13.702,18.666,21.814,24.491,29.045,25.583,21.121,14.913,10.019,8.366,17.419,0.421,0.434,0.458,0.538,0.622,0.657,0.714,0.717,0.673,0.665,0.566,0.541,0.604,0.485,0.56,0.498,0.528,0.668,0.646,0.698,0.672,0.642,0.672,0.553,0.493,0.612,0.419,0.456,0.466,0.6,0.573,0.606,0.728,0.66,0.695,0.6,0.547,0.521,0.594,0.572,0.534,0.478,0.527,0.549,0.591,0.717,0.695,0.68,0.616,0.547,0.545,0.594,61.369,67.083,65.308,59.423,41.691,33.464,14.331,13.003,19.228,27.674,39.102,45.037,40.563,65.623,43.32,58.949,65.534,34.499,33.131,18.54,20.887,26.176,24.036,45.23,57.828,41.149,64.202,67.329,67.396,49.676,46.11,40.97,13.057,19.587,19.002,36.683,47.988,47.791,43.314,39.582,52.449,69.214,68.972,55.429,45.622,14.638,16.213,21.873,35.211,47.569,48.597,42.946,4.009,3.066,1.485,0.714,1.211,0.341,0.023,0.02,0.179,0.033,1.756,1.923,1.233,3.366,0.857,2.022,0.91,0.103,0.348,0.169,0.32,0.658,0.106,1.425,3.932,1.187,5.821,2.607,1.681,0.351,0.571,0.699,0.029,0.023,0.247,0.728,1.824,1.133,1.307,0.789,1.417,2.092,1.353,1.657,0.95,0.099,0.099,0.2,0.867,2.538,3.168,1.271
37.0,33.67,7.005,9.668,13.522,19.222,25.197,27.482,29.107,26.445,20.94,16.048,10.237,8.267,17.762,8.231,12.426,14.59,18.879,26.761,27.088,28.402,24.762,19.998,16.22,10.131,7.578,17.921,7.125,10.176,13.41,21.503,23.079,25.342,29.635,24.526,21.86,14.502,10.106,7.957,17.434,9.64,11.546,13.935,19.004,21.822,24.731,29.12,25.74,21.203,15.001,10.065,8.482,17.526,0.418,0.44,0.465,0.541,0.631,0.665,0.721,0.72,0.679,0.667,0.567,0.543,0.608,0.484,0.558,0.502,0.53,0.673,0.651,0.703,0.676,0.644,0.675,0.561,0.498,0.615,0.424,0.46,0.465,0.607,0.579,0.612,0.73,0.668,0.701,0.602,0.555,0.522,0.598,0.575,0.527,0.485,0.537,0.55,0.597,0.719,0.7,0.682,0.62,0.55,0.552,0.598,63.154,66.832,64.784,58.938,40.405,31.416,11.719,11.546,17.344,27.473,38.893,45.544,39.841,65.722,43.004,58.816,65.322,33.857,31.462,16.828,19.5,25.423,23.074,44.508,58.357,40.492,64.292,68.652,67.795,48.569,45.17,39.052,11.633,16.685,17.97,36.598,46.698,48.049,42.595,39.413,54.529,67.434,67.974,55.518,44.369,13.311,14.717,21.443,34.562,47.228,48.103,42.381,3.973,3.052,1.445,0.728,1.205,0.302,0.022,0.017,0.196,0.04,1.846,2.038,1.241,3.382,0.815,2.108,0.854,0.089,0.361,0.188,0.276,0.612,0.12,1.456,3.935,1.185,5.924,2.711,1.583,0.362,0.572,0.658,0.037,0.021,0.238,0.765,1.848,1.226,1.327,0.879,1.394,2.099,1.316,1.674,0.98,0.081,0.081,0.171,0.853,2.61,3.341,1.293
37.33,34.33,7.181,9.781,13.582,19.48,24.84,27.139,28.927,26.414,20.763,15.889,10.258,8.154,17.701,8.203,12.638,14.591,18.699,26.47,26.95,28.288,24.579,19.884,16.014,9.908,7.474,17.809,7.184,10.55,13.549,21.186,23.054,25.22,29.455,24.486,21.54,14.505,9.9,7.793,17.367,9.585,11.755,13.762,18.785,22.151,24.428,29.013,25.677,21.204,14.861,9.902,8.287,17.452,0.431,0.447,0.468,0.549,0.623,0.655,0.715,0.72,0.674,0.663,0.571,0.538,0.608,0.486,0.572,0.504,0.526,0.666,0.649,0.7,0.67,0.642,0.668,0.551,0.494,0.612,0.429,0.48,0.469,0.598,0.578,0.608,0.726,0.668,0.694,0.604,0.547,0.514,0.596,0.575,0.539,0.48,0.532,0.558,0.589,0.717,0.698,0.684,0.615,0.545,0.545,0.597,62.987,67.683,64.854,58.727,41.92,34.187,13.537,12.62,18.658,27.454,39.179,47.171,40.751,66.277,42.954,59.297,66.008,35.138,33.384,18.231,20.973,26.805,24.575,46.284,58.904,41.572,65.678,68.929,67.114,50.271,46.026,41.247,13.244,18.755,19.47,37.2,48.542,51.301,43.98,40.931,54.938,69.656,68.728,55.845,46.382,14.528,15.727,21.068,35.495,49.32,49.538,43.512,3.582,2.822,1.499,0.75,1.303,0.436,0.046,0.02,0.161,0.042,1.6,1.658,1.161,3.144,0.827,1.911,0.919,0.108,0.492,0.191,0.327,0.704,0.096,1.33,3.606,1.14,5.187,2.399,1.731,0.404,0.691,0.778,0.036,0.025,0.307,0.641,1.638,1.032,1.237,0.736,1.347,2.053,1.474,1.6,1.143,0.128,0.11,0.235,0.86,2.212,2.773,1.223
37.33,33.67,7.156,9.838,13.87,19.647,25.273,27.491,29.192,26.504,20.906,15.915,10.273,8.181,17.855,8.164,12.611,14.745,18.832,26.704,27.202,28.481,24.743,19.95,16.083,10.075,7.581,17.931,7.267,10.616,13.505,21.5,23.38,25.542,29.523,24.745,21.765,14.518,10.083,7.809,17.521,9.598,11.572,14.048,19.206,22.168,24.747,29.077,25.812,21.253,14.956,9.944,8.421,17.568,0.43,0.449,0.479,0.555,0.635,0.664,0.722,0.723,0.679,0.664,0.572,0.54,0.613,0.483,0.571,0.51,0.529,0.672,0.654,0.705,0.675,0.644,0.671,0.56,0.501,0.616,0.434,0.484,0.469,0.607,0.587,0.616,0.728,0.675,0.7,0.605,0.557,0.515,0.601,0.575,0.53,0.489,0.544,0.558,0.597,0.718,0.702,0.685,0.62,0.548,0.554,0.602,64.493,67.202,63.841,57.77,40.221,31.7,10.718,11.113,16.605,27.328,38.857,47.517,39.783,66.059,42.417,58.764,65.521,34.227,31.509,16.283,19.245,25.979,23.448,45.342,59.371,40.683,65.712,70.244,67.252,48.648,44.548,38.814,11.744,15.828,18.351,37.049,46.818,51.103,43.007,40.965,57.028,67.177,67.209,55.703,44.578,13.082,14.208,20.713,34.629,48.772,48.864,42.742,3.531,2.781,1.442,0.757,1.277,0.386,0.042,0.017,0.182,0.053,1.686,1.781,1.163,3.108,0.778,2.0,0.85,0.088,0.493,0.235,0.275,0.657,0.113,1.352,3.61,1.131,5.273,2.504,1.61,0.407,0.685,0.711,0.046,0.024,0.288,0.684,1.644,1.123,1.249,0.83,1.318,2.045,1.409,1.635,1.176,0.108,0.085,0.194,0.84,2.286,2.921,1.239
36.67,34.33,7.313,9.809,13.858,19.699,25.132,27.382,28.682,26.191,20.689,15.936,10.159,8.22,17.755,8.432,12.825,15.022,19.298,26.686,27.192,28.184,24.797,20.119,16.104,10.026,7.449,18.012,7.225,10.462,14.038,21.439,23.489,25.594,29.434,24.252,21.56,14.538,10.03,8.016,17.505,9.522,12.076,14.123,19.123,22.522,24.901,28.97,25.419,21.101,14.926,10.081,8.351,17.593,0.433,0.443,0.475,0.554,0.629,0.661,0.71,0.713,0.668,0.661,0.559,0.535,0.608,0.493,0.575,0.516,0.542,0.671,0.654,0.696,0.675,0.647,0.666,0.55,0.486,0.616,0.426,0.471,0.483,0.604,0.589,0.617,0.726,0.66,0.692,0.6,0.548,0.521,0.599,0.563,0.548,0.49,0.54,0.567,0.6,0.715,0.69,0.678,0.613,0.548,0.541,0.6,62.469,66.492,62.64,56.94,39.536,31.744,14.864,13.782,19.273,27.59,40.901,47.077,40.279,65.051,42.538,56.61,63.05,33.219,30.439,18.115,19.816,24.818,24.384,46.069,59.887,40.336,65.845,65.45,65.271,47.913,43.015,38.041,13.144,20.265,18.84,35.908,47.995,48.248,42.493,41.552,51.662,67.454,65.522,53.05,43.137,14.972,17.355,21.104,35.278,47.59,49.593,42.355,4.06,2.971,1.448,0.683,1.249,0.322,0.025,0.032,0.173,0.034,1.765,2.016,1.233,3.452,0.915,1.904,0.88,0.089,0.306,0.159,0.341,0.636,0.12,1.436,4.032,1.19,5.926,2.445,1.677,0.284,0.516,0.656,0.027,0.035,0.225,0.76,1.798,1.262,1.299,0.896,1.661,1.994,1.321,1.497,0.829,0.102,0.123,0.218,0.861,2.37,3.165,1.254
36.67,33.67,7.24,9.911,14.053,19.75,25.504,27.726,29.026,26.346,20.906,16.021,10.177,8.227,17.908,8.385,12.74,15.107,19.361,26.908,27.375,28.388,24.945,20.162,16.188,10.18,7.523,18.105,7.312,10.564,13.914,21.766,23.707,25.854,29.561,24.625,21.846,14.574,10.193,8.012,17.66,9.593,11.841,14.376,19.471,22.437,25.125,29.094,25.639,21.23,15.037,10.126,8.491,17.706,0.428,0.448,0.483,0.556,0.639,0.67,0.719,0.717,0.676,0.664,0.56,0.536,0.613,0.49,0.571,0.519,0.543,0.677,0.658,0.702,0.68,0.648,0.67,0.559,0.49,0.619,0.43,0.476,0.48,0.613,0.595,0.624,0.729,0.67,0.701,0.602,0.556,0.521,0.604,0.567,0.537,0.499,0.55,0.565,0.605,0.718,0.696,0.681,0.618,0.551,0.55,0.605,64.513,66.391,62.309,56.636,38.149,29.478,11.716,12.095,17.034,27.55,40.65,47.726,39.523,65.253,42.374,56.689,62.955,32.645,28.766,16.173,18.353,24.059,23.575,45.512,60.621,39.75,65.705,67.103,65.76,46.628,42.149,36.055,11.504,16.673,17.571,36.096,46.71,48.661,41.716,41.117,54.064,65.645,64.655,53.549,41.968,13.494,15.43,20.651,34.75,47.221,48.986,41.792,4.074,3.036,1.399,0.703,1.262,0.278,0.025,0.029,0.19,0.045,1.883,2.115,1.254,3.572,0.854,2.045,0.82,0.074,0.326,0.18,0.284,0.569,0.131,1.47,4.072,1.201,6.133,2.627,1.58,0.298,0.509,0.614,0.037,0.034,0.216,0.81,1.839,1.395,1.34,0.99,1.623,2.048,1.29,1.539,0.875,0.082,0.102,0.189,0.835,2.5,3.451,1.296
37.33,35.0,7.675,10.025,13.397,19.521,24.089,26.558,28.237,26.159,20.353,15.769,10.106,7.985,17.487,8.298,13.052,14.698,18.738,26.118,26.755,27.945,24.497,19.952,15.774,9.587,7.254,17.726,7.209,10.684,14.083,20.788,22.899,24.921,29.284,23.985,21.013,14.514,9.49,7.614,17.204,9.349,12.348,13.29,18.101,22.726,24.142,28.819,25.301,21.084,14.676,9.74,7.93,17.293,0.461,0.457,0.461,0.55,0.605,0.638,0.696,0.712,0.658,0.659,0.561,0.525,0.601,0.493,0.591,0.51,0.53,0.658,0.646,0.691,0.668,0.645,0.655,0.53,0.478,0.608,0.428,0.486,0.485,0.587,0.575,0.599,0.724,0.653,0.681,0.601,0.525,0.499,0.59,0.56,0.566,0.464,0.512,0.572,0.581,0.714,0.686,0.681,0.604,0.536,0.523,0.591,60.904,67.915,66.355,59.923,45.35,39.299,21.022,17.449,24.243,28.766,41.093,47.96,43.359,66.275,43.772,59.464,66.619,37.265,36.865,22.862,24.23,28.507,28.377,49.549,59.658,43.623,67.95,66.142,65.516,52.115,47.469,45.793,16.897,26.702,22.797,38.149,52.914,53.225,46.306,42.872,51.639,74.948,70.639,55.865,49.84,19.02,21.585,23.165,39.036,51.031,51.743,45.949,3.832,3.13,1.846,0.839,1.499,0.542,0.04,0.046,0.098,0.016,1.508,1.527,1.243,3.684,1.022,1.822,1.132,0.155,0.388,0.13,0.412,0.836,0.124,1.302,3.883,1.24,5.354,2.318,2.365,0.333,0.705,0.914,0.014,0.093,0.367,0.551,1.963,0.943,1.325,0.675,1.528,2.335,1.714,1.505,0.951,0.183,0.19,0.383,1.012,2.214,2.56,1.269
37.0,35.33,7.809,9.783,13.4,19.501,24.013,26.489,27.947,25.973,20.176,15.732,10.01,7.996,17.399,8.319,13.058,14.807,18.987,26.161,26.716,27.827,24.613,20.052,15.769,9.558,7.19,17.759,7.078,10.475,14.238,20.822,23.025,24.921,29.231,23.643,20.894,14.501,9.439,7.673,17.158,9.245,12.305,13.253,18.003,22.905,24.278,28.743,25.072,20.966,14.686,9.766,7.892,17.259,0.466,0.444,0.46,0.549,0.602,0.635,0.688,0.706,0.651,0.655,0.553,0.522,0.597,0.492,0.589,0.513,0.537,0.66,0.646,0.688,0.671,0.648,0.652,0.526,0.471,0.608,0.417,0.475,0.489,0.587,0.578,0.599,0.723,0.643,0.676,0.598,0.519,0.499,0.588,0.551,0.561,0.462,0.508,0.576,0.585,0.713,0.679,0.677,0.602,0.536,0.518,0.588,58.945,67.191,66.163,59.796,45.7,40.336,24.038,19.727,26.631,29.851,41.973,47.158,43.962,65.446,43.784,58.605,65.884,37.324,37.643,24.333,24.75,28.823,29.374,50.262,59.652,43.825,68.183,63.955,64.519,51.535,46.845,46.246,18.295,30.467,23.954,38.35,53.746,51.527,46.469,43.162,49.109,75.431,70.389,55.158,49.787,20.851,24.566,24.702,39.961,50.477,51.791,46.284,4.121,3.325,1.971,0.868,1.498,0.502,0.02,0.064,0.09,0.008,1.583,1.685,1.311,4.049,1.119,1.888,1.167,0.142,0.231,0.127,0.421,0.889,0.154,1.331,4.199,1.308,5.777,2.412,2.599,0.255,0.631,0.88,0.006,0.143,0.334,0.563,2.18,0.998,1.397,0.734,1.661,2.456,1.674,1.499,0.757,0.181,0.213,0.414,1.08,2.376,2.696,1.31
37.0,34.67,7.651,9.707,13.363,19.402,24.103,26.501,28.086,26.002,20.251,15.741,10.066,8.054,17.408,8.318,12.92,14.741,18.86,26.104,26.583,27.828,24.584,19.956,15.843,9.642,7.222,17.72,7.09,10.37,14.125,20.836,22.917,24.779,29.254,23.679,21.003,14.454,9.582,7.751,17.149,9.33,12.152,13.396,18.14,22.616,24.135,28.757,25.117,20.938,14.726,9.803,8.007,17.26,0.457,0.44,0.458,0.546,0.604,0.636,0.692,0.707,0.653,0.656,0.556,0.526,0.597,0.492,0.582,0.51,0.533,0.658,0.642,0.688,0.67,0.644,0.656,0.53,0.473,0.607,0.418,0.47,0.485,0.587,0.575,0.596,0.723,0.644,0.678,0.597,0.527,0.505,0.588,0.556,0.554,0.467,0.513,0.569,0.582,0.713,0.68,0.675,0.605,0.537,0.525,0.588,59.11,67.037,66.093,59.838,44.898,39.108,22.093,18.406,25.052,29.469,41.29,46.731,43.264,65.458,43.69,58.462,66.046,36.934,37.34,23.546,23.969,28.476,28.309,49.398,59.228,43.407,67.128,64.7,64.753,51.208,46.832,45.83,17.4,28.588,22.615,37.973,52.604,50.626,45.855,42.703,49.572,73.898,70.069,55.374,49.443,19.656,22.747,24.078,38.736,49.808,51.079,45.598,4.284,3.354,1.729,0.756,1.465,0.479,0.022,0.043,0.102,0.012,1.567,1.668,1.29,3.758,1.07,1.854,1.132,0.143,0.268,0.141,0.428,0.809,0.124,1.392,4.245,1.279,5.942,2.526,2.287,0.271,0.575,0.837,0.01,0.072,0.295,0.609,2.06,1.02,1.373,0.673,1.604,2.303,1.651,1.582,0.807,0.178,0.17,0.349,0.998,2.434,2.792,1.293
37.33,35.33,7.743,10.202,13.455,19.622,24.172,26.726,28.283,26.236,20.423,15.832,10.093,7.945,17.56,8.328,13.18,14.733,18.872,26.291,27.036,28.052,24.507,20.06,15.75,9.575,7.3,17.81,7.27,10.844,14.09,20.848,22.996,25.188,29.343,24.153,21.051,14.586,9.407,7.557,17.276,9.316,12.525,13.186,18.088,22.884,24.39,28.888,25.399,21.187,14.655,9.739,7.865,17.344,0.465,0.465,0.464,0.553,0.607,0.642,0.697,0.714,0.661,0.662,0.562,0.524,0.603,0.496,0.597,0.512,0.533,0.662,0.653,0.693,0.668,0.649,0.654,0.53,0.482,0.611,0.432,0.494,0.486,0.589,0.578,0.607,0.726,0.658,0.682,0.605,0.52,0.496,0.592,0.559,0.574,0.46,0.512,0.575,0.587,0.716,0.689,0.684,0.604,0.537,0.519,0.593,61.898,68.394,66.165,59.679,45.418,39.002,20.984,17.209,24.205,28.35,41.369,48.471,43.431,66.533,43.856,59.793,66.289,37.008,35.697,22.29,24.325,28.062,28.467,49.454,59.974,43.481,68.64,66.173,66.06,52.308,47.368,44.798,16.553,25.943,23.219,38.072,53.082,54.066,46.356,42.898,52.197,75.652,70.623,55.535,49.124,18.794,21.506,22.84,39.507,51.506,52.242,46.035,3.504,2.96,2.057,0.953,1.47,0.543,0.042,0.062,0.104,0.017,1.552,1.577,1.237,3.845,1.011,1.862,1.116,0.154,0.391,0.115,0.379,0.873,0.149,1.225,3.668,1.231,5.01,2.134,2.537,0.346,0.788,0.931,0.013,0.153,0.413,0.531,2.002,0.937,1.315,0.767,1.547,2.437,1.672,1.401,0.948,0.167,0.222,0.421,1.065,2.115,2.488,1.27
37.33,34.67,7.513,10.002,13.438,19.53,24.309,26.742,28.465,26.264,20.501,15.819,10.163,8.032,17.563,8.284,12.963,14.644,18.712,26.231,26.86,28.066,24.486,19.932,15.841,9.668,7.328,17.754,7.215,10.716,13.893,20.878,22.916,25.045,29.341,24.184,21.166,14.529,9.587,7.652,17.258,9.432,12.218,13.405,18.298,22.573,24.229,28.89,25.445,21.148,14.718,9.789,8.019,17.348,0.451,0.456,0.463,0.55,0.61,0.643,0.702,0.715,0.664,0.661,0.565,0.529,0.603,0.492,0.587,0.508,0.528,0.66,0.648,0.694,0.667,0.644,0.659,0.536,0.484,0.61,0.429,0.488,0.48,0.589,0.575,0.603,0.725,0.659,0.685,0.603,0.53,0.503,0.592,0.566,0.56,0.468,0.518,0.568,0.584,0.715,0.691,0.683,0.607,0.539,0.529,0.593,61.839,68.046,65.9,59.523,44.393,37.749,18.556,15.699,22.348,28.071,40.508,47.908,42.548,66.447,43.514,59.583,66.421,36.584,35.532,21.256,23.302,27.888,27.116,48.48,59.392,42.962,67.34,67.047,66.241,51.884,47.196,44.278,15.653,23.877,21.789,37.742,51.665,53.038,45.645,42.266,52.761,73.562,70.12,55.782,48.737,17.416,19.457,22.16,37.893,50.723,51.236,45.176,3.651,2.951,1.766,0.825,1.425,0.519,0.046,0.038,0.117,0.023,1.517,1.556,1.203,3.482,0.954,1.827,1.065,0.142,0.442,0.138,0.384,0.803,0.118,1.287,3.702,1.195,5.135,2.273,2.174,0.37,0.733,0.886,0.02,0.076,0.363,0.568,1.83,0.947,1.279,0.695,1.469,2.23,1.639,1.498,1.03,0.163,0.171,0.343,0.97,2.14,2.56,1.242
36.67,35.33,7.804,9.996,13.79,19.921,24.542,26.998,28.03,26.004,20.308,15.82,9.986,8.061,17.603,8.466,13.285,15.142,19.489,26.556,27.302,27.991,24.753,20.271,15.847,9.695,7.301,18.011,7.154,10.695,14.431,21.115,23.552,25.651,29.255,23.821,20.993,14.633,9.549,7.765,17.382,9.232,12.595,13.675,18.534,23.36,24.957,28.79,25.104,21.029,14.758,9.944,7.931,17.491,0.463,0.451,0.473,0.56,0.616,0.649,0.691,0.707,0.655,0.657,0.549,0.524,0.603,0.497,0.597,0.522,0.549,0.669,0.659,0.691,0.674,0.654,0.653,0.53,0.476,0.616,0.419,0.482,0.495,0.595,0.591,0.617,0.723,0.647,0.677,0.603,0.522,0.502,0.595,0.545,0.572,0.474,0.523,0.587,0.601,0.712,0.681,0.676,0.604,0.542,0.516,0.596,60.131,66.117,63.143,56.952,42.765,36.402,22.061,18.161,24.658,28.265,42.496,47.451,42.386,64.455,42.19,56.553,62.844,34.653,32.605,21.702,22.663,26.245,27.377,48.415,59.805,41.627,68.411,62.119,63.891,49.647,43.635,41.018,16.635,27.851,22.742,36.335,51.963,50.297,44.545,43.164,47.918,72.22,66.625,51.958,45.169,18.958,23.068,22.664,38.385,49.206,51.57,44.243,3.849,2.99,2.035,0.928,1.369,0.439,0.02,0.082,0.116,0.011,1.627,2.068,1.295,4.154,1.148,1.889,1.09,0.11,0.208,0.11,0.391,0.894,0.224,1.298,4.081,1.298,5.484,2.255,2.559,0.24,0.702,0.829,0.007,0.187,0.329,0.59,2.156,1.1,1.368,0.972,1.857,2.298,1.54,1.299,0.682,0.141,0.236,0.403,1.132,2.188,2.779,1.294
37.33,36.0,7.973,10.267,13.531,19.761,24.327,27.287,28.173,26.373,20.452,15.989,9.917,7.803,17.655,8.294,13.348,14.84,19.489,26.961,27.928,28.293,24.651,20.541,15.665,9.493,7.352,18.073,7.127,10.974,14.072,21.044,23.349,26.029,29.553,24.439,21.074,14.78,8.989,7.425,17.404,9.091,12.766,12.717,17.902,23.45,25.388,29.12,25.555,21.415,14.567,9.723,7.621,17.442,0.478,0.468,0.468,0.557,0.612,0.656,0.696,0.718,0.665,0.666,0.554,0.515,0.606,0.493,0.606,0.516,0.549,0.678,0.674,0.699,0.673,0.667,0.651,0.527,0.486,0.621,0.424,0.498,0.488,0.596,0.587,0.629,0.732,0.665,0.683,0.613,0.495,0.487,0.597,0.544,0.584,0.443,0.505,0.588,0.61,0.722,0.695,0.692,0.6,0.537,0.501,0.597,62.535,69.835,65.974,59.421,46.61,38.332,23.224,17.704,26.351,28.303,42.919,48.956,44.183,66.814,45.001,60.122,64.749,36.403,32.388,21.265,25.177,26.754,30.059,50.022,60.46,43.268,70.993,64.612,67.34,52.527,47.116,41.574,16.018,25.796,25.523,38.63,55.052,55.009,46.682,43.234,51.241,79.062,71.044,54.186,46.211,19.082,23.22,23.355,42.617,52.352,53.73,46.609,2.707,2.602,2.87,1.345,1.326,0.481,0.022,0.122,0.107,0.011,1.815,1.938,1.281,4.633,0.998,2.052,1.036,0.125,0.216,0.07,0.262,1.002,0.228,0.968,3.162,1.228,4.23,1.625,3.315,0.327,0.966,0.914,0.004,0.379,0.491,0.447,2.344,0.922,1.33,1.051,1.636,2.988,1.457,1.097,0.732,0.106,0.323,0.542,1.225,2.062,2.359,1.3
37.0,36.33,7.919,9.86,13.603,19.782,24.467,27.499,28.065,26.298,20.376,15.981,9.818,7.858,17.627,8.197,13.207,14.932,19.785,27.197,28.117,28.308,24.77,20.695,15.694,9.492,7.323,18.145,6.789,10.735,14.012,21.193,23.607,26.344,29.527,24.329,21.043,14.799,8.926,7.509,17.401,9.043,12.56,12.811,18.003,23.687,25.807,29.13,25.45,21.377,14.606,9.788,7.637,17.49,0.472,0.448,0.469,0.557,0.616,0.662,0.693,0.716,0.662,0.664,0.545,0.516,0.604,0.484,0.597,0.518,0.556,0.684,0.679,0.7,0.676,0.672,0.65,0.524,0.482,0.623,0.402,0.485,0.485,0.601,0.594,0.637,0.732,0.662,0.681,0.612,0.489,0.489,0.595,0.537,0.572,0.445,0.506,0.595,0.619,0.721,0.693,0.689,0.599,0.539,0.499,0.597,60.844,69.134,65.127,58.649,46.22,37.624,24.162,18.353,27.5,29.125,43.689,48.01,44.039,66.024,44.622,59.308,63.337,35.819,31.187,20.828,24.914,26.39,30.397,50.163,60.319,42.775,71.212,62.604,66.776,51.521,46.0,39.751,16.288,26.678,26.364,38.833,55.41,53.384,46.235,42.672,49.03,78.741,70.162,52.974,44.387,19.447,24.594,24.037,43.171,51.701,53.427,46.194,2.667,2.549,3.056,1.426,1.251,0.424,0.009,0.144,0.108,0.004,1.925,2.207,1.317,4.95,1.035,2.139,0.986,0.077,0.098,0.062,0.231,1.074,0.259,0.933,3.214,1.254,4.255,1.603,3.544,0.279,0.943,0.875,0.002,0.456,0.456,0.422,2.46,0.95,1.354,1.148,1.713,3.051,1.321,1.012,0.592,0.086,0.347,0.567,1.268,2.078,2.391,1.301
37.0,35.67,7.911,9.86,13.51,19.688,24.307,27.134,28.007,26.169,20.317,15.924,9.892,7.914,17.552,8.247,13.195,14.852,19.551,26.904,27.682,28.195,24.754,20.516,15.715,9.485,7.295,18.035,6.889,10.674,14.073,21.089,23.441,25.921,29.421,24.054,20.992,14.734,9.078,7.539,17.325,9.115,12.521,12.839,17.887,23.5,25.347,28.984,25.321,21.277,14.645,9.795,7.701,17.409,0.471,0.447,0.465,0.555,0.611,0.652,0.691,0.712,0.659,0.661,0.549,0.519,0.602,0.488,0.597,0.515,0.55,0.677,0.669,0.697,0.676,0.665,0.65,0.524,0.48,0.619,0.407,0.482,0.486,0.597,0.589,0.627,0.729,0.654,0.679,0.609,0.498,0.491,0.593,0.542,0.571,0.446,0.503,0.59,0.608,0.719,0.689,0.687,0.601,0.539,0.503,0.594,60.291,68.564,65.736,59.256,46.497,40.185,25.375,20.097,28.295,29.783,43.289,47.677,44.59,65.885,44.367,59.691,64.423,36.7,34.341,22.727,25.426,27.885,30.351,50.46,60.271,43.544,70.444,62.926,66.304,51.949,46.467,42.807,17.87,29.751,26.655,38.95,55.019,53.099,46.853,42.535,49.464,78.466,70.871,54.0,47.064,21.05,26.176,25.113,42.465,51.638,52.991,46.818,2.978,2.754,2.849,1.325,1.342,0.459,0.012,0.136,0.108,0.005,1.847,2.035,1.324,4.836,1.089,2.122,1.056,0.09,0.131,0.077,0.277,1.086,0.245,1.036,3.493,1.293,4.667,1.791,3.402,0.265,0.874,0.911,0.002,0.414,0.451,0.449,2.416,0.96,1.383,1.077,1.712,2.938,1.416,1.134,0.645,0.111,0.336,0.558,1.274,2.129,2.469,1.319
37.33,36.33,7.985,10.405,13.633,19.874,24.451,27.565,28.236,26.502,20.506,16.021,9.871,7.731,17.733,8.293,13.4,14.945,19.622,27.123,28.25,28.348,24.633,20.647,15.645,9.525,7.37,18.152,7.156,11.095,14.113,21.083,23.451,26.298,29.655,24.703,21.109,14.819,8.9,7.393,17.48,9.027,12.874,12.785,18.082,23.558,25.663,29.24,25.672,21.478,14.517,9.708,7.571,17.514,0.479,0.475,0.471,0.56,0.615,0.664,0.698,0.722,0.666,0.669,0.551,0.511,0.608,0.493,0.608,0.519,0.553,0.682,0.681,0.7,0.672,0.671,0.65,0.528,0.487,0.623,0.427,0.505,0.489,0.597,0.59,0.635,0.734,0.672,0.683,0.615,0.491,0.485,0.599,0.541,0.588,0.446,0.511,0.592,0.617,0.724,0.698,0.693,0.599,0.536,0.498,0.6,63.396,70.275,65.23,58.706,45.958,35.105,21.248,15.288,24.646,27.088,42.963,49.57,43.291,66.92,45.199,59.232,63.76,35.328,29.147,19.293,24.296,24.931,29.629,49.402,60.333,42.289,71.414,64.709,67.473,51.996,46.537,38.668,13.953,22.019,24.192,38.027,55.079,55.348,45.784,43.932,50.875,78.536,69.881,53.107,43.573,16.876,20.53,21.578,42.702,52.096,54.068,45.645,2.608,2.484,2.881,1.346,1.263,0.457,0.022,0.111,0.101,0.012,1.822,2.038,1.264,4.53,0.939,1.989,0.986,0.133,0.22,0.062,0.249,0.918,0.227,0.918,2.977,1.178,3.968,1.542,3.248,0.35,1.014,0.868,0.004,0.348,0.476,0.447,2.336,0.918,1.293,1.056,1.636,3.006,1.444,1.039,0.711,0.095,0.303,0.511,1.168,2.058,2.332,1.282
37.33,35.67,7.938,10.386,13.527,19.762,24.27,27.14,28.208,26.363,20.458,15.952,9.969,7.825,17.65,8.329,13.368,14.838,19.304,26.754,27.718,28.225,24.589,20.41,15.674,9.518,7.347,18.008,7.236,11.013,14.135,20.966,23.242,25.809,29.504,24.414,21.058,14.741,9.093,7.435,17.386,9.145,12.818,12.866,17.97,23.328,25.104,29.062,25.536,21.365,14.577,9.722,7.665,17.429,0.476,0.474,0.467,0.557,0.61,0.653,0.696,0.718,0.664,0.666,0.556,0.517,0.606,0.496,0.606,0.516,0.544,0.673,0.669,0.698,0.671,0.663,0.651,0.528,0.486,0.619,0.431,0.501,0.489,0.593,0.584,0.623,0.73,0.665,0.683,0.612,0.502,0.488,0.596,0.548,0.587,0.448,0.507,0.586,0.603,0.72,0.694,0.69,0.601,0.537,0.505,0.597,62.73,69.463,65.957,59.396,46.199,38.059,22.272,17.137,25.35,27.897,42.426,49.059,43.831,66.779,44.611,59.919,65.118,36.414,32.804,21.337,24.817,26.77,29.487,49.723,60.308,43.175,70.436,65.145,66.952,52.497,47.139,42.201,15.834,25.199,24.535,38.198,54.522,55.106,46.48,43.341,51.522,78.073,70.694,54.371,46.77,18.645,22.168,22.724,41.664,52.128,53.445,46.294,2.915,2.692,2.621,1.226,1.377,0.51,0.031,0.101,0.102,0.013,1.71,1.855,1.264,4.369,0.998,1.967,1.067,0.143,0.288,0.078,0.302,0.945,0.206,1.036,3.274,1.221,4.385,1.76,3.074,0.342,0.933,0.928,0.006,0.3,0.476,0.467,2.235,0.919,1.318,0.964,1.614,2.814,1.555,1.172,0.807,0.127,0.291,0.505,1.173,2.06,2.383,1.29
36.67,36.33,7.952,10.064,13.925,20.133,24.783,27.836,28.079,26.32,20.436,16.004,9.772,7.938,17.77,8.319,13.426,15.278,20.096,27.341,28.445,28.319,24.825,20.794,15.755,9.657,7.417,18.308,6.902,10.924,14.199,21.349,23.936,26.751,29.517,24.462,21.057,14.894,9.015,7.559,17.546,9.027,12.813,13.369,18.574,23.982,26.189,29.139,25.445,21.336,14.677,9.931,7.673,17.678,0.471,0.455,0.478,0.565,0.623,0.671,0.694,0.717,0.661,0.663,0.538,0.517,0.607,0.488,0.604,0.527,0.564,0.688,0.686,0.699,0.676,0.673,0.65,0.529,0.483,0.627,0.406,0.492,0.489,0.603,0.602,0.646,0.73,0.665,0.679,0.614,0.492,0.489,0.599,0.533,0.581,0.463,0.523,0.602,0.63,0.72,0.691,0.685,0.601,0.542,0.498,0.604,60.88,67.42,62.605,56.007,43.529,32.528,21.323,15.545,24.478,27.15,43.724,47.781,41.916,64.575,42.651,56.705,60.563,33.136,25.948,17.975,22.309,23.294,28.452,48.266,59.512,40.282,70.526,60.558,65.588,49.494,43.139,34.691,13.968,22.724,23.696,36.445,54.182,51.934,43.912,42.973,46.023,75.016,65.83,49.835,39.582,16.601,21.175,21.041,41.142,49.811,52.807,43.486,2.791,2.411,2.853,1.329,1.145,0.378,0.01,0.127,0.1,0.005,1.792,2.782,1.312,4.806,1.041,2.035,0.964,0.073,0.102,0.053,0.228,0.967,0.317,0.924,3.272,1.231,4.095,1.741,3.33,0.283,0.972,0.807,0.002,0.391,0.404,0.439,2.388,0.994,1.321,1.212,1.84,2.736,1.337,0.914,0.533,0.075,0.311,0.496,1.23,1.997,2.513,1.268
37.33,37.0,7.85,10.132,13.921,20.136,24.837,28.523,28.221,26.753,20.514,16.03,9.595,7.564,17.842,8.095,13.241,15.317,20.241,27.748,29.29,28.425,24.649,21.087,15.599,9.571,7.355,18.386,6.616,11.09,14.082,21.3,23.963,27.315,29.805,25.316,21.11,14.854,8.504,7.422,17.613,8.725,12.757,13.012,18.679,24.009,26.839,29.537,25.852,21.575,14.376,9.621,7.421,17.7,0.47,0.462,0.48,0.566,0.624,0.688,0.698,0.73,0.664,0.671,0.533,0.5,0.612,0.48,0.599,0.531,0.573,0.699,0.704,0.7,0.671,0.685,0.65,0.528,0.483,0.63,0.395,0.506,0.488,0.605,0.604,0.658,0.737,0.689,0.681,0.615,0.47,0.486,0.603,0.522,0.58,0.454,0.528,0.604,0.647,0.728,0.702,0.694,0.593,0.531,0.489,0.609,63.659,71.437,62.88,56.585,45.045,25.741,16.948,9.086,21.26,24.845,43.907,50.373,40.979,66.793,45.846,56.255,60.233,33.049,19.12,13.517,22.324,19.533,29.419,48.161,59.836,39.505,73.135,62.916,67.637,50.015,44.64,29.14,8.845,12.203,21.809,37.366,55.946,54.613,43.188,45.982,47.92,77.253,66.475,49.835,34.474,11.483,14.659,17.82,44.276,51.282,54.921,43.032,2.351,2.063,3.109,1.47,1.016,0.304,0.011,0.087,0.07,0.007,2.087,2.381,1.247,4.429,0.722,1.833,0.708,0.101,0.101,0.033,0.181,0.667,0.225,0.719,2.331,1.004,3.194,1.208,3.255,0.455,1.149,0.639,0.001,0.292,0.346,0.386,2.519,0.922,1.198,1.091,1.709,3.49,1.329,0.792,0.49,0.046,0.248,0.403,0.928,2.238,2.292,1.256
37.0,37.33,7.801,9.776,14.056,20.218,24.983,28.77,28.108,26.675,20.447,15.975,9.484,7.678,17.834,8.057,13.166,15.482,20.505,27.858,29.456,28.375,24.671,21.183,15.621,9.604,7.383,18.448,6.329,10.935,14.021,21.432,24.192,27.625,29.685,25.29,21.075,14.821,8.456,7.562,17.617,8.757,12.571,13.288,18.972,24.219,27.205,29.497,25.744,21.483,14.413,9.661,7.462,17.774,0.464,0.445,0.483,0.567,0.628,0.695,0.695,0.727,0.66,0.667,0.523,0.505,0.611,0.474,0.593,0.535,0.58,0.702,0.707,0.698,0.671,0.687,0.65,0.526,0.481,0.631,0.376,0.496,0.486,0.608,0.61,0.665,0.735,0.687,0.678,0.611,0.466,0.491,0.602,0.521,0.57,0.463,0.536,0.609,0.656,0.726,0.698,0.689,0.592,0.53,0.489,0.61,62.445,70.64,61.868,55.636,44.725,23.569,16.686,8.546,21.232,25.18,44.53,49.098,40.344,65.672,44.853,55.286,59.004,32.875,16.603,12.431,21.779,18.439,29.551,47.931,59.598,38.666,73.255,60.886,66.99,48.923,43.789,26.441,8.801,11.064,21.945,37.365,56.038,52.575,42.339,44.54,45.553,76.072,64.665,48.612,31.78,11.159,14.752,17.825,44.34,50.719,54.557,42.049,2.331,1.952,3.143,1.511,0.941,0.245,0.005,0.088,0.063,0.003,2.162,2.625,1.256,4.487,0.702,1.805,0.624,0.067,0.04,0.026,0.172,0.647,0.222,0.686,2.276,0.98,3.097,1.162,3.309,0.471,1.094,0.569,0.0,0.298,0.282,0.354,2.537,0.963,1.179,1.122,1.783,3.496,1.21,0.676,0.374,0.035,0.233,0.385,0.874,2.202,2.234,1.22
37.0,36.67,7.848,9.811,13.952,20.093,24.901,28.544,28.175,26.658,20.466,16.016,9.568,7.677,17.811,8.047,13.158,15.331,20.354,27.786,29.21,28.414,24.69,21.084,15.629,9.569,7.339,18.386,6.437,10.844,13.991,21.385,24.041,27.372,29.739,25.145,21.102,14.85,8.545,7.517,17.578,8.795,12.603,13.142,18.692,24.093,26.931,29.497,25.736,21.508,14.446,9.701,7.493,17.72,0.467,0.446,0.48,0.563,0.626,0.689,0.697,0.726,0.661,0.668,0.528,0.505,0.61,0.474,0.593,0.53,0.574,0.701,0.702,0.7,0.672,0.685,0.65,0.525,0.479,0.629,0.382,0.492,0.484,0.607,0.606,0.661,0.736,0.683,0.68,0.613,0.47,0.489,0.601,0.524,0.571,0.458,0.528,0.606,0.649,0.727,0.698,0.69,0.594,0.533,0.491,0.608,62.01,70.255,62.455,56.181,44.431,25.97,17.768,10.204,22.435,25.992,44.374,49.082,40.928,66.045,44.917,56.192,59.605,32.724,19.548,13.846,22.183,20.181,29.712,48.502,59.92,39.446,72.909,61.52,66.914,49.187,44.075,28.952,9.837,13.646,22.661,37.599,55.99,53.064,43.03,44.163,46.339,76.869,66.081,49.125,34.424,12.302,16.266,18.731,44.133,50.943,54.383,42.814,2.36,2.134,3.17,1.483,1.008,0.303,0.005,0.111,0.079,0.003,2.07,2.58,1.277,4.708,0.817,1.941,0.748,0.07,0.052,0.034,0.182,0.807,0.238,0.749,2.567,1.077,3.405,1.295,3.432,0.365,1.054,0.679,0.0,0.37,0.35,0.383,2.497,0.949,1.233,1.151,1.729,3.241,1.196,0.771,0.439,0.047,0.276,0.46,1.029,2.119,2.257,1.228
37.33,37.33,7.807,10.168,13.955,20.227,24.827,28.537,28.142,26.716,20.494,15.995,9.568,7.571,17.836,8.133,13.278,15.405,20.278,27.72,29.354,28.372,24.657,21.122,15.607,9.598,7.397,18.412,6.583,11.211,14.139,21.304,24.036,27.37,29.725,25.325,21.071,14.834,8.487,7.433,17.626,8.676,12.762,13.067,18.819,24.043,26.899,29.471,25.828,21.545,14.372,9.587,7.393,17.706,0.467,0.465,0.481,0.569,0.623,0.689,0.696,0.729,0.664,0.669,0.532,0.5,0.612,0.482,0.601,0.535,0.574,0.698,0.705,0.699,0.671,0.685,0.651,0.53,0.486,0.63,0.394,0.512,0.491,0.604,0.605,0.658,0.735,0.689,0.679,0.615,0.47,0.487,0.604,0.519,0.581,0.455,0.533,0.604,0.648,0.727,0.701,0.694,0.593,0.529,0.487,0.609,64.036,71.728,62.826,56.489,45.699,25.696,17.001,8.844,20.745,24.305,43.835,50.605,40.983,66.661,45.836,55.913,60.32,33.661,18.352,13.373,22.382,18.805,29.202,47.77,59.543,39.317,73.132,62.565,67.852,50.335,44.581,28.717,8.831,12.096,21.596,37.159,55.798,54.582,43.103,47.01,47.869,76.782,65.894,50.097,33.713,11.563,14.443,17.633,44.194,51.19,55.016,42.95,2.4,1.94,3.058,1.485,0.992,0.266,0.012,0.067,0.057,0.007,2.158,2.377,1.235,4.226,0.634,1.724,0.622,0.102,0.097,0.027,0.173,0.531,0.228,0.681,2.131,0.931,3.007,1.14,3.134,0.564,1.213,0.555,0.0,0.226,0.297,0.363,2.586,0.924,1.168,1.065,1.769,3.795,1.421,0.751,0.461,0.038,0.219,0.334,0.806,2.372,2.358,1.284
37.33,36.67,7.928,10.304,13.842,20.088,24.722,28.247,28.221,26.693,20.526,16.043,9.679,7.598,17.826,8.183,13.344,15.22,20.077,27.581,29.026,28.412,24.647,20.976,15.606,9.568,7.382,18.336,6.844,11.174,14.109,21.229,23.808,27.024,29.775,25.167,21.114,14.862,8.604,7.385,17.59,8.794,12.854,12.906,18.503,23.878,26.507,29.455,25.824,21.565,14.41,9.64,7.445,17.648,0.475,0.47,0.477,0.565,0.622,0.681,0.698,0.728,0.665,0.671,0.539,0.502,0.611,0.486,0.605,0.528,0.568,0.694,0.698,0.7,0.671,0.681,0.65,0.529,0.486,0.629,0.409,0.51,0.489,0.602,0.6,0.651,0.736,0.685,0.682,0.616,0.475,0.484,0.603,0.527,0.586,0.45,0.523,0.6,0.639,0.727,0.701,0.695,0.594,0.532,0.49,0.606,63.912,71.275,63.653,57.242,45.441,28.503,18.24,10.813,22.097,25.241,43.594,50.35,41.696,66.893,45.775,57.161,61.294,33.709,21.899,15.152,22.915,20.917,29.468,48.427,59.903,40.291,72.637,63.535,67.815,50.788,45.268,31.897,10.223,14.965,22.409,37.432,55.723,55.122,43.984,45.731,48.904,77.77,67.447,50.842,37.058,13.013,16.194,18.771,43.862,51.569,54.775,43.828,2.395,2.156,3.059,1.443,1.079,0.345,0.014,0.092,0.078,0.009,2.008,2.306,1.25,4.441,0.768,1.869,0.785,0.117,0.135,0.039,0.191,0.717,0.232,0.755,2.462,1.042,3.337,1.281,3.254,0.438,1.138,0.695,0.001,0.304,0.389,0.403,2.48,0.913,1.22,1.084,1.688,3.406,1.379,0.856,0.553,0.056,0.263,0.428,0.991,2.202,2.315,1.27
36.67,37.33,7.938,10.007,14.27,20.504,25.127,28.739,27.95,26.514,20.428,15.961,9.515,7.893,17.906,8.267,13.449,15.732,20.691,27.77,29.43,28.299,24.75,21.206,15.675,9.763,7.567,18.551,6.602,11.224,14.178,21.468,24.359,27.656,29.484,25.154,21.029,14.895,8.593,7.621,17.687,8.856,12.824,13.687,19.378,24.431,27.258,29.283,25.63,21.369,14.536,9.817,7.557,17.886,0.469,0.454,0.49,0.575,0.631,0.694,0.691,0.722,0.659,0.663,0.523,0.514,0.612,0.484,0.603,0.543,0.584,0.699,0.707,0.697,0.673,0.686,0.649,0.533,0.49,0.633,0.39,0.507,0.489,0.607,0.613,0.666,0.729,0.683,0.676,0.613,0.471,0.493,0.603,0.522,0.579,0.474,0.547,0.614,0.657,0.722,0.695,0.684,0.595,0.535,0.49,0.612,62.318,69.083,60.974,54.53,43.777,23.214,17.071,9.117,20.521,24.49,44.571,48.282,39.828,64.104,43.135,54.225,57.948,32.298,15.524,12.309,20.6,17.251,28.658,46.996,58.666,37.642,72.03,58.934,66.526,48.621,42.502,25.406,9.517,12.157,21.125,35.774,55.225,51.463,41.607,44.169,43.22,73.764,61.691,47.337,30.283,11.804,15.005,17.43,42.601,49.503,53.618,40.869,2.349,1.784,2.896,1.415,0.879,0.207,0.006,0.071,0.053,0.003,2.012,3.244,1.243,4.201,0.66,1.661,0.579,0.064,0.04,0.02,0.155,0.537,0.239,0.64,2.209,0.917,2.868,1.187,3.132,0.507,1.064,0.498,0.0,0.239,0.239,0.324,2.386,0.963,1.118,1.115,1.85,3.32,1.223,0.597,0.324,0.028,0.2,0.316,0.787,2.114,2.275,1.18
37.33,38.0,7.628,9.766,14.078,20.454,24.857,28.778,27.746,26.531,20.371,15.814,9.385,7.725,17.763,8.185,13.292,15.73,20.667,27.73,29.705,28.186,24.666,21.335,15.626,9.652,7.517,18.526,6.212,11.394,14.173,21.48,24.427,27.836,29.39,25.35,20.974,14.694,8.38,7.663,17.667,8.659,12.429,13.371,19.424,24.302,27.408,29.264,25.65,21.378,14.368,9.448,7.345,17.755,0.455,0.447,0.487,0.578,0.622,0.695,0.686,0.725,0.659,0.659,0.523,0.509,0.612,0.484,0.602,0.547,0.586,0.695,0.714,0.695,0.671,0.691,0.65,0.532,0.494,0.632,0.371,0.518,0.492,0.608,0.615,0.667,0.726,0.688,0.675,0.61,0.465,0.502,0.605,0.515,0.566,0.463,0.551,0.609,0.659,0.723,0.697,0.689,0.591,0.521,0.481,0.609,64.173,71.99,62.263,56.039,48.162,24.653,18.08,8.259,19.469,23.453,43.973,49.233,40.812,64.871,44.857,54.509,59.846,36.031,14.026,12.632,22.59,15.644,29.512,46.627,58.192,38.277,73.261,59.456,68.041,50.709,44.114,25.539,9.198,11.252,21.159,37.17,55.432,51.578,42.24,47.239,46.303,75.244,63.224,50.617,29.478,12.03,15.107,17.703,44.437,50.951,54.898,42.268,2.522,1.487,3.035,1.673,0.922,0.099,0.013,0.011,0.012,0.004,2.507,2.219,1.207,3.653,0.348,1.389,0.274,0.075,0.029,0.007,0.156,0.125,0.228,0.554,1.421,0.687,2.398,0.836,2.871,0.937,1.378,0.24,0.0,0.044,0.093,0.263,2.853,0.988,1.073,0.989,2.036,4.929,1.584,0.528,0.259,0.011,0.116,0.136,0.388,2.743,2.433,1.347
37.0,38.33,7.717,9.671,14.201,20.582,24.978,28.877,27.543,26.384,20.307,15.732,9.329,7.928,17.773,8.336,13.42,15.873,20.913,27.694,29.739,28.112,24.682,21.384,15.637,9.724,7.633,18.597,6.278,11.497,14.155,21.593,24.564,27.999,29.21,25.257,20.956,14.644,8.397,7.851,17.704,8.889,12.347,13.661,19.762,24.501,27.572,29.141,25.506,21.253,14.422,9.502,7.425,17.833,0.457,0.441,0.491,0.582,0.625,0.698,0.681,0.721,0.655,0.654,0.517,0.52,0.611,0.49,0.606,0.55,0.593,0.694,0.714,0.694,0.671,0.692,0.648,0.534,0.499,0.633,0.374,0.52,0.491,0.611,0.619,0.671,0.722,0.684,0.673,0.606,0.464,0.511,0.604,0.526,0.56,0.472,0.56,0.612,0.662,0.72,0.692,0.683,0.591,0.521,0.483,0.611,63.536,70.785,61.596,55.343,48.422,23.853,19.152,8.803,19.468,23.817,44.208,47.123,40.508,62.741,43.33,53.702,59.208,36.935,12.444,12.577,22.333,14.627,29.845,46.084,57.377,37.6,72.792,57.32,67.427,50.273,43.832,24.126,10.16,11.449,21.207,36.974,55.18,48.828,41.628,43.781,44.104,74.068,61.109,50.249,27.845,12.761,16.359,18.46,44.108,50.351,54.074,41.438,2.493,1.361,3.014,1.741,0.892,0.057,0.011,0.006,0.006,0.002,2.533,2.253,1.194,3.583,0.317,1.315,0.212,0.065,0.011,0.003,0.163,0.079,0.2,0.524,1.313,0.647,2.25,0.766,2.846,1.002,1.309,0.17,0.0,0.026,0.048,0.235,2.813,1.064,1.042,0.988,2.141,4.95,1.461,0.386,0.169,0.005,0.084,0.124,0.321,2.601,2.293,1.294
37.0,37.67,7.712,9.686,14.185,20.495,24.952,28.87,27.693,26.439,20.314,15.777,9.334,7.868,17.78,8.279,13.339,15.786,20.755,27.704,29.653,28.149,24.67,21.316,15.644,9.69,7.594,18.55,6.249,11.335,14.149,21.531,24.498,27.914,29.29,25.242,20.953,14.666,8.388,7.76,17.668,8.85,12.392,13.584,19.59,24.43,27.488,29.202,25.544,21.283,14.416,9.544,7.431,17.815,0.457,0.441,0.489,0.578,0.624,0.698,0.684,0.722,0.655,0.656,0.517,0.516,0.611,0.487,0.602,0.548,0.589,0.695,0.711,0.694,0.671,0.69,0.65,0.532,0.496,0.632,0.372,0.513,0.491,0.609,0.617,0.669,0.724,0.684,0.673,0.607,0.464,0.504,0.603,0.524,0.562,0.469,0.555,0.611,0.66,0.722,0.693,0.684,0.591,0.524,0.483,0.611,63.523,71.185,61.742,55.45,47.982,23.753,18.258,8.777,20.342,24.296,44.468,47.693,40.621,63.525,43.974,54.19,59.617,36.446,13.543,12.538,22.521,15.908,29.683,46.656,58.137,38.061,73.104,58.547,67.356,49.978,44.256,24.808,10.059,11.464,22.025,37.4,55.642,50.122,42.061,44.18,44.44,74.509,61.956,50.014,28.784,12.648,15.975,18.603,44.457,50.468,54.371,41.699,2.444,1.479,3.024,1.665,0.869,0.091,0.01,0.02,0.016,0.002,2.46,2.428,1.207,3.797,0.387,1.41,0.293,0.065,0.017,0.007,0.162,0.181,0.196,0.548,1.517,0.714,2.399,0.843,2.942,0.894,1.235,0.248,0.0,0.075,0.092,0.262,2.751,1.041,1.063,1.022,2.049,4.588,1.395,0.437,0.211,0.01,0.112,0.164,0.427,2.523,2.259,1.267
37.33,38.33,7.636,9.763,14.06,20.478,24.883,28.773,27.704,26.555,20.41,15.827,9.42,7.724,17.77,8.156,13.326,15.756,20.778,27.783,29.799,28.215,24.678,21.396,15.611,9.662,7.497,18.556,6.25,11.473,14.168,21.511,24.443,27.876,29.421,25.421,21.012,14.726,8.402,7.681,17.701,8.628,12.444,13.364,19.455,24.325,27.461,29.282,25.687,21.413,14.364,9.42,7.331,17.765,0.456,0.447,0.486,0.579,0.623,0.695,0.685,0.725,0.661,0.66,0.525,0.51,0.612,0.483,0.604,0.547,0.589,0.697,0.717,0.697,0.671,0.692,0.65,0.534,0.494,0.634,0.374,0.521,0.492,0.609,0.616,0.668,0.726,0.69,0.677,0.612,0.466,0.504,0.606,0.513,0.567,0.463,0.551,0.61,0.66,0.723,0.697,0.69,0.592,0.519,0.48,0.609,64.216,71.642,62.161,56.038,47.677,24.575,18.319,7.9,18.431,22.843,43.646,49.315,40.564,64.836,44.565,54.241,59.119,35.239,13.273,12.416,22.029,14.619,29.534,46.302,57.709,37.823,72.964,58.87,68.175,50.833,43.332,24.957,8.613,10.796,19.907,36.562,54.981,51.178,41.761,47.778,46.488,75.182,62.974,50.344,28.916,11.462,14.757,16.899,43.953,50.931,54.747,42.035,2.547,1.457,3.033,1.705,0.965,0.094,0.014,0.009,0.011,0.006,2.505,2.141,1.205,3.516,0.333,1.362,0.252,0.075,0.026,0.006,0.155,0.104,0.251,0.557,1.345,0.664,2.368,0.823,2.829,0.953,1.454,0.225,0.0,0.034,0.084,0.254,2.865,0.97,1.071,0.966,2.055,5.094,1.654,0.553,0.256,0.013,0.114,0.129,0.362,2.797,2.497,1.375
37.33,37.67,7.671,9.92,14.053,20.404,24.87,28.74,27.878,26.618,20.421,15.883,9.449,7.655,17.799,8.149,13.28,15.65,20.573,27.767,29.662,28.257,24.674,21.303,15.617,9.642,7.474,18.506,6.321,11.372,14.186,21.423,24.332,27.729,29.521,25.4,21.011,14.757,8.402,7.577,17.671,8.621,12.56,13.274,19.263,24.238,27.303,29.351,25.737,21.454,14.359,9.485,7.35,17.751,0.459,0.454,0.485,0.576,0.623,0.694,0.689,0.727,0.661,0.663,0.526,0.505,0.612,0.483,0.602,0.544,0.583,0.697,0.713,0.697,0.671,0.69,0.651,0.532,0.492,0.632,0.378,0.518,0.492,0.607,0.613,0.665,0.729,0.69,0.677,0.612,0.466,0.497,0.605,0.514,0.572,0.46,0.546,0.608,0.657,0.724,0.699,0.692,0.592,0.523,0.482,0.61,64.292,72.028,62.341,56.137,47.217,24.58,17.491,8.058,19.504,23.41,43.868,49.972,40.741,65.603,45.33,54.757,59.736,34.951,14.906,12.556,22.334,16.203,29.339,46.883,58.504,38.424,73.235,60.439,68.09,50.605,44.082,26.118,8.645,10.965,20.898,36.985,55.508,52.747,42.358,47.891,46.861,75.658,63.933,50.259,30.352,11.502,14.424,17.258,44.36,50.969,54.954,42.368,2.472,1.598,3.028,1.604,0.937,0.144,0.013,0.025,0.024,0.006,2.4,2.297,1.211,3.76,0.414,1.467,0.36,0.083,0.047,0.012,0.156,0.223,0.229,0.582,1.58,0.742,2.532,0.906,2.92,0.826,1.351,0.323,0.0,0.088,0.148,0.288,2.768,0.952,1.091,1.0,1.943,4.626,1.556,0.604,0.319,0.018,0.144,0.183,0.49,2.664,2.431,1.333
37.33,39.0,7.697,9.623,13.985,20.548,25.013,28.865,27.364,26.481,20.484,15.785,9.427,7.843,17.758,8.234,13.461,15.863,21.35,27.848,30.152,28.198,24.719,21.61,15.525,9.75,7.483,18.683,6.502,11.829,13.889,21.712,24.502,28.124,29.348,25.559,21.111,14.693,8.491,7.964,17.811,8.856,12.294,13.414,19.748,24.484,27.675,29.207,25.632,21.375,14.358,9.305,7.308,17.803,0.461,0.439,0.485,0.581,0.626,0.698,0.677,0.722,0.664,0.658,0.525,0.519,0.611,0.489,0.611,0.547,0.602,0.7,0.727,0.699,0.672,0.698,0.644,0.538,0.494,0.638,0.389,0.536,0.481,0.615,0.617,0.675,0.723,0.693,0.68,0.611,0.467,0.525,0.61,0.527,0.559,0.466,0.559,0.614,0.665,0.72,0.694,0.686,0.591,0.511,0.479,0.608,63.653,69.571,62.015,55.849,46.822,23.674,20.662,7.248,15.175,21.524,43.036,47.523,39.731,62.539,42.865,53.169,56.515,34.307,9.767,12.266,20.275,10.847,30.378,44.966,55.879,36.149,71.803,55.239,68.308,51.61,40.986,21.978,7.598,9.239,16.003,35.292,53.324,46.805,39.846,44.681,45.496,74.876,61.157,49.754,26.199,10.268,14.654,15.406,42.381,50.73,54.081,40.809,2.573,1.346,3.211,1.961,1.139,0.045,0.016,0.0,0.002,0.005,2.452,1.535,1.189,3.011,0.309,1.257,0.139,0.069,0.005,0.002,0.159,0.025,0.309,0.552,0.983,0.566,2.181,0.727,2.723,1.041,1.665,0.127,0.0,0.001,0.023,0.222,2.883,0.941,1.046,0.889,2.228,5.456,1.712,0.48,0.153,0.013,0.071,0.219,0.262,2.873,2.499,1.406
37.0,39.33,7.805,9.748,14.115,20.728,25.203,28.951,27.198,26.373,20.467,15.742,9.426,7.982,17.81,8.428,13.658,16.027,21.635,27.806,30.183,28.161,24.802,21.664,15.521,9.87,7.585,18.778,6.709,12.086,13.872,21.812,24.556,28.204,29.226,25.506,21.144,14.668,8.56,8.149,17.875,9.067,12.345,13.657,20.091,24.636,27.74,29.109,25.534,21.302,14.417,9.373,7.381,17.885,0.465,0.443,0.489,0.586,0.63,0.7,0.673,0.719,0.661,0.655,0.522,0.525,0.611,0.499,0.617,0.55,0.609,0.699,0.728,0.698,0.673,0.699,0.641,0.542,0.499,0.64,0.399,0.545,0.479,0.616,0.619,0.677,0.719,0.691,0.68,0.609,0.468,0.534,0.611,0.537,0.558,0.474,0.568,0.617,0.667,0.718,0.691,0.682,0.591,0.511,0.481,0.61,62.754,67.726,61.411,54.947,46.275,22.45,21.711,7.42,14.506,21.47,43.137,46.142,39.164,60.59,41.178,51.952,55.231,34.741,8.498,12.103,19.318,9.541,30.62,44.245,55.052,35.258,71.178,52.842,67.698,51.397,40.315,20.597,7.971,8.953,15.057,34.595,52.79,44.305,38.972,41.73,43.185,73.63,59.062,49.14,24.891,10.334,15.15,15.537,41.537,49.916,53.163,39.775,2.505,1.261,3.182,1.961,1.111,0.027,0.012,0.0,0.001,0.002,2.385,1.436,1.155,2.92,0.304,1.185,0.112,0.066,0.002,0.001,0.161,0.016,0.262,0.521,0.891,0.534,2.099,0.667,2.658,1.05,1.607,0.088,0.0,0.0,0.009,0.196,2.802,0.978,1.016,0.857,2.294,5.299,1.558,0.338,0.096,0.006,0.047,0.296,0.225,2.713,2.394,1.344
37.0,38.67,7.817,9.737,14.161,20.737,25.16,28.915,27.244,26.382,20.421,15.721,9.419,7.99,17.808,8.403,13.618,16.011,21.47,27.819,30.073,28.154,24.749,21.612,15.557,9.83,7.609,18.742,6.558,11.932,13.99,21.781,24.567,28.185,29.235,25.458,21.094,14.687,8.49,8.092,17.84,9.011,12.334,13.719,20.026,24.658,27.746,29.146,25.541,21.299,14.426,9.411,7.403,17.891,0.465,0.443,0.49,0.586,0.629,0.699,0.674,0.72,0.66,0.654,0.522,0.526,0.611,0.497,0.615,0.551,0.605,0.699,0.725,0.698,0.672,0.697,0.643,0.54,0.5,0.639,0.39,0.538,0.484,0.616,0.62,0.676,0.72,0.689,0.678,0.61,0.465,0.529,0.609,0.533,0.558,0.476,0.567,0.617,0.667,0.719,0.691,0.682,0.591,0.514,0.482,0.61,62.741,68.456,61.109,54.925,46.981,22.902,21.273,7.719,15.537,22.005,43.26,46.146,39.423,61.122,41.481,52.224,56.244,35.346,9.179,12.062,20.145,10.454,30.403,44.565,55.4,35.72,71.6,53.821,67.552,50.843,41.063,21.319,8.522,9.589,16.554,34.848,53.439,45.189,39.525,42.166,43.365,73.599,59.448,49.594,25.464,10.946,15.73,16.394,42.247,49.962,53.196,40.177,2.536,1.244,3.107,1.936,1.059,0.031,0.012,0.0,0.001,0.002,2.508,1.643,1.17,3.113,0.286,1.213,0.124,0.066,0.002,0.001,0.168,0.02,0.237,0.521,0.987,0.559,2.125,0.672,2.704,1.086,1.52,0.098,0.0,0.002,0.013,0.192,2.836,1.048,1.026,0.9,2.291,5.428,1.558,0.346,0.113,0.005,0.055,0.188,0.23,2.661,2.378,1.347
37.33,39.33,7.657,9.608,13.91,20.459,24.99,28.879,27.391,26.473,20.517,15.826,9.421,7.81,17.744,8.228,13.41,15.811,21.378,27.806,30.204,28.181,24.745,21.612,15.497,9.759,7.449,18.674,6.61,11.887,13.759,21.68,24.489,28.087,29.33,25.576,21.111,14.672,8.55,7.952,17.81,8.873,12.312,13.28,19.701,24.397,27.618,29.156,25.618,21.368,14.337,9.269,7.281,17.765,0.459,0.438,0.482,0.578,0.626,0.698,0.677,0.721,0.665,0.661,0.524,0.516,0.611,0.489,0.609,0.545,0.603,0.699,0.727,0.698,0.673,0.699,0.644,0.54,0.492,0.638,0.395,0.54,0.476,0.613,0.616,0.674,0.722,0.694,0.68,0.61,0.471,0.525,0.611,0.53,0.56,0.461,0.557,0.612,0.664,0.719,0.694,0.687,0.591,0.509,0.478,0.608,64.009,69.567,62.607,56.215,46.406,23.737,20.804,7.392,15.069,21.367,43.086,47.846,39.843,62.513,43.375,53.573,56.247,33.876,10.03,12.703,20.142,10.98,30.517,45.032,55.984,36.248,71.53,55.271,68.671,52.304,40.951,22.146,7.481,9.16,15.566,35.663,52.951,46.898,39.88,44.935,45.861,75.218,61.469,49.463,26.314,10.243,14.237,14.959,42.143,50.933,54.336,40.845,2.536,1.412,3.302,1.971,1.186,0.045,0.018,0.0,0.003,0.006,2.301,1.484,1.188,2.864,0.345,1.26,0.143,0.068,0.005,0.003,0.146,0.027,0.351,0.559,0.944,0.558,2.165,0.759,2.716,0.972,1.743,0.135,0.0,0.001,0.023,0.244,2.832,0.842,1.038,0.87,2.19,5.193,1.726,0.514,0.148,0.017,0.069,0.31,0.283,2.96,2.509,1.4
37.33,38.67,7.648,9.642,13.999,20.508,24.957,28.836,27.47,26.505,20.467,15.807,9.429,7.795,17.754,8.189,13.391,15.833,21.176,27.832,30.062,28.196,24.706,21.553,15.55,9.719,7.478,18.641,6.394,11.719,13.975,21.641,24.505,28.051,29.36,25.523,21.073,14.702,8.471,7.868,17.775,8.746,12.334,13.37,19.648,24.411,27.617,29.215,25.647,21.393,14.355,9.321,7.306,17.779,0.458,0.441,0.485,0.58,0.625,0.697,0.679,0.723,0.663,0.659,0.525,0.515,0.611,0.486,0.608,0.547,0.598,0.699,0.724,0.698,0.672,0.697,0.646,0.537,0.494,0.637,0.382,0.532,0.484,0.613,0.617,0.673,0.723,0.693,0.679,0.612,0.468,0.518,0.609,0.521,0.561,0.464,0.556,0.612,0.664,0.72,0.695,0.688,0.591,0.513,0.479,0.608,63.941,70.31,62.144,56.047,47.126,24.136,19.997,7.495,16.179,21.841,43.201,48.257,40.057,63.39,43.548,53.614,57.338,34.513,10.914,12.38,20.905,11.997,30.123,45.366,56.421,36.709,72.11,56.349,68.406,51.568,41.742,23.013,7.923,9.814,17.193,35.77,53.729,48.298,40.49,46.3,46.045,75.002,61.884,49.992,27.055,10.753,14.716,15.775,42.916,50.905,54.325,41.307,2.574,1.376,3.166,1.885,1.095,0.054,0.016,0.0,0.003,0.006,2.47,1.704,1.194,3.115,0.307,1.279,0.158,0.068,0.007,0.003,0.153,0.03,0.306,0.552,1.06,0.585,2.222,0.754,2.743,1.018,1.636,0.147,0.0,0.002,0.032,0.231,2.901,0.927,1.052,0.906,2.173,5.395,1.732,0.52,0.182,0.013,0.083,0.186,0.277,2.914,2.532,1.411
37.33,40.0,7.525,9.568,13.667,20.241,24.967,28.994,27.318,26.345,20.622,15.898,9.311,7.73,17.682,8.366,13.302,15.636,21.661,27.544,30.434,28.115,24.891,21.665,15.358,9.877,7.379,18.687,7.06,12.251,13.292,21.609,24.423,28.077,29.179,25.574,21.139,14.497,8.768,8.107,17.833,9.092,12.289,12.957,19.677,24.139,27.47,28.927,25.479,21.233,14.237,9.155,7.207,17.653,0.452,0.435,0.474,0.571,0.624,0.699,0.674,0.717,0.667,0.665,0.517,0.509,0.609,0.498,0.603,0.539,0.61,0.693,0.732,0.693,0.676,0.701,0.639,0.546,0.487,0.639,0.421,0.559,0.459,0.608,0.612,0.674,0.718,0.695,0.68,0.6,0.482,0.536,0.612,0.544,0.559,0.45,0.554,0.606,0.66,0.713,0.693,0.683,0.588,0.502,0.473,0.606,64.606,68.866,64.649,56.874,45.159,22.293,22.174,7.646,13.606,20.595,44.07,48.499,39.919,60.873,44.18,54.629,54.703,33.286,9.221,13.807,19.209,10.193,31.458,44.964,56.499,36.085,70.802,53.68,69.819,54.708,40.239,20.993,7.347,8.571,13.176,36.505,51.58,45.282,39.39,43.146,45.8,75.73,61.041,48.536,25.69,9.652,13.09,13.654,40.828,51.294,55.225,40.31,2.372,1.584,3.582,1.977,1.272,0.031,0.022,0.002,0.002,0.004,1.745,1.064,1.14,2.336,0.457,1.245,0.132,0.067,0.003,0.002,0.103,0.021,0.408,0.54,0.725,0.501,2.067,0.792,2.653,0.767,1.872,0.106,0.001,0.0,0.015,0.313,2.761,0.534,0.992,0.793,2.137,4.03,1.58,0.445,0.073,0.017,0.041,0.74,0.325,3.129,2.418,1.311
37.0,40.33,7.518,9.633,13.827,20.405,25.124,29.106,27.249,26.267,20.608,15.879,9.287,7.806,17.726,8.508,13.524,15.837,21.881,27.462,30.436,28.105,24.991,21.705,15.361,9.997,7.473,18.775,7.191,12.462,13.373,21.648,24.534,28.12,29.059,25.481,21.201,14.443,8.86,8.205,17.883,9.186,12.381,13.183,20.028,24.213,27.499,28.817,25.386,21.19,14.283,9.213,7.271,17.718,0.45,0.435,0.478,0.575,0.628,0.702,0.673,0.714,0.664,0.663,0.513,0.511,0.609,0.503,0.611,0.545,0.615,0.69,0.732,0.692,0.678,0.7,0.637,0.55,0.49,0.641,0.426,0.566,0.462,0.608,0.614,0.674,0.715,0.692,0.68,0.596,0.484,0.539,0.612,0.547,0.561,0.457,0.563,0.607,0.66,0.711,0.691,0.681,0.588,0.503,0.475,0.608,64.057,67.291,64.073,55.825,44.234,20.551,22.292,7.286,13.025,20.312,44.568,47.923,39.285,59.134,42.102,53.217,53.439,33.291,8.188,13.15,18.068,9.187,31.451,44.337,55.719,35.107,70.084,51.263,69.191,54.64,39.377,19.605,7.547,8.428,12.205,35.845,51.055,44.074,38.607,41.963,43.602,74.245,58.838,47.563,24.532,9.248,13.074,13.216,39.809,50.502,54.326,39.246,2.275,1.487,3.431,1.759,1.137,0.019,0.014,0.001,0.001,0.001,1.621,0.982,1.063,2.225,0.419,1.108,0.111,0.059,0.001,0.001,0.088,0.009,0.344,0.489,0.632,0.455,2.028,0.717,2.49,0.729,1.796,0.071,0.0,0.0,0.007,0.279,2.786,0.507,0.953,0.692,2.104,3.673,1.404,0.3,0.041,0.006,0.025,0.909,0.261,3.022,2.358,1.233
37.0,39.67,7.603,9.689,13.921,20.54,25.2,29.064,27.232,26.288,20.559,15.834,9.333,7.863,17.76,8.477,13.609,15.949,21.869,27.564,30.369,28.121,24.984,21.689,15.412,9.962,7.503,18.794,7.081,12.398,13.512,21.725,24.529,28.112,29.087,25.49,21.199,14.506,8.792,8.19,17.887,9.161,12.398,13.324,20.133,24.342,27.548,28.873,25.426,21.226,14.34,9.259,7.292,17.774,0.454,0.438,0.482,0.579,0.629,0.701,0.672,0.714,0.663,0.661,0.516,0.515,0.611,0.501,0.615,0.548,0.615,0.693,0.73,0.693,0.678,0.7,0.639,0.549,0.493,0.641,0.419,0.563,0.467,0.611,0.614,0.674,0.715,0.692,0.681,0.598,0.48,0.538,0.612,0.546,0.561,0.462,0.566,0.61,0.662,0.713,0.691,0.682,0.59,0.505,0.476,0.609,63.637,66.91,63.414,55.46,44.555,21.082,21.894,7.219,13.333,20.549,43.815,47.467,39.111,59.599,41.695,52.352,53.417,33.697,8.339,12.832,17.893,9.228,31.199,44.212,55.452,34.994,70.427,51.483,68.516,53.68,39.51,19.884,7.389,8.192,12.651,35.487,51.4,43.885,38.539,41.911,43.123,73.966,58.64,47.68,24.393,9.448,13.206,13.558,40.025,50.163,54.023,39.181,2.337,1.423,3.397,1.857,1.158,0.02,0.014,0.001,0.001,0.002,1.838,1.076,1.095,2.406,0.392,1.127,0.11,0.062,0.001,0.001,0.111,0.01,0.33,0.503,0.692,0.476,2.048,0.707,2.543,0.815,1.794,0.078,0.0,0.0,0.006,0.255,2.726,0.643,0.971,0.735,2.165,4.21,1.465,0.314,0.055,0.006,0.031,0.742,0.253,2.955,2.401,1.279
37.33,40.33,7.488,9.56,13.566,20.07,24.847,29.001,27.346,26.357,20.686,15.955,9.301,7.685,17.655,8.387,13.14,15.449,21.59,27.5,30.493,28.125,24.854,21.684,15.315,9.885,7.349,18.647,7.125,12.25,13.225,21.526,24.41,28.123,29.219,25.612,21.123,14.485,8.798,8.122,17.836,9.097,12.257,12.811,19.443,24.023,27.46,28.939,25.483,21.216,14.171,9.129,7.202,17.6,0.45,0.435,0.47,0.566,0.622,0.699,0.676,0.718,0.669,0.667,0.517,0.507,0.607,0.5,0.597,0.533,0.608,0.692,0.733,0.693,0.675,0.701,0.637,0.547,0.484,0.639,0.425,0.558,0.457,0.606,0.612,0.675,0.72,0.696,0.68,0.601,0.484,0.537,0.612,0.544,0.557,0.445,0.548,0.603,0.659,0.713,0.693,0.683,0.586,0.502,0.473,0.603,65.195,69.797,65.2,57.564,45.361,22.399,22.84,8.119,13.653,20.561,44.739,48.925,40.362,60.886,45.292,56.171,55.428,32.941,9.253,14.249,20.045,10.364,31.71,45.278,57.052,36.556,70.742,54.315,70.697,55.437,40.635,21.179,7.711,9.126,13.368,36.898,51.529,45.686,39.776,43.42,47.022,76.291,61.893,49.069,26.279,9.944,13.647,13.915,41.239,51.85,55.573,40.848,2.339,1.66,3.616,1.953,1.285,0.037,0.026,0.004,0.003,0.004,1.612,1.059,1.135,2.248,0.489,1.295,0.14,0.068,0.003,0.003,0.092,0.026,0.425,0.539,0.722,0.502,2.052,0.821,2.678,0.718,1.839,0.107,0.001,0.0,0.019,0.347,2.82,0.445,0.988,0.813,2.108,3.651,1.563,0.47,0.069,0.019,0.041,0.792,0.357,3.169,2.362,1.285
37.33,39.67,7.564,9.576,13.715,20.257,24.943,28.96,27.35,26.401,20.617,15.898,9.355,7.754,17.699,8.318,13.293,15.648,21.569,27.638,30.398,28.147,24.832,21.663,15.388,9.836,7.39,18.677,6.954,12.138,13.417,21.623,24.444,28.104,29.256,25.61,21.138,14.563,8.714,8.063,17.837,9.035,12.284,13.009,19.621,24.191,27.523,29.012,25.535,21.286,14.255,9.175,7.229,17.677,0.454,0.436,0.476,0.572,0.624,0.699,0.676,0.719,0.667,0.665,0.52,0.511,0.609,0.495,0.603,0.539,0.608,0.696,0.731,0.695,0.675,0.7,0.64,0.544,0.488,0.639,0.415,0.553,0.464,0.609,0.613,0.675,0.72,0.696,0.68,0.604,0.479,0.533,0.612,0.541,0.559,0.452,0.553,0.607,0.661,0.715,0.694,0.685,0.589,0.504,0.475,0.606,64.658,69.239,64.151,56.933,45.551,22.957,22.012,7.707,14.034,20.813,43.753,48.258,40.006,61.4,44.25,54.686,55.305,33.242,9.477,13.638,19.698,10.47,31.29,45.019,56.359,36.236,70.935,54.362,69.639,54.197,40.597,21.449,7.375,8.814,13.867,36.383,51.91,45.756,39.605,43.738,46.279,75.817,61.489,48.995,26.027,9.97,13.611,14.052,41.367,51.348,54.999,40.644,2.416,1.555,3.522,1.998,1.273,0.037,0.023,0.002,0.003,0.006,1.889,1.164,1.159,2.455,0.433,1.267,0.136,0.068,0.004,0.003,0.116,0.025,0.409,0.553,0.786,0.519,2.086,0.793,2.681,0.82,1.846,0.118,0.0,0.0,0.018,0.301,2.802,0.606,1.008,0.823,2.149,4.349,1.644,0.491,0.096,0.02,0.05,0.604,0.323,3.09,2.432,1.34
37.33,41.0,7.292,9.355,13.276,19.544,24.522,29.105,27.3,26.341,20.916,16.118,9.17,7.591,17.546,8.476,12.831,14.925,21.4,27.232,30.742,28.165,24.838,21.794,15.153,10.004,7.248,18.565,7.305,12.362,12.909,21.199,24.332,28.288,29.247,25.676,21.179,14.301,8.97,8.211,17.831,9.143,12.112,12.639,18.958,23.618,27.475,28.919,25.441,21.117,13.93,9.039,7.262,17.469,0.437,0.427,0.458,0.552,0.615,0.702,0.677,0.721,0.677,0.67,0.509,0.501,0.602,0.505,0.583,0.516,0.602,0.684,0.741,0.694,0.674,0.703,0.629,0.552,0.477,0.637,0.435,0.561,0.446,0.597,0.611,0.68,0.724,0.698,0.682,0.595,0.495,0.542,0.611,0.543,0.552,0.438,0.536,0.593,0.659,0.712,0.693,0.681,0.577,0.5,0.477,0.598,66.53,72.195,66.978,58.993,44.998,20.729,24.683,8.811,12.622,19.746,48.078,50.131,41.208,59.601,47.217,60.366,56.512,31.704,7.831,14.564,21.021,9.634,32.374,45.728,58.169,37.06,70.311,54.688,73.351,57.736,41.036,19.991,8.561,10.364,12.774,37.332,51.082,46.23,40.289,43.441,49.631,76.769,62.828,49.656,26.67,9.591,14.751,14.094,41.585,52.984,55.898,41.492,2.152,1.751,3.53,1.683,1.117,0.041,0.031,0.012,0.002,0.002,1.144,0.897,1.031,1.864,0.548,1.313,0.144,0.067,0.002,0.003,0.046,0.028,0.415,0.477,0.633,0.462,2.032,0.789,2.497,0.526,1.614,0.069,0.002,0.0,0.021,0.434,3.448,0.166,0.965,0.729,1.98,2.217,1.349,0.409,0.029,0.011,0.028,1.053,0.415,3.123,2.107,1.119
37.33,41.33,7.268,9.39,13.18,19.323,24.405,29.059,27.252,26.374,21.047,16.21,9.169,7.611,17.525,8.441,12.672,14.703,21.202,27.21,30.841,28.232,24.872,21.823,15.101,10.027,7.183,18.523,7.303,12.345,12.843,21.04,24.17,28.308,29.327,25.777,21.225,14.283,9.038,8.22,17.823,9.13,12.065,12.664,18.732,23.427,27.489,28.96,25.492,21.133,13.839,9.019,7.334,17.439,0.435,0.429,0.455,0.545,0.612,0.7,0.675,0.722,0.681,0.675,0.51,0.501,0.602,0.503,0.575,0.508,0.597,0.684,0.742,0.696,0.676,0.704,0.628,0.555,0.473,0.636,0.436,0.562,0.444,0.594,0.607,0.682,0.726,0.701,0.684,0.594,0.5,0.543,0.612,0.544,0.55,0.44,0.529,0.588,0.659,0.713,0.694,0.682,0.573,0.499,0.483,0.596,67.058,72.999,67.802,59.924,44.909,21.086,25.27,9.319,12.497,19.403,48.825,50.709,41.651,60.055,49.023,62.241,56.957,31.193,7.966,14.569,21.058,10.029,32.504,45.828,58.99,37.534,70.826,56.16,74.092,58.303,42.278,20.413,8.447,10.467,13.045,37.634,51.09,46.408,40.764,44.072,51.267,76.938,63.905,50.269,27.109,10.123,15.029,14.535,42.369,53.286,55.957,42.072,2.079,1.765,3.495,1.768,1.111,0.05,0.041,0.018,0.003,0.004,1.136,0.866,1.029,1.81,0.588,1.409,0.152,0.074,0.002,0.004,0.051,0.036,0.441,0.474,0.674,0.477,2.04,0.78,2.453,0.486,1.516,0.069,0.002,0.0,0.026,0.485,3.932,0.152,0.994,0.756,1.979,2.098,1.374,0.466,0.032,0.011,0.035,0.885,0.494,2.997,1.999,1.092
37.33,40.67,7.352,9.45,13.329,19.648,24.585,29.055,27.31,26.345,20.877,16.092,9.213,7.614,17.573,8.457,12.856,15.027,21.422,27.297,30.69,28.152,24.844,21.76,15.181,9.972,7.262,18.575,7.291,12.339,12.981,21.265,24.309,28.233,29.249,25.678,21.149,14.357,8.937,8.196,17.832,9.141,12.157,12.646,19.02,23.678,27.441,28.913,25.457,21.137,13.982,9.054,7.245,17.487,0.441,0.431,0.461,0.555,0.616,0.701,0.676,0.72,0.675,0.671,0.512,0.502,0.604,0.504,0.584,0.519,0.602,0.686,0.739,0.693,0.675,0.703,0.631,0.551,0.478,0.638,0.435,0.561,0.448,0.599,0.61,0.679,0.723,0.698,0.681,0.597,0.493,0.542,0.612,0.545,0.554,0.439,0.537,0.594,0.658,0.712,0.694,0.681,0.579,0.5,0.476,0.599,66.354,71.697,66.796,58.895,45.16,21.498,24.416,8.878,12.993,19.986,47.172,49.989,41.153,60.193,47.357,59.683,56.372,32.061,8.482,14.74,20.933,10.111,32.295,45.709,58.171,37.176,70.537,55.044,72.778,57.412,41.299,20.635,8.374,10.091,13.086,37.453,51.207,46.138,40.338,43.524,49.397,76.897,63.002,49.763,26.887,10.048,14.542,14.238,41.705,52.826,56.062,41.576,2.194,1.765,3.609,1.823,1.204,0.043,0.033,0.011,0.003,0.003,1.254,0.912,1.072,1.949,0.556,1.353,0.146,0.07,0.002,0.003,0.06,0.03,0.435,0.502,0.665,0.481,2.027,0.815,2.576,0.571,1.683,0.083,0.002,0.0,0.022,0.428,3.29,0.227,0.976,0.777,2.024,2.578,1.429,0.452,0.039,0.015,0.033,0.956,0.426,3.147,2.162,1.169
37.33,42.0,7.299,9.548,12.982,18.729,24.108,29.049,26.974,26.447,21.439,16.454,9.022,7.826,17.489,8.465,12.491,14.166,20.689,27.043,31.223,28.424,24.96,22.005,14.948,10.182,7.157,18.477,7.426,12.462,12.612,20.51,23.678,28.432,29.456,26.006,21.52,14.133,9.305,8.284,17.82,9.213,12.01,12.915,18.232,22.905,27.639,29.051,25.551,21.238,13.52,8.901,7.575,17.395,0.435,0.435,0.45,0.526,0.607,0.698,0.667,0.725,0.695,0.687,0.504,0.512,0.602,0.501,0.565,0.488,0.586,0.68,0.75,0.702,0.679,0.71,0.621,0.566,0.474,0.633,0.444,0.569,0.438,0.583,0.596,0.687,0.729,0.709,0.695,0.587,0.518,0.545,0.612,0.551,0.548,0.45,0.514,0.576,0.664,0.716,0.693,0.685,0.561,0.493,0.501,0.593,66.445,74.249,69.733,62.16,43.788,20.582,26.906,10.268,11.691,18.298,52.863,50.647,42.304,59.109,51.3,66.75,57.507,29.676,7.228,14.151,20.448,10.08,32.686,45.552,59.925,37.868,70.189,57.554,75.36,59.445,45.188,20.297,7.999,10.498,12.782,37.894,50.515,46.723,41.205,45.114,53.64,75.766,65.617,50.805,26.787,10.258,15.504,15.027,44.168,53.652,54.909,42.604,1.772,1.668,3.248,1.689,0.815,0.06,0.068,0.036,0.002,0.018,1.063,0.728,0.933,1.477,0.645,1.432,0.154,0.095,0.001,0.008,0.042,0.046,0.543,0.421,0.791,0.473,2.169,0.63,1.904,0.347,1.141,0.051,0.002,0.0,0.026,0.581,5.667,0.111,1.05,0.648,1.872,1.598,1.391,0.57,0.032,0.005,0.038,0.449,0.704,2.44,1.578,0.943
37.33,42.33,7.613,9.923,13.132,18.724,24.054,29.015,26.886,26.396,21.43,16.433,8.972,7.987,17.546,8.664,12.658,14.303,20.621,26.967,31.283,28.37,24.897,22.049,14.895,10.194,7.302,18.515,7.741,12.72,12.912,20.479,23.525,28.447,29.44,26.013,21.54,14.155,9.329,8.327,17.886,9.273,12.332,13.064,18.192,22.787,27.612,28.997,25.526,21.192,13.448,8.879,7.611,17.41,0.455,0.452,0.455,0.526,0.605,0.698,0.664,0.723,0.695,0.687,0.501,0.523,0.604,0.513,0.574,0.494,0.584,0.679,0.752,0.701,0.678,0.712,0.619,0.566,0.484,0.634,0.463,0.581,0.449,0.582,0.591,0.687,0.728,0.709,0.696,0.587,0.519,0.549,0.614,0.555,0.563,0.456,0.513,0.573,0.664,0.715,0.693,0.684,0.558,0.491,0.504,0.594,65.819,73.803,70.55,63.261,44.477,21.271,27.779,11.681,12.864,19.301,54.172,50.524,42.959,59.342,51.355,67.688,58.251,30.854,7.908,15.401,21.472,10.839,33.319,46.079,59.851,38.531,68.716,57.622,75.082,60.188,46.76,21.189,9.014,11.407,13.656,38.185,50.695,48.213,41.727,46.3,53.97,75.728,66.017,51.714,27.513,11.382,16.689,16.362,45.165,53.957,55.344,43.345,1.756,1.762,3.454,1.809,0.818,0.076,0.087,0.044,0.002,0.028,1.091,0.762,0.976,1.495,0.715,1.521,0.174,0.119,0.0,0.013,0.044,0.052,0.622,0.455,0.912,0.512,2.273,0.662,1.904,0.378,1.157,0.062,0.002,0.0,0.028,0.625,5.194,0.126,1.032,0.683,1.879,1.707,1.532,0.661,0.041,0.005,0.044,0.389,0.826,2.487,1.598,0.988
37.33,41.67,7.321,9.536,13.042,18.88,24.167,29.031,27.05,26.409,21.334,16.391,9.068,7.767,17.499,8.483,12.521,14.316,20.809,27.067,31.113,28.357,24.926,21.953,14.975,10.139,7.174,18.483,7.446,12.458,12.766,20.646,23.799,28.401,29.421,25.95,21.419,14.185,9.237,8.273,17.834,9.188,12.061,12.856,18.326,23.009,27.571,29.008,25.537,21.178,13.595,8.936,7.512,17.397,0.438,0.435,0.451,0.531,0.608,0.698,0.669,0.724,0.692,0.684,0.506,0.51,0.602,0.503,0.567,0.494,0.588,0.68,0.748,0.7,0.678,0.709,0.622,0.563,0.475,0.634,0.445,0.568,0.443,0.585,0.598,0.686,0.728,0.707,0.692,0.589,0.513,0.545,0.612,0.549,0.55,0.447,0.517,0.578,0.662,0.715,0.694,0.683,0.564,0.495,0.497,0.594,67.029,74.261,69.571,61.861,44.332,20.961,26.691,10.409,12.141,18.772,51.891,51.06,42.416,59.761,51.307,66.054,57.68,30.359,7.691,14.618,20.984,10.323,32.835,45.839,59.974,38.119,70.528,57.718,75.271,59.526,44.768,20.61,8.422,10.794,13.112,37.928,50.748,47.039,41.373,45.199,53.654,76.304,65.39,51.017,27.255,10.618,15.698,15.264,43.918,53.735,55.537,42.799,1.864,1.742,3.375,1.767,0.924,0.065,0.066,0.034,0.002,0.015,1.069,0.78,0.977,1.581,0.655,1.483,0.161,0.096,0.001,0.008,0.046,0.047,0.525,0.445,0.781,0.488,2.133,0.694,2.108,0.387,1.247,0.058,0.002,0.0,0.029,0.576,5.042,0.113,1.03,0.712,1.907,1.701,1.407,0.563,0.033,0.007,0.04,0.571,0.678,2.633,1.704,0.996
37.33,43.33,8.827,11.528,13.366,18.472,23.992,28.919,26.386,26.08,21.321,16.218,8.508,8.557,17.678,9.546,13.211,14.536,20.525,26.436,31.434,27.899,24.682,22.193,14.697,10.239,7.96,18.612,8.878,13.564,13.336,20.27,22.908,28.43,29.167,25.942,21.519,14.242,9.513,8.191,17.995,9.451,13.215,13.451,18.148,22.34,27.632,28.556,25.306,20.981,13.165,8.844,7.698,17.399,0.528,0.525,0.463,0.521,0.603,0.698,0.65,0.711,0.691,0.677,0.475,0.562,0.609,0.566,0.601,0.503,0.58,0.666,0.758,0.689,0.673,0.717,0.612,0.566,0.527,0.639,0.531,0.619,0.465,0.574,0.575,0.686,0.72,0.707,0.695,0.59,0.528,0.542,0.616,0.565,0.603,0.469,0.515,0.562,0.664,0.705,0.689,0.677,0.546,0.487,0.508,0.594,61.101,71.394,72.243,66.254,45.338,22.508,31.331,16.038,15.728,22.372,60.906,49.485,44.558,57.067,49.062,67.859,59.185,34.716,8.907,20.319,23.448,11.067,34.521,48.121,58.06,39.361,60.916,55.377,72.746,60.699,51.032,22.899,12.21,13.099,14.762,37.984,50.172,53.006,42.073,49.235,53.368,74.227,65.516,54.374,29.471,14.132,19.255,19.952,48.683,54.273,55.524,44.835,1.607,2.036,4.045,1.954,0.69,0.104,0.157,0.069,0.0,0.076,1.251,0.819,1.069,1.388,0.994,1.602,0.247,0.226,0.0,0.032,0.056,0.046,0.89,0.557,1.388,0.619,2.542,0.766,1.615,0.613,1.162,0.099,0.005,0.0,0.033,0.67,3.687,0.211,0.95,0.792,1.818,2.102,2.14,0.921,0.084,0.005,0.039,0.157,1.128,2.472,1.576,1.105
37.33,42.67,8.369,10.918,13.33,18.566,23.935,28.953,26.572,26.244,21.405,16.343,8.699,8.39,17.641,9.183,13.031,14.433,20.473,26.665,31.445,28.158,24.756,22.168,14.75,10.234,7.66,18.578,8.436,13.287,13.204,20.318,23.068,28.447,29.334,26.003,21.59,14.174,9.432,8.325,17.967,9.391,12.996,13.328,18.088,22.456,27.627,28.796,25.41,21.098,13.224,8.821,7.689,17.411,0.501,0.497,0.462,0.523,0.602,0.698,0.655,0.717,0.694,0.683,0.486,0.55,0.608,0.544,0.593,0.5,0.579,0.672,0.757,0.695,0.675,0.716,0.614,0.567,0.508,0.638,0.505,0.607,0.46,0.577,0.579,0.687,0.725,0.709,0.697,0.587,0.524,0.55,0.615,0.561,0.593,0.466,0.513,0.565,0.665,0.711,0.691,0.681,0.549,0.486,0.508,0.594,62.646,72.085,71.838,65.404,45.237,22.036,29.877,14.477,14.787,21.137,58.567,49.5,43.965,57.997,49.762,68.594,59.026,33.126,8.492,18.226,22.956,11.285,34.278,47.295,58.8,39.154,63.6,56.041,73.656,60.722,49.779,22.441,10.959,12.739,14.651,38.383,50.597,51.265,42.068,48.421,53.343,74.811,66.179,53.358,28.675,13.096,18.66,18.75,47.501,54.356,55.533,44.392,1.656,1.914,3.844,1.914,0.712,0.096,0.128,0.059,0.001,0.058,1.173,0.794,1.031,1.433,0.877,1.581,0.213,0.178,0.0,0.024,0.049,0.052,0.798,0.516,1.212,0.578,2.507,0.703,1.696,0.482,1.134,0.081,0.003,0.0,0.03,0.672,4.379,0.175,0.987,0.724,1.847,1.937,1.886,0.833,0.064,0.005,0.044,0.212,1.041,2.463,1.564,1.053
37.33,44.0,9.204,12.074,13.272,18.311,24.487,29.095,26.233,25.792,21.188,15.954,8.11,8.399,17.674,10.097,13.3,14.755,20.865,26.064,31.239,27.445,24.729,22.13,14.685,10.257,8.425,18.664,9.491,13.675,13.335,20.176,22.975,28.495,28.71,25.674,21.02,14.45,9.807,7.661,17.956,9.263,12.764,13.844,18.68,22.348,27.842,27.904,25.08,20.717,13.259,9.095,7.808,17.381,0.548,0.548,0.458,0.519,0.614,0.703,0.649,0.702,0.686,0.663,0.454,0.553,0.609,0.599,0.604,0.509,0.59,0.657,0.752,0.679,0.672,0.716,0.612,0.566,0.558,0.641,0.568,0.621,0.465,0.57,0.58,0.684,0.709,0.698,0.68,0.597,0.543,0.507,0.618,0.554,0.58,0.479,0.529,0.56,0.668,0.687,0.682,0.666,0.549,0.499,0.513,0.594,61.2,71.893,71.64,66.078,43.183,22.061,32.881,17.032,15.619,24.104,64.806,52.021,45.213,56.222,48.781,63.233,57.661,36.448,9.436,22.661,21.676,9.312,33.818,49.058,56.522,38.734,57.679,55.537,71.28,60.097,50.987,22.071,13.482,12.689,13.769,35.18,47.801,55.487,41.336,50.089,55.057,71.807,61.587,55.033,29.405,14.986,18.149,20.306,49.477,52.577,54.015,44.373,1.518,2.226,4.036,1.975,0.706,0.1,0.192,0.098,0.001,0.093,1.566,0.797,1.111,1.232,1.285,1.58,0.334,0.35,0.0,0.05,0.104,0.023,0.959,0.625,1.648,0.684,2.315,0.955,1.489,0.984,1.161,0.136,0.012,0.0,0.054,0.593,2.498,0.304,0.876,1.042,1.668,2.411,2.573,1.031,0.118,0.007,0.02,0.073,1.072,2.314,1.485,1.154
37.0,44.33,9.09,12.01,13.296,18.502,24.738,29.386,26.398,25.882,21.213,15.995,7.971,8.288,17.729,10.143,13.337,14.864,21.056,26.192,31.296,27.58,24.8,22.147,14.708,10.308,8.465,18.739,9.513,13.641,13.264,20.234,23.163,28.688,28.643,25.524,20.769,14.528,9.898,7.667,17.962,9.083,12.598,13.936,18.883,22.501,28.087,27.805,24.969,20.809,13.286,9.161,7.887,17.414,0.537,0.543,0.458,0.524,0.62,0.709,0.652,0.703,0.685,0.662,0.444,0.542,0.61,0.599,0.603,0.512,0.596,0.66,0.752,0.683,0.674,0.716,0.611,0.566,0.558,0.642,0.566,0.617,0.462,0.57,0.585,0.687,0.707,0.693,0.671,0.598,0.545,0.504,0.618,0.54,0.569,0.48,0.534,0.564,0.674,0.685,0.679,0.668,0.548,0.5,0.514,0.594,61.252,71.536,70.728,64.683,41.56,20.574,31.495,16.028,14.927,23.854,65.8,50.908,44.449,55.552,47.472,61.034,56.174,35.735,8.74,21.389,20.376,8.427,33.189,48.391,56.137,37.716,56.334,54.128,70.361,59.775,49.445,20.611,12.931,12.587,13.521,33.62,46.848,54.265,40.366,50.432,53.709,70.367,59.522,53.717,27.467,14.028,17.87,18.673,48.963,51.851,53.066,43.304,1.538,2.235,4.036,1.9,0.61,0.072,0.157,0.081,0.002,0.076,1.656,0.776,1.096,1.223,1.345,1.474,0.312,0.318,0.0,0.038,0.086,0.009,0.919,0.641,1.699,0.673,2.333,1.012,1.431,1.069,1.069,0.126,0.005,0.0,0.066,0.51,2.46,0.342,0.87,1.162,1.677,2.537,2.584,0.953,0.089,0.003,0.009,0.043,0.935,2.28,1.414,1.143
37.33,44.33,8.942,11.821,13.529,18.562,24.7,29.151,26.277,25.783,21.204,15.904,8.184,8.186,17.685,10.052,13.326,15.084,20.982,26.034,31.037,27.462,24.78,22.041,14.691,10.289,8.381,18.678,9.466,13.536,13.669,20.109,23.108,28.419,28.572,25.487,20.812,14.406,9.869,7.614,17.922,9.128,12.613,14.169,19.018,22.384,27.746,27.668,25.005,20.604,13.359,9.22,7.928,17.402,0.533,0.537,0.467,0.526,0.621,0.703,0.65,0.702,0.687,0.662,0.458,0.54,0.609,0.598,0.605,0.521,0.594,0.656,0.747,0.68,0.674,0.714,0.612,0.569,0.555,0.642,0.566,0.615,0.476,0.568,0.583,0.682,0.705,0.692,0.673,0.596,0.547,0.504,0.617,0.546,0.574,0.49,0.538,0.561,0.666,0.682,0.68,0.664,0.554,0.507,0.522,0.596,63.395,72.202,70.598,65.192,42.136,21.837,32.401,16.355,15.216,24.481,64.595,54.719,45.263,57.354,48.458,61.236,56.853,36.384,10.424,22.259,21.149,9.777,33.968,48.793,56.149,38.566,58.384,55.734,70.497,60.36,50.349,22.442,13.65,13.342,14.148,35.025,47.219,56.492,41.468,50.832,55.431,70.161,60.044,54.652,29.537,15.746,17.953,20.306,48.728,51.593,53.365,44.028,1.488,2.182,3.731,1.955,0.742,0.11,0.197,0.122,0.002,0.094,1.712,0.74,1.09,1.147,1.322,1.544,0.365,0.426,0.0,0.063,0.142,0.023,0.944,0.625,1.614,0.685,2.153,0.967,1.418,1.03,1.123,0.145,0.016,0.0,0.065,0.578,2.293,0.321,0.842,1.046,1.516,2.404,2.498,1.086,0.129,0.009,0.021,0.07,0.994,2.103,1.342,1.104
37.33,43.67,9.121,11.935,13.354,18.377,24.362,29.021,26.246,25.855,21.229,16.019,8.246,8.458,17.683,9.962,13.303,14.765,20.778,26.143,31.264,27.552,24.712,22.146,14.694,10.263,8.32,18.657,9.363,13.659,13.457,20.195,22.954,28.453,28.821,25.747,21.178,14.387,9.739,7.81,17.98,9.34,12.929,13.799,18.576,22.341,27.739,28.061,25.144,20.77,13.245,9.034,7.79,17.396,0.544,0.542,0.461,0.52,0.612,0.701,0.648,0.704,0.688,0.667,0.461,0.557,0.61,0.592,0.605,0.51,0.588,0.659,0.753,0.681,0.672,0.717,0.612,0.567,0.551,0.641,0.56,0.622,0.47,0.571,0.578,0.684,0.712,0.7,0.685,0.596,0.54,0.517,0.618,0.559,0.588,0.479,0.527,0.561,0.666,0.692,0.684,0.669,0.549,0.497,0.513,0.595,61.43,71.841,71.902,66.321,43.841,22.364,32.609,16.872,15.768,23.775,63.739,51.779,45.188,56.685,49.016,64.658,58.214,36.205,9.589,22.193,22.342,10.024,34.152,48.859,56.959,39.074,58.732,55.722,71.71,60.396,51.168,22.582,13.278,12.973,14.155,36.081,48.433,55.272,41.706,50.041,54.853,72.295,62.69,54.988,29.663,14.983,18.511,20.464,49.305,53.025,54.474,44.607,1.53,2.176,4.012,1.972,0.707,0.109,0.191,0.097,0.001,0.093,1.485,0.804,1.099,1.256,1.211,1.588,0.318,0.334,0.0,0.049,0.097,0.032,0.96,0.613,1.582,0.671,2.368,0.899,1.507,0.878,1.169,0.129,0.011,0.0,0.048,0.626,2.72,0.285,0.887,0.965,1.678,2.333,2.466,1.032,0.115,0.007,0.028,0.094,1.114,2.332,1.5,1.141
37.33,44.67,8.483,11.404,14.007,19.01,25.255,29.388,26.347,25.738,21.203,15.762,8.165,7.633,17.699,10.129,13.342,15.676,21.353,25.912,30.67,27.445,24.866,21.866,14.711,10.352,8.265,18.713,9.517,13.232,14.076,19.982,23.368,28.417,28.247,25.087,20.325,14.365,10.052,7.49,17.847,8.628,12.409,14.823,19.918,22.516,27.715,27.077,24.856,20.366,13.604,9.57,8.211,17.474,0.505,0.519,0.484,0.538,0.636,0.707,0.652,0.702,0.689,0.656,0.456,0.504,0.609,0.604,0.606,0.541,0.605,0.652,0.738,0.68,0.677,0.709,0.611,0.573,0.547,0.644,0.567,0.6,0.489,0.564,0.588,0.682,0.697,0.681,0.656,0.595,0.558,0.495,0.614,0.515,0.567,0.513,0.563,0.566,0.665,0.669,0.677,0.657,0.564,0.526,0.54,0.601,67.338,72.513,68.179,63.22,39.295,20.824,31.53,14.999,14.457,25.366,65.664,60.785,45.35,59.186,47.188,56.188,54.254,36.422,12.298,21.414,19.727,10.405,34.155,48.259,55.333,37.902,58.353,55.52,68.993,60.437,48.571,22.243,14.001,14.848,14.958,34.057,45.539,58.322,41.318,53.549,55.243,66.322,55.646,53.193,28.748,17.17,17.327,20.263,46.943,48.909,51.688,42.917,1.423,2.093,2.974,1.954,0.773,0.125,0.2,0.161,0.019,0.111,2.245,0.599,1.056,0.967,1.444,1.4,0.437,0.599,0.0,0.088,0.214,0.013,0.869,0.632,1.542,0.682,1.823,1.066,1.232,1.153,1.015,0.159,0.024,0.003,0.098,0.514,1.757,0.364,0.766,1.112,1.147,2.455,2.302,1.211,0.156,0.028,0.024,0.054,0.751,1.576,0.974,0.984
38.33,26.33,8.414,11.322,15.083,20.718,24.429,26.767,28.943,25.889,20.007,13.364,10.049,6.661,17.637,6.796,11.768,15.183,18.988,26.167,27.538,28.198,25.455,20.182,14.017,8.867,5.945,17.423,7.831,10.266,14.579,20.9,26.197,26.894,28.96,24.13,20.413,14.916,9.077,6.913,17.588,7.865,11.507,15.024,19.32,21.32,25.913,28.769,24.791,19.741,14.473,8.317,6.613,16.97,0.522,0.528,0.529,0.587,0.615,0.646,0.715,0.708,0.658,0.571,0.576,0.456,0.612,0.42,0.548,0.53,0.539,0.66,0.662,0.698,0.697,0.66,0.599,0.509,0.408,0.607,0.484,0.481,0.512,0.593,0.658,0.646,0.716,0.658,0.669,0.633,0.519,0.473,0.609,0.485,0.538,0.528,0.552,0.536,0.621,0.71,0.676,0.643,0.614,0.474,0.453,0.589,45.646,49.66,54.367,48.012,48.644,26.949,7.135,7.086,15.807,33.927,33.671,54.635,35.463,71.465,47.245,52.839,55.07,35.785,24.468,11.774,10.082,21.935,30.247,51.419,66.927,39.938,55.466,56.752,57.63,47.093,32.323,27.19,7.936,14.897,14.916,21.871,44.942,50.904,35.993,47.633,43.066,55.419,56.484,61.948,30.617,8.763,13.74,26.283,28.516,57.064,57.251,40.568,1.386,2.527,2.023,1.128,1.441,0.698,0.015,0.117,0.109,1.361,0.269,5.748,1.402,5.352,2.883,2.402,1.071,0.161,0.617,0.022,0.012,0.089,1.619,1.386,5.04,1.721,2.463,2.741,2.318,0.419,0.166,0.27,0.175,0.416,0.067,0.042,2.177,1.793,1.086,2.988,0.782,2.486,2.119,0.761,1.3,0.026,0.027,0.688,0.148,3.918,2.745,1.5
38.33,27.0,8.655,10.949,15.062,20.635,23.781,26.119,29.021,26.012,20.037,13.419,10.38,6.559,17.551,6.864,11.892,14.612,18.671,26.231,26.559,28.142,25.656,20.137,14.333,9.219,6.034,17.361,7.96,9.976,14.643,20.505,25.816,26.183,29.265,23.997,20.49,14.766,9.102,6.813,17.46,7.995,11.765,14.365,18.006,20.152,25.296,28.999,24.753,19.909,14.422,8.063,6.799,16.711,0.537,0.511,0.529,0.584,0.598,0.627,0.72,0.714,0.658,0.571,0.593,0.448,0.61,0.42,0.552,0.511,0.529,0.662,0.638,0.696,0.705,0.659,0.612,0.528,0.415,0.604,0.492,0.467,0.516,0.581,0.648,0.628,0.724,0.654,0.672,0.628,0.519,0.465,0.603,0.493,0.551,0.505,0.516,0.506,0.606,0.716,0.673,0.65,0.607,0.459,0.466,0.581,44.969,54.893,57.645,50.852,49.89,29.618,7.468,6.672,16.737,36.226,32.014,58.407,37.114,73.739,49.89,57.337,58.173,35.299,26.466,11.328,7.12,22.962,29.056,52.736,69.138,41.106,57.906,60.484,58.61,48.361,34.147,31.634,5.638,16.685,14.895,24.509,48.154,54.284,37.94,48.808,43.897,60.874,63.328,68.033,34.242,6.227,15.327,25.208,30.32,61.82,58.918,43.085,1.537,2.662,1.971,1.303,1.359,0.751,0.026,0.067,0.056,1.287,0.233,5.399,1.386,5.412,3.316,2.832,0.926,0.15,0.522,0.02,0.001,0.068,1.282,1.426,5.241,1.767,2.517,3.117,2.729,0.486,0.208,0.5,0.065,0.276,0.038,0.056,2.142,2.102,1.186,3.288,0.508,2.317,2.14,1.061,1.403,0.089,0.042,0.616,0.138,4.313,2.765,1.556
38.0,27.33,8.947,11.001,15.329,20.824,23.829,26.263,29.206,26.104,20.283,13.568,10.676,6.704,17.726,6.973,12.117,14.786,18.854,26.479,26.588,28.291,25.773,20.319,14.683,9.429,6.154,17.535,8.024,10.056,14.996,20.57,25.78,26.276,29.403,24.17,20.712,15.058,9.233,6.931,17.601,8.216,12.055,14.62,18.039,20.305,25.35,29.091,25.028,20.123,14.564,8.143,6.952,16.875,0.552,0.512,0.538,0.588,0.599,0.63,0.725,0.717,0.665,0.575,0.607,0.454,0.616,0.424,0.56,0.517,0.533,0.668,0.639,0.699,0.708,0.664,0.625,0.537,0.421,0.608,0.493,0.469,0.529,0.582,0.647,0.63,0.727,0.658,0.677,0.639,0.523,0.47,0.607,0.505,0.563,0.513,0.516,0.509,0.607,0.718,0.68,0.656,0.61,0.461,0.473,0.586,42.433,54.903,57.387,50.747,49.172,28.713,6.032,5.997,14.973,35.828,29.781,57.604,36.129,73.791,48.965,57.283,57.983,34.354,25.978,10.323,6.09,21.648,26.304,52.182,68.939,40.323,57.525,60.884,57.251,48.409,34.296,31.317,4.624,15.547,13.694,22.829,47.436,53.625,37.284,47.235,42.191,60.34,63.622,68.234,33.96,5.599,13.865,23.773,29.512,61.992,58.367,42.392,1.678,2.725,2.113,1.313,1.271,0.701,0.026,0.082,0.076,1.242,0.25,5.36,1.401,5.272,3.318,2.824,0.799,0.125,0.472,0.017,0.001,0.069,1.265,1.328,5.252,1.73,2.769,3.077,2.951,0.469,0.233,0.613,0.033,0.248,0.03,0.078,2.119,2.165,1.231,3.304,0.504,2.124,2.046,1.234,1.407,0.127,0.049,0.68,0.132,4.22,2.751,1.548
38.33,27.33,8.597,10.805,15.001,20.517,23.639,26.0,28.956,25.99,19.978,13.44,10.38,6.571,17.489,6.899,11.858,14.413,18.625,26.171,26.323,28.057,25.648,20.011,14.336,9.229,6.039,17.301,7.898,9.9,14.459,20.417,25.693,25.99,29.247,23.92,20.46,14.623,9.115,6.781,17.375,7.947,11.696,14.145,17.749,19.939,25.123,28.965,24.695,19.873,14.384,8.023,6.833,16.615,0.534,0.504,0.528,0.581,0.594,0.624,0.718,0.713,0.656,0.573,0.594,0.45,0.608,0.424,0.55,0.506,0.528,0.66,0.633,0.694,0.705,0.655,0.612,0.529,0.416,0.602,0.489,0.464,0.51,0.58,0.645,0.625,0.723,0.653,0.67,0.622,0.521,0.463,0.6,0.491,0.547,0.497,0.507,0.501,0.602,0.716,0.673,0.649,0.606,0.456,0.469,0.578,45.764,56.247,58.076,51.541,50.313,30.897,8.437,7.121,17.664,36.584,32.427,59.024,37.841,73.994,50.296,58.39,58.932,35.644,27.62,11.93,7.204,24.105,29.637,52.615,69.192,41.632,58.697,61.105,59.462,48.675,34.92,33.289,5.941,17.805,15.328,25.659,48.902,54.921,38.723,50.072,44.787,62.14,64.388,68.975,35.403,6.605,15.951,25.661,31.042,62.289,58.888,43.851,1.614,2.781,1.889,1.321,1.397,0.769,0.039,0.074,0.098,1.33,0.271,5.084,1.389,5.319,3.067,2.868,0.949,0.174,0.552,0.028,0.001,0.085,1.321,1.563,5.411,1.779,2.739,3.362,2.484,0.555,0.232,0.664,0.079,0.334,0.051,0.088,2.233,2.122,1.245,3.495,0.547,2.365,2.215,1.371,1.545,0.127,0.05,0.643,0.156,4.489,2.833,1.653
37.67,27.33,9.072,11.067,15.478,20.95,24.062,26.538,29.166,26.071,20.317,13.724,10.795,6.857,17.84,7.042,12.312,15.013,19.088,26.625,26.793,28.35,25.8,20.422,14.794,9.515,6.285,17.67,8.041,10.222,15.137,20.736,25.776,26.497,29.397,24.225,20.829,15.154,9.335,7.064,17.701,8.34,12.172,14.849,18.336,20.579,25.462,29.102,25.137,20.191,14.701,8.279,7.051,17.018,0.556,0.511,0.542,0.592,0.604,0.637,0.723,0.714,0.664,0.581,0.611,0.462,0.618,0.426,0.567,0.524,0.54,0.672,0.645,0.701,0.707,0.666,0.626,0.538,0.426,0.611,0.491,0.474,0.532,0.587,0.647,0.637,0.727,0.66,0.679,0.639,0.527,0.476,0.61,0.509,0.565,0.519,0.523,0.517,0.61,0.719,0.684,0.656,0.614,0.466,0.476,0.589,41.337,53.858,55.59,49.868,46.984,27.573,6.538,6.329,15.216,34.646,28.683,55.548,35.18,72.11,46.781,55.474,57.044,33.458,24.989,10.237,6.713,20.556,25.435,50.858,67.249,39.244,56.682,59.618,55.544,47.191,33.715,30.174,5.147,15.463,13.341,21.816,46.082,51.637,36.366,46.17,40.585,58.566,61.68,66.464,33.064,6.135,13.062,23.319,28.18,59.807,56.718,41.147,1.834,2.938,2.064,1.204,1.158,0.632,0.031,0.096,0.108,1.37,0.366,5.3,1.424,5.122,2.797,2.648,0.779,0.127,0.415,0.029,0.002,0.103,1.349,1.449,5.703,1.711,3.636,3.393,2.78,0.468,0.228,0.651,0.043,0.329,0.046,0.176,2.477,2.096,1.36,3.473,0.622,2.105,1.945,1.477,1.35,0.136,0.048,0.894,0.151,4.34,3.075,1.634
38.33,28.0,8.67,10.404,15.09,20.363,23.144,25.738,28.949,26.006,20.07,13.691,10.637,6.799,17.466,7.112,12.01,13.942,18.624,26.209,25.483,27.879,25.719,19.665,14.717,9.479,6.173,17.253,7.759,9.862,14.209,20.249,25.181,25.304,29.298,23.8,20.582,14.446,9.34,6.856,17.242,8.077,11.752,13.647,16.921,19.404,24.572,28.875,24.823,19.972,14.415,7.981,7.101,16.462,0.539,0.483,0.531,0.577,0.58,0.617,0.719,0.713,0.657,0.585,0.61,0.465,0.604,0.44,0.558,0.491,0.529,0.661,0.614,0.692,0.707,0.643,0.625,0.542,0.426,0.6,0.48,0.462,0.502,0.577,0.633,0.611,0.725,0.65,0.672,0.613,0.535,0.468,0.595,0.501,0.549,0.479,0.48,0.488,0.588,0.715,0.678,0.652,0.606,0.453,0.488,0.572,46.282,60.843,59.814,53.784,51.743,35.104,10.26,8.246,18.589,37.178,31.338,59.79,39.416,75.344,50.539,61.931,61.641,36.238,32.292,13.597,7.173,27.169,28.307,50.859,69.185,42.858,61.213,63.671,61.238,50.415,38.457,39.233,6.205,20.979,15.413,27.645,50.214,55.957,40.886,51.797,46.253,66.018,68.82,72.537,39.819,7.773,16.646,25.942,32.856,64.099,58.364,45.91,1.943,3.109,1.75,1.392,1.546,0.817,0.074,0.122,0.302,1.414,0.415,3.893,1.4,4.77,2.173,2.937,0.839,0.226,0.681,0.065,0.001,0.158,1.388,1.876,5.782,1.74,3.46,3.958,1.984,0.769,0.37,1.417,0.099,0.479,0.092,0.233,2.325,2.236,1.454,4.016,0.659,2.348,2.409,2.688,2.101,0.278,0.099,0.719,0.217,4.807,2.849,1.933
37.67,28.0,9.046,10.568,15.478,20.638,23.472,26.162,29.134,26.043,20.346,13.938,10.943,6.978,17.731,7.21,12.447,14.42,19.133,26.654,25.873,28.155,25.858,20.016,15.04,9.697,6.364,17.574,7.884,10.137,14.728,20.574,25.204,25.707,29.433,24.005,20.905,14.857,9.5,7.116,17.505,8.389,12.216,14.208,17.369,19.856,24.775,29.032,25.154,20.176,14.68,8.245,7.267,16.781,0.555,0.486,0.543,0.584,0.588,0.626,0.723,0.713,0.664,0.593,0.622,0.47,0.612,0.44,0.574,0.506,0.543,0.672,0.623,0.698,0.709,0.653,0.635,0.548,0.433,0.609,0.482,0.471,0.518,0.585,0.633,0.62,0.728,0.655,0.68,0.626,0.538,0.48,0.603,0.515,0.566,0.496,0.492,0.499,0.593,0.719,0.686,0.656,0.613,0.463,0.492,0.58,42.729,59.113,58.057,52.825,48.955,32.36,8.617,7.78,16.53,35.453,28.808,57.268,37.376,74.096,47.604,59.505,59.689,34.107,30.058,12.115,6.623,24.047,25.404,49.722,67.746,40.895,59.305,62.705,58.332,48.959,37.777,36.559,5.493,19.447,13.637,24.704,48.083,53.346,39.028,48.941,42.481,63.367,66.988,70.651,38.065,6.877,14.178,24.362,30.72,61.824,56.803,43.771,2.139,3.38,1.891,1.33,1.388,0.703,0.058,0.141,0.304,1.461,0.523,4.443,1.482,4.733,1.914,2.793,0.64,0.175,0.524,0.062,0.001,0.169,1.433,1.872,6.51,1.734,4.519,4.145,2.335,0.674,0.356,1.391,0.041,0.447,0.079,0.353,2.594,2.337,1.608,4.194,0.699,2.268,2.232,2.771,1.908,0.278,0.092,0.829,0.206,4.875,3.236,1.966
38.0,28.33,8.903,10.441,15.385,20.538,23.242,25.954,29.116,26.08,20.32,13.878,10.867,6.963,17.643,7.226,12.315,14.176,18.908,26.479,25.584,28.033,25.81,19.793,15.011,9.654,6.295,17.442,7.808,10.021,14.519,20.419,25.076,25.389,29.392,23.954,20.825,14.692,9.494,7.026,17.387,8.293,12.091,13.909,17.039,19.657,24.615,28.932,25.067,20.143,14.59,8.131,7.25,16.643,0.55,0.482,0.54,0.581,0.582,0.622,0.724,0.715,0.663,0.592,0.621,0.473,0.609,0.444,0.57,0.499,0.537,0.668,0.616,0.696,0.709,0.646,0.635,0.549,0.432,0.606,0.48,0.468,0.513,0.582,0.63,0.614,0.728,0.654,0.678,0.621,0.541,0.478,0.599,0.513,0.562,0.487,0.482,0.495,0.589,0.717,0.685,0.657,0.611,0.459,0.495,0.576,43.99,60.538,59.31,53.572,50.804,34.553,9.291,8.035,17.067,36.166,29.341,58.241,38.411,75.2,48.858,61.229,61.002,35.212,32.092,12.959,6.895,25.996,25.936,49.573,68.452,41.952,60.627,63.632,59.728,50.322,39.098,38.837,5.694,20.419,14.003,25.893,49.149,54.413,40.15,50.234,43.997,65.197,68.788,72.144,39.655,7.557,15.272,24.978,31.871,63.386,57.375,45.037,2.053,3.208,1.819,1.385,1.547,0.752,0.068,0.147,0.378,1.416,0.465,3.875,1.428,4.567,1.828,2.864,0.671,0.201,0.614,0.066,0.001,0.164,1.41,1.876,6.064,1.692,3.924,4.073,2.09,0.759,0.407,1.626,0.051,0.431,0.092,0.284,2.392,2.295,1.538,4.141,0.675,2.314,2.359,3.076,2.185,0.319,0.113,0.783,0.204,4.701,2.921,1.983
38.0,27.67,8.928,10.555,15.398,20.575,23.37,25.99,29.164,26.108,20.33,13.767,10.837,6.871,17.66,7.181,12.253,14.277,18.934,26.491,25.839,28.117,25.81,19.948,14.934,9.595,6.239,17.47,7.852,9.952,14.633,20.412,25.26,25.655,29.407,24.036,20.799,14.784,9.402,6.954,17.431,8.23,12.088,14.085,17.244,19.816,24.802,28.996,25.061,20.126,14.562,8.131,7.194,16.695,0.552,0.488,0.542,0.582,0.585,0.622,0.725,0.716,0.664,0.587,0.619,0.466,0.61,0.441,0.566,0.502,0.537,0.668,0.622,0.697,0.709,0.651,0.632,0.545,0.429,0.607,0.483,0.465,0.517,0.581,0.634,0.619,0.728,0.656,0.677,0.626,0.535,0.472,0.601,0.508,0.563,0.492,0.488,0.498,0.593,0.718,0.684,0.656,0.61,0.459,0.491,0.579,43.269,59.088,58.638,52.835,50.379,32.837,8.229,7.258,16.445,36.126,29.35,58.342,37.735,74.716,48.946,60.32,59.991,34.876,30.128,12.003,6.278,24.733,26.002,50.311,68.606,41.412,59.54,62.994,58.93,49.653,37.624,36.784,5.184,18.952,13.835,25.026,48.937,54.446,39.324,50.015,43.363,63.909,67.377,71.224,37.988,6.74,14.549,24.474,31.251,63.201,57.456,44.296,2.009,3.154,1.904,1.38,1.46,0.736,0.057,0.126,0.29,1.369,0.399,4.277,1.432,4.777,2.195,2.889,0.704,0.193,0.543,0.051,0.001,0.135,1.398,1.766,5.98,1.718,3.722,3.902,2.232,0.69,0.36,1.401,0.041,0.38,0.074,0.22,2.383,2.298,1.478,4.038,0.628,2.299,2.295,2.623,1.987,0.304,0.096,0.774,0.182,4.678,2.957,1.906
38.33,28.33,8.608,10.36,15.003,20.349,23.05,25.697,28.85,25.945,19.982,13.754,10.599,6.848,17.423,7.097,12.004,13.868,18.502,26.137,25.274,27.764,25.691,19.521,14.706,9.49,6.207,17.19,7.743,9.957,14.1,20.251,25.083,25.086,29.26,23.674,20.537,14.342,9.39,6.906,17.195,8.123,11.671,13.49,16.799,19.239,24.448,28.801,24.783,19.956,14.414,7.943,7.096,16.397,0.535,0.482,0.527,0.578,0.578,0.616,0.716,0.711,0.654,0.588,0.608,0.469,0.603,0.439,0.558,0.488,0.527,0.659,0.609,0.689,0.706,0.639,0.625,0.543,0.429,0.597,0.478,0.466,0.498,0.577,0.631,0.605,0.724,0.647,0.67,0.608,0.538,0.473,0.594,0.504,0.545,0.474,0.477,0.484,0.586,0.713,0.676,0.651,0.606,0.451,0.488,0.569,47.597,61.854,60.445,54.266,52.127,36.422,11.377,9.001,19.478,37.431,31.827,59.817,40.138,75.686,50.738,62.576,62.692,36.76,33.938,14.65,8.016,28.352,28.72,50.656,69.224,43.502,62.289,64.006,62.144,50.94,39.367,40.722,6.844,22.304,16.01,28.668,50.365,56.134,41.649,51.652,47.357,66.998,69.814,73.141,41.115,8.587,17.626,26.58,33.473,64.275,58.67,46.608,1.924,3.077,1.679,1.374,1.594,0.853,0.083,0.133,0.344,1.461,0.462,3.625,1.385,4.653,2.038,2.899,0.854,0.228,0.776,0.082,0.001,0.188,1.364,1.913,5.67,1.721,3.452,3.965,1.963,0.805,0.393,1.475,0.126,0.539,0.106,0.284,2.274,2.178,1.465,3.931,0.696,2.317,2.424,2.855,2.174,0.249,0.106,0.715,0.241,4.775,2.758,1.937
38.33,27.67,8.605,10.483,14.999,20.359,23.231,25.741,28.897,25.972,19.982,13.609,10.529,6.708,17.428,7.035,11.931,13.999,18.557,26.156,25.624,27.881,25.689,19.718,14.567,9.397,6.133,17.225,7.794,9.855,14.195,20.262,25.305,25.416,29.277,23.77,20.508,14.42,9.26,6.815,17.24,8.017,11.682,13.688,17.051,19.419,24.662,28.895,24.727,19.912,14.373,7.959,7.013,16.45,0.535,0.488,0.528,0.577,0.583,0.617,0.717,0.712,0.654,0.581,0.604,0.459,0.604,0.434,0.554,0.493,0.528,0.659,0.617,0.691,0.706,0.645,0.619,0.538,0.423,0.599,0.482,0.461,0.501,0.577,0.636,0.613,0.724,0.649,0.67,0.612,0.53,0.466,0.596,0.497,0.546,0.481,0.485,0.489,0.591,0.715,0.675,0.65,0.605,0.452,0.482,0.572,46.905,60.102,59.683,53.502,51.561,34.363,10.234,8.155,18.923,37.417,32.264,60.14,39.438,75.173,50.918,61.418,61.293,36.291,31.369,13.427,7.275,26.763,29.283,51.766,69.438,42.87,60.97,63.224,61.344,50.024,37.619,38.089,6.271,20.623,15.771,27.819,50.321,56.221,40.69,51.76,46.498,65.562,68.13,71.996,39.035,7.444,16.985,26.205,32.82,63.933,58.85,45.769,1.85,3.026,1.767,1.377,1.501,0.819,0.066,0.107,0.236,1.397,0.382,4.204,1.396,4.942,2.465,2.937,0.887,0.213,0.663,0.057,0.001,0.141,1.358,1.81,5.682,1.762,3.249,3.812,2.123,0.715,0.329,1.183,0.101,0.451,0.081,0.205,2.303,2.209,1.398,3.875,0.632,2.353,2.362,2.291,1.936,0.225,0.084,0.689,0.206,4.767,2.85,1.856
37.67,28.33,9.016,10.533,15.428,20.626,23.436,26.17,29.055,25.973,20.301,14.035,10.927,7.039,17.713,7.21,12.499,14.409,19.11,26.649,25.734,28.087,25.854,19.92,15.05,9.736,6.43,17.559,7.878,10.267,14.629,20.636,25.095,25.532,29.415,23.905,20.916,14.79,9.57,7.216,17.488,8.467,12.197,14.112,17.307,19.711,24.655,28.994,25.132,20.179,14.71,8.266,7.283,16.752,0.552,0.485,0.54,0.584,0.588,0.627,0.721,0.71,0.662,0.596,0.62,0.475,0.611,0.44,0.576,0.505,0.543,0.672,0.62,0.696,0.708,0.649,0.635,0.55,0.437,0.607,0.481,0.476,0.514,0.586,0.63,0.616,0.728,0.652,0.68,0.622,0.541,0.487,0.603,0.519,0.564,0.494,0.49,0.496,0.591,0.718,0.685,0.656,0.615,0.464,0.492,0.579,43.692,59.996,58.607,53.375,48.981,33.368,9.574,8.575,17.137,35.521,29.254,57.17,37.939,74.366,47.482,59.862,60.408,34.344,31.365,12.928,7.321,24.777,25.723,49.464,67.571,41.302,60.157,63.014,59.129,49.231,38.715,37.73,6.051,20.619,13.935,25.525,48.033,53.223,39.613,48.65,43.117,64.159,67.832,71.076,39.181,7.466,14.969,24.915,31.173,61.528,56.96,44.252,2.144,3.384,1.825,1.318,1.422,0.714,0.064,0.154,0.34,1.498,0.595,4.319,1.482,4.638,1.752,2.746,0.623,0.165,0.589,0.072,0.001,0.191,1.412,1.942,6.581,1.725,4.686,4.197,2.357,0.694,0.372,1.426,0.052,0.477,0.089,0.435,2.598,2.347,1.646,4.186,0.733,2.256,2.245,2.92,1.956,0.241,0.096,0.807,0.232,4.894,3.23,1.983
37.67,27.67,9.066,10.697,15.465,20.724,23.626,26.256,29.116,26.03,20.316,13.9,10.912,6.944,17.755,7.16,12.433,14.574,19.114,26.66,26.091,28.197,25.848,20.132,14.977,9.664,6.365,17.603,7.946,10.181,14.847,20.628,25.355,25.905,29.431,24.035,20.884,14.925,9.462,7.111,17.56,8.396,12.207,14.368,17.596,19.995,24.941,29.065,25.141,20.181,14.689,8.253,7.216,16.838,0.556,0.493,0.542,0.586,0.592,0.629,0.722,0.713,0.663,0.59,0.619,0.468,0.613,0.435,0.573,0.511,0.542,0.672,0.629,0.698,0.708,0.657,0.632,0.546,0.432,0.609,0.485,0.472,0.522,0.585,0.637,0.624,0.728,0.655,0.679,0.629,0.535,0.479,0.605,0.514,0.566,0.502,0.499,0.502,0.598,0.719,0.685,0.656,0.613,0.464,0.487,0.582,42.531,57.883,57.386,52.104,48.205,31.036,8.251,7.467,16.378,35.311,28.896,56.903,36.863,73.484,47.343,58.441,59.064,33.824,28.675,11.665,6.656,23.058,25.449,50.174,67.595,40.454,58.699,61.882,57.598,48.306,36.584,34.884,5.417,18.572,13.65,24.111,47.604,52.987,38.357,48.094,42.05,62.194,65.724,69.624,36.814,6.54,13.998,24.081,30.119,61.274,56.837,43.113,2.079,3.297,1.936,1.289,1.302,0.686,0.051,0.13,0.24,1.451,0.497,4.713,1.473,4.851,2.172,2.755,0.668,0.158,0.495,0.055,0.001,0.156,1.406,1.766,6.356,1.736,4.382,3.974,2.506,0.613,0.316,1.161,0.044,0.428,0.07,0.327,2.597,2.278,1.559,4.006,0.689,2.209,2.133,2.393,1.721,0.229,0.078,0.864,0.194,4.772,3.238,1.877
38.33,29.0,8.595,10.213,14.978,20.419,22.857,25.762,28.76,25.85,19.991,14.096,10.628,7.143,17.443,7.092,12.214,13.906,18.311,26.117,24.721,27.557,25.682,19.134,14.944,9.669,6.418,17.148,7.68,10.303,14.001,20.422,24.61,24.45,29.209,23.524,20.65,14.152,9.708,7.184,17.158,8.475,11.718,13.202,16.567,19.011,24.081,28.617,24.922,20.098,14.551,7.995,7.203,16.37,0.531,0.477,0.522,0.581,0.575,0.62,0.714,0.707,0.653,0.601,0.607,0.49,0.604,0.44,0.57,0.488,0.523,0.659,0.594,0.683,0.706,0.625,0.636,0.552,0.441,0.594,0.474,0.481,0.493,0.581,0.62,0.589,0.724,0.644,0.672,0.598,0.554,0.495,0.594,0.526,0.546,0.467,0.47,0.48,0.578,0.707,0.678,0.654,0.613,0.455,0.495,0.566,51.08,65.092,62.919,55.908,52.852,40.668,13.695,11.328,20.542,37.625,32.251,58.836,41.901,76.893,49.985,64.42,65.93,37.622,39.384,17.582,10.502,31.566,27.96,48.924,68.676,44.952,65.465,65.517,64.235,52.957,43.173,45.679,8.641,26.109,16.408,31.171,49.872,55.82,43.753,49.721,49.475,69.672,73.431,74.932,45.66,10.923,19.306,27.81,34.91,64.444,58.953,48.27,1.89,2.895,1.503,1.282,1.869,0.991,0.098,0.218,0.538,1.577,0.59,2.654,1.339,3.913,1.255,2.643,0.709,0.222,1.216,0.15,0.004,0.326,1.183,1.92,5.107,1.553,3.394,3.893,1.985,0.884,0.554,1.957,0.139,0.612,0.146,0.458,1.945,1.936,1.494,3.537,0.745,2.234,2.388,3.9,2.512,0.2,0.152,0.763,0.277,4.128,2.298,1.927
37.67,29.0,8.866,10.303,15.289,20.563,23.202,26.134,28.911,25.845,20.273,14.317,10.855,7.263,17.653,7.186,12.602,14.35,18.861,26.526,25.155,27.838,25.822,19.47,15.184,9.873,6.59,17.455,7.782,10.527,14.318,20.762,24.606,24.791,29.333,23.726,20.981,14.496,9.854,7.48,17.388,8.73,12.155,13.669,16.974,19.266,24.2,28.818,25.129,20.28,14.79,8.299,7.357,16.639,0.541,0.478,0.532,0.584,0.583,0.629,0.717,0.706,0.66,0.607,0.615,0.492,0.61,0.44,0.584,0.502,0.537,0.67,0.604,0.69,0.708,0.634,0.643,0.558,0.447,0.602,0.475,0.488,0.502,0.59,0.619,0.597,0.727,0.649,0.681,0.608,0.557,0.508,0.6,0.536,0.562,0.482,0.48,0.485,0.582,0.712,0.683,0.658,0.62,0.467,0.499,0.573,47.967,63.849,61.687,55.533,50.335,38.317,12.357,11.148,18.514,36.243,30.676,57.273,40.326,76.0,47.602,62.197,63.932,35.765,37.144,16.037,9.741,28.509,26.073,48.008,67.408,43.199,63.782,64.785,62.304,51.434,42.747,43.351,7.974,24.512,14.591,28.926,48.175,53.303,42.156,47.661,46.031,67.766,71.932,73.422,44.125,9.782,17.57,26.619,33.191,61.855,57.588,46.462,2.055,3.103,1.581,1.272,1.741,0.819,0.085,0.233,0.515,1.536,0.723,3.403,1.419,3.996,1.085,2.55,0.519,0.158,1.049,0.118,0.003,0.285,1.205,2.02,5.957,1.577,4.372,4.132,2.236,0.796,0.524,1.83,0.073,0.498,0.128,0.586,2.273,2.244,1.642,3.89,0.753,2.243,2.301,3.861,2.347,0.174,0.133,0.762,0.284,4.29,2.714,1.979
38.0,29.33,8.718,10.211,15.149,20.52,23.043,26.029,28.878,25.889,20.199,14.277,10.759,7.276,17.58,7.125,12.476,14.224,18.534,26.352,24.907,27.717,25.775,19.272,15.16,9.809,6.545,17.325,7.712,10.42,14.188,20.66,24.51,24.554,29.279,23.701,20.89,14.305,9.862,7.376,17.288,8.68,12.036,13.442,16.757,19.204,24.101,28.717,25.075,20.273,14.713,8.179,7.296,16.539,0.535,0.476,0.527,0.584,0.579,0.627,0.718,0.708,0.658,0.607,0.612,0.496,0.608,0.44,0.58,0.498,0.529,0.666,0.598,0.687,0.708,0.628,0.644,0.557,0.447,0.599,0.473,0.485,0.498,0.588,0.617,0.591,0.726,0.649,0.678,0.602,0.56,0.505,0.597,0.536,0.558,0.475,0.474,0.485,0.579,0.71,0.681,0.659,0.618,0.463,0.498,0.569,49.979,64.951,62.969,56.013,51.692,40.22,13.147,11.539,19.321,36.882,31.516,57.703,41.329,76.726,48.523,63.577,65.481,36.587,39.099,17.07,10.485,30.457,26.455,48.042,67.881,44.196,65.244,65.484,63.441,52.657,43.789,45.296,8.554,25.614,15.121,30.314,48.876,54.249,43.219,48.119,47.736,69.116,73.478,74.489,45.721,10.629,18.745,27.285,34.229,63.264,58.294,47.592,1.893,2.896,1.522,1.267,1.914,0.901,0.093,0.261,0.578,1.539,0.632,2.717,1.348,3.728,1.0,2.537,0.545,0.181,1.255,0.138,0.003,0.313,1.143,1.867,5.207,1.492,3.627,3.963,2.132,0.86,0.592,2.028,0.085,0.517,0.143,0.485,1.96,1.956,1.531,3.596,0.723,2.222,2.33,4.158,2.573,0.182,0.155,0.807,0.254,3.832,2.301,1.926
38.0,28.67,8.796,10.284,15.227,20.572,23.069,26.009,28.919,25.941,20.214,14.205,10.834,7.204,17.608,7.203,12.475,14.189,18.639,26.404,25.066,27.802,25.781,19.417,15.133,9.779,6.493,17.366,7.773,10.373,14.335,20.594,24.681,24.707,29.323,23.719,20.874,14.451,9.768,7.306,17.326,8.579,12.092,13.536,16.763,19.3,24.226,28.754,25.043,20.236,14.704,8.137,7.281,16.555,0.54,0.479,0.53,0.585,0.58,0.626,0.719,0.709,0.659,0.604,0.616,0.491,0.608,0.444,0.58,0.497,0.531,0.667,0.602,0.689,0.708,0.633,0.642,0.556,0.444,0.6,0.477,0.483,0.504,0.586,0.621,0.595,0.728,0.649,0.678,0.608,0.554,0.5,0.598,0.531,0.561,0.478,0.474,0.487,0.581,0.711,0.681,0.657,0.617,0.46,0.498,0.571,47.568,63.888,61.707,55.329,51.543,38.938,12.361,10.57,18.892,36.519,30.363,57.651,40.446,76.654,48.678,62.98,64.23,36.215,37.383,15.926,9.554,29.198,26.172,48.371,68.21,43.629,64.179,64.885,62.173,52.234,42.761,43.604,7.602,24.343,14.734,28.674,49.128,54.079,42.365,48.737,46.283,68.341,72.444,74.002,44.014,9.922,18.246,26.738,33.499,63.516,58.106,46.988,1.934,3.019,1.609,1.323,1.791,0.823,0.091,0.218,0.568,1.512,0.613,3.016,1.374,3.991,1.198,2.666,0.579,0.172,0.965,0.111,0.002,0.257,1.276,1.927,5.605,1.561,3.837,4.071,2.14,0.857,0.521,1.937,0.074,0.511,0.13,0.432,2.146,2.108,1.566,3.85,0.747,2.229,2.364,3.918,2.529,0.213,0.147,0.784,0.243,4.187,2.499,1.974
38.33,29.33,8.526,10.165,14.892,20.329,22.823,25.714,28.732,25.799,19.952,14.087,10.529,7.155,17.393,7.004,12.133,13.871,18.221,26.031,24.592,27.472,25.661,19.005,14.909,9.657,6.427,17.082,7.603,10.275,13.824,20.416,24.503,24.385,29.157,23.507,20.614,13.99,9.733,7.171,17.098,8.502,11.573,13.114,16.591,18.938,24.005,28.582,24.956,20.082,14.507,8.015,7.202,16.339,0.527,0.476,0.52,0.579,0.574,0.618,0.713,0.706,0.652,0.601,0.603,0.492,0.603,0.435,0.566,0.487,0.52,0.657,0.591,0.68,0.705,0.622,0.635,0.552,0.442,0.593,0.47,0.48,0.486,0.581,0.617,0.587,0.722,0.644,0.671,0.592,0.556,0.494,0.592,0.527,0.54,0.464,0.471,0.477,0.577,0.706,0.679,0.654,0.613,0.456,0.495,0.565,53.522,65.714,63.865,56.351,53.023,41.371,14.089,11.942,20.937,38.088,33.496,59.194,42.634,76.656,50.029,64.957,66.833,38.029,40.39,18.468,11.04,32.642,28.554,48.952,68.379,45.409,65.975,66.022,65.397,53.09,43.493,46.825,9.428,27.061,16.995,32.796,49.7,56.531,44.442,49.66,51.155,70.013,73.835,75.173,46.787,11.348,19.213,28.186,35.576,64.264,59.101,48.692,1.899,2.819,1.44,1.222,1.946,1.118,0.095,0.244,0.5,1.619,0.585,2.487,1.328,3.74,1.165,2.539,0.722,0.25,1.486,0.183,0.006,0.396,1.059,1.877,4.776,1.515,3.224,3.757,1.938,0.863,0.609,2.01,0.157,0.635,0.152,0.516,1.782,1.794,1.455,3.281,0.709,2.248,2.346,3.991,2.456,0.194,0.156,0.783,0.291,3.913,2.187,1.88
38.33,28.67,8.576,10.221,14.946,20.353,22.858,25.689,28.762,25.855,19.955,13.988,10.603,7.052,17.407,7.084,12.107,13.819,18.335,26.077,24.796,27.572,25.674,19.192,14.858,9.612,6.347,17.124,7.672,10.182,13.957,20.333,24.723,24.574,29.206,23.53,20.584,14.157,9.611,7.09,17.135,8.358,11.634,13.21,16.577,18.994,24.137,28.65,24.872,20.034,14.488,7.961,7.171,16.341,0.531,0.477,0.522,0.579,0.574,0.617,0.714,0.707,0.652,0.597,0.607,0.484,0.603,0.44,0.564,0.486,0.523,0.658,0.596,0.684,0.705,0.628,0.632,0.55,0.437,0.594,0.473,0.476,0.492,0.579,0.622,0.592,0.724,0.644,0.671,0.599,0.55,0.488,0.593,0.519,0.542,0.466,0.47,0.479,0.58,0.708,0.677,0.652,0.611,0.453,0.493,0.566,50.564,64.538,62.411,55.616,52.861,39.798,13.251,10.803,20.468,37.751,32.325,59.388,41.649,76.589,50.43,64.229,65.318,37.61,38.234,17.021,9.833,31.069,28.427,49.426,68.891,44.756,64.741,65.285,64.038,52.49,42.186,44.794,8.277,25.345,16.59,30.916,50.135,56.229,43.418,50.546,49.453,69.228,72.6,74.682,44.724,10.428,18.91,27.591,34.751,64.518,58.933,48.03,1.927,2.967,1.531,1.306,1.796,0.982,0.097,0.193,0.475,1.558,0.566,2.887,1.355,4.123,1.469,2.722,0.776,0.236,1.133,0.138,0.003,0.301,1.226,1.952,5.265,1.611,3.433,3.928,1.924,0.873,0.514,1.835,0.151,0.623,0.137,0.429,2.033,2.015,1.493,3.654,0.736,2.259,2.416,3.629,2.416,0.218,0.139,0.735,0.281,4.379,2.434,1.941
37.67,29.33,8.808,10.237,15.239,20.473,23.209,26.133,28.896,25.787,20.273,14.328,10.778,7.274,17.621,7.102,12.561,14.375,18.847,26.479,25.1,27.785,25.818,19.394,15.174,9.89,6.596,17.427,7.722,10.502,14.188,20.797,24.504,24.767,29.291,23.741,20.986,14.39,9.895,7.517,17.358,8.782,12.081,13.628,17.038,19.176,24.125,28.826,25.165,20.289,14.783,8.36,7.378,16.636,0.537,0.475,0.531,0.581,0.583,0.628,0.717,0.705,0.66,0.607,0.611,0.492,0.609,0.434,0.581,0.503,0.537,0.668,0.603,0.688,0.707,0.632,0.642,0.558,0.447,0.602,0.471,0.486,0.497,0.59,0.617,0.596,0.725,0.649,0.681,0.604,0.559,0.51,0.599,0.538,0.559,0.48,0.482,0.483,0.58,0.712,0.684,0.659,0.62,0.47,0.499,0.573,49.896,64.416,62.486,55.947,50.202,38.741,12.588,11.743,18.597,36.622,31.748,57.646,40.888,75.699,47.475,62.396,64.562,36.007,37.827,16.69,10.14,29.126,26.497,47.877,67.129,43.45,64.056,65.128,63.244,51.36,42.951,44.22,8.633,25.043,14.969,30.253,47.872,53.51,42.603,47.307,47.189,67.979,72.143,73.527,45.035,9.995,17.372,26.84,33.592,61.347,57.531,46.654,2.08,3.04,1.519,1.216,1.801,0.887,0.082,0.262,0.465,1.544,0.743,3.429,1.419,3.891,1.008,2.446,0.51,0.176,1.296,0.138,0.005,0.33,1.077,2.005,5.739,1.55,4.291,4.056,2.184,0.768,0.569,1.822,0.088,0.495,0.133,0.641,2.186,2.208,1.621,3.735,0.714,2.274,2.264,3.919,2.272,0.159,0.129,0.762,0.306,4.099,2.651,1.94
37.67,28.67,8.917,10.345,15.324,20.547,23.247,26.127,28.946,25.858,20.273,14.251,10.881,7.202,17.662,7.192,12.573,14.337,18.97,26.568,25.278,27.897,25.836,19.582,15.149,9.847,6.552,17.482,7.793,10.458,14.367,20.725,24.717,24.982,29.355,23.754,20.964,14.564,9.779,7.421,17.407,8.666,12.149,13.771,17.055,19.341,24.288,28.87,25.144,20.24,14.769,8.305,7.35,16.663,0.545,0.478,0.534,0.583,0.584,0.628,0.718,0.706,0.66,0.604,0.617,0.487,0.61,0.44,0.581,0.502,0.54,0.67,0.608,0.692,0.708,0.638,0.64,0.556,0.444,0.604,0.475,0.484,0.504,0.589,0.622,0.601,0.727,0.649,0.68,0.611,0.552,0.503,0.6,0.532,0.562,0.484,0.482,0.487,0.583,0.714,0.684,0.657,0.618,0.466,0.498,0.574,46.937,63.002,60.908,55.094,49.898,36.997,11.635,10.558,18.175,36.068,30.354,57.355,39.749,75.515,47.536,61.654,63.011,35.363,35.682,15.276,9.021,27.549,26.079,48.398,67.399,42.706,62.746,64.448,61.626,50.757,41.704,42.021,7.51,23.645,14.519,28.208,48.103,53.385,41.555,48.037,45.406,66.87,70.854,72.868,42.944,9.148,16.698,26.192,32.715,61.62,57.366,45.893,2.128,3.244,1.64,1.282,1.644,0.806,0.079,0.211,0.457,1.543,0.714,3.722,1.454,4.19,1.236,2.601,0.549,0.165,0.939,0.111,0.002,0.273,1.261,2.046,6.267,1.635,4.627,4.202,2.26,0.765,0.483,1.723,0.073,0.514,0.117,0.583,2.395,2.312,1.673,4.024,0.753,2.258,2.293,3.623,2.212,0.196,0.122,0.756,0.283,4.562,2.928,2.001
38.33,30.0,8.31,9.942,14.786,20.12,23.008,25.908,28.837,25.704,20.06,14.225,10.315,7.329,17.38,6.798,12.103,14.08,18.146,25.978,24.365,27.395,25.647,18.756,15.064,9.751,6.586,17.056,7.329,10.223,13.468,20.63,24.076,24.308,29.015,23.718,20.76,13.539,9.958,7.245,17.021,8.796,11.347,13.173,16.918,19.12,23.849,28.588,25.241,20.23,14.498,8.286,7.319,16.446,0.514,0.467,0.519,0.572,0.579,0.623,0.715,0.706,0.655,0.607,0.59,0.502,0.606,0.422,0.563,0.496,0.518,0.655,0.586,0.677,0.704,0.616,0.641,0.558,0.451,0.594,0.454,0.477,0.474,0.585,0.606,0.585,0.717,0.651,0.675,0.574,0.57,0.498,0.589,0.543,0.531,0.465,0.48,0.481,0.574,0.705,0.687,0.661,0.616,0.473,0.501,0.568,60.308,67.375,66.434,57.302,51.873,42.507,13.88,13.797,20.06,38.193,36.409,58.528,43.892,74.738,48.304,65.355,69.03,37.663,43.23,20.342,12.52,34.519,28.204,47.302,66.075,45.605,67.001,67.926,68.114,52.861,44.702,49.828,11.921,28.502,17.281,36.946,47.354,57.1,45.795,47.518,54.79,69.9,74.627,74.446,49.856,12.219,17.786,28.058,36.552,61.885,58.222,48.819,1.902,2.518,1.259,1.027,2.286,1.399,0.082,0.364,0.414,1.618,0.564,1.808,1.269,2.923,0.665,2.128,0.614,0.299,2.391,0.298,0.02,0.594,0.607,1.592,3.536,1.305,2.687,3.367,1.864,0.763,0.82,2.233,0.158,0.574,0.178,0.648,1.185,1.265,1.312,2.456,0.552,2.278,2.168,4.498,2.39,0.177,0.167,0.882,0.297,2.748,1.715,1.695
37.67,30.0,8.459,9.934,14.994,20.172,23.319,26.244,28.96,25.712,20.321,14.406,10.477,7.391,17.533,6.86,12.393,14.456,18.65,26.315,24.781,27.625,25.766,19.073,15.266,9.938,6.657,17.315,7.452,10.349,13.746,20.934,24.081,24.571,29.115,23.909,21.051,13.883,10.078,7.549,17.225,9.007,11.779,13.517,17.223,19.161,23.896,28.816,25.356,20.39,14.736,8.553,7.467,16.657,0.517,0.463,0.524,0.573,0.587,0.631,0.718,0.705,0.661,0.61,0.594,0.5,0.609,0.42,0.572,0.507,0.532,0.662,0.597,0.682,0.706,0.623,0.646,0.562,0.45,0.6,0.456,0.479,0.481,0.592,0.606,0.592,0.719,0.655,0.682,0.585,0.571,0.512,0.594,0.55,0.546,0.475,0.488,0.482,0.575,0.71,0.689,0.664,0.622,0.483,0.505,0.573,57.525,66.539,65.441,56.908,49.495,40.293,12.735,13.516,18.174,37.102,35.184,57.537,42.541,73.897,46.723,63.202,67.101,36.049,41.043,18.924,11.793,31.592,26.662,46.228,65.489,44.055,65.537,67.117,66.772,51.306,44.071,47.656,11.104,26.344,15.833,34.932,46.058,53.915,44.22,45.424,51.379,68.515,73.118,73.235,48.383,10.998,16.595,26.917,34.734,59.455,56.725,47.121,2.087,2.705,1.317,1.034,2.205,1.121,0.076,0.381,0.366,1.511,0.726,2.815,1.36,3.231,0.631,2.099,0.458,0.236,2.225,0.243,0.019,0.488,0.616,1.734,4.306,1.356,3.544,3.735,1.987,0.701,0.772,1.969,0.118,0.45,0.17,0.691,1.618,1.753,1.459,2.968,0.563,2.353,2.153,4.393,2.236,0.139,0.132,0.825,0.332,2.913,2.111,1.761
38.0,30.33,8.313,9.871,14.862,20.104,23.23,26.185,28.962,25.751,20.242,14.364,10.363,7.438,17.474,6.795,12.265,14.358,18.365,26.156,24.519,27.536,25.726,18.908,15.255,9.881,6.683,17.204,7.323,10.27,13.478,20.848,23.969,24.45,29.043,23.919,20.969,13.608,10.087,7.417,17.113,8.982,11.515,13.422,17.128,19.232,23.834,28.739,25.377,20.38,14.619,8.503,7.431,16.595,0.511,0.462,0.521,0.571,0.585,0.63,0.718,0.707,0.659,0.61,0.59,0.506,0.608,0.42,0.568,0.505,0.524,0.658,0.591,0.68,0.706,0.62,0.648,0.562,0.455,0.598,0.451,0.478,0.474,0.591,0.604,0.589,0.718,0.656,0.681,0.576,0.575,0.507,0.591,0.552,0.537,0.472,0.486,0.484,0.574,0.709,0.69,0.666,0.619,0.482,0.505,0.572,60.127,67.109,66.462,57.138,50.199,41.277,12.961,13.8,18.498,37.297,36.312,57.33,43.213,73.416,46.894,64.065,68.428,36.434,42.678,19.743,12.355,33.165,26.836,45.981,64.858,44.568,66.384,68.151,68.075,51.761,44.713,49.168,11.964,27.186,16.297,36.548,45.84,55.094,45.098,45.647,53.499,68.906,74.057,73.533,49.73,11.648,16.824,27.2,35.614,59.795,57.021,47.786,1.93,2.542,1.269,1.018,2.336,1.252,0.08,0.414,0.379,1.524,0.609,1.957,1.275,2.853,0.564,2.048,0.491,0.269,2.501,0.3,0.024,0.55,0.538,1.483,3.564,1.264,2.851,3.502,1.945,0.729,0.847,2.121,0.13,0.482,0.189,0.632,1.194,1.283,1.325,2.557,0.515,2.277,2.149,4.525,2.383,0.159,0.149,0.881,0.294,2.497,1.737,1.678
38.0,29.67,8.406,9.939,14.902,20.183,23.104,26.1,28.908,25.773,20.228,14.334,10.451,7.401,17.478,6.815,12.314,14.309,18.343,26.205,24.576,27.545,25.77,18.948,15.217,9.851,6.619,17.209,7.412,10.264,13.617,20.799,24.062,24.459,29.123,23.845,20.936,13.79,10.05,7.418,17.146,8.894,11.716,13.361,16.969,19.12,23.851,28.73,25.281,20.355,14.635,8.392,7.369,16.554,0.517,0.465,0.522,0.574,0.581,0.628,0.718,0.707,0.659,0.609,0.594,0.504,0.608,0.421,0.571,0.504,0.524,0.66,0.592,0.681,0.707,0.621,0.646,0.56,0.45,0.598,0.456,0.477,0.478,0.589,0.606,0.589,0.72,0.655,0.679,0.583,0.572,0.507,0.592,0.547,0.546,0.471,0.481,0.481,0.574,0.709,0.688,0.665,0.619,0.476,0.501,0.57,57.947,67.039,66.437,57.512,51.267,41.761,13.592,13.645,19.246,37.853,35.762,58.182,43.357,75.112,47.753,64.685,68.213,36.895,42.271,19.486,12.078,33.177,27.197,47.13,66.167,45.01,66.708,67.551,67.284,52.502,45.081,48.913,11.271,27.593,16.227,35.495,47.283,55.31,45.101,46.681,52.535,69.637,74.694,74.696,49.578,11.634,17.869,27.805,35.962,61.424,58.017,48.375,1.887,2.608,1.312,1.083,2.272,1.19,0.086,0.397,0.436,1.563,0.604,2.061,1.289,3.039,0.634,2.154,0.49,0.253,2.282,0.238,0.013,0.494,0.672,1.565,3.888,1.308,2.941,3.586,2.007,0.786,0.811,2.162,0.124,0.499,0.175,0.602,1.344,1.42,1.372,2.785,0.553,2.267,2.203,4.518,2.476,0.154,0.154,0.887,0.281,2.777,1.849,1.743
38.33,30.33,8.269,9.937,14.81,20.117,23.114,25.946,28.867,25.662,20.037,14.228,10.277,7.324,17.383,6.849,12.071,14.077,18.197,25.93,24.35,27.392,25.573,18.747,15.062,9.759,6.631,17.054,7.284,10.268,13.472,20.627,24.088,24.299,28.942,23.728,20.754,13.428,9.941,7.206,17.002,8.831,11.162,13.237,17.05,19.284,23.904,28.561,25.291,20.214,14.477,8.337,7.362,16.475,0.512,0.467,0.52,0.572,0.582,0.624,0.715,0.705,0.655,0.607,0.588,0.502,0.605,0.425,0.562,0.495,0.519,0.653,0.586,0.677,0.702,0.615,0.642,0.56,0.455,0.593,0.452,0.48,0.474,0.586,0.607,0.585,0.715,0.651,0.676,0.569,0.569,0.496,0.589,0.547,0.522,0.467,0.484,0.485,0.576,0.704,0.689,0.661,0.615,0.476,0.505,0.569,61.072,67.115,65.599,56.594,50.994,41.878,13.183,13.662,19.452,37.516,36.059,57.714,43.406,73.422,47.593,64.608,68.807,37.286,43.194,20.257,12.563,34.134,27.872,46.411,65.174,45.109,66.377,68.086,68.017,52.295,43.993,49.53,12.222,27.931,17.311,37.122,46.232,57.169,45.523,46.951,55.174,69.082,73.7,73.07,49.187,12.165,16.844,27.373,35.966,60.748,57.357,48.132,1.959,2.492,1.243,0.984,2.262,1.454,0.076,0.339,0.383,1.585,0.577,1.839,1.265,2.852,0.658,2.086,0.649,0.307,2.402,0.349,0.03,0.64,0.554,1.612,3.464,1.3,2.748,3.303,1.798,0.707,0.809,2.186,0.162,0.571,0.181,0.686,1.157,1.244,1.295,2.328,0.552,2.284,2.12,4.429,2.285,0.189,0.165,0.856,0.31,2.702,1.693,1.661
38.33,29.67,8.358,10.013,14.805,20.183,22.935,25.818,28.785,25.707,20.002,14.184,10.356,7.275,17.37,6.865,12.092,13.978,18.144,25.961,24.378,27.377,25.623,18.779,14.999,9.718,6.54,17.038,7.406,10.269,13.564,20.551,24.189,24.27,29.037,23.613,20.692,13.638,9.889,7.216,17.027,8.713,11.361,13.113,16.81,19.049,23.886,28.55,25.153,20.166,14.49,8.19,7.287,16.397,0.517,0.47,0.519,0.575,0.578,0.621,0.714,0.705,0.654,0.605,0.593,0.499,0.604,0.426,0.563,0.492,0.518,0.655,0.586,0.677,0.703,0.616,0.639,0.556,0.448,0.593,0.459,0.48,0.477,0.584,0.609,0.584,0.718,0.648,0.674,0.578,0.566,0.497,0.59,0.539,0.531,0.463,0.477,0.48,0.575,0.704,0.685,0.658,0.615,0.467,0.5,0.567,58.776,67.04,65.691,57.005,52.306,42.429,14.096,13.378,20.509,38.204,35.609,58.719,43.65,75.302,48.865,65.368,68.577,37.945,42.752,20.075,12.304,34.264,28.447,47.713,66.773,45.697,66.857,67.411,67.494,53.055,44.41,49.219,11.336,28.376,17.418,35.974,48.024,57.13,45.559,48.144,54.096,70.057,74.45,74.62,49.097,12.165,18.248,28.169,36.358,62.631,58.484,48.874,1.923,2.587,1.297,1.069,2.193,1.351,0.085,0.321,0.445,1.633,0.583,1.99,1.288,3.144,0.79,2.237,0.663,0.29,2.136,0.275,0.017,0.555,0.724,1.709,3.862,1.366,2.856,3.45,1.862,0.787,0.759,2.187,0.166,0.605,0.172,0.635,1.356,1.428,1.356,2.64,0.609,2.278,2.213,4.372,2.39,0.182,0.167,0.846,0.307,3.093,1.838,1.746
37.67,30.33,8.407,9.918,14.981,20.144,23.484,26.327,29.008,25.694,20.333,14.438,10.435,7.392,17.547,6.923,12.366,14.471,18.762,26.314,24.806,27.642,25.707,19.095,15.288,9.967,6.701,17.337,7.439,10.408,13.745,20.978,24.087,24.56,29.06,23.937,21.087,13.813,10.075,7.556,17.228,9.068,11.638,13.586,17.373,19.28,23.938,28.821,25.413,20.386,14.75,8.633,7.534,16.701,0.514,0.461,0.523,0.572,0.591,0.633,0.719,0.704,0.661,0.611,0.591,0.5,0.609,0.424,0.571,0.507,0.534,0.662,0.597,0.682,0.704,0.623,0.647,0.564,0.453,0.6,0.455,0.482,0.481,0.594,0.607,0.592,0.718,0.656,0.684,0.581,0.571,0.512,0.594,0.554,0.539,0.477,0.493,0.485,0.577,0.71,0.691,0.664,0.622,0.487,0.509,0.574,58.264,66.155,64.562,56.067,48.133,39.213,11.932,13.232,17.365,36.172,34.823,56.44,41.866,72.281,45.979,62.161,66.523,35.323,40.616,18.693,11.779,30.81,26.127,45.055,64.493,43.318,64.823,67.216,66.861,50.361,43.2,46.942,11.207,25.352,15.752,34.908,44.737,53.179,43.711,44.487,51.261,67.524,71.816,71.67,47.464,10.761,15.568,26.015,33.785,57.809,55.472,46.133,2.216,2.73,1.314,0.996,2.204,1.116,0.07,0.358,0.327,1.465,0.779,3.031,1.383,3.268,0.645,2.078,0.482,0.237,2.203,0.285,0.029,0.507,0.572,1.788,4.33,1.368,3.787,3.781,1.93,0.642,0.748,1.862,0.12,0.435,0.177,0.723,1.691,1.831,1.476,2.944,0.577,2.395,2.126,4.303,2.099,0.146,0.123,0.785,0.362,2.911,2.177,1.747
37.67,29.67,8.564,10.028,15.081,20.267,23.307,26.216,28.932,25.705,20.312,14.402,10.562,7.361,17.562,6.946,12.457,14.438,18.744,26.367,24.875,27.661,25.768,19.154,15.24,9.94,6.652,17.353,7.538,10.439,13.89,20.913,24.193,24.601,29.157,23.842,21.042,14.034,10.036,7.568,17.27,8.967,11.861,13.549,17.195,19.153,23.961,28.809,25.305,20.36,14.764,8.514,7.46,16.658,0.523,0.466,0.526,0.576,0.586,0.63,0.717,0.704,0.661,0.61,0.598,0.498,0.609,0.425,0.576,0.506,0.534,0.664,0.598,0.683,0.706,0.625,0.645,0.562,0.45,0.601,0.46,0.483,0.486,0.592,0.609,0.593,0.721,0.653,0.682,0.59,0.568,0.513,0.596,0.548,0.549,0.476,0.487,0.482,0.577,0.71,0.688,0.662,0.622,0.48,0.504,0.573,55.405,65.978,64.474,56.595,49.549,39.869,12.724,13.112,18.254,36.895,34.108,57.495,42.041,74.351,46.803,62.853,66.333,36.055,40.201,18.371,11.419,30.826,26.611,46.53,65.892,43.851,65.087,66.486,65.759,51.279,43.745,46.698,10.447,26.018,15.604,33.597,46.425,53.687,43.736,45.788,50.166,68.337,72.731,73.147,47.376,10.763,16.752,26.847,34.315,59.761,56.815,46.898,2.12,2.793,1.363,1.076,2.08,1.057,0.077,0.34,0.394,1.518,0.76,3.081,1.386,3.431,0.716,2.184,0.472,0.217,1.946,0.216,0.016,0.449,0.734,1.865,4.774,1.417,3.855,3.827,2.029,0.708,0.708,1.916,0.111,0.457,0.159,0.711,1.824,1.952,1.521,3.19,0.616,2.345,2.177,4.258,2.213,0.139,0.13,0.792,0.34,3.283,2.294,1.816
38.33,31.0,8.077,9.844,14.932,20.096,23.75,26.356,29.078,25.69,20.152,14.425,10.19,7.434,17.502,7.027,12.152,14.321,18.422,25.95,24.463,27.603,25.365,18.878,15.247,9.915,6.916,17.191,7.082,10.448,13.357,20.854,23.961,24.368,28.721,24.02,20.931,13.129,10.038,7.181,17.006,9.103,10.627,13.668,17.67,20.044,24.042,28.643,25.612,20.351,14.518,8.728,7.626,16.719,0.5,0.461,0.522,0.571,0.598,0.633,0.718,0.706,0.658,0.616,0.583,0.509,0.608,0.436,0.566,0.501,0.524,0.652,0.589,0.681,0.696,0.618,0.65,0.571,0.476,0.596,0.439,0.487,0.47,0.594,0.604,0.588,0.709,0.657,0.683,0.556,0.574,0.493,0.589,0.565,0.497,0.481,0.504,0.503,0.581,0.706,0.697,0.665,0.616,0.498,0.522,0.578,64.171,66.667,63.525,54.968,47.043,39.334,10.295,13.158,16.3,34.623,35.68,54.878,41.723,68.562,44.453,61.681,68.684,35.713,43.562,19.469,13.363,32.301,25.917,43.047,61.663,43.202,65.131,69.982,68.386,49.877,42.559,48.632,13.402,24.756,17.026,38.08,42.074,56.58,44.707,44.263,56.92,66.099,70.96,68.23,47.737,11.569,13.333,24.585,33.954,56.014,54.098,45.644,2.077,2.374,1.217,0.863,2.208,1.387,0.06,0.293,0.273,1.273,0.64,1.692,1.199,2.416,0.55,1.904,0.645,0.287,2.415,0.564,0.079,0.711,0.334,1.41,3.07,1.201,2.889,3.134,1.661,0.493,0.801,1.861,0.166,0.445,0.221,0.718,0.959,1.03,1.196,1.866,0.553,2.204,1.952,4.068,2.053,0.22,0.129,0.734,0.352,2.207,1.487,1.488
37.67,31.0,8.127,9.869,14.897,20.019,24.086,26.656,29.201,25.78,20.388,14.618,10.24,7.516,17.616,7.128,12.296,14.546,18.84,26.258,24.785,27.759,25.465,19.108,15.429,10.069,6.984,17.392,7.254,10.593,13.398,21.166,23.931,24.507,28.828,24.178,21.214,13.4,10.155,7.479,17.174,9.299,10.941,13.886,17.898,19.957,24.038,28.832,25.69,20.476,14.736,8.977,7.792,16.877,0.497,0.459,0.519,0.568,0.606,0.64,0.721,0.707,0.663,0.62,0.581,0.508,0.61,0.437,0.568,0.507,0.535,0.659,0.598,0.683,0.698,0.622,0.653,0.574,0.475,0.601,0.444,0.491,0.47,0.602,0.603,0.592,0.712,0.66,0.69,0.563,0.575,0.507,0.592,0.57,0.507,0.487,0.51,0.501,0.581,0.711,0.699,0.667,0.621,0.507,0.527,0.581,63.413,65.74,63.175,54.643,44.497,36.908,9.436,12.605,14.901,33.369,35.438,53.476,40.636,67.233,43.604,59.862,66.772,33.944,41.302,18.535,12.901,29.934,24.62,41.788,61.08,41.799,64.44,69.632,68.588,47.916,41.95,46.213,12.485,22.518,16.033,36.823,40.859,52.863,43.359,42.24,54.085,64.89,69.152,67.106,46.388,10.568,12.712,23.483,32.247,53.141,52.215,44.016,2.461,2.667,1.296,0.886,2.277,1.086,0.055,0.308,0.233,1.196,0.866,2.691,1.337,2.916,0.599,1.977,0.548,0.232,2.222,0.51,0.075,0.587,0.373,1.597,3.758,1.285,3.978,3.674,1.774,0.456,0.741,1.559,0.127,0.354,0.224,0.742,1.503,1.562,1.389,2.414,0.62,2.361,2.028,3.958,1.869,0.19,0.096,0.669,0.429,2.449,2.004,1.593
38.0,31.33,8.08,9.845,14.933,20.066,24.016,26.585,29.179,25.8,20.292,14.577,10.21,7.539,17.593,7.123,12.265,14.516,18.601,26.071,24.605,27.751,25.378,19.03,15.397,10.045,7.072,17.325,7.09,10.625,13.192,21.047,23.877,24.435,28.727,24.189,21.11,13.195,10.15,7.338,17.079,9.259,10.638,13.872,17.87,20.139,24.031,28.772,25.732,20.47,14.646,8.956,7.77,16.846,0.496,0.459,0.52,0.57,0.604,0.639,0.72,0.708,0.66,0.621,0.582,0.513,0.61,0.439,0.57,0.507,0.529,0.654,0.593,0.683,0.696,0.621,0.654,0.576,0.485,0.599,0.436,0.494,0.463,0.599,0.602,0.59,0.709,0.66,0.688,0.556,0.577,0.501,0.59,0.571,0.496,0.487,0.51,0.505,0.581,0.709,0.7,0.668,0.619,0.507,0.529,0.581,64.897,66.26,63.392,54.825,45.22,37.914,9.419,12.715,15.043,33.517,35.82,53.647,41.058,66.797,43.478,60.221,68.175,34.965,42.947,18.926,13.593,31.089,24.913,41.728,60.481,42.277,65.02,70.67,69.093,48.472,42.411,47.46,13.259,23.034,16.575,37.917,40.706,54.802,44.118,42.955,56.26,65.079,69.993,67.083,47.235,10.948,12.525,23.736,32.885,53.701,52.79,44.596,2.177,2.428,1.263,0.863,2.196,1.172,0.058,0.306,0.241,1.14,0.728,1.879,1.207,2.436,0.551,1.886,0.575,0.248,2.322,0.621,0.091,0.65,0.312,1.315,3.244,1.19,3.205,3.309,1.717,0.445,0.791,1.588,0.142,0.365,0.244,0.698,1.04,1.092,1.218,1.991,0.579,2.174,1.96,3.895,1.998,0.222,0.102,0.66,0.385,2.144,1.544,1.474
38.0,30.67,8.163,9.849,14.925,20.073,23.779,26.507,29.153,25.772,20.28,14.507,10.236,7.532,17.565,7.03,12.241,14.499,18.592,26.064,24.534,27.659,25.491,18.991,15.38,10.01,6.966,17.291,7.186,10.552,13.278,20.985,23.893,24.422,28.8,24.108,21.084,13.248,10.129,7.397,17.089,9.225,10.806,13.764,17.672,19.84,23.957,28.748,25.648,20.436,14.63,8.853,7.692,16.773,0.501,0.46,0.52,0.57,0.598,0.637,0.719,0.708,0.66,0.617,0.582,0.512,0.609,0.434,0.568,0.506,0.529,0.654,0.592,0.681,0.699,0.62,0.654,0.573,0.477,0.599,0.442,0.491,0.467,0.597,0.602,0.59,0.711,0.659,0.687,0.559,0.576,0.505,0.59,0.569,0.504,0.484,0.505,0.498,0.579,0.709,0.697,0.667,0.619,0.502,0.523,0.578,63.472,65.905,63.644,54.534,45.923,38.205,9.992,12.76,15.393,33.906,35.335,53.331,41.037,67.429,43.708,60.486,67.618,34.694,42.509,19.045,12.847,31.111,24.783,41.74,60.598,42.215,64.351,69.583,68.666,48.755,42.488,47.559,12.885,23.781,15.993,37.128,40.97,53.648,43.817,42.437,54.562,65.446,70.51,68.199,47.488,11.073,13.13,24.177,32.867,54.205,52.97,44.751,2.129,2.469,1.257,0.893,2.267,1.233,0.062,0.349,0.265,1.277,0.692,1.937,1.238,2.56,0.547,1.91,0.547,0.266,2.476,0.523,0.069,0.636,0.354,1.367,3.296,1.215,3.089,3.406,1.774,0.522,0.808,1.764,0.135,0.407,0.23,0.687,1.055,1.135,1.249,2.166,0.537,2.23,2.012,4.134,2.069,0.206,0.118,0.74,0.353,2.203,1.593,1.533
38.33,31.33,8.006,9.824,14.942,20.102,23.895,26.353,29.051,25.694,20.148,14.456,10.185,7.387,17.503,7.052,12.176,14.287,18.38,25.982,24.553,27.676,25.28,18.892,15.21,9.906,6.934,17.196,6.999,10.408,13.385,20.878,23.974,24.385,28.688,24.053,20.911,13.145,10.029,7.085,16.994,9.066,10.591,13.678,17.776,20.26,24.107,28.656,25.643,20.36,14.514,8.736,7.636,16.752,0.496,0.46,0.523,0.571,0.602,0.634,0.718,0.705,0.658,0.618,0.585,0.507,0.608,0.437,0.568,0.5,0.523,0.653,0.591,0.683,0.693,0.619,0.649,0.57,0.478,0.596,0.434,0.486,0.471,0.595,0.605,0.588,0.707,0.657,0.683,0.557,0.573,0.488,0.588,0.563,0.495,0.481,0.507,0.509,0.581,0.706,0.699,0.664,0.615,0.499,0.524,0.58,64.777,67.481,63.721,55.829,47.329,39.851,10.377,13.426,16.69,35.04,36.356,56.453,42.28,69.521,44.977,62.396,69.566,36.452,44.177,19.481,14.087,32.774,26.7,44.241,62.715,43.924,66.263,70.768,68.478,50.44,42.888,49.114,13.661,24.848,17.834,38.862,43.089,58.491,45.394,45.701,58.791,66.575,71.184,68.171,47.968,11.601,13.401,24.754,34.699,57.062,54.924,46.233,2.083,2.337,1.211,0.848,2.137,1.355,0.059,0.25,0.268,1.18,0.658,1.682,1.174,2.346,0.55,1.901,0.674,0.272,2.254,0.613,0.095,0.718,0.316,1.416,3.049,1.186,2.965,3.01,1.61,0.444,0.785,1.783,0.185,0.42,0.222,0.727,0.987,1.045,1.18,1.724,0.592,2.17,1.904,3.893,2.027,0.223,0.118,0.683,0.374,2.206,1.476,1.452
38.33,30.67,8.115,9.866,14.885,20.087,23.577,26.218,29.01,25.666,20.109,14.36,10.196,7.385,17.456,6.963,12.105,14.225,18.333,25.934,24.434,27.53,25.406,18.812,15.172,9.853,6.82,17.135,7.123,10.358,13.407,20.782,23.998,24.344,28.773,23.934,20.865,13.189,10.0,7.155,16.993,9.011,10.762,13.519,17.511,19.859,24.014,28.602,25.521,20.303,14.49,8.604,7.541,16.645,0.503,0.463,0.521,0.571,0.594,0.63,0.717,0.705,0.657,0.614,0.584,0.506,0.607,0.432,0.564,0.498,0.522,0.652,0.588,0.679,0.697,0.616,0.647,0.567,0.469,0.595,0.442,0.483,0.472,0.592,0.605,0.587,0.71,0.655,0.681,0.559,0.572,0.492,0.589,0.559,0.504,0.476,0.499,0.499,0.579,0.705,0.695,0.663,0.616,0.491,0.517,0.575,63.694,66.995,64.265,55.617,48.347,40.323,11.206,13.453,17.396,35.654,36.035,56.072,42.424,70.248,45.512,62.835,68.96,36.318,43.628,19.85,13.248,33.121,26.744,44.327,62.918,43.976,65.707,69.535,68.329,50.789,43.015,49.155,13.207,25.921,17.301,38.176,43.51,57.299,45.161,45.337,56.957,67.13,71.833,69.671,48.308,11.854,14.379,25.486,34.816,57.683,55.229,46.554,2.066,2.4,1.212,0.883,2.241,1.449,0.063,0.301,0.302,1.369,0.623,1.737,1.222,2.521,0.561,1.946,0.66,0.299,2.434,0.504,0.066,0.712,0.375,1.493,3.118,1.226,2.856,3.141,1.676,0.544,0.808,1.991,0.168,0.485,0.206,0.724,1.015,1.092,1.224,1.932,0.552,2.247,1.985,4.199,2.099,0.212,0.142,0.777,0.343,2.313,1.548,1.531
37.67,31.33,8.056,9.899,14.867,19.982,24.274,26.685,29.194,25.809,20.409,14.683,10.216,7.503,17.631,7.194,12.314,14.514,18.821,26.318,24.906,27.828,25.385,19.128,15.418,10.076,7.028,17.413,7.212,10.598,13.358,21.243,23.929,24.543,28.806,24.235,21.235,13.43,10.172,7.426,17.181,9.293,10.913,13.939,18.038,20.166,24.103,28.85,25.72,20.503,14.755,9.035,7.842,16.93,0.493,0.459,0.518,0.567,0.611,0.641,0.721,0.707,0.664,0.622,0.58,0.507,0.61,0.44,0.569,0.506,0.535,0.662,0.6,0.686,0.695,0.623,0.652,0.573,0.477,0.601,0.441,0.49,0.467,0.603,0.603,0.593,0.711,0.662,0.691,0.565,0.574,0.503,0.592,0.569,0.506,0.488,0.513,0.507,0.582,0.711,0.7,0.666,0.62,0.51,0.531,0.583,64.627,66.359,63.61,55.717,44.584,37.175,9.463,12.819,15.295,33.713,36.495,54.896,41.231,68.048,44.167,60.504,67.55,34.584,41.664,18.657,13.656,30.414,25.361,42.949,62.171,42.477,65.813,70.593,69.049,48.207,42.365,46.332,12.686,22.38,16.844,37.799,41.823,54.535,44.035,43.557,55.977,65.277,69.225,66.995,46.588,10.624,12.976,23.643,33.05,53.773,52.835,44.541,2.593,2.71,1.31,0.879,2.259,1.022,0.053,0.265,0.227,1.1,0.939,2.781,1.347,2.955,0.619,2.015,0.582,0.211,2.025,0.552,0.087,0.582,0.37,1.644,3.83,1.291,4.295,3.658,1.745,0.41,0.717,1.442,0.132,0.323,0.226,0.764,1.637,1.653,1.415,2.335,0.687,2.367,2.016,3.769,1.807,0.193,0.084,0.612,0.473,2.51,2.11,1.582
37.67,30.67,8.193,9.869,14.914,20.035,23.955,26.575,29.15,25.746,20.388,14.575,10.287,7.465,17.596,7.06,12.312,14.529,18.843,26.296,24.834,27.733,25.527,19.107,15.386,10.041,6.886,17.381,7.309,10.507,13.539,21.136,23.977,24.535,28.893,24.124,21.19,13.529,10.132,7.501,17.197,9.238,11.167,13.796,17.787,19.779,24.017,28.837,25.618,20.455,14.75,8.89,7.725,16.838,0.501,0.458,0.52,0.569,0.603,0.639,0.72,0.706,0.663,0.617,0.583,0.505,0.609,0.432,0.568,0.507,0.536,0.66,0.598,0.683,0.699,0.622,0.651,0.571,0.468,0.601,0.447,0.486,0.474,0.6,0.604,0.592,0.713,0.659,0.689,0.569,0.573,0.508,0.593,0.565,0.518,0.484,0.506,0.497,0.58,0.711,0.697,0.666,0.621,0.501,0.522,0.58,62.121,65.993,63.634,55.164,45.431,37.565,10.13,12.873,15.62,34.253,35.411,54.6,41.069,68.851,44.36,60.606,66.72,34.306,41.032,18.601,12.631,30.17,25.165,42.889,62.297,42.302,64.64,68.946,68.089,48.64,42.253,46.438,12.144,23.295,16.037,36.44,42.098,53.041,43.505,42.932,53.428,65.704,69.805,68.351,46.685,10.596,13.479,24.176,32.739,54.522,53.141,44.627,2.443,2.702,1.296,0.904,2.274,1.097,0.058,0.319,0.25,1.266,0.865,2.929,1.368,3.059,0.602,2.001,0.53,0.233,2.219,0.44,0.063,0.568,0.41,1.697,3.935,1.314,4.03,3.723,1.8,0.495,0.74,1.641,0.126,0.37,0.207,0.748,1.617,1.708,1.432,2.571,0.611,2.407,2.046,4.07,1.896,0.173,0.101,0.7,0.421,2.568,2.104,1.641
38.33,32.0,7.779,9.747,14.989,20.224,24.606,26.601,29.07,25.902,20.234,14.723,10.207,7.409,17.625,7.253,12.392,14.436,18.328,26.137,25.099,28.081,24.974,19.096,15.241,9.983,7.216,17.355,6.755,10.538,13.302,21.104,23.967,24.634,28.619,24.363,21.007,13.315,10.114,6.94,17.052,9.045,10.585,13.86,18.387,21.174,24.353,28.817,25.854,20.552,14.59,8.977,7.797,16.997,0.483,0.453,0.525,0.574,0.619,0.64,0.719,0.71,0.661,0.628,0.589,0.509,0.612,0.446,0.578,0.507,0.522,0.66,0.604,0.696,0.682,0.627,0.648,0.574,0.496,0.6,0.418,0.491,0.466,0.6,0.604,0.593,0.704,0.665,0.687,0.564,0.575,0.478,0.591,0.559,0.495,0.485,0.522,0.531,0.584,0.708,0.706,0.669,0.616,0.512,0.536,0.589,67.159,69.66,63.877,57.663,46.198,39.792,9.82,13.423,16.768,34.826,38.48,59.159,43.069,70.11,45.224,62.978,71.583,38.028,44.618,18.674,16.842,33.05,27.861,46.608,64.014,44.964,69.841,74.199,69.322,50.651,43.821,48.406,14.265,22.919,20.054,41.206,44.931,62.605,46.852,49.325,64.384,67.001,70.78,66.201,48.111,11.4,12.878,24.227,36.212,57.952,56.021,47.04,1.991,2.106,1.226,0.803,1.801,1.05,0.065,0.13,0.234,0.701,0.75,1.33,1.016,1.891,0.521,1.842,0.701,0.188,1.648,0.819,0.166,0.717,0.208,1.154,2.85,1.06,2.999,2.527,1.503,0.292,0.808,1.264,0.202,0.248,0.276,0.67,0.874,0.871,1.043,1.169,0.713,1.938,1.723,3.041,1.986,0.239,0.062,0.436,0.474,1.936,1.26,1.25
37.67,32.0,7.801,9.94,14.881,20.071,24.909,26.878,29.2,26.017,20.442,14.933,10.189,7.571,17.737,7.434,12.467,14.596,18.598,26.378,25.426,28.171,25.066,19.263,15.438,10.125,7.351,17.529,6.966,10.731,13.152,21.427,23.948,24.817,28.731,24.54,21.287,13.509,10.262,7.217,17.213,9.245,10.785,14.152,18.64,21.18,24.412,28.919,25.887,20.686,14.782,9.264,8.017,17.163,0.479,0.458,0.519,0.569,0.627,0.647,0.722,0.712,0.665,0.633,0.582,0.513,0.614,0.453,0.576,0.511,0.529,0.666,0.612,0.697,0.684,0.63,0.652,0.576,0.499,0.604,0.426,0.496,0.459,0.608,0.603,0.598,0.707,0.67,0.693,0.569,0.577,0.49,0.594,0.565,0.5,0.494,0.528,0.532,0.586,0.712,0.706,0.671,0.619,0.523,0.544,0.593,68.677,68.54,64.465,58.27,44.332,37.641,9.105,12.994,16.015,34.002,39.451,57.956,42.62,69.106,44.822,61.727,70.377,36.964,42.464,18.382,16.59,31.843,26.985,45.9,63.992,44.094,70.144,74.502,70.136,48.9,43.649,46.089,13.518,21.005,19.435,41.009,44.24,60.167,46.067,47.812,63.226,66.034,69.461,65.321,47.234,10.987,13.266,23.848,35.558,55.301,54.494,46.044,2.552,2.476,1.324,0.83,1.958,0.808,0.056,0.138,0.214,0.643,1.033,2.058,1.174,2.437,0.605,1.976,0.67,0.143,1.446,0.772,0.153,0.624,0.261,1.346,3.455,1.158,4.202,3.071,1.616,0.284,0.748,1.007,0.145,0.189,0.273,0.727,1.421,1.308,1.248,1.579,0.839,2.105,1.837,2.951,1.786,0.223,0.047,0.382,0.573,2.224,1.855,1.368
38.0,32.33,7.777,9.808,14.973,20.251,24.858,26.788,29.13,26.012,20.328,14.86,10.238,7.537,17.714,7.4,12.496,14.614,18.424,26.233,25.409,28.213,24.951,19.233,15.354,10.086,7.416,17.488,6.816,10.71,13.17,21.261,24.022,24.814,28.663,24.516,21.154,13.472,10.222,7.084,17.156,9.128,10.806,14.054,18.639,21.371,24.463,28.897,25.893,20.672,14.712,9.171,7.937,17.144,0.48,0.453,0.523,0.574,0.625,0.645,0.72,0.712,0.663,0.632,0.588,0.514,0.614,0.452,0.581,0.513,0.524,0.663,0.612,0.699,0.681,0.631,0.65,0.577,0.506,0.603,0.42,0.497,0.459,0.603,0.605,0.598,0.704,0.669,0.69,0.569,0.578,0.485,0.594,0.561,0.504,0.491,0.528,0.536,0.586,0.71,0.707,0.671,0.619,0.52,0.542,0.593,68.178,69.414,64.064,57.955,44.752,38.414,9.341,13.052,16.341,34.192,39.133,58.366,42.767,69.046,44.776,61.887,71.079,37.78,43.157,18.186,17.288,32.516,27.405,46.309,63.742,44.429,70.583,74.989,69.612,49.55,43.664,46.553,13.948,21.418,20.139,41.347,44.651,61.783,46.52,49.276,64.506,66.341,69.808,65.006,47.326,11.096,12.998,23.99,35.895,56.451,55.338,46.501,2.083,2.1,1.288,0.797,1.746,0.862,0.065,0.122,0.221,0.57,0.849,1.395,1.008,1.881,0.537,1.825,0.676,0.146,1.465,0.874,0.176,0.689,0.194,1.065,2.971,1.043,3.225,2.566,1.539,0.285,0.828,0.99,0.162,0.182,0.3,0.657,0.933,0.881,1.044,1.186,0.764,1.881,1.716,2.84,1.951,0.248,0.047,0.344,0.526,1.873,1.294,1.224
38.0,31.67,7.836,9.817,14.921,20.112,24.619,26.665,29.124,25.927,20.313,14.775,10.214,7.492,17.652,7.323,12.407,14.522,18.419,26.165,25.041,28.087,25.059,19.145,15.353,10.075,7.317,17.412,6.769,10.694,13.041,21.198,23.904,24.604,28.636,24.43,21.127,13.322,10.212,7.088,17.082,9.165,10.617,14.008,18.369,21.02,24.298,28.88,25.88,20.6,14.712,9.11,7.879,17.044,0.483,0.454,0.521,0.571,0.619,0.642,0.72,0.71,0.662,0.629,0.586,0.511,0.611,0.448,0.577,0.509,0.524,0.66,0.603,0.695,0.684,0.628,0.651,0.577,0.5,0.601,0.417,0.496,0.455,0.602,0.602,0.593,0.704,0.667,0.69,0.562,0.577,0.486,0.591,0.563,0.495,0.49,0.521,0.527,0.583,0.71,0.706,0.669,0.619,0.517,0.538,0.589,68.498,69.205,64.809,58.321,45.697,39.315,9.546,13.408,16.366,34.846,38.976,58.607,43.133,69.265,45.207,62.223,71.36,37.836,44.469,18.881,16.679,32.853,27.401,45.688,63.693,44.628,70.011,74.342,70.332,49.938,43.955,48.023,14.099,22.549,19.629,41.201,44.105,61.459,46.637,48.51,63.338,66.637,70.686,66.515,48.069,10.989,13.06,24.469,35.594,56.533,55.624,46.667,2.14,2.209,1.281,0.806,1.885,0.939,0.06,0.168,0.228,0.72,0.812,1.562,1.068,2.013,0.542,1.844,0.648,0.171,1.683,0.861,0.155,0.669,0.227,1.135,3.092,1.089,3.305,2.8,1.577,0.29,0.795,1.116,0.163,0.23,0.278,0.689,0.983,0.954,1.097,1.412,0.725,1.949,1.784,3.156,1.953,0.25,0.058,0.418,0.481,1.98,1.353,1.295
38.33,32.33,7.752,9.723,15.045,20.36,24.742,26.707,29.087,25.96,20.237,14.769,10.219,7.441,17.671,7.278,12.446,14.497,18.384,26.198,25.376,28.136,24.909,19.151,15.229,9.963,7.225,17.401,6.865,10.526,13.528,21.137,24.06,24.812,28.657,24.389,21.017,13.438,10.088,6.963,17.122,9.01,10.743,13.842,18.57,21.368,24.456,28.811,25.846,20.588,14.55,8.987,7.817,17.047,0.482,0.453,0.528,0.578,0.623,0.643,0.719,0.711,0.662,0.63,0.59,0.511,0.614,0.449,0.58,0.51,0.522,0.661,0.611,0.697,0.68,0.629,0.648,0.572,0.497,0.602,0.425,0.491,0.474,0.601,0.607,0.598,0.705,0.666,0.686,0.57,0.574,0.479,0.593,0.558,0.503,0.485,0.527,0.537,0.587,0.709,0.705,0.67,0.615,0.513,0.538,0.591,65.756,69.33,62.538,56.317,45.135,38.639,9.563,12.885,16.45,33.783,37.835,57.929,42.18,69.453,44.379,62.39,70.568,37.235,42.996,17.943,16.826,32.18,27.356,46.512,63.333,44.262,69.258,74.046,68.301,50.02,43.217,46.771,13.982,21.808,19.983,40.665,44.803,61.623,46.207,49.009,64.156,66.422,69.674,64.677,47.213,11.567,12.5,23.32,36.008,57.399,55.065,46.416,1.959,2.066,1.216,0.809,1.727,1.035,0.072,0.102,0.227,0.63,0.779,1.272,0.992,1.882,0.519,1.857,0.722,0.182,1.539,0.759,0.177,0.736,0.192,1.16,2.761,1.041,2.963,2.395,1.485,0.312,0.838,1.26,0.204,0.225,0.289,0.638,0.873,0.874,1.029,1.056,0.725,1.952,1.691,2.83,1.97,0.224,0.058,0.419,0.506,1.894,1.29,1.219
38.33,31.67,7.816,9.763,14.987,20.197,24.437,26.554,29.074,25.834,20.209,14.652,10.19,7.397,17.593,7.197,12.328,14.385,18.357,26.105,24.963,27.967,25.049,19.039,15.232,9.952,7.119,17.31,6.829,10.479,13.389,21.047,23.977,24.582,28.635,24.275,20.978,13.255,10.077,6.961,17.038,9.051,10.559,13.818,18.249,20.977,24.307,28.762,25.8,20.495,14.55,8.905,7.754,16.934,0.486,0.455,0.525,0.573,0.616,0.639,0.718,0.708,0.66,0.626,0.587,0.508,0.611,0.444,0.575,0.505,0.522,0.658,0.601,0.692,0.685,0.625,0.649,0.572,0.49,0.599,0.423,0.489,0.47,0.599,0.605,0.592,0.705,0.663,0.686,0.562,0.574,0.48,0.59,0.561,0.494,0.485,0.519,0.527,0.584,0.708,0.704,0.667,0.615,0.508,0.533,0.587,66.311,68.972,63.51,56.87,46.346,39.606,9.816,13.384,16.595,34.665,37.699,58.186,42.664,69.815,44.953,62.758,70.882,37.357,44.375,18.801,15.991,32.778,27.391,45.837,63.514,44.537,68.591,73.173,68.851,50.524,43.401,48.513,14.117,23.295,19.368,40.45,44.255,61.405,46.328,48.109,62.861,66.71,70.69,66.393,47.916,11.514,12.832,24.131,35.727,57.581,55.481,46.661,2.042,2.186,1.213,0.814,1.899,1.155,0.063,0.155,0.24,0.828,0.733,1.428,1.065,2.034,0.529,1.869,0.706,0.215,1.814,0.746,0.148,0.724,0.234,1.253,2.881,1.098,3.031,2.652,1.52,0.329,0.795,1.436,0.203,0.297,0.258,0.69,0.922,0.931,1.087,1.295,0.684,2.023,1.767,3.257,1.978,0.231,0.078,0.512,0.449,2.02,1.356,1.306
37.67,32.33,7.764,9.977,14.926,20.192,25.095,27.046,29.243,26.094,20.485,15.02,10.201,7.642,17.808,7.496,12.535,14.701,18.669,26.471,25.806,28.253,25.036,19.36,15.476,10.137,7.401,17.614,7.113,10.733,13.363,21.509,24.075,25.059,28.812,24.61,21.35,13.663,10.264,7.271,17.316,9.241,10.975,14.207,18.885,21.432,24.574,28.914,25.876,20.753,14.779,9.321,8.084,17.252,0.477,0.46,0.521,0.572,0.632,0.65,0.723,0.714,0.667,0.636,0.581,0.517,0.617,0.456,0.579,0.514,0.53,0.668,0.621,0.699,0.683,0.633,0.653,0.576,0.502,0.607,0.434,0.496,0.466,0.61,0.606,0.604,0.71,0.671,0.694,0.575,0.577,0.493,0.598,0.565,0.509,0.496,0.535,0.539,0.591,0.712,0.705,0.672,0.619,0.526,0.548,0.596,67.766,67.973,63.308,57.124,43.011,36.001,8.68,12.377,15.596,32.838,38.988,56.465,41.677,68.349,43.905,60.909,69.256,36.114,40.288,17.518,16.46,30.838,26.298,45.719,63.422,43.254,69.615,74.394,69.016,48.041,42.912,44.102,13.02,19.565,19.2,40.385,44.091,58.962,45.276,47.196,63.112,65.252,68.178,63.532,46.128,11.15,13.099,23.08,35.318,54.381,53.328,45.311,2.607,2.477,1.328,0.834,1.887,0.769,0.059,0.11,0.208,0.56,1.109,2.011,1.163,2.483,0.616,1.996,0.698,0.132,1.311,0.706,0.16,0.638,0.248,1.363,3.415,1.148,4.287,2.973,1.602,0.309,0.765,0.981,0.14,0.165,0.283,0.709,1.46,1.312,1.248,1.464,0.879,2.116,1.8,2.737,1.745,0.206,0.046,0.356,0.616,2.21,1.961,1.346
37.67,31.67,7.846,9.939,14.861,20.031,24.8,26.874,29.222,25.967,20.455,14.891,10.18,7.562,17.719,7.386,12.423,14.572,18.71,26.403,25.323,28.082,25.152,19.239,15.45,10.115,7.255,17.512,7.065,10.694,13.246,21.419,23.941,24.764,28.761,24.469,21.302,13.493,10.238,7.289,17.221,9.28,10.812,14.119,18.526,20.939,24.345,28.904,25.85,20.643,14.776,9.225,7.993,17.117,0.481,0.459,0.518,0.568,0.624,0.646,0.722,0.711,0.666,0.631,0.579,0.511,0.613,0.45,0.574,0.509,0.532,0.666,0.609,0.694,0.687,0.628,0.653,0.575,0.492,0.603,0.432,0.494,0.463,0.608,0.603,0.597,0.709,0.668,0.694,0.568,0.576,0.494,0.594,0.567,0.501,0.493,0.526,0.526,0.586,0.712,0.704,0.669,0.619,0.521,0.541,0.591,67.546,67.724,63.957,57.29,43.968,37.044,8.986,12.832,15.578,33.564,38.554,56.7,41.978,68.505,44.412,61.187,69.266,35.881,41.88,18.335,15.675,31.087,26.284,44.844,63.283,43.385,68.723,73.38,69.794,48.392,43.104,45.776,13.215,21.003,18.587,39.996,43.288,58.155,45.285,46.239,61.041,65.539,68.989,65.331,46.788,10.879,13.007,23.449,34.672,54.394,53.574,45.323,2.658,2.604,1.323,0.847,2.073,0.856,0.054,0.167,0.212,0.76,1.049,2.358,1.248,2.671,0.62,2.017,0.654,0.16,1.579,0.689,0.135,0.607,0.296,1.483,3.606,1.211,4.425,3.301,1.655,0.312,0.726,1.123,0.141,0.221,0.258,0.746,1.57,1.476,1.328,1.82,0.815,2.224,1.9,3.145,1.748,0.208,0.056,0.446,0.562,2.35,2.036,1.444
38.33,33.0,7.601,9.581,15.052,20.751,25.22,27.113,29.2,26.286,20.338,15.049,10.325,7.695,17.853,7.523,12.665,14.754,18.509,26.346,26.47,28.407,24.574,19.397,15.31,9.931,7.474,17.614,7.243,10.733,13.906,21.228,24.23,25.449,28.815,24.651,21.148,13.97,10.03,7.166,17.381,9.043,11.309,13.885,19.238,22.117,24.744,28.865,25.886,20.874,14.507,9.202,7.99,17.304,0.474,0.446,0.529,0.588,0.637,0.652,0.72,0.721,0.668,0.641,0.596,0.526,0.622,0.463,0.59,0.52,0.523,0.664,0.639,0.704,0.671,0.634,0.649,0.57,0.514,0.61,0.448,0.501,0.489,0.604,0.611,0.614,0.709,0.672,0.688,0.591,0.571,0.491,0.602,0.56,0.53,0.487,0.546,0.557,0.595,0.711,0.705,0.679,0.615,0.524,0.548,0.6,62.661,68.583,59.21,52.774,41.176,34.54,8.513,10.626,15.127,29.515,36.224,52.747,39.309,66.357,41.43,59.748,67.294,35.14,36.883,15.421,17.874,29.529,25.423,45.806,60.275,41.763,67.779,74.442,65.729,48.17,42.114,40.553,13.15,16.704,20.082,39.185,44.561,58.091,44.214,47.34,63.416,64.88,66.239,58.901,44.293,11.81,11.234,20.124,35.139,54.41,51.57,44.111,1.74,1.77,1.245,0.819,1.386,0.855,0.101,0.022,0.195,0.291,0.876,0.849,0.846,1.639,0.5,1.805,0.766,0.131,1.122,0.62,0.225,0.811,0.102,0.972,2.346,0.921,2.564,1.833,1.458,0.414,1.012,1.026,0.161,0.097,0.373,0.482,0.691,0.676,0.899,0.598,0.756,1.861,1.563,2.001,1.974,0.194,0.041,0.287,0.633,1.507,1.162,1.047
37.67,33.0,7.567,9.82,14.939,20.607,25.496,27.424,29.323,26.383,20.561,15.277,10.327,7.894,17.971,7.707,12.734,14.96,18.692,26.57,26.919,28.535,24.734,19.618,15.571,10.103,7.654,17.818,7.422,10.808,13.793,21.504,24.305,25.685,29.021,24.823,21.441,14.167,10.183,7.409,17.547,9.231,11.553,14.201,19.504,22.242,24.938,28.923,25.88,21.012,14.726,9.47,8.229,17.492,0.467,0.455,0.522,0.583,0.644,0.659,0.723,0.722,0.673,0.646,0.589,0.533,0.624,0.469,0.588,0.525,0.528,0.67,0.649,0.707,0.675,0.639,0.656,0.574,0.52,0.615,0.454,0.501,0.482,0.611,0.612,0.62,0.715,0.676,0.695,0.596,0.574,0.502,0.605,0.566,0.538,0.496,0.553,0.561,0.601,0.713,0.704,0.681,0.619,0.534,0.557,0.605,64.214,67.289,59.983,53.615,39.398,31.941,7.787,10.231,14.491,28.668,36.989,51.027,38.804,65.448,40.968,58.34,66.256,34.254,34.171,14.818,17.374,28.304,24.241,45.021,60.346,40.793,67.709,74.342,65.694,46.594,41.543,38.496,12.068,15.059,19.144,38.517,44.046,55.685,43.241,45.469,62.555,63.78,65.037,57.523,43.157,11.575,11.995,20.354,34.344,51.868,50.047,43.14,2.259,2.051,1.337,0.814,1.434,0.653,0.081,0.025,0.188,0.222,1.145,1.234,0.954,2.046,0.578,1.861,0.766,0.094,0.94,0.58,0.213,0.745,0.126,1.078,2.777,0.984,3.467,2.175,1.518,0.426,0.931,0.824,0.115,0.065,0.359,0.553,1.052,0.864,1.028,0.776,0.899,1.907,1.571,1.957,1.797,0.181,0.043,0.226,0.706,1.717,1.664,1.12
38.0,33.33,7.56,9.646,14.997,20.799,25.407,27.325,29.299,26.402,20.476,15.193,10.387,7.874,17.95,7.67,12.755,14.923,18.595,26.458,26.928,28.528,24.568,19.543,15.47,10.011,7.661,17.761,7.434,10.89,13.825,21.318,24.339,25.679,28.952,24.81,21.312,14.198,10.09,7.356,17.518,9.186,11.616,14.066,19.48,22.318,24.869,28.898,25.884,21.021,14.631,9.373,8.149,17.457,0.469,0.448,0.525,0.589,0.642,0.656,0.722,0.723,0.673,0.645,0.596,0.534,0.625,0.469,0.592,0.525,0.525,0.667,0.65,0.707,0.67,0.637,0.654,0.572,0.524,0.615,0.457,0.507,0.484,0.606,0.613,0.621,0.712,0.675,0.692,0.599,0.572,0.502,0.605,0.566,0.543,0.493,0.552,0.563,0.599,0.712,0.705,0.682,0.618,0.531,0.556,0.604,62.827,67.791,59.006,52.425,39.359,32.329,7.777,9.837,14.347,27.952,36.081,50.52,38.356,65.033,40.41,58.172,65.976,34.247,34.182,14.497,17.88,28.57,24.23,45.068,59.519,40.646,67.302,74.525,65.003,47.115,41.539,38.286,12.437,14.76,19.583,38.336,44.136,56.12,43.262,45.78,62.499,63.969,64.836,56.855,43.016,11.569,11.276,19.489,34.047,52.437,50.019,42.981,1.808,1.712,1.32,0.812,1.329,0.717,0.098,0.015,0.183,0.2,0.966,0.844,0.834,1.658,0.52,1.735,0.766,0.096,1.006,0.6,0.228,0.81,0.085,0.908,2.341,0.897,2.635,1.805,1.483,0.475,1.041,0.854,0.121,0.058,0.398,0.466,0.717,0.625,0.889,0.569,0.799,1.791,1.535,1.865,1.96,0.194,0.046,0.223,0.68,1.375,1.2,1.018
38.0,32.67,7.657,9.715,15.124,20.786,25.388,27.28,29.232,26.276,20.4,15.089,10.344,7.811,17.928,7.605,12.737,14.969,18.633,26.45,26.681,28.463,24.683,19.51,15.423,10.079,7.65,17.742,7.348,10.735,13.869,21.366,24.455,25.579,28.863,24.691,21.271,14.036,10.166,7.316,17.475,9.112,11.641,14.135,19.395,22.181,24.929,28.876,25.833,20.904,14.64,9.331,8.118,17.424,0.475,0.451,0.53,0.588,0.641,0.655,0.721,0.719,0.669,0.641,0.594,0.531,0.624,0.465,0.591,0.527,0.527,0.667,0.644,0.706,0.673,0.637,0.651,0.575,0.523,0.614,0.452,0.5,0.486,0.608,0.617,0.618,0.71,0.672,0.691,0.592,0.576,0.499,0.604,0.562,0.544,0.494,0.549,0.559,0.6,0.711,0.703,0.678,0.618,0.528,0.554,0.603,63.237,67.592,59.161,52.768,39.63,32.688,8.066,10.599,14.659,29.228,36.549,51.69,38.824,65.158,40.88,58.188,66.44,34.415,35.501,15.0,17.39,29.068,24.74,44.933,60.286,40.997,67.906,74.394,65.128,46.501,40.956,39.148,12.62,16.179,19.575,38.717,43.637,56.48,43.437,46.698,62.625,63.476,64.907,57.882,42.897,11.482,11.758,20.503,34.315,52.736,50.762,43.335,1.873,1.795,1.309,0.805,1.413,0.736,0.089,0.034,0.192,0.269,0.94,0.957,0.868,1.678,0.523,1.757,0.746,0.102,1.076,0.692,0.216,0.779,0.11,0.931,2.493,0.926,2.788,1.963,1.487,0.414,0.985,0.854,0.134,0.083,0.373,0.516,0.766,0.681,0.92,0.684,0.801,1.795,1.564,2.067,1.96,0.209,0.042,0.236,0.647,1.493,1.209,1.058
38.33,33.33,7.509,9.509,14.857,20.611,25.111,27.028,29.239,26.37,20.395,15.116,10.327,7.676,17.814,7.541,12.615,14.577,18.405,26.292,26.41,28.411,24.482,19.349,15.316,9.834,7.4,17.553,7.2,10.874,13.716,21.158,23.943,25.363,28.842,24.741,21.148,13.997,9.937,7.12,17.338,9.109,10.993,13.761,19.14,22.081,24.544,28.895,25.97,20.947,14.48,9.204,7.966,17.256,0.468,0.444,0.522,0.585,0.633,0.65,0.721,0.723,0.67,0.644,0.595,0.525,0.62,0.465,0.588,0.513,0.521,0.662,0.637,0.703,0.669,0.633,0.651,0.565,0.509,0.609,0.445,0.508,0.482,0.602,0.603,0.612,0.711,0.675,0.689,0.593,0.566,0.489,0.601,0.564,0.515,0.484,0.544,0.556,0.59,0.712,0.708,0.682,0.614,0.525,0.547,0.598,63.51,69.451,60.257,53.746,42.396,35.877,8.647,10.415,15.333,29.417,36.468,53.402,39.91,67.427,42.042,60.982,68.134,35.981,37.553,15.777,18.584,29.934,25.809,46.542,60.362,42.426,67.921,74.873,66.883,49.836,43.693,41.572,13.425,16.38,20.438,39.679,45.629,59.33,44.972,47.164,64.132,66.395,67.613,59.713,45.745,11.902,10.969,19.815,35.683,55.255,52.043,44.701,1.749,1.797,1.236,0.831,1.383,0.88,0.107,0.017,0.192,0.283,0.895,0.858,0.853,1.706,0.502,1.84,0.778,0.14,1.119,0.547,0.231,0.823,0.099,1.012,2.321,0.927,2.582,1.817,1.466,0.436,1.033,1.085,0.159,0.092,0.379,0.461,0.713,0.707,0.91,0.592,0.751,1.916,1.578,1.924,1.952,0.18,0.044,0.306,0.646,1.522,1.225,1.052
38.33,32.67,7.621,9.605,15.021,20.601,25.079,26.972,29.159,26.206,20.311,14.983,10.283,7.599,17.789,7.443,12.591,14.636,18.442,26.298,26.121,28.337,24.65,19.315,15.273,9.922,7.376,17.534,7.092,10.657,13.778,21.199,24.11,25.232,28.763,24.58,21.099,13.802,10.03,7.071,17.284,9.024,11.048,13.832,19.026,21.906,24.626,28.857,25.896,20.793,14.503,9.135,7.928,17.213,0.475,0.447,0.527,0.584,0.632,0.649,0.719,0.718,0.667,0.639,0.594,0.521,0.619,0.459,0.587,0.515,0.522,0.663,0.63,0.702,0.673,0.633,0.649,0.57,0.508,0.607,0.439,0.498,0.484,0.603,0.608,0.609,0.708,0.67,0.688,0.585,0.571,0.486,0.599,0.559,0.518,0.485,0.54,0.552,0.591,0.711,0.706,0.677,0.614,0.521,0.545,0.597,63.736,69.117,60.402,54.149,42.718,36.212,8.966,11.358,15.689,30.928,36.894,54.765,40.411,67.698,42.545,60.993,68.687,36.087,39.135,16.296,17.823,30.475,26.266,46.384,61.356,42.81,68.443,74.516,66.793,49.113,42.837,42.832,13.531,18.332,20.259,39.914,45.012,59.673,45.105,48.105,64.154,65.734,67.665,60.894,45.592,11.813,11.581,21.1,35.744,55.712,52.89,45.081,1.817,1.876,1.225,0.818,1.474,0.909,0.093,0.038,0.205,0.372,0.855,0.962,0.888,1.718,0.505,1.841,0.759,0.148,1.216,0.654,0.216,0.787,0.126,1.036,2.469,0.957,2.716,1.982,1.459,0.37,0.954,1.105,0.182,0.13,0.346,0.526,0.755,0.745,0.939,0.702,0.756,1.897,1.594,2.195,1.96,0.198,0.043,0.324,0.599,1.646,1.224,1.095
37.67,33.33,7.455,9.757,14.703,20.421,25.39,27.36,29.359,26.463,20.641,15.374,10.336,7.906,17.933,7.742,12.675,14.794,18.597,26.541,26.893,28.547,24.668,19.602,15.626,10.03,7.598,17.777,7.365,10.903,13.582,21.435,24.008,25.592,29.095,24.89,21.473,14.216,10.108,7.404,17.507,9.319,11.3,14.079,19.398,22.183,24.758,28.959,25.947,21.086,14.733,9.499,8.229,17.457,0.459,0.452,0.514,0.579,0.641,0.658,0.724,0.724,0.676,0.65,0.589,0.534,0.622,0.471,0.585,0.518,0.525,0.669,0.648,0.707,0.673,0.638,0.659,0.569,0.515,0.614,0.45,0.506,0.475,0.608,0.604,0.618,0.717,0.678,0.696,0.599,0.569,0.501,0.604,0.57,0.526,0.492,0.55,0.559,0.596,0.714,0.707,0.683,0.619,0.535,0.557,0.603,64.824,67.963,61.172,54.761,40.451,32.965,7.976,10.056,14.73,28.469,37.189,51.208,39.315,66.384,41.525,59.39,66.958,34.921,34.57,15.123,18.015,28.488,24.343,45.574,60.289,41.298,67.571,74.453,66.74,48.117,43.045,39.459,12.178,14.865,19.29,38.737,45.028,56.325,43.817,44.91,62.763,65.202,66.351,58.08,44.474,11.694,11.873,20.169,34.588,52.35,50.276,43.559,2.329,2.095,1.342,0.818,1.407,0.65,0.081,0.02,0.186,0.203,1.191,1.25,0.965,2.138,0.589,1.881,0.779,0.099,0.913,0.503,0.22,0.75,0.119,1.113,2.781,0.991,3.546,2.168,1.521,0.451,0.932,0.859,0.11,0.059,0.36,0.544,1.088,0.875,1.042,0.755,0.912,1.941,1.559,1.888,1.751,0.166,0.048,0.235,0.723,1.745,1.773,1.124
37.67,32.67,7.6,9.888,14.897,20.433,25.408,27.325,29.308,26.326,20.563,15.243,10.275,7.824,17.926,7.664,12.672,14.861,18.669,26.556,26.614,28.471,24.813,19.552,15.557,10.111,7.577,17.761,7.318,10.792,13.627,21.539,24.174,25.505,28.97,24.792,21.436,14.025,10.209,7.36,17.479,9.248,11.305,14.208,19.341,22.034,24.819,28.932,25.9,20.957,14.746,9.458,8.205,17.428,0.468,0.457,0.521,0.579,0.641,0.657,0.723,0.72,0.672,0.645,0.586,0.529,0.622,0.466,0.585,0.521,0.528,0.67,0.641,0.705,0.677,0.637,0.656,0.574,0.514,0.613,0.447,0.5,0.476,0.612,0.609,0.616,0.714,0.675,0.695,0.59,0.575,0.498,0.603,0.566,0.526,0.496,0.548,0.555,0.597,0.713,0.705,0.679,0.619,0.533,0.555,0.602,65.769,67.658,61.312,55.134,40.697,33.361,8.106,10.894,14.946,30.001,37.954,53.003,39.903,66.671,42.054,59.454,67.505,35.095,36.153,15.733,17.328,29.168,25.041,45.57,61.503,41.771,68.59,74.619,67.033,47.263,42.335,40.355,12.397,16.313,19.304,39.39,44.421,57.064,44.09,46.106,63.286,64.513,66.282,59.481,44.394,11.53,12.432,21.243,34.999,52.779,51.177,44.017,2.445,2.237,1.335,0.823,1.571,0.669,0.073,0.042,0.194,0.297,1.177,1.493,1.03,2.237,0.6,1.936,0.754,0.103,1.0,0.606,0.2,0.705,0.165,1.187,3.019,1.043,3.865,2.441,1.545,0.38,0.868,0.859,0.124,0.087,0.333,0.607,1.232,1.034,1.114,0.97,0.92,1.991,1.641,2.131,1.748,0.184,0.041,0.258,0.694,1.918,1.842,1.195
38.33,34.0,7.19,9.58,14.151,20.224,24.784,26.859,29.404,26.742,20.695,15.441,10.403,7.755,17.77,7.74,12.621,14.167,18.009,26.105,26.62,28.483,24.128,19.31,15.435,9.555,7.364,17.46,7.216,11.521,13.036,20.856,23.116,25.262,29.024,25.208,21.217,14.297,9.648,7.107,17.296,9.47,10.679,13.471,18.865,22.235,23.953,29.0,26.229,21.336,14.484,9.327,7.97,17.251,0.447,0.448,0.496,0.577,0.625,0.647,0.725,0.734,0.68,0.657,0.596,0.53,0.617,0.477,0.588,0.499,0.51,0.656,0.642,0.704,0.66,0.63,0.658,0.549,0.504,0.606,0.445,0.539,0.458,0.591,0.581,0.607,0.716,0.691,0.693,0.608,0.55,0.488,0.598,0.585,0.499,0.475,0.539,0.559,0.574,0.717,0.716,0.695,0.612,0.533,0.547,0.597,66.604,71.592,63.861,56.883,44.911,38.507,8.913,9.247,15.585,27.445,37.157,53.742,41.204,69.732,43.249,63.482,69.874,38.131,37.354,16.554,21.343,30.609,26.186,48.37,60.172,43.757,68.394,76.278,69.685,54.582,48.382,43.568,13.99,13.982,21.243,40.324,49.159,62.347,46.828,45.045,65.372,71.188,71.127,60.343,49.64,12.137,10.428,18.297,36.587,56.648,52.603,45.784,1.688,1.756,1.356,0.877,1.357,0.874,0.134,0.003,0.162,0.16,0.96,0.717,0.838,1.851,0.534,1.789,0.874,0.164,1.102,0.315,0.282,0.872,0.055,0.999,2.073,0.911,2.414,1.603,1.582,0.598,1.182,1.146,0.103,0.04,0.484,0.372,0.705,0.636,0.904,0.485,0.771,1.964,1.683,1.562,1.971,0.162,0.077,0.329,0.74,1.28,1.258,1.022
37.67,34.0,7.163,9.679,13.974,20.023,24.882,27.022,29.407,26.743,20.828,15.618,10.423,7.943,17.81,7.877,12.64,14.315,18.158,26.278,26.875,28.545,24.288,19.51,15.699,9.702,7.478,17.613,7.268,11.421,12.964,20.987,23.114,25.3,29.249,25.146,21.42,14.446,9.769,7.356,17.373,9.607,10.962,13.618,18.959,22.213,24.067,29.031,26.136,21.379,14.691,9.533,8.149,17.362,0.441,0.449,0.487,0.57,0.627,0.651,0.725,0.732,0.682,0.66,0.591,0.537,0.616,0.479,0.584,0.502,0.513,0.661,0.647,0.706,0.663,0.634,0.665,0.552,0.506,0.61,0.444,0.531,0.453,0.594,0.581,0.609,0.721,0.688,0.697,0.611,0.551,0.499,0.599,0.587,0.509,0.478,0.541,0.559,0.578,0.718,0.712,0.693,0.616,0.538,0.552,0.599,66.267,70.358,64.624,57.804,43.708,36.701,9.162,9.566,15.728,26.979,37.525,51.505,40.828,68.788,42.795,62.224,68.932,37.241,35.721,16.387,21.016,29.469,24.963,47.634,59.748,42.913,67.539,75.038,69.217,53.345,47.91,42.666,13.168,14.308,20.368,39.289,48.728,59.34,45.909,43.301,63.047,70.509,70.342,59.01,48.902,12.416,11.582,18.892,35.344,54.274,51.192,44.9,2.169,1.968,1.434,0.842,1.327,0.685,0.104,0.005,0.155,0.1,1.165,0.944,0.91,2.152,0.604,1.764,0.866,0.122,0.917,0.288,0.279,0.824,0.06,1.046,2.431,0.949,3.094,1.833,1.613,0.596,1.064,0.969,0.073,0.023,0.446,0.428,0.954,0.685,0.98,0.537,0.9,1.935,1.607,1.574,1.783,0.155,0.085,0.268,0.782,1.437,1.637,1.057
38.0,34.33,7.138,9.813,13.97,20.125,24.777,26.935,29.502,26.857,20.872,15.595,10.47,7.882,17.83,7.847,12.707,14.216,17.965,26.17,26.872,28.583,24.148,19.421,15.614,9.59,7.45,17.548,7.312,11.749,12.849,20.849,23.015,25.307,29.206,25.363,21.352,14.474,9.669,7.234,17.368,9.658,10.953,13.535,18.898,22.31,23.889,29.044,26.266,21.482,14.628,9.457,8.075,17.349,0.441,0.457,0.488,0.574,0.625,0.649,0.727,0.736,0.685,0.662,0.596,0.536,0.618,0.481,0.59,0.5,0.509,0.658,0.648,0.707,0.66,0.632,0.664,0.548,0.507,0.609,0.448,0.548,0.449,0.59,0.578,0.608,0.72,0.695,0.697,0.614,0.548,0.494,0.599,0.593,0.511,0.477,0.54,0.561,0.573,0.718,0.716,0.698,0.615,0.537,0.551,0.6,67.609,71.347,64.994,57.983,44.522,37.799,8.491,8.895,15.242,26.497,37.431,52.945,41.147,69.787,42.946,63.265,69.731,37.992,36.177,16.244,21.568,30.068,25.289,48.318,60.166,43.466,68.258,76.316,69.86,54.828,48.913,43.449,13.298,13.212,20.737,39.697,49.484,62.119,46.681,43.666,64.806,71.716,71.159,59.7,50.048,12.067,10.629,17.965,35.583,55.812,51.994,45.428,1.787,1.745,1.452,0.874,1.366,0.769,0.127,0.003,0.145,0.104,1.045,0.737,0.847,1.96,0.565,1.684,0.876,0.134,1.053,0.27,0.288,0.859,0.044,0.972,2.09,0.902,2.514,1.624,1.622,0.662,1.178,1.059,0.075,0.02,0.505,0.359,0.777,0.59,0.914,0.481,0.822,1.897,1.688,1.504,1.945,0.168,0.095,0.297,0.772,1.167,1.338,1.012
38.0,33.67,7.226,9.578,14.241,20.315,24.985,27.043,29.492,26.768,20.788,15.492,10.463,7.894,17.859,7.795,12.672,14.366,18.148,26.272,26.89,28.605,24.256,19.434,15.601,9.686,7.496,17.6,7.317,11.627,12.929,20.988,23.333,25.406,29.155,25.25,21.369,14.42,9.78,7.277,17.408,9.563,10.8,13.672,19.126,22.295,24.099,29.014,26.197,21.376,14.652,9.434,8.122,17.361,0.447,0.446,0.497,0.579,0.631,0.651,0.726,0.734,0.683,0.657,0.596,0.536,0.62,0.478,0.589,0.505,0.514,0.661,0.648,0.707,0.663,0.632,0.663,0.554,0.51,0.61,0.449,0.543,0.452,0.594,0.587,0.611,0.718,0.691,0.696,0.612,0.554,0.497,0.6,0.587,0.503,0.481,0.546,0.561,0.578,0.717,0.715,0.694,0.617,0.536,0.554,0.6,66.495,70.712,63.545,56.598,43.389,36.674,7.999,8.906,14.857,26.905,37.073,52.481,40.47,68.833,42.306,62.137,68.95,37.241,35.875,15.624,20.593,29.919,24.932,47.787,59.98,42.85,67.96,76.183,68.996,53.268,47.337,42.125,13.132,13.433,20.51,39.583,48.233,60.754,45.959,44.36,64.659,69.713,69.675,59.166,48.542,11.839,10.61,18.265,34.958,55.223,51.479,44.873,1.761,1.678,1.391,0.852,1.309,0.736,0.116,0.003,0.156,0.122,1.024,0.739,0.825,1.822,0.541,1.697,0.827,0.113,1.013,0.35,0.262,0.857,0.051,0.94,2.113,0.885,2.471,1.643,1.556,0.627,1.149,0.98,0.086,0.027,0.468,0.375,0.72,0.583,0.889,0.483,0.798,1.859,1.598,1.577,1.95,0.165,0.074,0.264,0.746,1.187,1.271,0.995
38.33,34.33,7.15,9.835,14.012,20.105,24.644,26.793,29.348,26.753,20.696,15.484,10.367,7.716,17.743,7.768,12.658,14.097,17.899,26.009,26.588,28.409,24.056,19.301,15.384,9.503,7.337,17.417,7.206,11.437,13.167,20.764,22.972,25.222,29.005,25.226,21.164,14.289,9.576,7.054,17.26,9.462,11.009,13.379,18.662,22.266,23.901,29.0,26.234,21.359,14.415,9.323,7.902,17.243,0.445,0.46,0.491,0.573,0.621,0.645,0.724,0.734,0.679,0.66,0.595,0.529,0.616,0.479,0.59,0.497,0.507,0.654,0.641,0.702,0.658,0.63,0.655,0.546,0.503,0.605,0.445,0.535,0.463,0.589,0.577,0.606,0.717,0.692,0.692,0.607,0.547,0.484,0.597,0.586,0.515,0.472,0.533,0.56,0.573,0.716,0.716,0.696,0.609,0.532,0.543,0.597,66.881,71.69,64.371,57.378,45.377,38.882,9.625,9.46,16.047,27.27,37.31,53.83,41.51,69.953,43.721,63.913,70.1,38.355,37.297,17.169,21.916,30.514,26.634,48.387,60.227,44.018,68.625,76.006,69.819,54.996,48.886,44.139,14.245,14.003,21.392,40.289,49.761,62.747,47.076,44.64,65.102,72.214,71.831,60.42,50.052,12.401,10.614,18.296,37.479,56.817,52.929,46.066,1.748,1.882,1.403,0.899,1.42,0.927,0.146,0.003,0.159,0.154,0.973,0.75,0.873,1.991,0.559,1.824,0.941,0.202,1.146,0.273,0.31,0.865,0.056,1.046,2.11,0.945,2.55,1.612,1.65,0.596,1.201,1.227,0.097,0.038,0.518,0.388,0.777,0.676,0.943,0.5,0.804,2.023,1.783,1.523,1.964,0.167,0.092,0.367,0.763,1.345,1.349,1.056
38.33,33.67,7.279,9.544,14.347,20.339,24.864,26.895,29.326,26.627,20.578,15.346,10.367,7.719,17.771,7.685,12.618,14.277,18.124,26.135,26.551,28.441,24.205,19.319,15.375,9.617,7.359,17.474,7.197,11.292,13.307,20.93,23.339,25.297,28.954,25.045,21.171,14.207,9.711,7.095,17.298,9.331,10.791,13.518,18.93,22.215,24.132,28.966,26.144,21.212,14.449,9.281,7.946,17.242,0.453,0.446,0.503,0.579,0.627,0.647,0.723,0.731,0.676,0.654,0.596,0.528,0.618,0.474,0.588,0.503,0.513,0.657,0.64,0.703,0.662,0.631,0.655,0.553,0.505,0.607,0.445,0.528,0.468,0.594,0.587,0.608,0.714,0.685,0.691,0.604,0.554,0.487,0.599,0.577,0.505,0.477,0.54,0.559,0.579,0.715,0.713,0.691,0.612,0.53,0.546,0.597,65.331,70.986,62.613,55.745,44.207,37.812,9.094,9.656,15.691,27.997,36.861,53.455,40.787,68.919,42.903,62.752,69.264,37.484,37.344,16.431,20.669,30.319,26.196,47.839,60.029,43.347,68.19,75.71,68.765,53.181,47.02,42.853,13.965,14.733,21.127,40.145,48.202,61.322,46.268,45.758,64.859,69.886,70.111,60.01,48.457,12.231,10.616,18.693,36.595,56.225,52.42,45.488,1.715,1.792,1.313,0.865,1.349,0.89,0.13,0.004,0.171,0.187,0.941,0.741,0.842,1.818,0.527,1.827,0.859,0.166,1.092,0.371,0.274,0.863,0.064,1.009,2.151,0.92,2.477,1.642,1.555,0.542,1.144,1.143,0.119,0.052,0.456,0.394,0.704,0.659,0.906,0.494,0.768,1.972,1.655,1.629,1.952,0.165,0.066,0.328,0.718,1.376,1.261,1.031
37.67,34.33,7.159,9.903,13.816,19.889,24.706,26.928,29.303,26.717,20.803,15.66,10.39,7.921,17.767,7.915,12.688,14.278,18.087,26.187,26.819,28.461,24.247,19.528,15.677,9.659,7.438,17.582,7.259,11.307,13.146,20.898,22.968,25.212,29.248,25.078,21.358,14.442,9.702,7.335,17.331,9.591,11.309,13.523,18.746,22.237,24.005,29.022,26.091,21.378,14.646,9.543,8.089,17.349,0.44,0.459,0.482,0.565,0.622,0.649,0.723,0.731,0.68,0.662,0.589,0.536,0.615,0.481,0.585,0.5,0.511,0.658,0.646,0.704,0.662,0.635,0.663,0.548,0.503,0.609,0.443,0.524,0.459,0.591,0.577,0.607,0.722,0.686,0.695,0.609,0.548,0.496,0.597,0.587,0.526,0.475,0.534,0.559,0.577,0.718,0.711,0.694,0.614,0.538,0.548,0.598,66.067,70.283,65.183,58.394,44.194,37.205,10.341,10.215,16.558,26.982,37.776,51.292,41.209,68.809,43.147,62.467,69.033,37.426,35.909,17.206,21.638,29.323,25.426,47.727,59.717,43.155,67.614,74.315,69.061,53.603,48.332,43.454,13.481,15.134,20.573,39.15,49.368,59.321,46.117,42.943,62.118,71.581,70.948,58.975,49.402,13.021,12.262,19.128,36.094,54.145,51.414,45.169,2.317,2.129,1.48,0.85,1.388,0.715,0.108,0.007,0.148,0.093,1.191,0.985,0.952,2.33,0.645,1.779,0.921,0.145,0.92,0.247,0.308,0.818,0.06,1.095,2.548,0.987,3.32,1.877,1.693,0.579,1.047,1.03,0.068,0.024,0.46,0.439,1.059,0.717,1.025,0.542,0.951,1.989,1.685,1.553,1.729,0.163,0.101,0.3,0.803,1.528,1.754,1.091
37.67,33.67,7.233,9.707,14.159,20.122,25.038,27.14,29.372,26.661,20.769,15.572,10.388,7.942,17.844,7.858,12.653,14.467,18.298,26.354,26.924,28.541,24.396,19.563,15.687,9.799,7.518,17.671,7.291,11.216,13.208,21.122,23.367,25.41,29.22,25.053,21.441,14.397,9.862,7.38,17.416,9.507,11.118,13.741,19.091,22.239,24.303,29.011,26.066,21.294,14.697,9.537,8.174,17.398,0.445,0.45,0.494,0.572,0.631,0.654,0.724,0.73,0.68,0.658,0.59,0.537,0.618,0.478,0.584,0.507,0.517,0.663,0.649,0.706,0.666,0.636,0.663,0.557,0.509,0.611,0.445,0.521,0.462,0.598,0.587,0.612,0.72,0.685,0.696,0.608,0.556,0.5,0.6,0.581,0.517,0.482,0.543,0.56,0.584,0.717,0.71,0.691,0.617,0.538,0.553,0.6,65.52,69.528,63.508,56.794,42.601,35.37,9.021,9.747,15.565,27.288,37.347,50.954,40.271,67.846,42.376,61.228,68.142,36.434,35.001,16.026,20.196,28.922,24.72,46.914,59.677,42.292,67.376,74.597,68.304,51.657,46.398,41.438,12.868,14.423,20.023,38.973,47.664,57.976,45.141,43.598,62.634,68.936,69.078,58.388,47.416,12.351,11.789,19.289,35.238,53.423,50.726,44.404,2.272,2.048,1.408,0.832,1.325,0.67,0.097,0.006,0.165,0.112,1.198,1.028,0.931,2.184,0.609,1.816,0.855,0.12,0.883,0.335,0.269,0.803,0.072,1.072,2.567,0.967,3.301,1.922,1.593,0.548,1.02,0.935,0.08,0.029,0.421,0.467,1.008,0.737,1.004,0.576,0.922,1.949,1.583,1.628,1.744,0.154,0.074,0.256,0.775,1.565,1.731,1.079
38.33,35.0,7.166,11.128,13.474,19.764,24.16,26.687,29.242,26.898,20.867,15.779,10.333,7.647,17.763,8.023,13.077,13.991,17.61,25.843,26.915,28.309,23.837,19.423,15.334,9.381,7.368,17.428,7.494,11.624,13.527,20.43,22.452,25.198,29.152,25.484,21.102,14.478,9.299,6.964,17.269,9.53,12.605,13.008,18.003,22.447,23.767,29.059,26.317,21.606,14.3,9.379,7.71,17.314,0.445,0.52,0.475,0.562,0.609,0.644,0.723,0.736,0.682,0.673,0.593,0.527,0.616,0.493,0.607,0.493,0.499,0.649,0.65,0.701,0.65,0.635,0.65,0.537,0.506,0.606,0.463,0.542,0.476,0.579,0.563,0.606,0.722,0.699,0.691,0.613,0.533,0.476,0.597,0.592,0.591,0.46,0.514,0.565,0.57,0.718,0.717,0.704,0.603,0.532,0.529,0.601,69.274,72.206,67.082,59.872,46.662,39.117,11.745,9.893,17.281,25.396,38.06,54.034,42.553,70.919,44.869,65.057,70.684,38.783,35.351,18.752,24.303,29.421,27.535,48.399,60.788,44.573,69.744,75.546,70.569,56.718,51.085,45.617,14.233,13.313,21.831,39.48,52.015,64.512,47.888,42.931,64.081,76.593,73.885,59.997,51.474,13.315,11.253,17.912,39.548,57.083,53.997,46.838,1.817,2.142,1.749,0.996,1.587,0.947,0.159,0.01,0.127,0.087,1.081,0.797,0.957,2.504,0.643,1.756,1.103,0.304,1.202,0.121,0.372,0.814,0.055,1.058,2.041,0.999,2.732,1.494,1.951,0.66,1.295,1.358,0.053,0.034,0.677,0.422,1.083,0.689,1.037,0.535,0.951,2.2,2.071,1.342,1.904,0.2,0.17,0.448,0.875,1.351,1.577,1.137
37.67,35.0,7.275,11.022,13.369,19.659,24.154,26.737,29.109,26.806,20.86,15.866,10.346,7.802,17.751,8.111,13.114,14.209,17.852,25.988,27.015,28.348,24.038,19.648,15.571,9.482,7.394,17.567,7.503,11.48,13.645,20.563,22.525,25.15,29.337,25.22,21.2,14.578,9.377,7.18,17.315,9.58,12.729,13.098,18.072,22.503,23.86,29.062,26.126,21.575,14.489,9.537,7.831,17.375,0.447,0.511,0.468,0.557,0.608,0.645,0.718,0.731,0.68,0.672,0.588,0.53,0.613,0.493,0.604,0.499,0.505,0.653,0.653,0.702,0.655,0.64,0.656,0.537,0.501,0.608,0.458,0.531,0.477,0.582,0.565,0.605,0.726,0.691,0.693,0.613,0.532,0.484,0.596,0.589,0.593,0.462,0.515,0.566,0.573,0.718,0.711,0.7,0.606,0.536,0.531,0.6,67.771,71.089,67.41,60.466,46.023,38.604,13.268,11.383,18.469,25.79,38.687,51.926,42.575,69.722,44.244,63.816,69.661,38.209,35.235,19.087,24.137,28.669,26.961,48.362,60.344,44.039,68.999,73.486,69.347,55.445,50.362,45.517,13.904,15.863,21.577,38.691,51.948,61.807,47.245,42.143,61.066,76.352,73.098,58.855,51.19,14.458,13.563,18.898,38.561,54.925,52.931,46.335,2.286,2.332,1.823,0.964,1.576,0.798,0.127,0.018,0.112,0.054,1.238,0.947,1.022,2.826,0.728,1.713,1.071,0.225,0.989,0.111,0.37,0.815,0.062,1.092,2.479,1.041,3.337,1.713,2.062,0.605,1.13,1.215,0.042,0.05,0.591,0.418,1.315,0.701,1.098,0.56,1.074,2.195,1.954,1.377,1.665,0.199,0.185,0.416,0.903,1.5,1.836,1.156
38.0,35.33,7.311,11.528,13.371,19.736,24.121,26.792,29.256,26.968,20.988,15.926,10.386,7.716,17.843,8.16,13.306,14.17,17.711,25.963,27.186,28.425,23.916,19.631,15.498,9.455,7.442,17.575,7.724,11.781,13.698,20.486,22.425,25.242,29.388,25.549,21.232,14.628,9.304,7.05,17.377,9.589,13.125,12.988,18.007,22.528,23.833,29.134,26.323,21.714,14.415,9.479,7.745,17.41,0.451,0.536,0.471,0.559,0.608,0.647,0.722,0.736,0.685,0.677,0.593,0.529,0.617,0.498,0.614,0.499,0.501,0.652,0.657,0.704,0.652,0.641,0.654,0.538,0.507,0.61,0.475,0.547,0.481,0.58,0.562,0.608,0.728,0.7,0.695,0.617,0.53,0.479,0.599,0.593,0.613,0.459,0.514,0.566,0.573,0.72,0.717,0.706,0.605,0.534,0.528,0.603,69.978,72.008,67.745,60.663,46.256,38.036,11.884,9.97,17.191,24.623,38.398,53.226,42.499,70.628,44.524,64.692,70.22,38.266,34.137,18.361,24.3,28.181,26.852,48.116,60.787,44.09,69.671,74.978,70.209,56.267,51.055,45.248,13.006,13.205,21.168,38.483,52.036,64.118,47.452,42.356,63.054,77.23,73.547,59.217,51.279,13.417,11.692,17.62,38.798,55.954,53.683,46.486,1.949,2.184,1.876,1.008,1.612,0.856,0.145,0.013,0.111,0.058,1.183,0.829,0.984,2.708,0.675,1.663,1.085,0.264,1.116,0.091,0.367,0.785,0.055,1.037,2.161,1.002,2.891,1.532,2.045,0.665,1.24,1.285,0.043,0.039,0.665,0.405,1.232,0.661,1.059,0.555,1.018,2.209,2.043,1.313,1.791,0.205,0.194,0.435,0.899,1.352,1.699,1.144
38.0,34.67,7.11,11.108,13.459,19.781,24.272,26.806,29.379,26.96,20.987,15.848,10.43,7.8,17.829,8.025,13.064,14.125,17.633,25.956,27.045,28.472,23.95,19.542,15.552,9.476,7.426,17.525,7.515,11.704,13.472,20.555,22.54,25.25,29.313,25.525,21.254,14.587,9.421,7.107,17.356,9.68,12.622,13.218,18.244,22.488,23.786,29.1,26.317,21.677,14.484,9.51,7.868,17.42,0.439,0.517,0.473,0.562,0.612,0.647,0.725,0.736,0.685,0.673,0.595,0.534,0.617,0.49,0.604,0.497,0.499,0.652,0.654,0.705,0.653,0.637,0.657,0.54,0.506,0.608,0.462,0.543,0.473,0.582,0.564,0.607,0.725,0.7,0.696,0.616,0.537,0.482,0.598,0.598,0.59,0.466,0.521,0.566,0.571,0.719,0.717,0.704,0.608,0.537,0.537,0.603,69.31,71.553,67.055,60.011,45.584,38.112,10.516,9.531,16.449,25.106,37.976,52.914,42.011,70.355,43.86,64.504,70.11,38.229,34.757,17.631,23.539,28.757,26.107,47.969,60.448,43.858,69.03,75.362,69.954,55.927,50.498,44.949,13.018,12.824,20.946,38.727,51.239,63.832,47.191,41.989,63.519,75.59,72.998,59.362,51.187,12.951,11.189,17.512,37.698,55.688,52.876,46.045,1.889,2.054,1.719,0.959,1.583,0.862,0.153,0.007,0.118,0.066,1.131,0.791,0.943,2.476,0.647,1.656,1.03,0.219,1.16,0.12,0.362,0.817,0.043,1.044,2.127,0.977,2.774,1.585,1.89,0.679,1.23,1.276,0.053,0.025,0.623,0.37,1.056,0.629,1.016,0.516,0.949,2.051,1.995,1.352,1.884,0.203,0.171,0.404,0.851,1.244,1.601,1.103
38.33,35.33,7.358,11.261,13.452,19.741,24.059,26.643,29.092,26.845,20.805,15.793,10.267,7.548,17.74,8.123,13.226,13.986,17.739,25.856,26.97,28.22,23.808,19.436,15.236,9.355,7.363,17.444,7.64,11.675,13.611,20.366,22.367,25.156,29.147,25.428,21.044,14.467,9.196,6.913,17.252,9.403,12.736,12.784,17.811,22.403,23.806,29.055,26.29,21.573,14.214,9.312,7.596,17.251,0.457,0.526,0.474,0.56,0.607,0.643,0.719,0.735,0.681,0.674,0.591,0.52,0.615,0.501,0.614,0.492,0.503,0.649,0.65,0.698,0.65,0.636,0.646,0.535,0.505,0.606,0.472,0.545,0.48,0.578,0.562,0.605,0.722,0.697,0.689,0.613,0.526,0.473,0.598,0.584,0.598,0.453,0.509,0.563,0.571,0.718,0.717,0.703,0.6,0.528,0.521,0.598,69.42,72.717,67.541,60.219,47.493,39.415,13.256,10.501,18.232,25.354,38.417,54.582,43.096,71.256,45.625,65.133,70.927,38.989,35.264,19.709,25.051,29.43,28.581,48.748,61.143,44.989,70.32,75.321,71.042,57.182,51.636,45.987,14.839,14.202,22.461,39.719,52.737,64.407,48.32,43.799,63.799,77.778,74.385,60.145,51.554,13.9,11.837,18.45,40.756,57.706,54.878,47.414,1.876,2.25,1.852,1.026,1.557,0.92,0.143,0.015,0.127,0.088,1.111,0.843,0.983,2.647,0.659,1.788,1.135,0.357,1.125,0.12,0.362,0.785,0.072,1.039,2.055,1.012,2.823,1.437,2.052,0.637,1.303,1.331,0.044,0.048,0.706,0.476,1.225,0.727,1.067,0.565,1.003,2.362,2.07,1.341,1.811,0.196,0.177,0.46,0.913,1.482,1.639,1.169
38.33,34.67,7.153,10.68,13.592,19.825,24.258,26.674,29.232,26.84,20.79,15.686,10.322,7.647,17.725,7.951,12.93,13.967,17.69,25.863,26.776,28.298,23.868,19.359,15.313,9.384,7.339,17.396,7.383,11.542,13.386,20.493,22.547,25.171,29.074,25.381,21.085,14.405,9.341,6.972,17.234,9.494,12.052,13.061,18.125,22.377,23.776,29.032,26.284,21.523,14.299,9.348,7.74,17.261,0.445,0.499,0.478,0.564,0.612,0.643,0.722,0.735,0.681,0.669,0.593,0.526,0.615,0.49,0.601,0.492,0.502,0.649,0.646,0.7,0.652,0.633,0.65,0.538,0.504,0.605,0.457,0.539,0.471,0.581,0.566,0.605,0.72,0.696,0.691,0.611,0.535,0.477,0.596,0.589,0.565,0.462,0.518,0.563,0.57,0.717,0.717,0.701,0.603,0.532,0.531,0.598,68.477,72.254,66.465,59.278,46.677,39.533,11.61,9.971,17.292,26.058,37.94,54.088,42.471,70.785,44.812,64.901,70.68,38.911,36.232,18.668,23.939,30.029,27.667,48.601,60.623,44.656,69.507,75.616,70.565,56.59,50.772,45.501,14.661,13.837,22.045,39.97,51.71,64.021,47.899,43.495,64.323,75.726,73.656,60.291,51.299,13.253,11.274,18.203,39.401,57.272,53.9,46.841,1.803,2.091,1.658,0.975,1.531,0.953,0.155,0.01,0.138,0.108,1.046,0.792,0.938,2.38,0.623,1.802,1.07,0.288,1.181,0.158,0.356,0.836,0.058,1.059,2.059,0.99,2.692,1.514,1.886,0.637,1.276,1.333,0.064,0.04,0.637,0.419,1.006,0.697,1.016,0.528,0.912,2.185,1.992,1.388,1.912,0.188,0.148,0.434,0.851,1.376,1.513,1.12
37.67,35.33,7.5,11.062,13.365,19.654,24.079,26.726,28.935,26.746,20.789,15.884,10.278,7.728,17.729,8.206,13.256,14.26,18.059,26.053,27.094,28.288,24.06,19.726,15.515,9.463,7.393,17.616,7.613,11.49,13.747,20.556,22.511,25.148,29.368,25.122,21.164,14.582,9.279,7.154,17.312,9.452,12.812,12.884,17.91,22.525,23.963,29.071,26.072,21.543,14.435,9.493,7.73,17.327,0.46,0.513,0.468,0.556,0.606,0.644,0.714,0.73,0.678,0.672,0.584,0.525,0.612,0.499,0.61,0.5,0.511,0.654,0.654,0.7,0.656,0.643,0.653,0.535,0.5,0.609,0.465,0.532,0.481,0.582,0.565,0.606,0.727,0.687,0.691,0.614,0.525,0.482,0.597,0.58,0.596,0.454,0.51,0.566,0.576,0.719,0.71,0.7,0.604,0.533,0.523,0.598,67.578,71.493,67.713,60.747,46.77,38.969,15.112,12.305,19.699,25.954,39.231,52.086,43.139,69.784,44.9,63.724,69.618,38.332,35.271,19.993,24.761,28.586,27.954,48.821,60.607,44.364,69.554,72.788,69.542,55.613,50.628,45.727,14.445,17.314,22.227,38.861,52.704,61.345,47.561,42.908,60.334,77.534,73.461,58.757,51.123,15.241,14.731,19.578,39.682,55.235,53.662,46.852,2.368,2.44,1.969,1.014,1.551,0.77,0.11,0.029,0.113,0.054,1.296,1.017,1.06,3.054,0.758,1.763,1.102,0.253,0.883,0.109,0.359,0.81,0.082,1.075,2.561,1.068,3.485,1.672,2.233,0.566,1.117,1.178,0.035,0.084,0.603,0.455,1.487,0.743,1.138,0.613,1.143,2.376,1.918,1.363,1.535,0.189,0.199,0.438,0.954,1.643,1.909,1.191
37.67,34.67,7.24,10.616,13.437,19.663,24.259,26.743,29.106,26.749,20.814,15.809,10.34,7.833,17.718,8.067,12.965,14.187,17.934,26.028,26.912,28.336,24.083,19.602,15.592,9.511,7.388,17.552,7.401,11.379,13.47,20.627,22.589,25.111,29.297,25.111,21.217,14.529,9.441,7.235,17.285,9.572,12.256,13.165,18.191,22.39,23.87,29.04,26.083,21.497,14.519,9.539,7.891,17.336,0.444,0.492,0.47,0.557,0.611,0.645,0.718,0.731,0.679,0.669,0.587,0.531,0.612,0.49,0.597,0.497,0.507,0.654,0.65,0.701,0.657,0.638,0.657,0.539,0.5,0.608,0.452,0.526,0.471,0.584,0.566,0.604,0.724,0.688,0.692,0.612,0.534,0.488,0.596,0.587,0.57,0.464,0.518,0.563,0.574,0.718,0.71,0.698,0.608,0.536,0.534,0.598,66.92,70.927,67.004,60.094,45.835,38.634,13.087,11.413,18.428,26.285,38.55,51.595,42.399,69.488,44.147,63.481,69.554,38.154,35.76,18.991,23.745,29.062,26.823,48.348,60.074,43.971,68.541,73.403,69.373,55.176,50.066,45.284,14.182,16.305,21.582,38.966,51.526,60.746,47.095,42.338,60.893,75.361,72.791,58.95,50.907,14.372,13.607,19.258,38.15,54.73,52.583,46.161,2.356,2.319,1.737,0.931,1.509,0.766,0.117,0.017,0.122,0.063,1.235,0.981,1.013,2.733,0.716,1.748,1.037,0.209,0.94,0.142,0.355,0.819,0.064,1.1,2.54,1.035,3.409,1.768,1.981,0.588,1.096,1.157,0.046,0.046,0.551,0.434,1.275,0.715,1.088,0.556,1.055,2.166,1.867,1.429,1.648,0.186,0.163,0.386,0.884,1.551,1.844,1.145
38.33,36.0,8.12,12.076,13.37,19.759,23.821,26.808,28.741,26.877,20.783,16.002,10.117,7.238,17.812,8.518,13.945,14.248,18.307,26.206,27.691,28.202,23.849,19.827,15.119,9.355,7.428,17.724,8.369,12.146,14.253,20.268,22.248,25.269,29.536,25.527,21.049,14.618,8.815,6.774,17.404,9.032,13.619,12.049,17.344,22.43,24.204,29.221,26.325,21.671,14.045,9.153,7.235,17.195,0.503,0.563,0.471,0.559,0.601,0.646,0.711,0.736,0.682,0.682,0.583,0.498,0.616,0.525,0.646,0.5,0.521,0.658,0.665,0.696,0.65,0.65,0.641,0.534,0.508,0.613,0.516,0.569,0.501,0.576,0.562,0.609,0.73,0.697,0.688,0.62,0.501,0.466,0.604,0.561,0.637,0.428,0.496,0.563,0.582,0.723,0.717,0.706,0.593,0.519,0.494,0.597,71.469,74.798,69.007,61.568,49.385,37.662,16.538,10.916,19.81,23.621,39.875,56.28,44.244,72.053,47.96,64.45,70.655,38.506,32.101,20.582,26.548,27.116,30.486,49.357,62.122,45.161,72.475,74.704,72.196,57.947,52.816,45.048,13.514,14.605,22.842,39.239,54.949,64.655,48.746,46.801,62.534,81.938,75.045,59.431,50.094,14.362,12.496,18.629,43.626,58.556,57.67,48.429,2.027,2.453,2.317,1.148,1.45,0.736,0.081,0.029,0.106,0.069,1.316,0.972,1.058,3.162,0.678,1.743,1.143,0.455,0.809,0.092,0.305,0.628,0.122,0.901,2.023,1.003,2.952,1.212,2.407,0.594,1.335,1.138,0.013,0.087,0.761,0.589,1.775,0.78,1.136,0.679,1.204,2.942,2.021,1.291,1.423,0.18,0.213,0.457,1.001,1.846,1.887,1.261
37.67,36.0,8.232,11.744,13.39,19.772,23.955,27.014,28.632,26.846,20.781,16.068,10.11,7.405,17.832,8.547,13.907,14.525,18.697,26.467,27.859,28.319,24.095,20.14,15.374,9.441,7.469,17.903,8.217,11.936,14.204,20.541,22.514,25.448,29.733,25.332,21.192,14.73,8.876,6.981,17.473,9.07,13.53,12.171,17.536,22.7,24.5,29.296,26.18,21.675,14.241,9.333,7.356,17.3,0.505,0.544,0.469,0.558,0.603,0.651,0.707,0.733,0.68,0.681,0.577,0.503,0.615,0.522,0.64,0.508,0.53,0.665,0.669,0.699,0.656,0.658,0.647,0.534,0.505,0.617,0.502,0.555,0.497,0.583,0.568,0.615,0.735,0.691,0.691,0.621,0.499,0.473,0.604,0.557,0.628,0.43,0.5,0.569,0.589,0.726,0.712,0.704,0.597,0.524,0.496,0.598,69.785,73.899,68.55,61.535,48.521,36.915,17.831,12.081,20.905,24.282,40.706,53.85,44.072,70.642,47.317,63.212,69.024,37.728,31.787,20.214,25.926,26.177,29.906,49.445,61.528,44.408,71.99,72.167,70.853,56.232,51.461,43.828,12.949,16.715,22.5,38.482,54.929,62.035,47.842,45.862,59.503,81.541,74.014,57.801,48.978,15.035,14.904,19.215,42.794,56.296,56.486,47.7,2.294,2.52,2.511,1.209,1.446,0.659,0.065,0.05,0.104,0.045,1.494,1.152,1.129,3.593,0.756,1.787,1.132,0.341,0.626,0.081,0.3,0.699,0.133,0.921,2.416,1.063,3.391,1.35,2.686,0.528,1.196,1.031,0.011,0.153,0.67,0.537,1.976,0.808,1.194,0.773,1.313,2.984,1.841,1.237,1.202,0.151,0.241,0.475,1.056,1.946,2.042,1.272
38.0,36.33,8.368,12.207,13.392,19.834,23.915,27.054,28.711,26.983,20.864,16.123,10.132,7.264,17.908,8.654,14.119,14.514,18.647,26.48,28.031,28.363,24.019,20.149,15.306,9.448,7.51,17.935,8.565,12.259,14.331,20.451,22.395,25.435,29.859,25.588,21.232,14.763,8.801,6.85,17.542,9.006,13.809,11.983,17.474,22.606,24.457,29.387,26.352,21.771,14.146,9.248,7.251,17.291,0.516,0.567,0.47,0.56,0.602,0.652,0.709,0.738,0.683,0.685,0.582,0.496,0.617,0.531,0.652,0.508,0.53,0.665,0.672,0.7,0.654,0.66,0.646,0.536,0.51,0.619,0.526,0.573,0.502,0.581,0.565,0.614,0.737,0.698,0.693,0.625,0.497,0.468,0.608,0.556,0.642,0.425,0.5,0.567,0.588,0.728,0.717,0.708,0.596,0.521,0.492,0.6,71.913,75.152,68.918,61.812,48.875,35.868,16.688,10.511,19.53,22.872,40.356,55.331,43.985,71.479,48.216,63.416,69.517,37.56,30.618,19.585,25.933,25.314,29.787,49.103,61.691,44.351,72.459,73.769,71.773,56.99,52.139,43.463,11.59,14.285,21.546,38.123,55.02,63.754,47.906,47.206,61.117,82.268,74.306,58.164,48.689,13.735,12.685,17.934,43.096,56.96,57.38,47.792,2.176,2.465,2.499,1.202,1.434,0.668,0.067,0.035,0.102,0.052,1.455,1.033,1.099,3.403,0.689,1.716,1.132,0.394,0.674,0.08,0.292,0.596,0.127,0.877,2.191,1.011,3.126,1.236,2.571,0.573,1.28,1.018,0.01,0.106,0.708,0.565,1.965,0.79,1.162,0.745,1.276,3.083,1.914,1.244,1.251,0.15,0.225,0.449,1.018,1.97,2.017,1.278
38.0,35.67,8.232,12.131,13.372,19.797,23.889,26.902,28.811,26.96,20.904,16.083,10.205,7.38,17.892,8.612,14.04,14.437,18.412,26.264,27.744,28.337,23.935,19.974,15.334,9.446,7.526,17.838,8.48,12.183,14.165,20.431,22.295,25.274,29.718,25.554,21.242,14.723,8.934,6.899,17.489,9.147,13.735,12.165,17.516,22.511,24.18,29.298,26.336,21.737,14.21,9.28,7.35,17.29,0.507,0.564,0.47,0.559,0.602,0.649,0.711,0.737,0.684,0.684,0.586,0.505,0.617,0.528,0.647,0.505,0.523,0.659,0.666,0.699,0.652,0.654,0.648,0.536,0.511,0.616,0.521,0.569,0.497,0.58,0.563,0.61,0.734,0.697,0.694,0.623,0.505,0.471,0.605,0.565,0.64,0.431,0.501,0.564,0.581,0.726,0.717,0.707,0.598,0.523,0.499,0.6,71.62,74.42,69.074,61.917,48.595,36.897,15.998,10.726,19.178,23.316,39.932,54.754,43.869,71.468,47.193,64.256,70.202,38.094,32.044,19.932,25.9,26.318,29.413,49.092,61.764,44.639,71.86,74.077,71.584,57.093,52.397,44.688,12.488,14.459,21.637,38.23,54.399,63.798,48.056,45.797,61.817,81.504,74.53,58.731,50.114,14.106,12.806,18.044,42.05,57.171,56.752,47.782,2.151,2.464,2.35,1.155,1.505,0.731,0.086,0.031,0.107,0.053,1.363,0.972,1.079,3.274,0.707,1.714,1.172,0.385,0.788,0.083,0.321,0.651,0.108,0.93,2.25,1.029,3.153,1.315,2.482,0.589,1.246,1.097,0.016,0.093,0.724,0.545,1.793,0.771,1.151,0.699,1.217,2.842,1.953,1.266,1.385,0.168,0.223,0.464,1.021,1.817,1.931,1.248
38.33,36.33,8.037,11.982,13.372,19.749,23.851,26.887,28.693,26.857,20.712,15.986,10.052,7.159,17.781,8.426,13.851,14.233,18.355,26.336,27.84,28.201,23.911,19.899,15.07,9.325,7.36,17.734,8.246,12.093,14.446,20.241,22.371,25.403,29.56,25.516,20.969,14.604,8.722,6.726,17.407,8.953,13.561,12.003,17.32,22.502,24.413,29.234,26.304,21.669,13.984,9.115,7.18,17.186,0.499,0.559,0.47,0.559,0.601,0.648,0.71,0.736,0.679,0.682,0.579,0.492,0.615,0.52,0.643,0.5,0.523,0.662,0.669,0.696,0.652,0.652,0.639,0.533,0.504,0.614,0.51,0.567,0.508,0.576,0.564,0.612,0.73,0.697,0.686,0.619,0.496,0.463,0.605,0.556,0.634,0.426,0.495,0.566,0.588,0.724,0.717,0.707,0.591,0.518,0.491,0.597,71.128,74.976,68.599,61.152,49.466,37.26,16.78,10.871,20.16,23.648,40.078,56.883,44.25,71.938,48.555,63.739,70.102,38.186,31.231,20.229,26.471,26.797,30.656,49.366,62.0,44.94,72.836,74.553,72.102,57.858,52.375,44.221,13.093,14.611,23.141,39.533,55.32,64.77,48.698,47.621,62.082,82.035,74.806,59.161,49.02,14.197,12.443,18.802,44.46,58.536,57.965,48.425,2.01,2.417,2.357,1.156,1.395,0.695,0.072,0.03,0.099,0.07,1.361,1.015,1.057,3.17,0.659,1.743,1.078,0.455,0.759,0.091,0.284,0.602,0.135,0.868,1.92,0.979,2.87,1.171,2.396,0.588,1.382,1.113,0.011,0.09,0.74,0.589,1.837,0.777,1.13,0.686,1.229,3.072,2.025,1.293,1.372,0.178,0.21,0.435,0.972,1.911,1.927,1.276
38.33,35.67,7.857,11.841,13.38,19.732,23.863,26.737,28.814,26.846,20.76,15.927,10.134,7.309,17.769,8.376,13.709,14.136,18.108,26.081,27.472,28.166,23.818,19.688,15.109,9.326,7.386,17.615,8.094,11.972,14.088,20.254,22.279,25.251,29.375,25.485,20.995,14.557,8.896,6.796,17.336,9.126,13.396,12.251,17.425,22.445,24.1,29.149,26.297,21.629,14.062,9.181,7.316,17.199,0.488,0.553,0.471,0.559,0.602,0.644,0.713,0.735,0.68,0.679,0.584,0.503,0.615,0.517,0.636,0.496,0.515,0.655,0.661,0.695,0.649,0.646,0.64,0.533,0.506,0.611,0.5,0.56,0.496,0.576,0.562,0.608,0.726,0.697,0.687,0.617,0.507,0.467,0.602,0.567,0.628,0.435,0.498,0.564,0.579,0.721,0.717,0.705,0.594,0.521,0.5,0.597,70.7,74.129,68.593,61.129,48.976,38.368,15.872,10.964,19.655,24.238,39.521,55.975,44.01,71.878,47.4,64.66,70.755,38.742,32.983,20.572,26.312,27.971,30.197,49.293,61.935,45.225,72.033,74.804,71.869,57.844,52.519,45.421,14.238,14.667,23.057,39.585,54.54,64.689,48.77,45.913,62.809,80.902,74.974,59.662,50.541,14.414,12.48,18.772,43.2,58.557,57.007,48.267,1.971,2.41,2.195,1.117,1.484,0.796,0.1,0.027,0.11,0.072,1.253,0.949,1.04,3.031,0.679,1.766,1.149,0.442,0.91,0.095,0.325,0.678,0.11,0.941,2.002,1.009,2.907,1.261,2.319,0.608,1.344,1.213,0.019,0.077,0.759,0.563,1.623,0.769,1.121,0.645,1.155,2.789,2.064,1.297,1.543,0.189,0.206,0.464,0.981,1.738,1.812,1.24
37.67,36.33,8.14,11.581,13.426,19.791,24.05,27.187,28.585,26.846,20.722,16.06,10.035,7.357,17.818,8.453,13.775,14.552,18.838,26.659,28.062,28.34,24.188,20.263,15.361,9.429,7.413,17.944,8.024,11.843,14.263,20.587,22.701,25.681,29.773,25.338,21.145,14.738,8.789,6.977,17.487,8.998,13.424,12.185,17.604,22.863,24.806,29.345,26.159,21.683,14.207,9.343,7.331,17.329,0.499,0.536,0.469,0.559,0.605,0.655,0.706,0.734,0.677,0.68,0.572,0.499,0.614,0.516,0.634,0.509,0.535,0.67,0.674,0.7,0.659,0.662,0.647,0.533,0.501,0.619,0.49,0.55,0.499,0.585,0.572,0.619,0.735,0.691,0.689,0.62,0.494,0.472,0.605,0.552,0.622,0.43,0.502,0.574,0.597,0.727,0.712,0.704,0.595,0.525,0.495,0.599,69.224,73.958,67.873,60.932,48.267,35.89,17.916,11.808,21.182,24.35,41.016,53.991,43.867,70.332,47.781,62.221,67.998,37.121,30.428,19.491,25.621,25.517,29.968,49.343,61.26,43.923,72.289,71.55,70.594,55.732,50.67,42.244,12.315,16.388,22.578,38.582,55.262,61.698,47.489,46.468,58.477,81.363,73.405,57.035,47.286,14.575,14.814,19.192,43.511,55.793,56.486,47.365,2.275,2.465,2.6,1.242,1.383,0.615,0.056,0.054,0.099,0.042,1.571,1.243,1.138,3.673,0.741,1.801,1.067,0.323,0.559,0.077,0.28,0.687,0.146,0.887,2.342,1.047,3.323,1.306,2.735,0.516,1.229,0.99,0.008,0.169,0.637,0.526,2.059,0.815,1.192,0.806,1.351,3.112,1.803,1.205,1.124,0.138,0.242,0.462,1.035,2.012,2.083,1.281
37.67,35.67,8.003,11.507,13.371,19.719,23.964,26.913,28.669,26.781,20.743,16.002,10.133,7.495,17.777,8.425,13.695,14.448,18.519,26.344,27.633,28.278,24.095,20.028,15.396,9.426,7.421,17.809,7.972,11.75,14.121,20.528,22.538,25.377,29.598,25.219,21.138,14.678,8.968,7.032,17.409,9.166,13.342,12.375,17.604,22.698,24.376,29.207,26.104,21.617,14.286,9.375,7.451,17.301,0.491,0.533,0.468,0.557,0.604,0.648,0.708,0.731,0.677,0.677,0.577,0.509,0.613,0.513,0.63,0.506,0.525,0.662,0.665,0.698,0.657,0.654,0.648,0.533,0.502,0.615,0.487,0.545,0.494,0.582,0.568,0.612,0.732,0.688,0.689,0.618,0.505,0.475,0.601,0.563,0.62,0.437,0.502,0.57,0.586,0.723,0.71,0.702,0.598,0.526,0.503,0.598,68.737,73.032,68.282,61.268,48.116,37.764,17.593,12.573,21.072,25.011,40.461,53.302,43.935,70.281,46.65,63.235,69.074,37.964,32.868,20.437,25.756,27.011,29.597,49.447,61.315,44.47,71.425,71.975,70.275,56.004,51.126,44.483,13.715,17.514,22.777,38.746,54.545,61.689,47.854,44.973,59.308,80.552,73.875,57.976,49.599,15.47,15.414,19.653,42.231,56.016,55.723,47.564,2.345,2.527,2.38,1.159,1.482,0.688,0.076,0.047,0.103,0.044,1.448,1.139,1.12,3.501,0.774,1.79,1.128,0.317,0.685,0.085,0.321,0.744,0.123,0.969,2.483,1.075,3.468,1.448,2.598,0.529,1.172,1.081,0.015,0.142,0.651,0.512,1.867,0.794,1.189,0.731,1.286,2.829,1.874,1.266,1.277,0.165,0.235,0.473,1.037,1.87,2.017,1.255
38.33,37.0,7.919,11.814,13.44,19.817,24.039,27.48,28.548,26.974,20.636,16.055,9.858,6.917,17.793,8.239,13.667,14.531,18.832,27.052,28.739,28.357,24.247,20.486,15.155,9.334,7.19,17.987,7.856,12.037,14.9,20.378,22.943,26.072,29.962,25.651,20.928,14.712,8.419,6.668,17.545,8.581,13.546,11.827,17.444,22.908,25.371,29.478,26.331,21.816,13.906,9.059,7.007,17.271,0.493,0.55,0.471,0.563,0.603,0.661,0.707,0.741,0.677,0.684,0.566,0.473,0.616,0.509,0.637,0.513,0.538,0.681,0.691,0.701,0.661,0.669,0.641,0.533,0.492,0.622,0.485,0.565,0.523,0.582,0.576,0.625,0.738,0.703,0.682,0.621,0.479,0.458,0.611,0.533,0.632,0.419,0.496,0.578,0.613,0.73,0.717,0.712,0.586,0.515,0.48,0.601,71.107,76.236,67.327,60.25,49.112,33.522,16.82,9.283,19.715,22.297,41.134,58.278,43.756,71.651,51.129,60.638,67.059,36.043,26.359,17.495,25.474,23.22,29.844,48.693,61.351,43.249,74.132,73.136,71.82,56.719,49.996,39.303,9.019,13.133,21.873,39.002,56.252,64.73,47.424,52.23,59.994,82.348,73.377,57.027,43.661,12.06,11.172,17.434,46.04,56.781,58.718,47.569,2.111,2.181,2.66,1.258,1.221,0.493,0.041,0.025,0.069,0.054,1.72,1.172,1.087,3.271,0.538,1.654,0.801,0.358,0.481,0.067,0.204,0.415,0.197,0.724,1.616,0.859,2.629,1.033,2.452,0.618,1.574,0.855,0.006,0.077,0.575,0.524,2.265,0.743,1.114,0.764,1.392,3.905,2.037,1.26,1.046,0.13,0.205,0.312,0.815,2.364,2.283,1.377
37.67,37.0,7.93,11.466,13.545,19.949,24.314,27.853,28.489,27.004,20.66,16.103,9.828,7.106,17.856,8.26,13.543,14.799,19.317,27.338,28.979,28.471,24.463,20.782,15.387,9.445,7.28,18.174,7.596,11.859,14.502,20.739,23.267,26.469,30.074,25.611,21.092,14.833,8.473,6.913,17.62,8.633,13.364,12.117,17.891,23.33,25.809,29.605,26.247,21.829,14.088,9.307,7.167,17.447,0.488,0.53,0.472,0.565,0.61,0.67,0.705,0.74,0.675,0.682,0.559,0.48,0.616,0.504,0.626,0.52,0.551,0.688,0.697,0.703,0.666,0.677,0.648,0.533,0.492,0.626,0.464,0.552,0.506,0.591,0.584,0.635,0.741,0.701,0.685,0.622,0.478,0.468,0.611,0.53,0.619,0.427,0.509,0.587,0.623,0.732,0.714,0.71,0.59,0.523,0.485,0.605,69.539,75.426,66.187,59.54,47.804,31.137,16.845,9.057,19.999,22.672,41.751,55.596,42.962,70.23,50.081,58.947,64.879,35.023,24.418,16.112,24.461,21.605,29.281,48.32,60.424,41.983,73.577,70.419,70.558,54.604,48.326,36.279,8.198,12.937,21.089,37.968,56.07,61.935,45.994,51.021,56.5,81.058,71.447,54.75,41.038,11.57,12.221,17.237,45.269,54.065,57.109,46.106,2.266,2.153,2.876,1.355,1.182,0.436,0.033,0.039,0.069,0.032,1.909,1.397,1.148,3.673,0.576,1.687,0.785,0.259,0.347,0.051,0.202,0.457,0.194,0.724,1.876,0.901,2.878,1.087,2.736,0.595,1.447,0.744,0.003,0.13,0.49,0.471,2.435,0.796,1.152,0.875,1.496,3.916,1.823,1.103,0.856,0.085,0.218,0.335,0.839,2.426,2.35,1.361
38.0,37.33,7.865,11.683,13.495,19.956,24.25,27.813,28.543,27.091,20.694,16.129,9.853,6.952,17.862,8.22,13.535,14.768,19.198,27.365,29.065,28.494,24.47,20.804,15.361,9.427,7.229,18.163,7.635,11.995,14.628,20.651,23.23,26.418,30.169,25.729,21.075,14.854,8.432,6.789,17.635,8.473,13.476,11.946,17.788,23.243,25.761,29.657,26.352,21.911,14.021,9.226,7.077,17.409,0.487,0.542,0.471,0.567,0.608,0.669,0.706,0.743,0.677,0.685,0.563,0.471,0.616,0.505,0.629,0.521,0.548,0.688,0.699,0.704,0.666,0.677,0.648,0.535,0.492,0.627,0.468,0.561,0.511,0.589,0.583,0.632,0.743,0.705,0.685,0.625,0.478,0.463,0.614,0.523,0.626,0.422,0.506,0.586,0.622,0.734,0.717,0.715,0.589,0.521,0.482,0.605,70.576,76.419,66.5,59.836,48.087,31.364,16.31,8.288,19.14,21.699,41.377,57.324,43.076,71.299,51.257,58.922,65.161,34.813,24.448,15.901,24.508,21.219,28.893,48.12,60.464,42.086,73.852,71.635,71.192,55.304,48.383,36.636,7.146,12.291,20.383,37.76,56.061,63.713,46.193,53.902,58.034,81.509,72.187,55.261,41.243,10.819,10.883,16.359,45.472,54.352,57.709,46.476,2.296,2.113,2.841,1.33,1.188,0.433,0.036,0.024,0.062,0.035,1.935,1.27,1.133,3.476,0.511,1.627,0.746,0.274,0.365,0.05,0.192,0.358,0.208,0.703,1.71,0.85,2.755,1.05,2.601,0.647,1.572,0.719,0.003,0.078,0.484,0.472,2.497,0.749,1.137,0.837,1.478,4.192,1.985,1.167,0.897,0.084,0.208,0.285,0.769,2.603,2.479,1.416
38.0,36.67,8.065,11.988,13.464,19.927,24.191,27.629,28.598,27.079,20.736,16.144,9.935,7.035,17.902,8.398,13.75,14.652,19.049,27.157,28.818,28.5,24.384,20.648,15.331,9.44,7.323,18.122,8.088,12.162,14.604,20.581,23.004,26.161,30.149,25.702,21.128,14.851,8.519,6.78,17.645,8.713,13.646,11.925,17.706,23.132,25.412,29.615,26.37,21.895,14.036,9.273,7.14,17.403,0.499,0.556,0.471,0.565,0.607,0.665,0.708,0.743,0.679,0.686,0.568,0.477,0.617,0.516,0.638,0.516,0.544,0.683,0.692,0.704,0.664,0.673,0.647,0.536,0.498,0.625,0.496,0.569,0.51,0.587,0.578,0.627,0.743,0.704,0.687,0.625,0.482,0.463,0.614,0.538,0.634,0.422,0.504,0.582,0.613,0.734,0.717,0.714,0.59,0.523,0.486,0.605,71.461,76.18,67.095,60.307,48.161,32.474,16.581,9.066,19.494,22.029,41.029,56.587,43.371,70.856,50.704,59.854,66.263,35.409,26.074,16.897,24.843,22.313,29.171,48.289,60.509,42.601,73.349,72.647,71.246,55.782,49.516,38.485,8.2,12.916,20.668,37.827,55.91,63.826,46.694,51.163,58.724,81.907,72.489,55.926,43.234,11.612,11.445,16.99,45.066,54.732,57.443,46.726,2.205,2.22,2.764,1.294,1.242,0.501,0.042,0.029,0.075,0.04,1.763,1.183,1.116,3.478,0.571,1.659,0.87,0.318,0.451,0.059,0.219,0.437,0.174,0.742,1.838,0.899,2.822,1.087,2.595,0.598,1.472,0.814,0.003,0.095,0.564,0.512,2.312,0.77,1.138,0.817,1.407,3.772,1.908,1.181,0.992,0.102,0.211,0.345,0.864,2.339,2.284,1.353
38.33,37.33,7.79,11.504,13.457,19.77,23.984,27.514,28.473,26.923,20.589,16.013,9.783,6.864,17.723,8.098,13.536,14.601,18.865,27.103,28.808,28.276,24.214,20.504,15.135,9.292,7.088,17.962,7.452,11.838,14.923,20.368,23.02,26.149,29.877,25.608,20.842,14.657,8.358,6.677,17.481,8.382,13.392,11.816,17.369,22.847,25.521,29.431,26.282,21.778,13.883,8.947,6.929,17.213,0.486,0.537,0.472,0.561,0.602,0.662,0.704,0.739,0.676,0.682,0.562,0.47,0.614,0.5,0.63,0.516,0.538,0.682,0.693,0.699,0.66,0.67,0.641,0.531,0.486,0.621,0.461,0.555,0.524,0.582,0.579,0.627,0.736,0.702,0.679,0.619,0.477,0.459,0.609,0.52,0.626,0.417,0.494,0.576,0.616,0.727,0.717,0.712,0.585,0.509,0.474,0.599,70.26,76.184,67.305,60.202,49.473,33.443,16.999,9.147,19.633,22.355,41.54,59.007,43.795,72.31,51.382,60.789,66.836,36.057,25.841,17.414,25.661,23.039,29.966,48.846,61.917,43.34,74.736,72.307,72.049,56.748,49.6,38.777,9.034,13.231,22.218,39.395,56.393,64.596,47.422,54.081,60.023,82.335,73.713,57.096,42.989,12.01,11.073,17.255,46.332,57.468,59.385,47.812,2.163,2.116,2.677,1.274,1.201,0.45,0.038,0.023,0.061,0.054,1.82,1.244,1.095,3.231,0.502,1.642,0.712,0.332,0.429,0.064,0.187,0.378,0.234,0.706,1.525,0.827,2.589,1.016,2.444,0.65,1.654,0.806,0.008,0.07,0.525,0.496,2.37,0.721,1.113,0.763,1.439,4.216,2.125,1.289,0.991,0.13,0.207,0.27,0.754,2.54,2.421,1.43
38.33,36.67,7.965,11.851,13.416,19.775,23.945,27.286,28.556,26.905,20.634,16.023,9.888,6.966,17.77,8.289,13.743,14.429,18.69,26.834,28.488,28.276,24.116,20.29,15.087,9.312,7.222,17.899,7.956,12.048,14.83,20.3,22.752,25.87,29.802,25.593,20.897,14.656,8.472,6.671,17.487,8.66,13.558,11.84,17.343,22.744,25.107,29.375,26.306,21.751,13.9,9.032,7.022,17.218,0.496,0.552,0.471,0.561,0.601,0.657,0.707,0.738,0.677,0.683,0.568,0.477,0.615,0.512,0.64,0.509,0.533,0.675,0.685,0.699,0.658,0.664,0.639,0.532,0.495,0.619,0.492,0.565,0.521,0.579,0.573,0.621,0.735,0.701,0.682,0.62,0.482,0.459,0.608,0.538,0.634,0.42,0.494,0.573,0.606,0.727,0.717,0.71,0.587,0.514,0.481,0.599,71.075,75.888,67.828,60.557,49.528,34.785,17.103,9.937,20.082,22.782,40.949,58.155,44.055,71.866,50.424,61.74,68.122,36.857,27.686,18.521,26.034,24.417,30.397,49.005,61.795,43.907,73.996,73.514,72.08,57.275,50.899,40.86,10.518,13.731,22.689,39.434,56.138,64.772,47.99,50.959,60.705,82.514,73.939,57.856,45.253,12.937,11.672,18.079,45.911,57.78,58.853,48.037,2.052,2.244,2.578,1.232,1.256,0.535,0.045,0.027,0.076,0.062,1.616,1.144,1.074,3.239,0.57,1.678,0.863,0.399,0.549,0.075,0.219,0.464,0.186,0.752,1.656,0.886,2.654,1.045,2.434,0.61,1.53,0.928,0.007,0.085,0.629,0.551,2.153,0.753,1.115,0.74,1.354,3.697,2.038,1.276,1.127,0.15,0.208,0.344,0.859,2.233,2.174,1.351
37.67,37.33,7.777,11.106,13.583,19.965,24.321,27.946,28.409,26.95,20.611,16.058,9.748,7.091,17.799,8.127,13.392,14.906,19.431,27.409,29.084,28.4,24.462,20.833,15.393,9.427,7.225,18.176,7.162,11.672,14.473,20.795,23.406,26.634,29.968,25.583,21.026,14.791,8.421,6.964,17.575,8.454,13.169,12.195,17.959,23.355,26.036,29.563,26.183,21.78,14.092,9.243,7.121,17.428,0.478,0.514,0.473,0.566,0.61,0.673,0.702,0.738,0.673,0.679,0.554,0.479,0.614,0.495,0.618,0.524,0.553,0.689,0.7,0.701,0.666,0.678,0.648,0.532,0.488,0.626,0.437,0.543,0.506,0.592,0.588,0.638,0.739,0.7,0.682,0.621,0.475,0.47,0.609,0.518,0.61,0.429,0.51,0.588,0.628,0.73,0.713,0.709,0.589,0.52,0.481,0.604,68.422,75.285,65.836,59.211,48.084,30.573,16.817,8.702,19.871,22.718,42.135,55.863,42.792,70.576,49.885,58.681,64.366,35.098,23.296,15.676,24.451,21.08,29.358,48.339,60.674,41.791,74.016,69.155,70.558,54.299,47.708,35.083,8.181,12.655,21.362,38.166,56.126,61.316,45.716,52.569,55.862,80.595,71.233,54.5,39.721,11.432,12.191,17.071,45.471,54.281,57.425,46.028,2.336,2.067,2.909,1.388,1.145,0.383,0.03,0.035,0.059,0.03,2.041,1.497,1.162,3.668,0.533,1.662,0.687,0.23,0.29,0.045,0.186,0.403,0.221,0.7,1.781,0.866,2.831,1.055,2.749,0.65,1.502,0.676,0.003,0.117,0.428,0.439,2.565,0.792,1.151,0.887,1.565,4.23,1.882,1.075,0.785,0.078,0.214,0.291,0.761,2.61,2.473,1.405
37.67,36.67,8.007,11.434,13.521,19.894,24.233,27.686,28.479,26.93,20.659,16.086,9.859,7.178,17.833,8.309,13.616,14.744,19.231,27.172,28.754,28.417,24.378,20.646,15.365,9.431,7.309,18.115,7.668,11.818,14.447,20.702,23.124,26.284,29.964,25.508,21.088,14.796,8.535,6.943,17.573,8.715,13.36,12.122,17.784,23.201,25.59,29.516,26.198,21.771,14.116,9.3,7.195,17.405,0.491,0.529,0.472,0.563,0.609,0.667,0.704,0.738,0.675,0.681,0.561,0.485,0.615,0.507,0.628,0.517,0.547,0.683,0.691,0.702,0.664,0.673,0.647,0.532,0.494,0.624,0.468,0.55,0.505,0.589,0.582,0.631,0.739,0.697,0.685,0.621,0.48,0.469,0.609,0.535,0.619,0.427,0.506,0.584,0.617,0.73,0.713,0.708,0.591,0.523,0.486,0.603,69.23,74.935,66.67,59.912,48.088,32.473,17.482,10.051,20.628,23.317,41.755,55.097,43.302,70.232,49.385,59.949,65.697,35.678,25.916,17.163,24.937,22.737,29.713,48.713,60.834,42.58,73.406,70.395,70.614,54.907,49.0,37.8,9.595,14.141,21.876,38.322,55.979,61.592,46.466,49.616,56.83,81.3,71.997,55.354,42.61,12.641,13.272,18.021,45.0,54.771,57.113,46.542,2.245,2.231,2.836,1.342,1.223,0.469,0.035,0.048,0.077,0.035,1.835,1.397,1.15,3.726,0.628,1.732,0.85,0.275,0.38,0.058,0.216,0.532,0.189,0.757,1.995,0.943,2.989,1.127,2.778,0.566,1.384,0.805,0.004,0.157,0.53,0.486,2.355,0.806,1.166,0.872,1.473,3.723,1.795,1.121,0.899,0.1,0.23,0.375,0.903,2.311,2.274,1.341
38.33,38.0,7.37,10.455,13.49,19.733,23.939,27.913,28.244,26.917,20.558,15.976,9.565,6.759,17.574,7.642,13.008,15.042,19.332,27.549,29.405,28.152,24.28,20.875,15.263,9.239,6.853,18.055,6.115,11.296,14.581,20.628,23.455,26.741,29.838,25.653,20.79,14.646,8.212,6.812,17.397,7.699,12.853,11.853,17.484,22.945,26.312,29.476,26.202,21.791,13.905,8.753,6.76,17.169,0.46,0.49,0.472,0.56,0.601,0.672,0.698,0.737,0.676,0.679,0.548,0.464,0.61,0.472,0.604,0.53,0.549,0.692,0.709,0.696,0.662,0.68,0.648,0.527,0.469,0.625,0.378,0.53,0.513,0.589,0.59,0.641,0.735,0.704,0.677,0.62,0.47,0.468,0.606,0.476,0.602,0.416,0.496,0.58,0.635,0.725,0.715,0.713,0.585,0.499,0.461,0.596,67.72,76.534,66.872,60.22,49.663,31.28,16.775,7.362,18.066,21.447,42.738,60.564,43.271,74.166,52.428,59.99,64.35,34.504,21.88,15.713,25.302,19.961,29.514,48.719,62.331,42.404,75.866,68.422,72.525,55.852,46.834,34.315,6.909,11.98,20.887,39.114,56.306,63.381,46.031,61.816,58.765,81.656,73.726,55.684,38.448,10.245,10.041,14.918,46.5,57.38,60.594,47.48,2.529,1.838,2.93,1.445,1.179,0.269,0.031,0.011,0.033,0.037,2.33,1.477,1.175,3.176,0.347,1.554,0.396,0.175,0.172,0.034,0.134,0.178,0.398,0.654,1.301,0.709,2.564,0.979,2.566,0.82,1.959,0.514,0.011,0.023,0.278,0.376,2.926,0.64,1.139,0.817,1.662,5.56,2.453,1.332,0.695,0.089,0.214,0.101,0.504,3.39,3.051,1.659
37.67,38.0,7.299,10.123,13.609,20.025,24.306,28.271,28.192,26.928,20.564,15.991,9.557,6.968,17.651,7.676,12.926,15.288,19.854,27.76,29.632,28.281,24.514,21.148,15.468,9.382,7.046,18.25,5.916,11.257,14.319,21.022,23.846,27.204,29.847,25.676,20.941,14.754,8.274,7.069,17.51,7.783,12.647,12.276,18.175,23.45,26.783,29.556,26.114,21.764,14.092,9.022,6.936,17.384,0.449,0.47,0.474,0.567,0.61,0.681,0.696,0.736,0.673,0.675,0.542,0.472,0.611,0.467,0.596,0.536,0.563,0.697,0.715,0.698,0.667,0.687,0.653,0.529,0.477,0.629,0.361,0.523,0.502,0.599,0.599,0.651,0.736,0.703,0.679,0.621,0.468,0.478,0.608,0.475,0.587,0.429,0.515,0.591,0.646,0.727,0.712,0.709,0.588,0.509,0.467,0.601,66.122,75.748,65.114,58.819,48.675,28.697,16.251,6.556,17.924,21.466,42.833,57.565,42.148,72.337,50.168,57.584,62.243,34.187,19.012,13.767,23.917,17.938,29.008,48.008,60.779,40.744,75.081,65.657,71.052,53.695,45.058,30.773,6.275,10.844,20.119,37.818,55.851,60.299,44.375,60.136,55.003,79.594,70.924,53.534,35.123,9.734,10.902,14.901,45.607,54.456,58.533,45.703,2.676,1.762,3.072,1.545,1.102,0.208,0.023,0.01,0.023,0.019,2.527,1.637,1.216,3.475,0.341,1.523,0.354,0.124,0.098,0.019,0.132,0.141,0.353,0.631,1.403,0.715,2.67,0.951,2.749,0.888,1.819,0.398,0.004,0.031,0.204,0.328,3.095,0.73,1.156,0.905,1.795,5.596,2.243,1.056,0.556,0.043,0.197,0.109,0.457,3.433,3.044,1.622
38.0,38.33,7.171,10.03,13.501,19.914,24.167,28.198,28.266,27.013,20.609,16.031,9.573,6.816,17.605,7.494,12.796,15.233,19.741,27.811,29.695,28.296,24.478,21.152,15.447,9.308,6.924,18.2,5.719,11.159,14.318,20.954,23.798,27.149,29.928,25.761,20.936,14.772,8.25,6.944,17.473,7.52,12.626,12.051,17.935,23.284,26.752,29.609,26.207,21.848,14.036,8.906,6.834,17.301,0.444,0.468,0.471,0.564,0.607,0.679,0.698,0.737,0.677,0.678,0.546,0.465,0.61,0.459,0.592,0.535,0.56,0.698,0.717,0.699,0.667,0.688,0.654,0.528,0.472,0.628,0.351,0.521,0.502,0.598,0.598,0.65,0.737,0.706,0.68,0.623,0.469,0.473,0.608,0.462,0.589,0.421,0.509,0.588,0.646,0.727,0.715,0.714,0.588,0.505,0.463,0.599,66.597,76.663,65.718,59.522,48.719,29.507,15.722,6.0,17.33,20.816,42.612,59.4,42.385,74.096,51.307,58.249,62.446,33.318,19.463,13.8,24.078,17.987,28.849,48.267,61.226,41.088,75.432,66.58,71.802,54.298,44.827,31.355,5.43,10.664,19.582,37.891,55.786,62.051,44.64,63.93,56.929,80.426,72.45,53.868,35.677,9.077,9.898,13.845,45.745,55.257,59.393,46.374,2.753,1.782,3.091,1.538,1.149,0.21,0.026,0.006,0.021,0.022,2.57,1.582,1.228,3.366,0.315,1.529,0.33,0.119,0.088,0.019,0.121,0.109,0.414,0.646,1.353,0.7,2.698,0.974,2.722,0.899,1.971,0.397,0.005,0.014,0.195,0.332,3.201,0.652,1.172,0.886,1.761,5.905,2.453,1.19,0.59,0.047,0.212,0.074,0.434,3.693,3.251,1.711
38.0,37.67,7.28,10.451,13.527,19.978,24.217,28.114,28.347,27.039,20.621,16.058,9.647,6.783,17.67,7.64,12.916,15.166,19.599,27.727,29.538,28.327,24.509,21.074,15.441,9.353,6.98,18.192,6.028,11.342,14.427,20.874,23.671,26.963,29.984,25.75,20.939,14.801,8.276,6.896,17.495,7.616,12.843,12.025,17.896,23.25,26.531,29.631,26.247,21.874,14.041,8.976,6.869,17.317,0.451,0.487,0.472,0.566,0.608,0.677,0.7,0.739,0.677,0.679,0.55,0.462,0.611,0.468,0.598,0.534,0.556,0.696,0.713,0.7,0.667,0.685,0.653,0.53,0.475,0.628,0.369,0.53,0.506,0.595,0.595,0.645,0.738,0.706,0.68,0.625,0.471,0.47,0.609,0.468,0.598,0.421,0.507,0.587,0.641,0.729,0.717,0.715,0.588,0.509,0.466,0.6,66.881,76.641,65.727,59.356,48.62,29.768,15.736,6.36,17.78,20.971,42.431,59.65,42.494,74.052,51.47,58.199,63.05,33.904,20.915,14.159,24.233,18.842,28.674,48.261,61.341,41.424,75.344,67.687,71.701,54.449,45.632,32.673,5.711,10.983,20.025,37.777,55.97,62.912,45.07,63.022,57.056,80.482,72.675,54.276,37.078,9.4,9.878,14.444,45.787,54.98,59.129,46.516,2.677,1.853,3.028,1.458,1.125,0.254,0.026,0.009,0.027,0.023,2.468,1.54,1.207,3.449,0.351,1.552,0.411,0.15,0.141,0.025,0.128,0.153,0.352,0.645,1.434,0.732,2.735,0.987,2.688,0.85,1.877,0.462,0.004,0.027,0.258,0.352,3.087,0.67,1.167,0.882,1.702,5.57,2.357,1.17,0.663,0.05,0.214,0.114,0.496,3.516,3.149,1.659
38.33,38.33,7.436,10.307,13.459,19.595,23.818,27.903,28.153,26.856,20.538,15.937,9.496,6.841,17.526,7.639,13.037,15.018,19.331,27.52,29.448,28.085,24.177,20.851,15.204,9.182,6.828,18.028,6.178,11.256,14.53,20.601,23.422,26.773,29.777,25.627,20.775,14.581,8.196,6.83,17.379,7.84,12.77,11.833,17.401,22.903,26.325,29.412,26.157,21.743,13.855,8.684,6.749,17.139,0.464,0.483,0.471,0.556,0.599,0.672,0.696,0.735,0.675,0.678,0.545,0.47,0.61,0.472,0.606,0.529,0.549,0.692,0.71,0.695,0.661,0.68,0.647,0.525,0.468,0.624,0.383,0.527,0.511,0.589,0.588,0.642,0.734,0.703,0.676,0.618,0.47,0.47,0.605,0.486,0.599,0.415,0.494,0.578,0.635,0.723,0.713,0.71,0.584,0.495,0.462,0.595,68.257,76.374,67.343,60.73,49.983,31.547,17.289,7.767,18.057,21.684,42.941,60.048,43.502,73.468,52.604,60.678,64.466,34.334,21.272,16.209,25.576,19.826,30.012,48.844,62.247,42.46,75.734,68.111,72.715,56.223,47.02,34.051,7.292,12.156,20.784,39.626,56.297,62.628,46.051,60.143,58.936,82.058,73.543,55.819,38.112,10.494,10.402,14.92,46.708,58.129,60.995,47.521,2.473,1.805,2.943,1.504,1.231,0.262,0.035,0.012,0.037,0.041,2.283,1.467,1.174,3.038,0.345,1.548,0.38,0.168,0.166,0.034,0.144,0.189,0.448,0.67,1.254,0.698,2.48,0.977,2.569,0.818,1.999,0.51,0.014,0.023,0.261,0.388,2.861,0.636,1.128,0.801,1.669,5.582,2.483,1.396,0.662,0.104,0.211,0.094,0.505,3.326,2.969,1.653
38.33,37.67,7.523,10.763,13.488,19.711,23.924,27.796,28.28,26.896,20.548,15.969,9.602,6.789,17.606,7.782,13.192,14.911,19.172,27.414,29.25,28.164,24.233,20.758,15.193,9.238,6.904,18.019,6.54,11.46,14.772,20.513,23.321,26.564,29.839,25.63,20.777,14.619,8.228,6.761,17.418,7.934,13.017,11.825,17.402,22.89,26.089,29.44,26.212,21.77,13.87,8.767,6.788,17.166,0.469,0.504,0.472,0.56,0.601,0.669,0.699,0.737,0.675,0.68,0.551,0.466,0.611,0.481,0.614,0.526,0.545,0.69,0.705,0.697,0.661,0.677,0.645,0.528,0.473,0.624,0.405,0.538,0.519,0.586,0.586,0.636,0.735,0.703,0.676,0.619,0.471,0.465,0.607,0.492,0.609,0.416,0.494,0.578,0.63,0.725,0.715,0.712,0.584,0.499,0.464,0.597,68.602,76.364,67.058,60.232,49.773,31.847,17.005,7.963,18.514,21.759,42.509,60.18,43.484,73.39,52.287,60.333,65.146,35.034,22.825,16.292,25.474,20.834,29.763,48.782,62.293,42.704,75.664,69.567,72.431,56.26,47.77,35.559,7.541,12.309,21.349,39.417,56.436,63.644,46.494,59.022,59.189,81.997,73.654,56.228,39.648,10.809,10.325,15.676,46.636,57.759,60.504,47.62,2.383,1.901,2.841,1.397,1.185,0.318,0.033,0.014,0.041,0.044,2.157,1.403,1.143,3.138,0.388,1.574,0.475,0.223,0.247,0.044,0.149,0.236,0.355,0.664,1.325,0.734,2.514,0.979,2.502,0.765,1.879,0.601,0.012,0.035,0.348,0.413,2.728,0.664,1.121,0.791,1.597,5.16,2.356,1.337,0.775,0.107,0.209,0.146,0.572,3.099,2.833,1.584
37.67,38.33,7.343,9.933,13.603,19.971,24.281,28.312,28.093,26.873,20.546,15.951,9.503,7.077,17.622,7.681,12.978,15.294,19.96,27.759,29.707,28.261,24.464,21.173,15.439,9.359,7.054,18.263,5.974,11.232,14.289,21.063,23.902,27.311,29.787,25.665,20.951,14.71,8.271,7.132,17.524,7.935,12.542,12.342,18.241,23.513,26.883,29.506,26.062,21.711,14.079,8.992,6.95,17.396,0.451,0.461,0.474,0.566,0.61,0.683,0.694,0.734,0.672,0.673,0.54,0.48,0.61,0.467,0.598,0.536,0.567,0.697,0.716,0.699,0.667,0.688,0.652,0.528,0.477,0.629,0.365,0.521,0.5,0.6,0.601,0.654,0.734,0.701,0.679,0.619,0.468,0.482,0.607,0.484,0.582,0.431,0.518,0.593,0.648,0.726,0.71,0.706,0.588,0.506,0.468,0.601,66.479,75.379,65.122,58.903,48.746,28.525,16.647,6.682,17.672,21.549,42.874,56.4,42.082,71.239,49.632,57.637,61.924,33.974,17.786,13.757,23.727,17.31,29.386,47.874,60.343,40.38,74.824,64.897,70.921,53.68,44.757,29.88,6.462,10.715,19.727,37.962,55.668,58.914,44.032,58.038,54.638,79.577,70.105,53.299,34.152,9.803,11.332,14.866,45.487,54.665,58.448,45.367,2.645,1.715,3.086,1.615,1.135,0.192,0.025,0.009,0.022,0.022,2.508,1.615,1.215,3.36,0.334,1.501,0.326,0.12,0.091,0.019,0.141,0.135,0.379,0.637,1.337,0.698,2.582,0.931,2.747,0.904,1.838,0.378,0.005,0.027,0.181,0.328,3.056,0.747,1.144,0.893,1.829,5.636,2.231,1.051,0.514,0.05,0.185,0.106,0.441,3.359,2.954,1.606
37.67,37.67,7.459,10.377,13.626,20.004,24.322,28.224,28.221,26.916,20.561,15.994,9.581,7.026,17.692,7.819,13.074,15.201,19.766,27.677,29.519,28.3,24.49,21.073,15.435,9.395,7.099,18.239,6.284,11.376,14.391,20.962,23.748,27.093,29.87,25.647,20.954,14.747,8.296,7.058,17.536,8.024,12.781,12.288,18.143,23.452,26.628,29.548,26.114,21.75,14.082,9.077,6.99,17.406,0.459,0.481,0.474,0.567,0.61,0.68,0.697,0.736,0.672,0.675,0.544,0.475,0.612,0.476,0.603,0.533,0.561,0.695,0.711,0.699,0.667,0.685,0.651,0.53,0.48,0.628,0.384,0.528,0.504,0.597,0.597,0.649,0.736,0.702,0.679,0.62,0.469,0.476,0.608,0.49,0.593,0.43,0.515,0.591,0.643,0.728,0.712,0.708,0.588,0.511,0.471,0.602,66.766,75.466,65.199,58.805,48.527,28.788,16.462,7.117,18.449,21.887,42.778,56.827,42.256,71.418,50.049,57.768,62.68,34.451,19.673,14.178,24.009,18.595,29.184,48.044,60.678,40.893,74.811,66.383,70.812,53.766,45.779,31.5,6.768,11.1,20.458,38.005,55.996,60.176,44.628,57.224,54.866,79.778,70.624,53.671,35.918,10.157,11.263,15.554,45.679,54.423,58.251,45.617,2.55,1.823,3.028,1.512,1.105,0.249,0.025,0.017,0.033,0.022,2.383,1.616,1.197,3.512,0.392,1.555,0.434,0.15,0.145,0.026,0.148,0.214,0.315,0.644,1.484,0.751,2.668,0.968,2.745,0.819,1.721,0.468,0.004,0.056,0.258,0.358,2.922,0.758,1.146,0.9,1.74,5.187,2.112,1.05,0.599,0.054,0.196,0.158,0.537,3.155,2.84,1.546
38.33,39.0,7.446,9.525,13.34,19.305,23.707,28.159,27.922,26.787,20.573,15.932,9.334,7.102,17.425,7.52,12.828,15.16,19.845,27.687,29.953,28.059,24.099,21.098,15.176,9.103,6.856,18.116,6.266,11.158,14.16,20.844,23.647,27.287,29.742,25.746,20.877,14.544,8.249,7.002,17.461,8.153,12.354,11.807,17.545,23.08,26.785,29.37,26.04,21.643,13.83,8.628,6.799,17.168,0.462,0.446,0.467,0.547,0.599,0.679,0.692,0.733,0.676,0.678,0.537,0.488,0.608,0.464,0.598,0.533,0.566,0.698,0.72,0.696,0.661,0.688,0.647,0.522,0.471,0.627,0.391,0.52,0.496,0.595,0.593,0.656,0.733,0.704,0.68,0.615,0.472,0.482,0.607,0.505,0.579,0.413,0.499,0.582,0.643,0.722,0.708,0.704,0.584,0.49,0.466,0.594,69.278,76.76,68.043,61.985,49.773,31.03,18.072,7.928,17.129,21.554,43.109,57.156,43.484,71.213,52.751,61.195,62.942,32.393,17.181,16.45,25.365,17.455,30.983,48.729,60.82,41.453,74.572,66.131,72.946,56.46,45.582,30.49,6.606,11.218,18.684,40.056,55.398,59.219,44.778,56.853,58.457,82.728,72.383,54.465,34.642,10.021,11.191,13.813,46.428,58.252,61.126,46.699,2.562,1.787,3.366,1.924,1.496,0.187,0.051,0.009,0.037,0.038,2.277,1.438,1.265,2.799,0.39,1.599,0.296,0.11,0.08,0.021,0.156,0.151,0.674,0.754,1.194,0.687,2.436,1.034,2.876,0.882,2.207,0.408,0.013,0.007,0.143,0.409,2.913,0.569,1.157,0.88,1.869,5.818,2.67,1.502,0.482,0.116,0.193,0.092,0.489,3.614,2.962,1.727
37.67,39.0,7.323,9.216,13.429,19.7,24.184,28.498,27.89,26.825,20.59,15.939,9.374,7.275,17.518,7.545,12.875,15.294,20.397,27.875,30.155,28.275,24.386,21.379,15.38,9.278,7.008,18.322,6.088,11.142,13.958,21.244,24.114,27.715,29.751,25.791,21.038,14.654,8.318,7.269,17.592,8.206,12.172,12.267,18.338,23.656,27.26,29.451,25.984,21.63,14.032,8.871,6.941,17.399,0.449,0.428,0.468,0.557,0.609,0.688,0.69,0.732,0.674,0.674,0.534,0.494,0.609,0.459,0.596,0.534,0.58,0.702,0.725,0.701,0.667,0.695,0.651,0.526,0.476,0.631,0.375,0.514,0.487,0.605,0.605,0.665,0.732,0.703,0.683,0.615,0.47,0.493,0.609,0.502,0.566,0.428,0.521,0.596,0.655,0.724,0.705,0.701,0.588,0.499,0.47,0.6,67.943,75.466,65.779,59.926,48.267,28.183,17.394,6.461,16.138,20.995,42.689,53.773,41.918,69.165,49.383,58.085,60.344,31.9,13.958,13.738,22.977,14.904,30.277,47.545,59.022,39.272,73.838,63.244,71.234,54.155,43.018,26.82,5.579,9.629,17.218,38.245,54.582,55.682,42.768,54.867,54.899,80.392,68.964,52.031,31.02,9.022,11.526,13.398,44.787,55.061,58.572,44.547,2.691,1.69,3.395,1.959,1.362,0.129,0.038,0.003,0.017,0.025,2.435,1.473,1.269,2.957,0.358,1.497,0.237,0.089,0.037,0.012,0.147,0.085,0.563,0.692,1.158,0.654,2.442,0.95,2.873,0.936,2.077,0.297,0.004,0.003,0.089,0.347,3.063,0.666,1.145,0.903,1.963,5.836,2.381,1.131,0.376,0.066,0.16,0.131,0.408,3.547,2.915,1.654
38.0,39.33,7.274,9.079,13.253,19.448,23.989,28.435,27.972,26.885,20.635,15.992,9.364,7.187,17.457,7.409,12.689,15.124,20.25,27.892,30.222,28.272,24.293,21.356,15.33,9.178,6.906,18.244,6.102,11.02,13.842,21.158,24.037,27.671,29.835,25.875,21.014,14.655,8.306,7.153,17.557,8.15,12.109,11.965,18.0,23.486,27.198,29.489,26.043,21.666,13.954,8.767,6.869,17.306,0.448,0.423,0.463,0.55,0.606,0.687,0.692,0.734,0.677,0.678,0.536,0.491,0.608,0.454,0.59,0.53,0.577,0.703,0.726,0.701,0.666,0.695,0.651,0.523,0.472,0.63,0.378,0.511,0.483,0.603,0.603,0.665,0.734,0.706,0.683,0.617,0.472,0.489,0.609,0.502,0.565,0.418,0.513,0.593,0.653,0.725,0.707,0.704,0.588,0.496,0.468,0.597,69.001,76.813,66.782,61.136,48.49,29.393,17.276,6.653,16.299,20.948,42.568,54.56,42.493,70.218,51.135,59.587,61.099,31.1,14.636,14.511,23.758,15.63,30.486,48.085,59.492,39.975,73.921,64.927,72.103,55.01,43.454,27.733,5.245,9.731,17.294,39.066,54.599,56.987,43.338,56.14,57.107,81.887,70.806,52.451,31.897,8.998,11.128,13.006,45.306,56.099,59.515,45.365,2.713,1.804,3.539,2.057,1.483,0.14,0.046,0.004,0.02,0.03,2.364,1.459,1.306,2.859,0.402,1.574,0.256,0.092,0.04,0.013,0.144,0.1,0.661,0.74,1.18,0.674,2.466,1.025,2.952,0.896,2.206,0.334,0.005,0.003,0.095,0.39,3.06,0.574,1.166,0.925,1.927,5.825,2.545,1.298,0.402,0.083,0.173,0.12,0.46,3.714,2.967,1.706
38.0,38.67,7.207,9.205,13.357,19.578,24.026,28.398,28.079,26.954,20.621,15.993,9.407,7.109,17.491,7.353,12.77,15.193,20.116,27.918,30.104,28.338,24.338,21.323,15.382,9.176,6.901,18.244,5.886,10.956,14.103,21.125,24.051,27.59,29.887,25.849,21.039,14.688,8.271,7.062,17.543,7.924,12.215,12.055,18.038,23.471,27.16,29.548,26.113,21.746,13.977,8.803,6.865,17.325,0.444,0.429,0.466,0.553,0.607,0.685,0.695,0.736,0.677,0.678,0.539,0.486,0.609,0.45,0.593,0.533,0.573,0.703,0.724,0.702,0.667,0.694,0.654,0.523,0.472,0.629,0.365,0.508,0.493,0.603,0.603,0.662,0.736,0.706,0.684,0.618,0.47,0.483,0.608,0.488,0.571,0.42,0.513,0.593,0.652,0.726,0.709,0.707,0.588,0.498,0.468,0.598,68.848,76.79,66.263,60.592,48.41,29.155,16.07,5.965,16.421,20.696,42.512,55.826,42.295,71.311,50.652,58.863,61.24,31.141,15.296,13.554,23.417,15.942,29.889,48.103,59.784,39.929,74.445,65.269,71.738,54.386,43.441,28.221,4.912,9.761,17.627,38.553,54.981,58.574,43.49,58.943,57.103,81.28,70.777,52.514,32.373,8.599,10.632,12.765,45.347,55.836,59.372,45.464,2.731,1.74,3.321,1.853,1.348,0.157,0.04,0.004,0.019,0.029,2.491,1.528,1.273,3.01,0.336,1.53,0.262,0.094,0.047,0.014,0.141,0.095,0.589,0.71,1.223,0.673,2.534,0.988,2.857,0.914,2.144,0.34,0.005,0.003,0.113,0.362,3.148,0.619,1.168,0.891,1.859,6.022,2.54,1.279,0.456,0.072,0.19,0.078,0.424,3.698,3.072,1.718
38.33,39.33,7.579,9.664,13.329,19.199,23.641,28.114,27.783,26.669,20.562,15.916,9.301,7.135,17.406,7.673,12.771,15.2,19.899,27.588,29.965,27.901,24.033,21.055,15.084,9.127,6.887,18.098,6.563,11.357,14.05,20.787,23.493,27.234,29.647,25.719,20.788,14.491,8.281,7.07,17.458,8.362,12.386,11.692,17.406,22.969,26.678,29.269,25.951,21.539,13.792,8.582,6.802,17.118,0.472,0.454,0.468,0.545,0.596,0.679,0.688,0.73,0.675,0.678,0.535,0.49,0.607,0.474,0.595,0.533,0.566,0.696,0.72,0.691,0.659,0.687,0.643,0.523,0.473,0.627,0.409,0.53,0.493,0.592,0.589,0.655,0.73,0.703,0.677,0.614,0.474,0.487,0.607,0.519,0.581,0.41,0.495,0.579,0.641,0.72,0.706,0.701,0.583,0.488,0.467,0.592,68.928,76.711,68.838,62.588,50.315,31.692,19.778,9.232,17.416,22.091,43.414,56.889,43.991,70.509,53.813,62.148,63.39,33.252,17.657,18.247,26.39,17.805,31.672,48.847,61.069,42.064,74.28,65.996,73.551,57.554,46.407,30.984,7.521,11.804,19.019,40.742,55.304,58.381,45.128,54.513,58.464,83.36,72.972,55.181,35.24,10.917,11.835,14.648,46.75,58.934,61.697,47.045,2.52,1.864,3.578,2.103,1.638,0.182,0.06,0.012,0.044,0.038,2.138,1.366,1.296,2.72,0.471,1.677,0.307,0.112,0.084,0.021,0.16,0.168,0.741,0.787,1.191,0.704,2.411,1.085,3.0,0.878,2.246,0.421,0.014,0.007,0.142,0.437,2.794,0.527,1.163,0.931,1.972,5.595,2.718,1.566,0.454,0.132,0.18,0.129,0.536,3.661,2.899,1.734
38.33,38.67,7.48,9.798,13.395,19.354,23.687,28.056,27.931,26.761,20.546,15.911,9.356,7.027,17.439,7.593,12.901,15.153,19.675,27.6,29.786,27.995,24.083,20.994,15.152,9.121,6.833,18.075,6.258,11.221,14.257,20.731,23.519,27.094,29.703,25.674,20.808,14.52,8.226,6.961,17.415,8.082,12.492,11.791,17.435,22.962,26.604,29.337,26.046,21.644,13.816,8.606,6.768,17.131,0.465,0.46,0.469,0.549,0.597,0.676,0.691,0.732,0.675,0.678,0.538,0.483,0.608,0.469,0.601,0.533,0.56,0.696,0.717,0.694,0.66,0.685,0.646,0.523,0.47,0.626,0.39,0.524,0.5,0.592,0.59,0.651,0.732,0.703,0.678,0.615,0.471,0.479,0.606,0.501,0.586,0.413,0.496,0.579,0.64,0.721,0.709,0.706,0.583,0.489,0.464,0.594,68.895,76.51,68.15,61.821,50.122,31.396,18.346,8.247,17.461,21.737,43.266,58.263,43.685,71.838,53.063,61.376,63.578,33.288,18.613,16.909,25.779,18.275,30.883,48.807,61.482,41.988,75.0,66.526,73.102,56.754,46.304,31.79,7.158,11.836,19.455,40.162,55.734,60.149,45.329,57.622,58.635,82.67,72.893,55.196,35.905,10.413,11.073,14.294,46.654,58.617,61.427,47.118,2.517,1.776,3.25,1.814,1.437,0.204,0.048,0.011,0.039,0.04,2.263,1.434,1.236,2.823,0.376,1.583,0.309,0.121,0.098,0.024,0.153,0.159,0.623,0.729,1.187,0.683,2.421,1.018,2.782,0.868,2.165,0.431,0.015,0.009,0.17,0.401,2.875,0.581,1.144,0.853,1.83,5.776,2.643,1.505,0.521,0.118,0.197,0.09,0.487,3.542,2.971,1.714
37.67,39.33,7.418,9.306,13.386,19.658,24.189,28.493,27.761,26.718,20.586,15.923,9.347,7.318,17.506,7.69,12.853,15.273,20.495,27.783,30.175,28.155,24.37,21.363,15.322,9.33,7.028,18.32,6.325,11.318,13.729,21.235,24.025,27.688,29.647,25.76,20.975,14.606,8.36,7.377,17.589,8.407,12.169,12.213,18.319,23.625,27.19,29.351,25.894,21.535,14.02,8.847,6.943,17.374,0.455,0.432,0.467,0.556,0.609,0.688,0.687,0.73,0.673,0.673,0.532,0.496,0.608,0.469,0.593,0.533,0.582,0.7,0.725,0.697,0.666,0.695,0.647,0.528,0.476,0.631,0.389,0.523,0.479,0.604,0.603,0.665,0.73,0.702,0.68,0.614,0.472,0.5,0.609,0.515,0.565,0.427,0.52,0.595,0.653,0.722,0.703,0.698,0.588,0.497,0.469,0.599,67.428,74.997,66.251,60.133,48.438,28.32,18.952,7.362,16.108,21.339,42.905,53.113,42.112,68.201,49.798,58.589,60.284,32.621,14.055,14.976,23.394,14.868,30.805,47.446,59.018,39.503,73.458,62.606,71.591,54.922,43.336,26.859,6.303,9.896,17.197,38.639,54.297,54.275,42.78,52.299,54.388,80.63,68.952,52.261,31.096,9.658,11.968,13.97,44.692,55.25,58.731,44.494,2.647,1.74,3.558,2.096,1.452,0.118,0.041,0.004,0.019,0.024,2.29,1.385,1.282,2.83,0.418,1.521,0.234,0.091,0.038,0.012,0.146,0.09,0.593,0.699,1.105,0.648,2.371,0.97,2.914,0.913,2.099,0.292,0.005,0.003,0.083,0.364,2.95,0.629,1.133,0.922,2.026,5.563,2.339,1.113,0.333,0.072,0.141,0.198,0.435,3.525,2.82,1.626
37.67,38.67,7.353,9.437,13.514,19.793,24.212,28.45,27.885,26.792,20.56,15.92,9.39,7.242,17.543,7.629,12.92,15.353,20.313,27.819,30.027,28.221,24.401,21.318,15.386,9.317,7.036,18.313,6.063,11.212,14.046,21.195,24.043,27.607,29.709,25.724,20.99,14.648,8.306,7.268,17.569,8.16,12.275,12.322,18.339,23.613,27.158,29.426,25.968,21.619,14.048,8.898,6.948,17.397,0.451,0.438,0.471,0.56,0.609,0.687,0.69,0.732,0.673,0.672,0.534,0.491,0.609,0.464,0.597,0.537,0.577,0.7,0.723,0.699,0.667,0.693,0.65,0.527,0.477,0.63,0.372,0.518,0.49,0.603,0.604,0.662,0.732,0.702,0.681,0.616,0.469,0.492,0.608,0.498,0.57,0.43,0.521,0.595,0.653,0.724,0.705,0.702,0.588,0.5,0.469,0.6,67.263,75.202,65.633,59.595,48.603,28.231,17.603,6.763,16.576,21.256,42.892,54.414,42.003,69.478,49.411,57.928,60.761,32.861,14.929,14.0,23.328,15.462,30.14,47.564,59.418,39.604,74.112,63.236,71.169,54.137,43.591,27.566,6.119,10.12,18.004,38.206,54.885,56.172,43.108,55.342,54.448,80.008,69.076,52.518,31.773,9.454,11.687,14.011,44.992,55.004,58.591,44.744,2.676,1.67,3.319,1.882,1.302,0.136,0.035,0.004,0.018,0.023,2.462,1.506,1.253,3.051,0.346,1.489,0.244,0.092,0.044,0.013,0.145,0.086,0.514,0.671,1.182,0.657,2.457,0.935,2.84,0.947,2.009,0.302,0.005,0.004,0.103,0.334,3.057,0.696,1.14,0.902,1.962,5.814,2.341,1.099,0.393,0.062,0.161,0.121,0.4,3.504,2.927,1.643
38.33,40.0,7.77,9.761,13.074,18.893,23.68,28.221,27.474,26.444,20.665,15.992,9.235,7.213,17.368,8.013,12.317,15.076,20.367,27.452,30.324,27.695,24.076,21.199,14.943,9.266,6.946,18.137,7.286,11.822,13.431,20.9,23.372,27.439,29.54,25.848,20.636,14.453,8.45,7.418,17.552,8.864,12.242,11.373,17.2,22.906,26.728,29.115,25.725,21.22,13.734,8.572,6.849,17.043,0.484,0.459,0.46,0.537,0.595,0.682,0.679,0.725,0.677,0.681,0.53,0.493,0.604,0.496,0.573,0.527,0.577,0.693,0.728,0.685,0.659,0.693,0.634,0.529,0.475,0.63,0.452,0.554,0.47,0.592,0.588,0.662,0.728,0.707,0.672,0.614,0.483,0.509,0.611,0.55,0.571,0.402,0.49,0.576,0.641,0.717,0.701,0.689,0.582,0.487,0.469,0.588,68.067,77.553,70.726,64.312,50.757,32.152,24.449,12.203,17.269,22.719,44.228,54.867,44.942,68.429,57.052,64.967,63.215,34.209,16.819,22.001,28.269,17.305,33.291,49.082,61.573,43.016,73.299,65.75,75.339,59.89,46.978,30.244,8.798,12.23,18.682,42.025,54.353,54.462,45.172,48.418,58.72,85.091,74.216,55.9,35.037,12.743,13.901,16.636,46.888,59.111,62.463,47.429,2.558,2.228,4.456,2.832,2.106,0.147,0.096,0.019,0.046,0.025,1.737,1.153,1.452,2.527,0.781,2.038,0.309,0.114,0.052,0.021,0.153,0.167,0.92,0.866,1.198,0.762,2.381,1.263,3.546,0.833,2.36,0.394,0.01,0.003,0.107,0.544,2.591,0.329,1.195,1.177,2.326,4.669,2.717,1.542,0.307,0.145,0.131,0.286,0.726,3.997,2.734,1.731
37.67,40.0,7.544,9.368,12.969,19.26,24.086,28.526,27.508,26.509,20.7,15.997,9.268,7.324,17.421,7.975,12.396,14.869,20.74,27.565,30.451,27.917,24.359,21.422,15.15,9.438,6.979,18.27,6.964,11.694,12.835,21.213,23.811,27.746,29.507,25.842,20.806,14.511,8.511,7.674,17.595,8.872,12.001,11.745,17.941,23.436,27.078,29.164,25.699,21.266,13.906,8.752,6.9,17.229,0.464,0.436,0.455,0.546,0.604,0.689,0.679,0.726,0.676,0.676,0.526,0.495,0.603,0.488,0.572,0.517,0.586,0.696,0.731,0.69,0.664,0.698,0.638,0.533,0.471,0.632,0.427,0.544,0.447,0.599,0.599,0.668,0.727,0.705,0.674,0.612,0.481,0.52,0.61,0.545,0.555,0.413,0.509,0.589,0.65,0.718,0.699,0.688,0.585,0.493,0.466,0.593,67.011,75.753,68.652,62.076,48.911,29.041,23.482,10.073,15.813,21.872,43.861,51.979,43.211,66.542,53.372,62.184,60.534,33.462,14.028,18.752,25.235,14.817,32.418,47.843,59.905,40.756,72.61,62.659,73.879,57.767,44.157,26.917,7.741,10.466,16.85,40.31,53.309,51.015,43.141,46.769,55.377,82.707,70.741,53.084,31.595,11.317,13.283,15.397,44.823,56.108,59.935,45.097,2.601,2.08,4.289,2.662,1.838,0.091,0.064,0.009,0.02,0.017,1.773,1.139,1.384,2.419,0.68,1.766,0.236,0.095,0.023,0.012,0.129,0.094,0.749,0.747,1.001,0.661,2.221,1.123,3.233,0.787,2.23,0.276,0.004,0.001,0.061,0.482,2.702,0.377,1.124,1.075,2.209,4.456,2.278,1.107,0.199,0.086,0.093,0.421,0.603,3.731,2.588,1.571
38.0,40.33,7.562,9.417,12.746,18.96,23.871,28.423,27.532,26.522,20.765,16.057,9.262,7.223,17.361,7.944,12.063,14.577,20.557,27.535,30.514,27.883,24.274,21.387,15.073,9.367,6.881,18.169,7.055,11.644,12.699,21.1,23.631,27.705,29.589,25.939,20.71,14.516,8.492,7.645,17.563,8.872,11.939,11.387,17.438,23.216,26.981,29.196,25.735,21.23,13.798,8.671,6.837,17.108,0.468,0.441,0.448,0.539,0.599,0.686,0.679,0.727,0.679,0.68,0.529,0.49,0.602,0.489,0.559,0.508,0.581,0.695,0.732,0.689,0.663,0.699,0.636,0.532,0.467,0.631,0.435,0.544,0.443,0.596,0.595,0.668,0.73,0.709,0.673,0.615,0.483,0.522,0.611,0.548,0.554,0.402,0.496,0.583,0.647,0.718,0.701,0.688,0.583,0.491,0.465,0.589,67.859,77.577,70.129,63.744,49.875,30.648,24.47,11.237,16.299,22.126,44.075,53.054,44.258,67.844,56.602,64.887,61.99,33.521,15.099,20.323,26.897,15.905,32.898,48.686,61.371,42.167,73.23,65.14,75.314,58.932,45.448,28.378,8.049,11.025,17.669,41.465,53.595,51.939,44.184,47.273,58.099,84.589,73.354,54.462,33.186,12.188,13.705,16.178,45.954,57.37,61.371,46.48,2.631,2.276,4.56,2.922,2.035,0.107,0.081,0.013,0.024,0.018,1.689,1.141,1.46,2.403,0.787,1.981,0.265,0.107,0.025,0.014,0.132,0.113,0.838,0.8,1.071,0.71,2.237,1.235,3.463,0.763,2.299,0.309,0.005,0.001,0.073,0.558,2.644,0.296,1.155,1.204,2.264,4.305,2.42,1.257,0.21,0.101,0.101,0.359,0.716,3.9,2.588,1.619
38.0,39.67,7.522,9.263,12.875,19.105,23.914,28.426,27.613,26.599,20.702,16.021,9.292,7.25,17.381,7.815,12.262,14.775,20.499,27.641,30.415,27.902,24.226,21.363,15.147,9.319,6.899,18.187,6.835,11.474,12.783,21.146,23.744,27.66,29.61,25.902,20.763,14.555,8.438,7.51,17.537,8.755,11.953,11.536,17.644,23.336,27.016,29.251,25.785,21.346,13.874,8.67,6.84,17.166,0.465,0.434,0.452,0.543,0.601,0.687,0.682,0.728,0.678,0.679,0.53,0.493,0.603,0.481,0.568,0.516,0.58,0.698,0.729,0.691,0.662,0.697,0.64,0.529,0.468,0.63,0.422,0.536,0.446,0.599,0.597,0.667,0.73,0.707,0.674,0.616,0.479,0.512,0.61,0.541,0.555,0.407,0.502,0.587,0.648,0.719,0.701,0.691,0.586,0.491,0.465,0.592,67.565,77.062,68.98,62.923,49.497,30.735,23.062,10.156,16.53,22.178,43.374,52.478,43.712,68.041,54.679,63.103,61.747,33.176,15.369,19.356,26.318,16.049,32.333,48.308,60.108,41.547,72.804,64.606,74.267,58.014,44.91,28.41,7.547,10.791,17.821,40.993,53.697,52.759,43.887,48.45,57.32,83.989,72.752,53.787,32.834,11.569,13.082,15.43,45.661,56.938,60.537,46.032,2.666,2.139,4.35,2.734,1.915,0.103,0.068,0.008,0.023,0.022,1.859,1.207,1.426,2.459,0.685,1.812,0.257,0.097,0.028,0.014,0.135,0.108,0.824,0.792,1.068,0.689,2.263,1.178,3.279,0.801,2.326,0.322,0.004,0.001,0.07,0.495,2.738,0.371,1.153,1.097,2.172,4.773,2.466,1.277,0.248,0.101,0.112,0.304,0.631,3.837,2.661,1.641
38.33,40.33,7.861,10.042,13.138,18.798,23.637,28.177,27.405,26.37,20.693,16.003,9.202,7.192,17.376,8.138,12.293,15.138,20.39,27.352,30.365,27.687,24.11,21.188,14.858,9.279,6.969,18.145,7.507,12.036,13.828,20.832,23.245,27.436,29.538,25.864,20.61,14.411,8.487,7.456,17.606,8.895,12.365,11.348,17.026,22.728,26.674,29.062,25.694,21.119,13.651,8.581,6.875,17.001,0.49,0.472,0.463,0.535,0.594,0.679,0.677,0.723,0.677,0.682,0.53,0.493,0.604,0.504,0.572,0.529,0.578,0.691,0.73,0.684,0.66,0.694,0.631,0.531,0.478,0.631,0.466,0.565,0.485,0.59,0.586,0.662,0.728,0.708,0.672,0.613,0.486,0.513,0.612,0.552,0.577,0.401,0.485,0.571,0.64,0.716,0.701,0.686,0.578,0.488,0.471,0.587,68.556,77.865,71.693,64.987,51.14,31.988,25.108,13.126,17.155,22.549,44.987,56.318,45.457,68.537,58.454,66.171,63.435,34.411,16.573,22.693,28.724,17.262,33.739,49.534,62.786,43.526,73.904,66.288,75.975,60.582,47.594,30.35,9.168,12.61,18.565,42.208,54.6,54.794,45.554,48.636,59.4,85.324,74.397,56.756,35.552,13.15,14.527,17.278,47.3,59.751,63.395,47.956,2.509,2.3,4.52,2.91,2.192,0.174,0.117,0.029,0.054,0.022,1.657,1.118,1.468,2.591,0.852,2.227,0.326,0.127,0.055,0.024,0.16,0.184,0.924,0.882,1.269,0.802,2.441,1.302,3.748,0.836,2.319,0.402,0.012,0.003,0.124,0.588,2.527,0.297,1.215,1.26,2.43,4.426,2.748,1.581,0.316,0.154,0.139,0.302,0.801,4.082,2.753,1.75
38.33,39.67,7.77,9.802,13.199,18.95,23.626,28.162,27.522,26.473,20.625,15.957,9.235,7.206,17.376,7.952,12.488,15.202,20.233,27.46,30.216,27.711,24.033,21.134,14.945,9.216,6.951,18.127,7.168,11.766,13.738,20.834,23.347,27.356,29.548,25.797,20.673,14.44,8.407,7.305,17.534,8.758,12.333,11.466,17.217,22.856,26.675,29.126,25.772,21.29,13.726,8.56,6.845,17.051,0.484,0.461,0.464,0.539,0.595,0.68,0.681,0.725,0.676,0.68,0.531,0.494,0.605,0.492,0.581,0.532,0.574,0.693,0.726,0.686,0.658,0.691,0.635,0.527,0.477,0.629,0.446,0.551,0.482,0.591,0.587,0.66,0.728,0.705,0.674,0.614,0.481,0.502,0.61,0.544,0.576,0.405,0.49,0.575,0.64,0.717,0.702,0.692,0.582,0.487,0.47,0.589,68.37,77.222,70.448,64.017,50.795,32.128,23.315,11.644,17.345,22.604,44.182,55.806,44.823,68.884,56.285,64.345,63.367,34.022,17.061,21.317,27.956,17.475,33.033,49.111,61.486,42.86,73.537,65.698,74.932,59.518,47.064,30.532,8.635,12.293,18.744,41.754,54.7,55.755,45.264,50.015,58.64,84.651,73.841,55.953,35.259,12.333,13.469,16.152,46.997,59.43,62.522,47.44,2.52,2.116,4.202,2.624,1.999,0.164,0.091,0.019,0.051,0.029,1.832,1.2,1.405,2.579,0.699,1.957,0.315,0.114,0.063,0.021,0.16,0.178,0.888,0.857,1.213,0.754,2.408,1.218,3.426,0.857,2.334,0.41,0.012,0.004,0.12,0.518,2.626,0.382,1.192,1.108,2.249,4.934,2.762,1.596,0.355,0.15,0.149,0.246,0.679,3.918,2.791,1.746
37.67,40.33,7.557,9.522,12.968,19.199,24.062,28.534,27.466,26.457,20.74,16.014,9.236,7.303,17.421,8.069,12.354,14.81,20.779,27.472,30.502,27.949,24.419,21.438,15.095,9.477,6.989,18.277,7.096,11.846,13.033,21.153,23.75,27.788,29.494,25.844,20.813,14.465,8.556,7.749,17.634,8.903,12.056,11.729,17.849,23.328,27.065,29.121,25.674,21.197,13.839,8.773,6.917,17.203,0.465,0.443,0.454,0.545,0.603,0.688,0.678,0.724,0.676,0.677,0.525,0.493,0.603,0.493,0.57,0.515,0.587,0.693,0.733,0.69,0.666,0.699,0.636,0.535,0.472,0.633,0.435,0.55,0.454,0.598,0.598,0.669,0.727,0.705,0.675,0.61,0.483,0.525,0.611,0.546,0.557,0.412,0.507,0.586,0.649,0.717,0.7,0.686,0.582,0.493,0.467,0.592,67.512,75.876,69.351,62.395,49.002,28.338,23.847,10.49,15.408,21.544,44.644,53.043,43.455,66.331,54.175,63.094,60.488,33.443,13.377,18.766,25.19,14.361,32.701,48.096,60.908,40.91,73.095,62.672,74.45,58.195,44.319,26.487,7.956,10.583,16.382,40.283,53.334,50.909,43.223,46.798,55.669,82.596,70.473,53.425,31.608,11.336,13.59,15.595,44.901,56.424,60.503,45.245,2.539,2.119,4.284,2.65,1.843,0.104,0.073,0.015,0.023,0.014,1.667,1.104,1.371,2.413,0.715,1.86,0.242,0.102,0.024,0.013,0.126,0.1,0.72,0.737,1.009,0.671,2.233,1.132,3.319,0.764,2.159,0.262,0.006,0.001,0.069,0.517,2.669,0.337,1.121,1.12,2.248,4.114,2.224,1.08,0.189,0.083,0.093,0.483,0.639,3.743,2.564,1.549
37.67,39.67,7.543,9.389,13.141,19.393,24.133,28.524,27.54,26.541,20.661,15.963,9.28,7.35,17.454,7.93,12.588,15.069,20.725,27.612,30.384,27.973,24.367,21.411,15.184,9.419,7.02,18.306,6.845,11.658,13.184,21.228,23.867,27.742,29.525,25.809,20.867,14.525,8.481,7.606,17.613,8.776,12.08,11.932,18.098,23.489,27.117,29.192,25.735,21.324,13.936,8.786,6.931,17.282,0.464,0.437,0.46,0.55,0.606,0.689,0.68,0.726,0.675,0.675,0.527,0.497,0.605,0.484,0.581,0.524,0.586,0.696,0.73,0.692,0.665,0.697,0.64,0.532,0.474,0.632,0.42,0.541,0.459,0.601,0.6,0.668,0.727,0.704,0.676,0.612,0.478,0.515,0.61,0.538,0.559,0.419,0.514,0.59,0.651,0.718,0.7,0.69,0.586,0.494,0.468,0.595,67.065,75.221,67.955,61.439,48.698,28.583,22.302,9.352,15.732,21.665,43.695,52.293,42.834,66.657,52.057,60.959,60.212,33.213,13.689,17.689,24.556,14.544,32.059,47.657,59.512,40.232,72.746,62.184,73.128,56.987,43.809,26.585,7.376,10.271,16.674,39.69,53.543,51.694,42.891,47.987,54.717,81.894,69.785,52.792,31.209,10.782,13.012,14.955,44.669,55.859,59.554,44.771,2.596,1.961,4.064,2.491,1.73,0.101,0.06,0.009,0.022,0.019,1.911,1.188,1.347,2.53,0.604,1.697,0.234,0.093,0.027,0.012,0.136,0.096,0.704,0.734,1.029,0.657,2.27,1.07,3.152,0.832,2.186,0.277,0.005,0.001,0.066,0.445,2.761,0.455,1.126,1.024,2.179,4.764,2.295,1.105,0.233,0.084,0.106,0.373,0.55,3.664,2.653,1.587
38.33,41.0,7.871,10.389,12.879,18.29,23.549,28.209,27.253,26.272,20.965,16.152,9.155,7.083,17.337,8.329,11.828,14.455,20.342,27.112,30.73,27.905,24.419,21.364,14.721,9.391,6.889,18.12,7.83,12.411,14.132,20.673,23.043,27.731,29.655,26.081,20.652,14.316,8.681,7.766,17.749,8.876,12.336,11.345,16.604,22.357,26.815,29.028,25.675,20.814,13.385,8.706,6.976,16.91,0.49,0.489,0.453,0.52,0.591,0.677,0.673,0.722,0.685,0.688,0.529,0.485,0.603,0.513,0.553,0.505,0.578,0.685,0.741,0.687,0.67,0.701,0.625,0.538,0.473,0.631,0.486,0.582,0.496,0.586,0.581,0.668,0.733,0.714,0.677,0.607,0.497,0.534,0.614,0.549,0.575,0.402,0.475,0.561,0.643,0.715,0.703,0.677,0.565,0.495,0.478,0.583,70.846,79.893,74.764,67.378,51.481,30.203,27.189,14.763,15.839,21.266,47.69,59.984,46.776,69.433,63.967,71.657,63.603,33.865,14.3,22.569,28.315,16.163,34.801,50.774,66.872,44.694,76.369,69.123,78.858,62.146,48.9,28.882,9.297,12.477,17.47,42.223,54.473,53.947,46.18,49.864,62.98,85.948,75.053,58.398,35.455,13.8,16.166,19.097,48.121,60.001,65.0,49.155,2.387,2.564,4.701,3.275,2.309,0.238,0.178,0.065,0.05,0.01,1.368,1.023,1.516,2.565,1.082,2.789,0.337,0.178,0.034,0.037,0.157,0.183,0.847,0.842,1.341,0.867,2.426,1.362,4.157,0.719,2.077,0.334,0.015,0.002,0.147,0.799,2.487,0.15,1.22,1.497,2.548,3.208,2.519,1.418,0.248,0.128,0.145,0.351,1.093,4.106,2.58,1.655
37.67,41.0,7.491,9.781,12.605,18.587,23.797,28.529,27.36,26.393,21.038,16.196,9.162,7.162,17.34,8.204,11.773,14.001,20.608,27.216,30.859,28.168,24.644,21.576,14.904,9.568,6.852,18.194,7.388,12.126,13.194,20.852,23.454,28.043,29.631,26.055,20.852,14.34,8.737,8.012,17.725,8.898,11.99,11.533,17.191,22.836,27.131,29.12,25.7,20.965,13.512,8.822,6.988,17.057,0.46,0.456,0.441,0.527,0.596,0.685,0.676,0.725,0.685,0.684,0.523,0.484,0.601,0.5,0.546,0.486,0.583,0.687,0.744,0.694,0.674,0.705,0.628,0.542,0.464,0.631,0.452,0.563,0.46,0.59,0.591,0.676,0.733,0.712,0.68,0.604,0.494,0.544,0.611,0.544,0.554,0.406,0.49,0.573,0.65,0.717,0.703,0.679,0.567,0.498,0.473,0.586,70.421,78.648,72.969,65.259,49.678,27.054,25.786,12.249,14.175,20.308,47.688,57.101,45.112,67.397,60.318,69.438,61.5,32.682,11.558,18.848,25.437,13.586,33.815,49.47,65.449,42.458,75.665,66.083,78.038,60.333,46.148,25.61,8.247,10.852,15.497,40.793,53.343,50.917,44.294,48.312,60.261,83.692,72.14,55.403,32.255,11.901,14.871,17.047,46.232,57.641,62.636,46.864,2.375,2.393,4.442,2.919,1.937,0.152,0.116,0.042,0.021,0.006,1.322,1.015,1.398,2.333,0.924,2.363,0.269,0.143,0.016,0.018,0.115,0.113,0.678,0.714,1.073,0.731,2.243,1.214,3.673,0.623,1.906,0.205,0.009,0.001,0.092,0.739,2.803,0.151,1.136,1.363,2.339,2.833,2.071,1.026,0.133,0.063,0.1,0.523,0.905,3.775,2.387,1.461
38.0,41.33,7.561,9.91,12.452,18.26,23.586,28.384,27.336,26.381,21.115,16.248,9.168,7.079,17.287,8.178,11.506,13.721,20.348,27.167,30.927,28.18,24.629,21.55,14.814,9.496,6.743,18.1,7.474,12.143,13.32,20.72,23.211,28.022,29.745,26.181,20.789,14.336,8.732,7.995,17.723,8.825,11.995,11.396,16.76,22.558,27.058,29.155,25.772,20.871,13.369,8.799,6.987,16.962,0.467,0.464,0.437,0.518,0.591,0.68,0.674,0.725,0.689,0.689,0.527,0.481,0.6,0.501,0.536,0.477,0.577,0.686,0.746,0.694,0.676,0.706,0.627,0.542,0.46,0.629,0.46,0.567,0.466,0.587,0.586,0.676,0.736,0.716,0.68,0.605,0.497,0.546,0.612,0.543,0.556,0.402,0.479,0.566,0.648,0.717,0.706,0.678,0.562,0.498,0.476,0.584,72.066,80.564,75.013,67.335,50.942,28.457,26.655,13.584,14.663,20.501,48.238,59.446,46.457,69.609,64.366,72.794,63.024,33.017,12.43,19.953,26.541,14.694,34.46,50.516,67.603,44.084,77.257,69.599,79.831,61.652,48.106,26.961,8.578,11.384,16.433,41.587,53.901,52.328,45.634,50.068,63.87,85.35,74.485,57.3,33.882,12.96,15.507,18.457,47.691,58.808,64.258,48.551,2.39,2.572,4.655,3.26,2.12,0.188,0.144,0.055,0.025,0.006,1.327,1.043,1.485,2.431,1.049,2.697,0.305,0.17,0.017,0.023,0.132,0.136,0.73,0.763,1.187,0.805,2.288,1.317,3.975,0.622,1.919,0.226,0.011,0.001,0.112,0.855,2.613,0.127,1.169,1.531,2.418,2.795,2.214,1.162,0.15,0.07,0.121,0.395,1.074,3.903,2.42,1.523
38.0,40.67,7.53,9.874,12.467,18.494,23.676,28.408,27.437,26.433,21.03,16.202,9.188,7.071,17.315,8.129,11.528,13.86,20.5,27.273,30.842,28.157,24.561,21.512,14.885,9.453,6.789,18.12,7.373,12.002,13.223,20.844,23.328,27.972,29.711,26.119,20.746,14.404,8.645,7.955,17.695,8.86,11.965,11.19,16.814,22.758,27.037,29.169,25.758,20.983,13.479,8.767,6.882,16.972,0.465,0.463,0.438,0.525,0.593,0.682,0.677,0.726,0.686,0.686,0.528,0.48,0.601,0.498,0.537,0.482,0.581,0.689,0.743,0.693,0.673,0.705,0.629,0.539,0.462,0.631,0.454,0.56,0.462,0.59,0.589,0.674,0.735,0.715,0.678,0.608,0.492,0.543,0.612,0.545,0.554,0.395,0.481,0.571,0.648,0.718,0.705,0.68,0.567,0.497,0.468,0.584,70.935,79.785,73.704,66.229,50.676,28.871,25.748,12.873,14.758,20.61,46.883,57.907,45.749,69.014,62.616,70.566,62.544,32.909,12.725,19.924,26.749,14.623,33.955,50.216,66.662,43.542,76.435,68.168,78.468,60.513,46.92,27.186,8.131,10.929,16.249,41.703,53.841,51.834,45.031,49.06,62.003,85.323,74.251,56.448,33.606,12.578,14.819,17.415,47.14,58.603,64.122,47.945,2.467,2.548,4.692,3.186,2.154,0.167,0.126,0.042,0.025,0.007,1.386,1.06,1.491,2.446,0.986,2.542,0.292,0.151,0.02,0.019,0.129,0.129,0.752,0.778,1.164,0.785,2.266,1.327,3.94,0.665,2.026,0.245,0.01,0.001,0.104,0.776,2.581,0.156,1.172,1.515,2.417,3.12,2.261,1.182,0.16,0.078,0.114,0.401,0.973,3.962,2.472,1.557
38.33,41.33,8.01,10.477,13.071,18.114,23.505,28.156,27.109,26.186,20.968,16.141,9.151,7.126,17.333,8.41,12.027,14.642,20.192,27.012,30.711,27.793,24.4,21.341,14.659,9.409,6.922,18.123,8.007,12.619,14.377,20.569,22.947,27.671,29.62,26.077,20.666,14.243,8.756,7.702,17.772,8.859,12.464,11.658,16.688,22.177,26.789,28.959,25.634,20.697,13.338,8.714,7.097,16.923,0.499,0.493,0.46,0.515,0.59,0.676,0.67,0.72,0.686,0.688,0.528,0.489,0.603,0.519,0.562,0.512,0.574,0.682,0.74,0.685,0.67,0.7,0.623,0.54,0.476,0.63,0.497,0.592,0.505,0.584,0.578,0.667,0.732,0.714,0.678,0.604,0.503,0.529,0.615,0.549,0.582,0.413,0.477,0.557,0.642,0.713,0.702,0.674,0.564,0.496,0.487,0.584,70.978,79.902,75.29,67.965,51.533,30.265,28.214,15.433,16.25,21.584,48.572,60.791,47.233,69.538,64.4,72.559,63.966,34.293,14.745,23.269,28.282,16.736,35.264,50.774,66.49,45.027,76.272,69.627,79.359,63.148,50.03,29.042,9.935,13.184,18.055,42.05,54.463,54.617,46.648,50.396,63.707,85.777,74.933,59.097,35.785,14.281,16.949,20.207,48.395,60.036,64.518,49.506,2.313,2.514,4.604,3.294,2.273,0.271,0.204,0.081,0.056,0.012,1.351,1.001,1.5,2.538,1.121,2.862,0.348,0.198,0.035,0.049,0.165,0.197,0.86,0.838,1.373,0.883,2.458,1.322,4.106,0.705,2.04,0.349,0.016,0.002,0.161,0.828,2.493,0.148,1.217,1.411,2.529,3.11,2.539,1.442,0.265,0.139,0.155,0.348,1.167,4.039,2.558,1.644
38.33,40.67,7.937,10.383,13.056,18.411,23.574,28.182,27.247,26.258,20.871,16.1,9.159,7.128,17.358,8.332,12.028,14.82,20.381,27.149,30.615,27.78,24.305,21.294,14.727,9.362,6.952,18.142,7.868,12.413,14.207,20.696,23.063,27.608,29.593,26.004,20.622,14.324,8.646,7.649,17.726,8.917,12.42,11.374,16.721,22.403,26.743,28.999,25.645,20.863,13.456,8.658,6.974,16.931,0.495,0.488,0.46,0.524,0.592,0.677,0.673,0.721,0.682,0.686,0.529,0.489,0.604,0.515,0.561,0.518,0.579,0.686,0.737,0.685,0.667,0.698,0.626,0.537,0.477,0.631,0.488,0.582,0.499,0.586,0.582,0.666,0.731,0.712,0.675,0.608,0.496,0.526,0.615,0.553,0.579,0.403,0.478,0.562,0.641,0.714,0.701,0.678,0.569,0.493,0.478,0.584,69.964,79.206,73.967,66.781,51.395,30.887,26.984,14.68,16.403,21.78,47.048,58.977,46.507,68.91,62.379,70.018,63.604,34.206,15.177,23.226,28.72,16.682,34.67,50.402,65.518,44.459,75.413,68.138,77.993,62.025,48.771,29.478,9.487,12.799,17.918,42.311,54.515,54.335,46.099,49.225,61.794,85.808,74.876,58.136,35.683,13.813,15.958,18.843,47.934,60.102,64.559,48.893,2.406,2.492,4.678,3.188,2.312,0.228,0.17,0.058,0.057,0.014,1.428,1.028,1.507,2.586,1.04,2.661,0.341,0.166,0.042,0.037,0.16,0.192,0.898,0.869,1.352,0.863,2.471,1.353,4.082,0.762,2.164,0.371,0.015,0.002,0.146,0.736,2.511,0.182,1.231,1.421,2.557,3.542,2.637,1.508,0.279,0.147,0.145,0.345,1.025,4.144,2.65,1.702
37.67,41.33,7.541,9.753,12.717,18.452,23.761,28.524,27.24,26.342,21.072,16.215,9.144,7.229,17.331,8.25,11.933,14.11,20.493,27.14,30.877,28.114,24.651,21.59,14.858,9.619,6.856,18.204,7.479,12.257,13.238,20.752,23.395,28.027,29.613,26.061,20.907,14.27,8.822,7.98,17.734,8.897,12.047,11.838,17.31,22.708,27.143,29.088,25.681,20.904,13.469,8.828,7.116,17.085,0.463,0.455,0.444,0.522,0.596,0.685,0.673,0.723,0.687,0.686,0.521,0.488,0.6,0.502,0.552,0.49,0.58,0.684,0.744,0.693,0.674,0.705,0.626,0.545,0.464,0.63,0.458,0.569,0.462,0.588,0.589,0.676,0.733,0.712,0.682,0.6,0.5,0.541,0.612,0.544,0.557,0.416,0.492,0.57,0.651,0.716,0.702,0.678,0.565,0.497,0.481,0.587,70.581,78.657,73.358,65.646,49.486,26.73,26.572,12.619,14.299,20.436,48.704,57.378,45.373,67.145,60.269,70.176,61.65,32.814,11.616,18.996,25.13,13.79,34.093,49.236,64.937,42.488,75.477,66.261,78.569,61.189,46.972,25.422,8.723,11.401,15.827,40.529,53.233,51.262,44.572,48.561,60.774,83.2,71.824,55.667,32.249,12.097,15.373,17.73,46.39,57.529,61.868,46.938,2.293,2.318,4.318,2.866,1.842,0.161,0.125,0.05,0.023,0.007,1.298,0.988,1.36,2.277,0.936,2.36,0.273,0.149,0.016,0.022,0.116,0.119,0.679,0.696,1.073,0.727,2.276,1.158,3.545,0.593,1.83,0.202,0.009,0.001,0.094,0.757,3.008,0.144,1.132,1.271,2.308,2.689,2.049,1.021,0.135,0.064,0.103,0.518,0.938,3.664,2.336,1.426
37.67,40.67,7.54,9.738,12.778,18.771,23.903,28.545,27.352,26.38,20.941,16.136,9.176,7.222,17.372,8.21,12.01,14.339,20.7,27.262,30.753,28.066,24.581,21.536,14.948,9.563,6.925,18.238,7.382,12.126,13.196,20.936,23.546,27.957,29.555,25.972,20.842,14.356,8.711,7.935,17.711,8.932,12.048,11.643,17.447,22.968,27.108,29.084,25.656,21.007,13.615,8.809,6.991,17.109,0.463,0.454,0.447,0.532,0.599,0.686,0.676,0.724,0.682,0.682,0.523,0.488,0.602,0.501,0.555,0.498,0.585,0.688,0.74,0.692,0.672,0.703,0.63,0.541,0.468,0.632,0.452,0.563,0.46,0.592,0.593,0.673,0.73,0.71,0.678,0.604,0.492,0.538,0.612,0.546,0.556,0.409,0.497,0.576,0.65,0.716,0.701,0.681,0.571,0.496,0.472,0.588,69.29,77.535,71.817,64.274,49.282,27.226,25.468,11.826,14.528,20.702,46.935,55.723,44.551,66.627,58.128,67.306,60.997,32.977,12.04,19.03,25.283,13.749,33.56,48.928,63.797,41.868,74.6,64.565,76.86,59.841,45.553,25.693,8.288,10.861,15.662,40.576,53.21,50.714,43.869,47.454,58.445,83.154,71.305,54.7,31.912,11.732,14.601,16.667,45.651,57.176,61.778,46.214,2.401,2.295,4.386,2.815,1.901,0.139,0.107,0.036,0.023,0.008,1.388,1.016,1.379,2.33,0.868,2.199,0.259,0.131,0.018,0.018,0.116,0.111,0.696,0.718,1.048,0.71,2.247,1.178,3.546,0.658,1.98,0.224,0.008,0.001,0.086,0.666,2.786,0.193,1.129,1.261,2.319,3.133,2.106,1.033,0.148,0.073,0.095,0.546,0.825,3.762,2.43,1.479
38.33,42.0,8.256,10.231,13.131,17.487,23.351,28.164,26.692,26.0,21.155,16.192,9.137,7.323,17.259,8.551,12.27,14.329,19.708,26.732,30.905,27.706,24.499,21.5,14.555,9.567,7.034,18.11,8.347,13.023,14.371,20.295,22.787,27.829,29.578,26.181,20.893,14.041,9.048,7.729,17.842,8.874,12.553,12.785,17.065,21.822,26.88,28.849,25.622,20.38,13.134,8.768,7.468,17.016,0.511,0.481,0.459,0.496,0.585,0.678,0.658,0.715,0.694,0.691,0.524,0.501,0.598,0.527,0.572,0.502,0.56,0.675,0.744,0.683,0.672,0.704,0.619,0.547,0.485,0.626,0.518,0.61,0.504,0.579,0.57,0.671,0.732,0.716,0.686,0.593,0.52,0.529,0.617,0.55,0.588,0.453,0.486,0.548,0.645,0.712,0.701,0.666,0.556,0.498,0.513,0.588,72.808,81.274,77.968,70.911,51.612,29.507,31.459,17.142,17.081,22.793,52.573,63.04,49.015,70.664,67.048,77.665,65.448,35.582,14.898,23.439,27.075,17.756,36.746,50.897,66.185,46.119,76.839,72.715,82.424,66.322,53.785,28.381,11.793,14.643,19.345,41.274,54.102,56.518,48.177,52.794,68.36,84.678,74.843,60.613,35.781,15.639,18.917,23.687,49.562,59.288,62.7,50.572,2.043,2.404,4.241,3.362,1.922,0.323,0.258,0.134,0.038,0.035,1.271,0.991,1.42,2.226,1.213,2.93,0.369,0.29,0.017,0.082,0.161,0.195,0.882,0.765,1.327,0.872,2.424,1.145,3.587,0.571,1.783,0.286,0.014,0.007,0.148,1.018,2.449,0.133,1.128,1.197,2.241,2.432,2.378,1.362,0.234,0.109,0.157,0.325,1.482,3.52,2.276,1.478
37.67,42.0,7.855,9.728,12.821,17.802,23.517,28.468,26.828,26.189,21.29,16.317,9.082,7.491,17.282,8.427,12.196,13.996,19.953,26.871,31.116,28.029,24.699,21.73,14.69,9.769,6.911,18.196,7.912,12.692,13.336,20.403,23.058,28.118,29.641,26.219,21.12,14.084,9.109,7.976,17.804,8.927,12.232,12.843,17.456,22.2,27.184,29.031,25.711,20.65,13.204,8.83,7.509,17.147,0.481,0.453,0.446,0.503,0.589,0.685,0.662,0.719,0.696,0.692,0.516,0.506,0.597,0.513,0.564,0.487,0.565,0.678,0.749,0.691,0.677,0.708,0.621,0.553,0.471,0.627,0.485,0.59,0.465,0.581,0.577,0.679,0.734,0.716,0.69,0.591,0.518,0.539,0.614,0.546,0.568,0.453,0.495,0.558,0.652,0.716,0.702,0.673,0.555,0.496,0.509,0.59,72.376,80.353,76.737,69.311,50.048,26.817,30.058,15.145,15.489,21.726,53.116,59.668,47.571,68.561,63.574,76.035,63.659,34.129,12.363,20.059,24.99,15.398,35.677,49.511,65.109,44.091,75.78,70.066,81.874,64.996,51.627,25.82,10.791,13.445,17.72,40.313,53.215,54.019,46.638,51.377,66.045,82.598,72.782,57.887,33.153,13.899,17.594,21.456,48.398,57.625,60.667,48.624,2.038,2.281,4.148,3.017,1.589,0.202,0.177,0.092,0.017,0.027,1.258,0.968,1.32,2.077,1.082,2.552,0.315,0.22,0.006,0.041,0.121,0.136,0.764,0.673,1.152,0.763,2.397,1.05,3.198,0.487,1.588,0.17,0.009,0.003,0.089,0.954,3.194,0.122,1.103,1.129,2.164,2.186,2.073,1.088,0.125,0.047,0.116,0.376,1.274,3.296,2.131,1.335
38.0,42.33,8.069,9.774,12.881,17.595,23.441,28.364,26.732,26.105,21.306,16.302,9.13,7.501,17.266,8.486,12.229,14.082,19.791,26.81,31.124,27.93,24.661,21.706,14.644,9.735,6.989,18.18,8.19,12.841,13.738,20.355,22.947,28.101,29.639,26.277,21.089,14.073,9.144,7.915,17.857,8.95,12.3,13.093,17.42,22.039,27.081,28.981,25.749,20.495,13.147,8.828,7.564,17.136,0.496,0.457,0.448,0.498,0.587,0.683,0.658,0.717,0.698,0.694,0.52,0.51,0.598,0.52,0.568,0.491,0.561,0.678,0.749,0.688,0.677,0.709,0.622,0.553,0.479,0.627,0.504,0.599,0.48,0.581,0.574,0.678,0.734,0.717,0.691,0.592,0.523,0.539,0.616,0.551,0.574,0.463,0.494,0.554,0.65,0.715,0.704,0.669,0.555,0.498,0.516,0.592,74.279,82.109,78.768,71.382,51.216,28.285,31.343,16.66,16.626,22.903,53.627,62.088,49.108,71.06,67.053,78.843,65.344,35.468,13.819,21.511,25.935,16.986,36.51,50.212,66.297,45.756,77.428,73.635,83.795,66.89,53.755,27.135,11.818,14.383,19.053,40.681,53.624,56.214,48.199,53.15,69.878,83.635,74.175,59.624,34.487,15.168,18.342,23.387,49.478,58.265,61.619,50.101,2.032,2.41,4.262,3.3,1.698,0.244,0.216,0.116,0.018,0.038,1.301,1.02,1.39,2.129,1.195,2.796,0.36,0.273,0.006,0.053,0.136,0.159,0.858,0.726,1.248,0.829,2.442,1.112,3.358,0.511,1.656,0.196,0.01,0.004,0.099,1.067,2.635,0.132,1.099,1.195,2.166,2.25,2.241,1.238,0.147,0.052,0.136,0.331,1.486,3.37,2.204,1.403
38.0,41.67,7.848,9.7,12.694,17.64,23.379,28.311,26.885,26.165,21.247,16.306,9.126,7.335,17.219,8.332,11.975,13.864,19.799,26.882,31.046,27.975,24.656,21.634,14.644,9.65,6.738,18.096,7.857,12.602,13.365,20.407,22.946,28.022,29.726,26.279,20.968,14.115,9.022,7.913,17.767,8.793,12.203,12.63,17.181,22.069,27.068,29.057,25.773,20.544,13.161,8.833,7.45,17.062,0.482,0.455,0.442,0.5,0.585,0.681,0.662,0.719,0.695,0.694,0.521,0.499,0.596,0.51,0.557,0.483,0.561,0.679,0.748,0.689,0.677,0.707,0.621,0.549,0.462,0.625,0.484,0.588,0.467,0.581,0.575,0.677,0.736,0.717,0.687,0.593,0.515,0.538,0.613,0.541,0.569,0.447,0.488,0.554,0.649,0.717,0.705,0.671,0.555,0.498,0.508,0.588,74.144,81.952,78.068,70.507,51.508,28.397,30.27,15.988,16.095,22.053,52.322,61.718,48.586,70.962,66.707,77.826,64.875,34.764,13.538,21.172,26.056,16.456,36.141,50.472,66.702,45.475,77.555,73.147,83.238,65.945,52.634,27.196,11.079,13.891,18.753,40.983,53.905,55.076,47.782,52.61,68.827,84.6,74.675,59.432,34.839,14.766,17.873,22.54,49.253,58.638,62.354,50.034,2.159,2.456,4.432,3.385,1.852,0.225,0.189,0.095,0.021,0.02,1.303,1.029,1.433,2.283,1.18,2.855,0.346,0.229,0.009,0.041,0.142,0.155,0.775,0.735,1.22,0.832,2.404,1.187,3.641,0.522,1.706,0.197,0.011,0.003,0.108,1.028,2.659,0.118,1.13,1.313,2.285,2.368,2.204,1.185,0.14,0.057,0.135,0.351,1.346,3.58,2.288,1.44
38.33,42.33,8.495,10.446,13.328,17.512,23.434,28.196,26.571,25.923,21.155,16.135,9.141,7.407,17.311,8.719,12.461,14.521,19.793,26.658,30.909,27.629,24.459,21.519,14.562,9.594,7.364,18.181,8.686,13.264,14.927,20.282,22.816,27.856,29.444,26.115,20.957,14.009,9.109,7.7,17.929,9.054,12.694,13.016,17.172,21.834,26.829,28.723,25.539,20.341,13.145,8.731,7.478,17.046,0.527,0.49,0.467,0.497,0.587,0.679,0.656,0.712,0.694,0.689,0.525,0.508,0.601,0.538,0.582,0.509,0.563,0.673,0.744,0.681,0.671,0.704,0.62,0.549,0.508,0.629,0.539,0.622,0.524,0.579,0.571,0.671,0.729,0.715,0.688,0.593,0.523,0.528,0.62,0.562,0.596,0.461,0.489,0.549,0.644,0.709,0.698,0.664,0.557,0.496,0.514,0.59,71.879,80.762,77.757,71.048,51.121,29.468,32.066,17.507,17.44,23.418,53.18,63.178,49.069,69.995,66.593,77.369,65.517,36.054,15.089,23.986,27.171,18.042,36.932,50.815,65.644,46.103,76.259,71.856,81.858,66.229,54.055,28.396,12.167,14.716,19.123,41.153,53.902,57.258,48.079,52.588,67.84,83.737,74.207,60.517,35.416,15.842,19.183,23.898,49.445,59.096,62.395,50.347,1.915,2.335,3.997,3.194,1.81,0.36,0.292,0.159,0.037,0.057,1.237,0.97,1.365,2.049,1.185,2.803,0.373,0.342,0.018,0.108,0.154,0.2,0.966,0.755,1.336,0.858,2.405,1.061,3.288,0.581,1.776,0.304,0.014,0.011,0.148,1.01,2.4,0.148,1.093,1.08,2.101,2.343,2.408,1.423,0.267,0.12,0.155,0.329,1.579,3.305,2.174,1.442
38.33,41.67,8.263,10.455,13.19,17.64,23.393,28.139,26.776,26.022,21.09,16.161,9.13,7.262,17.292,8.569,12.247,14.488,19.845,26.773,30.835,27.692,24.451,21.436,14.563,9.51,7.055,18.119,8.347,13.004,14.577,20.355,22.798,27.753,29.567,26.135,20.813,14.083,8.97,7.701,17.841,8.883,12.608,12.461,16.901,21.867,26.824,28.84,25.587,20.439,13.177,8.741,7.36,16.973,0.513,0.492,0.462,0.501,0.586,0.676,0.661,0.715,0.691,0.69,0.525,0.498,0.6,0.529,0.572,0.507,0.564,0.676,0.742,0.683,0.671,0.702,0.62,0.545,0.486,0.628,0.519,0.61,0.512,0.58,0.572,0.669,0.732,0.715,0.683,0.596,0.515,0.528,0.617,0.551,0.59,0.441,0.482,0.55,0.643,0.711,0.7,0.667,0.558,0.497,0.505,0.586,71.813,80.609,77.103,70.071,51.544,29.753,30.772,16.883,16.911,22.44,51.594,62.583,48.507,70.041,66.195,76.132,64.986,35.245,14.909,23.801,27.633,17.548,36.419,50.983,66.218,45.845,76.372,71.446,81.25,65.357,52.789,28.697,11.356,14.336,18.952,41.554,54.247,56.092,47.702,52.057,66.636,84.943,74.81,60.365,35.907,15.384,18.652,22.852,49.258,59.626,63.325,50.318,2.094,2.428,4.31,3.322,2.037,0.329,0.257,0.126,0.047,0.03,1.271,0.978,1.437,2.301,1.194,2.933,0.364,0.273,0.023,0.08,0.165,0.201,0.886,0.786,1.363,0.881,2.438,1.185,3.735,0.614,1.858,0.319,0.016,0.007,0.161,0.958,2.464,0.131,1.155,1.24,2.323,2.581,2.436,1.401,0.26,0.128,0.16,0.333,1.413,3.659,2.342,1.525
37.67,42.33,8.085,10.002,13.033,17.902,23.622,28.543,26.737,26.165,21.316,16.293,9.061,7.646,17.366,8.617,12.431,14.25,20.071,26.83,31.181,28.014,24.68,21.792,14.708,9.832,7.21,18.3,8.234,12.925,13.781,20.394,23.076,28.186,29.54,26.176,21.221,14.077,9.18,8.001,17.898,9.113,12.389,13.051,17.589,22.24,27.202,28.955,25.65,20.682,13.215,8.801,7.534,17.202,0.495,0.465,0.454,0.506,0.592,0.687,0.659,0.718,0.697,0.69,0.515,0.516,0.601,0.524,0.575,0.497,0.569,0.677,0.75,0.69,0.676,0.709,0.621,0.556,0.49,0.631,0.504,0.6,0.481,0.581,0.578,0.68,0.731,0.715,0.693,0.591,0.521,0.541,0.617,0.558,0.576,0.46,0.499,0.559,0.653,0.715,0.7,0.673,0.556,0.495,0.511,0.592,71.151,79.511,76.456,69.317,49.435,26.489,30.468,15.392,15.739,22.203,53.964,59.026,47.429,67.57,62.468,75.535,63.485,34.402,12.229,20.289,25.04,15.412,35.7,49.215,64.462,43.819,74.628,68.713,81.068,64.78,51.766,25.628,11.054,13.481,17.406,40.125,52.88,54.495,46.334,51.18,64.986,81.418,71.934,57.512,32.462,13.897,17.807,21.384,48.287,57.26,60.126,48.188,1.927,2.229,3.998,2.833,1.457,0.216,0.197,0.105,0.016,0.044,1.245,0.942,1.27,1.926,1.06,2.422,0.314,0.251,0.007,0.052,0.11,0.136,0.842,0.663,1.19,0.749,2.436,0.978,2.915,0.498,1.56,0.18,0.008,0.004,0.084,0.934,3.256,0.135,1.08,1.021,2.069,2.134,2.112,1.134,0.14,0.05,0.112,0.358,1.347,3.119,2.046,1.304
37.67,41.67,7.785,9.801,12.821,17.989,23.598,28.498,26.928,26.222,21.231,16.283,9.086,7.42,17.304,8.413,12.145,14.034,20.131,26.923,31.052,28.05,24.685,21.695,14.732,9.736,6.937,18.208,7.826,12.616,13.382,20.492,23.159,28.098,29.612,26.156,21.071,14.123,9.038,7.982,17.796,8.938,12.211,12.556,17.404,22.337,27.175,29.025,25.673,20.72,13.273,8.823,7.396,17.127,0.476,0.456,0.447,0.509,0.592,0.685,0.665,0.72,0.693,0.69,0.517,0.501,0.598,0.512,0.561,0.488,0.57,0.679,0.748,0.691,0.676,0.707,0.622,0.551,0.471,0.628,0.479,0.586,0.467,0.583,0.581,0.678,0.733,0.714,0.688,0.593,0.513,0.54,0.613,0.546,0.566,0.442,0.494,0.561,0.652,0.716,0.701,0.674,0.557,0.496,0.501,0.589,71.408,79.546,75.507,68.059,49.651,26.49,29.115,14.367,15.013,21.232,52.063,58.851,46.776,67.602,62.146,74.098,62.875,33.602,11.897,19.727,24.971,14.728,35.199,49.395,64.875,43.428,75.318,68.288,80.611,63.688,50.092,25.49,10.173,12.817,16.933,40.311,53.146,53.062,45.826,50.33,63.925,82.483,72.211,57.1,32.703,13.275,17.061,20.254,47.69,57.541,60.873,47.954,2.079,2.264,4.13,2.9,1.629,0.197,0.166,0.083,0.019,0.023,1.237,0.956,1.309,2.092,1.026,2.461,0.297,0.203,0.009,0.04,0.116,0.13,0.735,0.667,1.122,0.743,2.353,1.056,3.234,0.51,1.633,0.18,0.009,0.003,0.093,0.884,3.223,0.119,1.106,1.139,2.183,2.238,2.035,1.052,0.132,0.054,0.11,0.433,1.172,3.354,2.152,1.339
38.33,43.0,9.113,10.824,13.608,17.661,23.779,28.324,26.155,25.697,21.258,15.984,9.1,7.855,17.445,9.218,12.938,14.878,20.15,26.329,31.022,27.432,24.491,21.762,14.629,9.835,8.283,18.415,9.534,13.665,15.686,20.22,22.953,28.063,29.015,26.017,21.315,13.974,9.421,7.661,18.125,9.652,12.796,13.952,17.87,21.985,26.729,28.332,25.434,20.234,13.197,8.757,7.581,17.213,0.567,0.505,0.477,0.501,0.596,0.684,0.645,0.702,0.698,0.68,0.522,0.539,0.608,0.568,0.604,0.522,0.574,0.665,0.746,0.676,0.671,0.709,0.624,0.562,0.568,0.637,0.588,0.64,0.551,0.579,0.575,0.674,0.718,0.713,0.697,0.592,0.54,0.526,0.627,0.6,0.601,0.494,0.508,0.553,0.644,0.701,0.693,0.658,0.56,0.498,0.522,0.596,71.016,80.498,78.179,72.369,49.748,29.262,34.753,19.021,18.403,25.97,56.465,64.149,49.984,69.56,65.677,77.239,65.875,38.445,15.412,25.17,26.929,18.066,37.268,50.413,64.238,46.192,74.88,70.964,81.51,66.522,55.668,28.341,14.037,14.712,18.318,40.565,52.659,60.851,48.249,53.027,69.209,80.003,71.791,60.263,34.674,17.168,19.321,25.215,49.649,57.31,60.487,49.842,1.514,2.221,3.408,2.717,1.356,0.388,0.364,0.216,0.013,0.138,1.227,0.945,1.212,1.438,1.135,2.359,0.416,0.523,0.008,0.16,0.138,0.182,1.215,0.706,1.348,0.804,2.311,0.838,2.247,0.614,1.68,0.285,0.012,0.018,0.09,1.048,2.127,0.199,0.954,0.794,1.61,1.983,2.472,1.56,0.305,0.087,0.127,0.305,1.904,2.542,1.825,1.293
37.67,43.0,8.952,10.836,13.508,18.03,23.963,28.65,26.32,25.949,21.391,16.145,8.985,8.173,17.573,9.287,13.07,14.928,20.386,26.515,31.334,27.77,24.649,22.01,14.75,10.038,8.199,18.579,9.371,13.573,14.976,20.317,23.074,28.373,29.138,26.096,21.507,14.096,9.481,7.957,18.161,9.707,12.727,13.928,18.152,22.278,27.15,28.565,25.528,20.58,13.238,8.812,7.645,17.362,0.55,0.502,0.471,0.51,0.601,0.692,0.648,0.708,0.7,0.683,0.511,0.553,0.611,0.565,0.605,0.522,0.579,0.67,0.754,0.684,0.674,0.715,0.625,0.568,0.556,0.64,0.572,0.631,0.524,0.58,0.578,0.682,0.72,0.714,0.701,0.593,0.538,0.541,0.627,0.597,0.593,0.492,0.515,0.56,0.655,0.706,0.695,0.667,0.558,0.496,0.52,0.599,69.785,79.017,77.46,71.238,48.474,26.847,33.451,17.673,17.322,25.025,57.614,59.891,48.648,67.073,62.183,75.765,64.246,37.074,13.0,22.552,25.61,16.002,36.228,49.181,63.446,44.364,72.514,68.255,80.464,65.503,54.119,26.113,13.206,13.984,17.16,39.629,51.744,58.537,46.766,52.379,66.326,78.318,69.951,58.045,32.099,15.527,18.529,23.193,49.123,55.982,58.914,48.198,1.586,2.252,3.702,2.529,1.125,0.261,0.285,0.16,0.006,0.114,1.301,0.928,1.19,1.46,1.119,2.196,0.372,0.417,0.003,0.092,0.099,0.134,1.148,0.669,1.38,0.759,2.486,0.849,2.142,0.596,1.53,0.2,0.007,0.006,0.052,0.984,2.712,0.192,0.978,0.804,1.721,2.002,2.39,1.37,0.186,0.036,0.103,0.275,1.737,2.594,1.834,1.255
38.0,43.33,9.146,10.909,13.591,17.948,24.022,28.501,26.162,25.791,21.364,16.047,9.07,8.185,17.559,9.384,13.123,15.13,20.414,26.359,31.204,27.543,24.613,21.963,14.752,10.02,8.417,18.579,9.65,13.651,15.475,20.288,23.071,28.265,28.989,26.082,21.511,14.075,9.528,7.817,18.198,9.854,12.719,14.168,18.274,22.212,26.918,28.378,25.526,20.387,13.275,8.84,7.646,17.353,0.565,0.507,0.474,0.509,0.603,0.689,0.644,0.704,0.7,0.68,0.517,0.558,0.612,0.575,0.61,0.53,0.581,0.666,0.751,0.679,0.674,0.715,0.628,0.569,0.573,0.641,0.591,0.637,0.542,0.58,0.578,0.679,0.717,0.714,0.703,0.595,0.544,0.535,0.629,0.61,0.595,0.502,0.519,0.558,0.65,0.701,0.695,0.661,0.562,0.5,0.524,0.601,71.501,80.548,78.545,72.52,49.008,28.265,34.919,18.812,18.059,26.184,57.535,62.936,49.901,68.911,64.824,76.834,65.412,38.49,14.439,24.244,26.356,17.067,36.727,49.753,64.164,45.603,74.505,70.945,81.646,66.534,55.383,27.384,14.234,14.398,17.653,40.058,51.892,60.859,47.955,53.246,69.468,78.601,70.435,59.35,33.618,16.872,18.618,24.735,49.559,56.1,59.539,49.177,1.526,2.318,3.589,2.618,1.202,0.303,0.334,0.193,0.005,0.138,1.337,0.949,1.213,1.392,1.17,2.292,0.422,0.505,0.003,0.114,0.119,0.151,1.251,0.697,1.415,0.796,2.406,0.862,2.141,0.636,1.622,0.23,0.011,0.007,0.052,1.055,2.25,0.202,0.954,0.787,1.622,1.98,2.514,1.521,0.226,0.041,0.114,0.29,1.916,2.531,1.855,1.283
38.0,42.67,8.871,10.471,13.523,17.967,23.971,28.628,26.399,25.968,21.435,16.189,9.153,8.036,17.549,9.136,12.977,15.035,20.338,26.638,31.325,27.822,24.674,21.956,14.789,9.999,8.174,18.574,9.419,13.512,15.406,20.38,23.19,28.412,29.192,26.165,21.46,14.096,9.472,7.944,18.219,9.714,12.532,14.054,18.155,22.316,27.078,28.633,25.618,20.515,13.284,8.82,7.649,17.367,0.548,0.487,0.472,0.509,0.6,0.691,0.65,0.709,0.703,0.687,0.522,0.548,0.611,0.559,0.604,0.526,0.578,0.673,0.753,0.685,0.676,0.714,0.629,0.568,0.557,0.64,0.577,0.63,0.538,0.583,0.581,0.682,0.722,0.717,0.702,0.595,0.541,0.543,0.63,0.601,0.586,0.498,0.515,0.561,0.653,0.708,0.698,0.666,0.562,0.498,0.524,0.601,72.992,81.596,79.093,72.419,49.281,27.866,33.456,17.888,17.645,25.415,56.209,62.395,49.686,70.253,66.394,78.398,65.6,37.385,14.084,22.584,26.016,17.413,36.574,49.251,65.296,45.772,76.363,72.434,83.051,67.138,54.688,26.79,13.23,14.307,18.017,39.829,52.158,59.395,48.113,53.314,70.296,79.692,71.276,58.841,32.485,15.716,18.368,23.769,49.122,56.534,59.967,49.114,1.639,2.339,3.703,2.767,1.276,0.296,0.305,0.177,0.008,0.112,1.304,0.977,1.245,1.552,1.169,2.414,0.397,0.44,0.004,0.098,0.105,0.159,1.192,0.71,1.377,0.803,2.482,0.903,2.407,0.582,1.625,0.22,0.006,0.006,0.063,1.076,2.402,0.189,0.995,0.869,1.747,2.016,2.436,1.463,0.195,0.042,0.124,0.307,1.878,2.722,1.945,1.312
38.33,43.33,9.229,11.126,13.547,17.485,23.655,28.068,25.933,25.491,21.126,15.819,8.992,7.825,17.357,9.301,12.892,14.676,20.047,26.006,30.788,27.105,24.399,21.676,14.51,9.771,8.251,18.286,9.449,13.628,15.302,20.059,22.73,27.767,28.871,25.924,21.263,13.906,9.411,7.456,17.979,9.58,12.942,13.836,17.778,21.74,26.493,28.086,25.329,20.044,13.136,8.775,7.553,17.11,0.575,0.519,0.475,0.497,0.594,0.678,0.64,0.697,0.694,0.674,0.516,0.537,0.605,0.574,0.602,0.515,0.571,0.656,0.741,0.669,0.668,0.707,0.619,0.559,0.566,0.633,0.585,0.639,0.539,0.574,0.57,0.668,0.715,0.71,0.695,0.589,0.54,0.512,0.622,0.596,0.608,0.49,0.506,0.547,0.637,0.695,0.691,0.652,0.558,0.499,0.521,0.593,69.229,79.177,77.135,72.025,49.923,29.987,35.981,19.808,18.669,26.236,57.348,64.897,50.034,68.397,63.682,75.373,65.535,39.328,15.954,26.997,27.305,17.637,37.503,51.234,62.868,45.986,72.665,69.012,79.829,65.587,56.335,29.314,14.836,14.812,18.185,41.093,52.708,61.916,48.022,52.789,67.872,79.652,71.577,61.137,36.635,18.473,19.751,26.331,50.184,57.267,60.188,50.154,1.433,2.148,3.296,2.636,1.369,0.405,0.384,0.226,0.012,0.157,1.221,0.912,1.186,1.348,1.111,2.263,0.433,0.572,0.008,0.187,0.168,0.177,1.19,0.683,1.324,0.79,2.168,0.804,2.087,0.646,1.676,0.301,0.018,0.023,0.089,1.011,2.038,0.2,0.92,0.747,1.52,1.951,2.471,1.571,0.357,0.096,0.116,0.287,1.844,2.392,1.723,1.257
38.33,42.67,8.972,10.771,13.537,17.514,23.622,28.235,26.22,25.716,21.203,15.997,9.093,7.687,17.379,9.081,12.787,14.689,19.964,26.361,30.946,27.424,24.453,21.66,14.57,9.737,8.014,18.308,9.289,13.584,15.451,20.181,22.85,27.946,29.117,26.023,21.186,13.952,9.333,7.622,18.043,9.438,12.814,13.677,17.607,21.855,26.725,28.395,25.426,20.211,13.151,8.741,7.556,17.135,0.558,0.504,0.474,0.497,0.592,0.681,0.647,0.704,0.696,0.682,0.522,0.527,0.605,0.56,0.597,0.516,0.569,0.666,0.745,0.676,0.67,0.707,0.621,0.557,0.551,0.633,0.575,0.637,0.543,0.577,0.573,0.672,0.721,0.713,0.694,0.591,0.536,0.524,0.624,0.587,0.602,0.485,0.501,0.55,0.643,0.702,0.693,0.658,0.558,0.497,0.521,0.593,70.76,80.257,77.846,71.948,50.151,29.437,34.23,18.722,18.208,25.228,55.741,64.037,49.713,69.42,65.699,77.141,65.757,37.831,15.448,25.167,26.971,18.105,37.302,50.711,64.345,46.16,74.786,70.811,81.291,66.299,55.463,28.48,13.582,14.756,18.594,40.773,53.033,59.884,48.143,52.889,68.497,81.097,72.552,60.581,35.162,16.977,19.52,25.114,49.706,57.904,60.945,50.078,1.597,2.217,3.51,2.847,1.482,0.398,0.353,0.206,0.021,0.118,1.209,0.941,1.244,1.582,1.144,2.475,0.403,0.483,0.011,0.158,0.148,0.19,1.135,0.712,1.334,0.815,2.301,0.88,2.492,0.602,1.696,0.299,0.013,0.019,0.113,1.033,2.203,0.185,0.985,0.852,1.718,2.055,2.441,1.518,0.311,0.105,0.136,0.302,1.81,2.702,1.881,1.32
37.67,43.33,9.111,11.248,13.442,17.889,23.889,28.47,26.127,25.779,21.27,16.007,8.84,8.211,17.521,9.447,13.075,14.777,20.325,26.233,31.164,27.477,24.568,21.957,14.658,9.995,8.211,18.491,9.366,13.618,14.634,20.189,22.86,28.148,29.008,26.012,21.451,14.071,9.477,7.793,18.051,9.654,12.911,13.809,18.08,22.075,27.019,28.347,25.422,20.443,13.178,8.828,7.626,17.284,0.559,0.52,0.469,0.507,0.6,0.688,0.644,0.704,0.695,0.676,0.503,0.555,0.609,0.575,0.605,0.516,0.577,0.662,0.75,0.678,0.672,0.714,0.62,0.565,0.556,0.638,0.572,0.632,0.513,0.576,0.574,0.677,0.717,0.711,0.699,0.592,0.538,0.529,0.623,0.592,0.6,0.487,0.514,0.555,0.651,0.7,0.693,0.662,0.555,0.496,0.518,0.596,67.672,77.48,76.475,70.865,48.398,27.148,34.528,18.381,17.508,25.189,58.843,59.843,48.527,65.14,59.936,73.698,63.707,37.727,13.119,24.156,25.787,15.279,36.309,49.95,62.063,43.907,69.824,66.075,78.589,64.487,54.592,26.607,13.912,14.023,16.858,39.857,51.652,59.114,46.297,52.099,64.527,77.844,69.43,58.675,33.56,16.527,18.906,24.007,49.716,55.871,58.602,48.313,1.537,2.225,3.702,2.456,1.117,0.26,0.296,0.163,0.006,0.125,1.328,0.898,1.178,1.402,1.127,2.122,0.383,0.444,0.003,0.103,0.118,0.123,1.127,0.654,1.404,0.752,2.397,0.844,2.023,0.651,1.514,0.208,0.013,0.007,0.054,0.938,2.631,0.197,0.955,0.786,1.679,2.025,2.437,1.364,0.212,0.041,0.091,0.246,1.665,2.512,1.77,1.237
37.67,42.67,8.706,10.634,13.358,17.931,23.821,28.597,26.404,25.994,21.364,16.178,8.974,8.016,17.496,9.095,12.876,14.643,20.238,26.563,31.28,27.817,24.649,21.943,14.708,9.974,7.887,18.473,9.005,13.39,14.506,20.289,23.02,28.29,29.249,26.109,21.426,14.069,9.403,7.95,18.057,9.501,12.658,13.664,17.953,22.209,27.167,28.658,25.54,20.598,13.202,8.804,7.626,17.3,0.534,0.493,0.466,0.507,0.597,0.69,0.65,0.71,0.699,0.684,0.51,0.541,0.607,0.553,0.596,0.511,0.575,0.671,0.753,0.686,0.674,0.713,0.622,0.564,0.535,0.637,0.55,0.622,0.507,0.579,0.577,0.681,0.723,0.714,0.699,0.591,0.534,0.539,0.623,0.583,0.589,0.482,0.51,0.558,0.654,0.708,0.696,0.668,0.556,0.495,0.518,0.596,69.563,78.708,76.879,70.522,48.627,26.624,32.7,17.014,16.807,24.083,56.906,59.357,48.148,66.721,61.62,75.422,63.828,36.214,12.66,21.941,25.297,15.655,36.085,49.215,63.351,44.002,72.408,67.686,80.231,65.053,53.543,25.91,12.572,13.806,17.155,39.755,52.012,57.223,46.444,51.916,65.341,79.024,70.431,57.885,32.249,15.094,18.451,22.718,48.952,56.301,58.983,48.112,1.656,2.204,3.743,2.581,1.19,0.251,0.26,0.145,0.008,0.095,1.271,0.917,1.196,1.562,1.09,2.224,0.35,0.369,0.004,0.085,0.104,0.132,1.044,0.654,1.313,0.745,2.455,0.862,2.291,0.56,1.507,0.192,0.008,0.007,0.063,0.958,2.976,0.175,1.002,0.843,1.801,2.007,2.284,1.282,0.178,0.042,0.103,0.279,1.603,2.683,1.847,1.247
38.33,44.0,9.455,12.007,13.505,17.313,23.632,27.558,25.32,24.944,20.838,15.369,8.67,7.977,17.215,9.731,12.874,14.468,20.02,25.077,30.202,26.302,24.308,21.578,14.303,9.785,8.234,18.074,9.363,13.422,14.081,19.617,22.215,27.125,28.363,25.674,21.213,13.837,9.498,6.935,17.61,9.479,13.018,13.893,18.108,21.307,26.083,27.314,25.135,19.564,13.123,9.011,7.573,16.967,0.588,0.559,0.473,0.492,0.597,0.666,0.627,0.683,0.684,0.656,0.498,0.548,0.599,0.601,0.6,0.507,0.569,0.631,0.729,0.652,0.664,0.706,0.608,0.559,0.563,0.629,0.58,0.627,0.498,0.56,0.559,0.655,0.702,0.7,0.692,0.588,0.544,0.476,0.61,0.588,0.609,0.492,0.517,0.536,0.626,0.675,0.687,0.636,0.555,0.513,0.521,0.589,65.897,75.648,74.08,71.237,49.502,31.293,40.039,22.29,19.363,27.74,61.131,67.164,50.45,64.618,57.33,69.037,63.882,42.112,17.392,31.659,27.749,15.895,38.035,53.136,58.467,44.945,65.984,64.081,74.984,63.085,58.257,31.674,18.181,15.428,17.468,42.245,51.803,65.916,47.426,52.406,65.055,76.758,69.03,62.946,41.707,23.061,20.246,29.833,51.627,55.324,58.284,50.523,1.209,2.027,3.089,2.369,1.367,0.373,0.432,0.273,0.008,0.217,1.408,0.789,1.131,1.027,1.129,1.979,0.536,0.768,0.005,0.225,0.301,0.126,1.122,0.602,1.316,0.762,1.703,0.759,1.577,0.808,1.636,0.302,0.049,0.023,0.057,0.913,1.612,0.203,0.802,0.612,1.202,1.863,2.504,1.627,0.47,0.086,0.078,0.215,1.61,1.876,1.418,1.132
37.67,44.0,9.442,12.229,13.434,17.667,23.93,27.972,25.516,25.195,20.953,15.527,8.523,8.268,17.386,9.976,13.115,14.698,20.312,25.301,30.515,26.571,24.428,21.78,14.453,9.953,8.342,18.287,9.512,13.613,13.966,19.767,22.366,27.479,28.449,25.69,21.232,14.013,9.569,7.214,17.737,9.544,13.102,13.947,18.368,21.585,26.569,27.469,25.147,19.88,13.163,9.045,7.67,17.123,0.579,0.565,0.468,0.502,0.604,0.676,0.632,0.689,0.685,0.657,0.485,0.56,0.603,0.609,0.606,0.512,0.576,0.637,0.737,0.658,0.666,0.71,0.611,0.563,0.564,0.634,0.582,0.63,0.492,0.563,0.563,0.663,0.704,0.699,0.691,0.591,0.543,0.49,0.614,0.586,0.608,0.491,0.523,0.542,0.638,0.678,0.687,0.644,0.553,0.509,0.521,0.592,64.801,74.504,73.742,70.264,47.702,28.495,38.563,20.867,18.196,26.88,62.552,63.253,49.154,61.35,54.827,67.122,62.232,40.513,14.83,29.288,26.08,13.836,36.863,52.229,58.044,43.102,63.79,62.148,73.733,62.388,56.479,28.862,17.095,14.741,16.259,40.581,50.74,63.18,45.833,52.033,62.33,75.157,66.761,60.858,38.628,21.034,19.452,27.524,51.229,54.291,57.262,48.88,1.344,2.187,3.492,2.297,1.165,0.254,0.356,0.214,0.004,0.174,1.579,0.785,1.155,1.118,1.227,1.951,0.492,0.648,0.002,0.143,0.237,0.085,1.107,0.609,1.472,0.758,1.935,0.855,1.619,0.88,1.497,0.233,0.04,0.008,0.047,0.855,1.934,0.219,0.842,0.721,1.377,2.034,2.591,1.473,0.309,0.045,0.061,0.171,1.487,2.071,1.508,1.156
38.0,43.67,9.554,12.206,13.408,17.499,23.791,27.713,25.373,25.102,20.937,15.499,8.679,8.32,17.338,9.91,13.083,14.696,20.192,25.222,30.43,26.404,24.359,21.738,14.443,9.893,8.371,18.229,9.546,13.646,14.254,19.763,22.285,27.304,28.451,25.776,21.365,13.932,9.509,7.187,17.749,9.71,13.253,13.938,18.232,21.457,26.258,27.484,25.212,19.748,13.134,8.982,7.615,17.085,0.59,0.566,0.468,0.497,0.601,0.67,0.629,0.687,0.686,0.658,0.495,0.568,0.603,0.609,0.607,0.513,0.573,0.635,0.735,0.654,0.665,0.71,0.613,0.562,0.569,0.633,0.587,0.635,0.503,0.564,0.56,0.659,0.704,0.702,0.697,0.59,0.542,0.491,0.614,0.6,0.618,0.494,0.52,0.539,0.631,0.678,0.689,0.64,0.554,0.508,0.521,0.592,66.193,75.98,75.22,71.767,49.068,30.151,39.733,21.729,18.848,27.293,61.483,65.528,50.252,63.117,57.858,69.643,63.919,41.414,15.941,30.56,27.339,15.161,37.502,52.823,59.425,44.56,66.71,65.025,75.531,63.477,57.764,30.293,17.642,15.102,16.966,41.819,51.73,64.536,47.216,52.725,65.059,76.67,68.752,62.253,40.516,21.943,19.749,28.979,51.711,55.229,58.579,50.18,1.336,2.227,3.459,2.414,1.255,0.291,0.39,0.229,0.003,0.189,1.523,0.822,1.179,1.142,1.21,2.087,0.511,0.681,0.002,0.155,0.236,0.108,1.176,0.625,1.444,0.783,1.94,0.84,1.735,0.816,1.596,0.251,0.041,0.009,0.044,0.947,1.861,0.203,0.855,0.669,1.373,1.964,2.628,1.573,0.331,0.05,0.077,0.209,1.672,2.128,1.602,1.192
38.33,44.33,9.253,11.778,13.673,17.404,23.696,27.708,25.425,24.957,20.85,15.348,8.651,7.788,17.21,9.666,12.787,14.48,20.049,25.112,30.177,26.47,24.388,21.552,14.298,9.815,8.156,18.079,9.304,13.25,13.987,19.566,22.299,27.23,28.34,25.622,21.129,13.867,9.547,6.857,17.581,9.314,12.63,14.027,18.278,21.422,26.269,27.276,25.136,19.582,13.218,9.105,7.604,16.987,0.575,0.549,0.479,0.496,0.599,0.668,0.63,0.684,0.685,0.656,0.498,0.535,0.599,0.597,0.596,0.508,0.57,0.632,0.727,0.656,0.666,0.705,0.608,0.561,0.559,0.629,0.576,0.618,0.494,0.557,0.562,0.656,0.702,0.699,0.69,0.589,0.548,0.471,0.61,0.578,0.591,0.496,0.521,0.539,0.631,0.674,0.686,0.638,0.56,0.518,0.523,0.59,65.935,75.04,72.75,70.357,48.865,30.823,39.517,22.062,19.276,27.92,61.234,67.018,50.068,64.822,55.79,67.775,62.971,41.823,17.635,31.021,27.127,15.786,38.024,52.717,57.203,44.393,64.633,62.743,74.13,62.439,57.812,31.576,18.283,15.462,17.255,41.807,51.076,66.212,46.952,51.58,64.282,75.653,67.854,62.271,40.852,23.235,20.0,29.528,51.042,54.395,57.222,49.826,1.143,1.895,2.871,2.286,1.404,0.39,0.442,0.306,0.012,0.228,1.401,0.742,1.094,0.93,1.099,1.867,0.561,0.823,0.006,0.252,0.36,0.12,1.06,0.571,1.25,0.742,1.537,0.716,1.433,0.832,1.617,0.313,0.059,0.026,0.059,0.865,1.469,0.203,0.759,0.58,1.075,1.809,2.394,1.631,0.536,0.101,0.074,0.205,1.479,1.672,1.263,1.07
38.33,43.67,9.396,11.711,13.543,17.353,23.631,27.717,25.492,25.076,20.912,15.479,8.75,7.88,17.244,9.593,12.862,14.49,20.024,25.335,30.356,26.537,24.325,21.592,14.339,9.77,8.269,18.125,9.405,13.475,14.469,19.737,22.377,27.319,28.479,25.71,21.197,13.839,9.48,7.055,17.71,9.488,12.967,13.916,18.011,21.431,26.181,27.496,25.161,19.678,13.117,8.935,7.564,16.996,0.585,0.546,0.475,0.493,0.596,0.669,0.631,0.687,0.687,0.66,0.503,0.542,0.601,0.593,0.6,0.508,0.57,0.638,0.732,0.656,0.665,0.706,0.611,0.559,0.567,0.63,0.582,0.63,0.511,0.563,0.563,0.658,0.705,0.702,0.692,0.588,0.544,0.485,0.614,0.589,0.607,0.493,0.514,0.54,0.629,0.68,0.687,0.64,0.556,0.509,0.521,0.589,66.741,76.587,74.798,71.398,49.604,31.009,38.864,21.701,19.325,27.533,60.189,66.648,50.367,65.942,59.016,70.8,64.356,41.502,17.205,30.423,27.675,16.585,38.014,52.586,59.559,45.307,67.683,65.21,76.286,63.819,57.765,31.14,17.359,15.371,17.802,41.887,52.066,65.051,47.619,52.531,65.813,77.414,69.689,62.416,40.211,21.893,20.275,28.897,51.193,55.901,58.763,50.416,1.236,2.019,3.055,2.412,1.353,0.398,0.425,0.269,0.009,0.208,1.329,0.821,1.129,1.074,1.105,2.007,0.508,0.731,0.006,0.23,0.268,0.143,1.145,0.621,1.295,0.762,1.806,0.748,1.638,0.761,1.644,0.309,0.04,0.026,0.066,0.934,1.67,0.207,0.819,0.64,1.242,1.862,2.471,1.622,0.462,0.095,0.087,0.237,1.679,1.947,1.452,1.151
37.67,44.33,9.206,11.976,13.615,17.868,24.089,28.203,25.675,25.263,20.99,15.525,8.497,8.06,17.413,9.942,13.1,14.829,20.42,25.378,30.504,26.771,24.524,21.76,14.474,10.006,8.296,18.333,9.494,13.485,14.011,19.733,22.516,27.62,28.424,25.594,21.08,14.06,9.646,7.184,17.736,9.365,12.757,14.151,18.616,21.735,26.793,27.412,25.118,19.929,13.273,9.156,7.749,17.17,0.563,0.553,0.474,0.508,0.608,0.681,0.636,0.691,0.686,0.657,0.484,0.546,0.604,0.606,0.605,0.517,0.58,0.639,0.735,0.663,0.668,0.709,0.61,0.565,0.561,0.635,0.58,0.623,0.492,0.561,0.567,0.665,0.703,0.697,0.686,0.593,0.547,0.487,0.614,0.574,0.591,0.497,0.529,0.546,0.644,0.677,0.685,0.646,0.557,0.514,0.525,0.594,65.079,73.899,72.249,68.984,46.479,27.393,37.497,20.031,17.664,26.893,62.706,63.103,48.5,61.378,52.955,65.065,60.895,39.821,14.684,28.054,24.929,13.365,36.538,51.584,56.754,42.169,62.392,60.627,72.505,61.726,55.463,28.179,16.707,14.608,15.831,39.643,49.689,63.03,45.033,51.326,61.215,73.527,64.89,59.737,37.093,20.679,18.951,26.586,50.351,53.096,55.927,47.781,1.309,2.096,3.288,2.218,1.168,0.255,0.35,0.234,0.005,0.172,1.636,0.734,1.123,1.035,1.231,1.847,0.507,0.683,0.002,0.158,0.276,0.075,1.052,0.588,1.442,0.742,1.802,0.841,1.487,0.934,1.439,0.235,0.045,0.009,0.054,0.797,1.801,0.229,0.805,0.728,1.266,2.026,2.501,1.457,0.329,0.05,0.054,0.152,1.34,1.889,1.356,1.097
37.67,43.67,9.366,11.961,13.469,17.761,23.936,28.171,25.708,25.368,21.046,15.665,8.582,8.247,17.438,9.843,13.121,14.72,20.337,25.585,30.732,26.87,24.471,21.845,14.504,9.974,8.34,18.362,9.508,13.634,14.167,19.895,22.525,27.722,28.596,25.757,21.278,14.036,9.556,7.386,17.837,9.563,13.037,13.939,18.305,21.753,26.743,27.708,25.203,20.06,13.161,8.98,7.661,17.176,0.574,0.552,0.469,0.504,0.603,0.681,0.636,0.693,0.688,0.662,0.488,0.558,0.605,0.6,0.606,0.513,0.577,0.644,0.741,0.665,0.668,0.711,0.613,0.563,0.564,0.635,0.581,0.631,0.498,0.566,0.566,0.668,0.707,0.702,0.693,0.591,0.542,0.501,0.616,0.586,0.605,0.491,0.521,0.547,0.643,0.684,0.688,0.65,0.553,0.505,0.52,0.593,65.287,75.073,74.345,70.298,47.754,27.934,37.268,20.191,18.096,26.532,61.826,61.843,48.872,62.295,55.814,68.802,62.494,39.758,14.29,27.71,25.947,14.232,36.727,51.473,58.971,43.21,64.922,62.706,74.877,62.917,55.869,28.093,16.249,14.611,16.459,40.208,50.896,62.016,45.818,52.058,62.535,75.625,67.252,60.026,36.821,19.699,19.431,26.381,50.777,54.655,57.476,48.561,1.379,2.176,3.53,2.306,1.12,0.258,0.338,0.202,0.004,0.163,1.498,0.815,1.15,1.173,1.192,1.952,0.458,0.593,0.002,0.137,0.203,0.094,1.113,0.619,1.453,0.75,2.074,0.841,1.668,0.821,1.488,0.226,0.032,0.009,0.048,0.864,2.098,0.218,0.864,0.739,1.442,2.033,2.539,1.437,0.291,0.045,0.067,0.186,1.527,2.155,1.549,1.169
39.33,27.0,7.113,10.222,13.596,19.327,22.838,24.948,27.993,25.351,18.674,12.573,8.748,5.628,16.417,6.38,10.743,13.084,17.665,24.738,25.416,27.115,24.92,18.764,12.347,8.054,5.466,16.227,7.542,9.291,12.761,19.787,25.43,25.015,28.483,22.784,19.163,12.965,8.231,5.934,16.449,6.66,10.539,12.384,16.625,18.632,24.438,28.39,23.095,18.668,13.467,7.463,6.109,15.54,0.459,0.492,0.484,0.553,0.577,0.599,0.694,0.697,0.619,0.55,0.518,0.406,0.576,0.407,0.513,0.467,0.508,0.625,0.613,0.671,0.686,0.62,0.538,0.477,0.391,0.571,0.485,0.446,0.453,0.569,0.64,0.604,0.705,0.625,0.636,0.56,0.489,0.423,0.576,0.425,0.504,0.443,0.479,0.472,0.587,0.704,0.634,0.615,0.583,0.438,0.439,0.548,60.571,60.899,61.788,54.216,55.741,38.322,16.166,12.027,27.739,41.213,47.269,67.394,45.28,75.56,57.487,62.36,61.378,42.105,33.807,18.1,12.366,34.223,46.02,58.952,72.194,47.881,62.605,61.625,67.529,49.493,37.305,38.255,11.125,25.635,22.836,37.04,56.775,62.99,44.432,62.289,54.609,69.04,68.72,71.254,39.71,9.647,24.699,34.038,38.441,64.915,63.299,50.055,1.308,2.562,1.217,1.484,1.891,1.127,0.044,0.039,0.095,1.69,0.247,4.747,1.372,5.988,3.113,3.045,1.462,0.677,0.87,0.081,0.018,0.124,1.508,2.065,5.368,2.025,1.73,3.996,1.437,0.841,0.192,0.508,0.347,0.661,0.111,0.048,2.227,1.933,1.172,3.451,0.56,3.266,2.658,1.06,1.598,0.048,0.034,0.345,0.217,5.402,3.108,1.813
38.67,27.0,7.477,10.395,13.97,19.643,23.092,25.158,28.243,25.594,19.017,12.83,9.224,5.894,16.711,6.514,11.047,13.431,17.861,25.198,25.694,27.399,25.178,19.16,12.965,8.434,5.592,16.541,7.662,9.441,13.095,19.98,25.551,25.258,28.759,23.107,19.573,13.367,8.528,6.195,16.71,7.036,10.775,12.838,16.935,18.892,24.593,28.616,23.524,19.0,13.726,7.61,6.312,15.821,0.476,0.496,0.495,0.56,0.583,0.605,0.7,0.703,0.628,0.557,0.539,0.418,0.584,0.41,0.523,0.476,0.511,0.637,0.619,0.678,0.693,0.63,0.562,0.494,0.394,0.58,0.488,0.45,0.463,0.573,0.643,0.609,0.711,0.633,0.647,0.573,0.5,0.435,0.582,0.444,0.511,0.456,0.486,0.478,0.59,0.709,0.645,0.624,0.59,0.442,0.447,0.555,56.971,59.515,61.123,53.863,54.538,36.441,14.445,10.382,25.527,40.139,43.129,65.184,43.44,75.573,55.762,61.611,61.032,40.027,31.674,16.346,10.725,31.163,41.598,57.141,71.748,46.202,61.926,61.78,66.2,49.496,36.457,37.019,9.472,23.89,20.66,34.315,54.713,60.696,43.049,58.78,52.353,67.509,67.584,71.103,38.752,8.32,22.632,32.018,36.484,64.598,62.46,48.55,1.26,2.638,1.392,1.413,1.775,1.013,0.039,0.037,0.07,1.517,0.211,5.021,1.366,5.833,3.119,3.046,1.322,0.394,0.738,0.052,0.006,0.091,1.401,1.965,5.507,1.955,1.887,3.763,1.732,0.697,0.185,0.493,0.202,0.447,0.084,0.03,2.261,2.013,1.151,3.571,0.535,3.114,2.584,1.043,1.612,0.055,0.037,0.386,0.177,5.028,2.96,1.759
39.0,27.33,7.161,10.195,13.633,19.347,22.843,24.82,27.988,25.479,18.7,12.693,8.968,5.739,16.463,6.438,10.772,13.023,17.546,24.905,25.303,27.156,25.078,18.882,12.663,8.284,5.504,16.299,7.558,9.244,12.58,19.755,25.455,24.896,28.664,22.84,19.331,12.937,8.392,6.028,16.473,6.796,10.455,12.308,16.488,18.377,24.303,28.528,23.174,18.793,13.518,7.434,6.211,15.532,0.459,0.488,0.484,0.554,0.577,0.596,0.694,0.7,0.618,0.553,0.527,0.411,0.576,0.408,0.512,0.464,0.504,0.629,0.611,0.672,0.691,0.622,0.55,0.488,0.39,0.573,0.484,0.442,0.445,0.568,0.641,0.601,0.709,0.626,0.641,0.556,0.496,0.426,0.575,0.431,0.497,0.439,0.474,0.466,0.583,0.707,0.636,0.617,0.583,0.434,0.444,0.546,60.78,61.876,62.667,55.362,56.075,38.947,16.937,11.601,28.658,42.025,46.401,67.809,45.763,76.577,58.084,63.882,62.764,41.561,33.688,17.964,11.521,33.964,45.199,58.816,72.895,48.078,64.019,62.927,69.21,50.277,37.468,39.605,10.495,26.384,22.635,37.93,57.232,63.247,45.117,62.027,55.56,70.435,69.731,72.922,40.817,8.998,25.331,34.09,38.789,66.175,63.812,50.724,1.233,2.659,1.239,1.438,1.835,1.083,0.052,0.029,0.071,1.555,0.221,4.707,1.345,5.879,3.101,3.124,1.458,0.434,0.822,0.059,0.007,0.102,1.4,2.115,5.476,1.997,1.731,3.945,1.432,0.768,0.184,0.504,0.245,0.509,0.098,0.033,2.288,1.985,1.146,3.672,0.563,3.222,2.7,1.097,1.687,0.047,0.037,0.343,0.204,5.257,2.962,1.817
39.33,27.33,7.136,10.152,13.55,19.314,22.747,24.947,27.98,25.321,18.668,12.577,8.821,5.671,16.407,6.389,10.654,12.981,17.611,24.664,25.273,27.053,24.916,18.696,12.431,8.095,5.492,16.191,7.463,9.229,12.73,19.662,25.421,24.921,28.471,22.796,19.121,12.954,8.247,5.929,16.411,6.681,10.467,12.273,16.513,18.582,24.385,28.333,23.118,18.744,13.434,7.397,6.131,15.505,0.461,0.488,0.483,0.553,0.574,0.599,0.693,0.696,0.619,0.55,0.523,0.408,0.576,0.409,0.509,0.463,0.506,0.623,0.61,0.67,0.686,0.618,0.541,0.481,0.394,0.57,0.48,0.442,0.453,0.565,0.64,0.601,0.704,0.626,0.634,0.56,0.49,0.423,0.575,0.428,0.501,0.439,0.476,0.47,0.585,0.702,0.634,0.617,0.582,0.435,0.441,0.547,60.585,62.097,62.252,54.623,56.218,39.088,16.574,12.593,27.902,42.08,47.177,67.828,45.752,75.963,58.128,63.382,62.326,42.885,34.934,18.691,12.566,35.385,45.703,58.935,72.426,48.445,63.475,62.389,68.065,50.169,37.916,39.631,11.46,25.66,23.44,37.763,57.173,63.63,45.062,62.647,55.651,69.895,69.514,71.973,40.666,10.774,25.306,34.071,39.2,65.656,63.449,50.734,1.444,2.578,1.239,1.493,1.866,1.162,0.061,0.046,0.118,1.671,0.296,4.281,1.355,5.905,3.116,3.063,1.513,0.711,0.971,0.092,0.02,0.144,1.503,2.042,5.058,2.011,1.711,3.984,1.38,0.913,0.223,0.608,0.413,0.755,0.127,0.07,2.122,1.909,1.186,3.369,0.622,3.082,2.703,1.222,1.654,0.068,0.038,0.359,0.273,5.527,2.991,1.826
38.67,27.33,7.584,10.335,14.0,19.667,23.015,25.171,28.292,25.615,19.093,12.895,9.383,5.988,16.753,6.575,11.039,13.371,17.855,25.209,25.556,27.395,25.223,19.151,13.147,8.536,5.651,16.561,7.62,9.408,13.14,19.907,25.519,25.181,28.792,23.167,19.619,13.439,8.595,6.225,16.717,7.11,10.782,12.81,16.822,18.848,24.543,28.607,23.64,19.114,13.752,7.587,6.381,15.833,0.483,0.491,0.496,0.561,0.58,0.605,0.701,0.704,0.631,0.559,0.548,0.424,0.586,0.414,0.522,0.474,0.511,0.636,0.616,0.679,0.694,0.631,0.568,0.5,0.399,0.581,0.484,0.447,0.465,0.57,0.642,0.607,0.712,0.634,0.648,0.577,0.504,0.436,0.582,0.449,0.511,0.455,0.483,0.476,0.589,0.708,0.647,0.627,0.59,0.441,0.452,0.556,56.014,60.382,61.28,54.079,54.673,36.821,14.235,10.338,24.898,40.28,41.94,65.126,43.339,75.718,55.847,62.318,61.695,40.132,32.392,16.319,10.264,31.453,40.264,56.589,71.62,46.219,62.307,62.359,66.093,49.922,36.823,38.146,9.27,23.578,20.517,34.122,54.548,60.79,43.204,58.54,52.581,67.965,68.151,71.783,39.341,8.757,22.456,31.377,36.571,64.991,62.185,48.726,1.38,2.671,1.421,1.437,1.74,1.017,0.055,0.045,0.093,1.497,0.244,4.633,1.354,5.713,3.112,3.073,1.33,0.418,0.802,0.058,0.007,0.106,1.406,1.944,5.305,1.939,1.933,3.766,1.691,0.761,0.216,0.612,0.238,0.528,0.092,0.048,2.195,2.028,1.177,3.579,0.566,2.924,2.602,1.245,1.71,0.083,0.044,0.412,0.209,5.098,2.872,1.779
39.33,28.0,7.232,9.862,13.391,19.301,22.291,24.715,27.821,25.347,18.593,12.765,9.257,5.973,16.381,6.474,10.423,12.474,17.19,24.547,24.43,26.748,25.019,18.43,13.005,8.47,5.625,16.074,7.227,9.078,12.347,19.222,25.308,24.249,28.555,22.742,19.085,12.802,8.53,6.034,16.263,6.934,10.032,11.754,15.882,17.959,23.971,28.193,23.294,19.03,13.394,7.139,6.326,15.325,0.469,0.471,0.476,0.553,0.56,0.593,0.688,0.695,0.616,0.555,0.549,0.428,0.577,0.417,0.498,0.446,0.495,0.618,0.59,0.664,0.69,0.611,0.563,0.504,0.406,0.566,0.462,0.433,0.44,0.551,0.637,0.583,0.705,0.624,0.631,0.555,0.507,0.43,0.57,0.446,0.481,0.421,0.457,0.453,0.574,0.695,0.636,0.626,0.577,0.421,0.454,0.54,60.81,66.604,64.292,56.406,58.008,42.48,18.853,13.402,29.091,44.202,44.537,68.406,47.255,77.611,59.923,67.806,66.937,44.358,39.03,20.68,12.23,38.711,42.955,57.167,72.962,50.032,67.342,65.508,71.271,52.731,39.714,46.057,11.801,27.237,24.841,40.33,57.623,64.904,47.446,62.071,60.13,73.604,72.997,75.924,44.994,13.338,27.173,33.602,41.084,68.564,63.776,53.107,1.752,2.715,1.263,1.464,1.809,1.302,0.125,0.06,0.198,1.574,0.427,2.668,1.282,5.51,2.995,3.215,1.674,0.6,1.302,0.145,0.016,0.222,1.389,2.072,4.215,1.948,1.628,3.911,1.146,1.089,0.34,1.024,0.524,0.985,0.183,0.167,1.826,1.842,1.223,3.267,0.844,2.556,2.902,1.859,2.008,0.134,0.067,0.406,0.452,5.767,2.445,1.89
38.67,28.0,7.664,9.985,13.828,19.57,22.496,24.884,28.173,25.618,19.036,13.095,9.742,6.265,16.699,6.709,10.841,12.817,17.458,25.034,24.635,27.091,25.304,18.821,13.612,8.833,5.789,16.416,7.411,9.271,12.774,19.518,25.282,24.459,28.839,23.06,19.584,13.272,8.834,6.279,16.547,7.279,10.429,12.234,16.062,18.168,24.068,28.468,23.789,19.331,13.723,7.357,6.563,15.622,0.491,0.472,0.489,0.559,0.565,0.598,0.697,0.702,0.628,0.565,0.571,0.443,0.585,0.427,0.512,0.456,0.501,0.63,0.595,0.673,0.698,0.621,0.586,0.519,0.412,0.576,0.468,0.439,0.453,0.558,0.636,0.588,0.713,0.632,0.645,0.572,0.519,0.441,0.577,0.463,0.496,0.436,0.46,0.458,0.577,0.702,0.649,0.634,0.586,0.429,0.465,0.548,56.379,65.076,63.146,55.88,56.392,40.601,16.148,10.976,25.652,41.61,39.587,65.975,44.784,77.005,57.423,66.492,65.953,41.409,36.955,18.044,9.663,34.729,37.902,54.802,71.801,47.682,65.684,65.105,68.678,52.15,38.873,44.722,9.49,25.443,21.532,36.393,55.118,62.211,45.449,58.824,56.468,71.839,71.817,75.697,43.571,10.809,23.995,30.809,38.276,67.371,62.195,50.975,1.661,2.793,1.348,1.465,1.728,1.128,0.122,0.068,0.195,1.482,0.366,3.02,1.284,5.241,2.903,3.203,1.464,0.414,1.122,0.098,0.006,0.184,1.355,2.034,4.614,1.889,1.915,3.847,1.317,0.992,0.331,1.061,0.361,0.821,0.139,0.14,1.975,1.985,1.241,3.619,0.723,2.459,2.773,2.039,2.152,0.152,0.074,0.464,0.343,5.371,2.454,1.883
39.0,28.33,7.457,9.865,13.538,19.403,22.254,24.647,27.968,25.516,18.784,13.006,9.59,6.212,16.523,6.633,10.567,12.473,17.137,24.742,24.264,26.837,25.212,18.549,13.442,8.739,5.724,16.197,7.309,9.178,12.411,19.306,25.248,24.148,28.728,22.841,19.342,12.988,8.774,6.174,16.368,7.155,10.052,11.844,15.776,17.795,23.886,28.327,23.612,19.204,13.571,7.183,6.483,15.406,0.481,0.468,0.479,0.556,0.559,0.592,0.691,0.699,0.621,0.563,0.565,0.443,0.58,0.426,0.502,0.445,0.493,0.623,0.586,0.667,0.695,0.614,0.58,0.517,0.41,0.569,0.463,0.436,0.441,0.552,0.636,0.58,0.709,0.626,0.639,0.562,0.519,0.437,0.572,0.458,0.48,0.424,0.453,0.448,0.573,0.698,0.644,0.63,0.582,0.421,0.462,0.542,58.92,66.618,64.091,56.502,57.697,42.445,17.858,11.78,27.452,42.701,40.984,67.182,46.184,77.396,58.958,68.041,67.644,42.852,38.975,19.599,10.434,37.075,39.58,55.185,72.318,49.005,67.149,65.727,70.674,52.874,39.331,47.027,10.425,27.01,23.242,38.66,56.049,63.685,46.821,60.087,59.482,73.51,72.919,76.865,45.186,12.028,25.645,31.849,39.684,68.351,62.962,52.383,1.654,2.751,1.24,1.465,1.769,1.237,0.142,0.06,0.188,1.528,0.386,2.574,1.252,5.258,2.978,3.256,1.625,0.46,1.29,0.124,0.008,0.22,1.337,2.094,4.27,1.913,1.63,3.82,1.112,1.072,0.345,1.066,0.447,0.965,0.162,0.159,1.867,1.899,1.212,3.488,0.775,2.419,2.868,2.028,2.211,0.136,0.075,0.426,0.401,5.547,2.313,1.888
39.0,27.67,7.379,9.898,13.498,19.325,22.431,24.683,27.982,25.518,18.765,12.908,9.461,6.066,16.495,6.595,10.549,12.585,17.23,24.763,24.581,26.955,25.205,18.689,13.246,8.622,5.671,16.229,7.347,9.083,12.392,19.38,25.361,24.373,28.732,22.897,19.346,12.964,8.654,6.107,16.384,7.012,10.125,11.925,15.928,17.896,23.988,28.427,23.464,19.128,13.54,7.236,6.395,15.421,0.476,0.47,0.478,0.553,0.564,0.593,0.692,0.699,0.62,0.559,0.557,0.433,0.579,0.422,0.501,0.449,0.496,0.624,0.594,0.669,0.695,0.618,0.572,0.51,0.406,0.571,0.466,0.431,0.44,0.555,0.638,0.586,0.709,0.628,0.639,0.56,0.512,0.432,0.572,0.449,0.483,0.427,0.458,0.451,0.575,0.7,0.64,0.628,0.581,0.424,0.457,0.543,58.979,65.618,63.693,56.361,57.174,41.376,17.51,11.532,27.572,42.663,42.315,67.82,46.049,77.211,59.142,67.137,66.363,42.402,37.098,18.709,10.08,36.014,41.082,56.333,72.459,48.67,66.345,65.148,70.4,52.072,38.48,45.118,10.218,26.286,22.942,38.582,56.569,63.814,46.33,61.167,58.574,72.978,71.978,76.047,43.806,11.009,25.847,32.208,39.502,67.794,63.195,52.011,1.551,2.746,1.235,1.489,1.752,1.166,0.128,0.046,0.133,1.488,0.337,3.095,1.267,5.463,3.138,3.277,1.621,0.448,1.158,0.088,0.006,0.167,1.365,2.108,4.55,1.952,1.614,3.888,1.142,1.015,0.289,0.858,0.4,0.854,0.138,0.099,1.999,1.966,1.189,3.641,0.709,2.572,2.853,1.721,2.097,0.106,0.057,0.391,0.349,5.556,2.49,1.876
39.33,28.33,7.239,9.88,13.441,19.395,22.162,24.714,27.746,25.307,18.55,12.788,9.257,6.033,16.378,6.449,10.467,12.438,17.151,24.531,24.214,26.614,24.958,18.278,13.041,8.505,5.647,16.028,7.196,9.195,12.379,19.176,25.21,24.08,28.506,22.64,19.02,12.776,8.575,6.081,16.235,7.033,10.009,11.721,15.828,17.953,23.918,28.061,23.341,19.022,13.385,7.106,6.374,15.313,0.469,0.472,0.478,0.555,0.557,0.593,0.686,0.695,0.615,0.556,0.549,0.433,0.576,0.416,0.5,0.445,0.493,0.618,0.585,0.661,0.688,0.605,0.565,0.506,0.407,0.564,0.46,0.439,0.441,0.549,0.635,0.579,0.704,0.621,0.63,0.554,0.509,0.435,0.569,0.452,0.48,0.419,0.455,0.453,0.574,0.692,0.638,0.626,0.578,0.419,0.457,0.539,61.265,66.962,64.551,56.223,58.342,43.116,19.41,13.954,29.535,44.357,44.212,67.73,47.47,77.729,59.589,68.14,67.546,44.879,40.414,21.741,13.212,39.714,42.494,56.54,72.889,50.408,67.855,65.693,71.535,53.206,40.457,46.979,12.304,28.15,25.346,40.521,57.342,64.681,47.839,61.072,60.636,73.658,73.73,76.073,45.942,14.261,27.094,33.782,41.303,68.9,63.673,53.345,1.854,2.709,1.301,1.416,1.846,1.394,0.122,0.074,0.258,1.64,0.475,2.394,1.292,5.42,2.797,3.154,1.647,0.632,1.389,0.194,0.02,0.275,1.365,2.041,4.059,1.917,1.696,3.855,1.21,1.099,0.39,1.212,0.561,1.046,0.212,0.234,1.709,1.753,1.249,3.02,0.928,2.537,2.894,2.055,2.001,0.165,0.085,0.439,0.506,5.753,2.356,1.893
39.33,27.67,7.165,9.928,13.422,19.293,22.387,24.762,27.827,25.307,18.569,12.68,9.083,5.856,16.358,6.426,10.471,12.598,17.295,24.548,24.623,26.791,24.955,18.463,12.787,8.337,5.581,16.077,7.273,9.112,12.427,19.309,25.315,24.399,28.515,22.717,19.051,12.793,8.414,5.988,16.275,6.842,10.158,11.843,16.014,18.126,24.061,28.202,23.185,18.932,13.371,7.19,6.261,15.349,0.465,0.475,0.477,0.552,0.564,0.594,0.689,0.695,0.615,0.552,0.539,0.421,0.575,0.413,0.5,0.45,0.498,0.619,0.595,0.665,0.688,0.611,0.555,0.496,0.402,0.566,0.466,0.435,0.442,0.554,0.637,0.587,0.705,0.623,0.631,0.554,0.5,0.427,0.57,0.44,0.487,0.424,0.461,0.458,0.577,0.696,0.634,0.623,0.577,0.423,0.45,0.541,61.359,65.738,64.011,56.104,57.676,41.849,18.579,13.593,29.303,44.112,46.013,68.655,47.248,77.434,59.741,66.887,65.838,44.316,38.276,20.506,12.727,38.347,44.345,58.071,73.088,49.966,66.658,64.879,70.806,52.215,39.564,44.515,11.971,27.162,24.832,40.206,58.033,64.967,47.149,62.664,59.195,72.988,72.53,74.967,44.156,12.915,27.109,34.157,41.03,68.096,63.937,52.813,1.71,2.676,1.266,1.459,1.827,1.282,0.104,0.06,0.19,1.612,0.406,3.051,1.306,5.603,2.987,3.149,1.627,0.646,1.22,0.136,0.018,0.207,1.408,2.053,4.405,1.956,1.668,3.943,1.221,1.04,0.314,0.935,0.507,0.922,0.172,0.151,1.884,1.831,1.217,3.232,0.803,2.708,2.841,1.722,1.872,0.121,0.061,0.396,0.415,5.732,2.597,1.873
38.67,28.33,7.731,10.019,13.952,19.692,22.414,24.921,28.182,25.608,19.078,13.179,9.794,6.367,16.747,6.729,10.969,12.848,17.48,25.083,24.47,27.029,25.287,18.729,13.725,8.903,5.835,16.427,7.423,9.438,12.902,19.548,25.153,24.339,28.833,23.009,19.612,13.327,8.919,6.362,16.571,7.419,10.508,12.266,16.031,18.222,24.032,28.386,23.905,19.371,13.776,7.368,6.638,15.66,0.494,0.474,0.493,0.563,0.563,0.598,0.698,0.702,0.629,0.569,0.573,0.45,0.586,0.428,0.519,0.456,0.501,0.632,0.59,0.671,0.697,0.618,0.59,0.522,0.414,0.576,0.468,0.447,0.458,0.559,0.633,0.586,0.713,0.63,0.646,0.573,0.523,0.448,0.577,0.471,0.499,0.436,0.459,0.459,0.577,0.701,0.652,0.635,0.589,0.429,0.469,0.549,56.467,65.421,63.365,55.844,56.56,41.218,16.31,11.39,25.626,41.499,38.993,65.16,44.821,77.163,56.79,66.695,66.456,41.638,38.318,18.817,10.463,35.371,36.983,54.081,71.71,47.875,66.08,65.302,68.521,52.672,39.847,45.525,9.768,26.219,21.615,36.186,54.726,61.806,45.688,57.716,56.377,71.862,72.547,75.842,44.47,11.516,23.627,30.811,38.3,67.588,62.005,51.056,1.734,2.784,1.373,1.425,1.767,1.174,0.119,0.086,0.263,1.542,0.407,2.783,1.289,5.061,2.651,3.12,1.395,0.429,1.179,0.131,0.008,0.229,1.332,2.007,4.533,1.841,2.036,3.808,1.386,0.999,0.378,1.252,0.373,0.853,0.157,0.2,1.894,1.914,1.272,3.452,0.768,2.424,2.736,2.323,2.187,0.176,0.092,0.506,0.366,5.268,2.375,1.888
38.67,27.67,7.656,10.084,13.91,19.619,22.629,24.965,28.204,25.616,19.057,13.043,9.652,6.188,16.72,6.673,10.927,12.986,17.583,25.11,24.864,27.172,25.28,18.916,13.5,8.768,5.764,16.465,7.471,9.317,12.901,19.618,25.324,24.641,28.841,23.086,19.605,13.323,8.768,6.274,16.596,7.254,10.574,12.397,16.246,18.36,24.185,28.506,23.747,19.286,13.732,7.422,6.531,15.686,0.489,0.478,0.492,0.56,0.569,0.599,0.699,0.703,0.629,0.563,0.565,0.437,0.585,0.423,0.516,0.461,0.504,0.633,0.6,0.674,0.697,0.624,0.581,0.514,0.409,0.577,0.472,0.442,0.458,0.561,0.637,0.593,0.713,0.632,0.646,0.573,0.515,0.44,0.578,0.46,0.502,0.441,0.466,0.463,0.58,0.704,0.648,0.632,0.587,0.432,0.462,0.55,56.335,63.992,62.802,55.511,55.926,39.622,15.669,10.921,25.594,41.485,40.382,65.874,44.509,76.865,57.042,65.541,64.862,41.088,35.814,17.638,9.907,33.926,38.577,55.491,71.919,47.391,64.959,64.564,68.096,51.661,38.547,42.993,9.409,25.067,21.281,35.901,55.207,61.967,44.97,58.759,55.32,70.968,71.2,74.771,42.594,10.225,23.643,31.054,37.962,66.978,62.296,50.482,1.618,2.768,1.395,1.45,1.724,1.1,0.101,0.065,0.179,1.483,0.339,3.45,1.308,5.346,2.931,3.154,1.401,0.412,1.024,0.09,0.007,0.165,1.355,1.992,4.807,1.891,1.966,3.826,1.465,0.918,0.307,0.971,0.322,0.722,0.128,0.123,2.024,1.992,1.231,3.581,0.689,2.58,2.708,1.863,2.008,0.142,0.068,0.46,0.31,5.284,2.569,1.854
39.33,29.0,7.422,9.905,13.657,19.679,21.657,24.494,27.6,25.343,18.533,13.078,9.478,6.425,16.442,6.506,10.669,12.267,16.809,24.549,23.285,26.21,24.902,17.797,13.477,8.804,5.813,15.926,7.139,9.638,12.398,19.09,24.748,23.325,28.453,22.349,19.03,12.693,8.931,6.297,16.174,7.512,9.838,11.568,15.51,17.67,23.541,27.718,23.785,19.104,13.482,7.045,6.645,15.286,0.48,0.474,0.484,0.564,0.545,0.587,0.682,0.697,0.614,0.569,0.56,0.461,0.577,0.419,0.51,0.437,0.482,0.619,0.56,0.65,0.685,0.589,0.584,0.521,0.416,0.56,0.457,0.462,0.442,0.546,0.624,0.561,0.704,0.613,0.63,0.548,0.528,0.453,0.566,0.481,0.471,0.412,0.446,0.445,0.567,0.685,0.65,0.629,0.583,0.415,0.474,0.537,63.559,68.764,65.892,56.422,59.519,46.231,20.849,14.4,30.19,43.746,41.128,65.188,47.992,78.052,58.135,70.119,71.009,45.258,45.513,24.724,14.98,42.243,39.083,53.429,72.269,51.236,69.909,67.071,72.693,55.311,42.562,51.999,13.293,32.36,25.873,41.178,55.508,64.129,49.325,57.041,63.149,74.495,76.448,77.865,50.04,15.976,25.558,33.353,41.377,69.972,63.065,54.028,1.972,2.611,1.283,1.222,1.978,1.827,0.127,0.121,0.408,1.835,0.519,1.386,1.273,4.571,2.034,2.899,1.538,0.621,1.796,0.363,0.041,0.535,1.135,1.978,3.413,1.744,1.738,3.421,1.28,1.068,0.569,1.904,0.557,1.22,0.269,0.494,1.287,1.391,1.268,2.288,1.035,2.411,2.716,2.928,2.167,0.274,0.157,0.612,0.585,5.17,1.875,1.854
38.67,29.0,7.811,10.027,14.093,19.902,21.959,24.75,28.071,25.55,19.035,13.43,9.863,6.706,16.77,6.729,11.131,12.67,17.163,25.006,23.579,26.628,25.202,18.19,14.03,9.106,5.967,16.285,7.362,9.886,12.899,19.507,24.646,23.646,28.746,22.701,19.581,13.179,9.222,6.54,16.493,7.825,10.343,12.021,15.728,18.013,23.691,28.04,24.251,19.423,13.838,7.296,6.84,15.611,0.498,0.477,0.496,0.57,0.552,0.593,0.695,0.702,0.628,0.581,0.577,0.475,0.586,0.429,0.528,0.449,0.491,0.63,0.567,0.66,0.693,0.6,0.604,0.532,0.421,0.57,0.465,0.471,0.457,0.557,0.621,0.569,0.711,0.622,0.646,0.565,0.539,0.464,0.575,0.495,0.491,0.426,0.451,0.454,0.571,0.693,0.662,0.637,0.593,0.425,0.481,0.546,60.519,68.011,65.474,56.731,58.195,45.194,18.232,13.066,27.028,41.929,38.298,63.607,46.359,77.892,55.928,69.116,70.271,43.102,44.509,22.651,13.328,39.369,35.236,52.026,71.593,49.587,68.863,66.974,70.366,55.155,43.13,50.86,11.534,30.87,23.061,38.284,53.873,62.3,47.94,54.977,59.66,73.543,75.884,77.697,49.306,14.276,23.247,31.563,39.607,69.019,62.145,52.576,1.853,2.637,1.298,1.239,1.962,1.548,0.122,0.146,0.426,1.77,0.484,1.645,1.259,4.215,1.846,2.82,1.303,0.461,1.662,0.279,0.02,0.477,1.108,1.948,3.786,1.66,1.996,3.445,1.412,1.015,0.565,1.909,0.418,1.03,0.213,0.447,1.441,1.504,1.285,2.677,0.862,2.301,2.598,3.29,2.352,0.24,0.159,0.648,0.443,4.692,1.877,1.847
39.0,29.33,7.686,10.017,13.921,19.825,21.721,24.489,27.907,25.466,18.814,13.323,9.697,6.651,16.63,6.655,10.912,12.385,16.873,24.747,23.224,26.373,25.077,17.9,13.85,9.004,5.908,16.077,7.287,9.882,12.659,19.312,24.588,23.373,28.631,22.472,19.347,12.923,9.152,6.415,16.337,7.74,9.986,11.724,15.549,17.792,23.576,27.853,24.172,19.269,13.692,7.146,6.783,15.442,0.493,0.478,0.491,0.568,0.546,0.587,0.69,0.7,0.623,0.579,0.57,0.475,0.582,0.426,0.52,0.44,0.483,0.623,0.558,0.653,0.689,0.592,0.598,0.529,0.419,0.564,0.463,0.473,0.449,0.552,0.62,0.562,0.708,0.616,0.64,0.555,0.538,0.458,0.571,0.492,0.476,0.416,0.447,0.448,0.569,0.688,0.66,0.633,0.59,0.419,0.48,0.542,63.482,68.849,66.22,56.95,59.43,46.711,19.423,13.614,28.639,42.778,39.478,64.33,47.494,78.093,56.943,70.381,71.702,44.419,46.338,24.271,14.305,41.545,36.674,52.442,71.982,50.761,69.857,67.437,71.912,55.905,43.375,52.627,12.431,32.749,24.64,40.224,54.456,63.977,49.134,55.732,62.449,74.48,76.663,78.368,50.616,15.28,23.814,32.441,40.719,70.022,62.803,53.615,1.868,2.548,1.233,1.181,2.004,1.774,0.123,0.133,0.418,1.872,0.468,1.325,1.243,4.119,1.84,2.786,1.422,0.519,1.84,0.338,0.026,0.576,1.038,1.969,3.403,1.656,1.723,3.241,1.299,1.021,0.594,2.006,0.474,1.148,0.229,0.514,1.262,1.34,1.239,2.318,0.888,2.313,2.585,3.307,2.291,0.257,0.174,0.649,0.484,4.7,1.728,1.811
39.0,28.67,7.592,9.973,13.84,19.741,21.774,24.504,27.896,25.467,18.78,13.241,9.677,6.555,16.59,6.65,10.838,12.343,16.919,24.737,23.379,26.436,25.105,18.037,13.768,8.951,5.821,16.084,7.314,9.744,12.619,19.278,24.739,23.521,28.653,22.496,19.307,12.985,9.063,6.375,16.34,7.606,10.01,11.736,15.509,17.708,23.623,27.959,24.013,19.237,13.66,7.11,6.724,15.41,0.488,0.475,0.488,0.566,0.547,0.587,0.689,0.699,0.621,0.575,0.569,0.468,0.581,0.427,0.516,0.439,0.485,0.622,0.563,0.655,0.69,0.596,0.594,0.526,0.414,0.564,0.464,0.466,0.448,0.551,0.624,0.566,0.709,0.617,0.639,0.559,0.534,0.455,0.571,0.484,0.477,0.416,0.446,0.446,0.57,0.691,0.655,0.631,0.588,0.417,0.476,0.541,61.996,68.536,65.741,56.883,59.387,45.813,19.25,13.279,28.586,42.994,39.78,65.139,47.284,78.121,57.696,70.005,70.894,44.374,45.07,23.419,13.603,40.744,37.309,53.054,72.551,50.573,69.409,67.053,71.699,55.359,42.714,51.497,11.902,31.382,24.695,39.648,55.09,63.715,48.681,56.677,61.738,74.473,76.086,78.312,49.584,14.774,24.532,32.446,40.598,70.049,62.987,53.521,1.834,2.634,1.251,1.271,1.928,1.576,0.134,0.113,0.372,1.782,0.473,1.603,1.247,4.5,2.161,2.944,1.484,0.502,1.657,0.277,0.02,0.453,1.151,2.004,3.681,1.737,1.729,3.452,1.252,1.064,0.522,1.738,0.497,1.129,0.224,0.404,1.449,1.523,1.25,2.678,0.897,2.314,2.706,2.942,2.3,0.226,0.145,0.569,0.485,5.054,1.882,1.852
39.33,29.33,7.461,9.889,13.647,19.681,21.654,24.507,27.537,25.345,18.52,13.087,9.474,6.436,16.439,6.489,10.662,12.327,16.773,24.53,23.288,26.174,24.847,17.721,13.458,8.799,5.886,15.915,7.059,9.621,12.355,19.07,24.699,23.231,28.392,22.368,19.023,12.577,8.944,6.294,16.136,7.549,9.81,11.553,15.585,17.734,23.489,27.627,23.82,19.117,13.463,7.088,6.655,15.292,0.482,0.473,0.484,0.564,0.545,0.588,0.681,0.697,0.615,0.57,0.561,0.462,0.577,0.418,0.51,0.439,0.48,0.619,0.56,0.649,0.683,0.587,0.584,0.521,0.421,0.56,0.453,0.462,0.44,0.546,0.623,0.559,0.702,0.614,0.63,0.543,0.529,0.453,0.566,0.484,0.471,0.412,0.447,0.447,0.565,0.682,0.652,0.629,0.583,0.419,0.476,0.538,64.48,68.837,66.014,56.35,59.209,46.538,21.203,14.606,30.351,43.616,41.093,64.765,48.089,77.914,57.777,70.155,71.217,45.029,45.565,25.036,15.261,42.506,39.127,53.3,71.67,51.215,70.055,67.315,72.846,55.4,42.414,52.498,13.854,33.069,25.712,41.808,55.195,64.333,49.542,56.817,63.632,74.338,76.527,77.633,50.342,16.164,25.28,33.345,41.422,69.603,62.833,53.994,2.0,2.554,1.276,1.165,2.018,2.039,0.12,0.133,0.425,1.86,0.505,1.254,1.278,4.32,1.829,2.799,1.511,0.654,1.924,0.42,0.058,0.635,1.057,1.956,3.21,1.698,1.758,3.283,1.303,1.024,0.616,2.092,0.523,1.228,0.273,0.582,1.16,1.27,1.26,2.035,1.038,2.446,2.616,3.107,2.133,0.312,0.176,0.69,0.591,4.925,1.812,1.826
39.33,28.67,7.346,9.867,13.562,19.584,21.789,24.582,27.593,25.313,18.51,12.977,9.41,6.305,16.406,6.466,10.581,12.303,16.901,24.522,23.543,26.296,24.894,17.902,13.34,8.714,5.771,15.939,7.108,9.471,12.35,19.072,24.886,23.509,28.438,22.433,18.992,12.671,8.824,6.235,16.165,7.373,9.863,11.58,15.6,17.747,23.629,27.779,23.625,19.085,13.425,7.052,6.564,15.277,0.476,0.472,0.481,0.561,0.548,0.59,0.682,0.696,0.613,0.565,0.557,0.452,0.576,0.417,0.506,0.439,0.485,0.618,0.567,0.652,0.685,0.593,0.578,0.516,0.414,0.561,0.455,0.454,0.44,0.546,0.627,0.565,0.703,0.615,0.629,0.548,0.523,0.448,0.566,0.473,0.473,0.413,0.448,0.447,0.568,0.686,0.646,0.628,0.58,0.416,0.469,0.537,63.058,68.516,65.641,56.43,59.239,45.505,20.845,14.629,30.324,44.274,42.25,65.968,48.057,78.063,58.708,69.748,70.171,45.388,44.209,24.17,14.755,41.936,40.285,54.391,72.46,51.192,69.607,66.875,72.652,54.815,42.097,50.848,13.329,31.253,25.999,41.416,56.19,64.378,49.122,58.308,62.782,74.413,75.862,77.407,49.125,15.927,26.356,33.68,41.652,69.773,63.29,54.048,1.984,2.654,1.302,1.273,1.948,1.74,0.127,0.112,0.376,1.768,0.528,1.569,1.282,4.825,2.213,2.978,1.58,0.636,1.714,0.329,0.039,0.471,1.202,1.995,3.538,1.794,1.756,3.566,1.257,1.089,0.532,1.755,0.571,1.184,0.264,0.436,1.378,1.483,1.274,2.455,1.045,2.442,2.791,2.711,2.121,0.254,0.139,0.574,0.591,5.374,1.996,1.875
38.67,29.33,7.886,10.031,14.131,19.924,22.044,24.84,28.108,25.557,19.105,13.488,9.88,6.755,16.815,6.717,11.188,12.806,17.211,25.055,23.646,26.671,25.206,18.171,14.081,9.138,6.06,16.33,7.313,9.904,12.913,19.58,24.575,23.649,28.738,22.795,19.663,13.123,9.279,6.574,16.509,7.906,10.387,12.074,15.872,18.168,23.697,28.018,24.348,19.488,13.869,7.386,6.865,15.674,0.502,0.477,0.498,0.57,0.555,0.596,0.696,0.702,0.631,0.583,0.578,0.478,0.587,0.427,0.53,0.454,0.492,0.632,0.569,0.661,0.693,0.6,0.606,0.534,0.427,0.571,0.463,0.471,0.458,0.559,0.619,0.569,0.711,0.625,0.647,0.562,0.542,0.465,0.576,0.5,0.493,0.429,0.454,0.458,0.57,0.692,0.665,0.639,0.595,0.431,0.484,0.548,61.341,68.029,65.751,56.796,57.67,45.363,18.146,13.351,26.714,41.703,38.357,63.045,46.357,77.693,55.188,69.003,70.384,42.748,44.556,22.771,13.538,39.43,34.904,51.74,70.797,49.397,68.919,67.199,70.367,55.157,43.327,51.112,11.935,31.261,22.587,38.755,53.305,62.318,48.021,54.488,59.744,73.283,75.912,77.365,49.603,14.382,22.767,31.444,39.587,68.425,61.85,52.403,1.874,2.58,1.289,1.183,2.026,1.674,0.113,0.17,0.446,1.798,0.476,1.517,1.26,3.95,1.616,2.699,1.238,0.472,1.811,0.313,0.026,0.555,1.021,1.907,3.6,1.6,2.016,3.333,1.46,0.975,0.62,2.079,0.381,1.001,0.211,0.517,1.316,1.382,1.276,2.463,0.837,2.319,2.508,3.542,2.334,0.255,0.175,0.715,0.43,4.378,1.802,1.815
38.67,28.67,7.812,10.004,14.072,19.852,22.099,24.841,28.103,25.576,19.074,13.382,9.885,6.633,16.781,6.739,11.11,12.748,17.284,25.058,23.849,26.756,25.233,18.353,13.99,9.076,5.954,16.348,7.359,9.746,12.912,19.521,24.781,23.836,28.772,22.823,19.615,13.231,9.16,6.513,16.522,7.738,10.426,12.11,15.826,18.096,23.776,28.135,24.173,19.443,13.833,7.336,6.804,15.642,0.498,0.474,0.496,0.568,0.555,0.596,0.695,0.702,0.629,0.578,0.578,0.469,0.586,0.429,0.526,0.452,0.495,0.631,0.574,0.664,0.694,0.605,0.602,0.531,0.421,0.572,0.464,0.463,0.458,0.558,0.625,0.574,0.712,0.626,0.646,0.567,0.536,0.461,0.576,0.49,0.495,0.43,0.453,0.456,0.572,0.695,0.66,0.637,0.592,0.427,0.479,0.548,59.045,67.39,64.858,56.504,57.586,44.066,17.742,12.67,26.512,41.787,38.234,63.86,45.856,77.7,56.018,68.433,69.182,42.57,42.719,21.533,12.497,38.189,35.438,52.421,71.485,49.017,68.125,66.614,69.761,54.471,42.287,49.477,11.085,29.469,22.501,37.637,54.018,61.954,47.284,55.614,58.57,73.048,75.003,77.179,48.019,13.609,23.335,31.246,39.201,68.521,61.949,52.108,1.85,2.7,1.331,1.292,1.91,1.452,0.123,0.136,0.394,1.692,0.475,1.904,1.271,4.418,2.008,2.902,1.312,0.451,1.535,0.243,0.02,0.412,1.174,1.965,4.002,1.704,2.08,3.578,1.405,1.017,0.524,1.776,0.4,0.978,0.202,0.389,1.568,1.626,1.297,2.913,0.852,2.325,2.642,3.091,2.332,0.235,0.143,0.626,0.43,4.844,2.017,1.872
39.33,30.0,7.776,9.915,13.918,19.831,21.801,24.496,27.736,25.416,18.776,13.336,9.653,6.656,16.61,6.578,10.874,12.638,16.72,24.612,23.221,26.239,24.825,17.561,13.752,8.968,6.175,16.015,6.908,9.751,12.556,19.233,24.409,23.011,28.338,22.569,19.303,12.376,9.185,6.295,16.163,7.878,9.755,11.723,15.941,18.276,23.459,27.522,24.37,19.313,13.579,7.298,6.794,15.494,0.501,0.475,0.495,0.568,0.551,0.59,0.685,0.699,0.626,0.581,0.573,0.477,0.583,0.422,0.518,0.449,0.476,0.623,0.557,0.651,0.682,0.584,0.598,0.532,0.441,0.564,0.445,0.468,0.447,0.551,0.614,0.552,0.701,0.621,0.637,0.533,0.542,0.452,0.57,0.506,0.47,0.421,0.455,0.46,0.563,0.678,0.667,0.636,0.59,0.433,0.488,0.544,67.956,69.559,66.46,56.465,58.209,48.193,20.307,14.787,28.986,42.266,39.668,62.958,47.984,77.301,55.358,70.595,72.81,43.645,47.084,25.624,15.624,42.992,37.179,51.979,69.529,50.812,70.373,68.735,72.399,56.328,42.789,55.219,15.286,35.568,24.343,43.501,52.765,66.055,50.28,55.228,65.385,73.812,76.648,76.735,51.754,16.424,22.223,32.275,41.237,68.54,61.947,53.516,1.92,2.262,1.144,0.926,2.151,2.632,0.091,0.156,0.448,1.93,0.375,0.729,1.228,3.006,1.044,2.327,1.359,0.647,2.433,0.55,0.092,1.005,0.674,1.89,2.413,1.454,1.657,2.566,1.304,0.818,0.778,2.758,0.367,1.139,0.226,0.854,0.709,0.816,1.165,1.196,0.835,2.443,2.16,3.967,2.154,0.393,0.241,0.93,0.477,3.588,1.412,1.653
38.67,30.0,8.071,10.041,14.269,19.985,22.25,24.91,28.275,25.528,19.261,13.664,9.893,6.921,16.924,6.717,11.272,13.058,17.185,25.056,23.575,26.7,25.155,17.963,14.249,9.241,6.339,16.377,7.109,9.993,12.928,19.732,24.305,23.515,28.649,22.996,19.86,12.776,9.463,6.544,16.491,8.175,10.18,12.171,16.295,18.721,23.728,27.894,24.78,19.629,13.908,7.603,6.961,15.838,0.513,0.478,0.505,0.571,0.562,0.599,0.699,0.701,0.638,0.591,0.581,0.489,0.592,0.426,0.532,0.462,0.489,0.634,0.566,0.661,0.691,0.595,0.615,0.543,0.447,0.574,0.453,0.475,0.458,0.564,0.611,0.565,0.709,0.632,0.652,0.547,0.553,0.463,0.579,0.519,0.486,0.434,0.464,0.472,0.57,0.687,0.677,0.644,0.6,0.446,0.492,0.553,66.003,68.616,66.48,56.824,56.466,46.707,17.372,14.108,25.641,40.729,38.255,61.333,46.544,76.465,52.743,69.233,71.891,41.902,46.173,23.729,14.275,40.452,33.739,50.314,68.07,49.084,69.175,68.443,70.728,55.582,43.705,53.361,13.672,33.375,21.724,41.259,50.748,64.135,48.826,52.983,62.2,72.582,75.861,75.992,50.983,14.942,20.197,30.686,39.721,66.797,60.883,51.984,1.875,2.284,1.158,0.936,2.22,2.22,0.079,0.207,0.457,1.907,0.391,0.887,1.216,2.833,0.9,2.241,1.127,0.501,2.424,0.458,0.045,0.904,0.63,1.806,2.668,1.378,1.8,2.682,1.441,0.796,0.801,2.659,0.286,0.945,0.186,0.78,0.78,0.857,1.167,1.506,0.683,2.335,2.143,4.342,2.25,0.303,0.232,0.906,0.365,3.193,1.38,1.64
39.0,30.33,8.028,10.053,14.22,19.97,22.15,24.713,28.191,25.441,19.113,13.555,9.813,6.835,16.842,6.704,11.116,12.876,17.008,24.872,23.435,26.569,25.033,17.783,14.096,9.137,6.305,16.245,7.017,9.92,12.91,19.564,24.348,23.385,28.549,22.877,19.695,12.571,9.369,6.359,16.382,8.071,9.927,12.019,16.272,18.803,23.756,27.738,24.745,19.518,13.781,7.485,6.894,15.753,0.514,0.48,0.504,0.571,0.561,0.595,0.697,0.699,0.636,0.589,0.58,0.486,0.59,0.427,0.527,0.456,0.484,0.63,0.562,0.659,0.688,0.591,0.61,0.54,0.447,0.571,0.45,0.473,0.458,0.56,0.612,0.561,0.706,0.629,0.648,0.54,0.55,0.453,0.577,0.515,0.476,0.43,0.463,0.474,0.57,0.682,0.677,0.641,0.598,0.442,0.491,0.551,67.61,69.049,66.395,56.792,57.301,47.736,17.79,14.432,26.578,41.266,38.592,62.025,47.13,76.83,53.305,70.128,72.666,42.644,46.964,24.475,14.649,41.758,34.825,51.0,68.371,49.803,69.537,68.665,70.902,56.345,43.42,54.407,14.365,34.649,22.596,42.505,51.189,66.416,49.583,54.205,64.237,72.989,75.994,75.889,51.211,15.581,20.198,31.077,40.512,67.793,61.452,52.593,1.874,2.191,1.107,0.876,2.214,2.488,0.073,0.167,0.455,1.97,0.339,0.674,1.2,2.655,0.859,2.194,1.23,0.547,2.506,0.506,0.054,1.028,0.57,1.873,2.373,1.366,1.614,2.416,1.325,0.763,0.814,2.83,0.301,1.007,0.176,0.856,0.647,0.729,1.122,1.166,0.676,2.358,2.068,4.4,2.183,0.332,0.253,0.937,0.366,3.131,1.278,1.599
39.0,29.67,8.011,10.091,14.079,19.923,21.995,24.606,28.101,25.494,19.031,13.503,9.769,6.799,16.786,6.687,11.024,12.724,16.931,24.815,23.354,26.5,25.057,17.765,14.008,9.099,6.234,16.184,7.112,9.953,12.731,19.486,24.38,23.307,28.594,22.756,19.604,12.642,9.32,6.393,16.359,7.977,9.895,11.83,16.042,18.431,23.664,27.73,24.604,19.442,13.761,7.389,6.855,15.637,0.513,0.482,0.498,0.57,0.556,0.592,0.695,0.7,0.633,0.586,0.577,0.484,0.587,0.427,0.523,0.451,0.482,0.628,0.56,0.657,0.688,0.59,0.606,0.537,0.442,0.568,0.455,0.475,0.451,0.557,0.613,0.559,0.707,0.626,0.646,0.543,0.547,0.455,0.576,0.509,0.475,0.423,0.457,0.464,0.568,0.682,0.673,0.639,0.596,0.436,0.488,0.548,67.238,68.88,66.707,56.879,57.956,47.781,18.599,14.058,27.47,41.652,38.961,62.418,47.382,77.213,54.42,70.415,72.544,43.294,46.772,24.655,14.653,42.042,35.484,51.379,69.026,50.161,69.87,68.348,71.736,56.261,43.511,54.026,13.743,34.632,23.098,42.184,52.147,65.596,49.597,54.627,63.884,73.594,76.277,76.964,51.313,15.558,21.288,31.644,40.604,68.376,61.794,52.993,1.9,2.279,1.146,0.94,2.192,2.357,0.083,0.165,0.465,2.007,0.375,0.793,1.222,3.006,1.063,2.336,1.277,0.548,2.364,0.475,0.043,0.937,0.684,1.905,2.611,1.437,1.647,2.61,1.336,0.835,0.775,2.684,0.334,1.066,0.192,0.796,0.775,0.853,1.158,1.408,0.741,2.358,2.196,4.224,2.201,0.322,0.242,0.881,0.402,3.516,1.378,1.66
39.33,30.33,7.692,9.814,14.012,19.861,21.836,24.534,27.708,25.368,18.784,13.336,9.684,6.647,16.607,6.565,10.951,12.733,16.728,24.626,23.214,26.213,24.758,17.549,13.778,8.983,6.169,16.023,6.81,9.679,12.696,19.228,24.396,22.975,28.243,22.579,19.287,12.331,9.195,6.267,16.141,7.934,9.803,11.88,16.02,18.46,23.454,27.518,24.405,19.337,13.564,7.322,6.816,15.544,0.497,0.471,0.499,0.569,0.552,0.591,0.685,0.699,0.625,0.581,0.575,0.476,0.583,0.421,0.522,0.453,0.477,0.623,0.557,0.65,0.681,0.583,0.599,0.534,0.441,0.564,0.439,0.464,0.453,0.551,0.615,0.551,0.699,0.621,0.637,0.532,0.543,0.451,0.568,0.511,0.472,0.426,0.457,0.465,0.563,0.678,0.669,0.637,0.59,0.434,0.489,0.545,67.603,69.982,66.019,56.215,57.917,48.15,20.123,15.189,28.628,42.097,39.342,62.917,47.849,77.171,54.921,70.337,72.877,43.228,47.423,25.649,15.88,42.826,36.969,51.796,69.621,50.726,70.248,69.039,71.78,56.372,42.655,55.867,16.052,35.558,24.397,43.64,52.282,66.37,50.354,54.896,65.649,73.49,76.622,76.011,51.792,16.66,21.757,31.971,41.242,68.318,61.774,53.347,1.873,2.231,1.121,0.908,2.121,2.693,0.093,0.152,0.428,1.836,0.357,0.713,1.209,2.849,0.966,2.259,1.343,0.656,2.487,0.561,0.113,1.035,0.629,1.861,2.307,1.423,1.672,2.494,1.295,0.779,0.783,2.802,0.368,1.101,0.225,0.867,0.681,0.799,1.154,1.113,0.814,2.452,2.096,3.905,2.178,0.41,0.237,0.952,0.47,3.421,1.394,1.622
39.33,29.67,7.645,9.871,13.817,19.788,21.702,24.484,27.596,25.389,18.654,13.256,9.592,6.592,16.533,6.534,10.808,12.539,16.689,24.567,23.167,26.152,24.792,17.557,13.646,8.92,6.094,15.957,6.917,9.708,12.452,19.149,24.473,22.978,28.308,22.461,19.173,12.39,9.116,6.308,16.12,7.799,9.747,11.661,15.8,18.054,23.403,27.509,24.184,19.238,13.526,7.228,6.762,15.41,0.493,0.473,0.491,0.567,0.548,0.589,0.682,0.699,0.621,0.577,0.569,0.473,0.58,0.42,0.516,0.446,0.476,0.622,0.557,0.648,0.682,0.583,0.593,0.529,0.436,0.562,0.445,0.466,0.444,0.548,0.616,0.552,0.7,0.617,0.634,0.534,0.538,0.454,0.567,0.501,0.469,0.418,0.451,0.455,0.562,0.678,0.662,0.634,0.587,0.428,0.485,0.541,66.942,69.426,66.258,56.228,58.431,47.749,20.904,14.778,29.56,42.516,39.863,63.25,47.992,77.351,56.013,70.382,72.425,43.966,46.819,25.658,15.701,42.896,37.703,52.071,70.044,50.921,70.346,68.34,72.673,55.976,42.554,54.746,15.105,35.059,24.847,43.046,53.289,65.212,50.1,55.303,65.019,73.902,76.728,76.966,51.514,16.432,23.156,32.543,41.187,68.677,62.028,53.62,1.951,2.35,1.186,0.989,2.111,2.502,0.102,0.153,0.446,1.901,0.422,0.851,1.245,3.383,1.243,2.457,1.404,0.664,2.307,0.532,0.091,0.908,0.78,1.895,2.611,1.523,1.708,2.776,1.316,0.875,0.738,2.587,0.419,1.185,0.252,0.79,0.822,0.937,1.2,1.394,0.923,2.458,2.288,3.685,2.151,0.384,0.223,0.87,0.531,3.982,1.526,1.704
38.67,30.33,8.001,9.961,14.384,20.012,22.381,25.06,28.315,25.475,19.311,13.704,9.924,6.948,16.957,6.724,11.373,13.2,17.287,25.125,23.636,26.747,25.129,18.025,14.333,9.286,6.373,16.438,7.033,9.963,13.069,19.804,24.289,23.599,28.592,23.081,19.919,12.752,9.502,6.558,16.514,8.268,10.243,12.393,16.461,18.97,23.777,27.939,24.844,19.692,13.928,7.696,7.015,15.936,0.509,0.474,0.509,0.571,0.566,0.603,0.701,0.701,0.639,0.593,0.581,0.49,0.593,0.426,0.537,0.467,0.492,0.635,0.568,0.663,0.691,0.597,0.618,0.545,0.449,0.576,0.448,0.473,0.463,0.566,0.612,0.567,0.707,0.634,0.654,0.546,0.555,0.464,0.578,0.525,0.488,0.442,0.469,0.478,0.572,0.688,0.679,0.646,0.601,0.451,0.495,0.556,65.517,68.676,65.935,56.533,55.63,46.087,16.638,14.389,24.684,40.247,37.84,60.851,46.086,75.788,51.754,68.501,71.663,41.166,46.18,23.394,14.253,39.728,32.988,49.65,67.6,48.557,68.659,68.611,69.966,55.234,43.479,53.327,14.134,32.695,21.356,41.052,49.774,63.959,48.52,52.16,61.976,71.823,75.504,74.861,50.678,14.819,19.424,30.035,39.331,65.899,60.324,51.401,1.856,2.26,1.146,0.918,2.208,2.211,0.079,0.213,0.433,1.814,0.39,0.889,1.2,2.706,0.828,2.175,1.086,0.495,2.478,0.474,0.057,0.912,0.578,1.753,2.593,1.345,1.831,2.656,1.447,0.754,0.809,2.641,0.28,0.894,0.188,0.783,0.744,0.828,1.153,1.452,0.659,2.328,2.092,4.306,2.244,0.303,0.225,0.913,0.358,3.019,1.356,1.607
38.67,29.67,8.01,10.016,14.249,19.987,22.182,24.917,28.207,25.542,19.226,13.643,9.908,6.9,16.901,6.714,11.293,13.027,17.195,25.081,23.566,26.677,25.166,18.015,14.234,9.239,6.276,16.374,7.159,9.991,12.934,19.708,24.348,23.509,28.662,22.932,19.816,12.883,9.441,6.591,16.499,8.145,10.276,12.176,16.17,18.55,23.682,27.927,24.673,19.607,13.915,7.56,6.957,15.804,0.509,0.477,0.503,0.571,0.56,0.599,0.698,0.702,0.636,0.59,0.58,0.487,0.591,0.426,0.534,0.461,0.49,0.634,0.566,0.661,0.692,0.596,0.614,0.541,0.442,0.574,0.455,0.475,0.458,0.563,0.613,0.565,0.709,0.63,0.651,0.552,0.551,0.466,0.578,0.516,0.489,0.434,0.461,0.467,0.569,0.688,0.674,0.643,0.599,0.442,0.491,0.552,64.508,68.525,66.266,56.738,56.642,46.317,17.676,13.947,25.843,40.813,38.047,61.527,46.405,76.729,53.209,69.022,71.493,41.958,45.885,23.52,14.192,40.049,33.774,50.401,68.732,49.081,69.143,68.132,70.602,55.401,43.695,52.914,13.293,32.829,21.87,40.423,51.22,63.175,48.559,52.915,61.328,72.705,75.996,76.345,50.762,14.809,20.864,30.801,39.536,67.034,60.982,52.005,1.87,2.371,1.198,1.003,2.17,2.059,0.09,0.205,0.461,1.861,0.426,1.052,1.228,3.118,1.057,2.353,1.133,0.491,2.266,0.422,0.044,0.803,0.734,1.814,2.93,1.43,1.899,2.882,1.475,0.844,0.757,2.507,0.311,0.957,0.2,0.71,0.928,1.004,1.206,1.775,0.736,2.329,2.239,4.129,2.296,0.292,0.215,0.859,0.389,3.486,1.494,1.689
39.33,31.0,7.639,9.647,14.629,20.109,22.42,24.905,28.117,25.246,19.152,13.573,9.908,6.742,16.84,6.644,11.425,13.211,17.041,24.931,23.439,26.532,24.734,17.739,14.155,9.182,6.247,16.274,6.597,9.618,13.548,19.573,24.262,23.3,28.166,22.937,19.601,12.389,9.373,6.16,16.293,8.272,9.978,12.609,16.643,19.691,23.795,27.76,24.932,19.613,13.678,7.564,6.974,15.96,0.494,0.464,0.523,0.575,0.568,0.6,0.696,0.697,0.636,0.593,0.587,0.482,0.592,0.424,0.544,0.468,0.487,0.63,0.562,0.658,0.681,0.589,0.615,0.546,0.446,0.572,0.425,0.46,0.484,0.561,0.613,0.559,0.695,0.63,0.648,0.536,0.554,0.444,0.571,0.533,0.478,0.451,0.475,0.496,0.572,0.685,0.683,0.645,0.593,0.449,0.499,0.559,65.985,70.997,64.279,55.82,56.225,47.627,16.808,16.029,24.962,40.488,37.502,62.733,46.624,76.567,51.541,69.396,73.499,41.544,48.943,24.397,16.069,41.136,34.286,50.705,68.98,49.756,69.201,70.252,68.254,56.842,43.168,57.141,17.416,34.229,23.322,43.24,49.641,68.407,50.091,53.216,66.45,71.77,75.911,72.715,51.411,16.265,17.927,29.517,40.861,67.576,61.026,52.052,1.647,2.038,1.004,0.804,2.037,2.63,0.079,0.118,0.361,1.534,0.265,0.553,1.091,2.061,0.611,1.946,1.198,0.568,2.626,0.561,0.145,1.112,0.39,1.739,1.902,1.241,1.592,2.05,1.228,0.586,0.803,2.934,0.365,0.856,0.178,0.878,0.523,0.657,1.052,0.73,0.62,2.341,1.809,3.961,2.262,0.38,0.223,0.957,0.349,2.54,1.168,1.446
38.67,31.0,7.81,9.762,14.855,20.166,22.948,25.449,28.559,25.291,19.498,13.861,10.032,6.988,17.101,6.796,11.693,13.543,17.542,25.325,23.851,27.001,24.996,18.193,14.582,9.412,6.475,16.619,6.748,9.863,13.701,20.046,24.238,23.912,28.423,23.379,20.107,12.655,9.599,6.408,16.589,8.514,10.245,13.033,17.101,20.114,24.095,28.082,25.202,19.887,13.963,7.941,7.164,16.279,0.499,0.465,0.528,0.576,0.581,0.613,0.707,0.698,0.644,0.603,0.588,0.493,0.6,0.429,0.552,0.478,0.5,0.64,0.573,0.67,0.688,0.601,0.63,0.554,0.457,0.581,0.43,0.468,0.487,0.573,0.612,0.574,0.701,0.641,0.662,0.543,0.562,0.455,0.579,0.543,0.486,0.464,0.488,0.506,0.58,0.693,0.69,0.653,0.602,0.466,0.505,0.568,64.828,69.569,64.029,56.165,53.67,45.145,13.736,15.302,21.648,38.905,36.622,60.781,45.037,74.579,48.752,67.324,72.223,39.735,47.423,22.299,14.592,38.16,31.055,48.623,66.77,47.629,67.665,69.823,67.08,55.28,43.188,54.095,15.652,31.089,20.825,41.154,47.393,66.328,48.296,51.031,63.608,69.915,74.497,71.103,49.916,14.432,16.153,27.802,38.899,64.702,59.461,50.124,1.717,2.055,1.048,0.809,2.101,2.232,0.068,0.166,0.355,1.505,0.332,0.695,1.093,2.029,0.557,1.914,1.012,0.449,2.562,0.558,0.099,1.008,0.345,1.626,2.149,1.195,1.743,2.228,1.334,0.554,0.822,2.647,0.285,0.715,0.171,0.821,0.537,0.637,1.039,0.97,0.548,2.229,1.824,4.197,2.205,0.292,0.208,0.895,0.299,2.323,1.123,1.427
39.0,31.33,7.721,9.705,14.928,20.219,22.914,25.337,28.495,25.191,19.409,13.78,10.017,6.878,17.049,6.744,11.659,13.427,17.431,25.266,23.799,26.948,24.901,18.1,14.47,9.327,6.37,16.537,6.66,9.691,13.937,19.934,24.294,23.869,28.351,23.29,19.967,12.573,9.506,6.213,16.524,8.421,10.151,12.972,17.093,20.313,24.163,28.002,25.18,19.815,13.851,7.803,7.088,16.238,0.497,0.465,0.532,0.578,0.58,0.61,0.705,0.695,0.642,0.602,0.59,0.488,0.599,0.427,0.553,0.474,0.498,0.638,0.571,0.669,0.686,0.6,0.627,0.551,0.452,0.579,0.427,0.462,0.497,0.571,0.615,0.573,0.699,0.639,0.658,0.542,0.559,0.445,0.577,0.541,0.483,0.462,0.488,0.511,0.581,0.691,0.69,0.651,0.599,0.461,0.504,0.568,64.3,70.283,63.506,56.156,54.607,46.064,13.951,15.767,22.176,39.383,36.418,62.089,45.395,75.79,49.125,68.319,72.951,40.272,48.357,22.5,14.873,38.862,31.82,49.702,67.756,48.362,67.852,69.867,66.149,56.364,43.18,55.313,16.199,31.962,21.499,41.554,48.232,68.513,48.888,52.141,65.185,70.383,74.908,71.008,50.115,14.883,16.063,27.919,39.743,66.432,60.326,50.757,1.63,1.98,0.996,0.788,2.045,2.377,0.067,0.121,0.357,1.491,0.271,0.543,1.059,1.91,0.535,1.895,1.08,0.47,2.552,0.552,0.11,1.065,0.324,1.686,1.946,1.18,1.562,1.991,1.24,0.529,0.808,2.803,0.329,0.739,0.156,0.841,0.476,0.589,1.003,0.735,0.542,2.227,1.758,4.15,2.217,0.294,0.216,0.913,0.285,2.303,1.06,1.393
39.0,30.67,7.791,9.804,14.772,20.15,22.653,25.159,28.416,25.176,19.297,13.685,9.97,6.88,16.979,6.754,11.505,13.279,17.317,25.129,23.663,26.786,24.93,17.989,14.389,9.262,6.351,16.447,6.73,9.75,13.728,19.806,24.345,23.785,28.377,23.167,19.887,12.535,9.472,6.242,16.485,8.337,10.159,12.804,16.891,19.978,24.102,27.9,25.039,19.73,13.823,7.713,7.032,16.126,0.501,0.469,0.527,0.576,0.574,0.606,0.704,0.695,0.639,0.597,0.587,0.488,0.596,0.427,0.545,0.469,0.494,0.636,0.568,0.665,0.687,0.596,0.623,0.548,0.45,0.577,0.432,0.464,0.489,0.567,0.615,0.57,0.7,0.636,0.656,0.54,0.557,0.447,0.577,0.535,0.484,0.457,0.481,0.503,0.58,0.688,0.686,0.648,0.598,0.456,0.5,0.564,65.261,69.907,64.33,56.42,55.527,46.571,14.796,15.715,23.349,40.164,36.878,61.962,45.91,76.043,50.119,68.768,72.749,40.729,47.918,23.204,14.556,39.775,32.447,49.959,68.038,48.694,68.147,69.331,66.971,56.535,43.139,55.04,15.918,32.916,21.683,41.81,48.795,68.462,49.06,52.767,64.736,70.95,75.262,72.146,50.26,15.221,17.264,28.876,40.058,66.777,60.749,51.253,1.713,2.028,1.018,0.799,2.123,2.49,0.069,0.14,0.386,1.651,0.275,0.554,1.106,2.064,0.594,1.956,1.127,0.5,2.615,0.537,0.089,1.092,0.375,1.761,2.013,1.23,1.554,2.084,1.26,0.598,0.826,2.873,0.298,0.819,0.152,0.87,0.498,0.599,1.033,0.833,0.554,2.285,1.832,4.334,2.202,0.31,0.239,0.953,0.294,2.47,1.11,1.452
39.33,31.33,7.618,9.58,14.65,20.134,22.528,24.937,28.114,25.352,19.228,13.635,9.921,6.714,16.867,6.606,11.5,13.297,17.034,24.969,23.469,26.589,24.699,17.737,14.143,9.219,6.242,16.292,6.564,9.599,13.55,19.619,24.149,23.184,28.135,22.965,19.601,12.412,9.383,6.157,16.276,8.317,9.892,12.584,16.66,19.718,23.7,27.813,25.027,19.648,13.676,7.59,6.996,15.968,0.493,0.461,0.523,0.576,0.57,0.601,0.695,0.699,0.638,0.596,0.59,0.481,0.594,0.422,0.548,0.472,0.487,0.63,0.563,0.659,0.68,0.589,0.615,0.548,0.447,0.573,0.423,0.46,0.484,0.563,0.611,0.557,0.694,0.63,0.648,0.538,0.555,0.444,0.57,0.536,0.474,0.45,0.476,0.497,0.57,0.686,0.685,0.646,0.593,0.45,0.501,0.559,65.82,71.419,63.989,55.476,55.803,47.648,17.016,15.879,24.702,39.932,37.579,62.932,46.518,76.515,51.439,69.344,73.899,41.658,49.47,24.307,16.812,40.983,34.462,50.731,68.874,49.875,69.466,70.982,68.616,56.727,43.475,57.814,17.777,33.974,23.653,43.53,49.617,67.799,50.285,52.768,67.089,71.797,75.911,72.546,51.866,16.207,17.356,29.107,40.849,67.522,60.743,51.979,1.578,2.032,0.996,0.805,1.973,2.536,0.08,0.105,0.34,1.414,0.271,0.572,1.06,2.002,0.59,1.916,1.174,0.561,2.573,0.569,0.172,1.076,0.374,1.671,1.879,1.214,1.634,2.026,1.226,0.549,0.783,2.889,0.408,0.813,0.191,0.849,0.537,0.687,1.047,0.686,0.636,2.311,1.775,3.735,2.302,0.387,0.2,0.919,0.361,2.477,1.167,1.414
39.33,30.67,7.642,9.667,14.415,20.017,22.208,24.75,27.944,25.313,19.031,13.498,9.835,6.705,16.752,6.608,11.274,13.077,16.888,24.802,23.333,26.393,24.704,17.632,14.016,9.118,6.227,16.173,6.628,9.626,13.234,19.437,24.261,23.099,28.145,22.804,19.474,12.334,9.318,6.189,16.212,8.178,9.892,12.359,16.425,19.267,23.612,27.66,24.78,19.524,13.627,7.488,6.929,15.812,0.494,0.464,0.515,0.573,0.562,0.596,0.691,0.699,0.632,0.59,0.584,0.48,0.589,0.422,0.537,0.464,0.482,0.627,0.56,0.655,0.68,0.586,0.609,0.543,0.445,0.569,0.427,0.461,0.473,0.557,0.613,0.554,0.695,0.627,0.644,0.533,0.551,0.446,0.569,0.527,0.475,0.443,0.469,0.485,0.568,0.682,0.679,0.642,0.592,0.444,0.496,0.554,67.021,70.972,64.944,55.945,56.78,48.06,18.206,15.845,26.343,41.027,38.292,62.879,47.194,76.761,52.791,69.818,73.569,42.148,48.729,25.07,16.36,41.956,35.416,51.162,69.265,50.255,69.827,70.251,69.717,56.774,43.062,57.278,17.392,34.993,23.93,43.849,50.535,67.81,50.45,53.778,66.657,72.46,76.281,73.84,51.895,16.58,19.114,30.387,41.151,67.816,61.265,52.6,1.701,2.083,1.031,0.825,2.055,2.706,0.085,0.129,0.372,1.598,0.287,0.586,1.122,2.22,0.683,2.013,1.245,0.608,2.615,0.579,0.15,1.111,0.441,1.758,1.965,1.284,1.628,2.152,1.244,0.63,0.802,2.919,0.364,0.93,0.196,0.891,0.553,0.686,1.081,0.796,0.679,2.383,1.864,3.907,2.247,0.41,0.227,0.969,0.392,2.735,1.228,1.488
38.67,31.33,7.775,9.695,14.875,20.179,23.139,25.558,28.574,25.396,19.585,13.955,10.045,6.989,17.146,6.786,11.781,13.647,17.589,25.412,23.956,27.128,24.967,18.268,14.612,9.472,6.521,16.679,6.712,9.865,13.66,20.141,24.155,23.878,28.41,23.465,20.161,12.697,9.632,6.429,16.6,8.569,10.182,13.058,17.199,20.192,24.042,28.163,25.297,19.947,14.0,8.028,7.219,16.324,0.496,0.462,0.527,0.576,0.585,0.616,0.707,0.7,0.646,0.606,0.589,0.493,0.601,0.428,0.557,0.482,0.502,0.641,0.575,0.672,0.686,0.604,0.631,0.556,0.46,0.583,0.427,0.468,0.485,0.576,0.61,0.574,0.7,0.643,0.663,0.546,0.562,0.456,0.579,0.545,0.484,0.464,0.491,0.508,0.578,0.694,0.692,0.654,0.602,0.47,0.509,0.57,64.821,69.898,63.775,56.086,52.845,44.792,13.616,15.077,21.137,38.274,36.784,60.898,44.836,74.253,48.449,67.001,72.507,39.687,47.687,21.912,15.208,37.643,31.0,48.517,66.483,47.529,67.931,70.58,67.482,54.87,43.319,54.271,15.779,30.352,20.964,41.321,47.258,65.75,48.322,50.655,64.171,69.734,74.258,70.662,50.097,14.139,15.536,27.294,38.634,64.227,59.059,49.87,1.675,2.04,1.053,0.81,2.029,2.098,0.068,0.155,0.331,1.366,0.356,0.729,1.062,1.966,0.542,1.888,0.975,0.428,2.46,0.594,0.122,0.963,0.323,1.538,2.164,1.166,1.819,2.22,1.338,0.505,0.804,2.51,0.311,0.659,0.189,0.791,0.547,0.654,1.027,0.938,0.573,2.178,1.788,3.959,2.211,0.292,0.182,0.839,0.318,2.256,1.106,1.388
38.67,30.67,7.873,9.805,14.71,20.108,22.803,25.351,28.493,25.378,19.474,13.84,10.003,6.993,17.069,6.771,11.617,13.49,17.468,25.272,23.79,26.932,25.034,18.137,14.527,9.396,6.47,16.577,6.818,9.908,13.469,19.998,24.204,23.786,28.461,23.316,20.074,12.674,9.594,6.478,16.565,8.477,10.238,12.856,16.931,19.765,23.958,28.052,25.134,19.853,13.966,7.905,7.14,16.19,0.502,0.467,0.522,0.574,0.577,0.61,0.705,0.699,0.643,0.601,0.586,0.493,0.598,0.427,0.548,0.476,0.498,0.638,0.571,0.667,0.689,0.6,0.627,0.552,0.456,0.58,0.434,0.47,0.479,0.572,0.611,0.571,0.702,0.64,0.66,0.544,0.561,0.459,0.579,0.539,0.487,0.457,0.483,0.497,0.576,0.692,0.688,0.652,0.602,0.463,0.503,0.565,65.449,69.396,64.731,56.275,54.017,45.415,14.644,15.035,22.436,39.17,37.146,60.65,45.366,74.709,49.532,67.573,72.154,40.071,47.135,22.701,14.674,38.627,31.587,48.781,66.805,47.864,68.067,69.741,68.231,55.138,43.36,54.043,15.39,31.571,20.979,41.384,47.898,65.345,48.428,51.111,63.233,70.432,74.792,72.178,50.361,14.546,16.949,28.397,38.992,64.731,59.537,50.436,1.753,2.108,1.074,0.832,2.14,2.229,0.071,0.189,0.369,1.572,0.351,0.75,1.121,2.164,0.599,1.96,1.015,0.463,2.575,0.545,0.094,0.986,0.388,1.632,2.243,1.224,1.789,2.349,1.378,0.6,0.827,2.643,0.278,0.753,0.18,0.817,0.58,0.677,1.07,1.09,0.572,2.257,1.883,4.224,2.221,0.303,0.21,0.905,0.318,2.442,1.18,1.469
39.33,32.0,7.596,9.375,15.007,20.358,23.405,25.476,28.454,25.635,19.644,14.024,10.042,6.726,17.144,6.619,11.873,13.669,17.387,25.411,23.952,27.24,24.644,18.118,14.349,9.38,6.326,16.578,6.529,9.648,13.948,20.089,23.851,23.513,28.219,23.43,19.918,12.694,9.478,6.148,16.455,8.491,9.765,12.72,17.267,20.487,23.814,28.209,25.546,19.945,13.775,7.893,7.117,16.25,0.492,0.452,0.534,0.58,0.592,0.615,0.703,0.704,0.652,0.612,0.598,0.484,0.603,0.426,0.567,0.486,0.497,0.638,0.576,0.674,0.676,0.602,0.625,0.555,0.455,0.581,0.418,0.464,0.496,0.577,0.604,0.566,0.695,0.641,0.658,0.552,0.558,0.442,0.575,0.546,0.469,0.453,0.495,0.516,0.571,0.696,0.697,0.656,0.595,0.467,0.511,0.571,63.175,72.186,61.562,54.361,52.906,46.228,14.714,14.863,21.222,37.171,36.453,63.147,44.833,75.471,48.922,68.384,74.429,40.772,49.978,21.78,17.993,37.899,32.626,50.465,67.019,48.811,68.962,72.914,67.772,55.888,44.409,56.969,17.438,30.304,23.161,42.768,48.649,66.751,49.666,51.557,68.33,70.683,74.658,69.992,51.879,14.73,13.562,25.745,40.229,66.537,59.501,50.618,1.303,1.893,0.939,0.809,1.72,2.004,0.079,0.048,0.273,0.984,0.298,0.546,0.911,1.654,0.459,1.831,0.987,0.428,2.197,0.567,0.217,0.941,0.239,1.427,1.787,1.06,1.626,1.765,1.201,0.372,0.752,2.58,0.491,0.56,0.218,0.691,0.477,0.693,0.952,0.456,0.603,2.113,1.599,3.091,2.3,0.285,0.115,0.753,0.345,2.073,1.02,1.231
38.67,32.0,7.652,9.447,15.12,20.393,23.934,25.981,28.731,25.675,19.858,14.28,10.121,6.961,17.345,6.776,12.103,13.93,17.807,25.773,24.475,27.682,24.803,18.588,14.702,9.587,6.612,16.901,6.624,9.821,13.955,20.485,23.973,24.085,28.421,23.815,20.348,12.926,9.678,6.363,16.708,8.647,10.05,13.108,17.757,20.895,24.116,28.453,25.676,20.169,14.048,8.261,7.334,16.54,0.49,0.451,0.535,0.58,0.605,0.627,0.709,0.704,0.656,0.619,0.597,0.494,0.608,0.43,0.574,0.493,0.508,0.648,0.588,0.685,0.679,0.615,0.636,0.561,0.468,0.589,0.42,0.468,0.494,0.587,0.607,0.58,0.699,0.651,0.67,0.558,0.563,0.452,0.582,0.55,0.478,0.464,0.508,0.526,0.578,0.7,0.7,0.661,0.602,0.483,0.52,0.579,62.877,71.142,61.545,55.183,50.196,43.633,12.232,14.202,18.9,35.926,36.284,61.573,43.642,73.664,46.68,66.424,73.218,39.233,48.096,19.762,16.881,35.309,30.274,48.94,65.367,46.986,68.221,72.71,67.032,54.109,43.731,53.792,15.806,27.293,21.3,41.298,47.168,65.571,48.17,50.525,66.56,69.058,73.011,68.118,50.07,13.205,12.615,24.614,38.286,63.75,58.083,48.992,1.416,1.867,1.003,0.806,1.717,1.686,0.073,0.072,0.264,0.902,0.391,0.643,0.906,1.606,0.446,1.813,0.87,0.33,2.016,0.643,0.187,0.869,0.202,1.303,2.01,1.024,1.796,1.874,1.273,0.331,0.781,2.164,0.399,0.444,0.232,0.658,0.48,0.638,0.922,0.596,0.598,1.993,1.598,3.147,2.202,0.233,0.099,0.661,0.352,1.926,0.95,1.198
39.0,32.33,7.611,9.347,15.161,20.443,23.902,25.896,28.683,25.679,19.807,14.24,10.101,6.842,17.307,6.673,12.076,13.82,17.732,25.749,24.391,27.674,24.729,18.518,14.581,9.491,6.46,16.822,6.563,9.699,14.138,20.41,23.895,24.009,28.382,23.751,20.231,12.883,9.578,6.218,16.647,8.549,9.872,12.904,17.703,20.92,24.047,28.431,25.704,20.117,13.925,8.134,7.232,16.458,0.49,0.448,0.537,0.581,0.604,0.626,0.708,0.705,0.656,0.619,0.599,0.49,0.608,0.427,0.575,0.49,0.506,0.646,0.586,0.684,0.677,0.614,0.634,0.558,0.461,0.588,0.418,0.464,0.502,0.586,0.605,0.578,0.698,0.649,0.667,0.559,0.56,0.444,0.58,0.547,0.472,0.458,0.507,0.527,0.576,0.7,0.7,0.66,0.599,0.479,0.516,0.578,61.654,71.795,60.814,54.635,50.937,44.619,12.621,14.243,19.191,36.01,35.856,62.531,43.743,74.614,46.918,67.466,73.775,39.541,49.021,19.781,17.189,35.429,30.825,49.799,65.558,47.492,68.088,72.741,66.834,54.958,44.079,54.8,16.14,27.797,21.728,41.495,47.875,66.524,48.59,51.175,67.506,69.703,73.523,68.462,50.777,13.503,12.123,24.223,38.927,65.208,58.582,49.477,1.291,1.832,0.941,0.814,1.662,1.762,0.079,0.044,0.263,0.881,0.34,0.545,0.874,1.553,0.424,1.841,0.891,0.348,1.997,0.592,0.201,0.886,0.19,1.338,1.861,1.009,1.628,1.715,1.222,0.31,0.776,2.308,0.449,0.451,0.229,0.631,0.432,0.643,0.9,0.455,0.582,2.021,1.561,3.017,2.217,0.215,0.092,0.687,0.341,1.936,0.922,1.172
39.0,31.67,7.622,9.43,15.129,20.377,23.689,25.782,28.638,25.546,19.751,14.131,10.087,6.844,17.25,6.651,11.994,13.753,17.664,25.672,24.268,27.525,24.817,18.435,14.576,9.489,6.439,16.771,6.602,9.586,14.117,20.31,24.026,23.925,28.386,23.637,20.18,12.786,9.568,6.205,16.611,8.552,9.921,12.959,17.53,20.77,24.087,28.321,25.58,20.039,13.926,8.052,7.216,16.41,0.491,0.453,0.536,0.58,0.599,0.623,0.707,0.701,0.654,0.615,0.597,0.489,0.606,0.425,0.571,0.487,0.505,0.645,0.583,0.681,0.68,0.611,0.633,0.558,0.46,0.586,0.421,0.459,0.501,0.583,0.609,0.575,0.698,0.646,0.665,0.555,0.56,0.444,0.579,0.548,0.474,0.46,0.502,0.523,0.578,0.697,0.698,0.658,0.599,0.475,0.515,0.576,62.247,71.364,61.473,55.121,51.67,44.774,12.903,14.687,19.71,36.68,35.929,62.51,44.091,75.063,47.37,67.534,73.739,39.658,49.139,20.307,16.523,36.264,31.05,49.631,66.307,47.714,67.823,71.972,66.28,55.25,43.597,55.616,16.121,28.988,21.473,41.291,47.9,66.744,48.589,50.807,66.995,69.684,73.824,69.044,50.525,13.709,13.029,25.273,38.865,65.502,58.897,49.68,1.368,1.863,0.955,0.8,1.763,1.908,0.069,0.063,0.283,1.029,0.308,0.546,0.916,1.624,0.444,1.815,0.935,0.377,2.167,0.596,0.179,0.915,0.221,1.418,1.863,1.046,1.603,1.786,1.213,0.351,0.751,2.454,0.444,0.528,0.204,0.697,0.445,0.615,0.924,0.509,0.579,2.037,1.588,3.344,2.241,0.237,0.123,0.744,0.312,2.005,0.945,1.224
39.33,32.33,7.6,9.333,14.992,20.383,23.42,25.456,28.452,25.71,19.629,14.047,10.041,6.714,17.148,6.674,11.852,13.671,17.363,25.355,23.894,27.227,24.533,18.075,14.304,9.33,6.322,16.548,6.494,9.814,13.881,20.082,23.729,23.514,28.17,23.457,19.885,12.733,9.465,6.163,16.448,8.467,9.741,12.649,17.322,20.51,23.75,28.243,25.601,19.971,13.736,7.915,7.088,16.247,0.492,0.449,0.534,0.581,0.591,0.615,0.702,0.707,0.651,0.613,0.599,0.483,0.603,0.429,0.566,0.487,0.496,0.637,0.575,0.673,0.673,0.601,0.622,0.553,0.455,0.581,0.416,0.471,0.495,0.576,0.6,0.566,0.695,0.643,0.658,0.554,0.558,0.443,0.576,0.544,0.467,0.451,0.496,0.517,0.569,0.697,0.698,0.657,0.594,0.468,0.509,0.571,63.264,72.507,61.226,53.875,52.916,46.511,14.832,14.674,21.264,37.102,36.463,63.128,44.813,75.021,49.115,68.452,74.403,40.939,49.81,21.948,18.616,37.825,32.682,50.701,66.625,48.845,69.392,73.523,68.578,55.828,45.007,56.228,17.746,29.779,23.713,43.241,48.646,66.767,49.872,52.239,68.654,70.89,74.665,69.865,52.277,14.915,13.251,25.217,40.793,66.421,59.603,50.733,1.264,1.888,0.93,0.823,1.67,1.948,0.089,0.04,0.263,0.915,0.322,0.56,0.895,1.639,0.453,1.867,0.965,0.419,2.111,0.548,0.231,0.942,0.224,1.398,1.793,1.049,1.66,1.743,1.215,0.366,0.784,2.522,0.479,0.523,0.234,0.651,0.475,0.733,0.949,0.449,0.593,2.141,1.603,2.891,2.274,0.276,0.1,0.731,0.367,2.054,1.035,1.211
39.33,31.67,7.598,9.424,14.909,20.306,23.123,25.277,28.346,25.565,19.524,13.903,10.013,6.717,17.058,6.625,11.769,13.581,17.253,25.245,23.766,27.005,24.627,17.957,14.274,9.331,6.298,16.476,6.526,9.657,13.827,19.929,23.913,23.353,28.16,23.272,19.797,12.605,9.451,6.148,16.386,8.454,9.801,12.693,17.076,20.274,23.758,28.085,25.412,19.856,13.733,7.794,7.08,16.166,0.492,0.454,0.531,0.579,0.584,0.61,0.7,0.703,0.648,0.607,0.597,0.483,0.6,0.425,0.562,0.483,0.493,0.635,0.571,0.668,0.676,0.597,0.621,0.553,0.452,0.578,0.419,0.464,0.493,0.572,0.605,0.562,0.694,0.637,0.655,0.548,0.558,0.443,0.573,0.544,0.47,0.452,0.489,0.511,0.57,0.693,0.694,0.653,0.594,0.461,0.508,0.567,64.132,72.089,62.191,54.452,53.798,46.761,15.508,15.201,22.305,37.915,36.756,62.992,45.343,75.657,49.736,68.618,74.315,41.103,49.926,22.735,17.925,39.015,33.247,50.494,67.606,49.198,69.255,72.571,68.128,56.132,44.245,57.405,17.838,31.481,23.548,43.206,48.793,67.012,49.968,51.87,68.138,71.01,75.017,70.635,51.987,15.364,14.596,26.698,40.558,66.786,59.831,51.041,1.37,1.933,0.952,0.804,1.782,2.164,0.08,0.06,0.287,1.086,0.289,0.556,0.949,1.73,0.488,1.839,1.045,0.47,2.319,0.563,0.212,0.988,0.272,1.493,1.794,1.101,1.646,1.828,1.206,0.421,0.763,2.687,0.473,0.625,0.211,0.736,0.501,0.703,0.982,0.508,0.607,2.179,1.644,3.234,2.317,0.324,0.138,0.797,0.351,2.162,1.071,1.279
38.67,32.33,7.658,9.423,15.108,20.45,24.024,26.027,28.746,25.768,19.857,14.339,10.13,6.997,17.377,6.852,12.141,13.984,17.835,25.766,24.564,27.711,24.708,18.608,14.698,9.576,6.663,16.924,6.618,9.998,13.917,20.521,23.916,24.168,28.403,23.87,20.367,13.014,9.695,6.418,16.741,8.638,10.117,13.098,17.889,20.988,24.106,28.501,25.721,20.222,14.047,8.326,7.353,16.581,0.489,0.448,0.534,0.582,0.606,0.628,0.709,0.708,0.656,0.621,0.597,0.495,0.609,0.434,0.575,0.495,0.508,0.648,0.591,0.686,0.677,0.615,0.635,0.561,0.472,0.59,0.419,0.475,0.493,0.588,0.605,0.582,0.699,0.653,0.67,0.561,0.564,0.454,0.584,0.548,0.481,0.464,0.511,0.528,0.578,0.702,0.701,0.663,0.603,0.486,0.52,0.58,62.86,71.268,61.165,54.655,49.631,43.334,12.145,13.857,18.823,35.52,36.345,61.034,43.387,72.913,46.436,66.115,72.822,39.093,47.339,19.635,17.398,34.915,30.092,48.918,64.748,46.701,68.592,73.241,67.575,53.676,43.992,52.436,15.893,26.369,21.66,41.593,47.001,65.247,48.107,51.005,66.638,68.975,72.571,67.476,49.978,13.294,12.33,23.987,38.417,63.151,57.73,48.796,1.398,1.85,1.01,0.814,1.653,1.606,0.084,0.062,0.254,0.81,0.434,0.65,0.888,1.579,0.445,1.841,0.855,0.316,1.895,0.637,0.202,0.872,0.187,1.253,2.029,1.01,1.848,1.842,1.295,0.33,0.828,2.04,0.374,0.395,0.255,0.616,0.482,0.663,0.914,0.583,0.602,2.008,1.602,2.912,2.177,0.232,0.084,0.618,0.391,1.887,0.955,1.172
38.67,31.67,7.687,9.518,15.064,20.339,23.736,25.88,28.705,25.607,19.799,14.205,10.108,6.987,17.302,6.81,12.029,13.89,17.762,25.667,24.327,27.525,24.833,18.499,14.697,9.571,6.613,16.851,6.644,9.882,13.854,20.404,24.009,24.028,28.402,23.736,20.311,12.868,9.683,6.404,16.685,8.655,10.102,13.147,17.636,20.74,24.102,28.386,25.594,20.125,14.048,8.227,7.321,16.505,0.491,0.454,0.533,0.579,0.6,0.624,0.709,0.703,0.654,0.616,0.595,0.494,0.606,0.431,0.57,0.491,0.507,0.646,0.585,0.681,0.681,0.612,0.635,0.561,0.468,0.588,0.421,0.47,0.491,0.584,0.607,0.578,0.699,0.649,0.668,0.555,0.564,0.454,0.581,0.55,0.48,0.466,0.504,0.522,0.579,0.699,0.698,0.66,0.603,0.481,0.518,0.577,63.621,70.752,62.082,55.298,50.695,43.771,12.459,14.419,19.327,36.415,36.38,61.104,43.862,73.443,47.027,66.295,72.914,39.262,47.867,20.376,16.523,35.875,30.295,48.568,65.499,46.995,68.15,72.283,67.221,54.113,43.624,53.718,15.909,27.904,21.228,41.344,46.863,65.421,48.148,50.387,65.82,69.042,73.18,68.536,49.977,13.469,13.27,25.213,38.308,63.485,58.167,49.071,1.496,1.916,1.022,0.803,1.798,1.776,0.072,0.095,0.276,1.007,0.392,0.686,0.947,1.689,0.467,1.82,0.89,0.352,2.136,0.636,0.172,0.896,0.227,1.353,2.064,1.059,1.841,1.982,1.297,0.373,0.791,2.23,0.368,0.488,0.222,0.693,0.504,0.647,0.952,0.699,0.587,2.042,1.648,3.346,2.2,0.253,0.119,0.699,0.345,1.987,0.997,1.245
39.33,33.0,7.533,9.119,14.979,20.488,23.869,25.747,28.64,25.972,19.686,14.353,10.064,6.777,17.271,6.899,11.961,13.672,17.578,25.431,24.202,27.572,24.146,18.287,14.345,9.19,6.426,16.64,6.445,10.374,13.856,20.321,23.3,24.036,28.141,23.89,20.042,13.015,9.426,6.199,16.586,8.409,9.646,12.571,17.873,21.044,23.726,28.551,25.918,20.25,13.68,8.2,7.069,16.408,0.485,0.435,0.534,0.585,0.6,0.622,0.707,0.717,0.652,0.626,0.6,0.486,0.606,0.444,0.569,0.487,0.501,0.64,0.583,0.681,0.664,0.608,0.623,0.546,0.461,0.584,0.414,0.494,0.496,0.582,0.588,0.579,0.696,0.656,0.663,0.564,0.555,0.442,0.582,0.539,0.461,0.449,0.51,0.531,0.568,0.705,0.708,0.668,0.593,0.484,0.506,0.576,62.233,73.523,59.833,52.942,51.819,46.472,13.418,13.381,19.824,35.602,36.018,62.613,43.971,73.485,47.841,68.446,73.881,40.721,48.374,20.704,20.19,35.631,31.688,51.347,63.865,48.016,69.843,75.029,70.354,55.74,47.093,52.019,17.703,25.157,24.408,43.842,48.725,67.776,49.809,54.211,69.253,71.423,74.223,68.236,52.653,14.393,10.805,21.991,41.996,65.383,59.451,50.335,1.127,1.82,0.884,0.883,1.46,1.651,0.13,0.008,0.231,0.625,0.43,0.553,0.819,1.507,0.406,2.044,0.844,0.339,1.676,0.477,0.258,0.94,0.134,1.273,1.835,0.98,1.715,1.568,1.284,0.312,0.953,2.154,0.383,0.31,0.294,0.464,0.413,0.813,0.891,0.399,0.532,2.219,1.618,2.189,2.104,0.185,0.036,0.625,0.44,1.901,0.986,1.103
38.67,33.0,7.583,9.215,15.025,20.601,24.354,26.202,28.875,26.078,19.882,14.6,10.156,7.053,17.47,7.05,12.267,13.967,17.941,25.776,24.92,27.931,24.307,18.718,14.674,9.419,6.72,16.972,6.589,10.545,13.945,20.645,23.526,24.561,28.375,24.183,20.445,13.319,9.619,6.453,16.849,8.585,10.027,12.939,18.341,21.461,24.015,28.721,25.979,20.466,13.953,8.515,7.347,16.693,0.483,0.436,0.533,0.587,0.612,0.632,0.712,0.719,0.656,0.632,0.6,0.498,0.611,0.447,0.579,0.496,0.51,0.649,0.6,0.69,0.668,0.619,0.633,0.553,0.475,0.593,0.418,0.499,0.497,0.59,0.594,0.591,0.7,0.662,0.673,0.573,0.56,0.454,0.59,0.544,0.476,0.46,0.522,0.541,0.575,0.708,0.708,0.672,0.601,0.497,0.519,0.583,61.814,72.42,59.838,53.289,48.695,43.421,11.404,12.456,18.148,33.78,36.019,60.058,42.61,71.675,45.333,66.362,72.134,38.98,45.598,18.761,19.255,33.27,29.587,49.637,62.315,46.076,69.134,74.793,69.151,53.916,45.929,48.625,16.126,22.452,22.741,42.416,47.449,65.918,48.222,52.604,67.491,69.829,72.121,65.695,50.435,13.314,10.348,20.979,39.43,62.464,57.081,48.482,1.242,1.77,0.971,0.863,1.425,1.403,0.13,0.013,0.223,0.518,0.534,0.58,0.808,1.463,0.413,1.997,0.808,0.27,1.491,0.531,0.246,0.9,0.117,1.147,1.972,0.948,1.837,1.591,1.344,0.317,1.012,1.759,0.304,0.218,0.327,0.438,0.432,0.736,0.861,0.453,0.569,2.111,1.611,2.111,2.072,0.182,0.033,0.518,0.5,1.742,0.93,1.07
39.0,33.33,7.549,9.081,14.969,20.554,24.202,26.033,28.815,26.073,19.78,14.55,10.109,6.921,17.388,6.989,12.18,13.764,17.843,25.644,24.64,27.846,24.173,18.588,14.526,9.273,6.557,16.832,6.469,10.537,13.994,20.548,23.29,24.434,28.264,24.13,20.306,13.216,9.498,6.298,16.748,8.474,9.696,12.714,18.196,21.382,23.849,28.721,26.031,20.42,13.796,8.406,7.205,16.571,0.482,0.431,0.533,0.587,0.608,0.628,0.711,0.72,0.654,0.632,0.6,0.492,0.609,0.447,0.577,0.489,0.507,0.646,0.593,0.688,0.665,0.616,0.629,0.548,0.467,0.589,0.414,0.499,0.5,0.588,0.588,0.587,0.699,0.662,0.67,0.57,0.556,0.445,0.588,0.539,0.461,0.454,0.518,0.539,0.57,0.708,0.71,0.673,0.597,0.494,0.512,0.58,61.554,73.415,59.803,53.211,50.239,45.357,12.02,12.634,18.746,34.398,35.931,61.311,43.215,72.587,46.086,67.845,72.991,39.801,47.106,19.416,19.879,33.829,30.56,50.476,62.291,46.907,69.392,75.009,70.111,55.247,47.098,49.691,16.857,22.9,23.517,43.261,48.217,67.54,49.072,53.777,68.408,71.108,73.405,66.899,51.721,13.667,9.898,20.724,40.8,63.946,58.117,49.372,1.16,1.808,0.897,0.883,1.417,1.512,0.145,0.005,0.227,0.54,0.489,0.553,0.804,1.461,0.395,2.099,0.816,0.3,1.515,0.479,0.255,0.924,0.116,1.204,1.926,0.959,1.762,1.538,1.333,0.288,1.037,1.899,0.321,0.223,0.322,0.409,0.402,0.796,0.863,0.43,0.527,2.221,1.638,2.031,2.055,0.167,0.024,0.566,0.49,1.83,0.933,1.077
39.0,32.67,7.61,9.179,15.086,20.574,24.155,25.995,28.784,25.973,19.768,14.457,10.109,6.884,17.382,6.888,12.176,13.81,17.834,25.691,24.522,27.809,24.343,18.574,14.533,9.338,6.507,16.832,6.421,10.375,14.049,20.523,23.453,24.327,28.297,24.0,20.281,13.126,9.553,6.277,16.722,8.458,9.774,12.726,18.106,21.261,23.897,28.66,25.962,20.31,13.842,8.315,7.197,16.539,0.487,0.436,0.536,0.587,0.607,0.628,0.709,0.717,0.653,0.628,0.6,0.491,0.609,0.44,0.577,0.491,0.507,0.647,0.59,0.687,0.669,0.616,0.63,0.551,0.464,0.589,0.41,0.492,0.502,0.588,0.593,0.585,0.699,0.658,0.668,0.567,0.559,0.444,0.586,0.538,0.465,0.453,0.516,0.536,0.571,0.707,0.708,0.668,0.598,0.489,0.513,0.579,61.153,73.0,59.823,53.374,50.38,45.297,12.095,13.135,18.895,35.07,35.876,61.925,43.333,73.109,46.197,67.88,73.248,39.61,47.88,19.508,19.036,34.031,30.436,50.412,63.116,47.039,69.215,74.446,69.466,54.953,46.279,50.943,16.63,24.572,23.003,42.867,47.88,67.482,48.98,53.726,68.197,70.622,73.322,67.404,51.682,13.701,10.351,21.53,40.09,64.472,58.314,49.45,1.179,1.808,0.903,0.865,1.46,1.549,0.128,0.012,0.234,0.605,0.454,0.551,0.815,1.464,0.398,2.035,0.824,0.307,1.605,0.517,0.244,0.908,0.131,1.222,1.918,0.966,1.733,1.575,1.3,0.281,0.969,1.973,0.356,0.268,0.3,0.457,0.408,0.763,0.868,0.427,0.54,2.161,1.607,2.231,2.089,0.179,0.035,0.584,0.456,1.851,0.924,1.091
39.33,33.33,7.445,9.057,14.866,20.42,23.838,25.742,28.622,26.008,19.695,14.398,10.05,6.79,17.246,6.963,11.905,13.616,17.526,25.346,24.26,27.55,24.001,18.24,14.317,9.131,6.478,16.609,6.54,10.401,13.752,20.302,23.2,24.043,28.089,23.969,20.013,13.032,9.356,6.195,16.574,8.43,9.599,12.591,17.862,21.071,23.69,28.553,25.93,20.318,13.623,8.251,7.061,16.413,0.479,0.433,0.531,0.583,0.599,0.621,0.707,0.718,0.653,0.629,0.6,0.486,0.606,0.448,0.567,0.485,0.5,0.638,0.585,0.68,0.66,0.606,0.622,0.543,0.465,0.583,0.421,0.496,0.492,0.581,0.585,0.578,0.695,0.659,0.663,0.564,0.551,0.443,0.582,0.541,0.459,0.45,0.51,0.531,0.567,0.705,0.709,0.67,0.591,0.488,0.506,0.576,62.981,73.717,59.979,52.961,51.986,46.463,13.68,13.154,19.84,35.164,36.143,62.298,44.028,73.313,48.135,68.308,73.871,41.127,47.845,20.841,20.951,36.02,32.102,51.567,63.672,48.148,69.963,75.354,70.648,56.07,47.592,51.679,18.027,24.049,24.961,44.161,49.229,67.705,49.954,53.895,69.571,71.766,74.443,68.034,52.613,14.37,10.758,21.817,42.909,65.117,59.635,50.411,1.124,1.821,0.888,0.898,1.451,1.66,0.135,0.008,0.228,0.607,0.444,0.559,0.82,1.524,0.412,2.066,0.845,0.341,1.668,0.459,0.264,0.956,0.127,1.282,1.823,0.982,1.74,1.564,1.3,0.33,0.975,2.166,0.369,0.302,0.301,0.454,0.415,0.831,0.897,0.402,0.53,2.253,1.641,2.135,2.092,0.181,0.035,0.628,0.445,1.897,1.005,1.104
39.33,32.67,7.541,9.18,14.976,20.45,23.735,25.651,28.582,25.913,19.687,14.269,10.058,6.749,17.234,6.843,11.913,13.676,17.483,25.386,24.102,27.462,24.232,18.192,14.318,9.222,6.398,16.6,6.474,10.22,13.835,20.241,23.392,23.851,28.136,23.77,19.976,12.936,9.425,6.184,16.536,8.439,9.665,12.587,17.7,20.889,23.715,28.459,25.84,20.178,13.684,8.117,7.069,16.359,0.486,0.44,0.534,0.584,0.597,0.619,0.705,0.714,0.653,0.623,0.601,0.485,0.605,0.44,0.568,0.487,0.499,0.639,0.58,0.678,0.666,0.605,0.622,0.548,0.46,0.583,0.416,0.488,0.494,0.58,0.591,0.574,0.695,0.652,0.661,0.561,0.555,0.442,0.58,0.541,0.463,0.449,0.506,0.527,0.568,0.702,0.705,0.665,0.593,0.48,0.507,0.575,62.718,73.302,60.226,53.175,52.223,46.535,13.965,13.75,20.252,35.979,36.211,62.891,44.267,73.983,48.396,68.456,74.189,40.983,48.832,21.162,20.008,36.472,32.115,51.336,64.81,48.396,69.85,74.817,69.907,55.871,46.671,53.4,17.852,26.446,24.434,43.797,48.856,67.417,49.945,53.572,69.348,71.329,74.437,68.716,52.684,14.558,11.502,22.924,41.912,65.79,59.622,50.533,1.153,1.832,0.9,0.867,1.511,1.721,0.116,0.014,0.237,0.692,0.4,0.554,0.836,1.542,0.419,1.981,0.876,0.36,1.796,0.495,0.255,0.938,0.156,1.303,1.805,0.995,1.702,1.609,1.26,0.33,0.895,2.274,0.421,0.37,0.278,0.516,0.434,0.794,0.908,0.396,0.554,2.186,1.606,2.362,2.162,0.211,0.053,0.65,0.417,1.932,1.007,1.129
38.67,33.33,7.504,9.165,14.89,20.545,24.362,26.238,28.904,26.157,19.943,14.679,10.17,7.111,17.474,7.141,12.257,13.944,17.912,25.742,25.079,27.952,24.2,18.722,14.701,9.392,6.794,16.984,6.703,10.628,13.837,20.646,23.437,24.607,28.381,24.301,20.479,13.404,9.571,6.496,16.874,8.665,9.995,12.988,18.37,21.533,23.985,28.737,26.006,20.572,13.947,8.598,7.392,16.73,0.477,0.434,0.528,0.586,0.613,0.632,0.713,0.721,0.659,0.635,0.6,0.501,0.612,0.453,0.579,0.495,0.509,0.648,0.604,0.691,0.664,0.619,0.634,0.552,0.479,0.593,0.425,0.502,0.492,0.59,0.591,0.592,0.701,0.666,0.674,0.576,0.557,0.457,0.59,0.549,0.474,0.461,0.523,0.542,0.575,0.709,0.71,0.676,0.6,0.502,0.521,0.584,62.668,72.566,60.175,53.462,48.505,43.105,11.396,12.027,17.976,33.012,36.166,59.325,42.53,71.37,45.372,66.069,71.928,39.205,44.676,18.68,19.926,33.398,29.699,49.597,62.012,45.995,69.151,75.221,69.321,54.229,46.424,47.994,16.225,21.107,23.058,42.522,47.885,65.535,48.224,51.796,67.624,70.142,72.172,65.164,50.292,13.214,10.302,20.649,39.823,61.866,56.77,48.317,1.251,1.759,0.992,0.87,1.412,1.379,0.135,0.011,0.218,0.486,0.564,0.581,0.806,1.484,0.421,1.998,0.814,0.266,1.464,0.502,0.252,0.911,0.11,1.138,1.955,0.944,1.858,1.577,1.364,0.348,1.043,1.729,0.285,0.204,0.341,0.423,0.441,0.738,0.864,0.452,0.576,2.124,1.627,2.032,2.07,0.18,0.035,0.506,0.521,1.703,0.95,1.065
38.67,32.67,7.591,9.28,15.046,20.559,24.309,26.186,28.849,26.012,19.904,14.553,10.156,7.053,17.459,7.017,12.243,14.003,17.914,25.786,24.882,27.898,24.406,18.701,14.697,9.478,6.741,16.979,6.622,10.405,13.907,20.634,23.638,24.469,28.388,24.129,20.441,13.26,9.65,6.461,16.833,8.622,10.089,13.018,18.251,21.369,24.057,28.671,25.919,20.424,13.996,8.494,7.371,16.687,0.483,0.439,0.533,0.585,0.612,0.632,0.712,0.716,0.657,0.63,0.599,0.498,0.611,0.445,0.579,0.497,0.509,0.649,0.599,0.69,0.669,0.618,0.634,0.556,0.477,0.593,0.42,0.493,0.494,0.59,0.597,0.589,0.7,0.66,0.672,0.571,0.561,0.455,0.588,0.546,0.479,0.462,0.52,0.538,0.576,0.707,0.707,0.67,0.602,0.496,0.521,0.583,62.312,72.079,60.227,53.739,48.737,43.145,11.569,12.786,18.222,34.095,36.219,60.285,42.784,71.923,45.623,66.095,72.336,39.056,45.871,18.91,18.915,33.73,29.706,49.486,63.047,46.225,69.114,74.553,68.681,53.736,45.399,49.538,16.04,23.251,22.519,42.204,47.383,65.573,48.167,52.043,67.402,69.488,72.117,65.973,50.197,13.216,10.898,21.791,39.183,62.486,57.225,48.501,1.287,1.779,0.994,0.848,1.474,1.421,0.115,0.023,0.228,0.572,0.518,0.602,0.823,1.484,0.423,1.937,0.816,0.274,1.575,0.571,0.237,0.886,0.131,1.157,1.989,0.958,1.86,1.654,1.331,0.321,0.956,1.802,0.324,0.257,0.311,0.486,0.451,0.71,0.873,0.476,0.589,2.059,1.599,2.301,2.103,0.196,0.044,0.528,0.473,1.757,0.935,1.089
39.33,34.0,7.118,8.938,14.38,20.164,23.957,25.935,28.665,26.222,19.806,14.727,9.98,6.931,17.235,7.243,11.962,13.433,17.498,25.201,24.898,27.641,23.51,18.326,14.313,8.952,6.721,16.639,6.778,10.534,13.537,20.329,22.774,24.385,27.969,24.469,20.13,13.224,9.107,6.227,16.624,8.582,9.562,12.674,17.897,21.487,23.614,28.684,26.058,20.651,13.475,8.559,7.121,16.531,0.458,0.428,0.513,0.577,0.602,0.624,0.712,0.725,0.657,0.644,0.595,0.494,0.606,0.466,0.571,0.478,0.5,0.633,0.601,0.683,0.646,0.608,0.621,0.532,0.48,0.584,0.436,0.502,0.484,0.582,0.573,0.584,0.693,0.674,0.668,0.571,0.538,0.446,0.583,0.553,0.456,0.454,0.512,0.541,0.567,0.707,0.715,0.682,0.584,0.506,0.508,0.578,65.126,74.416,61.295,53.88,51.505,45.909,13.82,11.762,19.429,32.403,36.954,60.42,43.907,72.455,47.965,67.925,73.389,41.812,45.077,20.763,23.545,35.838,33.129,51.764,61.678,47.947,70.212,76.283,71.576,57.596,49.537,49.448,18.957,18.584,25.932,44.997,51.418,67.835,50.197,51.675,70.007,73.595,75.257,66.288,52.136,13.745,9.99,20.424,45.13,63.688,59.18,50.093,1.172,1.917,0.952,0.967,1.443,1.669,0.173,0.004,0.216,0.453,0.543,0.583,0.84,1.617,0.449,2.27,0.93,0.384,1.599,0.379,0.303,0.987,0.098,1.291,1.832,1.01,1.954,1.489,1.467,0.398,1.181,2.062,0.256,0.187,0.401,0.41,0.458,0.908,0.93,0.448,0.559,2.46,1.879,1.811,2.078,0.175,0.033,0.613,0.546,1.862,1.045,1.127
38.67,34.0,7.183,9.1,14.33,20.246,24.304,26.285,28.968,26.423,20.103,14.974,10.139,7.199,17.438,7.405,12.263,13.673,17.737,25.549,25.513,27.986,23.735,18.729,14.681,9.181,6.927,16.946,6.917,10.825,13.599,20.56,22.895,24.773,28.318,24.763,20.542,13.616,9.29,6.488,16.885,8.867,9.882,12.943,18.254,21.845,23.774,28.838,26.171,20.919,13.795,8.825,7.414,16.794,0.457,0.433,0.509,0.579,0.611,0.633,0.718,0.729,0.664,0.649,0.598,0.506,0.611,0.47,0.581,0.485,0.506,0.642,0.616,0.691,0.651,0.618,0.633,0.539,0.488,0.593,0.439,0.512,0.484,0.586,0.576,0.593,0.702,0.681,0.679,0.585,0.542,0.458,0.59,0.564,0.468,0.461,0.521,0.55,0.57,0.711,0.717,0.688,0.594,0.517,0.522,0.585,65.299,73.814,61.905,54.758,48.964,43.542,11.789,10.69,17.817,30.551,36.808,58.031,42.828,71.295,45.986,66.538,72.046,40.415,42.627,19.021,22.691,33.655,30.87,49.97,60.731,46.323,69.525,76.528,70.643,56.64,49.167,46.93,17.175,16.517,24.23,43.343,50.405,66.154,48.937,49.447,68.474,72.852,73.811,64.16,50.902,12.926,9.645,19.226,42.256,61.205,56.557,48.455,1.257,1.85,1.06,0.934,1.425,1.412,0.177,0.003,0.205,0.367,0.639,0.588,0.825,1.627,0.451,2.147,0.914,0.313,1.432,0.36,0.298,0.943,0.085,1.171,1.891,0.968,1.973,1.474,1.507,0.427,1.227,1.732,0.208,0.129,0.44,0.373,0.488,0.81,0.898,0.468,0.594,2.303,1.827,1.699,2.074,0.164,0.044,0.526,0.617,1.66,1.028,1.085
39.0,34.33,7.119,8.997,14.261,20.16,24.171,26.145,28.857,26.384,19.992,14.916,10.051,7.079,17.343,7.37,12.172,13.488,17.633,25.376,25.31,27.836,23.579,18.585,14.493,9.056,6.849,16.809,6.832,10.66,13.628,20.453,22.742,24.677,28.137,24.729,20.392,13.483,9.162,6.342,16.773,8.768,9.698,12.797,18.032,21.801,23.685,28.806,26.177,20.867,13.609,8.736,7.284,16.689,0.455,0.43,0.507,0.577,0.608,0.629,0.717,0.729,0.662,0.649,0.596,0.502,0.609,0.472,0.579,0.48,0.503,0.637,0.611,0.687,0.648,0.615,0.627,0.535,0.486,0.589,0.437,0.506,0.487,0.584,0.572,0.59,0.698,0.681,0.675,0.581,0.538,0.451,0.588,0.562,0.461,0.457,0.515,0.549,0.568,0.709,0.717,0.688,0.588,0.515,0.516,0.582,65.42,74.485,62.007,54.731,50.13,44.893,12.784,10.907,18.522,30.932,36.958,58.892,43.385,71.82,46.965,67.37,72.698,41.222,43.602,19.977,23.503,34.525,32.267,50.482,60.785,47.104,69.975,76.674,71.237,57.633,49.904,47.807,18.315,16.62,25.078,44.243,51.313,67.033,49.652,49.914,69.19,73.854,74.955,64.955,51.438,13.133,9.579,19.44,44.124,62.338,57.516,49.203,1.215,1.945,1.028,0.964,1.456,1.549,0.194,0.003,0.215,0.393,0.587,0.594,0.844,1.649,0.45,2.277,0.981,0.377,1.515,0.343,0.319,0.962,0.091,1.233,1.865,1.003,1.989,1.444,1.541,0.406,1.274,1.871,0.213,0.135,0.465,0.393,0.479,0.884,0.924,0.483,0.577,2.429,1.92,1.682,2.105,0.161,0.041,0.581,0.622,1.777,1.028,1.119
39.0,33.67,7.241,8.875,14.454,20.292,24.211,26.135,28.86,26.298,19.922,14.82,10.086,7.047,17.353,7.277,12.156,13.577,17.746,25.468,25.134,27.888,23.726,18.604,14.519,9.124,6.768,16.829,6.8,10.621,13.811,20.543,22.885,24.614,28.169,24.554,20.382,13.416,9.247,6.334,16.783,8.673,9.515,12.812,18.165,21.685,23.752,28.801,26.14,20.762,13.656,8.677,7.282,16.66,0.463,0.423,0.515,0.58,0.608,0.629,0.716,0.727,0.659,0.645,0.598,0.499,0.609,0.466,0.577,0.483,0.506,0.64,0.607,0.688,0.652,0.616,0.628,0.539,0.48,0.589,0.434,0.503,0.493,0.587,0.575,0.589,0.699,0.676,0.675,0.578,0.543,0.45,0.588,0.556,0.451,0.458,0.518,0.546,0.569,0.709,0.716,0.685,0.591,0.512,0.516,0.581,64.344,74.341,61.097,54.062,50.039,45.016,12.417,11.336,18.419,31.899,36.591,59.296,43.235,71.725,46.494,67.394,72.612,40.864,44.606,19.49,22.555,34.296,31.86,50.332,60.919,46.932,69.583,76.35,70.756,56.889,49.116,47.907,17.751,18.006,24.85,44.038,50.268,66.983,49.374,51.155,69.09,72.883,74.291,65.441,51.244,13.22,9.501,19.619,43.285,62.374,57.52,49.135,1.183,1.871,0.939,0.929,1.419,1.524,0.179,0.002,0.219,0.445,0.557,0.57,0.818,1.553,0.419,2.231,0.877,0.325,1.474,0.384,0.286,0.956,0.097,1.22,1.909,0.976,1.882,1.482,1.445,0.347,1.187,1.865,0.252,0.163,0.387,0.367,0.434,0.856,0.889,0.462,0.537,2.371,1.79,1.779,2.054,0.157,0.029,0.568,0.563,1.804,0.987,1.093
39.33,34.33,7.019,9.102,14.271,20.058,23.886,25.905,28.594,26.239,19.811,14.754,9.912,6.928,17.207,7.281,11.944,13.373,17.364,25.088,24.981,27.53,23.384,18.248,14.241,8.87,6.764,16.587,6.745,10.54,13.309,20.199,22.7,24.377,27.891,24.544,20.075,13.202,9.034,6.223,16.572,8.614,9.793,12.62,17.739,21.507,23.549,28.646,26.035,20.645,13.414,8.556,7.081,16.517,0.452,0.437,0.509,0.574,0.601,0.623,0.71,0.725,0.658,0.645,0.592,0.495,0.605,0.469,0.57,0.477,0.497,0.63,0.603,0.68,0.643,0.605,0.618,0.527,0.484,0.583,0.435,0.504,0.477,0.578,0.572,0.584,0.691,0.676,0.666,0.571,0.534,0.446,0.582,0.555,0.469,0.452,0.508,0.541,0.565,0.707,0.714,0.682,0.581,0.505,0.506,0.578,65.84,74.27,61.981,54.254,51.766,45.843,14.411,11.664,19.836,31.954,37.41,60.527,44.144,72.684,48.565,67.966,73.585,42.059,44.431,21.452,24.224,36.249,33.571,52.356,61.813,48.248,70.69,76.283,72.083,58.05,49.852,49.855,19.652,18.143,26.143,45.348,52.369,68.104,50.547,51.041,70.167,74.243,75.784,66.079,52.499,13.862,10.292,20.697,45.77,64.092,59.609,50.345,1.21,1.986,1.032,1.002,1.476,1.725,0.177,0.007,0.209,0.402,0.572,0.607,0.867,1.703,0.488,2.314,1.027,0.442,1.668,0.367,0.331,0.993,0.096,1.313,1.784,1.043,2.087,1.47,1.551,0.464,1.243,2.102,0.222,0.165,0.467,0.451,0.508,0.937,0.971,0.46,0.611,2.525,2.014,1.763,2.129,0.193,0.043,0.626,0.589,1.848,1.086,1.159
39.33,33.67,7.19,8.991,14.517,20.229,23.905,25.869,28.632,26.158,19.763,14.63,9.99,6.881,17.23,7.171,11.915,13.475,17.475,25.213,24.697,27.599,23.603,18.275,14.292,8.971,6.651,16.61,6.714,10.516,13.549,20.295,22.878,24.281,27.982,24.332,20.066,13.16,9.159,6.213,16.596,8.523,9.619,12.626,17.885,21.36,23.624,28.638,26.014,20.548,13.496,8.467,7.078,16.49,0.463,0.431,0.518,0.579,0.601,0.623,0.71,0.723,0.656,0.639,0.596,0.492,0.605,0.462,0.568,0.48,0.499,0.634,0.596,0.682,0.649,0.607,0.62,0.533,0.476,0.584,0.432,0.502,0.485,0.581,0.576,0.583,0.693,0.67,0.665,0.569,0.541,0.445,0.583,0.549,0.459,0.452,0.511,0.538,0.567,0.706,0.713,0.679,0.585,0.501,0.506,0.577,64.533,74.183,60.79,53.477,51.73,46.059,13.865,12.161,19.578,33.188,36.681,61.043,43.938,72.665,48.16,68.025,73.538,41.648,45.723,20.849,22.944,35.934,32.839,51.96,62.252,48.047,70.194,76.03,71.44,57.134,49.031,50.04,18.779,20.029,25.783,44.813,50.903,67.898,50.172,52.478,69.975,73.103,75.027,66.742,52.387,14.006,10.196,20.777,44.728,64.168,59.535,50.261,1.15,1.883,0.937,0.956,1.437,1.668,0.161,0.004,0.215,0.483,0.522,0.576,0.832,1.596,0.441,2.213,0.902,0.372,1.612,0.396,0.294,0.983,0.1,1.292,1.812,1.001,1.9,1.501,1.422,0.389,1.124,2.103,0.284,0.214,0.375,0.419,0.446,0.89,0.922,0.425,0.553,2.407,1.818,1.88,2.072,0.173,0.032,0.619,0.515,1.861,1.043,1.117
38.67,34.33,7.105,9.36,14.206,20.149,24.247,26.287,28.969,26.489,20.18,15.046,10.121,7.226,17.449,7.466,12.296,13.638,17.612,25.491,25.638,27.938,23.666,18.72,14.682,9.141,6.985,16.937,6.916,10.901,13.418,20.454,22.816,24.807,28.339,24.889,20.548,13.68,9.253,6.512,16.88,8.953,10.237,12.914,18.128,21.914,23.717,28.83,26.189,20.983,13.797,8.853,7.41,16.828,0.452,0.445,0.504,0.576,0.611,0.633,0.718,0.731,0.667,0.652,0.596,0.509,0.611,0.474,0.582,0.484,0.502,0.64,0.618,0.69,0.649,0.617,0.633,0.536,0.492,0.593,0.439,0.516,0.478,0.583,0.574,0.594,0.702,0.685,0.678,0.588,0.54,0.459,0.59,0.569,0.486,0.46,0.518,0.551,0.568,0.711,0.717,0.69,0.592,0.517,0.521,0.586,66.061,73.658,62.688,55.374,48.992,43.237,12.01,10.438,17.904,29.858,37.048,57.872,42.927,71.52,46.367,66.518,72.14,40.496,41.716,19.434,23.182,33.647,30.792,50.179,60.911,46.41,69.88,76.592,71.015,57.005,49.609,47.105,17.391,15.887,24.112,43.216,51.092,66.283,49.099,48.481,68.343,73.553,74.243,63.766,51.268,12.954,9.838,19.165,42.477,61.296,56.62,48.5,1.296,1.905,1.166,0.964,1.465,1.415,0.183,0.004,0.197,0.318,0.676,0.611,0.849,1.735,0.485,2.137,1.006,0.353,1.473,0.325,0.327,0.941,0.078,1.176,1.841,0.989,2.075,1.447,1.59,0.493,1.282,1.739,0.177,0.108,0.512,0.405,0.544,0.817,0.932,0.476,0.644,2.314,1.932,1.63,2.119,0.171,0.06,0.535,0.667,1.606,1.081,1.104
38.67,33.67,7.26,9.149,14.485,20.342,24.346,26.303,28.956,26.365,20.071,14.913,10.151,7.197,17.462,7.355,12.269,13.775,17.787,25.61,25.461,27.99,23.843,18.741,14.7,9.236,6.916,16.971,6.881,10.814,13.632,20.584,23.058,24.766,28.347,24.661,20.536,13.588,9.37,6.518,16.898,8.822,9.999,12.967,18.328,21.79,23.846,28.813,26.122,20.836,13.848,8.784,7.419,16.797,0.462,0.434,0.514,0.581,0.613,0.633,0.717,0.727,0.663,0.646,0.598,0.506,0.612,0.467,0.58,0.489,0.506,0.644,0.614,0.691,0.654,0.619,0.634,0.542,0.487,0.593,0.436,0.511,0.485,0.587,0.58,0.594,0.702,0.678,0.677,0.583,0.546,0.459,0.591,0.56,0.473,0.462,0.523,0.549,0.572,0.71,0.715,0.685,0.596,0.514,0.522,0.585,64.524,73.304,61.309,54.249,48.568,43.063,11.576,10.938,17.753,30.988,36.589,58.114,42.579,71.096,45.671,66.177,71.799,39.904,42.704,18.795,21.954,33.396,30.318,49.902,60.943,46.057,69.376,76.156,70.228,55.77,48.306,46.839,16.829,17.465,23.848,43.002,49.678,65.788,48.607,49.993,68.123,71.962,73.108,64.084,50.61,13.014,9.804,19.476,41.44,61.149,56.48,48.27,1.259,1.81,1.056,0.921,1.408,1.382,0.164,0.003,0.204,0.375,0.636,0.582,0.816,1.591,0.447,2.097,0.885,0.295,1.419,0.394,0.287,0.936,0.086,1.152,1.897,0.957,1.954,1.49,1.475,0.421,1.184,1.707,0.219,0.138,0.42,0.381,0.479,0.783,0.887,0.453,0.597,2.247,1.775,1.752,2.067,0.168,0.042,0.51,0.598,1.641,1.012,1.072
39.33,35.0,6.796,9.838,13.766,19.674,23.686,25.861,28.364,26.323,19.912,15.006,9.711,6.948,17.158,7.539,12.212,13.149,17.05,24.875,25.523,27.18,22.951,18.149,14.054,8.706,6.943,16.526,6.721,10.701,12.783,19.78,22.256,24.497,27.614,24.878,20.011,13.333,8.795,6.26,16.471,8.821,10.796,12.376,17.155,21.721,23.316,28.53,26.025,20.723,13.276,8.617,7.017,16.532,0.439,0.473,0.489,0.564,0.599,0.623,0.705,0.727,0.66,0.654,0.579,0.499,0.603,0.485,0.584,0.469,0.488,0.624,0.614,0.672,0.63,0.6,0.609,0.514,0.499,0.582,0.433,0.514,0.459,0.566,0.564,0.587,0.685,0.685,0.661,0.578,0.519,0.447,0.58,0.566,0.52,0.445,0.493,0.545,0.558,0.704,0.712,0.685,0.572,0.506,0.5,0.58,68.496,74.405,65.403,56.85,52.142,45.673,16.98,11.735,21.445,29.381,39.235,60.415,45.18,73.353,50.103,68.195,74.119,42.56,41.563,24.514,27.647,36.897,35.117,52.862,62.043,49.08,72.487,76.906,74.118,60.271,52.022,50.64,22.596,16.702,27.098,46.335,55.616,68.478,51.94,48.152,70.111,77.559,77.762,65.025,53.763,14.715,11.422,21.862,47.651,65.092,60.007,51.095,1.343,2.276,1.388,1.085,1.558,1.674,0.199,0.021,0.186,0.211,0.692,0.7,0.945,2.043,0.598,2.378,1.325,0.688,1.713,0.281,0.426,0.957,0.116,1.28,1.552,1.111,2.428,1.272,1.884,0.665,1.524,2.032,0.093,0.064,0.786,0.627,0.768,0.992,1.093,0.516,0.823,2.668,2.495,1.508,2.292,0.277,0.089,0.631,0.822,1.743,1.214,1.259
38.67,35.0,6.964,10.291,13.734,19.778,23.947,26.189,28.804,26.613,20.316,15.287,9.965,7.173,17.422,7.719,12.567,13.387,17.272,25.26,26.028,27.629,23.312,18.641,14.495,8.967,7.117,16.865,6.966,11.104,13.052,20.014,22.348,24.89,28.223,25.238,20.459,13.831,9.003,6.47,16.803,9.093,11.426,12.584,17.468,22.11,23.502,28.769,26.248,21.136,13.638,8.858,7.265,16.843,0.445,0.49,0.487,0.566,0.606,0.631,0.715,0.734,0.67,0.662,0.588,0.508,0.609,0.491,0.595,0.476,0.493,0.634,0.627,0.683,0.639,0.614,0.624,0.524,0.504,0.592,0.443,0.528,0.466,0.571,0.565,0.596,0.7,0.694,0.673,0.596,0.526,0.456,0.589,0.577,0.546,0.45,0.502,0.555,0.562,0.71,0.717,0.696,0.583,0.514,0.511,0.589,68.53,74.031,65.787,57.846,50.046,43.335,14.396,10.386,19.308,27.577,38.174,58.277,43.975,72.735,48.257,67.094,72.975,41.183,39.217,22.222,26.133,33.949,32.152,50.733,61.604,47.353,71.677,77.038,72.961,59.26,52.085,48.229,19.533,14.56,24.869,43.586,54.108,67.17,50.424,46.226,68.125,77.312,76.568,63.107,52.753,13.725,10.628,19.649,44.94,62.67,57.601,49.443,1.402,2.216,1.544,1.068,1.572,1.402,0.205,0.013,0.177,0.174,0.771,0.709,0.938,2.138,0.586,2.175,1.324,0.58,1.545,0.204,0.422,0.897,0.084,1.17,1.617,1.061,2.375,1.251,1.918,0.661,1.528,1.753,0.071,0.041,0.81,0.568,0.815,0.885,1.055,0.529,0.832,2.489,2.348,1.386,2.231,0.211,0.113,0.581,0.873,1.559,1.259,1.203
39.0,35.33,6.889,10.284,13.702,19.701,23.82,26.026,28.649,26.515,20.182,15.205,9.848,7.045,17.323,7.685,12.498,13.183,17.142,25.09,25.873,27.395,23.146,18.43,14.247,8.85,7.051,16.714,6.85,11.001,12.949,19.821,22.224,24.807,27.956,25.175,20.256,13.699,8.888,6.356,16.668,8.991,11.393,12.424,17.203,22.028,23.417,28.662,26.207,21.025,13.451,8.735,7.135,16.723,0.443,0.493,0.486,0.565,0.603,0.627,0.712,0.732,0.667,0.66,0.585,0.503,0.607,0.492,0.595,0.469,0.491,0.629,0.622,0.677,0.635,0.608,0.615,0.519,0.503,0.588,0.438,0.526,0.464,0.567,0.563,0.594,0.694,0.693,0.667,0.593,0.522,0.451,0.586,0.573,0.547,0.445,0.495,0.553,0.56,0.707,0.717,0.694,0.577,0.51,0.504,0.585,68.461,74.352,66.073,57.803,51.053,44.53,15.747,10.925,20.39,27.935,38.354,59.44,44.589,73.355,49.259,67.622,73.678,41.859,39.781,23.755,27.236,35.153,33.656,51.274,62.017,48.218,72.382,77.371,73.772,60.25,52.756,49.235,21.433,15.231,26.121,44.69,55.03,67.763,51.337,46.759,68.778,78.111,77.516,63.823,53.356,14.337,10.887,20.535,46.745,64.212,58.596,50.306,1.343,2.303,1.551,1.085,1.565,1.466,0.21,0.016,0.181,0.175,0.72,0.723,0.946,2.127,0.592,2.26,1.394,0.686,1.602,0.207,0.437,0.897,0.098,1.181,1.478,1.078,2.346,1.164,1.94,0.675,1.611,1.832,0.06,0.036,0.886,0.64,0.825,0.934,1.077,0.528,0.844,2.588,2.47,1.382,2.295,0.227,0.11,0.607,0.9,1.615,1.235,1.236
39.0,34.67,6.895,9.842,13.863,19.82,23.969,26.092,28.742,26.544,20.164,15.128,9.897,7.085,17.337,7.584,12.342,13.266,17.237,25.142,25.707,27.519,23.257,18.484,14.34,8.884,7.034,16.73,6.742,10.849,12.99,20.006,22.419,24.832,28.029,25.127,20.335,13.652,8.984,6.358,16.697,8.984,10.891,12.563,17.448,22.059,23.479,28.727,26.229,21.013,13.505,8.747,7.194,16.737,0.443,0.472,0.492,0.569,0.606,0.628,0.715,0.734,0.666,0.657,0.588,0.505,0.608,0.486,0.588,0.473,0.493,0.631,0.619,0.68,0.639,0.609,0.62,0.522,0.502,0.588,0.432,0.519,0.465,0.572,0.567,0.594,0.696,0.692,0.669,0.591,0.528,0.451,0.587,0.573,0.522,0.45,0.502,0.553,0.561,0.708,0.717,0.694,0.58,0.511,0.509,0.586,67.579,74.334,64.819,56.887,50.608,44.452,14.596,10.417,19.53,28.547,37.948,58.868,44.048,72.819,48.786,67.459,73.271,41.666,40.741,22.547,25.907,34.957,32.947,51.166,61.453,47.808,71.741,77.08,73.037,59.399,51.843,48.549,20.46,14.977,25.278,44.447,54.16,67.43,50.701,47.027,68.849,76.808,76.946,63.8,52.749,13.587,10.425,19.797,45.933,63.615,58.089,49.804,1.318,2.221,1.432,1.08,1.577,1.554,0.225,0.012,0.197,0.216,0.678,0.691,0.934,2.017,0.566,2.321,1.371,0.606,1.64,0.232,0.436,0.942,0.085,1.23,1.61,1.086,2.324,1.251,1.888,0.626,1.551,1.868,0.09,0.052,0.795,0.57,0.695,0.947,1.053,0.532,0.77,2.538,2.363,1.412,2.306,0.193,0.09,0.624,0.849,1.642,1.17,1.21
39.33,35.33,6.795,10.058,13.632,19.57,23.498,25.743,28.148,26.188,19.819,15.022,9.633,6.889,17.084,7.589,12.306,13.093,16.984,24.801,25.573,26.998,22.78,18.017,13.925,8.666,6.911,16.47,6.833,10.761,12.773,19.634,22.062,24.338,27.394,24.757,19.86,13.256,8.688,6.248,16.385,8.77,10.992,12.25,16.963,21.536,23.22,28.404,25.915,20.605,13.194,8.582,6.947,16.448,0.439,0.483,0.485,0.56,0.595,0.62,0.699,0.722,0.657,0.655,0.574,0.494,0.6,0.488,0.588,0.466,0.487,0.622,0.615,0.668,0.626,0.597,0.604,0.512,0.496,0.58,0.44,0.516,0.458,0.562,0.559,0.583,0.679,0.681,0.657,0.574,0.513,0.448,0.577,0.563,0.53,0.44,0.488,0.541,0.556,0.701,0.71,0.681,0.568,0.504,0.495,0.576,69.362,74.508,66.374,57.484,52.82,46.178,18.654,12.851,22.739,29.375,40.071,61.224,45.97,73.702,50.543,68.541,74.58,42.891,41.407,25.959,29.253,37.682,36.293,53.24,62.556,49.72,72.973,77.087,74.878,61.008,52.61,51.746,23.944,17.902,28.456,47.208,56.37,68.863,52.754,48.582,70.51,78.461,78.128,65.603,54.442,15.781,12.163,23.348,48.394,65.693,60.779,51.824,1.365,2.308,1.413,1.061,1.514,1.592,0.173,0.028,0.169,0.2,0.729,0.712,0.94,2.085,0.609,2.306,1.241,0.746,1.649,0.29,0.404,0.926,0.146,1.239,1.457,1.091,2.413,1.23,1.872,0.69,1.514,2.024,0.09,0.067,0.813,0.678,0.878,0.971,1.101,0.496,0.882,2.69,2.555,1.552,2.245,0.345,0.099,0.601,0.829,1.748,1.258,1.277
39.33,34.67,6.838,9.62,13.869,19.748,23.697,25.847,28.369,26.271,19.848,14.936,9.739,6.93,17.143,7.47,12.123,13.197,17.121,24.891,25.371,27.239,23.006,18.133,14.075,8.719,6.891,16.518,6.755,10.649,12.892,19.879,22.332,24.414,27.634,24.759,19.988,13.249,8.822,6.236,16.469,8.74,10.474,12.425,17.289,21.61,23.349,28.543,25.999,20.671,13.279,8.597,7.011,16.5,0.441,0.462,0.494,0.566,0.599,0.622,0.705,0.726,0.658,0.652,0.581,0.497,0.602,0.481,0.579,0.471,0.49,0.625,0.611,0.674,0.632,0.6,0.611,0.516,0.494,0.581,0.435,0.511,0.462,0.569,0.565,0.585,0.685,0.682,0.661,0.574,0.521,0.446,0.579,0.562,0.504,0.446,0.497,0.543,0.559,0.704,0.712,0.683,0.573,0.506,0.5,0.578,68.042,74.428,64.606,56.185,52.32,45.891,16.635,11.886,21.271,30.142,39.006,60.619,45.086,73.255,49.821,68.266,74.097,42.611,42.453,23.896,27.05,37.011,35.046,53.056,61.985,49.045,72.068,76.677,73.766,59.843,51.521,50.706,22.027,17.175,27.136,46.385,55.007,68.612,51.744,49.133,70.361,76.825,77.36,65.511,53.564,14.608,11.224,21.797,47.418,64.943,60.232,51.082,1.319,2.199,1.279,1.064,1.53,1.709,0.188,0.019,0.189,0.263,0.669,0.675,0.926,1.958,0.573,2.37,1.225,0.625,1.704,0.311,0.396,0.973,0.115,1.3,1.623,1.096,2.36,1.34,1.793,0.615,1.435,2.075,0.128,0.094,0.687,0.579,0.711,0.985,1.065,0.5,0.772,2.656,2.377,1.591,2.23,0.269,0.076,0.629,0.75,1.792,1.192,1.238
38.67,35.33,7.049,10.648,13.621,19.713,23.809,26.147,28.711,26.558,20.313,15.354,9.948,7.133,17.418,7.817,12.743,13.388,17.285,25.27,26.175,27.58,23.258,18.637,14.455,8.971,7.115,16.891,7.177,11.268,13.155,19.924,22.191,24.817,28.212,25.212,20.406,13.857,8.924,6.474,16.803,9.051,11.774,12.463,17.328,22.01,23.484,28.734,26.211,21.131,13.614,8.856,7.215,16.823,0.449,0.506,0.483,0.563,0.602,0.63,0.712,0.731,0.67,0.664,0.586,0.504,0.609,0.495,0.603,0.475,0.494,0.634,0.63,0.681,0.637,0.614,0.622,0.524,0.502,0.592,0.455,0.535,0.469,0.569,0.561,0.595,0.7,0.693,0.672,0.596,0.521,0.456,0.589,0.574,0.562,0.446,0.497,0.553,0.562,0.709,0.717,0.695,0.582,0.514,0.507,0.587,69.315,74.133,66.689,58.529,50.494,43.304,15.37,11.041,20.034,27.279,38.563,58.816,44.464,73.097,48.414,67.221,73.248,41.264,38.594,22.908,27.108,33.888,32.743,50.823,62.076,47.615,72.006,77.125,73.401,59.76,52.681,48.801,19.849,15.13,25.631,43.69,54.543,67.452,50.839,46.607,68.038,78.283,76.743,63.303,53.109,14.429,11.02,20.325,45.376,62.87,58.152,49.855,1.439,2.251,1.61,1.055,1.534,1.3,0.177,0.016,0.16,0.163,0.822,0.729,0.938,2.222,0.596,2.088,1.256,0.607,1.46,0.198,0.394,0.848,0.101,1.119,1.563,1.037,2.372,1.213,1.922,0.67,1.512,1.709,0.064,0.045,0.826,0.601,0.946,0.859,1.06,0.52,0.884,2.541,2.357,1.413,2.14,0.243,0.127,0.552,0.879,1.576,1.329,1.215
38.67,34.67,6.992,10.05,13.814,19.851,24.007,26.217,28.832,26.58,20.286,15.248,10.006,7.201,17.424,7.669,12.508,13.46,17.361,25.32,25.963,27.715,23.375,18.661,14.562,9.009,7.09,16.889,6.992,11.084,13.121,20.135,22.43,24.845,28.248,25.148,20.487,13.792,9.054,6.494,16.822,9.072,11.091,12.676,17.65,22.037,23.533,28.783,26.224,21.1,13.687,8.878,7.312,16.838,0.446,0.478,0.49,0.568,0.606,0.632,0.715,0.733,0.669,0.66,0.589,0.509,0.609,0.487,0.592,0.478,0.495,0.635,0.625,0.685,0.641,0.615,0.627,0.527,0.501,0.592,0.444,0.526,0.468,0.574,0.566,0.595,0.701,0.692,0.675,0.594,0.529,0.457,0.589,0.575,0.528,0.453,0.506,0.553,0.563,0.71,0.717,0.694,0.586,0.516,0.514,0.588,68.212,73.98,65.203,57.392,49.841,43.315,13.872,10.461,19.008,28.081,38.09,58.139,43.799,72.44,47.733,67.006,72.789,41.076,39.808,21.516,25.581,33.932,31.851,50.706,61.397,47.153,71.191,76.935,72.576,58.801,51.561,48.036,18.96,14.855,24.772,43.588,53.462,67.038,50.148,46.76,68.278,76.47,75.998,63.329,52.486,13.577,10.488,19.622,44.227,62.201,57.39,49.236,1.39,2.124,1.443,1.036,1.537,1.392,0.195,0.012,0.178,0.207,0.764,0.682,0.913,2.043,0.563,2.15,1.215,0.513,1.511,0.234,0.392,0.909,0.085,1.169,1.686,1.038,2.308,1.314,1.83,0.624,1.45,1.743,0.098,0.059,0.721,0.518,0.759,0.861,1.022,0.514,0.789,2.441,2.236,1.453,2.183,0.211,0.101,0.56,0.815,1.565,1.225,1.176
39.33,36.0,6.932,11.104,13.16,19.263,23.002,25.507,27.657,25.852,19.726,15.239,9.496,6.703,16.971,7.778,12.856,12.901,16.874,24.873,26.039,26.616,22.434,17.872,13.666,8.673,6.844,16.455,7.271,11.255,13.289,19.186,21.498,24.137,27.062,24.56,19.543,13.334,8.382,6.222,16.311,8.696,12.109,11.766,16.323,21.202,23.077,28.111,25.743,20.512,13.056,8.465,6.75,16.315,0.446,0.53,0.469,0.548,0.583,0.614,0.686,0.711,0.654,0.662,0.562,0.478,0.597,0.496,0.612,0.458,0.485,0.624,0.627,0.657,0.615,0.594,0.592,0.512,0.489,0.578,0.465,0.537,0.476,0.55,0.544,0.579,0.67,0.673,0.648,0.574,0.493,0.447,0.575,0.558,0.583,0.424,0.467,0.536,0.553,0.693,0.706,0.677,0.562,0.498,0.48,0.571,71.744,75.203,69.672,60.246,54.255,46.66,23.24,16.031,26.049,28.137,41.783,63.549,48.048,75.01,51.751,69.001,75.626,43.238,39.263,29.555,33.926,38.515,38.662,52.768,64.28,50.968,74.777,78.38,76.731,63.337,55.241,53.681,26.605,20.947,32.059,48.531,58.136,69.521,54.828,49.484,70.553,82.202,79.042,66.401,55.737,18.936,14.029,26.853,50.643,67.314,62.498,53.64,1.392,2.425,1.629,0.981,1.351,1.107,0.101,0.046,0.12,0.159,0.87,0.778,0.915,2.257,0.618,1.979,1.0,0.91,1.303,0.249,0.334,0.768,0.238,1.008,1.038,0.977,2.178,0.967,1.852,0.743,1.59,1.804,0.072,0.061,0.978,0.85,1.277,0.853,1.1,0.444,1.084,2.764,2.694,1.59,2.066,0.505,0.147,0.485,0.909,1.703,1.422,1.317
38.67,36.0,7.284,11.724,13.244,19.472,23.36,25.989,28.359,26.331,20.235,15.544,9.82,6.877,17.355,8.04,13.289,13.245,17.298,25.377,26.711,27.349,23.078,18.617,14.187,8.938,7.035,16.932,7.718,11.779,13.808,19.512,21.717,24.696,28.131,25.135,20.127,13.939,8.563,6.375,16.792,8.84,12.864,11.916,16.695,21.737,23.531,28.587,26.116,21.125,13.422,8.718,6.949,16.707,0.462,0.556,0.471,0.553,0.591,0.626,0.703,0.723,0.668,0.671,0.576,0.485,0.608,0.507,0.627,0.468,0.496,0.637,0.643,0.674,0.631,0.616,0.61,0.521,0.495,0.593,0.487,0.558,0.493,0.558,0.549,0.592,0.696,0.688,0.664,0.597,0.499,0.451,0.59,0.561,0.614,0.427,0.477,0.549,0.565,0.705,0.715,0.695,0.574,0.507,0.488,0.582,71.383,75.01,69.484,60.634,52.351,43.502,19.07,13.276,22.818,26.173,39.72,61.61,46.253,74.576,49.792,67.423,74.197,41.581,36.158,25.438,30.634,33.831,35.174,50.852,63.732,48.617,73.81,78.019,75.04,61.978,55.022,50.257,21.246,17.09,28.75,44.566,56.424,68.613,52.565,48.487,67.815,82.141,77.721,64.01,53.73,16.834,12.155,22.723,48.237,64.588,60.47,51.574,1.477,2.391,1.848,1.018,1.368,0.925,0.094,0.025,0.111,0.135,0.962,0.815,0.932,2.437,0.603,1.848,1.053,0.754,1.154,0.165,0.304,0.663,0.17,0.914,1.2,0.94,2.202,0.97,1.92,0.686,1.589,1.535,0.034,0.043,0.939,0.752,1.38,0.785,1.068,0.493,1.063,2.831,2.449,1.474,1.876,0.341,0.168,0.456,0.917,1.674,1.537,1.272
39.0,36.33,7.161,11.696,13.172,19.362,23.182,25.776,28.215,26.155,20.079,15.459,9.726,6.743,17.229,7.931,13.234,13.024,17.087,25.237,26.584,27.135,22.897,18.371,13.936,8.832,6.921,16.768,7.632,11.736,14.013,19.272,21.57,24.55,27.835,25.01,19.867,13.786,8.438,6.254,16.663,8.744,12.813,11.779,16.417,21.508,23.428,28.409,26.037,20.992,13.251,8.551,6.82,16.56,0.458,0.556,0.469,0.55,0.587,0.621,0.7,0.719,0.664,0.669,0.572,0.478,0.605,0.503,0.627,0.461,0.49,0.634,0.64,0.669,0.626,0.61,0.601,0.518,0.491,0.588,0.485,0.558,0.502,0.552,0.546,0.588,0.688,0.685,0.657,0.592,0.494,0.446,0.586,0.557,0.615,0.424,0.469,0.544,0.563,0.7,0.714,0.692,0.569,0.501,0.482,0.578,71.305,75.159,69.869,60.636,53.449,44.913,20.242,14.239,23.987,26.688,39.935,63.339,46.98,75.261,50.343,68.087,75.133,42.357,36.684,26.801,31.938,35.322,36.564,51.321,64.444,49.523,74.521,78.781,75.781,63.143,55.831,51.581,23.015,18.123,30.69,46.031,57.053,69.53,53.671,49.181,68.885,82.838,78.503,65.222,54.503,17.887,12.446,24.114,49.788,66.512,61.677,52.628,1.362,2.401,1.767,0.976,1.315,0.896,0.082,0.026,0.104,0.152,0.898,0.807,0.901,2.303,0.59,1.84,0.988,0.837,1.165,0.178,0.285,0.651,0.193,0.884,0.97,0.909,2.011,0.885,1.804,0.695,1.653,1.593,0.037,0.04,0.987,0.807,1.351,0.773,1.051,0.444,1.058,2.852,2.541,1.538,1.924,0.39,0.164,0.439,0.903,1.651,1.488,1.281
39.0,35.67,7.045,11.503,13.269,19.433,23.313,25.789,28.328,26.225,20.115,15.4,9.767,6.84,17.254,7.922,13.049,12.981,17.068,25.12,26.352,27.153,22.922,18.3,13.98,8.839,6.953,16.723,7.462,11.604,13.474,19.383,21.613,24.582,27.769,25.048,19.938,13.777,8.565,6.31,16.627,8.823,12.535,11.977,16.616,21.642,23.344,28.451,26.078,20.996,13.295,8.657,6.931,16.61,0.45,0.548,0.473,0.553,0.591,0.621,0.703,0.721,0.665,0.667,0.575,0.485,0.606,0.503,0.619,0.459,0.49,0.63,0.635,0.669,0.627,0.607,0.603,0.518,0.494,0.588,0.474,0.552,0.483,0.555,0.547,0.589,0.687,0.686,0.659,0.592,0.502,0.45,0.586,0.562,0.602,0.431,0.475,0.547,0.56,0.701,0.715,0.692,0.57,0.507,0.49,0.579,70.766,74.796,69.32,60.151,52.845,45.197,19.35,13.689,23.388,27.135,39.368,62.342,46.53,75.071,49.899,68.212,75.019,42.419,37.717,26.595,31.259,35.624,36.231,51.215,63.949,49.435,73.813,78.538,75.539,62.763,55.412,51.497,23.487,17.62,29.989,45.716,56.562,69.203,53.343,48.433,68.854,81.692,78.349,65.004,54.758,17.305,12.098,23.458,49.128,65.837,60.668,52.131,1.349,2.395,1.72,0.999,1.375,1.029,0.108,0.023,0.121,0.153,0.847,0.787,0.911,2.272,0.596,1.929,1.095,0.821,1.281,0.182,0.32,0.703,0.169,0.949,1.072,0.951,2.086,0.937,1.834,0.699,1.641,1.656,0.037,0.035,0.984,0.783,1.232,0.809,1.059,0.459,1.007,2.763,2.536,1.495,2.02,0.356,0.154,0.481,0.911,1.623,1.419,1.268
39.33,36.33,6.979,10.969,13.094,19.184,22.878,25.454,27.364,25.705,19.6,15.226,9.391,6.631,16.874,7.7,12.871,12.951,16.841,24.911,26.06,26.455,22.276,17.82,13.604,8.636,6.812,16.413,7.243,11.177,13.574,19.117,21.531,24.008,26.92,24.369,19.426,13.21,8.285,6.178,16.252,8.651,12.063,11.6,16.167,21.034,23.051,27.993,25.618,20.361,12.993,8.337,6.645,16.207,0.45,0.524,0.467,0.547,0.578,0.613,0.678,0.707,0.65,0.662,0.556,0.474,0.594,0.492,0.613,0.461,0.484,0.626,0.627,0.654,0.61,0.592,0.59,0.511,0.487,0.576,0.464,0.534,0.486,0.549,0.545,0.577,0.666,0.669,0.644,0.569,0.488,0.444,0.572,0.556,0.581,0.418,0.463,0.531,0.554,0.691,0.703,0.672,0.56,0.492,0.473,0.567,72.264,75.58,69.797,60.507,54.737,46.577,24.868,16.965,26.954,28.087,42.968,64.043,48.612,74.828,52.715,69.008,75.602,43.249,39.163,30.259,34.819,39.083,39.128,53.191,64.432,51.291,75.451,78.358,76.951,63.321,55.116,54.001,26.832,22.269,32.512,49.388,58.764,69.44,55.2,49.962,70.979,82.801,79.171,66.622,55.604,19.516,14.92,28.051,51.145,67.878,63.437,54.173,1.434,2.432,1.632,0.974,1.332,1.077,0.099,0.058,0.117,0.16,0.916,0.785,0.92,2.281,0.625,1.968,0.941,0.921,1.254,0.265,0.337,0.785,0.271,1.012,1.028,0.975,2.207,0.971,1.877,0.755,1.579,1.81,0.09,0.074,0.971,0.869,1.333,0.855,1.114,0.443,1.139,2.793,2.741,1.62,2.049,0.564,0.149,0.475,0.914,1.741,1.458,1.341
39.33,35.67,6.865,10.755,13.258,19.309,23.097,25.545,27.667,25.899,19.694,15.16,9.476,6.742,16.957,7.714,12.667,12.955,16.872,24.806,25.886,26.626,22.438,17.853,13.692,8.636,6.859,16.419,7.101,11.039,13.062,19.28,21.643,24.129,27.036,24.549,19.579,13.239,8.43,6.225,16.276,8.709,11.748,11.864,16.447,21.251,23.074,28.145,25.731,20.455,13.054,8.481,6.779,16.31,0.442,0.515,0.472,0.551,0.585,0.615,0.686,0.713,0.653,0.659,0.563,0.483,0.596,0.493,0.604,0.461,0.485,0.622,0.623,0.658,0.615,0.593,0.593,0.51,0.492,0.577,0.455,0.528,0.468,0.553,0.548,0.579,0.67,0.674,0.649,0.572,0.497,0.447,0.573,0.56,0.566,0.427,0.472,0.536,0.553,0.694,0.705,0.676,0.562,0.499,0.483,0.571,71.394,75.064,68.899,59.557,54.001,46.624,22.671,15.444,25.579,28.531,41.866,62.935,47.714,74.546,51.835,68.945,75.341,43.222,39.971,29.062,33.085,38.695,38.417,53.22,63.741,50.841,74.471,77.901,76.417,62.745,54.394,53.437,26.379,20.517,31.231,48.621,58.078,69.338,54.46,49.211,70.761,81.302,78.925,66.227,55.484,18.237,13.894,26.409,50.246,66.965,62.264,53.326,1.416,2.415,1.573,1.012,1.407,1.278,0.123,0.046,0.133,0.159,0.849,0.765,0.933,2.238,0.628,2.102,1.078,0.884,1.418,0.271,0.365,0.826,0.223,1.094,1.172,1.026,2.316,1.053,1.894,0.745,1.569,1.894,0.076,0.061,0.937,0.815,1.188,0.904,1.119,0.466,1.053,2.764,2.709,1.58,2.132,0.487,0.134,0.523,0.896,1.739,1.389,1.323
38.67,36.33,7.392,11.673,13.227,19.456,23.34,26.074,28.26,26.33,20.205,15.579,9.773,6.82,17.346,8.017,13.367,13.387,17.386,25.531,26.917,27.382,23.106,18.765,14.222,8.937,7.034,17.005,7.777,11.776,14.224,19.519,21.839,24.727,28.263,25.115,20.136,13.931,8.482,6.34,16.843,8.785,12.926,11.786,16.632,21.711,23.679,28.609,26.083,21.117,13.412,8.645,6.872,16.687,0.47,0.552,0.47,0.553,0.589,0.628,0.701,0.723,0.667,0.672,0.572,0.481,0.607,0.505,0.631,0.474,0.498,0.641,0.648,0.676,0.632,0.62,0.611,0.522,0.495,0.594,0.491,0.558,0.507,0.559,0.552,0.593,0.699,0.688,0.664,0.596,0.493,0.449,0.59,0.557,0.616,0.422,0.475,0.548,0.569,0.706,0.714,0.694,0.574,0.503,0.482,0.582,71.689,75.375,69.356,60.667,52.507,42.684,19.472,13.233,22.889,25.743,40.399,61.852,46.322,74.229,50.371,66.913,73.738,41.195,35.22,24.967,30.482,33.164,34.955,51.05,63.665,48.331,74.28,77.772,74.882,61.628,54.621,49.601,20.045,17.137,28.398,44.605,56.796,68.515,52.355,49.038,67.608,82.625,77.559,63.707,52.852,16.672,12.387,22.803,48.393,64.552,61.078,51.605,1.536,2.384,1.898,1.026,1.347,0.887,0.086,0.029,0.104,0.13,1.028,0.835,0.943,2.495,0.602,1.832,1.004,0.734,1.087,0.168,0.293,0.648,0.184,0.901,1.22,0.931,2.244,0.978,1.955,0.682,1.585,1.497,0.039,0.05,0.907,0.743,1.465,0.782,1.076,0.508,1.106,2.932,2.443,1.486,1.805,0.353,0.17,0.438,0.908,1.742,1.606,1.291
38.67,35.67,7.226,11.448,13.318,19.517,23.466,26.044,28.394,26.387,20.251,15.507,9.834,6.956,17.364,7.99,13.15,13.316,17.293,25.348,26.59,27.381,23.092,18.63,14.271,8.944,7.072,16.924,7.565,11.616,13.601,19.627,21.851,24.715,28.135,25.139,20.208,13.907,8.651,6.415,16.786,8.912,12.616,12.047,16.85,21.818,23.506,28.619,26.119,21.105,13.476,8.763,7.017,16.737,0.459,0.543,0.473,0.555,0.594,0.628,0.704,0.725,0.668,0.669,0.577,0.491,0.608,0.504,0.621,0.471,0.495,0.636,0.64,0.676,0.632,0.616,0.613,0.522,0.498,0.592,0.478,0.551,0.485,0.561,0.552,0.593,0.696,0.689,0.666,0.596,0.504,0.453,0.589,0.565,0.602,0.432,0.482,0.55,0.564,0.706,0.715,0.694,0.576,0.509,0.492,0.584,71.083,74.79,68.841,60.214,51.783,43.248,18.394,12.76,22.192,26.333,39.733,60.645,45.835,74.04,49.62,67.32,73.817,41.41,36.678,24.893,29.845,33.825,34.519,50.909,63.194,48.34,73.399,77.627,74.609,61.266,54.277,49.851,20.867,16.68,27.741,44.349,56.106,68.174,52.077,47.799,67.812,81.215,77.454,63.644,53.526,16.196,12.075,22.209,47.406,63.939,59.847,51.092,1.503,2.371,1.809,1.038,1.429,1.038,0.12,0.025,0.124,0.132,0.948,0.798,0.946,2.425,0.613,1.921,1.124,0.716,1.24,0.172,0.339,0.72,0.155,0.982,1.332,0.979,2.315,1.049,1.962,0.693,1.564,1.586,0.041,0.043,0.912,0.713,1.289,0.813,1.08,0.511,1.037,2.759,2.45,1.443,1.949,0.326,0.16,0.487,0.92,1.657,1.503,1.267
39.33,37.0,7.331,11.031,12.999,18.932,22.676,25.628,27.095,25.568,19.584,15.365,9.276,6.424,16.826,7.584,13.162,13.28,16.944,25.443,26.689,26.54,22.291,18.221,13.695,8.646,6.697,16.598,7.311,11.249,15.208,18.948,21.757,24.093,27.403,24.272,19.377,13.278,8.009,6.055,16.411,8.448,12.546,11.078,15.637,20.834,23.439,27.955,25.545,20.433,12.97,7.93,6.326,16.093,0.474,0.526,0.464,0.541,0.57,0.616,0.672,0.705,0.65,0.668,0.548,0.461,0.593,0.485,0.627,0.475,0.485,0.643,0.641,0.657,0.611,0.603,0.594,0.514,0.479,0.581,0.471,0.538,0.543,0.546,0.549,0.58,0.677,0.667,0.64,0.572,0.472,0.436,0.575,0.543,0.602,0.398,0.447,0.526,0.566,0.691,0.701,0.672,0.56,0.47,0.45,0.565,72.891,76.27,70.172,61.497,55.413,44.243,25.867,17.351,26.543,26.291,44.423,65.472,48.868,74.552,54.446,68.297,74.731,42.15,36.146,28.796,34.682,36.816,37.759,52.795,65.192,50.532,77.444,78.07,76.489,63.136,55.143,52.28,22.885,22.55,32.003,49.15,59.435,69.066,54.807,51.752,70.512,85.284,79.157,65.904,53.405,19.609,15.238,27.633,51.635,69.062,65.798,54.583,1.556,2.39,1.805,0.976,1.286,0.812,0.114,0.112,0.13,0.175,1.198,0.873,0.954,2.297,0.634,1.842,0.753,0.832,0.958,0.271,0.365,0.792,0.409,0.916,0.916,0.915,2.096,0.911,1.923,0.728,1.717,1.553,0.164,0.112,0.965,0.908,1.574,0.797,1.12,0.455,1.317,3.261,2.774,1.732,1.833,0.639,0.183,0.427,0.959,1.941,1.717,1.439
38.67,37.0,7.633,11.508,13.188,19.276,23.194,26.322,28.064,26.301,20.134,15.668,9.61,6.549,17.288,7.841,13.571,13.754,17.554,26.075,27.654,27.498,23.217,19.243,14.26,8.885,6.875,17.201,7.706,11.715,15.847,19.374,22.182,24.928,28.748,25.117,20.06,13.943,8.153,6.168,16.993,8.462,13.221,11.303,16.171,21.564,24.263,28.642,26.03,21.189,13.326,8.239,6.529,16.577,0.488,0.545,0.469,0.549,0.582,0.633,0.696,0.724,0.666,0.677,0.562,0.464,0.606,0.496,0.641,0.491,0.501,0.658,0.665,0.681,0.635,0.635,0.613,0.522,0.485,0.599,0.49,0.557,0.563,0.557,0.56,0.599,0.71,0.69,0.66,0.597,0.475,0.438,0.594,0.537,0.63,0.404,0.461,0.545,0.586,0.709,0.713,0.695,0.571,0.482,0.459,0.58,71.844,76.307,69.284,60.945,53.446,40.45,20.063,12.814,22.486,24.198,41.956,63.955,46.477,74.054,52.326,65.802,72.594,40.069,31.764,23.203,29.958,30.68,34.033,51.226,64.407,47.512,76.441,77.156,74.629,61.373,53.952,47.339,15.958,16.737,27.951,44.841,57.834,68.672,51.908,51.993,67.256,84.761,77.706,63.152,49.916,16.181,12.239,22.225,49.473,65.912,63.747,52.047,1.644,2.299,2.052,1.037,1.262,0.666,0.075,0.051,0.091,0.134,1.275,0.935,0.962,2.493,0.564,1.738,0.777,0.663,0.817,0.166,0.262,0.575,0.284,0.798,1.041,0.847,2.122,0.914,1.954,0.662,1.74,1.288,0.068,0.063,0.831,0.731,1.744,0.723,1.07,0.521,1.252,3.53,2.506,1.601,1.559,0.385,0.187,0.349,0.86,2.024,1.898,1.392
39.0,37.33,7.623,11.397,13.155,19.083,22.97,26.124,27.921,26.138,20.013,15.578,9.513,6.45,17.164,7.743,13.583,13.642,17.285,25.94,27.515,27.316,23.001,19.04,14.072,8.77,6.739,17.052,7.627,11.591,16.239,19.118,22.066,24.709,28.561,24.972,19.846,13.761,8.044,6.05,16.88,8.419,13.177,11.124,15.777,21.251,24.113,28.46,25.948,21.063,13.184,7.98,6.375,16.404,0.491,0.542,0.469,0.545,0.577,0.628,0.693,0.721,0.663,0.676,0.559,0.461,0.604,0.492,0.644,0.489,0.493,0.656,0.662,0.677,0.63,0.629,0.608,0.519,0.479,0.595,0.489,0.553,0.579,0.551,0.557,0.594,0.705,0.686,0.654,0.591,0.471,0.433,0.59,0.537,0.63,0.398,0.45,0.537,0.583,0.704,0.711,0.691,0.567,0.471,0.451,0.575,72.093,76.263,69.842,61.247,54.515,41.666,21.032,13.7,23.012,24.589,42.444,65.307,47.141,74.405,53.105,67.003,73.659,40.783,32.58,24.311,30.892,31.967,34.773,51.761,65.408,48.39,77.345,77.813,75.214,62.428,54.779,48.8,16.954,17.726,29.226,46.277,58.354,69.335,52.857,51.871,68.799,85.693,78.69,64.437,50.906,17.042,12.477,23.088,50.369,68.262,65.317,53.08,1.532,2.291,1.938,0.995,1.266,0.673,0.082,0.061,0.096,0.151,1.201,0.909,0.935,2.288,0.564,1.75,0.733,0.698,0.844,0.186,0.27,0.609,0.322,0.798,0.886,0.828,1.969,0.89,1.832,0.648,1.813,1.345,0.087,0.065,0.861,0.762,1.639,0.706,1.051,0.465,1.24,3.556,2.605,1.719,1.613,0.441,0.187,0.341,0.863,1.961,1.848,1.406
39.0,36.67,7.523,11.473,13.123,19.202,23.039,25.997,28.032,26.151,20.019,15.564,9.587,6.497,17.185,7.762,13.549,13.475,17.218,25.762,27.312,27.311,22.996,18.887,14.016,8.782,6.847,16.991,7.743,11.693,16.019,19.138,21.961,24.662,28.404,25.024,19.857,13.771,8.127,6.051,16.869,8.511,13.135,11.266,15.953,21.288,23.948,28.436,25.976,21.043,13.192,8.108,6.47,16.442,0.484,0.545,0.468,0.548,0.579,0.626,0.696,0.721,0.663,0.675,0.563,0.464,0.604,0.493,0.643,0.482,0.491,0.651,0.657,0.676,0.629,0.625,0.605,0.519,0.486,0.593,0.496,0.557,0.572,0.551,0.555,0.593,0.702,0.687,0.655,0.591,0.475,0.432,0.59,0.543,0.629,0.404,0.455,0.538,0.579,0.703,0.713,0.691,0.568,0.478,0.457,0.576,71.71,76.147,69.599,60.837,54.451,42.548,20.539,13.686,23.4,24.978,41.726,65.103,47.059,74.515,51.926,67.022,74.18,41.354,33.312,24.689,30.982,32.874,35.316,51.87,64.963,48.586,76.649,78.377,75.193,62.557,55.135,49.528,18.29,17.436,29.833,46.285,58.086,69.662,53.088,51.021,68.827,85.015,78.613,64.765,51.75,17.409,12.619,23.697,50.402,68.086,64.52,53.061,1.471,2.352,1.871,0.973,1.26,0.726,0.076,0.048,0.092,0.153,1.092,0.87,0.918,2.321,0.577,1.771,0.805,0.768,0.946,0.184,0.265,0.616,0.268,0.817,0.896,0.853,1.979,0.871,1.816,0.669,1.74,1.441,0.066,0.056,0.917,0.787,1.556,0.729,1.051,0.456,1.181,3.264,2.579,1.641,1.729,0.434,0.177,0.372,0.877,1.839,1.708,1.357
39.33,37.33,7.326,10.949,13.002,18.762,22.546,25.614,26.761,25.378,19.488,15.323,9.161,6.419,16.727,7.576,13.019,13.309,16.931,25.445,26.572,26.315,22.083,18.094,13.668,8.628,6.59,16.519,7.093,11.059,14.786,18.913,21.709,23.962,27.199,24.006,19.254,13.167,7.965,6.113,16.267,8.391,12.413,10.991,15.476,20.736,23.351,27.837,25.405,20.284,12.93,7.866,6.269,15.993,0.474,0.524,0.464,0.536,0.566,0.615,0.663,0.7,0.647,0.667,0.543,0.461,0.59,0.485,0.621,0.476,0.485,0.642,0.639,0.651,0.606,0.599,0.593,0.514,0.472,0.579,0.456,0.529,0.528,0.545,0.548,0.576,0.672,0.66,0.637,0.568,0.471,0.44,0.571,0.541,0.596,0.394,0.443,0.524,0.563,0.688,0.696,0.668,0.558,0.466,0.447,0.562,73.493,76.102,70.589,62.084,55.404,44.081,27.608,18.486,26.997,26.421,45.403,65.169,49.319,74.494,55.759,68.714,74.412,41.899,36.774,29.794,35.681,37.264,37.928,52.614,65.391,50.896,77.777,77.376,76.834,63.185,54.98,52.595,23.57,24.22,32.046,49.538,59.739,68.35,55.019,52.346,70.631,85.571,79.166,65.753,53.501,19.96,15.797,28.067,51.601,68.834,66.15,54.781,1.651,2.367,1.864,1.005,1.322,0.806,0.145,0.157,0.162,0.187,1.349,0.91,0.995,2.286,0.661,1.849,0.716,0.791,0.887,0.305,0.434,0.876,0.512,0.943,0.957,0.934,2.148,0.94,2.009,0.731,1.762,1.488,0.23,0.147,0.963,0.95,1.642,0.812,1.152,0.473,1.415,3.472,2.834,1.806,1.785,0.711,0.2,0.449,1.013,2.072,1.826,1.507
39.33,36.67,7.198,10.969,12.985,18.956,22.652,25.505,26.959,25.484,19.499,15.302,9.244,6.465,16.769,7.602,13.025,13.15,16.888,25.239,26.409,26.343,22.139,17.977,13.603,8.628,6.709,16.476,7.223,11.162,14.538,18.963,21.627,23.961,27.041,24.143,19.293,13.175,8.061,6.103,16.272,8.484,12.335,11.184,15.733,20.807,23.229,27.864,25.472,20.286,12.936,8.03,6.392,16.06,0.465,0.524,0.463,0.541,0.57,0.614,0.668,0.702,0.647,0.666,0.547,0.464,0.591,0.486,0.621,0.47,0.484,0.636,0.635,0.652,0.607,0.596,0.59,0.513,0.48,0.577,0.464,0.534,0.519,0.546,0.546,0.576,0.669,0.663,0.638,0.568,0.475,0.439,0.571,0.546,0.593,0.402,0.45,0.525,0.56,0.689,0.699,0.668,0.559,0.475,0.455,0.563,73.001,76.157,70.285,61.454,55.412,45.218,26.88,18.095,27.461,26.988,44.623,65.134,49.225,74.686,54.439,68.678,75.037,42.586,37.446,30.231,35.69,38.227,38.748,53.012,65.031,51.153,77.042,78.049,76.977,63.325,55.188,53.3,25.108,23.641,32.702,49.767,59.551,68.981,55.304,51.551,70.842,84.703,79.239,66.3,54.353,20.142,15.777,28.712,51.777,68.783,65.31,54.79,1.553,2.415,1.766,0.975,1.293,0.872,0.113,0.11,0.132,0.174,1.155,0.856,0.953,2.317,0.641,1.869,0.783,0.88,1.017,0.283,0.373,0.814,0.402,0.949,0.942,0.94,2.15,0.921,1.945,0.753,1.668,1.628,0.162,0.114,0.983,0.93,1.546,0.822,1.134,0.454,1.307,3.126,2.801,1.709,1.902,0.664,0.177,0.446,0.968,1.914,1.66,1.429
38.67,37.33,7.623,11.4,13.223,19.202,23.159,26.44,27.892,26.261,20.11,15.663,9.532,6.546,17.254,7.835,13.477,13.873,17.666,26.185,27.732,27.412,23.181,19.3,14.315,8.893,6.778,17.22,7.459,11.564,15.491,19.431,22.243,24.975,28.724,25.007,20.036,13.923,8.124,6.24,16.933,8.361,13.13,11.271,16.137,21.596,24.364,28.652,25.976,21.158,13.336,8.226,6.505,16.557,0.487,0.54,0.469,0.547,0.582,0.636,0.691,0.723,0.665,0.677,0.558,0.463,0.605,0.495,0.636,0.495,0.504,0.661,0.667,0.679,0.635,0.636,0.615,0.522,0.478,0.6,0.474,0.55,0.55,0.558,0.561,0.6,0.708,0.687,0.659,0.596,0.474,0.442,0.592,0.531,0.625,0.402,0.46,0.546,0.588,0.708,0.711,0.695,0.571,0.48,0.456,0.58,72.092,76.322,69.51,61.331,53.207,39.777,20.976,13.077,22.45,24.117,42.67,63.702,46.602,74.148,53.431,65.745,71.891,39.505,31.542,23.392,30.306,30.204,33.842,50.991,64.619,47.47,76.742,76.241,74.84,61.117,53.363,46.718,15.702,17.525,27.452,44.786,57.998,68.051,51.712,53.222,66.965,84.856,77.618,62.655,49.272,15.882,12.281,21.888,49.313,65.315,63.882,51.929,1.749,2.239,2.142,1.076,1.27,0.631,0.081,0.064,0.097,0.128,1.415,0.988,0.991,2.515,0.549,1.724,0.717,0.599,0.723,0.169,0.272,0.57,0.339,0.793,1.067,0.835,2.169,0.94,2.018,0.663,1.792,1.197,0.089,0.073,0.77,0.71,1.867,0.712,1.084,0.545,1.324,3.823,2.541,1.644,1.453,0.393,0.197,0.325,0.845,2.194,2.058,1.447
38.67,36.67,7.584,11.583,13.181,19.314,23.211,26.253,28.015,26.262,20.129,15.653,9.632,6.623,17.288,7.913,13.508,13.665,17.55,25.937,27.444,27.405,23.141,19.089,14.247,8.912,6.923,17.144,7.724,11.729,15.257,19.427,22.061,24.846,28.551,25.05,20.062,13.932,8.235,6.24,16.925,8.534,13.144,11.413,16.297,21.599,24.083,28.61,26.007,21.129,13.349,8.369,6.621,16.594,0.484,0.548,0.468,0.55,0.584,0.632,0.694,0.723,0.665,0.676,0.564,0.468,0.605,0.499,0.638,0.486,0.501,0.654,0.66,0.678,0.633,0.63,0.612,0.522,0.487,0.598,0.49,0.557,0.542,0.558,0.557,0.597,0.705,0.687,0.66,0.596,0.479,0.442,0.592,0.541,0.626,0.408,0.465,0.546,0.581,0.707,0.712,0.693,0.572,0.488,0.464,0.58,72.007,76.117,69.434,61.055,53.167,40.952,20.53,13.293,22.919,24.585,41.816,63.231,46.591,74.096,52.024,66.043,72.765,40.29,32.739,24.055,30.502,31.444,34.465,51.11,64.148,47.809,75.866,77.129,74.82,61.395,54.107,47.995,17.386,17.36,28.149,44.786,57.66,68.382,52.087,51.441,67.176,84.264,77.572,63.176,50.712,16.499,12.573,22.693,49.206,65.233,62.971,51.959,1.658,2.334,2.048,1.044,1.281,0.706,0.079,0.055,0.099,0.133,1.255,0.921,0.97,2.544,0.582,1.752,0.83,0.684,0.856,0.172,0.281,0.604,0.277,0.824,1.113,0.876,2.192,0.928,2.0,0.674,1.687,1.32,0.072,0.069,0.857,0.753,1.722,0.745,1.084,0.53,1.246,3.395,2.49,1.565,1.603,0.395,0.188,0.378,0.892,1.987,1.851,1.378
39.33,38.0,7.638,11.046,13.165,18.306,22.311,26.024,26.595,25.367,19.638,15.363,9.005,6.476,16.742,7.741,13.056,13.803,17.228,25.881,27.07,26.268,22.1,18.485,13.89,8.649,6.273,16.705,6.777,10.935,14.415,18.938,21.75,24.164,27.679,23.957,19.336,13.287,7.869,6.271,16.281,8.269,12.635,10.783,15.031,20.779,23.699,27.943,25.383,20.473,12.968,7.674,6.153,15.979,0.492,0.531,0.47,0.524,0.561,0.623,0.658,0.7,0.651,0.67,0.534,0.464,0.591,0.498,0.621,0.494,0.492,0.655,0.651,0.651,0.609,0.612,0.603,0.515,0.448,0.588,0.435,0.525,0.513,0.546,0.549,0.581,0.682,0.66,0.64,0.576,0.468,0.452,0.571,0.534,0.606,0.383,0.43,0.525,0.57,0.69,0.693,0.676,0.56,0.452,0.439,0.563,74.597,75.785,72.583,64.468,55.344,42.201,28.888,18.97,25.194,25.827,46.826,65.163,49.655,74.669,59.263,69.943,73.04,40.359,35.516,29.857,36.078,34.309,36.432,51.687,66.845,50.668,78.842,75.109,77.541,63.572,54.998,50.628,20.973,24.942,29.983,48.786,59.981,67.064,54.368,54.248,69.784,87.346,79.443,64.763,52.017,19.057,15.028,25.107,51.113,68.821,67.673,54.532,1.808,2.133,2.16,1.144,1.46,0.651,0.196,0.216,0.215,0.193,1.713,1.039,1.076,2.092,0.629,1.766,0.58,0.523,0.568,0.301,0.51,0.902,0.751,0.892,0.978,0.873,2.055,0.995,2.119,0.669,2.037,1.1,0.312,0.18,0.814,0.901,1.818,0.723,1.145,0.51,1.568,4.418,2.925,2.111,1.387,0.69,0.251,0.378,1.026,2.455,2.233,1.665
38.67,38.0,7.767,11.14,13.332,18.773,22.854,26.778,27.572,26.198,20.139,15.637,9.285,6.556,17.167,7.842,13.396,14.268,17.901,26.535,28.172,27.208,23.092,19.572,14.429,8.841,6.394,17.306,6.867,11.244,14.932,19.441,22.313,25.173,28.898,24.86,19.993,13.897,7.986,6.382,16.832,8.151,13.062,11.052,15.703,21.546,24.724,28.686,25.898,21.215,13.305,7.981,6.354,16.47,0.496,0.532,0.473,0.536,0.575,0.642,0.682,0.722,0.666,0.677,0.545,0.464,0.604,0.499,0.632,0.509,0.51,0.67,0.678,0.674,0.635,0.645,0.621,0.52,0.45,0.606,0.436,0.536,0.529,0.559,0.562,0.604,0.712,0.684,0.658,0.597,0.47,0.454,0.589,0.52,0.622,0.39,0.448,0.545,0.594,0.707,0.706,0.699,0.57,0.465,0.447,0.578,72.935,76.305,71.407,63.491,53.5,38.526,23.171,13.782,21.526,23.99,44.56,64.192,47.284,74.695,57.298,67.142,70.715,38.094,30.299,24.199,31.411,28.168,33.35,50.592,66.323,47.692,78.091,73.884,75.996,61.637,52.888,44.974,14.342,19.12,26.076,45.131,58.515,66.789,51.453,55.981,66.855,86.443,78.279,62.125,47.646,15.171,11.842,19.829,49.489,65.995,65.818,52.121,1.891,1.983,2.386,1.215,1.357,0.476,0.093,0.082,0.109,0.118,1.703,1.126,1.044,2.292,0.464,1.647,0.509,0.373,0.424,0.147,0.269,0.506,0.539,0.744,0.985,0.74,2.058,0.987,2.08,0.631,2.076,0.889,0.123,0.077,0.56,0.615,2.092,0.607,1.068,0.563,1.465,4.822,2.712,1.938,1.068,0.37,0.228,0.196,0.758,2.616,2.479,1.603
39.0,38.33,7.934,11.3,13.317,18.471,22.514,26.55,27.365,26.007,20.054,15.543,9.174,6.546,17.062,7.931,13.476,14.178,17.591,26.324,27.959,26.917,22.794,19.306,14.241,8.738,6.259,17.144,6.993,11.24,14.888,19.158,21.984,24.845,28.696,24.668,19.808,13.714,7.92,6.322,16.686,8.279,13.113,10.854,15.206,21.18,24.381,28.489,25.807,21.094,13.153,7.767,6.249,16.294,0.508,0.542,0.474,0.528,0.566,0.636,0.677,0.718,0.664,0.676,0.542,0.466,0.602,0.508,0.638,0.507,0.501,0.666,0.673,0.668,0.628,0.638,0.616,0.518,0.444,0.603,0.447,0.538,0.528,0.552,0.554,0.597,0.707,0.68,0.654,0.592,0.47,0.453,0.584,0.532,0.627,0.384,0.434,0.535,0.586,0.702,0.704,0.696,0.566,0.455,0.443,0.574,73.836,76.039,72.976,64.745,54.72,40.15,25.1,15.538,22.195,24.757,45.353,65.308,48.395,74.783,59.084,69.351,72.186,39.016,32.089,26.615,33.185,29.719,34.314,51.094,67.505,49.08,78.635,74.478,77.077,63.28,54.598,47.18,16.117,20.921,27.183,46.652,59.103,67.273,52.708,54.596,68.366,87.749,79.508,63.78,49.637,16.421,12.326,20.69,50.382,68.357,67.494,53.274,1.74,1.962,2.308,1.2,1.432,0.501,0.109,0.1,0.131,0.134,1.583,1.076,1.021,2.037,0.477,1.657,0.51,0.377,0.437,0.165,0.302,0.575,0.613,0.763,0.908,0.733,1.911,0.998,1.996,0.59,2.141,0.926,0.15,0.089,0.587,0.656,1.903,0.584,1.047,0.508,1.438,4.786,2.806,2.143,1.083,0.427,0.237,0.197,0.803,2.482,2.385,1.61
39.0,37.67,7.841,11.341,13.313,18.63,22.677,26.481,27.504,26.058,20.037,15.557,9.262,6.483,17.096,7.889,13.557,14.029,17.524,26.257,27.839,27.065,22.865,19.254,14.22,8.758,6.309,17.132,7.106,11.252,15.267,19.135,22.078,24.791,28.693,24.708,19.798,13.727,7.934,6.253,16.728,8.26,13.161,10.9,15.328,21.232,24.35,28.509,25.854,21.088,13.175,7.802,6.261,16.323,0.503,0.543,0.474,0.533,0.57,0.635,0.681,0.719,0.663,0.676,0.546,0.462,0.603,0.505,0.642,0.502,0.499,0.664,0.67,0.671,0.63,0.636,0.614,0.519,0.447,0.601,0.454,0.538,0.542,0.551,0.557,0.595,0.706,0.681,0.654,0.592,0.47,0.448,0.585,0.53,0.63,0.386,0.438,0.537,0.585,0.704,0.705,0.696,0.567,0.457,0.443,0.575,73.952,76.129,72.03,63.688,54.339,40.246,24.119,14.961,22.331,24.564,44.595,64.94,47.993,74.727,57.637,68.463,72.417,39.238,32.31,25.717,32.389,30.271,34.154,50.987,67.319,48.805,78.694,75.564,76.501,62.872,54.327,47.688,16.035,20.413,27.611,46.474,58.96,67.73,52.74,54.025,68.821,87.373,79.225,63.741,49.947,16.333,12.12,21.183,50.099,68.113,66.811,53.148,1.696,2.045,2.193,1.116,1.354,0.533,0.098,0.09,0.116,0.138,1.495,1.028,0.99,2.105,0.496,1.672,0.548,0.453,0.524,0.172,0.283,0.572,0.514,0.75,0.88,0.746,1.915,0.969,1.902,0.574,2.063,1.02,0.136,0.085,0.651,0.665,1.855,0.612,1.04,0.489,1.394,4.511,2.714,2.023,1.204,0.429,0.223,0.227,0.812,2.334,2.28,1.555
39.33,38.33,7.627,10.947,13.11,18.181,22.157,25.938,26.324,25.166,19.562,15.318,8.913,6.531,16.646,7.717,12.867,13.86,17.238,25.829,26.955,25.985,21.888,18.33,13.824,8.625,6.313,16.62,6.689,10.947,14.063,18.944,21.62,24.056,27.433,23.794,19.262,13.2,7.866,6.309,16.182,8.311,12.483,10.773,14.976,20.666,23.548,27.783,25.237,20.329,12.916,7.662,6.147,15.9,0.492,0.527,0.468,0.521,0.557,0.622,0.652,0.694,0.649,0.669,0.529,0.468,0.587,0.496,0.613,0.496,0.493,0.653,0.648,0.644,0.603,0.607,0.601,0.514,0.452,0.585,0.43,0.525,0.501,0.545,0.545,0.578,0.677,0.655,0.637,0.573,0.468,0.455,0.569,0.537,0.599,0.383,0.429,0.521,0.566,0.686,0.69,0.67,0.557,0.452,0.44,0.559,74.355,75.761,73.153,65.213,55.94,42.764,30.492,20.337,25.946,26.311,47.795,65.651,50.31,74.735,60.162,70.692,73.047,40.712,36.085,31.436,37.513,35.052,37.246,52.129,66.496,51.276,78.638,74.384,78.088,63.906,55.428,50.95,22.393,26.071,30.446,49.416,60.342,66.846,54.742,54.744,69.439,87.354,79.544,65.041,52.329,19.975,16.141,26.036,51.683,69.093,68.201,54.964,1.864,2.12,2.224,1.21,1.545,0.673,0.231,0.254,0.254,0.207,1.824,1.066,1.122,2.083,0.659,1.786,0.592,0.509,0.551,0.331,0.587,0.997,0.867,0.943,1.045,0.911,2.105,1.009,2.258,0.728,2.047,1.078,0.36,0.205,0.835,0.969,1.825,0.743,1.181,0.535,1.625,4.475,3.035,2.171,1.388,0.748,0.266,0.411,1.083,2.575,2.249,1.715
39.33,37.67,7.496,10.928,13.078,18.393,22.329,25.838,26.452,25.232,19.515,15.325,8.999,6.45,16.668,7.634,12.94,13.625,17.114,25.724,26.812,26.142,21.963,18.25,13.777,8.629,6.364,16.582,6.783,10.914,14.427,18.914,21.723,24.015,27.359,23.821,19.228,13.178,7.877,6.228,16.205,8.291,12.463,10.814,15.132,20.703,23.514,27.809,25.296,20.301,12.926,7.705,6.162,15.923,0.484,0.525,0.467,0.526,0.561,0.619,0.655,0.696,0.648,0.668,0.534,0.462,0.588,0.491,0.617,0.488,0.489,0.65,0.645,0.647,0.604,0.604,0.598,0.514,0.456,0.583,0.436,0.523,0.514,0.545,0.548,0.577,0.675,0.656,0.636,0.57,0.468,0.449,0.569,0.535,0.598,0.385,0.433,0.523,0.566,0.687,0.692,0.669,0.558,0.455,0.44,0.56,74.374,75.908,71.962,63.859,55.475,42.899,29.445,19.566,26.303,26.146,46.879,65.177,49.833,74.597,58.541,69.625,73.384,40.893,36.223,30.413,36.59,35.815,37.229,52.052,66.227,50.967,78.612,75.655,77.415,63.425,54.94,51.504,22.442,25.605,30.964,49.375,60.107,67.237,54.773,53.948,70.086,86.807,79.265,65.056,52.554,19.788,15.877,26.744,51.465,68.815,67.362,54.813,1.801,2.218,2.079,1.112,1.43,0.707,0.199,0.223,0.216,0.201,1.67,1.011,1.072,2.169,0.663,1.805,0.616,0.611,0.659,0.325,0.528,0.952,0.725,0.931,0.99,0.913,2.115,0.98,2.138,0.71,1.951,1.219,0.322,0.188,0.884,0.958,1.785,0.771,1.17,0.508,1.567,4.143,2.935,2.021,1.531,0.745,0.241,0.425,1.058,2.387,2.12,1.643
38.67,38.33,7.746,10.961,13.28,18.72,22.774,26.802,27.427,26.121,20.12,15.627,9.223,6.624,17.116,7.791,13.223,14.347,17.992,26.575,28.233,27.077,23.021,19.576,14.43,8.827,6.447,17.296,6.749,11.235,14.631,19.525,22.286,25.256,28.798,24.824,20.006,13.877,7.994,6.438,16.802,8.171,12.903,11.079,15.761,21.542,24.76,28.636,25.827,21.166,13.294,8.008,6.373,16.458,0.494,0.523,0.471,0.535,0.573,0.643,0.679,0.719,0.665,0.676,0.541,0.468,0.601,0.495,0.624,0.511,0.513,0.671,0.679,0.671,0.633,0.644,0.622,0.519,0.454,0.606,0.429,0.535,0.518,0.561,0.561,0.607,0.71,0.683,0.658,0.597,0.47,0.457,0.588,0.521,0.614,0.391,0.449,0.544,0.596,0.705,0.705,0.696,0.569,0.466,0.448,0.577,72.367,76.319,71.635,63.946,53.733,38.436,23.753,14.166,21.697,24.137,45.069,64.292,47.463,74.588,57.721,67.38,70.299,37.901,29.75,24.693,31.939,27.888,33.72,50.824,65.732,47.703,77.66,72.868,76.192,61.592,52.755,44.201,14.671,19.234,25.852,45.229,58.515,66.251,51.251,56.534,66.095,86.214,78.104,61.895,46.969,15.359,12.41,19.897,49.77,65.788,65.966,52.083,1.965,1.951,2.486,1.301,1.417,0.469,0.106,0.095,0.124,0.119,1.801,1.173,1.083,2.309,0.465,1.653,0.496,0.344,0.387,0.151,0.3,0.529,0.622,0.779,1.036,0.755,2.112,1.002,2.219,0.687,2.1,0.847,0.14,0.084,0.534,0.638,2.158,0.611,1.096,0.595,1.516,4.956,2.798,1.966,1.025,0.387,0.237,0.198,0.763,2.763,2.529,1.647
38.67,37.67,7.689,11.147,13.287,18.905,22.96,26.705,27.595,26.179,20.109,15.648,9.339,6.551,17.174,7.8,13.351,14.181,17.886,26.48,28.061,27.24,23.106,19.501,14.409,8.865,6.519,17.284,6.971,11.318,15.064,19.477,22.344,25.141,28.818,24.864,19.999,13.902,8.018,6.354,16.855,8.185,13.029,11.122,15.878,21.591,24.658,28.662,25.887,21.169,13.32,8.065,6.396,16.494,0.491,0.531,0.471,0.54,0.577,0.641,0.683,0.721,0.665,0.677,0.547,0.463,0.603,0.495,0.63,0.506,0.51,0.669,0.675,0.675,0.634,0.642,0.62,0.521,0.459,0.604,0.443,0.539,0.534,0.56,0.563,0.603,0.71,0.684,0.658,0.597,0.47,0.451,0.59,0.521,0.62,0.394,0.453,0.546,0.594,0.707,0.707,0.696,0.57,0.47,0.449,0.578,72.592,76.389,70.667,62.809,53.324,38.619,22.764,13.694,21.93,23.964,44.224,63.981,47.08,74.497,56.255,66.433,70.714,38.344,30.423,23.881,31.157,28.679,33.484,50.687,65.559,47.511,77.692,74.308,75.568,61.231,52.736,45.132,14.665,18.8,26.405,44.975,58.419,66.975,51.409,55.647,66.582,85.841,77.85,61.989,47.726,15.382,12.2,20.581,49.466,65.441,65.173,51.989,1.897,2.056,2.347,1.19,1.331,0.515,0.097,0.087,0.112,0.123,1.684,1.105,1.045,2.399,0.496,1.672,0.561,0.431,0.494,0.161,0.286,0.541,0.502,0.765,1.029,0.777,2.122,0.973,2.108,0.658,1.992,0.96,0.127,0.083,0.621,0.654,2.073,0.648,1.087,0.573,1.455,4.577,2.674,1.834,1.172,0.39,0.222,0.242,0.792,2.556,2.389,1.575
39.33,39.0,8.03,11.028,13.177,17.937,21.819,26.138,26.23,25.13,19.74,15.342,8.781,6.772,16.676,7.914,12.782,14.537,17.702,26.042,27.561,25.713,21.922,18.693,13.857,8.617,6.489,16.817,7.048,11.523,14.056,19.115,21.342,24.423,27.681,24.091,19.469,13.34,7.932,6.437,16.373,8.572,12.651,10.732,14.925,20.582,23.733,27.777,25.167,20.441,12.919,7.663,6.261,15.952,0.518,0.53,0.471,0.515,0.551,0.628,0.65,0.693,0.654,0.671,0.521,0.484,0.587,0.508,0.609,0.517,0.506,0.659,0.663,0.638,0.604,0.619,0.605,0.512,0.463,0.594,0.453,0.553,0.502,0.548,0.535,0.589,0.686,0.663,0.643,0.581,0.472,0.464,0.576,0.551,0.607,0.383,0.426,0.518,0.572,0.684,0.69,0.672,0.557,0.45,0.449,0.56,72.635,76.367,75.878,68.275,57.843,43.287,32.044,21.876,25.512,27.196,49.537,67.69,51.511,74.651,63.213,72.979,72.9,41.025,34.25,34.249,39.593,32.898,38.325,53.191,66.596,51.986,77.564,72.0,79.431,65.697,57.201,48.686,22.182,25.523,29.261,49.725,60.598,66.864,54.56,55.814,67.495,88.357,80.509,65.834,51.302,20.683,17.393,25.071,53.153,70.561,70.423,55.55,1.88,1.963,2.719,1.614,1.921,0.575,0.239,0.223,0.275,0.175,1.851,1.124,1.214,2.011,0.641,1.851,0.578,0.331,0.393,0.254,0.54,0.914,1.133,1.002,1.2,0.904,2.133,1.103,2.685,0.854,2.235,0.92,0.28,0.156,0.654,0.9,1.825,0.6,1.194,0.663,1.758,4.89,3.391,2.505,1.09,0.63,0.289,0.287,1.018,3.076,2.439,1.838
38.67,39.0,8.073,10.843,13.245,18.357,22.342,26.878,27.136,25.95,20.185,15.604,9.033,6.869,17.041,7.912,12.954,14.81,18.273,26.653,28.675,26.693,22.87,19.742,14.347,8.759,6.597,17.355,7.025,11.6,14.308,19.601,21.943,25.539,28.783,24.942,20.07,13.86,8.037,6.574,16.858,8.508,12.818,10.952,15.563,21.328,24.838,28.51,25.676,21.125,13.209,7.943,6.434,16.408,0.515,0.517,0.471,0.525,0.564,0.647,0.673,0.714,0.667,0.677,0.531,0.485,0.598,0.502,0.613,0.525,0.521,0.674,0.69,0.663,0.63,0.65,0.622,0.515,0.465,0.61,0.447,0.552,0.509,0.561,0.55,0.615,0.712,0.685,0.66,0.599,0.473,0.467,0.591,0.541,0.611,0.388,0.443,0.536,0.599,0.701,0.703,0.692,0.566,0.461,0.455,0.573,70.811,76.57,74.162,66.777,55.577,39.215,25.91,16.089,21.623,25.069,46.589,65.457,48.654,73.758,60.709,69.977,70.34,38.097,28.094,27.825,34.202,26.441,35.17,51.79,65.313,48.473,76.327,70.423,77.566,63.524,54.327,42.366,15.231,19.183,25.027,46.12,58.487,65.136,51.142,55.653,64.573,87.23,79.023,62.752,45.941,16.375,13.88,19.537,51.267,67.454,68.086,52.648,1.989,1.868,2.987,1.74,1.803,0.403,0.13,0.094,0.157,0.103,1.809,1.222,1.192,2.173,0.501,1.754,0.468,0.215,0.26,0.113,0.315,0.522,0.937,0.891,1.155,0.775,2.147,1.112,2.696,0.812,2.298,0.73,0.119,0.065,0.397,0.653,2.136,0.507,1.139,0.723,1.713,5.28,3.179,2.305,0.796,0.369,0.254,0.138,0.764,3.211,2.641,1.783
39.0,39.33,8.321,11.203,13.332,18.116,22.008,26.621,26.91,25.73,20.106,15.529,8.942,6.877,16.974,8.079,12.998,14.976,18.063,26.432,28.495,26.344,22.597,19.491,14.126,8.685,6.623,17.239,7.406,11.879,14.559,19.335,21.509,25.23,28.585,24.803,19.91,13.712,8.02,6.497,16.788,8.702,12.996,10.765,15.126,20.901,24.447,28.3,25.565,20.988,13.065,7.8,6.405,16.255,0.534,0.536,0.476,0.52,0.556,0.641,0.668,0.709,0.665,0.678,0.528,0.488,0.597,0.515,0.617,0.531,0.516,0.669,0.686,0.654,0.624,0.644,0.615,0.513,0.47,0.607,0.473,0.568,0.519,0.554,0.539,0.609,0.708,0.682,0.656,0.595,0.475,0.464,0.59,0.556,0.621,0.383,0.431,0.525,0.589,0.697,0.701,0.688,0.562,0.455,0.457,0.569,71.018,76.645,75.958,68.257,57.17,41.145,27.977,18.409,22.679,26.065,47.57,67.397,50.024,73.861,62.877,72.052,72.012,39.516,30.03,31.052,36.576,28.097,36.456,52.586,66.29,50.114,76.466,71.002,78.728,65.538,56.641,44.548,17.22,20.962,26.226,47.575,59.171,66.33,52.532,54.698,65.572,88.378,80.497,64.855,48.264,17.957,14.85,20.901,52.623,69.884,70.015,54.042,1.851,1.894,3.038,1.809,1.973,0.439,0.151,0.106,0.186,0.112,1.677,1.165,1.2,2.089,0.555,1.855,0.515,0.223,0.288,0.122,0.343,0.598,1.055,0.959,1.21,0.817,2.152,1.167,2.822,0.838,2.346,0.8,0.128,0.07,0.43,0.702,1.942,0.478,1.155,0.743,1.784,5.197,3.404,2.571,0.837,0.42,0.267,0.132,0.828,3.245,2.615,1.839
39.0,38.67,8.216,11.201,13.204,18.166,22.03,26.551,27.025,25.798,20.093,15.512,8.98,6.795,16.963,8.003,13.105,14.591,17.758,26.376,28.3,26.433,22.599,19.392,14.17,8.67,6.474,17.153,7.121,11.619,14.32,19.255,21.547,25.061,28.585,24.729,19.881,13.687,7.956,6.451,16.686,8.564,12.952,10.783,15.069,20.925,24.34,28.327,25.638,21.053,13.058,7.76,6.313,16.232,0.527,0.536,0.471,0.521,0.556,0.638,0.671,0.712,0.664,0.677,0.53,0.483,0.597,0.511,0.622,0.518,0.507,0.668,0.681,0.657,0.624,0.641,0.616,0.513,0.459,0.605,0.456,0.556,0.511,0.552,0.54,0.604,0.708,0.681,0.655,0.594,0.471,0.462,0.586,0.548,0.619,0.383,0.429,0.526,0.587,0.697,0.702,0.691,0.562,0.453,0.449,0.569,71.389,76.081,75.369,67.518,56.813,40.958,27.284,17.503,22.482,25.754,47.149,67.43,49.644,74.408,62.062,71.947,72.22,39.487,30.915,29.838,35.752,28.629,35.831,52.364,66.531,49.996,77.002,71.604,78.461,64.963,56.361,45.536,17.152,20.958,26.633,47.421,59.241,66.601,52.659,55.064,66.108,88.139,80.36,64.691,48.802,17.677,14.048,20.614,52.216,69.672,69.539,53.911,1.796,1.84,2.721,1.565,1.77,0.461,0.137,0.11,0.177,0.122,1.677,1.17,1.129,1.949,0.48,1.715,0.5,0.25,0.316,0.135,0.348,0.6,0.923,0.882,1.071,0.763,1.982,1.085,2.469,0.752,2.284,0.809,0.146,0.08,0.467,0.696,1.922,0.515,1.1,0.617,1.575,5.131,3.187,2.443,0.885,0.423,0.266,0.151,0.805,2.918,2.495,1.744
39.33,39.33,8.013,10.977,13.313,17.922,21.865,26.131,25.996,24.944,19.668,15.323,8.732,6.793,16.639,7.933,12.689,14.806,17.999,26.036,27.521,25.558,21.816,18.637,13.777,8.641,6.582,16.831,7.245,11.657,14.384,19.176,21.385,24.408,27.499,24.013,19.399,13.309,7.98,6.46,16.411,8.601,12.661,10.745,15.039,20.569,23.732,27.654,25.005,20.241,12.937,7.686,6.328,15.933,0.517,0.528,0.475,0.514,0.552,0.628,0.644,0.687,0.652,0.67,0.52,0.485,0.586,0.509,0.606,0.527,0.514,0.659,0.663,0.633,0.601,0.617,0.602,0.513,0.471,0.594,0.466,0.56,0.513,0.549,0.537,0.589,0.681,0.66,0.642,0.579,0.475,0.466,0.578,0.553,0.607,0.384,0.43,0.518,0.571,0.682,0.685,0.666,0.558,0.452,0.454,0.559,72.993,77.012,75.995,68.611,57.983,43.737,33.356,23.329,26.302,27.631,50.34,67.273,52.046,74.371,63.539,72.691,72.665,41.251,34.266,35.678,40.683,33.457,39.166,53.319,66.626,52.307,77.534,71.96,79.509,65.939,57.163,48.583,23.115,26.54,29.5,50.133,60.878,66.871,54.809,56.25,67.659,88.472,80.363,65.919,51.33,21.37,18.708,26.372,53.275,70.494,70.613,55.902,1.956,2.045,2.936,1.785,2.083,0.576,0.269,0.241,0.298,0.177,1.896,1.096,1.28,2.18,0.737,1.993,0.609,0.336,0.396,0.27,0.557,0.968,1.248,1.066,1.328,0.975,2.307,1.159,2.959,0.932,2.258,0.952,0.281,0.158,0.675,0.928,1.836,0.59,1.252,0.77,1.96,4.862,3.558,2.565,1.113,0.656,0.29,0.296,1.073,3.366,2.535,1.922
39.33,38.67,7.86,10.936,13.152,17.955,21.899,26.04,26.112,25.021,19.633,15.309,8.783,6.698,16.615,7.83,12.721,14.33,17.586,25.951,27.27,25.685,21.802,18.488,13.816,8.617,6.422,16.709,6.867,11.284,13.959,19.059,21.423,24.228,27.471,23.886,19.34,13.25,7.906,6.415,16.258,8.464,12.531,10.741,14.923,20.578,23.614,27.689,25.098,20.304,12.907,7.644,6.21,15.891,0.507,0.526,0.47,0.515,0.552,0.625,0.647,0.69,0.651,0.669,0.522,0.479,0.586,0.503,0.607,0.511,0.503,0.657,0.656,0.637,0.601,0.612,0.603,0.513,0.459,0.59,0.442,0.542,0.498,0.547,0.538,0.583,0.68,0.657,0.639,0.577,0.471,0.463,0.572,0.545,0.601,0.383,0.427,0.518,0.568,0.683,0.687,0.668,0.557,0.45,0.445,0.558,73.339,76.148,75.056,67.457,57.307,43.283,32.301,22.048,25.954,27.055,49.422,66.873,51.353,74.677,62.418,72.37,72.817,41.016,35.195,33.915,39.449,34.017,38.234,52.864,66.517,51.956,77.991,72.539,79.104,65.135,56.606,49.64,22.86,26.344,29.892,49.849,60.68,66.648,54.773,55.803,68.163,88.053,80.11,65.541,51.769,20.859,17.517,25.9,52.666,70.017,69.792,55.516,1.922,2.026,2.592,1.512,1.839,0.617,0.263,0.263,0.293,0.198,1.922,1.112,1.213,2.041,0.68,1.85,0.588,0.384,0.436,0.305,0.605,1.008,1.109,1.003,1.179,0.932,2.154,1.078,2.606,0.833,2.185,0.957,0.342,0.191,0.741,0.964,1.834,0.66,1.212,0.638,1.767,4.782,3.311,2.41,1.199,0.707,0.289,0.357,1.086,2.988,2.399,1.829
38.67,39.33,8.048,10.733,13.36,18.371,22.469,26.978,27.019,25.878,20.17,15.628,9.022,6.91,17.048,7.935,12.825,15.075,18.628,26.717,28.788,26.683,22.887,19.818,14.329,8.805,6.703,17.431,7.204,11.71,14.495,19.721,22.07,25.691,28.739,24.963,20.064,13.884,8.103,6.639,16.941,8.573,12.789,10.967,15.726,21.421,24.997,28.491,25.587,21.011,13.253,8.003,6.515,16.444,0.513,0.512,0.474,0.525,0.567,0.65,0.67,0.712,0.666,0.678,0.53,0.487,0.598,0.503,0.607,0.533,0.531,0.676,0.693,0.661,0.63,0.652,0.62,0.516,0.473,0.611,0.458,0.557,0.515,0.564,0.554,0.619,0.71,0.686,0.66,0.599,0.476,0.47,0.594,0.545,0.609,0.389,0.448,0.539,0.601,0.702,0.7,0.688,0.568,0.465,0.46,0.574,70.906,77.134,73.976,66.796,55.258,39.015,26.468,16.697,21.806,25.135,46.717,64.292,48.683,73.084,60.698,69.294,69.712,37.859,27.22,28.307,34.468,26.088,35.52,51.615,64.958,48.232,76.025,70.109,77.449,63.46,53.772,41.364,15.197,19.256,24.662,46.072,58.279,64.353,50.832,55.097,64.294,87.222,78.68,62.306,45.14,16.439,14.592,20.046,51.054,66.864,67.801,52.462,2.093,1.971,3.279,1.955,1.951,0.387,0.15,0.103,0.164,0.101,1.841,1.203,1.267,2.347,0.602,1.891,0.48,0.214,0.248,0.119,0.325,0.541,1.03,0.953,1.268,0.835,2.326,1.18,2.997,0.874,2.332,0.729,0.122,0.067,0.393,0.673,2.188,0.492,1.197,0.846,1.934,5.26,3.302,2.323,0.786,0.384,0.247,0.156,0.809,3.502,2.743,1.86
38.67,38.67,7.922,10.776,13.26,18.467,22.505,26.896,27.171,25.97,20.156,15.61,9.075,6.8,17.049,7.841,12.972,14.703,18.281,26.669,28.555,26.794,22.907,19.709,14.392,8.79,6.545,17.346,6.849,11.433,14.344,19.631,22.113,25.489,28.758,24.883,20.047,13.87,8.027,6.562,16.835,8.357,12.787,11.016,15.686,21.442,24.873,28.536,25.685,21.105,13.255,7.973,6.418,16.427,0.505,0.514,0.471,0.528,0.568,0.647,0.673,0.715,0.666,0.677,0.533,0.48,0.599,0.497,0.613,0.521,0.521,0.674,0.687,0.665,0.631,0.649,0.622,0.516,0.461,0.609,0.436,0.544,0.509,0.563,0.555,0.614,0.711,0.684,0.659,0.598,0.472,0.465,0.59,0.531,0.609,0.39,0.447,0.54,0.599,0.702,0.702,0.692,0.568,0.463,0.453,0.574,71.245,76.541,73.234,65.884,54.861,38.749,25.395,15.549,21.615,24.733,46.301,64.785,48.241,74.021,59.706,68.956,69.943,37.84,28.334,26.776,33.503,26.712,34.706,51.4,65.327,48.1,76.751,70.819,77.069,62.693,53.471,42.525,15.015,19.257,25.144,45.744,58.481,65.176,51.011,56.463,64.848,86.79,78.52,62.154,45.846,16.013,13.603,19.652,50.633,66.578,67.29,52.366,2.039,1.891,2.88,1.637,1.7,0.414,0.133,0.105,0.154,0.11,1.876,1.224,1.18,2.243,0.5,1.729,0.466,0.241,0.279,0.132,0.325,0.538,0.87,0.861,1.135,0.776,2.166,1.081,2.595,0.79,2.251,0.739,0.136,0.076,0.435,0.654,2.192,0.541,1.138,0.702,1.692,5.252,3.075,2.185,0.849,0.38,0.251,0.162,0.77,3.161,2.654,1.763
39.33,40.0,8.485,11.426,14.059,17.979,22.222,26.564,26.067,25.024,19.888,15.473,8.744,7.018,16.914,8.346,12.741,16.373,19.184,26.334,28.474,25.799,22.326,19.335,13.735,8.783,7.05,17.372,8.497,12.607,16.254,19.511,21.593,25.198,28.037,24.645,19.627,13.608,8.255,6.571,17.034,8.916,13.239,10.779,15.366,20.675,24.406,27.838,24.972,20.184,13.092,7.894,6.708,16.171,0.549,0.549,0.5,0.515,0.562,0.64,0.646,0.689,0.659,0.676,0.522,0.5,0.595,0.534,0.608,0.581,0.549,0.666,0.687,0.637,0.616,0.639,0.6,0.52,0.506,0.61,0.543,0.603,0.58,0.557,0.544,0.609,0.691,0.677,0.652,0.591,0.491,0.472,0.599,0.572,0.634,0.386,0.44,0.521,0.585,0.689,0.684,0.665,0.565,0.463,0.481,0.566,71.894,78.963,76.739,69.812,57.767,42.965,33.464,24.604,25.458,27.655,50.402,65.905,52.135,72.266,64.839,71.308,71.381,40.633,29.974,37.686,40.96,30.207,39.748,53.073,66.523,51.55,76.18,71.151,79.194,67.199,57.146,44.6,20.585,24.642,27.269,49.226,60.269,66.117,53.632,54.462,66.79,89.315,80.228,66.124,49.035,21.086,20.404,26.391,53.239,69.988,70.952,55.666,2.094,2.283,3.965,2.611,2.76,0.496,0.323,0.206,0.303,0.121,1.744,1.018,1.494,2.772,1.043,2.627,0.644,0.272,0.301,0.208,0.437,0.833,1.549,1.24,1.764,1.144,2.863,1.421,4.064,1.142,2.496,1.001,0.141,0.08,0.534,0.845,1.9,0.415,1.407,1.202,2.701,4.973,4.087,2.873,0.997,0.587,0.277,0.187,1.149,4.456,2.996,2.209
38.67,40.0,8.444,11.144,13.974,18.258,22.719,27.259,26.835,25.759,20.277,15.742,8.993,7.08,17.208,8.362,12.673,16.378,19.668,26.837,29.465,26.709,23.138,20.232,14.174,8.932,7.113,17.805,8.416,12.607,15.912,19.933,22.124,26.242,28.962,25.327,20.105,14.016,8.36,6.79,17.4,8.979,13.189,10.891,15.805,21.369,25.439,28.506,25.433,20.759,13.296,8.144,6.829,16.552,0.54,0.532,0.495,0.522,0.573,0.658,0.665,0.708,0.669,0.683,0.531,0.498,0.604,0.529,0.6,0.578,0.562,0.679,0.711,0.659,0.638,0.666,0.614,0.522,0.504,0.623,0.533,0.599,0.565,0.568,0.557,0.634,0.714,0.695,0.664,0.605,0.492,0.481,0.61,0.57,0.627,0.388,0.451,0.538,0.609,0.704,0.696,0.681,0.571,0.472,0.484,0.577,70.655,79.092,75.353,68.352,55.365,38.948,28.41,19.398,21.768,25.448,47.191,63.078,49.421,70.966,63.101,69.124,68.955,37.85,24.342,31.585,36.013,24.321,36.835,51.675,65.311,48.339,75.137,69.875,77.992,65.298,54.2,38.777,14.469,18.979,23.336,46.162,57.809,63.079,50.426,51.959,64.138,88.449,79.059,63.054,43.968,17.087,16.848,21.388,51.437,67.046,68.71,52.76,2.238,2.33,4.359,2.81,2.638,0.348,0.22,0.102,0.181,0.069,1.681,1.082,1.505,2.887,0.984,2.575,0.533,0.193,0.19,0.098,0.294,0.518,1.354,1.169,1.702,1.044,2.894,1.474,4.182,1.061,2.519,0.769,0.068,0.034,0.326,0.702,2.177,0.346,1.378,1.304,2.736,5.109,3.841,2.633,0.715,0.397,0.235,0.138,0.992,4.523,3.117,2.147
39.0,40.33,8.744,11.671,14.365,18.127,22.591,27.072,26.644,25.566,20.196,15.693,8.933,7.092,17.226,8.58,12.854,17.026,19.681,26.687,29.365,26.461,22.985,20.077,13.972,8.885,7.238,17.816,8.948,13.023,16.869,19.772,21.838,26.021,28.871,25.269,19.98,13.937,8.388,6.652,17.465,9.071,13.555,10.858,15.535,20.989,25.192,28.349,25.324,20.587,13.209,8.074,6.894,16.469,0.563,0.559,0.51,0.519,0.571,0.653,0.661,0.702,0.667,0.684,0.532,0.503,0.605,0.546,0.611,0.602,0.563,0.675,0.709,0.653,0.635,0.662,0.608,0.522,0.516,0.624,0.569,0.621,0.6,0.564,0.551,0.629,0.711,0.694,0.663,0.604,0.497,0.475,0.613,0.579,0.647,0.388,0.444,0.529,0.603,0.702,0.694,0.677,0.569,0.47,0.492,0.575,70.728,79.376,76.519,69.425,56.369,40.392,29.852,21.639,22.813,26.146,47.96,64.83,50.503,71.018,64.558,69.872,69.994,38.892,25.706,34.588,38.038,25.673,37.829,52.24,65.979,49.532,75.177,70.536,78.431,66.936,55.954,40.443,15.737,20.576,24.304,46.983,58.55,64.898,51.544,52.077,64.949,89.253,79.965,64.949,45.912,18.351,18.15,22.925,52.441,68.783,70.146,53.989,2.179,2.403,4.502,2.941,2.879,0.399,0.267,0.122,0.216,0.072,1.633,1.031,1.553,3.071,1.103,2.842,0.591,0.212,0.211,0.114,0.32,0.589,1.492,1.266,1.902,1.146,3.111,1.56,4.533,1.145,2.591,0.87,0.071,0.034,0.369,0.728,2.065,0.327,1.449,1.383,2.977,5.177,4.168,2.918,0.804,0.457,0.258,0.109,1.092,4.807,3.271,2.288
39.0,39.67,8.577,11.409,14.134,18.131,22.418,27.001,26.714,25.621,20.162,15.659,8.943,7.037,17.151,8.41,12.806,16.558,19.369,26.676,29.174,26.453,22.86,19.949,14.004,8.838,7.118,17.683,8.574,12.715,16.284,19.633,21.778,25.888,28.792,25.139,19.982,13.887,8.302,6.618,17.3,9.017,13.388,10.76,15.46,21.007,25.068,28.361,25.393,20.725,13.189,8.005,6.782,16.428,0.552,0.546,0.502,0.519,0.566,0.651,0.663,0.704,0.666,0.683,0.532,0.498,0.603,0.535,0.608,0.586,0.554,0.675,0.704,0.653,0.631,0.657,0.609,0.519,0.508,0.62,0.545,0.606,0.579,0.56,0.548,0.626,0.71,0.69,0.662,0.602,0.492,0.472,0.607,0.576,0.639,0.384,0.441,0.529,0.6,0.701,0.695,0.682,0.568,0.466,0.484,0.574,71.255,79.035,76.362,69.057,56.556,40.644,28.949,20.636,22.805,26.181,47.709,65.138,50.36,71.582,64.074,69.976,70.583,38.871,26.545,33.438,37.645,26.066,37.508,52.181,66.075,49.544,75.551,70.551,78.578,66.518,56.043,41.066,15.898,20.57,24.509,47.153,58.587,65.266,51.691,52.642,65.099,89.079,80.194,64.653,46.224,17.878,16.909,21.997,52.512,69.211,70.173,53.879,2.113,2.279,4.191,2.662,2.657,0.383,0.223,0.11,0.205,0.082,1.664,1.076,1.47,2.877,0.957,2.55,0.58,0.205,0.232,0.108,0.32,0.595,1.42,1.218,1.746,1.07,2.938,1.488,4.142,1.093,2.537,0.843,0.084,0.043,0.372,0.72,2.069,0.37,1.39,1.263,2.723,5.278,4.07,2.896,0.801,0.445,0.257,0.107,0.994,4.488,3.161,2.21
39.33,40.33,8.57,11.606,14.088,17.96,22.279,26.489,25.948,24.899,19.881,15.443,8.689,7.072,16.912,8.413,12.807,16.474,19.189,26.25,28.431,25.682,22.338,19.285,13.688,8.792,7.061,17.366,8.564,12.672,16.383,19.583,21.601,25.1,27.958,24.654,19.57,13.59,8.279,6.586,17.046,8.886,13.262,10.876,15.392,20.602,24.29,27.728,24.871,20.023,13.088,7.914,6.728,16.138,0.554,0.557,0.501,0.515,0.563,0.638,0.643,0.686,0.658,0.675,0.519,0.505,0.595,0.538,0.612,0.585,0.55,0.664,0.686,0.634,0.616,0.638,0.598,0.521,0.506,0.61,0.549,0.607,0.585,0.559,0.544,0.606,0.689,0.678,0.65,0.591,0.493,0.474,0.6,0.571,0.636,0.389,0.442,0.519,0.582,0.686,0.682,0.66,0.566,0.465,0.482,0.565,71.205,78.706,76.672,70.036,57.871,43.18,34.936,25.703,25.822,27.878,51.086,65.859,52.413,72.2,64.986,71.686,71.14,41.036,30.287,39.07,41.577,30.879,40.226,53.3,66.3,51.891,75.988,71.091,79.13,67.351,57.273,45.198,21.46,25.215,27.878,49.488,60.667,65.815,53.879,54.465,67.023,89.316,79.917,66.6,49.499,22.178,21.912,27.826,53.229,69.618,70.796,56.03,2.098,2.294,3.95,2.697,2.86,0.547,0.382,0.243,0.341,0.124,1.733,0.991,1.522,2.739,1.111,2.76,0.649,0.293,0.3,0.241,0.467,0.875,1.58,1.228,1.784,1.172,2.812,1.392,4.108,1.152,2.515,1.066,0.142,0.079,0.568,0.873,1.84,0.405,1.411,1.187,2.722,4.807,4.013,2.799,1.056,0.631,0.284,0.212,1.236,4.487,2.931,2.198
39.33,39.67,8.319,11.251,13.783,17.928,22.069,26.374,25.932,24.9,19.787,15.397,8.699,6.962,16.784,8.203,12.699,15.838,18.819,26.197,28.092,25.603,22.083,19.034,13.712,8.734,6.892,17.157,8.081,12.303,15.587,19.412,21.508,24.861,27.744,24.381,19.512,13.476,8.166,6.551,16.799,8.816,13.008,10.773,15.268,20.609,24.1,27.692,24.906,20.113,13.031,7.819,6.581,16.059,0.538,0.541,0.491,0.513,0.558,0.635,0.643,0.686,0.656,0.673,0.519,0.497,0.591,0.525,0.607,0.563,0.538,0.663,0.678,0.633,0.609,0.629,0.599,0.518,0.494,0.604,0.518,0.59,0.556,0.555,0.541,0.6,0.685,0.67,0.647,0.586,0.486,0.472,0.591,0.567,0.624,0.385,0.437,0.519,0.578,0.684,0.683,0.663,0.563,0.459,0.473,0.563,72.362,78.426,76.693,69.713,58.108,43.609,34.393,24.959,26.173,27.955,50.984,66.457,52.486,73.062,64.706,72.115,71.856,41.118,31.745,37.897,41.546,31.842,40.069,53.39,66.651,52.165,76.716,71.408,79.531,66.922,57.332,46.285,22.262,25.927,28.382,49.934,60.781,66.359,54.32,55.332,67.303,89.131,80.261,66.272,50.119,21.788,20.598,27.152,53.44,70.286,71.034,56.059,2.047,2.198,3.618,2.363,2.574,0.535,0.323,0.231,0.318,0.143,1.8,1.033,1.432,2.546,0.955,2.433,0.642,0.296,0.336,0.24,0.489,0.908,1.479,1.184,1.622,1.097,2.654,1.324,3.701,1.085,2.414,1.004,0.188,0.107,0.595,0.889,1.849,0.47,1.355,1.059,2.452,4.87,3.914,2.763,1.049,0.623,0.283,0.231,1.145,4.109,2.808,2.11
38.67,40.33,8.481,11.259,13.928,18.239,22.819,27.257,26.754,25.689,20.301,15.75,8.966,7.099,17.213,8.425,12.667,16.341,19.732,26.785,29.495,26.68,23.199,20.248,14.174,8.963,7.1,17.815,8.454,12.674,15.924,20.045,22.17,26.243,28.933,25.359,20.075,14.015,8.39,6.856,17.429,8.954,13.163,10.989,15.844,21.37,25.434,28.453,25.366,20.626,13.287,8.186,6.849,16.543,0.542,0.537,0.494,0.522,0.576,0.657,0.663,0.706,0.669,0.683,0.529,0.5,0.604,0.533,0.599,0.577,0.564,0.677,0.711,0.658,0.639,0.667,0.613,0.524,0.502,0.623,0.536,0.603,0.565,0.571,0.559,0.634,0.713,0.696,0.663,0.604,0.493,0.485,0.61,0.568,0.625,0.392,0.453,0.538,0.609,0.703,0.694,0.676,0.57,0.475,0.484,0.576,70.267,79.029,75.418,68.577,55.25,38.647,29.558,20.103,21.769,25.354,47.712,63.028,49.559,70.92,63.472,69.722,68.454,37.948,24.086,32.179,36.209,24.411,37.103,51.891,65.387,48.481,75.133,69.957,78.042,65.31,53.975,38.736,14.898,19.2,23.485,46.185,57.916,62.429,50.439,51.892,64.212,88.396,78.713,63.195,43.896,17.746,17.961,22.401,51.309,66.467,68.56,52.894,2.266,2.386,4.425,2.927,2.704,0.378,0.254,0.121,0.193,0.067,1.658,1.053,1.536,2.877,1.053,2.718,0.526,0.209,0.18,0.114,0.308,0.525,1.338,1.148,1.718,1.062,2.859,1.466,4.276,1.048,2.503,0.775,0.071,0.034,0.341,0.73,2.145,0.324,1.38,1.323,2.771,4.867,3.728,2.514,0.718,0.405,0.235,0.167,1.069,4.55,3.058,2.119
38.67,39.67,8.299,10.94,13.732,18.29,22.654,27.19,26.863,25.777,20.252,15.705,8.986,7.054,17.145,8.21,12.685,15.928,19.393,26.81,29.279,26.685,23.065,20.118,14.231,8.9,6.983,17.688,8.004,12.305,15.354,19.916,22.149,26.099,28.87,25.223,20.101,13.979,8.287,6.778,17.257,8.861,13.001,10.932,15.835,21.426,25.321,28.486,25.456,20.812,13.293,8.116,6.735,16.522,0.53,0.522,0.487,0.523,0.572,0.656,0.666,0.708,0.668,0.681,0.53,0.496,0.601,0.52,0.6,0.563,0.554,0.678,0.705,0.66,0.636,0.662,0.616,0.521,0.493,0.619,0.508,0.585,0.545,0.568,0.557,0.63,0.712,0.692,0.663,0.603,0.487,0.48,0.605,0.563,0.618,0.389,0.452,0.539,0.607,0.703,0.696,0.682,0.57,0.471,0.476,0.576,70.676,78.512,74.883,67.931,55.307,38.904,28.129,18.678,21.793,25.396,47.231,63.15,49.215,71.53,62.328,69.245,68.98,37.788,24.988,30.673,35.578,24.809,36.574,51.697,65.057,48.269,75.338,69.761,77.854,64.604,53.888,39.345,14.847,19.057,23.705,46.193,57.969,63.073,50.469,52.842,64.116,88.027,78.75,62.659,44.079,17.031,16.461,21.148,51.266,66.761,68.303,52.62,2.206,2.211,4.035,2.575,2.438,0.359,0.205,0.107,0.181,0.079,1.734,1.12,1.438,2.686,0.868,2.36,0.512,0.197,0.202,0.108,0.306,0.527,1.261,1.095,1.553,0.975,2.685,1.371,3.806,1.004,2.461,0.754,0.081,0.043,0.342,0.698,2.18,0.387,1.316,1.162,2.474,5.112,3.639,2.498,0.727,0.392,0.236,0.151,0.939,4.204,2.966,2.044
39.33,41.0,9.254,12.595,14.608,17.881,22.754,26.699,26.07,25.0,20.154,15.533,8.758,7.24,17.215,8.967,13.233,17.44,19.514,26.206,29.105,25.864,22.987,19.814,13.728,8.906,7.314,17.755,9.419,13.561,17.705,19.923,21.713,25.549,28.514,25.259,19.691,13.787,8.534,6.627,17.524,8.945,13.783,11.423,15.549,20.511,24.695,27.83,24.884,19.846,13.125,8.153,7.035,16.316,0.597,0.603,0.521,0.514,0.576,0.641,0.647,0.688,0.666,0.679,0.521,0.52,0.605,0.573,0.631,0.62,0.561,0.663,0.701,0.638,0.635,0.658,0.599,0.53,0.523,0.623,0.605,0.652,0.633,0.568,0.548,0.615,0.702,0.695,0.653,0.599,0.508,0.476,0.615,0.575,0.661,0.41,0.449,0.516,0.594,0.688,0.682,0.653,0.569,0.479,0.501,0.571,67.862,78.11,76.751,70.618,56.615,41.173,36.111,26.211,24.27,26.947,50.921,66.315,51.826,70.841,65.94,72.278,69.281,40.565,27.369,40.425,40.204,28.781,40.066,53.215,65.315,51.192,74.255,70.429,78.205,67.962,57.278,42.848,19.33,23.023,26.881,47.756,59.568,64.283,52.65,52.292,65.898,89.29,78.769,67.586,48.006,22.698,24.273,29.113,52.511,67.396,69.339,55.595,2.078,2.403,4.27,3.274,3.224,0.663,0.525,0.285,0.356,0.088,1.519,0.893,1.632,2.835,1.38,3.419,0.61,0.333,0.211,0.266,0.445,0.751,1.563,1.188,1.961,1.249,2.825,1.396,4.606,1.149,2.627,1.14,0.088,0.039,0.52,0.858,1.706,0.281,1.435,1.228,2.955,4.34,3.858,2.639,1.046,0.658,0.293,0.211,1.499,4.74,2.925,2.199
38.67,41.0,9.066,12.221,14.332,17.977,23.104,27.264,26.551,25.53,20.452,15.794,8.955,7.169,17.369,8.934,12.999,16.966,19.896,26.567,29.837,26.606,23.534,20.466,14.096,9.044,7.253,18.015,9.262,13.534,17.181,20.24,22.083,26.373,29.124,25.67,20.044,14.032,8.602,6.905,17.756,8.96,13.609,11.524,15.837,21.064,25.549,28.337,25.219,20.21,13.2,8.34,7.099,16.58,0.58,0.582,0.509,0.515,0.584,0.655,0.658,0.702,0.673,0.685,0.528,0.508,0.609,0.565,0.615,0.6,0.57,0.672,0.718,0.656,0.649,0.677,0.61,0.532,0.512,0.631,0.589,0.646,0.611,0.576,0.557,0.636,0.717,0.706,0.663,0.605,0.507,0.489,0.62,0.569,0.647,0.412,0.456,0.53,0.614,0.7,0.691,0.663,0.568,0.484,0.5,0.578,68.565,78.987,76.699,70.194,54.985,37.65,32.773,22.536,21.459,24.973,49.207,65.093,50.261,70.578,66.014,72.3,67.472,38.374,22.862,34.889,36.515,24.105,38.027,52.649,65.814,49.135,74.646,70.711,78.281,66.861,55.0,38.066,15.112,19.369,23.614,45.549,57.739,61.976,50.576,51.576,64.588,88.691,78.161,65.134,43.913,19.511,21.468,25.531,51.425,65.468,68.432,53.656,2.229,2.565,4.727,3.468,3.044,0.51,0.388,0.171,0.209,0.043,1.468,0.923,1.646,2.988,1.353,3.437,0.521,0.266,0.126,0.146,0.314,0.483,1.328,1.129,1.943,1.171,2.924,1.492,4.837,1.036,2.513,0.825,0.049,0.015,0.357,0.791,1.95,0.208,1.414,1.386,3.02,4.181,3.621,2.382,0.719,0.423,0.255,0.184,1.398,4.78,3.027,2.115
39.0,41.33,9.455,12.834,14.798,17.834,23.065,27.067,26.362,25.35,20.358,15.704,8.934,7.178,17.414,9.164,13.352,17.618,19.783,26.399,29.682,26.31,23.4,20.301,13.96,8.971,7.409,18.027,9.725,13.967,18.16,20.136,21.867,26.106,29.023,25.609,19.92,13.957,8.63,6.712,17.819,8.973,13.987,11.675,15.683,20.724,25.323,28.149,25.079,20.014,13.153,8.296,7.163,16.519,0.607,0.612,0.527,0.513,0.583,0.65,0.655,0.697,0.671,0.685,0.529,0.513,0.612,0.582,0.633,0.625,0.568,0.667,0.714,0.649,0.646,0.673,0.607,0.531,0.526,0.632,0.621,0.669,0.648,0.573,0.551,0.629,0.714,0.705,0.66,0.604,0.511,0.479,0.623,0.573,0.668,0.418,0.453,0.521,0.609,0.695,0.687,0.658,0.569,0.485,0.507,0.577,67.458,78.387,76.945,70.725,55.385,38.833,34.282,24.188,22.46,25.531,49.609,66.631,50.871,70.487,66.56,72.471,67.986,39.218,24.364,37.7,37.913,25.605,38.759,53.091,65.453,49.97,74.03,70.65,77.813,67.773,56.337,39.621,16.131,20.593,24.673,45.941,58.188,63.404,51.261,51.83,64.427,89.105,78.406,66.763,45.402,20.722,23.02,27.163,51.906,66.303,68.886,54.493,2.154,2.548,4.663,3.533,3.213,0.61,0.463,0.208,0.245,0.047,1.445,0.873,1.667,3.046,1.439,3.659,0.552,0.305,0.137,0.182,0.35,0.539,1.414,1.172,2.094,1.242,3.002,1.489,4.992,1.094,2.597,0.941,0.056,0.017,0.411,0.789,1.798,0.208,1.448,1.313,3.103,4.252,3.81,2.552,0.827,0.495,0.286,0.164,1.52,4.877,3.084,2.19
39.0,40.67,9.313,12.646,14.7,18.009,22.983,27.047,26.429,25.378,20.3,15.711,8.891,7.199,17.387,9.066,13.295,17.695,19.876,26.478,29.604,26.313,23.282,20.234,13.944,8.956,7.345,18.006,9.597,13.761,17.935,20.138,21.846,26.026,28.997,25.537,19.903,13.976,8.547,6.68,17.747,9.024,13.943,11.457,15.629,20.786,25.214,28.198,25.133,20.145,13.169,8.217,7.1,16.502,0.599,0.603,0.523,0.517,0.582,0.65,0.656,0.698,0.669,0.685,0.528,0.514,0.611,0.576,0.63,0.626,0.571,0.669,0.713,0.649,0.643,0.671,0.607,0.529,0.522,0.631,0.612,0.659,0.64,0.573,0.551,0.628,0.713,0.702,0.659,0.605,0.507,0.477,0.621,0.576,0.666,0.41,0.451,0.523,0.606,0.697,0.689,0.662,0.569,0.479,0.503,0.577,68.124,78.703,77.089,70.653,55.974,39.599,33.56,24.31,22.845,25.924,49.317,66.036,51.012,70.634,65.945,71.771,68.465,39.497,25.008,37.789,38.799,25.874,38.634,53.018,65.555,50.085,74.179,70.751,77.994,67.981,56.268,40.471,16.467,21.136,24.977,46.503,58.722,64.226,51.638,51.743,64.53,89.313,78.971,66.552,46.108,20.651,22.259,26.468,52.288,67.281,69.646,54.648,2.209,2.567,4.788,3.442,3.226,0.542,0.41,0.177,0.244,0.049,1.511,0.905,1.673,3.164,1.389,3.529,0.573,0.266,0.155,0.154,0.345,0.555,1.463,1.226,2.11,1.246,3.125,1.558,5.048,1.138,2.635,0.937,0.056,0.018,0.397,0.758,1.897,0.23,1.481,1.395,3.199,4.574,3.975,2.69,0.829,0.484,0.28,0.139,1.404,5.028,3.216,2.267
39.33,41.33,9.246,12.514,14.579,17.753,22.732,26.682,25.996,24.946,20.175,15.486,8.786,7.216,17.178,8.942,13.155,17.171,19.358,26.127,29.057,25.816,23.019,19.798,13.708,8.914,7.347,17.699,9.375,13.567,17.614,19.828,21.738,25.574,28.439,25.245,19.68,13.741,8.594,6.651,17.504,8.9,13.692,11.507,15.607,20.478,24.726,27.754,24.828,19.76,13.127,8.205,7.057,16.304,0.597,0.601,0.521,0.511,0.574,0.641,0.644,0.687,0.667,0.676,0.523,0.518,0.604,0.572,0.628,0.612,0.556,0.66,0.699,0.638,0.635,0.657,0.598,0.531,0.526,0.621,0.603,0.652,0.63,0.566,0.548,0.616,0.701,0.694,0.653,0.598,0.512,0.479,0.614,0.573,0.657,0.413,0.451,0.515,0.594,0.685,0.68,0.651,0.569,0.483,0.504,0.571,67.554,77.824,76.309,70.26,56.067,40.702,36.341,25.743,23.972,26.743,51.133,66.449,51.593,70.611,66.02,72.436,69.099,40.224,27.065,40.005,39.192,28.851,40.271,52.965,65.132,50.991,74.119,69.958,78.025,67.379,57.273,42.151,19.188,22.448,26.667,47.399,58.926,63.399,52.243,52.224,65.995,88.987,78.231,67.476,47.4,22.544,24.438,29.427,52.046,66.464,68.344,55.297,1.988,2.304,3.981,3.236,3.138,0.722,0.575,0.328,0.375,0.097,1.468,0.885,1.591,2.613,1.362,3.358,0.598,0.373,0.214,0.311,0.462,0.774,1.536,1.127,1.842,1.215,2.608,1.287,4.32,1.107,2.584,1.181,0.093,0.044,0.543,0.898,1.609,0.287,1.379,1.116,2.752,4.08,3.691,2.521,1.084,0.71,0.29,0.248,1.553,4.474,2.726,2.104
39.33,40.67,9.027,12.252,14.42,17.891,22.58,26.599,25.966,24.902,20.06,15.483,8.711,7.202,17.093,8.781,13.066,17.094,19.409,26.187,28.855,25.748,22.764,19.617,13.678,8.877,7.235,17.608,9.163,13.268,17.287,19.798,21.674,25.374,28.275,25.053,19.628,13.707,8.467,6.627,17.361,8.922,13.595,11.247,15.523,20.512,24.517,27.742,24.832,19.842,13.116,8.079,6.945,16.24,0.583,0.588,0.514,0.514,0.571,0.639,0.644,0.686,0.664,0.676,0.519,0.517,0.601,0.561,0.624,0.608,0.557,0.663,0.695,0.635,0.628,0.651,0.597,0.528,0.518,0.618,0.588,0.637,0.618,0.565,0.547,0.611,0.697,0.689,0.652,0.596,0.504,0.477,0.61,0.574,0.652,0.403,0.448,0.516,0.589,0.686,0.681,0.654,0.568,0.475,0.496,0.569,68.873,78.347,76.721,70.492,57.113,41.969,36.202,26.413,24.912,27.417,51.349,66.076,52.158,71.205,65.703,72.211,69.925,40.86,28.403,40.419,40.786,29.725,40.403,53.228,65.645,51.545,74.778,70.581,78.56,67.826,57.419,43.7,20.37,23.897,27.38,48.445,59.988,64.641,53.131,53.049,66.531,89.303,79.061,67.395,48.601,22.868,23.959,29.184,52.725,67.989,69.702,55.862,2.067,2.35,4.13,3.107,3.132,0.637,0.499,0.287,0.369,0.102,1.571,0.917,1.598,2.76,1.305,3.211,0.629,0.327,0.244,0.272,0.456,0.812,1.594,1.195,1.884,1.226,2.777,1.376,4.402,1.154,2.593,1.151,0.098,0.05,0.546,0.877,1.719,0.316,1.421,1.209,2.862,4.415,3.888,2.676,1.073,0.669,0.288,0.219,1.43,4.648,2.882,2.188
38.67,41.33,9.004,12.052,14.244,17.799,23.086,27.295,26.489,25.515,20.505,15.789,8.993,7.133,17.326,8.879,12.88,16.547,19.736,26.52,29.859,26.64,23.598,20.501,14.116,9.068,7.251,17.964,9.163,13.503,16.953,20.156,22.128,26.469,29.083,25.677,20.086,13.987,8.665,6.982,17.738,8.898,13.472,11.647,15.928,21.066,25.66,28.308,25.195,20.14,13.186,8.402,7.125,16.586,0.574,0.574,0.506,0.51,0.582,0.656,0.656,0.702,0.675,0.684,0.529,0.504,0.607,0.561,0.609,0.586,0.565,0.67,0.719,0.658,0.65,0.678,0.61,0.533,0.512,0.628,0.582,0.644,0.603,0.574,0.557,0.638,0.717,0.706,0.664,0.603,0.51,0.494,0.619,0.565,0.64,0.416,0.459,0.53,0.616,0.698,0.69,0.661,0.568,0.488,0.501,0.578,68.823,79.023,76.555,70.105,54.488,36.877,32.998,21.903,21.04,24.651,49.621,65.291,50.116,70.639,66.498,73.031,67.309,37.969,22.226,33.863,35.264,23.816,38.126,52.522,65.941,48.936,74.947,70.792,78.543,66.459,55.012,37.016,14.863,18.773,23.208,45.093,57.149,60.986,50.235,51.953,65.069,88.356,77.696,64.877,43.009,19.197,21.509,25.754,51.04,64.537,67.565,53.379,2.164,2.504,4.509,3.455,2.918,0.542,0.411,0.196,0.208,0.047,1.423,0.92,1.608,2.797,1.34,3.396,0.503,0.296,0.121,0.169,0.314,0.482,1.276,1.066,1.838,1.134,2.748,1.403,4.598,0.972,2.428,0.806,0.051,0.019,0.366,0.841,1.893,0.205,1.359,1.299,2.833,3.868,3.425,2.23,0.703,0.425,0.252,0.216,1.454,4.524,2.848,2.007
38.67,40.67,8.85,11.849,14.147,18.053,23.032,27.289,26.601,25.569,20.426,15.786,8.957,7.155,17.311,8.765,12.826,16.678,19.882,26.637,29.766,26.645,23.466,20.432,14.121,9.042,7.201,17.953,9.002,13.248,16.69,20.195,22.145,26.384,29.061,25.596,20.06,14.032,8.557,6.935,17.66,8.966,13.417,11.354,15.882,21.193,25.55,28.371,25.253,20.319,13.236,8.312,7.031,16.574,0.565,0.564,0.502,0.517,0.581,0.656,0.659,0.703,0.673,0.684,0.528,0.506,0.607,0.554,0.607,0.589,0.569,0.673,0.717,0.657,0.647,0.675,0.611,0.53,0.509,0.628,0.571,0.632,0.593,0.575,0.559,0.636,0.716,0.703,0.663,0.605,0.503,0.49,0.617,0.569,0.638,0.406,0.457,0.533,0.613,0.701,0.692,0.666,0.569,0.482,0.495,0.577,69.097,79.112,76.269,69.663,54.963,37.757,31.91,21.75,21.405,25.052,48.863,64.15,50.0,70.542,65.291,71.586,67.635,38.159,22.915,33.909,36.196,24.012,37.806,52.315,65.718,48.842,74.786,70.401,78.283,66.297,54.551,37.906,14.983,19.112,23.424,45.68,57.631,61.645,50.391,51.45,64.565,88.556,78.215,64.374,43.613,18.956,20.47,24.642,51.248,65.454,68.251,53.314,2.24,2.513,4.645,3.336,2.942,0.465,0.352,0.16,0.207,0.049,1.505,0.958,1.615,2.918,1.269,3.211,0.52,0.25,0.139,0.14,0.308,0.494,1.333,1.124,1.845,1.131,2.866,1.475,4.639,1.031,2.501,0.811,0.051,0.019,0.348,0.783,2.005,0.234,1.395,1.378,2.931,4.298,3.608,2.381,0.71,0.419,0.243,0.191,1.302,4.695,2.996,2.096
39.33,42.0,9.543,12.583,14.725,17.113,22.871,26.915,25.891,24.982,20.378,15.442,9.04,6.945,17.201,9.122,12.997,16.338,19.097,25.948,29.375,25.965,23.414,20.19,13.814,8.951,7.707,17.741,9.717,14.112,18.087,19.703,21.91,26.125,28.61,25.453,19.889,13.672,8.862,6.685,17.733,8.82,13.767,12.173,15.883,20.48,25.315,27.723,24.781,19.562,13.088,8.409,7.222,16.434,0.614,0.605,0.527,0.492,0.574,0.648,0.642,0.688,0.676,0.673,0.535,0.497,0.603,0.583,0.62,0.585,0.549,0.654,0.706,0.644,0.643,0.668,0.599,0.534,0.552,0.622,0.626,0.676,0.647,0.563,0.55,0.627,0.708,0.701,0.66,0.595,0.526,0.48,0.62,0.569,0.661,0.436,0.459,0.516,0.608,0.683,0.678,0.646,0.568,0.498,0.517,0.575,66.341,77.438,75.455,69.914,53.408,37.486,35.997,23.075,21.988,25.497,51.266,68.713,50.548,69.83,67.465,73.687,67.906,38.709,23.918,36.932,34.216,26.192,40.068,52.653,64.678,49.689,73.474,69.079,77.095,65.765,57.105,37.423,16.228,18.76,23.989,44.763,56.141,61.612,50.117,52.666,65.301,87.692,76.656,66.823,43.716,20.596,23.963,29.09,50.55,63.218,65.472,53.813,1.66,2.072,3.277,3.304,2.742,0.869,0.685,0.394,0.281,0.104,1.175,0.825,1.448,2.068,1.314,3.287,0.508,0.528,0.145,0.387,0.387,0.61,1.308,0.907,1.58,1.084,2.094,0.988,3.602,0.91,2.37,1.074,0.076,0.053,0.506,0.943,1.314,0.238,1.18,0.8,2.16,3.072,3.186,2.147,0.989,0.705,0.27,0.316,1.773,3.586,2.21,1.769
38.67,42.0,9.338,12.136,14.471,17.069,23.108,27.392,26.2,25.409,20.659,15.714,9.171,6.978,17.302,9.043,12.861,15.808,19.305,26.263,30.031,26.633,23.819,20.708,14.149,9.093,7.645,17.944,9.536,14.026,17.486,19.892,22.18,26.807,29.035,25.754,20.271,13.826,8.928,7.015,17.895,8.853,13.548,12.386,16.177,20.9,26.009,28.127,25.06,19.828,13.106,8.549,7.289,16.652,0.594,0.58,0.515,0.489,0.579,0.66,0.649,0.699,0.682,0.68,0.537,0.492,0.605,0.571,0.61,0.562,0.554,0.662,0.722,0.66,0.654,0.683,0.609,0.536,0.54,0.626,0.608,0.667,0.622,0.568,0.556,0.644,0.719,0.708,0.671,0.596,0.525,0.496,0.623,0.564,0.646,0.442,0.466,0.527,0.624,0.694,0.685,0.652,0.565,0.5,0.515,0.58,68.117,78.694,76.264,70.516,52.633,34.708,34.267,20.602,20.158,24.226,50.947,67.7,49.903,70.262,68.428,75.219,67.07,37.422,20.513,32.205,31.595,22.812,38.617,52.571,65.56,48.525,74.916,70.685,78.509,65.848,56.088,33.84,13.727,16.798,21.708,43.273,55.251,59.862,49.206,53.012,65.729,87.072,76.356,65.024,40.473,18.5,22.147,26.891,50.152,62.148,65.16,52.723,1.817,2.272,3.721,3.441,2.539,0.708,0.533,0.286,0.16,0.069,1.187,0.866,1.466,2.215,1.327,3.351,0.45,0.456,0.081,0.256,0.282,0.416,1.167,0.889,1.639,1.043,2.303,1.097,3.845,0.802,2.213,0.744,0.045,0.031,0.375,0.946,1.569,0.182,1.178,0.94,2.245,2.901,2.994,1.943,0.672,0.428,0.25,0.281,1.761,3.656,2.332,1.702
39.0,42.33,9.631,12.519,14.742,16.808,23.0,27.208,25.996,25.208,20.538,15.563,9.183,6.838,17.268,9.17,12.955,15.869,19.125,26.069,29.816,26.339,23.659,20.541,14.038,8.966,7.865,17.865,9.833,14.346,18.21,19.756,22.029,26.587,28.874,25.623,20.153,13.715,8.92,6.817,17.904,8.843,13.831,12.425,15.981,20.64,25.807,27.894,24.875,19.615,13.057,8.483,7.263,16.559,0.616,0.599,0.526,0.483,0.576,0.656,0.645,0.694,0.68,0.676,0.54,0.485,0.605,0.582,0.616,0.566,0.55,0.656,0.717,0.653,0.65,0.678,0.606,0.532,0.559,0.625,0.631,0.684,0.65,0.564,0.552,0.638,0.715,0.706,0.668,0.594,0.527,0.486,0.624,0.567,0.662,0.444,0.461,0.521,0.619,0.688,0.68,0.646,0.565,0.5,0.517,0.578,66.434,77.748,75.578,70.435,52.592,35.55,35.2,21.279,20.816,24.609,50.998,69.068,50.025,69.555,68.414,74.711,67.372,37.902,21.556,34.066,32.055,23.76,39.258,53.161,64.893,48.893,74.007,69.59,77.286,65.483,56.819,34.644,14.133,17.086,21.971,43.538,55.401,60.619,49.212,52.943,64.69,87.254,76.538,66.011,41.369,19.179,23.072,27.889,50.231,62.63,65.38,53.1,1.678,2.149,3.38,3.39,2.57,0.821,0.608,0.335,0.171,0.087,1.104,0.826,1.426,2.076,1.311,3.339,0.456,0.53,0.088,0.318,0.3,0.448,1.207,0.878,1.632,1.047,2.173,1.005,3.662,0.818,2.257,0.826,0.049,0.041,0.42,0.931,1.353,0.193,1.143,0.804,2.1,2.825,3.036,2.027,0.771,0.495,0.263,0.289,1.845,3.464,2.214,1.68
39.0,41.67,9.601,12.738,14.914,17.073,23.076,27.198,26.147,25.319,20.519,15.627,9.164,6.935,17.358,9.179,13.119,16.491,19.261,26.207,29.823,26.387,23.639,20.491,14.052,8.974,7.712,17.942,9.825,14.278,18.307,19.813,21.996,26.503,28.953,25.663,20.089,13.81,8.873,6.835,17.91,8.825,13.848,12.17,15.918,20.66,25.807,28.003,24.943,19.757,13.122,8.499,7.252,16.566,0.614,0.61,0.532,0.491,0.579,0.655,0.649,0.697,0.678,0.679,0.54,0.493,0.608,0.583,0.623,0.588,0.554,0.66,0.717,0.654,0.649,0.677,0.607,0.533,0.548,0.628,0.63,0.681,0.653,0.565,0.552,0.636,0.716,0.707,0.666,0.599,0.525,0.488,0.625,0.566,0.662,0.436,0.46,0.521,0.62,0.69,0.682,0.651,0.568,0.501,0.516,0.578,66.762,77.794,75.734,70.146,53.027,36.131,34.663,21.475,20.899,24.326,50.151,68.306,49.952,70.002,68.263,74.032,67.272,37.69,21.979,34.597,33.179,24.045,38.847,52.853,65.345,49.011,74.186,69.915,77.307,65.841,56.425,35.458,14.101,17.584,22.441,43.869,55.657,60.491,49.437,52.816,64.404,87.925,76.746,66.13,41.799,19.099,22.94,27.366,50.299,63.147,65.958,53.22,1.839,2.292,3.793,3.496,2.795,0.782,0.581,0.302,0.201,0.064,1.208,0.827,1.514,2.366,1.387,3.553,0.474,0.454,0.101,0.274,0.319,0.478,1.242,0.956,1.804,1.116,2.399,1.154,4.155,0.891,2.363,0.871,0.052,0.03,0.436,0.897,1.465,0.187,1.24,0.921,2.409,3.206,3.237,2.131,0.776,0.501,0.282,0.253,1.777,3.913,2.479,1.826
39.33,42.33,9.498,12.345,14.456,17.036,22.772,26.852,25.755,24.821,20.349,15.366,8.989,6.877,17.093,9.093,12.809,15.893,19.062,25.802,29.26,25.836,23.378,20.171,13.731,8.952,7.763,17.644,9.651,14.041,17.83,19.725,21.932,26.077,28.51,25.39,19.883,13.592,8.861,6.617,17.675,8.845,13.732,12.332,15.923,20.465,25.142,27.619,24.733,19.455,13.028,8.344,7.208,16.402,0.612,0.594,0.517,0.49,0.572,0.646,0.638,0.684,0.675,0.67,0.533,0.493,0.6,0.582,0.612,0.568,0.548,0.65,0.704,0.64,0.643,0.667,0.596,0.534,0.557,0.619,0.623,0.674,0.638,0.564,0.551,0.627,0.706,0.699,0.659,0.591,0.526,0.475,0.618,0.571,0.661,0.441,0.46,0.516,0.603,0.681,0.677,0.642,0.565,0.494,0.516,0.574,66.295,77.611,75.547,70.224,53.459,37.605,36.615,23.696,22.332,26.215,52.21,69.335,50.928,69.693,67.236,74.06,68.18,39.387,24.246,37.4,34.124,26.422,40.632,52.86,64.245,49.875,73.16,68.904,77.2,65.749,57.441,37.745,16.986,18.919,24.25,44.946,56.458,62.626,50.363,52.797,65.956,87.212,76.732,66.881,44.351,21.207,24.208,29.82,50.824,63.163,65.309,54.039,1.526,1.939,2.96,3.196,2.58,0.886,0.716,0.427,0.267,0.129,1.103,0.831,1.38,1.867,1.232,3.042,0.508,0.592,0.144,0.438,0.379,0.603,1.288,0.847,1.401,1.028,1.91,0.873,3.168,0.872,2.301,1.081,0.079,0.069,0.496,0.961,1.251,0.253,1.109,0.75,1.946,2.833,3.073,2.104,1.031,0.753,0.244,0.353,1.771,3.256,2.009,1.677
39.33,41.67,9.458,12.561,14.651,17.334,22.826,26.82,25.914,24.94,20.326,15.44,8.942,7.061,17.189,9.079,13.034,16.616,19.168,25.968,29.263,25.89,23.318,20.067,13.748,8.955,7.602,17.724,9.608,13.925,17.895,19.745,21.866,25.941,28.55,25.408,19.817,13.691,8.797,6.67,17.658,8.857,13.729,11.997,15.813,20.462,25.08,27.712,24.794,19.607,13.1,8.35,7.183,16.39,0.609,0.604,0.524,0.499,0.574,0.645,0.642,0.687,0.674,0.674,0.53,0.507,0.603,0.581,0.623,0.594,0.551,0.655,0.704,0.641,0.642,0.665,0.597,0.535,0.545,0.622,0.62,0.668,0.641,0.564,0.55,0.623,0.706,0.699,0.658,0.596,0.523,0.479,0.618,0.571,0.66,0.43,0.457,0.515,0.602,0.683,0.679,0.647,0.569,0.494,0.514,0.574,66.58,77.526,75.718,70.006,54.207,38.512,36.305,24.113,22.615,26.021,51.409,67.994,50.917,70.028,66.947,73.324,68.298,39.307,24.964,38.202,35.762,27.178,40.264,52.633,64.674,50.133,73.545,69.249,77.441,66.298,57.247,39.048,17.351,19.878,25.006,45.611,57.02,62.195,50.822,52.29,65.805,87.991,77.028,67.127,45.049,21.44,24.31,29.461,51.013,64.044,66.126,54.307,1.728,2.112,3.419,3.273,2.863,0.841,0.677,0.394,0.328,0.108,1.251,0.845,1.486,2.18,1.33,3.289,0.539,0.495,0.169,0.385,0.424,0.678,1.389,0.961,1.621,1.121,2.196,1.05,3.737,0.97,2.439,1.146,0.084,0.053,0.525,0.943,1.385,0.257,1.232,0.883,2.309,3.329,3.311,2.248,1.057,0.748,0.273,0.31,1.718,3.808,2.316,1.86
38.67,42.33,9.301,11.838,14.21,17.019,23.058,27.408,26.094,25.308,20.681,15.68,9.13,6.999,17.226,9.024,12.737,15.391,19.307,26.168,30.026,26.6,23.824,20.752,14.125,9.131,7.75,17.901,9.499,13.973,17.226,19.92,22.236,26.855,28.956,25.719,20.339,13.768,8.953,7.018,17.871,8.942,13.485,12.614,16.284,20.946,25.911,28.057,25.042,19.759,13.057,8.502,7.298,16.658,0.592,0.564,0.505,0.487,0.578,0.66,0.646,0.697,0.683,0.678,0.535,0.493,0.603,0.57,0.604,0.547,0.553,0.66,0.722,0.658,0.655,0.683,0.608,0.537,0.547,0.624,0.605,0.665,0.612,0.569,0.557,0.645,0.717,0.707,0.672,0.593,0.525,0.495,0.622,0.569,0.643,0.45,0.468,0.528,0.622,0.693,0.684,0.649,0.562,0.496,0.515,0.58,68.253,78.968,76.549,71.034,52.609,34.503,34.847,21.022,20.367,24.923,52.018,67.874,50.247,70.031,68.228,75.835,67.352,38.046,20.467,32.098,31.317,22.862,39.032,52.719,65.152,48.597,74.878,70.702,78.955,66.03,56.477,33.787,14.389,16.926,21.746,43.314,55.457,60.586,49.435,52.916,66.564,86.329,76.258,64.843,40.603,18.971,22.266,27.438,50.391,62.004,64.906,52.791,1.704,2.175,3.451,3.309,2.351,0.702,0.54,0.306,0.146,0.095,1.138,0.883,1.401,2.01,1.258,3.113,0.45,0.506,0.077,0.286,0.273,0.407,1.181,0.845,1.495,0.991,2.182,0.997,3.427,0.762,2.134,0.717,0.044,0.04,0.349,0.978,1.545,0.197,1.113,0.896,2.043,2.679,2.876,1.901,0.68,0.428,0.226,0.309,1.791,3.35,2.153,1.612
38.67,41.67,9.206,12.057,14.327,17.302,23.113,27.381,26.297,25.443,20.644,15.748,9.108,7.043,17.305,8.991,12.822,15.958,19.448,26.331,30.014,26.666,23.805,20.684,14.136,9.113,7.51,17.954,9.39,13.834,17.209,19.995,22.194,26.748,29.073,25.765,20.236,13.881,8.866,7.034,17.851,8.87,13.481,12.204,16.136,20.971,25.914,28.197,25.121,19.923,13.124,8.519,7.253,16.642,0.586,0.575,0.509,0.496,0.58,0.659,0.651,0.7,0.681,0.682,0.534,0.497,0.605,0.568,0.607,0.566,0.557,0.664,0.722,0.659,0.655,0.682,0.609,0.536,0.531,0.627,0.598,0.658,0.612,0.57,0.557,0.643,0.719,0.708,0.669,0.598,0.521,0.497,0.622,0.564,0.642,0.436,0.465,0.528,0.622,0.695,0.687,0.655,0.565,0.497,0.512,0.58,68.51,78.954,76.505,70.479,53.14,35.128,33.939,21.022,20.28,24.35,50.764,66.989,50.005,70.46,67.966,74.842,67.087,37.589,20.793,32.54,32.503,22.955,38.492,52.487,65.76,48.625,75.023,70.868,78.759,66.086,55.737,34.633,14.088,17.258,22.128,43.742,55.791,60.134,49.518,52.675,65.904,87.329,76.659,64.917,41.156,18.749,21.981,26.627,50.418,62.643,65.73,52.899,1.907,2.337,3.938,3.452,2.629,0.656,0.504,0.265,0.176,0.064,1.244,0.885,1.505,2.36,1.332,3.354,0.464,0.414,0.09,0.236,0.292,0.432,1.186,0.926,1.665,1.062,2.404,1.174,4.024,0.84,2.256,0.762,0.047,0.028,0.368,0.929,1.673,0.185,1.223,1.056,2.401,3.106,3.074,1.991,0.682,0.437,0.245,0.272,1.676,3.876,2.45,1.774
39.33,43.0,9.511,11.644,13.695,16.366,22.499,26.733,25.262,24.333,20.272,15.132,8.907,6.561,16.744,9.001,12.228,14.049,18.921,25.256,29.176,25.554,23.441,20.307,13.588,8.911,8.07,17.374,9.495,13.839,16.837,19.651,21.926,26.091,28.281,25.228,20.096,13.312,8.92,6.376,17.506,8.94,13.621,12.976,16.087,20.378,24.789,27.217,24.578,18.955,12.778,8.261,7.177,16.315,0.614,0.557,0.49,0.469,0.564,0.643,0.626,0.672,0.675,0.659,0.528,0.47,0.59,0.577,0.586,0.501,0.543,0.636,0.704,0.631,0.647,0.671,0.591,0.53,0.578,0.609,0.612,0.665,0.602,0.564,0.55,0.627,0.701,0.694,0.663,0.576,0.528,0.454,0.612,0.576,0.656,0.463,0.462,0.516,0.593,0.674,0.672,0.624,0.552,0.486,0.513,0.571,65.237,77.65,75.404,71.671,53.39,37.276,38.995,25.159,23.208,28.179,55.243,72.183,51.964,69.179,66.339,75.243,68.602,41.916,24.133,37.817,32.697,25.475,41.796,54.621,61.945,49.982,71.712,67.931,77.121,65.209,59.18,37.778,18.598,18.591,23.32,44.979,56.897,65.81,50.591,52.554,67.205,85.004,76.949,67.032,45.833,23.389,24.705,32.366,51.762,62.496,64.575,54.488,1.067,1.543,2.008,2.864,1.997,0.89,0.759,0.465,0.121,0.217,0.789,0.829,1.131,1.216,0.947,2.302,0.49,0.822,0.082,0.53,0.309,0.438,1.157,0.657,0.936,0.824,1.409,0.536,1.885,0.699,2.013,0.85,0.062,0.115,0.356,0.964,1.006,0.252,0.845,0.568,1.202,1.93,2.57,1.924,1.012,0.636,0.172,0.41,1.823,2.052,1.365,1.304
38.67,43.0,9.491,11.359,13.622,16.485,22.805,27.219,25.521,24.774,20.593,15.388,9.0,6.873,16.928,9.071,12.397,13.968,19.185,25.552,29.845,26.186,23.77,20.81,13.954,9.11,8.215,17.672,9.544,13.966,16.64,19.791,22.166,26.753,28.586,25.501,20.52,13.481,9.041,6.743,17.728,9.163,13.526,13.297,16.447,20.786,25.41,27.538,24.824,19.252,12.833,8.387,7.291,16.565,0.606,0.539,0.484,0.471,0.572,0.655,0.632,0.683,0.682,0.665,0.528,0.485,0.594,0.574,0.589,0.495,0.55,0.644,0.72,0.646,0.655,0.684,0.603,0.535,0.58,0.617,0.608,0.666,0.592,0.568,0.556,0.643,0.709,0.702,0.675,0.579,0.53,0.474,0.617,0.584,0.647,0.472,0.471,0.526,0.609,0.683,0.678,0.631,0.551,0.488,0.515,0.577,66.39,78.412,76.205,72.448,52.58,34.728,37.832,22.973,21.475,27.308,55.44,70.379,51.345,68.76,66.482,76.214,67.973,40.949,20.984,33.635,30.681,22.701,40.499,54.34,62.433,48.806,72.859,68.849,78.41,65.637,58.641,34.483,16.649,17.145,21.252,43.696,55.905,64.217,49.809,52.172,67.412,83.799,76.028,65.422,42.563,21.64,23.203,30.317,51.407,61.637,64.04,53.302,1.216,1.771,2.397,2.85,1.819,0.746,0.596,0.374,0.063,0.196,0.883,0.881,1.152,1.28,1.003,2.354,0.46,0.746,0.043,0.405,0.251,0.328,1.199,0.697,1.085,0.821,1.694,0.641,2.045,0.651,1.913,0.598,0.035,0.076,0.247,1.008,1.25,0.226,0.865,0.66,1.285,1.91,2.498,1.84,0.745,0.369,0.159,0.363,1.912,2.178,1.499,1.284
39.0,43.33,9.564,11.357,13.564,16.173,22.55,26.934,25.316,24.5,20.431,15.201,8.949,6.592,16.762,8.986,12.209,13.559,18.969,25.279,29.547,25.87,23.618,20.612,13.763,8.951,8.213,17.464,9.455,13.909,16.573,19.648,21.995,26.434,28.434,25.35,20.374,13.326,8.988,6.471,17.581,9.038,13.607,13.21,16.171,20.501,25.031,27.28,24.662,18.975,12.73,8.316,7.217,16.397,0.614,0.54,0.484,0.463,0.565,0.648,0.628,0.677,0.678,0.659,0.528,0.469,0.589,0.572,0.582,0.481,0.544,0.637,0.713,0.638,0.651,0.679,0.596,0.529,0.584,0.611,0.606,0.666,0.592,0.564,0.552,0.635,0.705,0.698,0.671,0.573,0.529,0.457,0.613,0.58,0.653,0.47,0.464,0.52,0.598,0.677,0.673,0.623,0.548,0.486,0.513,0.572,64.965,77.722,75.35,72.312,53.21,36.086,38.806,24.017,22.249,27.926,55.6,72.099,51.692,69.035,65.849,75.637,68.312,42.039,22.385,35.673,31.433,23.498,41.259,55.259,61.391,49.316,71.778,67.566,77.468,65.149,59.488,36.108,17.454,17.556,21.746,44.42,56.528,65.699,50.077,51.832,66.951,84.083,76.767,66.545,44.584,23.003,24.107,31.679,51.794,62.354,64.324,54.001,1.059,1.575,1.986,2.77,1.851,0.834,0.652,0.414,0.06,0.228,0.744,0.859,1.089,1.123,0.908,2.196,0.471,0.832,0.045,0.483,0.28,0.348,1.182,0.669,0.952,0.791,1.473,0.533,1.767,0.639,1.931,0.648,0.038,0.096,0.261,0.983,1.036,0.235,0.803,0.589,1.09,1.777,2.414,1.888,0.868,0.414,0.153,0.378,1.906,1.89,1.302,1.221
39.0,42.67,9.631,11.634,13.768,16.244,22.618,27.049,25.467,24.66,20.462,15.306,9.007,6.651,16.876,9.089,12.365,13.958,18.963,25.506,29.648,25.993,23.59,20.589,13.842,8.921,8.242,17.558,9.678,14.231,17.297,19.74,22.001,26.524,28.562,25.406,20.304,13.403,8.925,6.592,17.723,9.052,13.818,13.077,16.019,20.533,25.238,27.447,24.678,19.113,12.764,8.268,7.223,16.438,0.618,0.554,0.491,0.465,0.566,0.65,0.632,0.681,0.679,0.664,0.531,0.473,0.593,0.578,0.59,0.496,0.544,0.643,0.715,0.641,0.65,0.678,0.599,0.528,0.586,0.614,0.62,0.681,0.617,0.567,0.552,0.637,0.708,0.7,0.669,0.577,0.526,0.466,0.618,0.581,0.663,0.465,0.46,0.521,0.604,0.68,0.674,0.628,0.55,0.484,0.514,0.573,64.992,77.732,75.725,72.285,53.011,35.612,37.9,23.389,21.95,27.129,54.665,71.121,51.29,67.906,66.979,76.027,68.353,40.768,21.887,35.149,31.471,23.806,41.097,55.11,62.397,49.248,72.555,68.285,77.503,65.422,58.875,35.335,16.591,17.598,21.839,44.197,56.674,63.986,49.901,51.843,66.121,85.086,77.072,66.392,43.55,21.907,24.106,30.783,51.589,62.983,65.255,53.89,1.209,1.714,2.266,2.93,1.976,0.842,0.642,0.406,0.085,0.19,0.819,0.862,1.164,1.335,1.01,2.462,0.456,0.761,0.055,0.447,0.267,0.372,1.209,0.718,1.096,0.849,1.643,0.63,2.169,0.671,1.993,0.688,0.039,0.084,0.307,0.99,1.118,0.231,0.88,0.644,1.309,1.99,2.568,1.918,0.829,0.446,0.177,0.371,1.921,2.252,1.51,1.326
39.33,43.33,9.386,11.513,13.643,16.414,22.488,26.592,25.156,24.185,20.198,15.05,8.866,6.533,16.669,8.875,12.146,14.004,18.943,25.093,29.014,25.394,23.469,20.244,13.493,8.953,7.917,17.294,9.252,13.403,16.112,19.529,21.903,25.918,28.136,25.16,20.095,13.274,8.982,6.277,17.337,8.868,13.313,12.96,16.277,20.343,24.606,27.079,24.574,18.856,12.807,8.367,7.171,16.27,0.607,0.552,0.488,0.471,0.565,0.64,0.623,0.667,0.672,0.656,0.527,0.468,0.587,0.57,0.582,0.5,0.544,0.632,0.699,0.628,0.648,0.669,0.587,0.533,0.568,0.607,0.597,0.645,0.577,0.56,0.55,0.623,0.697,0.692,0.663,0.574,0.532,0.448,0.606,0.571,0.641,0.464,0.468,0.515,0.589,0.671,0.672,0.621,0.554,0.494,0.513,0.57,65.682,77.652,75.051,71.247,53.53,37.987,39.671,25.876,23.713,28.698,55.639,72.829,52.295,70.779,65.523,74.611,68.415,42.817,25.021,38.606,32.926,25.683,41.744,54.264,61.356,50.147,71.16,67.625,77.1,64.908,59.469,38.917,19.595,18.78,23.557,45.187,56.476,66.951,50.809,52.789,68.144,84.371,76.487,67.127,46.856,24.342,24.638,33.226,51.717,61.487,63.458,54.552,0.982,1.46,1.921,2.797,1.982,0.873,0.794,0.468,0.115,0.238,0.767,0.811,1.102,1.13,0.893,2.188,0.511,0.857,0.08,0.548,0.331,0.433,1.1,0.62,0.864,0.797,1.3,0.5,1.741,0.695,1.995,0.855,0.069,0.128,0.335,0.935,0.96,0.248,0.813,0.525,1.123,1.856,2.487,1.89,1.067,0.64,0.17,0.409,1.762,1.881,1.272,1.256
39.33,42.67,9.497,11.86,13.922,16.59,22.585,26.736,25.368,24.429,20.274,15.176,8.928,6.655,16.835,9.034,12.397,14.626,18.963,25.372,29.136,25.566,23.418,20.241,13.598,8.939,7.959,17.436,9.539,13.865,17.073,19.654,21.924,26.044,28.304,25.256,20.007,13.384,8.924,6.421,17.533,8.898,13.618,12.817,16.1,20.391,24.863,27.301,24.611,19.077,12.863,8.305,7.201,16.338,0.613,0.569,0.498,0.476,0.567,0.643,0.629,0.675,0.674,0.662,0.529,0.477,0.593,0.579,0.594,0.522,0.544,0.639,0.702,0.632,0.646,0.669,0.591,0.533,0.571,0.611,0.616,0.666,0.611,0.564,0.55,0.626,0.701,0.695,0.662,0.58,0.529,0.459,0.613,0.574,0.656,0.458,0.463,0.516,0.595,0.675,0.673,0.629,0.557,0.49,0.516,0.572,65.636,77.624,75.42,71.103,53.274,37.426,38.416,24.882,23.044,27.689,54.481,71.535,51.709,69.444,66.507,74.776,68.409,41.22,24.353,37.92,33.039,25.917,41.533,53.881,62.554,49.964,71.937,68.154,77.044,65.292,58.677,37.867,18.336,18.706,23.72,44.909,56.537,65.061,50.517,52.799,66.988,85.521,76.672,67.001,45.518,22.832,24.562,31.832,51.411,62.331,64.418,54.323,1.17,1.63,2.243,2.956,2.151,0.897,0.769,0.464,0.167,0.193,0.878,0.82,1.196,1.373,1.025,2.499,0.498,0.766,0.103,0.515,0.332,0.49,1.175,0.693,1.043,0.876,1.506,0.613,2.196,0.749,2.09,0.943,0.071,0.105,0.403,0.961,1.06,0.253,0.912,0.593,1.389,2.156,2.709,1.959,1.038,0.704,0.192,0.4,1.795,2.35,1.521,1.4
38.67,43.33,9.423,11.302,13.601,16.596,22.856,27.131,25.446,24.712,20.581,15.327,8.961,6.931,16.906,9.024,12.395,14.025,19.264,25.403,29.761,26.096,23.825,20.841,13.917,9.192,8.107,17.654,9.355,13.639,15.984,19.695,22.166,26.665,28.488,25.491,20.581,13.481,9.13,6.679,17.613,9.134,13.296,13.335,16.694,20.794,25.321,27.443,24.86,19.227,12.878,8.507,7.314,16.569,0.601,0.537,0.483,0.474,0.574,0.654,0.63,0.68,0.682,0.663,0.526,0.489,0.593,0.571,0.588,0.497,0.552,0.64,0.717,0.644,0.656,0.686,0.601,0.539,0.572,0.617,0.595,0.65,0.569,0.564,0.557,0.641,0.706,0.701,0.677,0.579,0.535,0.469,0.613,0.581,0.635,0.475,0.478,0.526,0.607,0.68,0.679,0.63,0.553,0.495,0.517,0.577,66.754,78.35,75.827,72.053,52.533,35.092,38.385,23.262,21.517,27.672,55.958,70.814,51.516,70.035,65.311,75.289,67.604,41.71,21.36,34.009,30.674,22.254,40.24,53.915,61.836,48.688,72.122,68.312,78.244,65.317,58.84,35.071,17.239,16.991,21.153,43.741,55.273,65.37,49.804,52.504,68.049,82.923,75.252,65.417,43.214,22.279,22.878,30.729,51.344,60.547,62.779,53.159,1.154,1.731,2.37,2.763,1.788,0.72,0.603,0.368,0.06,0.213,0.899,0.867,1.13,1.198,0.971,2.249,0.48,0.772,0.041,0.411,0.274,0.319,1.17,0.671,1.052,0.801,1.621,0.619,1.904,0.658,1.894,0.593,0.04,0.079,0.222,0.991,1.234,0.224,0.839,0.625,1.221,1.859,2.45,1.818,0.77,0.356,0.149,0.352,1.87,2.046,1.429,1.245
38.67,42.67,9.412,11.459,13.785,16.664,22.908,27.291,25.673,24.925,20.631,15.479,9.043,6.943,17.018,9.056,12.506,14.392,19.232,25.723,29.906,26.306,23.816,20.814,14.008,9.152,8.065,17.747,9.519,13.926,16.701,19.818,22.206,26.805,28.68,25.571,20.49,13.568,9.047,6.841,17.764,9.102,13.453,13.164,16.499,20.857,25.587,27.69,24.902,19.402,12.912,8.452,7.319,16.613,0.6,0.544,0.49,0.476,0.574,0.657,0.636,0.686,0.683,0.669,0.53,0.489,0.596,0.572,0.593,0.51,0.551,0.649,0.721,0.65,0.655,0.685,0.604,0.537,0.569,0.619,0.606,0.663,0.594,0.568,0.557,0.644,0.711,0.703,0.675,0.583,0.53,0.481,0.618,0.58,0.642,0.468,0.473,0.527,0.613,0.685,0.68,0.637,0.555,0.492,0.517,0.579,67.24,78.692,76.417,72.03,52.427,34.488,37.028,22.385,21.135,26.644,54.632,69.638,51.061,69.297,67.014,76.22,67.722,40.094,20.751,32.988,30.612,22.694,40.033,53.64,63.226,48.693,73.469,69.563,78.73,65.797,58.027,34.106,16.081,17.031,21.372,43.422,55.512,63.161,49.686,52.568,67.492,84.308,75.843,65.116,41.808,20.822,22.825,29.558,51.032,61.326,63.894,53.049,1.344,1.884,2.704,2.983,1.937,0.724,0.586,0.354,0.084,0.166,0.965,0.879,1.219,1.469,1.078,2.564,0.457,0.678,0.051,0.367,0.254,0.344,1.177,0.725,1.192,0.863,1.822,0.735,2.406,0.675,1.956,0.626,0.038,0.067,0.271,1.004,1.347,0.216,0.929,0.711,1.486,2.092,2.587,1.829,0.718,0.387,0.177,0.349,1.875,2.479,1.673,1.363
39.33,44.0,9.004,10.853,13.575,16.281,22.496,26.32,24.848,23.769,19.998,14.792,8.736,6.402,16.424,8.445,11.775,13.394,18.978,24.551,28.797,25.174,23.705,20.252,13.308,9.088,7.581,17.085,8.466,12.159,13.702,19.129,21.817,25.661,27.733,24.983,20.269,13.148,9.236,5.992,16.857,8.625,12.157,13.185,16.937,20.328,24.301,26.564,24.591,18.417,12.865,8.793,7.181,16.163,0.583,0.522,0.485,0.467,0.567,0.635,0.613,0.653,0.665,0.647,0.521,0.46,0.577,0.543,0.563,0.479,0.544,0.619,0.691,0.624,0.653,0.67,0.579,0.538,0.543,0.602,0.546,0.585,0.491,0.546,0.551,0.617,0.687,0.687,0.669,0.569,0.547,0.426,0.589,0.553,0.582,0.474,0.486,0.514,0.582,0.659,0.672,0.607,0.558,0.52,0.513,0.566,66.562,76.949,73.232,70.772,53.862,39.618,42.005,28.081,25.445,30.538,57.674,74.942,53.304,75.291,62.153,72.8,67.497,46.088,27.015,39.874,32.924,25.472,42.105,54.113,58.55,50.325,68.731,65.421,77.108,64.019,61.137,41.699,22.744,19.29,23.413,45.905,54.819,70.525,51.234,53.133,70.222,81.453,74.926,67.47,49.456,28.354,24.43,36.378,51.812,58.213,59.729,54.631,0.677,1.162,1.55,2.475,1.887,0.818,0.822,0.492,0.067,0.344,0.647,0.757,0.975,0.751,0.692,1.747,0.59,1.049,0.048,0.584,0.445,0.339,0.95,0.525,0.658,0.7,0.949,0.374,1.216,0.644,1.97,0.735,0.084,0.148,0.183,0.84,0.743,0.215,0.674,0.378,0.733,1.499,2.053,1.839,1.245,0.474,0.167,0.392,1.616,1.141,0.889,1.038
38.67,44.0,9.158,10.969,13.653,16.582,22.867,26.798,25.138,24.349,20.429,15.014,8.805,6.781,16.712,8.762,12.119,13.705,19.313,24.786,29.408,25.808,23.993,20.86,13.713,9.325,7.752,17.461,8.659,12.553,13.811,19.273,22.056,26.344,28.108,25.359,20.696,13.389,9.384,6.254,17.155,8.838,12.348,13.509,17.326,20.71,25.025,26.938,24.882,18.9,12.975,8.911,7.331,16.476,0.586,0.523,0.486,0.475,0.577,0.647,0.62,0.668,0.677,0.652,0.519,0.481,0.585,0.556,0.575,0.487,0.553,0.624,0.706,0.639,0.659,0.687,0.593,0.545,0.548,0.613,0.552,0.599,0.493,0.55,0.557,0.634,0.696,0.696,0.68,0.576,0.55,0.439,0.597,0.56,0.587,0.484,0.496,0.524,0.6,0.668,0.679,0.62,0.559,0.521,0.518,0.575,66.879,77.175,73.237,70.825,52.672,36.902,40.697,24.977,22.455,29.351,57.915,73.357,52.201,74.044,60.761,71.937,66.276,44.842,23.482,35.96,30.78,21.263,40.333,53.585,58.553,48.487,68.428,65.026,76.924,63.823,60.269,37.807,19.874,16.996,20.928,44.393,53.47,69.965,49.825,52.982,69.071,79.94,73.135,66.046,46.177,25.92,22.552,33.232,51.374,57.351,58.843,53.051,0.824,1.402,1.923,2.411,1.752,0.707,0.639,0.406,0.034,0.311,0.816,0.782,1.002,0.795,0.79,1.785,0.57,0.975,0.024,0.483,0.416,0.258,1.022,0.565,0.841,0.712,1.164,0.469,1.282,0.657,1.873,0.558,0.063,0.094,0.122,0.889,0.94,0.207,0.692,0.447,0.806,1.54,2.124,1.811,0.976,0.284,0.122,0.321,1.678,1.305,1.005,1.038
39.0,43.67,9.18,10.786,13.628,16.362,22.635,26.61,25.124,24.272,20.358,14.955,8.852,6.467,16.603,8.558,11.997,13.497,19.114,24.761,29.251,25.686,23.866,20.693,13.58,9.168,7.686,17.319,8.551,12.528,14.024,19.223,22.016,26.155,28.125,25.3,20.545,13.268,9.325,6.128,17.097,8.706,12.461,13.345,16.964,20.505,24.74,26.91,24.792,18.783,12.885,8.808,7.272,16.349,0.591,0.517,0.487,0.469,0.57,0.642,0.62,0.667,0.676,0.651,0.525,0.462,0.582,0.546,0.571,0.481,0.549,0.624,0.702,0.636,0.657,0.683,0.589,0.539,0.548,0.609,0.549,0.601,0.502,0.548,0.556,0.629,0.697,0.696,0.676,0.572,0.549,0.432,0.596,0.555,0.595,0.479,0.486,0.52,0.592,0.668,0.677,0.618,0.557,0.517,0.517,0.571,66.574,77.589,73.261,70.675,53.436,37.963,40.37,24.983,22.699,29.297,56.737,74.72,52.356,75.948,61.86,72.734,66.966,45.075,24.406,36.687,31.362,22.214,40.623,53.835,58.91,49.22,69.274,65.244,77.229,64.016,60.466,38.739,19.346,16.969,21.562,44.669,54.133,70.352,50.166,53.074,69.51,81.167,74.475,66.8,46.889,25.714,23.123,33.361,51.28,58.506,59.467,53.613,0.771,1.294,1.672,2.458,1.826,0.797,0.672,0.414,0.035,0.316,0.662,0.799,0.978,0.788,0.72,1.779,0.55,0.981,0.028,0.541,0.402,0.298,1.025,0.576,0.756,0.705,1.11,0.412,1.258,0.617,1.909,0.616,0.056,0.11,0.153,0.895,0.833,0.216,0.682,0.443,0.761,1.502,2.078,1.841,1.042,0.329,0.129,0.343,1.742,1.262,0.947,1.038
39.33,43.67,9.093,11.062,13.556,16.299,22.479,26.366,24.874,23.793,19.998,14.837,8.751,6.426,16.462,8.579,11.834,13.504,18.962,24.662,28.788,25.145,23.613,20.19,13.321,9.042,7.701,17.11,8.713,12.486,14.381,19.25,21.824,25.668,27.782,24.978,20.186,13.163,9.148,6.059,16.969,8.704,12.466,13.142,16.767,20.318,24.321,26.652,24.549,18.481,12.841,8.655,7.163,16.173,0.589,0.531,0.485,0.468,0.566,0.635,0.614,0.655,0.666,0.648,0.522,0.462,0.579,0.551,0.566,0.482,0.544,0.622,0.692,0.622,0.651,0.668,0.58,0.536,0.552,0.602,0.562,0.601,0.515,0.551,0.55,0.617,0.688,0.687,0.666,0.57,0.542,0.432,0.593,0.559,0.598,0.472,0.481,0.514,0.582,0.66,0.671,0.609,0.556,0.511,0.512,0.567,66.267,77.039,73.786,71.011,53.714,39.253,41.669,27.982,25.409,30.296,57.43,74.408,53.186,73.621,63.143,73.345,67.836,45.321,26.757,40.002,33.056,25.949,42.259,54.263,59.227,50.4,69.254,66.096,77.0,64.229,60.719,41.266,22.414,19.476,23.657,45.841,55.446,69.598,51.249,53.104,69.715,82.172,75.367,67.385,49.05,27.6,24.659,35.974,51.9,59.057,60.865,54.736,0.736,1.223,1.613,2.562,1.883,0.834,0.843,0.5,0.076,0.319,0.679,0.763,1.003,0.834,0.741,1.842,0.571,1.012,0.057,0.582,0.408,0.361,0.976,0.533,0.69,0.719,1.012,0.393,1.304,0.661,1.967,0.778,0.083,0.151,0.23,0.858,0.791,0.225,0.704,0.405,0.817,1.564,2.171,1.843,1.216,0.548,0.17,0.409,1.639,1.292,0.973,1.088
38.67,43.67,9.235,11.088,13.611,16.602,22.892,26.91,25.188,24.409,20.453,15.097,8.833,6.87,16.766,8.879,12.199,13.776,19.333,24.943,29.507,25.858,23.947,20.852,13.773,9.307,7.913,17.523,8.911,12.882,14.452,19.415,22.092,26.436,28.174,25.371,20.677,13.416,9.315,6.4,17.294,8.972,12.613,13.522,17.207,20.761,25.105,27.05,24.863,18.971,12.951,8.791,7.329,16.512,0.59,0.527,0.484,0.475,0.577,0.649,0.622,0.671,0.677,0.654,0.52,0.486,0.587,0.562,0.578,0.489,0.553,0.628,0.709,0.64,0.658,0.686,0.595,0.544,0.558,0.614,0.567,0.614,0.515,0.555,0.557,0.636,0.698,0.696,0.679,0.576,0.545,0.449,0.602,0.569,0.6,0.483,0.493,0.525,0.602,0.67,0.679,0.622,0.557,0.512,0.517,0.576,66.819,77.408,74.065,71.349,52.465,36.225,40.269,24.779,22.424,29.074,57.751,72.46,52.089,72.349,61.971,72.892,66.649,44.02,22.847,35.512,30.71,21.66,40.433,53.732,59.383,48.515,69.341,65.972,77.246,64.245,59.874,37.029,19.485,17.17,20.97,44.223,53.995,68.617,49.847,52.838,68.782,80.496,73.557,65.737,45.325,25.089,22.657,32.768,51.441,58.092,59.95,53.06,0.905,1.5,2.047,2.491,1.717,0.698,0.639,0.403,0.037,0.287,0.857,0.803,1.033,0.885,0.845,1.891,0.547,0.928,0.028,0.459,0.369,0.267,1.068,0.585,0.899,0.732,1.291,0.506,1.406,0.662,1.866,0.561,0.058,0.092,0.145,0.917,1.034,0.213,0.728,0.488,0.906,1.607,2.22,1.806,0.915,0.308,0.13,0.336,1.731,1.477,1.116,1.088
40.0,26.33,7.319,10.369,13.334,19.164,22.62,25.447,28.086,24.76,18.936,12.249,8.091,5.356,16.309,6.402,10.665,13.127,18.143,24.046,25.26,27.205,24.396,18.057,11.059,7.151,5.47,15.916,7.563,9.459,13.861,20.088,25.113,25.207,27.516,22.589,18.671,13.473,7.651,5.429,16.384,6.011,11.056,13.18,16.928,19.165,24.881,27.705,23.239,17.847,13.227,7.621,5.783,15.555,0.49,0.512,0.48,0.549,0.568,0.611,0.696,0.686,0.635,0.546,0.496,0.4,0.576,0.424,0.522,0.477,0.524,0.606,0.604,0.673,0.675,0.606,0.492,0.438,0.41,0.565,0.501,0.466,0.5,0.582,0.637,0.606,0.682,0.626,0.624,0.598,0.467,0.401,0.585,0.396,0.541,0.481,0.487,0.483,0.599,0.688,0.637,0.593,0.585,0.462,0.428,0.556,55.63,57.057,58.175,49.64,56.892,37.879,12.682,13.739,21.97,36.892,48.596,66.032,42.931,69.625,55.001,57.445,56.211,44.679,37.935,17.767,14.802,35.234,48.758,60.981,68.152,47.215,54.744,55.829,57.625,46.478,38.086,34.797,13.838,24.144,23.916,30.153,54.205,63.163,41.417,64.525,49.924,62.399,65.741,66.412,35.441,11.941,20.066,33.771,37.261,59.429,60.468,47.284,1.346,2.024,1.178,2.257,2.118,1.264,0.049,0.119,0.169,2.327,0.269,5.06,1.513,7.126,3.911,2.951,1.409,2.305,1.273,0.256,0.135,0.259,2.642,1.952,5.241,2.457,1.691,4.293,1.373,1.513,0.325,0.841,0.778,1.822,0.22,0.095,2.041,2.21,1.436,3.147,0.421,2.878,2.47,0.845,1.888,0.137,0.053,0.455,0.231,5.772,3.847,1.844
40.33,26.33,7.265,10.204,13.338,19.124,22.284,25.06,27.854,24.478,18.795,12.089,7.973,5.148,16.134,6.307,10.498,13.035,17.925,23.688,24.611,26.997,24.227,17.738,10.726,7.027,5.312,15.675,7.407,9.397,13.787,19.851,24.928,24.892,27.43,22.404,18.427,13.342,7.519,5.326,16.225,5.822,10.899,13.102,16.705,19.077,24.821,27.49,23.115,17.72,13.084,7.47,5.709,15.42,0.489,0.506,0.482,0.549,0.56,0.602,0.69,0.678,0.633,0.541,0.492,0.387,0.572,0.421,0.516,0.474,0.518,0.598,0.59,0.669,0.67,0.596,0.478,0.433,0.4,0.558,0.494,0.464,0.498,0.574,0.631,0.598,0.679,0.62,0.617,0.594,0.463,0.398,0.58,0.387,0.537,0.478,0.483,0.482,0.598,0.682,0.635,0.591,0.58,0.457,0.427,0.552,55.956,59.102,59.697,50.382,59.504,41.394,14.604,16.444,23.773,39.602,50.466,68.923,44.986,71.079,56.863,59.637,58.431,47.612,41.707,19.353,16.622,38.985,51.873,62.588,69.859,49.55,55.855,57.442,59.361,48.326,39.604,36.826,15.676,26.484,27.184,32.333,56.606,64.756,43.373,66.947,52.528,64.128,68.233,67.772,37.816,14.071,21.843,36.239,39.633,61.364,61.341,49.327,1.246,1.949,1.227,2.241,2.071,1.349,0.052,0.152,0.187,2.326,0.265,4.743,1.483,7.166,3.904,2.62,1.447,2.248,1.437,0.241,0.18,0.282,2.598,2.031,5.044,2.434,1.521,4.029,1.155,1.492,0.39,0.945,0.72,1.854,0.267,0.113,1.966,1.973,1.371,3.068,0.427,2.591,2.453,0.958,1.688,0.229,0.075,0.431,0.228,5.733,3.485,1.78
39.67,26.33,7.293,10.351,13.44,19.228,22.727,25.397,28.07,24.86,18.899,12.347,8.241,5.41,16.354,6.375,10.703,13.237,18.109,24.207,25.411,27.174,24.464,18.218,11.334,7.306,5.426,15.998,7.55,9.49,13.719,20.068,25.205,25.28,27.714,22.673,18.75,13.439,7.813,5.56,16.438,6.156,10.94,13.171,17.045,19.307,24.912,27.834,23.267,18.045,13.31,7.628,5.828,15.622,0.484,0.508,0.483,0.551,0.571,0.61,0.695,0.687,0.633,0.549,0.501,0.401,0.577,0.419,0.521,0.478,0.522,0.61,0.609,0.673,0.676,0.609,0.501,0.445,0.403,0.566,0.496,0.465,0.494,0.58,0.638,0.608,0.686,0.627,0.625,0.593,0.474,0.408,0.584,0.403,0.533,0.478,0.491,0.487,0.6,0.691,0.639,0.599,0.586,0.46,0.429,0.556,55.964,57.171,58.619,50.237,56.392,37.659,13.068,13.366,22.425,37.282,48.136,65.588,42.992,70.857,55.025,58.116,56.975,44.124,36.7,17.734,14.713,34.985,47.861,60.059,68.937,47.173,55.983,56.731,59.645,47.118,37.637,34.828,13.628,23.818,23.852,31.058,53.994,62.399,41.725,63.392,50.733,62.794,65.479,66.463,35.801,11.981,20.348,33.734,37.4,60.172,60.919,47.436,1.296,2.15,1.289,2.054,2.091,1.225,0.043,0.125,0.163,2.162,0.266,5.132,1.499,6.787,3.613,2.88,1.441,1.821,1.174,0.197,0.121,0.23,2.48,1.987,5.304,2.337,1.753,4.109,1.349,1.306,0.282,0.733,0.669,1.556,0.202,0.084,2.08,2.06,1.351,3.161,0.501,3.017,2.484,0.85,1.786,0.124,0.048,0.468,0.219,5.507,3.604,1.813
40.33,27.0,6.724,9.838,13.121,18.95,22.044,24.712,27.62,24.405,18.222,11.821,7.569,4.889,15.828,6.08,10.164,12.733,17.527,23.315,24.368,26.481,24.014,17.601,10.482,6.925,5.161,15.407,7.131,9.117,12.951,19.304,24.967,24.627,27.564,22.078,17.997,12.589,7.258,5.222,15.899,5.754,10.43,12.002,16.192,18.856,24.474,27.508,22.485,17.883,12.881,7.171,5.554,15.103,0.453,0.487,0.474,0.545,0.555,0.591,0.686,0.675,0.615,0.53,0.469,0.369,0.562,0.407,0.502,0.461,0.508,0.588,0.586,0.655,0.661,0.592,0.464,0.427,0.389,0.548,0.474,0.448,0.467,0.557,0.63,0.593,0.684,0.61,0.6,0.557,0.447,0.39,0.569,0.385,0.514,0.438,0.47,0.479,0.59,0.683,0.618,0.597,0.57,0.437,0.414,0.54,62.303,62.613,61.251,51.514,58.949,42.44,16.146,17.213,27.806,42.057,54.211,72.192,47.39,73.516,59.486,61.418,60.423,48.665,41.787,21.285,17.13,41.688,55.02,63.151,71.959,51.292,60.306,59.589,64.684,49.517,39.28,38.81,15.427,27.267,28.16,38.431,60.285,66.913,45.723,69.032,56.449,68.903,70.584,69.001,40.055,14.462,25.687,37.076,41.457,63.661,62.989,51.612,1.705,2.075,1.027,1.795,2.062,1.441,0.063,0.123,0.227,2.347,0.386,3.675,1.409,6.453,3.441,2.503,1.599,1.937,1.466,0.2,0.122,0.268,1.873,1.99,4.235,2.173,1.347,4.105,0.977,1.386,0.365,0.782,0.85,1.616,0.247,0.158,1.757,1.573,1.265,2.494,0.566,2.785,2.524,1.269,1.262,0.168,0.058,0.356,0.312,6.371,3.312,1.788
39.67,27.0,6.766,9.967,13.182,18.99,22.322,24.838,27.738,24.727,18.297,12.042,7.866,5.118,15.989,6.176,10.286,12.804,17.593,23.757,24.888,26.638,24.282,17.983,11.034,7.217,5.3,15.667,7.281,9.177,12.848,19.469,25.125,24.798,27.836,22.288,18.332,12.664,7.522,5.427,16.063,5.987,10.482,12.012,16.31,18.807,24.45,27.795,22.572,18.138,13.055,7.283,5.715,15.22,0.45,0.49,0.474,0.545,0.563,0.594,0.689,0.683,0.614,0.536,0.481,0.381,0.565,0.408,0.503,0.461,0.509,0.599,0.599,0.658,0.668,0.602,0.485,0.44,0.394,0.555,0.479,0.448,0.461,0.561,0.633,0.598,0.69,0.615,0.61,0.556,0.458,0.4,0.571,0.395,0.512,0.436,0.473,0.477,0.589,0.69,0.619,0.603,0.574,0.438,0.42,0.542,62.558,61.843,61.06,52.229,56.987,40.246,15.878,15.028,27.422,41.107,52.383,70.206,46.411,73.77,58.736,61.121,60.045,46.113,38.38,20.1,15.317,38.795,51.81,61.251,71.374,49.732,60.745,59.609,65.388,48.753,38.27,38.369,13.925,26.083,25.816,37.845,58.707,65.533,44.92,66.98,55.425,68.766,69.404,69.119,39.415,12.65,25.445,35.559,40.164,63.335,62.743,50.749,1.674,2.223,1.041,1.679,2.016,1.347,0.057,0.09,0.194,2.175,0.364,3.958,1.4,6.156,3.27,2.72,1.599,1.586,1.252,0.151,0.075,0.226,1.774,1.962,4.481,2.104,1.47,4.165,1.096,1.225,0.275,0.633,0.771,1.367,0.183,0.117,1.89,1.656,1.239,2.71,0.57,3.055,2.546,1.226,1.356,0.097,0.037,0.342,0.296,6.178,3.377,1.814
40.0,27.33,6.594,9.873,13.043,18.89,22.18,24.794,27.61,24.543,18.112,11.863,7.611,4.964,15.842,6.072,10.101,12.683,17.528,23.481,24.738,26.444,24.095,17.763,10.716,7.019,5.241,15.494,7.152,9.096,12.751,19.279,25.074,24.709,27.695,22.138,18.064,12.479,7.321,5.299,15.92,5.825,10.399,11.766,16.179,18.852,24.407,27.625,22.34,18.051,12.888,7.172,5.61,15.096,0.443,0.487,0.471,0.542,0.559,0.592,0.686,0.678,0.61,0.53,0.47,0.373,0.562,0.404,0.497,0.458,0.508,0.592,0.596,0.653,0.662,0.596,0.472,0.431,0.393,0.549,0.473,0.445,0.459,0.556,0.632,0.596,0.687,0.611,0.601,0.55,0.449,0.394,0.568,0.388,0.511,0.429,0.47,0.478,0.588,0.686,0.613,0.601,0.568,0.434,0.415,0.539,64.584,63.211,61.741,52.523,57.713,41.419,16.856,16.719,28.819,42.726,55.159,71.815,47.772,74.328,60.049,61.955,60.592,47.998,40.14,21.59,16.919,41.315,54.261,62.604,72.105,51.152,61.788,60.113,66.453,49.396,39.272,39.277,15.194,26.777,27.536,39.853,60.425,67.171,46.104,68.944,56.922,69.961,70.587,69.194,40.468,14.452,27.017,36.898,41.893,64.154,63.431,51.992,1.878,2.175,1.036,1.66,2.029,1.432,0.06,0.103,0.237,2.249,0.438,3.51,1.399,6.099,3.202,2.623,1.669,1.737,1.371,0.171,0.083,0.26,1.764,1.912,4.079,2.08,1.421,4.189,1.021,1.302,0.303,0.697,0.903,1.494,0.209,0.153,1.74,1.521,1.248,2.399,0.648,2.977,2.555,1.349,1.229,0.112,0.038,0.345,0.363,6.429,3.357,1.815
40.0,26.67,6.776,9.981,13.15,18.95,22.26,24.881,27.765,24.618,18.312,11.954,7.679,5.027,15.948,6.181,10.272,12.837,17.672,23.597,24.851,26.63,24.164,17.861,10.713,7.004,5.304,15.594,7.297,9.218,13.034,19.529,25.042,24.836,27.672,22.213,18.221,12.728,7.353,5.314,16.037,5.826,10.615,12.11,16.322,18.913,24.514,27.69,22.544,17.982,13.018,7.321,5.639,15.211,0.454,0.493,0.474,0.544,0.561,0.595,0.69,0.681,0.616,0.534,0.473,0.378,0.564,0.411,0.505,0.463,0.512,0.594,0.597,0.657,0.665,0.6,0.473,0.43,0.398,0.553,0.482,0.452,0.469,0.563,0.632,0.599,0.687,0.614,0.607,0.561,0.451,0.394,0.573,0.388,0.52,0.442,0.474,0.479,0.591,0.688,0.619,0.599,0.574,0.443,0.416,0.543,61.774,60.925,60.111,51.086,56.732,39.811,14.727,14.904,26.049,39.721,52.526,70.035,45.699,72.443,58.085,59.671,58.683,46.22,38.799,19.638,15.358,38.415,52.303,61.353,70.318,49.271,58.873,58.168,63.267,47.767,37.956,37.333,14.076,25.632,25.478,36.259,58.182,65.349,44.029,67.492,54.001,67.485,68.728,67.91,38.226,12.323,24.353,35.104,39.433,61.828,61.889,49.896,1.693,2.096,0.992,1.793,2.04,1.361,0.054,0.102,0.205,2.336,0.354,4.045,1.42,6.274,3.411,2.637,1.574,1.914,1.304,0.167,0.092,0.244,1.923,1.908,4.417,2.155,1.432,4.214,1.064,1.327,0.286,0.635,0.859,1.583,0.188,0.117,1.858,1.654,1.269,2.606,0.501,3.008,2.447,1.199,1.329,0.105,0.035,0.346,0.271,6.295,3.57,1.807
40.33,27.33,6.634,9.77,13.045,18.934,21.997,24.707,27.489,24.314,18.123,11.761,7.545,4.861,15.767,5.995,10.053,12.619,17.45,23.242,24.265,26.366,23.948,17.492,10.507,6.963,5.097,15.336,7.005,9.027,12.793,19.118,24.996,24.528,27.538,22.04,17.883,12.451,7.27,5.219,15.821,5.797,10.242,11.838,16.151,18.829,24.426,27.41,22.401,17.897,12.766,7.059,5.532,15.032,0.448,0.483,0.472,0.544,0.554,0.591,0.682,0.672,0.611,0.527,0.467,0.367,0.56,0.401,0.496,0.458,0.506,0.587,0.584,0.653,0.659,0.588,0.466,0.43,0.385,0.545,0.467,0.444,0.462,0.552,0.63,0.591,0.682,0.609,0.597,0.552,0.448,0.391,0.566,0.387,0.506,0.431,0.469,0.478,0.588,0.68,0.616,0.597,0.566,0.431,0.414,0.537,63.833,64.176,62.462,52.477,60.136,43.877,17.985,19.066,29.951,44.562,56.114,73.419,49.003,74.868,60.88,63.266,61.958,50.257,43.117,23.009,18.716,44.238,56.616,64.429,73.49,52.902,62.545,61.108,66.885,51.083,40.569,40.282,16.464,28.243,30.118,41.013,61.916,68.24,47.372,69.742,58.837,70.415,71.861,70.099,41.845,16.659,27.557,38.762,43.533,65.633,64.257,53.266,1.843,2.151,1.094,1.731,2.088,1.503,0.071,0.128,0.255,2.269,0.466,3.277,1.405,6.454,3.304,2.549,1.655,1.82,1.537,0.232,0.125,0.288,1.796,2.023,4.045,2.151,1.383,4.099,1.006,1.408,0.404,0.9,0.878,1.554,0.289,0.202,1.664,1.552,1.28,2.361,0.711,2.718,2.664,1.342,1.257,0.186,0.071,0.386,0.402,6.427,3.118,1.803
40.33,26.67,6.883,9.915,13.205,19.017,22.072,24.786,27.69,24.414,18.392,11.881,7.69,4.949,15.909,6.139,10.262,12.802,17.62,23.382,24.351,26.625,24.072,17.618,10.537,6.959,5.182,15.465,7.194,9.179,13.178,19.437,24.945,24.656,27.521,22.156,18.108,12.783,7.327,5.24,15.976,5.778,10.535,12.285,16.313,18.868,24.564,27.486,22.667,17.833,12.946,7.239,5.593,15.179,0.464,0.491,0.478,0.547,0.555,0.594,0.687,0.676,0.62,0.532,0.476,0.373,0.564,0.411,0.506,0.465,0.511,0.59,0.585,0.659,0.664,0.593,0.468,0.429,0.391,0.55,0.479,0.452,0.476,0.562,0.63,0.593,0.682,0.613,0.605,0.567,0.451,0.392,0.571,0.385,0.52,0.448,0.473,0.478,0.592,0.682,0.623,0.595,0.574,0.442,0.418,0.543,60.31,61.729,60.76,51.062,59.364,42.338,15.642,17.094,26.71,41.435,52.85,71.437,46.726,72.787,58.728,60.841,59.993,48.511,41.967,20.788,16.882,41.073,54.218,63.043,71.422,50.853,58.993,59.049,63.002,49.23,39.306,38.307,15.393,27.131,27.95,36.809,59.415,66.312,45.075,68.454,55.532,67.679,70.047,68.829,39.463,14.301,24.607,36.825,40.838,63.116,62.47,51.013,1.567,2.038,1.043,1.915,2.079,1.423,0.061,0.125,0.211,2.366,0.343,3.927,1.423,6.745,3.631,2.537,1.545,2.052,1.482,0.22,0.136,0.266,2.009,2.034,4.464,2.26,1.357,4.098,1.02,1.431,0.388,0.841,0.799,1.673,0.257,0.149,1.814,1.696,1.295,2.664,0.514,2.712,2.524,1.187,1.378,0.189,0.066,0.362,0.284,6.274,3.341,1.79
39.67,27.33,6.719,9.917,13.132,18.989,22.29,24.825,27.652,24.703,18.241,12.034,7.947,5.146,15.968,6.125,10.2,12.685,17.508,23.743,24.786,26.577,24.295,17.937,11.18,7.318,5.27,15.639,7.186,9.088,12.7,19.314,25.17,24.695,27.862,22.3,18.299,12.563,7.591,5.455,16.017,6.057,10.32,11.862,16.25,18.719,24.389,27.751,22.54,18.212,12.988,7.182,5.738,15.17,0.447,0.486,0.473,0.545,0.562,0.594,0.686,0.682,0.611,0.535,0.485,0.382,0.565,0.404,0.498,0.457,0.506,0.599,0.597,0.658,0.669,0.599,0.492,0.446,0.391,0.553,0.472,0.443,0.456,0.556,0.634,0.595,0.69,0.615,0.609,0.551,0.462,0.401,0.569,0.399,0.504,0.43,0.471,0.475,0.587,0.688,0.619,0.604,0.571,0.432,0.422,0.54,63.87,63.58,62.407,53.497,58.184,41.687,17.672,16.526,29.421,43.659,53.667,71.253,47.95,75.219,60.134,63.201,61.823,47.523,39.639,21.618,16.471,41.038,52.724,62.256,72.814,51.204,63.013,61.355,67.585,50.287,39.573,40.146,14.8,27.042,27.52,40.305,60.178,66.861,46.554,67.677,57.786,70.491,70.863,70.52,41.329,14.574,27.302,36.978,42.117,65.42,63.99,52.42,1.766,2.305,1.105,1.631,2.014,1.395,0.065,0.088,0.21,2.068,0.422,3.577,1.387,6.17,3.191,2.787,1.659,1.45,1.32,0.172,0.072,0.238,1.708,2.001,4.32,2.09,1.485,4.145,1.101,1.233,0.308,0.746,0.772,1.299,0.211,0.147,1.818,1.649,1.245,2.667,0.692,2.965,2.68,1.322,1.392,0.114,0.046,0.352,0.376,6.216,3.166,1.831
39.67,26.67,6.926,10.063,13.281,19.081,22.424,24.977,27.844,24.786,18.479,12.132,8.003,5.206,16.1,6.234,10.426,12.916,17.723,23.89,25.01,26.8,24.354,18.068,11.158,7.282,5.327,15.768,7.361,9.256,13.074,19.629,25.15,24.91,27.825,22.4,18.469,12.87,7.627,5.482,16.17,6.07,10.589,12.307,16.504,18.891,24.567,27.822,22.776,18.131,13.151,7.376,5.757,15.331,0.46,0.494,0.478,0.547,0.564,0.599,0.691,0.685,0.62,0.539,0.488,0.387,0.569,0.41,0.509,0.466,0.512,0.602,0.601,0.663,0.671,0.604,0.492,0.443,0.396,0.558,0.484,0.452,0.47,0.566,0.635,0.6,0.69,0.619,0.615,0.566,0.464,0.403,0.575,0.399,0.517,0.447,0.478,0.478,0.592,0.691,0.625,0.602,0.578,0.444,0.423,0.546,60.459,60.47,60.252,51.529,56.782,39.413,14.969,14.387,25.972,39.906,50.621,68.814,45.297,72.886,57.518,60.063,59.203,45.341,37.65,19.296,14.821,37.471,50.387,60.649,70.656,48.827,59.356,58.814,63.582,48.212,37.86,37.281,13.517,25.363,25.031,35.88,57.28,64.375,43.879,65.604,54.061,67.121,68.22,68.513,38.338,12.157,23.945,34.802,39.007,62.433,62.117,49.693,1.553,2.215,1.063,1.764,2.046,1.315,0.053,0.087,0.176,2.175,0.329,4.28,1.42,6.379,3.385,2.793,1.539,1.634,1.22,0.168,0.081,0.219,1.886,1.995,4.755,2.171,1.529,4.177,1.185,1.243,0.283,0.659,0.718,1.373,0.187,0.108,1.961,1.792,1.27,2.869,0.53,3.064,2.557,1.117,1.474,0.102,0.042,0.357,0.269,6.047,3.431,1.82
40.33,28.0,6.239,9.608,12.694,18.88,21.855,24.787,26.939,24.183,17.647,11.639,7.564,4.905,15.579,5.707,9.643,12.158,17.156,23.182,24.092,25.872,23.801,17.203,10.843,7.191,5.044,15.16,6.595,8.761,12.106,18.486,25.152,24.118,27.512,21.934,17.546,11.88,7.402,5.308,15.566,6.023,9.581,11.08,15.939,18.613,24.153,27.067,22.052,18.102,12.39,6.702,5.561,14.775,0.421,0.473,0.461,0.542,0.55,0.593,0.666,0.667,0.592,0.522,0.467,0.367,0.556,0.381,0.475,0.442,0.496,0.587,0.581,0.643,0.655,0.575,0.482,0.445,0.38,0.538,0.441,0.43,0.439,0.533,0.634,0.58,0.679,0.604,0.587,0.526,0.455,0.398,0.556,0.401,0.475,0.401,0.462,0.473,0.579,0.668,0.607,0.602,0.55,0.409,0.416,0.527,70.761,70.018,66.93,56.434,62.819,47.378,25.007,24.448,38.062,53.056,62.521,76.123,54.461,79.779,65.637,70.01,67.448,54.841,46.126,29.098,23.67,52.301,60.42,67.337,77.881,57.88,71.038,66.224,75.403,55.85,44.786,46.226,19.812,31.365,36.076,50.548,66.784,72.319,53.034,71.323,67.185,76.115,76.217,73.878,48.162,23.795,34.344,43.93,50.662,72.243,68.279,58.846,2.481,2.472,1.34,1.426,2.13,1.762,0.092,0.128,0.384,1.996,0.798,1.743,1.398,6.222,2.664,2.825,1.884,1.369,1.749,0.358,0.103,0.384,1.531,2.031,3.212,2.027,1.584,4.144,1.177,1.424,0.501,1.333,1.061,1.388,0.414,0.385,1.291,1.421,1.346,1.736,1.324,2.671,3.128,1.686,1.247,0.221,0.107,0.465,0.803,6.726,2.548,1.888
39.67,28.0,6.436,9.738,12.851,18.984,22.039,24.832,27.202,24.564,17.86,11.937,8.07,5.23,15.813,5.879,9.826,12.189,17.171,23.593,24.339,26.133,24.195,17.59,11.532,7.561,5.223,15.439,6.786,8.832,12.123,18.68,25.274,24.201,27.819,22.191,17.982,12.071,7.738,5.528,15.768,6.271,9.711,11.163,15.954,18.425,24.11,27.407,22.307,18.421,12.668,6.795,5.8,14.922,0.43,0.476,0.464,0.544,0.555,0.594,0.672,0.677,0.597,0.531,0.493,0.386,0.562,0.387,0.48,0.441,0.495,0.596,0.588,0.649,0.666,0.586,0.509,0.462,0.388,0.546,0.448,0.429,0.437,0.537,0.636,0.582,0.686,0.61,0.6,0.53,0.471,0.408,0.56,0.413,0.477,0.402,0.462,0.468,0.577,0.676,0.612,0.61,0.558,0.409,0.428,0.531,69.677,69.751,66.902,57.294,61.727,46.248,24.252,21.862,36.738,52.063,58.64,74.01,53.261,79.828,64.725,70.086,67.765,52.721,44.404,27.732,21.259,49.468,55.872,64.897,76.965,56.312,70.965,66.749,75.265,55.164,44.137,46.745,18.369,30.55,33.621,49.098,64.823,71.216,52.223,69.569,66.152,76.272,76.019,74.649,48.074,21.865,33.725,41.695,48.924,72.061,67.829,58.071,2.313,2.557,1.337,1.418,2.032,1.682,0.091,0.095,0.337,1.831,0.704,1.922,1.362,6.099,2.745,2.984,1.891,1.148,1.645,0.297,0.061,0.342,1.511,2.028,3.423,2.014,1.582,4.113,1.163,1.304,0.443,1.264,0.926,1.25,0.333,0.32,1.408,1.495,1.303,2.113,1.236,2.722,3.111,1.783,1.44,0.184,0.083,0.405,0.749,6.557,2.517,1.908
40.0,28.33,6.241,9.684,12.688,18.946,21.937,24.895,26.947,24.381,17.63,11.753,7.862,5.1,15.673,5.71,9.648,12.073,17.129,23.396,24.25,25.909,23.992,17.345,11.28,7.422,5.164,15.279,6.611,8.743,11.978,18.462,25.296,24.077,27.634,22.056,17.683,11.839,7.606,5.455,15.62,6.188,9.546,10.972,15.951,18.473,24.096,27.153,22.064,18.318,12.466,6.679,5.714,14.805,0.419,0.475,0.46,0.543,0.552,0.595,0.666,0.672,0.59,0.525,0.484,0.378,0.558,0.378,0.474,0.438,0.494,0.592,0.585,0.644,0.66,0.578,0.5,0.457,0.387,0.541,0.44,0.427,0.433,0.532,0.637,0.579,0.681,0.606,0.591,0.522,0.465,0.406,0.557,0.41,0.472,0.396,0.462,0.469,0.577,0.67,0.607,0.608,0.552,0.405,0.425,0.527,71.604,70.821,67.677,57.463,62.609,47.203,26.305,24.13,39.067,54.324,61.373,74.799,54.778,80.546,65.893,71.067,68.436,54.84,45.784,29.896,23.638,52.425,58.346,66.134,77.742,57.897,72.431,67.374,76.859,55.944,45.257,47.606,20.164,31.473,35.957,51.546,66.267,72.381,53.602,70.566,68.218,77.045,77.033,74.635,49.306,24.517,35.691,43.574,50.962,73.189,68.683,59.454,2.549,2.581,1.416,1.376,2.084,1.833,0.086,0.105,0.398,1.862,0.817,1.518,1.388,6.27,2.613,2.981,1.962,1.239,1.771,0.367,0.072,0.388,1.525,2.006,3.123,2.026,1.636,4.164,1.216,1.361,0.495,1.433,1.043,1.329,0.394,0.393,1.242,1.402,1.346,1.737,1.441,2.741,3.226,1.817,1.32,0.218,0.094,0.423,0.893,6.823,2.458,1.932
40.0,27.67,6.281,9.742,12.775,18.893,22.076,24.921,27.184,24.382,17.772,11.726,7.751,5.017,15.711,5.767,9.729,12.221,17.279,23.373,24.502,26.101,24.014,17.481,11.118,7.277,5.122,15.335,6.739,8.784,12.218,18.645,25.275,24.368,27.655,22.125,17.772,11.996,7.493,5.378,15.703,6.053,9.788,11.121,16.058,18.692,24.232,27.295,22.074,18.281,12.536,6.769,5.648,14.883,0.422,0.478,0.463,0.542,0.556,0.595,0.672,0.672,0.595,0.525,0.478,0.373,0.56,0.382,0.479,0.444,0.499,0.591,0.591,0.649,0.661,0.583,0.493,0.448,0.384,0.542,0.448,0.429,0.442,0.537,0.636,0.587,0.683,0.608,0.593,0.528,0.459,0.4,0.56,0.401,0.483,0.401,0.466,0.475,0.58,0.674,0.607,0.607,0.555,0.41,0.42,0.531,71.378,69.997,67.131,57.358,62.231,46.62,24.581,23.617,37.666,53.515,62.309,75.531,54.324,80.052,65.64,69.864,67.094,54.479,45.162,28.761,23.118,51.346,59.064,67.125,77.808,57.461,71.008,66.627,75.208,55.299,45.037,45.857,19.719,30.593,35.179,50.469,66.55,72.791,52.858,71.947,66.466,76.452,76.233,73.716,48.007,23.44,34.897,43.351,50.421,72.35,68.686,58.832,2.412,2.478,1.332,1.444,2.072,1.712,0.078,0.102,0.353,1.902,0.741,1.932,1.382,6.23,2.752,2.889,1.919,1.339,1.675,0.3,0.07,0.347,1.575,1.996,3.307,2.032,1.573,4.192,1.157,1.358,0.442,1.229,1.017,1.303,0.343,0.32,1.359,1.432,1.313,1.912,1.245,2.766,3.101,1.739,1.274,0.179,0.076,0.392,0.766,6.729,2.638,1.901
40.33,28.33,6.241,9.544,12.642,18.922,21.695,24.696,26.734,24.185,17.538,11.681,7.599,4.949,15.536,5.699,9.621,12.095,17.023,23.2,23.806,25.696,23.751,17.086,10.874,7.266,5.09,15.102,6.524,8.775,11.943,18.4,25.103,23.855,27.489,21.835,17.478,11.788,7.459,5.353,15.5,6.099,9.413,11.023,15.814,18.412,24.027,26.951,22.094,18.077,12.358,6.683,5.596,14.714,0.421,0.47,0.46,0.543,0.546,0.592,0.661,0.668,0.589,0.523,0.468,0.37,0.554,0.381,0.474,0.439,0.492,0.588,0.573,0.638,0.655,0.572,0.484,0.449,0.383,0.537,0.437,0.432,0.433,0.531,0.633,0.573,0.678,0.601,0.585,0.523,0.458,0.402,0.553,0.407,0.467,0.4,0.458,0.468,0.576,0.666,0.608,0.602,0.549,0.409,0.419,0.524,69.9,69.779,66.591,55.704,62.42,47.06,25.316,23.791,38.05,51.842,60.755,75.091,53.857,79.356,65.008,69.974,67.768,53.987,45.771,28.831,23.039,51.69,59.356,65.807,76.989,57.298,70.927,65.73,75.615,55.632,43.897,46.833,19.29,31.697,35.661,49.95,65.704,70.902,52.652,69.488,67.347,75.663,75.955,74.072,48.064,23.062,33.468,43.239,49.875,71.66,67.343,58.271,2.52,2.513,1.358,1.383,2.136,1.815,0.101,0.136,0.408,2.041,0.829,1.623,1.407,6.172,2.578,2.847,1.862,1.322,1.779,0.404,0.111,0.412,1.492,2.035,3.171,2.015,1.616,4.099,1.215,1.417,0.53,1.426,1.072,1.452,0.451,0.436,1.252,1.407,1.366,1.638,1.411,2.677,3.139,1.667,1.272,0.249,0.125,0.5,0.853,6.727,2.493,1.896
39.67,28.33,6.502,9.697,12.854,19.065,21.881,24.729,27.071,24.618,17.814,12.038,8.2,5.344,15.819,5.914,9.856,12.126,17.033,23.656,24.027,26.004,24.213,17.506,11.678,7.703,5.297,15.421,6.754,8.885,11.993,18.63,25.218,23.926,27.839,22.113,17.986,12.035,7.859,5.613,15.737,6.408,9.58,11.148,15.819,18.186,23.974,27.35,22.422,18.431,12.7,6.784,5.885,14.892,0.433,0.473,0.464,0.547,0.551,0.592,0.669,0.678,0.595,0.534,0.499,0.394,0.561,0.39,0.481,0.438,0.491,0.598,0.579,0.646,0.667,0.583,0.515,0.47,0.393,0.546,0.445,0.432,0.432,0.536,0.636,0.575,0.687,0.607,0.6,0.529,0.477,0.414,0.558,0.422,0.47,0.402,0.457,0.461,0.575,0.675,0.616,0.611,0.559,0.409,0.433,0.529,68.24,69.267,66.366,56.396,61.245,45.967,24.192,20.66,36.085,50.32,55.537,72.395,52.22,79.141,63.646,69.805,68.062,51.502,44.258,27.25,20.208,48.291,53.632,62.614,75.699,55.343,70.545,66.251,75.105,54.756,43.132,47.462,17.586,30.836,32.6,47.73,63.055,69.449,51.541,67.134,65.938,75.613,75.8,74.926,48.001,20.787,32.511,40.3,47.454,71.257,66.625,57.197,2.312,2.597,1.35,1.387,2.031,1.737,0.1,0.1,0.359,1.866,0.706,1.796,1.364,6.038,2.68,3.007,1.865,1.099,1.685,0.336,0.066,0.369,1.473,2.03,3.399,2.004,1.602,4.043,1.184,1.291,0.475,1.375,0.909,1.313,0.356,0.362,1.37,1.481,1.316,2.063,1.292,2.702,3.107,1.827,1.509,0.214,0.098,0.433,0.778,6.526,2.439,1.915
39.67,27.67,6.513,9.763,12.928,18.981,22.08,24.769,27.313,24.617,17.95,11.981,8.04,5.212,15.847,5.96,9.932,12.312,17.218,23.64,24.39,26.234,24.23,17.688,11.448,7.515,5.239,15.487,6.896,8.899,12.228,18.843,25.227,24.293,27.861,22.199,18.079,12.183,7.704,5.512,15.826,6.222,9.851,11.318,15.973,18.443,24.141,27.523,22.38,18.37,12.759,6.895,5.788,14.975,0.434,0.477,0.466,0.545,0.556,0.593,0.676,0.678,0.6,0.532,0.49,0.385,0.562,0.392,0.485,0.445,0.497,0.597,0.588,0.651,0.667,0.589,0.504,0.458,0.389,0.548,0.454,0.433,0.44,0.542,0.635,0.585,0.688,0.61,0.602,0.535,0.469,0.406,0.562,0.41,0.483,0.408,0.463,0.468,0.579,0.68,0.614,0.609,0.561,0.415,0.427,0.532,68.12,68.167,65.715,56.299,60.685,45.054,22.368,20.106,34.753,49.514,57.041,73.383,51.765,78.62,63.477,68.331,66.306,51.001,43.028,25.837,19.601,46.906,54.915,64.026,75.838,54.825,68.896,65.316,73.379,53.873,42.691,45.11,17.083,29.739,31.736,46.689,63.571,69.934,50.666,68.944,63.883,74.897,74.703,73.745,46.272,19.395,31.809,40.252,46.914,70.244,66.72,56.482,2.144,2.492,1.259,1.462,2.016,1.589,0.087,0.094,0.298,1.896,0.618,2.376,1.362,6.046,2.856,2.919,1.818,1.194,1.543,0.256,0.064,0.311,1.532,2.025,3.678,2.02,1.54,4.103,1.129,1.271,0.402,1.103,0.87,1.25,0.297,0.27,1.534,1.533,1.277,2.292,1.072,2.781,2.975,1.66,1.43,0.163,0.075,0.393,0.633,6.429,2.682,1.881
40.33,29.0,6.246,9.395,12.451,19.108,21.12,24.425,26.016,24.429,17.139,11.913,8.002,5.261,15.458,5.68,9.544,11.829,16.425,23.4,22.995,25.119,23.721,16.773,11.352,7.667,5.376,14.992,6.276,8.802,11.363,18.012,25.036,22.84,27.421,21.593,17.331,11.37,7.8,5.608,15.289,6.492,8.879,10.695,15.378,17.583,23.447,26.538,22.234,18.178,12.333,6.603,5.863,14.516,0.42,0.461,0.453,0.548,0.531,0.588,0.643,0.675,0.576,0.529,0.49,0.392,0.55,0.381,0.47,0.428,0.473,0.594,0.553,0.623,0.655,0.561,0.505,0.472,0.403,0.536,0.422,0.434,0.412,0.52,0.633,0.548,0.677,0.593,0.581,0.506,0.476,0.422,0.543,0.435,0.44,0.389,0.443,0.444,0.562,0.655,0.613,0.608,0.547,0.405,0.437,0.514,68.604,69.826,66.118,54.309,60.949,46.366,27.791,21.2,38.941,48.977,53.638,70.379,52.258,78.466,63.216,70.691,69.764,51.002,44.743,28.99,21.298,49.977,53.954,59.856,73.779,55.476,71.678,65.494,77.298,55.122,41.142,50.714,18.647,33.735,34.128,49.094,61.716,66.781,52.13,63.116,69.082,75.082,76.258,75.201,49.095,21.487,31.785,40.508,47.41,70.445,64.769,57.019,2.669,2.695,1.467,1.206,2.132,2.4,0.152,0.131,0.493,2.071,0.878,1.051,1.448,5.819,2.244,3.011,1.915,1.229,2.024,0.699,0.201,0.681,1.356,2.004,2.841,2.003,1.84,3.876,1.359,1.318,0.645,2.029,1.005,1.691,0.573,0.744,1.006,1.266,1.447,1.182,1.822,2.842,3.128,1.824,1.568,0.483,0.206,0.633,1.155,6.702,2.278,1.985
39.67,29.0,6.56,9.543,12.72,19.274,21.269,24.428,26.394,24.759,17.454,12.245,8.526,5.65,15.735,5.905,9.803,11.859,16.458,23.746,23.08,25.397,24.114,17.057,12.034,8.065,5.57,15.26,6.495,8.973,11.44,18.265,25.056,22.856,27.72,21.783,17.795,11.638,8.178,5.846,15.504,6.817,9.063,10.886,15.403,17.415,23.409,26.918,22.592,18.438,12.667,6.695,6.142,14.702,0.436,0.464,0.459,0.552,0.535,0.587,0.652,0.683,0.584,0.54,0.516,0.416,0.557,0.391,0.479,0.427,0.473,0.601,0.555,0.63,0.664,0.568,0.531,0.49,0.412,0.543,0.43,0.438,0.412,0.526,0.633,0.549,0.685,0.598,0.594,0.514,0.494,0.434,0.548,0.451,0.445,0.394,0.443,0.439,0.562,0.665,0.621,0.614,0.557,0.405,0.451,0.519,66.495,68.732,65.401,54.06,59.96,45.87,26.201,18.22,36.187,46.591,47.539,67.336,50.216,77.571,61.146,69.786,69.728,48.697,44.485,27.684,18.768,46.669,47.97,56.14,71.965,53.383,70.629,65.623,76.089,54.052,40.458,51.18,17.07,33.213,30.781,45.907,58.362,65.082,50.705,60.196,67.288,74.312,76.119,75.752,49.111,19.354,30.321,37.119,44.284,69.465,63.514,55.57,2.478,2.708,1.437,1.207,2.068,2.324,0.133,0.114,0.467,1.969,0.749,1.083,1.397,5.663,2.242,3.051,1.873,1.06,1.988,0.6,0.131,0.622,1.309,1.983,2.953,1.958,1.759,3.746,1.3,1.219,0.624,2.017,0.873,1.582,0.469,0.652,1.041,1.267,1.381,1.454,1.636,2.779,3.054,2.106,1.699,0.41,0.171,0.599,1.011,6.427,2.161,1.959
40.0,29.33,6.365,9.415,12.5,19.206,21.043,24.35,25.972,24.678,17.147,12.09,8.382,5.525,15.555,5.776,9.622,11.745,16.254,23.57,22.887,25.101,23.897,16.819,11.761,7.945,5.559,15.08,6.3,8.828,11.154,18.009,25.082,22.535,27.498,21.582,17.478,11.337,8.053,5.792,15.305,6.728,8.863,10.707,15.29,17.185,23.216,26.65,22.339,18.292,12.483,6.613,6.083,14.534,0.426,0.46,0.453,0.55,0.529,0.586,0.642,0.682,0.576,0.534,0.51,0.409,0.552,0.385,0.472,0.425,0.467,0.598,0.551,0.622,0.659,0.561,0.522,0.485,0.414,0.539,0.421,0.434,0.404,0.519,0.634,0.541,0.679,0.592,0.584,0.503,0.489,0.434,0.542,0.449,0.438,0.39,0.439,0.433,0.557,0.658,0.615,0.611,0.551,0.403,0.45,0.514,66.958,68.795,65.148,53.288,59.886,45.887,27.974,18.653,37.709,46.706,47.72,67.095,50.485,77.316,61.59,69.713,69.758,48.896,44.342,28.509,19.497,47.352,49.195,55.956,71.576,53.639,70.878,65.405,76.926,53.745,39.476,51.819,18.09,34.068,31.643,46.75,58.488,64.602,50.992,59.955,68.403,74.15,76.303,75.491,49.256,19.849,31.099,37.532,44.44,69.111,63.195,55.732,2.585,2.728,1.478,1.179,2.075,2.601,0.142,0.117,0.491,1.988,0.787,0.962,1.43,5.776,2.193,3.069,1.94,1.173,2.072,0.71,0.174,0.7,1.317,1.967,2.785,1.992,1.817,3.749,1.325,1.221,0.655,2.154,0.913,1.71,0.529,0.747,0.939,1.199,1.415,1.175,1.809,2.891,3.065,1.941,1.627,0.492,0.185,0.648,1.136,6.621,2.199,1.982
40.0,28.67,6.323,9.49,12.512,19.175,21.303,24.531,26.196,24.569,17.232,12.002,8.241,5.421,15.582,5.732,9.608,11.802,16.526,23.568,23.192,25.286,23.947,16.946,11.636,7.848,5.476,15.133,6.37,8.804,11.271,18.128,25.184,22.932,27.572,21.699,17.509,11.448,7.954,5.728,15.384,6.604,8.96,10.776,15.472,17.506,23.511,26.797,22.239,18.278,12.468,6.617,5.987,14.599,0.424,0.464,0.454,0.549,0.535,0.59,0.648,0.678,0.578,0.531,0.502,0.402,0.553,0.382,0.472,0.427,0.475,0.597,0.558,0.627,0.66,0.565,0.516,0.48,0.408,0.54,0.426,0.432,0.408,0.523,0.636,0.55,0.68,0.595,0.585,0.508,0.484,0.429,0.546,0.44,0.443,0.392,0.445,0.442,0.564,0.661,0.612,0.61,0.551,0.403,0.443,0.516,66.979,68.568,65.294,53.522,60.076,45.468,27.25,19.671,37.601,47.828,50.064,68.173,50.873,77.563,61.968,69.435,68.885,50.085,44.125,28.43,20.053,47.936,50.659,57.292,72.137,54.045,70.694,65.119,76.786,53.55,40.466,50.084,18.032,32.676,32.198,47.03,59.421,65.478,50.962,61.514,67.789,74.196,75.93,74.882,48.588,20.605,32.022,38.391,45.308,69.436,63.881,56.046,2.646,2.76,1.503,1.23,2.093,2.279,0.123,0.115,0.489,1.993,0.839,1.063,1.43,6.147,2.351,3.11,1.947,1.164,1.976,0.602,0.124,0.562,1.406,1.977,2.935,2.027,1.784,3.95,1.326,1.285,0.622,1.943,0.996,1.629,0.509,0.625,1.028,1.282,1.417,1.333,1.784,2.861,3.217,1.867,1.52,0.393,0.156,0.546,1.107,6.894,2.285,1.996
40.33,29.33,6.26,9.351,12.462,19.088,20.957,24.305,25.927,24.484,17.13,11.947,8.036,5.274,15.434,5.709,9.552,11.839,16.253,23.367,22.884,25.044,23.658,16.717,11.396,7.656,5.373,14.955,6.243,8.819,11.446,17.925,24.934,22.682,27.35,21.561,17.318,11.333,7.81,5.595,15.252,6.52,8.879,10.634,15.273,17.501,23.278,26.402,22.316,18.207,12.327,6.607,5.88,14.483,0.422,0.46,0.452,0.549,0.528,0.585,0.64,0.678,0.576,0.531,0.492,0.393,0.55,0.382,0.47,0.429,0.468,0.593,0.55,0.621,0.654,0.56,0.507,0.471,0.402,0.535,0.419,0.435,0.416,0.517,0.63,0.544,0.676,0.593,0.581,0.504,0.477,0.421,0.543,0.438,0.441,0.387,0.44,0.442,0.558,0.652,0.615,0.609,0.547,0.405,0.439,0.514,70.013,70.972,66.834,55.333,61.53,47.361,28.457,21.554,39.739,49.753,54.653,71.279,53.124,79.218,64.038,71.845,70.894,51.055,45.381,29.504,21.82,50.948,54.774,61.054,74.881,56.283,72.654,66.492,77.722,56.385,41.49,52.18,19.248,35.065,34.892,50.443,62.871,67.788,53.103,63.847,70.215,76.037,77.006,75.934,50.117,21.915,31.667,41.339,48.434,71.378,65.479,57.78,2.606,2.642,1.431,1.181,2.131,2.673,0.183,0.129,0.478,2.047,0.836,1.032,1.449,5.378,2.138,2.954,1.923,1.268,2.102,0.813,0.281,0.839,1.284,2.013,2.728,1.978,1.898,3.723,1.359,1.287,0.66,2.192,0.918,1.719,0.598,0.873,0.963,1.224,1.452,1.103,1.821,2.853,2.981,1.903,1.728,0.6,0.247,0.727,1.188,6.392,2.228,1.981
40.33,28.67,6.229,9.423,12.491,19.037,21.271,24.501,26.197,24.321,17.243,11.834,7.845,5.152,15.461,5.675,9.539,11.899,16.59,23.321,23.222,25.255,23.693,16.831,11.197,7.535,5.274,15.004,6.324,8.794,11.542,18.093,25.028,23.128,27.426,21.658,17.35,11.478,7.688,5.518,15.336,6.377,9.0,10.756,15.496,17.862,23.612,26.608,22.193,18.147,12.305,6.615,5.766,14.56,0.42,0.463,0.454,0.546,0.535,0.589,0.647,0.672,0.579,0.527,0.481,0.384,0.551,0.38,0.47,0.431,0.478,0.591,0.558,0.627,0.654,0.563,0.498,0.464,0.396,0.535,0.425,0.434,0.419,0.522,0.632,0.555,0.677,0.596,0.581,0.51,0.47,0.415,0.546,0.427,0.447,0.391,0.447,0.452,0.566,0.657,0.611,0.606,0.546,0.406,0.43,0.517,69.602,70.289,66.617,55.097,61.643,46.897,27.378,22.541,39.156,50.422,56.738,72.321,53.224,79.126,64.163,71.025,69.571,52.238,45.298,29.302,22.256,51.222,56.224,62.231,75.236,56.49,72.031,65.869,77.24,55.838,42.382,49.937,19.039,33.385,35.134,50.111,63.503,68.47,52.745,65.34,69.134,75.657,76.356,75.124,49.184,22.505,32.526,41.933,48.883,71.318,65.872,57.82,2.669,2.647,1.438,1.237,2.149,2.245,0.144,0.136,0.475,2.062,0.889,1.128,1.437,5.813,2.275,2.961,1.901,1.234,1.967,0.631,0.186,0.628,1.367,2.017,2.875,1.989,1.798,3.932,1.335,1.359,0.619,1.884,1.039,1.613,0.552,0.682,1.057,1.305,1.432,1.265,1.729,2.778,3.139,1.811,1.502,0.425,0.193,0.619,1.087,6.665,2.307,1.96
39.67,29.33,6.646,9.525,12.793,19.278,21.156,24.317,26.386,24.838,17.513,12.328,8.616,5.725,15.76,5.975,9.861,11.884,16.324,23.74,22.981,25.368,24.094,17.019,12.149,8.107,5.605,15.261,6.491,9.03,11.524,18.251,24.932,22.707,27.69,21.771,17.86,11.647,8.244,5.865,15.501,6.899,9.096,10.88,15.336,17.349,23.248,26.854,22.744,18.492,12.71,6.725,6.198,14.709,0.441,0.463,0.461,0.553,0.533,0.585,0.652,0.686,0.587,0.543,0.521,0.421,0.558,0.395,0.481,0.428,0.469,0.602,0.553,0.629,0.664,0.568,0.536,0.492,0.413,0.543,0.429,0.441,0.416,0.525,0.629,0.545,0.684,0.598,0.596,0.512,0.497,0.435,0.548,0.456,0.447,0.394,0.441,0.437,0.558,0.663,0.625,0.615,0.559,0.407,0.456,0.52,67.648,69.575,65.921,54.851,60.347,46.882,26.476,18.166,36.376,46.77,47.548,67.674,50.686,78.052,61.445,70.634,70.775,48.419,45.274,28.048,18.925,47.12,47.873,56.675,72.624,53.821,71.32,66.546,76.203,55.069,40.736,52.627,17.44,34.518,30.9,46.642,58.818,65.828,51.388,60.398,68.057,74.953,76.763,76.474,50.136,19.431,29.802,37.342,44.701,70.061,63.856,55.998,2.391,2.622,1.381,1.167,2.063,2.554,0.145,0.118,0.454,1.949,0.688,1.023,1.381,5.166,2.066,2.951,1.843,1.055,2.064,0.661,0.17,0.745,1.206,1.982,2.804,1.894,1.758,3.535,1.282,1.165,0.642,2.161,0.786,1.581,0.461,0.742,0.976,1.191,1.358,1.356,1.562,2.753,2.874,2.272,1.791,0.473,0.196,0.698,0.977,6.005,2.061,1.919
39.67,28.67,6.567,9.588,12.774,19.218,21.44,24.512,26.611,24.726,17.587,12.213,8.464,5.588,15.774,5.923,9.822,11.931,16.614,23.737,23.343,25.579,24.157,17.193,11.999,7.99,5.492,15.317,6.571,8.961,11.631,18.363,25.084,23.163,27.773,21.902,17.88,11.775,8.116,5.788,15.584,6.73,9.202,10.949,15.51,17.652,23.565,27.036,22.591,18.472,12.685,6.718,6.08,14.765,0.436,0.466,0.461,0.551,0.539,0.589,0.657,0.682,0.588,0.539,0.513,0.411,0.559,0.391,0.479,0.43,0.478,0.601,0.562,0.635,0.666,0.573,0.529,0.486,0.406,0.544,0.434,0.437,0.419,0.529,0.633,0.556,0.686,0.601,0.596,0.519,0.491,0.429,0.552,0.444,0.452,0.396,0.447,0.446,0.565,0.667,0.621,0.614,0.558,0.406,0.447,0.522,67.307,69.312,65.994,55.143,60.544,46.196,25.719,19.16,36.306,48.072,50.17,69.072,51.082,78.353,62.104,70.29,69.679,49.663,44.678,27.737,19.322,47.542,49.627,58.282,73.404,54.223,71.059,66.172,76.061,54.731,41.604,50.541,17.254,32.682,31.543,46.86,60.023,66.687,51.269,62.327,67.274,75.064,76.244,75.851,49.181,20.098,31.028,38.288,45.636,70.437,64.671,56.342,2.443,2.682,1.411,1.248,2.061,2.164,0.131,0.11,0.437,1.926,0.744,1.21,1.383,5.665,2.332,3.044,1.872,1.042,1.916,0.535,0.119,0.57,1.334,2.002,3.039,1.957,1.726,3.811,1.271,1.245,0.587,1.865,0.878,1.493,0.441,0.587,1.124,1.332,1.365,1.631,1.543,2.725,3.071,2.085,1.694,0.364,0.158,0.566,0.953,6.395,2.196,1.948
40.33,30.0,6.369,9.164,12.597,19.16,20.4,23.85,25.647,24.892,17.18,12.183,8.499,5.533,15.455,5.855,9.673,11.854,15.53,23.362,22.51,24.787,23.53,16.515,11.858,7.882,5.501,14.905,6.088,8.837,11.569,17.614,24.641,21.762,27.134,21.431,17.355,11.154,8.069,5.673,15.109,6.853,8.875,10.519,14.893,17.007,22.526,26.157,22.713,18.407,12.428,6.584,6.127,14.423,0.429,0.45,0.455,0.553,0.517,0.575,0.632,0.692,0.578,0.54,0.521,0.413,0.551,0.391,0.475,0.431,0.446,0.593,0.542,0.615,0.651,0.555,0.529,0.484,0.41,0.533,0.407,0.437,0.423,0.507,0.622,0.523,0.672,0.59,0.582,0.493,0.492,0.426,0.538,0.461,0.441,0.384,0.429,0.428,0.54,0.648,0.626,0.614,0.551,0.403,0.46,0.515,73.376,73.893,67.974,56.865,62.506,50.652,31.185,20.796,41.17,50.11,52.233,71.145,54.327,80.631,65.193,74.214,74.517,49.589,47.908,31.535,22.981,52.146,53.245,61.06,76.549,57.463,75.304,70.08,78.64,59.183,41.373,59.065,21.891,40.204,35.567,53.097,63.211,69.394,55.582,63.258,73.787,78.218,79.573,78.171,54.031,22.742,31.018,40.96,49.144,73.295,66.35,59.211,2.285,2.504,1.29,1.049,2.04,3.734,0.278,0.103,0.438,1.867,0.618,0.829,1.42,3.901,1.675,2.756,1.997,1.353,2.494,1.091,0.484,1.359,1.019,2.009,2.245,1.868,2.111,3.053,1.324,1.087,0.726,2.946,0.611,1.771,0.648,1.247,0.774,1.044,1.443,0.74,1.732,2.953,2.439,2.234,2.251,0.992,0.324,1.022,1.194,5.279,2.023,1.934
39.67,30.0,6.749,9.317,12.956,19.314,20.684,23.901,26.1,25.109,17.544,12.507,8.95,5.926,15.754,6.1,9.991,11.944,15.715,23.644,22.588,25.083,23.885,16.739,12.448,8.247,5.729,15.177,6.284,9.028,11.645,18.012,24.592,21.87,27.409,21.614,17.867,11.435,8.441,5.89,15.339,7.184,9.099,10.835,15.081,17.042,22.562,26.566,23.115,18.629,12.75,6.74,6.395,14.666,0.449,0.453,0.466,0.557,0.524,0.577,0.644,0.696,0.589,0.551,0.543,0.436,0.559,0.402,0.486,0.432,0.45,0.6,0.545,0.623,0.659,0.56,0.551,0.5,0.421,0.54,0.415,0.442,0.422,0.517,0.62,0.526,0.679,0.594,0.596,0.501,0.509,0.437,0.544,0.477,0.447,0.394,0.433,0.429,0.541,0.658,0.636,0.618,0.561,0.408,0.474,0.521,71.349,72.543,66.946,56.25,61.28,50.26,28.827,18.062,37.732,47.089,46.119,67.844,52.026,79.33,62.347,72.921,74.216,47.273,48.056,30.112,20.189,48.686,47.3,57.253,74.208,55.157,73.738,69.865,76.872,57.791,40.77,58.946,20.247,39.535,31.658,49.547,59.274,67.934,53.846,60.254,71.626,76.749,79.065,78.214,53.842,20.381,28.708,37.414,45.695,71.631,64.513,57.34,2.103,2.37,1.211,1.004,1.99,3.54,0.188,0.114,0.416,1.791,0.481,0.718,1.327,3.619,1.439,2.616,1.826,1.105,2.439,0.877,0.316,1.198,0.875,1.949,2.138,1.702,1.815,2.786,1.218,0.943,0.718,2.816,0.54,1.605,0.462,1.064,0.702,0.912,1.297,0.811,1.4,2.785,2.278,2.644,2.073,0.741,0.259,1.029,0.91,4.711,1.771,1.787
40.0,30.33,6.549,9.131,12.776,19.219,20.36,23.662,25.704,25.12,17.314,12.356,8.869,5.793,15.57,6.001,9.85,11.846,15.388,23.411,22.377,24.775,23.642,16.49,12.207,8.126,5.643,14.98,6.108,8.855,11.453,17.705,24.558,21.406,27.145,21.371,17.551,11.209,8.321,5.808,15.122,7.095,8.97,10.649,14.834,16.714,22.222,26.335,22.922,18.501,12.583,6.608,6.336,14.48,0.439,0.446,0.461,0.555,0.516,0.571,0.633,0.698,0.582,0.546,0.542,0.43,0.554,0.398,0.481,0.43,0.441,0.594,0.54,0.615,0.653,0.553,0.543,0.496,0.418,0.535,0.406,0.436,0.418,0.509,0.62,0.515,0.673,0.588,0.588,0.492,0.505,0.434,0.537,0.474,0.443,0.389,0.426,0.421,0.532,0.653,0.631,0.615,0.556,0.402,0.473,0.516,72.656,73.768,67.16,56.15,62.072,51.395,31.185,18.738,39.819,48.029,47.164,68.795,53.079,79.938,64.053,73.683,74.994,47.863,48.832,31.53,21.601,50.252,49.449,58.383,75.458,56.336,74.919,70.793,78.102,58.391,40.426,61.1,22.034,41.295,33.393,51.389,60.548,68.443,55.066,61.19,73.479,77.696,79.93,78.823,55.031,21.617,29.901,38.502,46.759,72.446,65.066,58.37,2.071,2.362,1.195,0.997,1.931,3.878,0.214,0.103,0.395,1.701,0.463,0.696,1.334,3.497,1.414,2.603,1.919,1.213,2.516,0.961,0.392,1.303,0.867,1.946,1.974,1.72,1.882,2.724,1.194,0.931,0.716,2.945,0.547,1.681,0.505,1.145,0.681,0.918,1.32,0.664,1.479,2.875,2.208,2.374,2.13,0.863,0.265,1.099,0.983,4.714,1.823,1.792
40.0,29.67,6.464,9.192,12.632,19.142,20.446,23.845,25.643,25.001,17.169,12.268,8.72,5.726,15.519,5.958,9.713,11.732,15.534,23.407,22.487,24.804,23.674,16.569,12.065,8.041,5.635,14.97,6.144,8.839,11.284,17.723,24.698,21.684,27.199,21.38,17.488,11.184,8.224,5.824,15.138,6.964,8.925,10.579,14.891,16.653,22.37,26.33,22.676,18.428,12.525,6.619,6.282,14.435,0.433,0.449,0.456,0.553,0.518,0.576,0.632,0.694,0.577,0.542,0.531,0.424,0.553,0.396,0.476,0.426,0.445,0.594,0.543,0.616,0.654,0.555,0.537,0.49,0.417,0.535,0.409,0.435,0.411,0.509,0.623,0.522,0.674,0.588,0.585,0.492,0.499,0.435,0.537,0.466,0.441,0.386,0.428,0.419,0.536,0.653,0.624,0.613,0.553,0.403,0.469,0.514,71.593,72.621,66.89,55.983,61.659,50.033,30.968,18.696,39.895,48.139,47.67,68.678,52.737,79.417,63.921,72.993,73.936,48.138,47.541,30.9,20.92,49.567,49.74,58.22,74.802,55.84,74.14,69.538,78.094,57.464,39.871,58.681,20.975,39.753,33.14,50.463,60.755,67.551,54.2,61.274,72.507,77.061,79.364,78.398,53.775,20.942,30.737,38.589,46.344,71.791,64.806,57.965,2.227,2.434,1.271,1.048,1.965,3.676,0.201,0.115,0.42,1.78,0.546,0.747,1.37,4.042,1.612,2.756,1.941,1.221,2.374,0.952,0.346,1.175,0.972,1.951,2.156,1.795,1.855,2.976,1.217,1.0,0.696,2.712,0.607,1.75,0.524,1.08,0.712,0.947,1.338,0.773,1.599,2.878,2.391,2.257,1.957,0.786,0.253,1.025,1.049,5.217,1.903,1.843
40.33,30.33,6.427,9.158,12.715,19.28,20.433,23.807,25.806,24.941,17.348,12.24,8.552,5.54,15.52,5.848,9.784,11.999,15.53,23.424,22.517,24.845,23.526,16.505,11.933,7.937,5.476,14.943,6.085,8.876,11.794,17.636,24.574,21.687,27.165,21.501,17.408,11.217,8.116,5.634,15.14,6.93,8.891,10.601,14.919,17.258,22.607,26.217,22.931,18.477,12.477,6.57,6.122,14.5,0.433,0.451,0.459,0.556,0.517,0.574,0.637,0.693,0.584,0.543,0.526,0.414,0.553,0.39,0.48,0.436,0.447,0.594,0.542,0.616,0.65,0.555,0.531,0.488,0.409,0.534,0.407,0.439,0.431,0.508,0.621,0.521,0.672,0.593,0.585,0.496,0.496,0.424,0.54,0.465,0.441,0.388,0.429,0.435,0.542,0.649,0.631,0.616,0.553,0.402,0.459,0.517,73.796,74.386,68.153,56.62,62.654,51.18,30.785,21.175,40.802,50.045,52.495,71.352,54.454,80.973,64.994,74.397,74.875,49.697,48.542,31.792,23.852,52.8,53.286,61.101,76.813,57.76,75.672,70.573,78.452,59.774,42.181,60.202,22.459,40.663,36.005,53.729,62.958,69.923,56.047,63.089,74.163,78.487,79.548,77.953,54.389,23.508,30.334,40.956,49.696,73.744,66.608,59.372,2.223,2.537,1.266,1.022,2.049,3.72,0.311,0.088,0.447,1.88,0.612,0.84,1.416,3.699,1.627,2.692,2.0,1.365,2.62,1.08,0.527,1.445,1.011,2.032,2.267,1.865,2.239,2.989,1.369,1.092,0.75,3.162,0.608,1.707,0.682,1.293,0.817,1.101,1.482,0.724,1.695,2.977,2.423,2.314,2.451,1.081,0.339,1.005,1.178,5.123,2.047,1.948
40.33,29.67,6.337,9.226,12.568,19.169,20.56,24.002,25.737,24.762,17.171,12.125,8.348,5.45,15.454,5.799,9.65,11.875,15.751,23.389,22.598,24.861,23.56,16.575,11.729,7.815,5.461,14.922,6.128,8.854,11.591,17.704,24.715,22.047,27.207,21.492,17.343,11.205,7.991,5.642,15.159,6.761,8.859,10.55,15.012,17.223,22.788,26.198,22.638,18.368,12.397,6.596,6.045,14.452,0.427,0.454,0.455,0.553,0.52,0.579,0.635,0.688,0.578,0.538,0.512,0.406,0.551,0.387,0.474,0.432,0.453,0.594,0.544,0.617,0.651,0.556,0.523,0.48,0.407,0.534,0.411,0.438,0.423,0.51,0.624,0.53,0.673,0.592,0.582,0.496,0.488,0.424,0.54,0.455,0.44,0.385,0.432,0.434,0.546,0.648,0.624,0.613,0.55,0.404,0.453,0.515,72.579,73.225,67.841,56.562,62.246,49.64,30.293,21.257,40.867,50.188,53.456,71.345,54.126,80.39,64.835,73.751,73.631,50.14,47.135,30.944,22.846,52.095,53.938,61.233,76.155,57.257,74.69,69.035,78.407,58.63,41.644,57.111,21.112,38.718,35.658,52.663,63.3,69.062,55.001,63.442,72.907,77.699,78.815,77.434,52.868,22.649,31.008,41.325,49.312,72.911,66.231,58.883,2.396,2.561,1.341,1.079,2.082,3.418,0.262,0.11,0.461,1.951,0.702,0.884,1.438,4.309,1.808,2.815,1.973,1.337,2.406,1.036,0.444,1.24,1.103,2.019,2.405,1.909,2.096,3.254,1.366,1.155,0.718,2.783,0.702,1.765,0.658,1.172,0.832,1.103,1.466,0.827,1.791,2.936,2.609,2.166,2.149,0.912,0.317,0.93,1.224,5.611,2.09,1.965
39.67,30.33,6.856,9.329,13.154,19.448,20.799,23.882,26.331,25.146,17.757,12.607,9.052,5.981,15.861,6.127,10.172,12.124,15.79,23.746,22.594,25.184,23.934,16.761,12.598,8.341,5.741,15.26,6.298,9.084,11.913,18.127,24.514,21.87,27.461,21.719,18.008,11.537,8.536,5.87,15.41,7.306,9.169,11.01,15.186,17.381,22.681,26.67,23.386,18.722,12.837,6.771,6.423,14.796,0.455,0.454,0.473,0.56,0.526,0.576,0.65,0.697,0.596,0.555,0.55,0.44,0.562,0.403,0.494,0.437,0.453,0.601,0.544,0.625,0.66,0.561,0.556,0.506,0.422,0.543,0.415,0.444,0.432,0.521,0.619,0.525,0.68,0.598,0.601,0.505,0.515,0.435,0.547,0.483,0.45,0.4,0.435,0.438,0.544,0.66,0.643,0.621,0.565,0.41,0.474,0.524,71.36,72.908,66.884,56.011,61.172,50.638,27.774,18.19,36.709,46.574,45.664,67.598,51.791,79.423,61.54,72.938,74.452,47.005,48.692,29.977,20.451,48.778,46.545,56.891,74.085,55.065,73.707,70.231,76.22,58.114,41.497,59.768,20.515,39.667,31.386,49.606,58.391,68.446,53.96,59.736,71.569,76.64,78.854,77.768,54.003,20.718,27.394,36.987,45.765,71.695,64.424,57.129,2.017,2.345,1.171,0.967,1.995,3.477,0.189,0.104,0.411,1.772,0.448,0.698,1.299,3.344,1.321,2.497,1.773,1.068,2.537,0.834,0.325,1.242,0.821,1.948,2.084,1.652,1.836,2.661,1.232,0.912,0.739,2.961,0.534,1.503,0.442,1.071,0.708,0.921,1.292,0.772,1.3,2.765,2.218,2.79,2.2,0.754,0.265,1.023,0.849,4.401,1.724,1.757
39.67,29.67,6.76,9.403,12.956,19.352,20.839,24.041,26.24,25.043,17.581,12.501,8.883,5.903,15.791,6.077,9.998,11.957,15.913,23.725,22.684,25.194,23.974,16.837,12.428,8.245,5.712,15.229,6.362,9.079,11.674,18.117,24.668,22.129,27.53,21.694,17.914,11.527,8.422,5.898,15.417,7.145,9.103,10.877,15.173,17.197,22.803,26.663,23.09,18.625,12.772,6.753,6.357,14.713,0.449,0.457,0.466,0.557,0.527,0.579,0.647,0.693,0.59,0.55,0.538,0.434,0.56,0.401,0.486,0.431,0.456,0.602,0.546,0.625,0.661,0.563,0.549,0.5,0.42,0.542,0.42,0.444,0.422,0.52,0.622,0.532,0.682,0.596,0.598,0.505,0.508,0.437,0.546,0.473,0.447,0.395,0.436,0.433,0.547,0.66,0.635,0.618,0.562,0.409,0.469,0.522,70.21,71.652,66.706,55.841,60.918,49.225,27.816,18.02,37.054,46.794,46.293,67.564,51.508,78.948,61.736,72.281,73.327,47.476,47.3,29.403,19.778,48.154,47.02,56.777,73.563,54.647,73.004,68.858,76.513,57.108,40.932,57.177,19.252,38.069,31.294,48.579,58.858,67.234,53.072,59.902,70.495,76.159,78.347,77.643,52.75,20.02,28.606,37.218,45.346,71.158,64.241,56.823,2.187,2.452,1.262,1.039,2.025,3.233,0.182,0.116,0.439,1.867,0.547,0.787,1.345,4.018,1.594,2.702,1.815,1.08,2.356,0.82,0.277,1.087,0.965,1.962,2.347,1.754,1.826,2.984,1.26,1.007,0.708,2.681,0.605,1.594,0.472,0.989,0.779,0.99,1.324,0.958,1.448,2.772,2.449,2.612,2.033,0.678,0.25,0.928,0.932,5.047,1.841,1.831
40.33,31.0,6.753,9.073,13.296,19.736,20.537,23.461,26.328,25.33,18.003,12.588,9.057,5.78,15.829,5.941,10.333,12.479,15.389,23.595,22.32,24.937,23.566,16.33,12.409,8.359,5.522,15.096,6.04,8.98,12.309,17.824,24.154,21.008,27.207,21.621,17.686,11.425,8.489,5.627,15.196,7.43,8.931,11.011,14.924,17.777,22.504,26.614,23.85,18.776,12.722,6.529,6.302,14.783,0.454,0.448,0.481,0.568,0.518,0.566,0.651,0.703,0.606,0.558,0.56,0.433,0.561,0.396,0.505,0.452,0.445,0.594,0.536,0.617,0.649,0.55,0.549,0.515,0.414,0.54,0.402,0.443,0.45,0.516,0.612,0.504,0.673,0.598,0.595,0.507,0.521,0.423,0.543,0.496,0.443,0.403,0.429,0.45,0.541,0.657,0.655,0.625,0.564,0.399,0.47,0.524,73.275,75.594,66.923,53.883,62.279,53.285,29.289,19.688,37.597,46.582,47.079,68.831,52.856,80.771,62.64,73.926,76.236,48.293,51.554,32.35,25.158,52.19,49.041,57.628,75.618,57.118,76.097,72.654,77.08,60.335,43.737,65.629,24.36,42.434,34.992,53.314,58.438,69.42,56.539,59.493,74.982,78.208,79.705,77.47,56.143,24.123,26.083,37.35,48.428,73.693,65.39,58.423,1.805,2.509,1.099,0.888,1.94,3.684,0.336,0.038,0.426,1.711,0.46,0.735,1.301,2.818,1.223,2.338,1.917,1.251,3.004,0.861,0.548,1.572,0.848,2.01,2.043,1.702,2.387,2.491,1.368,0.95,0.792,3.787,0.621,1.407,0.648,1.272,0.871,1.181,1.48,0.55,1.342,2.963,2.171,2.527,2.878,1.178,0.301,0.985,0.908,4.166,1.951,1.826
39.67,31.0,7.094,9.204,13.723,19.854,20.984,23.604,26.788,25.411,18.337,12.897,9.449,6.12,16.123,6.162,10.733,12.646,15.745,23.915,22.397,25.27,23.942,16.594,12.974,8.667,5.748,15.398,6.204,9.136,12.537,18.33,24.121,21.337,27.421,21.846,18.248,11.714,8.828,5.8,15.458,7.742,9.226,11.449,15.301,18.091,22.649,26.955,24.211,18.966,13.018,6.764,6.549,15.079,0.472,0.451,0.495,0.57,0.529,0.57,0.662,0.704,0.615,0.569,0.578,0.452,0.57,0.405,0.52,0.455,0.454,0.602,0.538,0.626,0.659,0.557,0.57,0.528,0.425,0.548,0.408,0.447,0.455,0.53,0.611,0.511,0.678,0.603,0.611,0.515,0.536,0.431,0.549,0.511,0.453,0.416,0.438,0.458,0.545,0.666,0.664,0.628,0.573,0.409,0.482,0.532,71.011,74.647,65.818,53.983,60.85,52.58,26.135,17.784,33.943,43.938,42.244,66.191,50.759,79.506,59.386,72.911,75.835,46.009,51.72,30.341,21.975,48.848,43.83,54.859,73.516,54.896,74.076,72.356,74.819,58.849,43.276,64.594,22.649,41.059,30.904,49.931,54.879,68.869,54.686,57.059,72.647,76.393,78.863,76.76,55.615,21.73,23.132,34.557,45.386,71.852,63.534,56.461,1.621,2.25,1.013,0.846,1.894,3.431,0.185,0.054,0.359,1.524,0.296,0.596,1.171,2.419,0.898,2.097,1.648,0.974,2.854,0.686,0.378,1.357,0.623,1.88,1.741,1.463,1.89,2.167,1.21,0.751,0.775,3.467,0.565,1.195,0.374,1.06,0.709,0.961,1.259,0.518,0.996,2.732,1.945,2.898,2.602,0.814,0.242,1.022,0.651,3.371,1.585,1.614
40.0,31.33,7.033,9.108,13.617,19.858,20.691,23.269,26.586,25.506,18.268,12.796,9.417,6.005,16.014,6.073,10.681,12.623,15.453,23.688,22.103,24.976,23.779,16.277,12.766,8.613,5.633,15.22,6.106,9.086,12.4,18.1,23.978,20.796,27.243,21.613,17.982,11.603,8.761,5.729,15.281,7.72,9.065,11.277,14.998,17.824,22.363,26.844,24.199,18.869,12.895,6.587,6.479,14.929,0.47,0.448,0.493,0.571,0.521,0.562,0.657,0.706,0.614,0.566,0.58,0.448,0.567,0.403,0.52,0.456,0.446,0.596,0.53,0.618,0.654,0.548,0.562,0.528,0.42,0.543,0.404,0.447,0.451,0.524,0.607,0.498,0.674,0.597,0.604,0.513,0.535,0.428,0.544,0.511,0.447,0.411,0.43,0.451,0.538,0.663,0.664,0.626,0.569,0.4,0.479,0.527,71.992,75.644,65.995,53.097,61.877,53.993,28.02,18.068,35.426,44.165,42.708,66.654,51.467,80.064,60.766,73.594,76.596,46.966,52.914,31.87,23.633,50.605,45.458,55.311,74.395,56.016,75.237,73.276,76.125,59.393,43.817,66.988,24.241,42.746,32.572,51.447,55.33,68.658,55.817,57.207,74.081,77.321,79.611,77.575,56.924,23.0,23.577,35.168,46.35,72.77,63.854,57.287,1.549,2.298,0.995,0.84,1.847,3.546,0.202,0.035,0.348,1.468,0.283,0.608,1.166,2.403,0.902,2.067,1.717,1.039,2.954,0.667,0.43,1.396,0.649,1.887,1.669,1.481,1.972,2.15,1.207,0.766,0.766,3.646,0.633,1.216,0.401,1.075,0.77,1.055,1.303,0.46,1.026,2.81,1.948,2.644,2.732,0.905,0.235,1.023,0.68,3.41,1.673,1.627
40.0,30.67,6.892,9.066,13.382,19.706,20.528,23.262,26.309,25.417,18.004,12.668,9.294,5.957,15.874,6.033,10.472,12.417,15.378,23.614,22.114,24.883,23.719,16.31,12.63,8.493,5.634,15.139,6.093,8.974,12.116,17.945,24.17,20.826,27.193,21.507,17.851,11.489,8.66,5.736,15.211,7.549,9.061,11.104,14.914,17.49,22.291,26.677,23.862,18.746,12.828,6.559,6.439,14.796,0.462,0.445,0.484,0.567,0.517,0.562,0.65,0.705,0.606,0.559,0.572,0.443,0.562,0.4,0.51,0.448,0.444,0.595,0.531,0.616,0.652,0.548,0.557,0.52,0.419,0.541,0.403,0.442,0.442,0.519,0.612,0.499,0.673,0.594,0.599,0.507,0.529,0.429,0.542,0.501,0.448,0.406,0.427,0.443,0.536,0.659,0.655,0.622,0.567,0.399,0.477,0.523,72.616,75.496,66.458,53.887,62.067,53.671,29.063,18.319,36.903,45.285,43.791,67.09,52.051,80.155,61.862,73.771,76.203,47.083,51.996,31.98,23.208,50.868,46.654,56.105,74.859,56.229,75.364,72.673,76.927,59.053,42.743,66.116,23.93,42.907,32.864,51.697,56.62,68.929,55.816,58.459,74.064,77.643,79.66,78.027,56.613,23.178,25.316,36.37,46.446,72.702,64.218,57.726,1.667,2.3,1.034,0.871,1.862,3.715,0.206,0.05,0.354,1.525,0.313,0.623,1.208,2.59,1.002,2.17,1.777,1.094,2.881,0.751,0.431,1.414,0.693,1.913,1.707,1.535,1.952,2.255,1.2,0.8,0.768,3.512,0.591,1.324,0.419,1.113,0.743,1.017,1.306,0.5,1.124,2.848,1.992,2.601,2.619,0.917,0.248,1.065,0.756,3.665,1.698,1.668
40.33,31.33,6.798,9.127,13.405,19.808,20.667,23.601,26.495,25.347,18.137,12.655,9.055,5.781,15.908,5.968,10.386,12.583,15.462,23.639,22.427,25.034,23.569,16.355,12.435,8.396,5.518,15.145,6.044,9.06,12.486,17.913,24.03,21.145,27.265,21.745,17.735,11.465,8.497,5.62,15.249,7.494,8.888,11.087,15.001,18.018,22.612,26.713,24.017,18.875,12.731,6.571,6.306,14.861,0.456,0.451,0.486,0.57,0.522,0.569,0.655,0.703,0.611,0.563,0.56,0.434,0.565,0.398,0.508,0.457,0.447,0.596,0.539,0.619,0.65,0.551,0.551,0.517,0.414,0.541,0.402,0.447,0.455,0.518,0.608,0.508,0.674,0.6,0.596,0.509,0.521,0.422,0.544,0.501,0.441,0.405,0.432,0.456,0.544,0.66,0.66,0.629,0.564,0.401,0.471,0.527,72.626,75.277,66.515,53.376,61.936,52.933,28.494,19.509,36.544,46.002,46.841,68.727,52.396,80.585,61.922,73.577,76.284,48.336,51.575,32.046,25.468,51.664,48.41,57.226,75.112,56.852,75.941,72.737,76.362,60.742,44.379,65.283,24.186,41.676,34.992,53.03,57.991,68.952,56.356,58.787,74.952,77.875,79.674,76.974,55.817,23.578,25.198,36.377,48.499,73.687,65.304,58.061,1.808,2.572,1.107,0.881,1.962,3.559,0.373,0.034,0.453,1.754,0.498,0.756,1.313,2.849,1.253,2.371,1.924,1.257,3.045,0.847,0.564,1.585,0.878,2.025,2.16,1.729,2.521,2.53,1.421,0.981,0.79,3.895,0.647,1.393,0.715,1.29,0.913,1.23,1.526,0.558,1.363,2.959,2.207,2.55,2.954,1.228,0.305,0.934,0.905,4.24,2.013,1.851
40.33,30.67,6.639,9.099,13.12,19.607,20.512,23.611,26.18,25.21,17.817,12.491,8.886,5.693,15.739,5.908,10.152,12.356,15.421,23.567,22.436,24.94,23.534,16.408,12.268,8.222,5.505,15.058,6.042,8.951,12.216,17.747,24.273,21.254,27.199,21.63,17.598,11.347,8.362,5.615,15.185,7.277,8.906,10.877,14.94,17.687,22.565,26.475,23.593,18.711,12.645,6.553,6.24,14.707,0.447,0.449,0.475,0.565,0.518,0.569,0.647,0.7,0.6,0.554,0.549,0.427,0.559,0.394,0.497,0.448,0.445,0.595,0.539,0.618,0.649,0.553,0.544,0.506,0.412,0.538,0.403,0.442,0.446,0.513,0.615,0.51,0.673,0.597,0.592,0.503,0.512,0.422,0.542,0.487,0.442,0.398,0.43,0.447,0.542,0.654,0.648,0.623,0.56,0.4,0.467,0.523,73.646,75.3,67.398,54.869,62.35,52.618,29.725,20.334,38.593,47.863,49.18,69.871,53.477,80.944,63.402,74.146,75.925,48.76,50.569,32.181,25.059,52.508,50.542,58.949,76.079,57.423,76.118,72.144,77.445,60.501,43.398,64.011,23.87,41.891,35.553,53.75,60.111,69.788,56.547,60.735,74.974,78.412,79.719,77.502,55.587,24.051,27.406,38.534,49.126,73.887,66.001,58.828,1.948,2.548,1.159,0.926,1.992,3.751,0.359,0.05,0.443,1.787,0.521,0.78,1.354,3.039,1.366,2.471,1.971,1.323,2.928,0.98,0.58,1.6,0.909,2.033,2.153,1.78,2.439,2.654,1.401,1.01,0.79,3.687,0.594,1.513,0.704,1.338,0.86,1.17,1.512,0.593,1.492,2.994,2.251,2.491,2.836,1.222,0.331,0.993,1.028,4.485,2.013,1.894
39.67,31.33,7.175,9.271,13.89,19.93,21.233,23.813,27.024,25.429,18.519,13.009,9.489,6.148,16.245,6.207,10.856,12.79,15.908,24.035,22.552,25.454,24.015,16.692,13.082,8.731,5.769,15.506,6.232,9.235,12.795,18.508,24.012,21.574,27.507,22.022,18.394,11.806,8.873,5.809,15.562,7.842,9.234,11.585,15.476,18.429,22.8,27.091,24.414,19.09,13.066,6.859,6.583,15.206,0.476,0.454,0.501,0.572,0.536,0.575,0.668,0.703,0.621,0.575,0.579,0.454,0.575,0.408,0.526,0.46,0.458,0.606,0.541,0.63,0.661,0.56,0.575,0.532,0.426,0.551,0.41,0.451,0.463,0.534,0.607,0.518,0.68,0.607,0.615,0.52,0.537,0.43,0.552,0.517,0.452,0.42,0.444,0.466,0.548,0.669,0.669,0.632,0.574,0.414,0.484,0.536,70.149,74.353,65.412,53.852,60.294,52.08,24.93,17.688,32.532,43.295,42.016,66.204,50.233,79.308,58.293,72.58,75.928,45.865,51.826,29.697,21.99,48.08,42.931,54.579,72.992,54.507,73.655,72.552,73.851,59.11,43.973,64.014,22.313,40.044,30.497,49.456,54.371,68.627,54.371,56.288,72.421,75.885,78.67,76.075,55.327,21.003,21.962,33.583,45.323,71.75,63.332,55.968,1.592,2.259,1.011,0.838,1.903,3.256,0.193,0.049,0.364,1.503,0.307,0.6,1.156,2.37,0.878,2.085,1.602,0.941,2.843,0.67,0.38,1.331,0.607,1.853,1.786,1.445,1.927,2.155,1.233,0.739,0.766,3.486,0.584,1.142,0.39,1.047,0.715,0.969,1.261,0.507,0.979,2.683,1.937,2.934,2.642,0.802,0.239,0.977,0.631,3.299,1.576,1.6
39.67,30.67,7.048,9.257,13.598,19.753,20.983,23.748,26.712,25.335,18.212,12.849,9.349,6.102,16.079,6.172,10.59,12.529,15.789,23.912,22.521,25.308,23.955,16.69,12.915,8.591,5.769,15.394,6.237,9.139,12.426,18.307,24.224,21.571,27.462,21.875,18.231,11.674,8.76,5.825,15.476,7.64,9.225,11.356,15.327,17.979,22.705,26.891,24.025,18.938,12.99,6.803,6.527,15.035,0.468,0.452,0.49,0.568,0.53,0.573,0.66,0.702,0.611,0.567,0.57,0.45,0.569,0.406,0.513,0.451,0.454,0.603,0.541,0.627,0.66,0.56,0.568,0.522,0.425,0.548,0.411,0.447,0.451,0.528,0.613,0.517,0.679,0.603,0.609,0.513,0.53,0.432,0.549,0.504,0.453,0.413,0.439,0.454,0.546,0.664,0.659,0.628,0.572,0.411,0.481,0.531,71.12,74.072,66.115,54.71,60.749,51.898,26.264,17.879,34.398,44.643,43.197,66.566,50.967,79.439,59.724,72.865,75.463,46.118,50.742,30.033,21.463,48.597,44.308,55.408,73.52,54.807,73.899,71.777,74.944,58.792,42.819,63.042,21.906,40.494,30.858,49.781,55.822,68.881,54.416,57.76,72.305,76.374,78.819,76.875,55.029,21.265,24.113,35.053,45.475,71.751,63.817,56.553,1.74,2.277,1.058,0.872,1.939,3.466,0.199,0.069,0.381,1.613,0.342,0.618,1.214,2.611,1.002,2.211,1.682,1.005,2.787,0.753,0.374,1.361,0.669,1.905,1.85,1.518,1.911,2.289,1.232,0.795,0.774,3.369,0.531,1.279,0.411,1.095,0.695,0.934,1.274,0.575,1.085,2.741,2.005,2.943,2.517,0.823,0.259,1.029,0.71,3.621,1.619,1.66
40.33,32.0,7.144,9.244,14.025,20.099,21.204,23.761,27.15,25.566,18.704,13.028,9.353,5.949,16.271,6.236,10.778,12.939,15.672,23.767,22.311,25.309,23.648,16.281,12.744,8.664,5.6,15.328,6.1,9.418,12.965,18.405,23.396,21.306,27.371,22.107,18.055,11.705,8.728,5.679,15.435,7.923,8.832,11.47,15.298,18.693,22.708,27.205,24.803,19.213,12.838,6.762,6.423,15.179,0.477,0.457,0.509,0.579,0.536,0.574,0.672,0.707,0.629,0.582,0.577,0.448,0.58,0.415,0.528,0.471,0.451,0.599,0.537,0.624,0.654,0.548,0.564,0.535,0.42,0.546,0.405,0.462,0.47,0.531,0.59,0.515,0.678,0.608,0.606,0.52,0.534,0.425,0.548,0.528,0.436,0.415,0.442,0.472,0.546,0.674,0.681,0.64,0.567,0.413,0.479,0.538,69.842,74.928,64.166,51.247,61.094,53.378,25.545,17.813,31.812,42.782,42.634,67.334,50.213,79.364,59.077,72.824,77.302,47.744,53.536,31.15,25.64,49.313,44.18,54.982,72.746,55.658,75.025,74.47,74.295,61.272,46.937,65.424,24.272,39.698,33.786,51.337,54.643,67.57,55.729,55.496,74.884,76.454,79.952,76.048,56.448,21.252,20.196,31.753,48.089,73.328,64.468,56.531,1.456,2.429,0.99,0.862,1.865,3.043,0.309,0.016,0.403,1.478,0.394,0.67,1.162,2.405,0.968,2.157,1.643,1.035,2.945,0.61,0.544,1.412,0.682,1.863,1.951,1.516,2.309,2.202,1.36,0.853,0.744,3.945,0.741,1.113,0.649,1.078,0.845,1.224,1.42,0.431,1.055,2.75,2.022,2.603,2.953,0.987,0.227,0.837,0.662,3.489,1.844,1.656
39.67,32.0,7.443,9.351,14.398,20.174,21.816,24.1,27.614,25.649,19.043,13.337,9.697,6.205,16.571,6.388,11.198,13.164,16.149,24.193,22.585,25.792,24.067,16.693,13.308,8.902,5.788,15.684,6.252,9.61,13.337,18.945,23.428,21.808,27.589,22.398,18.674,12.052,9.02,5.829,15.743,8.18,9.138,11.845,15.825,19.158,22.906,27.514,25.116,19.411,13.122,7.054,6.65,15.491,0.492,0.458,0.52,0.579,0.551,0.583,0.682,0.707,0.638,0.592,0.591,0.461,0.589,0.42,0.544,0.476,0.463,0.61,0.543,0.636,0.665,0.56,0.586,0.543,0.428,0.557,0.41,0.468,0.48,0.546,0.591,0.527,0.683,0.615,0.625,0.532,0.546,0.43,0.556,0.538,0.446,0.426,0.456,0.483,0.55,0.681,0.688,0.643,0.575,0.426,0.489,0.547,67.954,74.461,63.596,52.365,59.493,52.317,22.629,16.905,28.783,41.018,40.032,66.217,48.813,78.574,56.067,72.194,77.092,45.897,53.549,28.913,23.087,46.5,40.403,53.799,71.464,53.965,73.214,74.631,72.435,59.914,46.838,63.92,22.698,37.992,30.222,48.862,52.51,67.735,54.249,54.131,72.975,74.979,78.861,74.949,56.271,19.382,17.898,30.041,45.896,71.923,62.944,55.02,1.29,2.177,0.928,0.826,1.801,2.74,0.163,0.021,0.32,1.223,0.256,0.566,1.029,2.03,0.677,1.947,1.379,0.782,2.722,0.514,0.391,1.188,0.461,1.689,1.657,1.285,1.848,1.921,1.211,0.625,0.727,3.517,0.684,0.902,0.363,0.881,0.682,1.01,1.196,0.374,0.793,2.519,1.801,2.769,2.7,0.651,0.176,0.861,0.493,2.758,1.475,1.449
40.0,32.33,7.439,9.339,14.339,20.147,21.554,23.839,27.5,25.69,18.989,13.231,9.657,6.093,16.488,6.387,11.049,13.099,15.896,23.939,22.236,25.532,23.925,16.375,13.108,8.806,5.683,15.502,6.216,9.665,13.205,18.757,23.237,21.46,27.448,22.242,18.434,11.951,8.935,5.773,15.608,8.16,8.994,11.673,15.571,18.935,22.709,27.42,25.118,19.34,12.981,6.917,6.544,15.361,0.494,0.46,0.52,0.58,0.544,0.577,0.68,0.708,0.638,0.59,0.592,0.456,0.587,0.423,0.539,0.475,0.456,0.603,0.535,0.629,0.662,0.551,0.578,0.541,0.424,0.552,0.409,0.472,0.476,0.54,0.585,0.519,0.68,0.611,0.619,0.529,0.544,0.429,0.552,0.54,0.441,0.421,0.45,0.478,0.545,0.68,0.688,0.642,0.57,0.42,0.485,0.544,68.812,74.968,63.584,51.661,60.779,53.608,24.011,17.158,29.744,41.54,40.353,66.916,49.426,78.905,57.555,72.834,77.844,47.033,54.443,30.289,24.354,48.078,41.633,54.498,72.199,54.976,74.079,75.47,73.406,60.697,47.797,65.204,23.859,39.138,31.738,50.008,53.067,67.62,55.175,54.464,74.105,75.692,79.759,75.86,57.427,20.086,18.217,30.402,47.425,72.948,63.77,55.845,1.23,2.206,0.914,0.836,1.794,2.797,0.169,0.013,0.317,1.218,0.239,0.576,1.029,2.064,0.688,1.944,1.404,0.82,2.787,0.479,0.425,1.206,0.474,1.711,1.596,1.298,1.865,1.924,1.201,0.656,0.704,3.694,0.737,0.938,0.378,0.886,0.709,1.08,1.229,0.339,0.8,2.563,1.81,2.663,2.763,0.681,0.174,0.874,0.494,2.806,1.553,1.462
40.0,31.67,7.399,9.359,14.161,20.097,21.304,23.665,27.313,25.663,18.845,13.124,9.608,6.082,16.387,6.288,11.039,13.03,15.779,23.846,22.238,25.329,23.956,16.29,13.033,8.802,5.66,15.439,6.182,9.551,13.105,18.594,23.394,21.231,27.408,22.03,18.33,11.861,8.915,5.769,15.528,8.101,9.003,11.613,15.354,18.664,22.602,27.27,24.923,19.228,12.968,6.799,6.561,15.255,0.491,0.46,0.513,0.578,0.538,0.572,0.675,0.708,0.633,0.585,0.59,0.456,0.583,0.416,0.539,0.473,0.453,0.601,0.535,0.624,0.662,0.548,0.575,0.541,0.422,0.55,0.408,0.468,0.473,0.537,0.59,0.513,0.679,0.605,0.615,0.525,0.543,0.428,0.55,0.536,0.442,0.419,0.443,0.471,0.544,0.676,0.683,0.638,0.57,0.413,0.485,0.539,69.709,75.045,64.622,52.025,61.232,53.866,25.257,17.486,31.405,42.059,41.231,66.721,50.053,79.506,58.092,73.16,77.694,47.219,54.421,31.076,24.334,49.142,42.769,54.475,72.934,55.405,74.483,74.919,73.878,60.745,47.013,66.287,24.179,40.663,32.006,50.596,53.533,67.677,55.499,54.566,74.057,76.188,79.921,76.46,57.407,20.863,19.656,31.779,46.931,73.172,63.509,56.208,1.331,2.275,0.944,0.819,1.836,3.006,0.181,0.018,0.333,1.303,0.245,0.582,1.075,2.164,0.749,1.964,1.525,0.897,2.913,0.52,0.43,1.257,0.542,1.764,1.63,1.36,1.938,2.003,1.212,0.699,0.719,3.757,0.734,1.024,0.388,0.954,0.764,1.091,1.271,0.374,0.871,2.645,1.868,2.687,2.827,0.783,0.199,0.901,0.551,2.981,1.609,1.526
40.33,32.33,7.06,9.148,14.094,20.124,21.331,23.861,27.176,25.532,18.712,13.067,9.315,5.942,16.283,6.299,10.692,12.911,15.71,23.822,22.285,25.44,23.508,16.359,12.717,8.628,5.624,15.332,6.1,9.387,12.904,18.451,23.355,21.464,27.377,22.267,18.039,11.707,8.697,5.661,15.449,7.89,8.81,11.475,15.439,18.827,22.808,27.279,24.848,19.254,12.822,6.839,6.375,15.221,0.472,0.453,0.512,0.58,0.538,0.576,0.673,0.706,0.63,0.584,0.575,0.448,0.58,0.42,0.524,0.469,0.452,0.6,0.536,0.628,0.65,0.551,0.563,0.532,0.422,0.547,0.405,0.46,0.468,0.532,0.589,0.518,0.678,0.613,0.605,0.519,0.533,0.425,0.548,0.527,0.435,0.416,0.447,0.476,0.547,0.675,0.682,0.641,0.566,0.418,0.476,0.541,69.384,74.945,63.295,50.911,60.719,53.166,24.813,17.681,30.936,42.816,42.285,67.539,49.872,78.845,59.187,72.531,77.183,47.541,53.268,30.579,25.816,48.614,43.841,55.147,72.162,55.396,74.85,74.618,74.297,61.105,47.065,64.427,24.085,38.438,34.061,51.129,54.678,67.843,55.551,55.976,75.116,76.212,79.762,75.605,56.135,21.015,19.486,31.009,48.654,73.056,65.01,56.42,1.401,2.368,0.966,0.897,1.822,2.949,0.317,0.017,0.396,1.434,0.41,0.672,1.14,2.333,0.955,2.163,1.556,1.002,2.819,0.605,0.576,1.418,0.642,1.837,1.953,1.487,2.276,2.153,1.37,0.85,0.747,3.884,0.726,1.056,0.699,1.043,0.791,1.22,1.4,0.419,1.019,2.706,1.995,2.595,2.898,0.926,0.211,0.818,0.635,3.404,1.82,1.621
40.33,31.67,7.004,9.179,13.851,20.042,21.062,23.75,26.964,25.498,18.549,12.924,9.244,5.895,16.165,6.152,10.652,12.846,15.609,23.746,22.393,25.258,23.573,16.327,12.637,8.587,5.574,15.278,6.064,9.288,12.838,18.249,23.585,21.273,27.349,22.038,17.941,11.626,8.649,5.649,15.378,7.787,8.832,11.369,15.229,18.552,22.718,27.086,24.593,19.135,12.805,6.709,6.38,15.099,0.469,0.454,0.502,0.577,0.532,0.573,0.667,0.706,0.624,0.577,0.571,0.444,0.576,0.41,0.522,0.467,0.45,0.598,0.538,0.624,0.651,0.55,0.56,0.53,0.418,0.545,0.403,0.456,0.466,0.527,0.596,0.513,0.677,0.607,0.603,0.516,0.53,0.424,0.547,0.52,0.437,0.413,0.44,0.469,0.546,0.67,0.675,0.637,0.566,0.41,0.476,0.536,70.579,75.022,64.713,51.624,61.181,53.138,26.31,18.326,33.068,43.683,43.884,67.724,50.769,79.669,59.871,72.87,76.924,47.866,52.868,31.377,25.873,49.887,45.421,55.508,73.312,55.956,75.364,73.922,74.84,61.178,46.171,65.39,24.318,40.083,34.37,51.904,55.598,67.979,55.927,56.471,75.035,76.857,79.795,76.114,56.083,22.037,21.609,32.889,48.269,73.395,64.784,56.945,1.566,2.5,1.025,0.868,1.889,3.186,0.355,0.019,0.432,1.585,0.451,0.706,1.217,2.545,1.075,2.242,1.743,1.116,2.992,0.679,0.567,1.493,0.76,1.927,2.075,1.6,2.454,2.312,1.409,0.911,0.768,3.978,0.715,1.192,0.72,1.155,0.885,1.254,1.478,0.476,1.159,2.827,2.097,2.579,2.985,1.097,0.25,0.846,0.735,3.765,1.931,1.73
39.67,32.33,7.392,9.261,14.492,20.205,22.047,24.302,27.703,25.646,19.098,13.42,9.702,6.217,16.626,6.452,11.166,13.181,16.276,24.328,22.673,26.026,23.989,16.873,13.364,8.879,5.828,15.751,6.262,9.644,13.345,19.064,23.401,22.077,27.632,22.61,18.76,12.125,9.018,5.832,15.812,8.159,9.155,11.87,16.075,19.382,23.035,27.63,25.201,19.494,13.145,7.179,6.629,15.577,0.489,0.454,0.523,0.58,0.556,0.587,0.685,0.708,0.64,0.595,0.592,0.461,0.59,0.425,0.542,0.475,0.467,0.612,0.546,0.642,0.662,0.566,0.588,0.54,0.431,0.559,0.41,0.469,0.481,0.549,0.59,0.533,0.684,0.621,0.627,0.534,0.545,0.43,0.558,0.537,0.447,0.427,0.463,0.489,0.552,0.684,0.69,0.646,0.576,0.434,0.488,0.551,67.189,74.436,62.656,52.195,58.73,51.716,21.468,16.629,27.529,40.757,39.469,66.322,48.256,77.895,55.659,71.731,76.815,45.412,52.972,27.875,22.95,45.2,39.521,53.878,70.666,53.384,72.834,74.772,72.255,59.469,46.944,62.408,22.156,36.255,29.926,48.285,52.309,67.93,53.797,54.635,72.899,74.551,78.373,74.159,55.884,18.882,16.984,28.981,46.103,71.354,63.16,54.664,1.243,2.122,0.91,0.851,1.75,2.591,0.172,0.019,0.314,1.169,0.283,0.573,1.003,1.974,0.658,1.973,1.289,0.73,2.571,0.511,0.391,1.174,0.419,1.654,1.686,1.252,1.83,1.878,1.222,0.596,0.737,3.397,0.654,0.835,0.386,0.835,0.631,0.999,1.166,0.366,0.762,2.469,1.77,2.711,2.615,0.585,0.156,0.838,0.471,2.688,1.436,1.406
39.67,31.67,7.354,9.307,14.303,20.138,21.725,24.08,27.494,25.578,18.93,13.277,9.649,6.21,16.505,6.348,11.135,13.09,16.13,24.206,22.636,25.766,24.043,16.754,13.283,8.879,5.802,15.671,6.242,9.487,13.235,18.865,23.605,21.812,27.59,22.354,18.634,12.003,8.996,5.823,15.719,8.1,9.186,11.831,15.799,19.06,22.939,27.441,24.96,19.354,13.132,7.032,6.645,15.455,0.486,0.456,0.516,0.578,0.549,0.582,0.68,0.706,0.634,0.588,0.588,0.46,0.585,0.417,0.54,0.472,0.463,0.61,0.544,0.636,0.663,0.562,0.584,0.541,0.429,0.556,0.409,0.463,0.477,0.544,0.596,0.526,0.682,0.614,0.623,0.529,0.544,0.43,0.556,0.533,0.449,0.427,0.455,0.481,0.551,0.679,0.684,0.641,0.576,0.425,0.488,0.546,68.278,74.382,63.897,52.688,59.409,52.032,22.838,17.077,29.396,41.466,40.349,66.065,48.988,78.642,56.342,72.081,76.642,45.627,52.978,28.847,22.724,46.556,40.745,53.783,71.645,53.887,73.179,73.974,72.537,59.597,45.962,63.77,22.489,38.195,30.138,48.82,52.781,68.06,54.126,54.612,72.717,75.041,78.619,74.935,55.755,19.744,18.722,30.703,45.561,71.671,62.975,55.088,1.366,2.194,0.945,0.829,1.82,2.853,0.179,0.028,0.335,1.296,0.278,0.573,1.06,2.088,0.723,1.979,1.426,0.815,2.747,0.553,0.391,1.236,0.495,1.731,1.711,1.323,1.886,1.968,1.228,0.654,0.745,3.504,0.65,0.944,0.388,0.923,0.688,0.998,1.213,0.41,0.831,2.555,1.834,2.836,2.688,0.692,0.19,0.882,0.518,2.874,1.495,1.484
40.33,33.0,6.999,8.896,14.474,20.163,21.961,24.144,27.463,25.535,18.916,13.369,9.436,6.017,16.452,6.609,10.604,12.889,15.952,24.011,22.133,25.977,23.169,16.551,12.893,8.541,5.807,15.428,6.253,9.534,12.807,18.86,23.0,22.054,27.335,22.857,18.237,11.893,8.723,5.649,15.598,7.928,8.883,11.619,16.104,19.359,22.971,27.668,25.221,19.455,12.818,7.213,6.274,15.459,0.469,0.441,0.525,0.581,0.551,0.582,0.68,0.707,0.637,0.597,0.583,0.451,0.584,0.441,0.52,0.465,0.461,0.603,0.534,0.641,0.639,0.558,0.57,0.524,0.436,0.552,0.415,0.466,0.464,0.543,0.581,0.533,0.676,0.632,0.612,0.525,0.533,0.425,0.553,0.529,0.438,0.421,0.466,0.49,0.549,0.684,0.693,0.648,0.565,0.441,0.469,0.55,67.662,75.244,60.264,50.304,59.655,53.063,21.899,16.784,27.002,41.684,39.638,67.981,48.429,76.997,58.63,71.834,77.512,46.733,53.154,28.378,25.801,46.263,41.12,56.161,69.76,54.365,73.714,76.167,74.245,60.185,48.484,61.209,23.672,33.586,33.51,49.982,53.946,69.283,54.832,57.195,75.649,75.195,79.203,74.276,56.524,19.458,15.766,27.911,50.7,72.094,66.633,55.886,1.017,1.979,0.815,0.997,1.602,2.52,0.207,0.012,0.285,1.025,0.317,0.593,0.951,1.805,0.661,2.012,1.087,0.722,2.294,0.475,0.566,1.268,0.324,1.63,1.593,1.205,1.787,1.745,1.254,0.664,0.737,3.484,0.66,0.718,0.582,0.752,0.501,1.101,1.166,0.293,0.677,2.463,1.745,2.532,2.533,0.469,0.106,0.813,0.412,2.53,1.487,1.337
39.67,33.0,7.252,8.962,14.733,20.217,22.583,24.652,27.915,25.702,19.253,13.681,9.767,6.224,16.749,6.713,10.996,13.146,16.476,24.484,22.646,26.537,23.587,17.109,13.462,8.712,5.951,15.818,6.372,9.861,13.204,19.367,23.052,22.65,27.58,23.183,18.902,12.313,8.961,5.805,15.936,8.118,9.151,11.893,16.702,19.903,23.181,27.964,25.526,19.728,13.089,7.52,6.495,15.772,0.48,0.44,0.532,0.581,0.567,0.595,0.691,0.711,0.645,0.607,0.597,0.46,0.592,0.443,0.534,0.472,0.475,0.615,0.547,0.654,0.65,0.575,0.591,0.529,0.441,0.563,0.418,0.478,0.476,0.556,0.582,0.547,0.682,0.64,0.632,0.54,0.541,0.43,0.563,0.535,0.447,0.428,0.482,0.504,0.554,0.692,0.7,0.654,0.574,0.455,0.479,0.56,65.681,74.892,59.697,51.261,57.613,51.176,18.932,15.577,24.083,39.589,37.145,66.717,46.861,75.929,55.265,70.84,76.739,44.805,51.937,25.692,23.443,42.551,37.216,54.848,68.318,52.302,72.098,76.128,72.62,58.594,48.388,58.676,21.617,30.97,29.759,47.281,51.88,68.832,53.071,56.258,73.487,73.842,77.713,72.509,55.996,17.543,13.795,25.653,48.32,70.172,64.56,54.156,0.974,1.891,0.81,0.939,1.553,2.184,0.146,0.007,0.252,0.89,0.292,0.562,0.878,1.703,0.503,1.992,0.96,0.535,2.118,0.421,0.373,1.095,0.217,1.53,1.559,1.086,1.629,1.635,1.193,0.47,0.762,3.086,0.577,0.588,0.35,0.621,0.44,0.976,1.029,0.289,0.566,2.344,1.631,2.446,2.301,0.288,0.072,0.81,0.345,2.254,1.268,1.217
40.0,33.33,7.151,8.91,14.705,20.142,22.366,24.457,27.765,25.638,19.155,13.578,9.701,6.108,16.644,6.713,10.748,13.015,16.257,24.262,22.31,26.362,23.368,16.86,13.276,8.56,5.893,15.636,6.394,9.807,12.979,19.199,22.949,22.44,27.424,23.113,18.655,12.169,8.845,5.71,15.805,8.025,9.098,11.765,16.545,19.714,23.075,27.875,25.471,19.647,12.935,7.427,6.337,15.659,0.477,0.44,0.532,0.579,0.561,0.59,0.688,0.709,0.644,0.605,0.596,0.454,0.589,0.446,0.525,0.468,0.47,0.609,0.539,0.65,0.644,0.568,0.585,0.522,0.44,0.558,0.422,0.478,0.469,0.552,0.579,0.543,0.678,0.64,0.626,0.535,0.537,0.426,0.559,0.533,0.447,0.425,0.478,0.5,0.552,0.69,0.699,0.653,0.568,0.452,0.471,0.557,66.352,75.17,59.279,50.76,58.873,52.092,19.931,15.971,24.671,40.327,37.161,67.743,47.358,76.247,56.847,71.205,77.371,45.698,52.452,26.579,24.342,43.905,38.192,56.053,68.996,53.16,72.56,76.465,73.356,59.019,48.888,59.552,22.505,31.342,31.023,48.05,52.617,69.42,53.733,57.203,74.511,74.257,78.371,73.26,56.775,18.098,14.062,26.102,50.277,71.099,66.148,55.017,0.907,1.865,0.784,0.971,1.539,2.258,0.139,0.006,0.244,0.897,0.265,0.565,0.874,1.702,0.502,1.981,0.934,0.548,2.152,0.402,0.391,1.124,0.199,1.571,1.47,1.085,1.592,1.619,1.169,0.492,0.727,3.238,0.596,0.609,0.347,0.625,0.418,1.009,1.038,0.257,0.543,2.364,1.621,2.463,2.283,0.265,0.066,0.848,0.302,2.255,1.304,1.212
40.0,32.67,7.251,8.983,14.674,20.166,22.185,24.314,27.732,25.66,19.163,13.465,9.725,6.088,16.622,6.652,10.779,13.062,16.158,24.239,22.197,26.201,23.558,16.775,13.254,8.638,5.797,15.609,6.33,9.757,13.059,19.084,23.041,22.174,27.466,22.903,18.62,12.147,8.884,5.74,15.765,8.091,9.05,11.709,16.32,19.528,23.015,27.77,25.407,19.565,12.977,7.293,6.384,15.592,0.484,0.444,0.531,0.58,0.557,0.587,0.686,0.709,0.644,0.6,0.598,0.454,0.589,0.442,0.527,0.471,0.467,0.609,0.536,0.645,0.649,0.565,0.584,0.527,0.433,0.557,0.417,0.475,0.471,0.548,0.581,0.537,0.68,0.633,0.624,0.535,0.539,0.429,0.558,0.537,0.445,0.422,0.472,0.495,0.55,0.688,0.697,0.649,0.57,0.444,0.475,0.555,66.807,75.191,59.981,50.881,59.157,52.418,20.591,16.214,25.492,40.762,37.481,67.646,47.716,76.633,57.28,71.484,77.486,45.85,52.998,27.273,24.059,44.538,38.614,55.411,69.947,53.468,72.827,76.496,73.103,59.259,48.563,60.894,22.619,33.485,30.979,48.108,52.448,68.601,53.949,56.416,74.412,74.413,78.594,73.775,57.007,18.54,14.993,26.945,49.41,71.441,65.449,55.118,0.957,1.928,0.809,0.93,1.599,2.33,0.147,0.006,0.261,0.982,0.251,0.569,0.901,1.788,0.534,1.948,1.022,0.594,2.283,0.407,0.391,1.123,0.258,1.597,1.489,1.122,1.617,1.678,1.16,0.515,0.697,3.348,0.645,0.692,0.35,0.681,0.476,1.013,1.074,0.263,0.595,2.361,1.625,2.528,2.391,0.342,0.09,0.859,0.33,2.37,1.359,1.258
40.33,33.33,6.899,8.88,14.407,20.146,22.002,24.15,27.406,25.487,18.835,13.43,9.336,6.038,16.422,6.611,10.617,12.828,15.969,23.937,22.256,25.972,22.974,16.497,12.817,8.498,5.898,15.407,6.278,9.506,12.73,18.887,22.923,22.175,27.262,22.934,18.163,11.827,8.677,5.616,15.58,7.858,8.882,11.67,16.152,19.404,22.952,27.7,25.198,19.46,12.758,7.267,6.247,15.462,0.462,0.44,0.523,0.58,0.552,0.582,0.679,0.706,0.634,0.6,0.577,0.452,0.583,0.442,0.52,0.463,0.461,0.602,0.537,0.642,0.634,0.556,0.567,0.523,0.443,0.55,0.418,0.466,0.462,0.545,0.579,0.535,0.674,0.634,0.609,0.522,0.531,0.422,0.552,0.525,0.438,0.423,0.466,0.491,0.55,0.685,0.694,0.649,0.563,0.444,0.467,0.55,67.713,75.13,60.342,50.244,59.597,53.106,22.069,16.828,27.226,41.465,40.438,67.876,48.501,77.079,58.421,71.879,77.485,46.933,53.025,28.44,26.453,46.715,41.727,56.711,69.014,54.493,73.815,75.928,74.703,60.432,48.616,60.735,24.011,32.546,34.153,50.693,54.464,70.017,55.009,57.595,75.962,75.39,79.301,74.223,56.244,19.411,15.518,27.96,51.247,72.134,67.135,56.013,1.025,1.969,0.808,1.034,1.578,2.574,0.21,0.015,0.278,0.974,0.335,0.588,0.951,1.74,0.674,2.038,1.075,0.743,2.25,0.497,0.621,1.309,0.313,1.614,1.6,1.208,1.825,1.73,1.288,0.698,0.777,3.454,0.637,0.675,0.638,0.743,0.488,1.122,1.173,0.303,0.672,2.513,1.796,2.51,2.54,0.477,0.1,0.789,0.431,2.481,1.48,1.34
40.33,32.67,6.989,8.959,14.349,20.17,21.773,24.049,27.363,25.533,18.843,13.292,9.364,6.001,16.394,6.52,10.638,12.891,15.866,23.934,22.193,25.8,23.212,16.466,12.8,8.577,5.766,15.388,6.194,9.465,12.819,18.735,23.065,21.877,27.338,22.695,18.139,11.812,8.704,5.648,15.539,7.915,8.821,11.587,15.888,19.211,22.917,27.564,25.118,19.4,12.806,7.105,6.305,15.386,0.469,0.444,0.521,0.581,0.547,0.58,0.678,0.707,0.634,0.594,0.578,0.451,0.583,0.435,0.522,0.467,0.458,0.602,0.535,0.637,0.641,0.555,0.566,0.528,0.433,0.55,0.411,0.463,0.465,0.539,0.582,0.528,0.676,0.627,0.609,0.522,0.533,0.425,0.551,0.529,0.436,0.42,0.459,0.486,0.549,0.682,0.69,0.646,0.565,0.434,0.471,0.547,68.063,75.105,61.066,50.23,59.838,53.094,22.742,16.912,28.098,41.815,40.476,67.605,48.751,77.452,58.708,71.979,77.366,46.988,53.199,29.046,26.016,46.92,41.999,55.666,70.139,54.626,74.104,75.659,74.289,60.573,48.08,62.098,23.851,34.796,33.908,50.416,54.12,68.708,55.051,56.628,75.601,75.501,79.424,74.613,56.202,19.825,16.656,28.62,50.03,72.297,66.093,55.959,1.137,2.106,0.861,0.976,1.665,2.651,0.252,0.014,0.322,1.144,0.359,0.62,1.012,1.957,0.765,2.068,1.232,0.82,2.444,0.519,0.599,1.329,0.428,1.688,1.728,1.299,1.969,1.872,1.309,0.741,0.749,3.617,0.686,0.812,0.662,0.844,0.595,1.153,1.251,0.334,0.789,2.546,1.838,2.539,2.67,0.624,0.137,0.796,0.49,2.804,1.605,1.431
39.67,33.33,7.17,8.941,14.673,20.203,22.699,24.76,27.925,25.706,19.223,13.793,9.716,6.275,16.76,6.738,11.062,13.118,16.569,24.481,22.88,26.611,23.448,17.168,13.469,8.686,6.056,15.857,6.416,9.902,13.176,19.456,22.983,22.852,27.556,23.318,18.935,12.323,8.933,5.797,15.969,8.079,9.166,11.976,16.824,20.044,23.207,28.035,25.553,19.806,13.062,7.621,6.509,15.823,0.474,0.438,0.529,0.58,0.57,0.598,0.691,0.711,0.644,0.612,0.593,0.463,0.592,0.445,0.537,0.471,0.477,0.616,0.552,0.657,0.646,0.576,0.591,0.527,0.447,0.563,0.422,0.48,0.475,0.56,0.58,0.551,0.682,0.644,0.633,0.54,0.539,0.428,0.564,0.532,0.447,0.432,0.484,0.507,0.556,0.693,0.701,0.658,0.573,0.46,0.479,0.56,65.517,74.794,59.735,51.285,57.272,50.825,18.7,15.315,23.902,38.968,37.48,66.285,46.671,75.796,54.516,70.669,76.476,44.747,51.374,25.351,23.862,42.267,37.294,55.019,67.376,52.065,72.022,75.841,72.877,58.643,48.561,57.71,21.601,29.353,29.914,47.54,52.123,69.3,52.957,56.407,73.41,73.922,77.602,72.099,55.507,17.222,13.298,25.188,48.548,69.782,64.604,53.968,0.999,1.898,0.812,0.965,1.528,2.185,0.156,0.008,0.252,0.847,0.327,0.565,0.881,1.677,0.517,2.051,0.957,0.54,2.063,0.437,0.393,1.122,0.21,1.519,1.608,1.093,1.698,1.634,1.236,0.485,0.815,3.009,0.538,0.542,0.385,0.605,0.437,0.994,1.032,0.311,0.57,2.4,1.685,2.373,2.278,0.296,0.066,0.782,0.371,2.249,1.259,1.219
39.67,32.67,7.292,9.047,14.677,20.236,22.499,24.595,27.885,25.699,19.23,13.649,9.742,6.245,16.736,6.646,11.096,13.18,16.461,24.47,22.727,26.434,23.694,17.071,13.449,8.787,5.943,15.829,6.339,9.802,13.276,19.329,23.125,22.545,27.611,23.062,18.891,12.276,8.991,5.822,15.921,8.146,9.141,11.921,16.566,19.815,23.154,27.908,25.466,19.687,13.12,7.456,6.557,15.743,0.482,0.443,0.529,0.581,0.566,0.594,0.69,0.71,0.644,0.605,0.595,0.462,0.592,0.438,0.539,0.474,0.473,0.615,0.548,0.652,0.653,0.573,0.591,0.533,0.44,0.562,0.416,0.476,0.478,0.556,0.584,0.544,0.683,0.636,0.631,0.539,0.542,0.43,0.562,0.536,0.446,0.429,0.477,0.501,0.554,0.69,0.698,0.653,0.575,0.451,0.483,0.558,65.864,74.691,60.47,51.465,57.61,51.167,19.403,15.721,24.795,39.608,37.811,66.363,47.078,76.37,55.004,70.989,76.687,44.846,52.19,26.099,23.319,43.02,37.693,54.369,68.606,52.435,72.225,75.726,72.413,58.827,47.992,59.495,21.665,32.087,29.719,47.494,51.87,68.458,53.165,55.551,73.263,73.946,77.813,72.783,55.768,17.702,14.386,26.316,47.43,70.32,63.94,54.103,1.05,1.955,0.838,0.917,1.601,2.272,0.156,0.01,0.269,0.947,0.298,0.564,0.91,1.757,0.546,1.989,1.045,0.587,2.222,0.45,0.392,1.114,0.271,1.547,1.611,1.129,1.7,1.696,1.212,0.507,0.764,3.144,0.6,0.638,0.38,0.674,0.494,0.984,1.067,0.311,0.622,2.374,1.675,2.503,2.401,0.373,0.092,0.799,0.388,2.354,1.308,1.266
40.33,34.0,6.632,8.856,14.239,19.936,22.395,24.445,27.305,25.409,18.719,13.774,9.173,6.159,16.423,6.705,10.712,12.712,16.171,23.798,22.9,26.154,22.421,16.459,12.836,8.254,6.237,15.448,6.408,9.627,12.469,19.105,22.53,22.81,26.937,23.322,18.262,11.774,8.517,5.563,15.609,7.725,9.05,11.841,16.531,19.775,22.891,27.901,25.27,19.519,12.548,7.598,6.177,15.569,0.442,0.436,0.516,0.572,0.562,0.588,0.678,0.704,0.631,0.617,0.566,0.46,0.583,0.45,0.523,0.458,0.466,0.601,0.553,0.649,0.62,0.554,0.568,0.509,0.466,0.55,0.43,0.475,0.453,0.553,0.57,0.549,0.665,0.644,0.613,0.519,0.521,0.417,0.553,0.515,0.443,0.43,0.475,0.498,0.552,0.692,0.698,0.654,0.555,0.461,0.461,0.552,67.493,74.521,60.415,50.488,58.973,52.184,21.734,16.062,26.534,38.948,40.885,67.055,47.941,76.286,56.547,71.51,77.223,46.775,51.448,27.621,27.805,46.385,41.841,58.626,65.789,53.991,73.358,75.102,75.585,60.639,49.446,58.24,24.641,27.029,34.016,51.724,55.777,71.989,54.793,57.99,76.014,75.715,79.147,72.997,55.859,18.055,13.652,27.061,52.892,71.3,68.331,55.754,1.032,1.934,0.773,1.114,1.483,2.608,0.161,0.022,0.221,0.681,0.384,0.58,0.917,1.564,0.615,2.202,0.983,0.722,2.125,0.512,0.611,1.296,0.204,1.565,1.538,1.163,1.993,1.621,1.375,0.68,0.932,3.218,0.476,0.438,0.582,0.646,0.454,1.161,1.13,0.334,0.604,2.712,2.011,2.345,2.369,0.402,0.052,0.763,0.442,2.204,1.344,1.298
39.67,34.0,6.828,8.926,14.414,19.972,22.94,24.997,27.81,25.689,19.1,14.114,9.522,6.37,16.726,6.857,11.117,12.941,16.667,24.258,23.489,26.678,22.838,17.126,13.4,8.42,6.372,15.848,6.555,10.02,12.809,19.574,22.597,23.348,27.245,23.725,18.944,12.253,8.713,5.727,15.958,7.955,9.309,12.111,17.029,20.388,23.148,28.182,25.609,19.946,12.814,7.905,6.432,15.903,0.45,0.435,0.52,0.572,0.576,0.602,0.69,0.712,0.641,0.627,0.582,0.469,0.591,0.455,0.538,0.464,0.48,0.612,0.568,0.661,0.631,0.574,0.589,0.514,0.469,0.562,0.435,0.49,0.463,0.565,0.571,0.561,0.674,0.654,0.634,0.536,0.527,0.422,0.563,0.524,0.452,0.438,0.489,0.514,0.558,0.698,0.706,0.665,0.563,0.476,0.473,0.561,65.967,74.519,60.19,51.507,57.26,50.218,19.012,14.555,23.787,36.763,38.328,65.641,46.478,75.445,53.313,70.427,76.321,45.156,49.573,25.225,25.974,42.352,38.213,56.926,64.798,51.979,72.145,75.205,74.25,59.336,49.722,55.728,22.726,24.057,30.685,48.978,54.022,71.247,53.173,56.639,73.775,74.807,78.0,71.08,55.103,16.332,11.906,24.299,50.949,69.316,65.974,54.018,1.044,1.939,0.823,1.065,1.461,2.264,0.145,0.014,0.218,0.619,0.41,0.581,0.882,1.621,0.526,2.276,0.957,0.569,1.989,0.451,0.411,1.162,0.141,1.521,1.605,1.104,1.963,1.576,1.376,0.527,0.997,2.865,0.383,0.357,0.413,0.552,0.443,1.077,1.043,0.358,0.562,2.66,1.953,2.147,2.166,0.273,0.035,0.754,0.414,2.136,1.214,1.223
40.0,34.33,6.685,8.907,14.342,19.856,22.734,24.827,27.554,25.551,18.905,14.018,9.364,6.267,16.587,6.795,10.927,12.819,16.479,23.983,23.331,26.441,22.566,16.828,13.17,8.234,6.343,15.662,6.531,9.895,12.545,19.402,22.492,23.147,26.979,23.6,18.673,11.985,8.557,5.619,15.784,7.802,9.238,12.004,16.833,20.162,23.022,28.068,25.476,19.768,12.607,7.809,6.27,15.756,0.443,0.436,0.518,0.569,0.571,0.598,0.684,0.708,0.637,0.626,0.575,0.465,0.587,0.454,0.531,0.46,0.475,0.606,0.564,0.656,0.624,0.565,0.581,0.506,0.471,0.557,0.437,0.487,0.455,0.561,0.569,0.557,0.666,0.651,0.627,0.527,0.521,0.418,0.558,0.518,0.451,0.436,0.483,0.508,0.556,0.696,0.703,0.661,0.556,0.472,0.465,0.557,66.581,74.396,60.309,51.1,58.542,50.992,20.455,15.102,24.963,37.317,39.097,66.691,47.128,75.97,54.382,70.908,76.95,46.007,50.126,26.326,27.009,43.979,39.767,58.631,65.053,52.928,72.656,74.809,75.065,59.92,49.787,57.08,23.976,24.477,31.916,50.343,55.219,72.296,53.96,57.545,74.804,75.252,78.693,71.924,55.718,16.797,12.347,25.345,52.601,70.464,67.753,54.94,1.06,1.975,0.793,1.1,1.464,2.445,0.133,0.018,0.212,0.611,0.413,0.59,0.902,1.638,0.563,2.352,0.971,0.627,2.104,0.486,0.426,1.204,0.15,1.591,1.579,1.142,2.086,1.616,1.39,0.576,0.985,3.045,0.378,0.365,0.407,0.586,0.466,1.138,1.085,0.352,0.587,2.796,2.061,2.204,2.172,0.319,0.032,0.778,0.391,2.218,1.258,1.264
40.0,33.67,6.834,8.935,14.515,19.983,22.669,24.745,27.675,25.58,18.98,13.932,9.495,6.222,16.634,6.753,10.893,12.862,16.473,24.083,23.004,26.478,22.795,16.865,13.239,8.345,6.25,15.672,6.544,9.939,12.706,19.421,22.626,23.038,27.166,23.502,18.674,12.069,8.682,5.615,15.83,7.821,9.271,11.993,16.858,20.082,23.063,28.056,25.528,19.811,12.716,7.717,6.277,15.766,0.453,0.438,0.525,0.573,0.568,0.596,0.687,0.709,0.639,0.622,0.583,0.461,0.589,0.451,0.529,0.462,0.475,0.608,0.556,0.656,0.63,0.567,0.584,0.513,0.464,0.558,0.437,0.488,0.461,0.562,0.572,0.555,0.671,0.648,0.626,0.53,0.529,0.417,0.559,0.518,0.452,0.435,0.484,0.507,0.556,0.696,0.704,0.662,0.561,0.466,0.465,0.558,65.903,74.596,59.452,50.747,58.737,51.268,19.971,15.309,24.527,38.193,38.043,67.041,46.981,76.26,54.643,70.945,77.061,45.898,50.937,26.071,26.055,43.768,38.839,57.864,66.116,52.874,72.429,75.102,74.586,59.371,49.674,57.352,23.153,26.048,31.621,49.372,53.966,71.764,53.701,58.11,74.53,74.707,78.436,72.431,55.887,17.032,12.363,25.041,52.098,70.642,67.503,54.902,0.973,1.893,0.783,1.072,1.457,2.346,0.133,0.013,0.222,0.704,0.352,0.569,0.877,1.61,0.521,2.192,0.923,0.572,2.06,0.451,0.416,1.194,0.145,1.567,1.528,1.1,1.846,1.597,1.297,0.533,0.894,3.069,0.446,0.435,0.378,0.574,0.413,1.084,1.046,0.312,0.536,2.617,1.858,2.26,2.161,0.267,0.037,0.796,0.347,2.18,1.252,1.218
40.33,34.33,6.509,8.793,14.043,19.837,22.381,24.435,27.114,25.349,18.622,13.761,9.012,6.176,16.339,6.73,10.674,12.675,16.086,23.703,23.079,26.06,22.226,16.337,12.702,8.173,6.261,15.394,6.322,9.494,12.331,18.975,22.43,22.807,26.763,23.305,18.193,11.665,8.399,5.585,15.522,7.73,8.939,11.768,16.421,19.731,22.82,27.856,25.154,19.363,12.455,7.623,6.164,15.503,0.435,0.433,0.508,0.57,0.563,0.588,0.673,0.702,0.628,0.616,0.556,0.462,0.581,0.452,0.522,0.457,0.463,0.598,0.557,0.647,0.614,0.55,0.562,0.504,0.469,0.548,0.425,0.468,0.449,0.549,0.568,0.548,0.661,0.644,0.611,0.515,0.514,0.419,0.551,0.517,0.439,0.428,0.473,0.497,0.549,0.69,0.695,0.648,0.55,0.463,0.461,0.549,68.472,74.352,61.309,50.724,58.574,52.08,22.38,16.061,27.241,38.493,42.189,66.594,48.206,75.689,57.005,71.56,77.045,46.828,50.962,28.081,28.672,46.977,43.124,58.955,64.967,54.158,73.652,75.032,75.907,61.281,49.311,58.21,25.415,26.496,34.541,52.786,56.993,71.852,55.121,57.115,76.458,76.299,79.338,72.604,55.762,18.139,14.116,27.919,52.966,71.048,68.288,55.84,1.107,1.996,0.772,1.122,1.503,2.721,0.165,0.027,0.211,0.604,0.431,0.601,0.939,1.573,0.659,2.298,1.023,0.795,2.174,0.547,0.661,1.303,0.227,1.566,1.57,1.201,2.19,1.632,1.451,0.733,0.997,3.223,0.442,0.389,0.642,0.674,0.508,1.208,1.172,0.367,0.655,2.829,2.184,2.346,2.443,0.473,0.053,0.746,0.504,2.217,1.364,1.348
40.33,33.67,6.682,8.841,14.258,20.0,22.272,24.319,27.299,25.414,18.726,13.663,9.176,6.125,16.401,6.697,10.661,12.719,16.074,23.812,22.679,26.076,22.513,16.421,12.776,8.319,6.146,15.409,6.349,9.554,12.508,19.007,22.618,22.619,27.009,23.213,18.182,11.765,8.548,5.579,15.578,7.764,8.976,11.773,16.398,19.649,22.893,27.839,25.227,19.468,12.593,7.503,6.186,15.522,0.447,0.436,0.517,0.575,0.559,0.586,0.677,0.704,0.631,0.611,0.566,0.458,0.583,0.449,0.521,0.458,0.464,0.601,0.547,0.646,0.622,0.553,0.565,0.513,0.46,0.55,0.425,0.47,0.455,0.55,0.572,0.545,0.667,0.641,0.61,0.519,0.523,0.419,0.553,0.519,0.441,0.428,0.472,0.495,0.551,0.689,0.696,0.651,0.557,0.456,0.462,0.551,67.82,74.761,60.482,50.423,59.117,52.66,21.979,16.399,26.917,39.832,41.206,67.304,48.241,76.421,57.451,71.729,77.337,46.927,52.019,28.059,27.735,46.844,42.252,58.181,66.607,54.3,73.632,75.528,75.542,60.779,49.29,58.91,24.704,28.649,34.497,51.817,55.704,71.528,55.047,57.879,76.267,75.805,79.297,73.383,56.018,18.628,14.276,27.555,52.63,71.598,68.127,55.958,1.011,1.919,0.775,1.104,1.502,2.613,0.171,0.021,0.229,0.729,0.365,0.577,0.919,1.562,0.624,2.131,0.99,0.735,2.128,0.506,0.655,1.306,0.222,1.555,1.522,1.163,1.917,1.619,1.355,0.698,0.897,3.27,0.525,0.483,0.632,0.666,0.449,1.149,1.137,0.32,0.608,2.643,1.951,2.401,2.44,0.412,0.063,0.764,0.447,2.206,1.372,1.302
39.67,34.33,6.729,8.912,14.241,19.879,22.978,25.043,27.729,25.702,19.086,14.159,9.422,6.42,16.694,6.924,11.157,12.925,16.632,24.215,23.745,26.635,22.71,17.12,13.343,8.371,6.422,15.851,6.501,9.958,12.695,19.507,22.517,23.394,27.137,23.802,18.965,12.232,8.625,5.772,15.925,8.016,9.282,12.087,16.941,20.454,23.119,28.176,25.56,19.901,12.769,7.968,6.464,15.896,0.443,0.435,0.513,0.57,0.578,0.603,0.689,0.711,0.64,0.629,0.575,0.473,0.59,0.458,0.541,0.464,0.478,0.61,0.573,0.66,0.627,0.573,0.587,0.51,0.473,0.562,0.431,0.486,0.459,0.562,0.569,0.562,0.671,0.657,0.634,0.536,0.521,0.426,0.563,0.529,0.452,0.438,0.487,0.515,0.556,0.697,0.704,0.663,0.56,0.479,0.475,0.561,66.898,74.468,61.225,52.043,56.801,49.988,19.376,14.356,24.188,36.095,39.431,65.142,46.667,75.022,53.496,70.379,76.146,45.15,48.782,25.575,26.732,42.483,39.048,57.101,64.127,52.005,72.47,75.335,74.54,59.922,49.785,55.565,23.434,23.208,30.893,49.702,55.147,71.184,53.43,55.512,73.978,75.43,78.263,70.469,54.988,16.294,12.224,24.723,50.978,69.036,65.672,53.966,1.122,2.02,0.855,1.082,1.488,2.331,0.154,0.018,0.211,0.539,0.462,0.603,0.907,1.661,0.569,2.389,1.024,0.629,2.026,0.468,0.444,1.158,0.153,1.524,1.638,1.141,2.158,1.575,1.47,0.576,1.083,2.834,0.337,0.303,0.477,0.575,0.498,1.115,1.082,0.394,0.619,2.779,2.127,2.102,2.227,0.321,0.038,0.737,0.476,2.145,1.228,1.267
39.67,33.67,6.919,8.909,14.473,20.046,22.92,24.954,27.852,25.704,19.143,14.043,9.568,6.363,16.744,6.851,11.115,12.994,16.656,24.346,23.352,26.693,22.988,17.16,13.424,8.503,6.299,15.866,6.502,9.994,12.919,19.552,22.688,23.263,27.341,23.647,18.964,12.299,8.779,5.765,15.975,8.007,9.262,12.074,17.009,20.333,23.174,28.164,25.603,19.911,12.896,7.856,6.467,15.896,0.456,0.435,0.522,0.575,0.575,0.601,0.691,0.712,0.642,0.623,0.584,0.468,0.592,0.453,0.538,0.466,0.479,0.614,0.564,0.66,0.634,0.575,0.59,0.518,0.464,0.563,0.43,0.487,0.467,0.564,0.573,0.56,0.676,0.652,0.634,0.538,0.53,0.425,0.564,0.527,0.45,0.436,0.488,0.513,0.557,0.697,0.705,0.663,0.566,0.473,0.475,0.562,65.881,74.633,60.076,51.498,56.979,50.321,18.748,14.695,23.693,37.271,38.211,65.627,46.468,75.29,53.621,70.454,76.246,44.924,49.941,25.142,25.45,42.181,37.944,56.263,65.242,51.894,72.097,75.528,73.903,59.152,49.455,55.883,22.375,25.235,30.489,48.618,53.534,70.642,53.075,56.466,73.664,74.603,77.805,71.154,55.144,16.549,12.197,24.455,50.181,69.221,65.42,53.908,1.023,1.912,0.817,1.041,1.47,2.22,0.148,0.012,0.221,0.65,0.39,0.575,0.874,1.604,0.514,2.206,0.939,0.556,1.968,0.442,0.422,1.145,0.149,1.496,1.598,1.088,1.875,1.566,1.344,0.513,0.962,2.857,0.419,0.383,0.421,0.553,0.431,1.05,1.031,0.346,0.553,2.575,1.878,2.19,2.198,0.267,0.04,0.753,0.413,2.112,1.21,1.211
40.33,35.0,6.139,8.659,13.423,19.312,22.439,24.649,26.466,25.122,18.348,13.871,8.595,6.251,16.109,6.889,10.752,12.614,16.006,23.454,23.924,25.71,21.507,16.125,12.439,7.844,6.36,15.304,6.142,9.257,11.852,18.67,21.947,22.835,25.888,23.246,18.152,11.385,7.97,5.699,15.254,7.803,8.809,11.528,16.119,19.771,22.603,27.631,24.797,18.925,12.099,7.804,6.124,15.337,0.411,0.426,0.484,0.555,0.568,0.592,0.657,0.693,0.619,0.619,0.528,0.47,0.574,0.46,0.528,0.456,0.461,0.59,0.576,0.64,0.593,0.542,0.553,0.481,0.477,0.543,0.412,0.458,0.431,0.539,0.557,0.548,0.639,0.643,0.611,0.504,0.487,0.429,0.544,0.524,0.436,0.421,0.465,0.497,0.543,0.683,0.683,0.631,0.533,0.475,0.459,0.544,72.077,74.509,65.436,53.24,58.667,51.851,26.172,17.529,30.546,37.24,46.865,66.554,50.059,74.568,58.046,71.933,77.152,47.251,49.025,31.202,33.358,48.796,47.228,61.284,63.549,55.284,75.168,75.196,77.735,63.724,50.384,59.262,30.135,25.744,36.449,56.692,62.032,72.493,57.084,55.002,77.869,78.768,80.417,71.618,56.737,19.298,16.543,31.895,54.796,71.213,69.099,56.937,1.442,2.281,0.829,1.112,1.525,2.753,0.143,0.078,0.18,0.32,0.7,0.687,1.005,1.744,0.798,2.703,1.093,1.037,2.264,0.647,0.624,1.263,0.335,1.632,1.597,1.311,2.945,1.638,1.761,0.835,1.237,3.07,0.254,0.207,0.732,0.804,0.788,1.347,1.299,0.518,0.928,3.206,2.878,2.224,2.527,0.709,0.042,0.739,0.752,2.273,1.383,1.516
39.67,35.0,6.346,8.947,13.608,19.367,22.862,25.058,27.099,25.507,18.842,14.268,8.99,6.461,16.448,7.118,11.253,12.786,16.41,23.869,24.468,26.158,21.975,16.838,12.981,8.045,6.518,15.703,6.365,9.735,12.121,19.123,22.023,23.274,26.284,23.801,18.796,11.941,8.184,5.851,15.625,8.101,9.308,11.838,16.436,20.414,22.846,27.926,25.222,19.519,12.419,8.087,6.401,15.712,0.42,0.437,0.489,0.555,0.579,0.602,0.673,0.703,0.632,0.633,0.547,0.479,0.583,0.47,0.548,0.46,0.472,0.599,0.589,0.65,0.605,0.563,0.573,0.488,0.482,0.555,0.422,0.477,0.439,0.55,0.559,0.558,0.65,0.658,0.63,0.525,0.494,0.433,0.555,0.536,0.457,0.43,0.473,0.514,0.549,0.69,0.693,0.649,0.542,0.487,0.472,0.555,70.779,74.602,65.454,54.495,57.211,50.346,23.48,15.682,27.596,34.686,44.134,65.433,48.659,74.481,55.09,70.915,76.62,45.974,46.825,29.271,31.596,44.731,43.36,59.481,63.132,53.457,74.345,75.79,76.771,62.632,50.902,57.288,28.508,22.664,33.289,53.707,60.23,72.144,55.688,53.24,75.643,78.277,79.913,69.782,56.175,17.676,14.576,28.562,53.16,69.823,66.759,55.298,1.408,2.332,0.959,1.111,1.528,2.454,0.14,0.054,0.177,0.272,0.683,0.687,0.984,1.865,0.718,2.757,1.151,0.896,2.142,0.548,0.463,1.133,0.235,1.579,1.607,1.257,2.848,1.551,1.778,0.741,1.334,2.789,0.172,0.142,0.644,0.722,0.783,1.246,1.227,0.5,0.886,3.185,2.821,1.994,2.352,0.552,0.044,0.708,0.678,2.213,1.294,1.437
40.0,35.33,6.181,8.703,13.458,19.188,22.597,24.833,26.574,25.23,18.509,14.11,8.725,6.351,16.207,7.047,11.058,12.695,16.206,23.565,24.285,25.728,21.548,16.44,12.656,7.843,6.431,15.461,6.227,9.427,11.804,18.889,21.863,22.892,25.69,23.459,18.447,11.53,7.974,5.782,15.332,7.968,8.968,11.656,16.152,20.041,22.628,27.665,24.922,19.095,12.162,7.966,6.243,15.459,0.412,0.426,0.484,0.55,0.573,0.596,0.659,0.695,0.623,0.628,0.534,0.474,0.576,0.467,0.542,0.457,0.467,0.591,0.584,0.64,0.594,0.551,0.561,0.479,0.48,0.547,0.415,0.465,0.429,0.544,0.555,0.549,0.634,0.649,0.62,0.509,0.484,0.432,0.545,0.532,0.444,0.425,0.466,0.504,0.544,0.683,0.685,0.635,0.533,0.483,0.465,0.547,72.085,74.737,66.267,54.562,58.553,51.667,26.492,17.34,30.023,35.689,46.435,66.629,50.041,74.533,56.685,71.716,77.295,46.894,47.924,31.756,33.908,47.297,46.109,61.384,63.373,54.907,75.203,75.561,77.994,63.567,50.818,59.466,31.395,24.815,35.326,56.389,62.215,72.895,57.136,53.984,77.301,78.92,80.72,70.964,57.201,18.982,16.161,31.463,54.706,71.128,68.514,56.669,1.481,2.393,0.883,1.109,1.523,2.604,0.125,0.072,0.169,0.245,0.723,0.693,1.002,1.875,0.767,2.864,1.105,1.003,2.23,0.622,0.476,1.177,0.291,1.651,1.597,1.305,3.051,1.601,1.814,0.798,1.31,2.951,0.173,0.143,0.646,0.787,0.85,1.313,1.285,0.505,0.966,3.291,3.025,2.088,2.399,0.685,0.038,0.716,0.688,2.309,1.32,1.504
40.0,34.67,6.287,8.738,13.696,19.376,22.735,24.915,26.984,25.405,18.67,14.091,8.91,6.358,16.349,6.996,10.982,12.744,16.307,23.677,24.158,26.074,21.913,16.622,12.827,7.909,6.424,15.555,6.324,9.568,12.019,19.071,22.089,23.04,26.199,23.635,18.59,11.662,8.101,5.738,15.503,7.911,8.942,11.786,16.386,20.163,22.819,27.891,25.129,19.351,12.274,7.971,6.27,15.578,0.418,0.428,0.493,0.556,0.575,0.598,0.67,0.7,0.629,0.628,0.545,0.475,0.58,0.465,0.538,0.459,0.469,0.595,0.582,0.649,0.603,0.557,0.569,0.483,0.479,0.551,0.422,0.472,0.437,0.55,0.56,0.553,0.646,0.654,0.625,0.515,0.492,0.428,0.551,0.528,0.441,0.429,0.472,0.508,0.549,0.689,0.692,0.644,0.538,0.483,0.467,0.551,70.653,74.442,64.615,53.32,58.275,51.086,23.688,15.786,27.984,35.952,44.188,66.482,48.874,74.819,55.815,71.336,77.082,46.606,48.119,29.097,31.11,45.784,44.273,61.019,63.3,54.031,74.332,75.257,76.836,62.569,50.209,58.384,28.474,23.222,33.811,54.508,60.508,73.116,55.934,54.699,76.592,77.824,80.124,70.743,56.378,17.611,14.51,28.812,54.055,70.652,68.269,55.855,1.39,2.305,0.838,1.135,1.533,2.703,0.125,0.049,0.178,0.312,0.645,0.674,0.991,1.808,0.73,2.857,1.125,0.874,2.285,0.602,0.457,1.177,0.224,1.674,1.677,1.291,2.917,1.658,1.712,0.731,1.254,3.012,0.2,0.173,0.544,0.695,0.729,1.303,1.242,0.483,0.843,3.333,2.798,2.121,2.32,0.552,0.029,0.738,0.579,2.349,1.311,1.456
40.33,35.33,6.081,8.647,13.244,19.204,22.284,24.556,26.102,24.926,18.176,13.829,8.44,6.213,15.977,6.872,10.767,12.565,15.907,23.379,23.891,25.412,21.198,15.909,12.274,7.835,6.346,15.197,6.056,9.137,11.747,18.476,21.78,22.725,25.522,22.988,17.957,11.287,7.909,5.721,15.109,7.812,8.876,11.384,15.962,19.614,22.443,27.402,24.59,18.69,12.017,7.746,6.07,15.218,0.408,0.426,0.478,0.552,0.564,0.59,0.647,0.688,0.612,0.617,0.52,0.467,0.569,0.458,0.528,0.454,0.459,0.588,0.575,0.632,0.586,0.535,0.545,0.482,0.476,0.54,0.406,0.452,0.427,0.533,0.552,0.546,0.631,0.635,0.604,0.5,0.484,0.431,0.538,0.525,0.44,0.416,0.461,0.493,0.539,0.677,0.678,0.624,0.53,0.472,0.454,0.541,73.143,74.949,66.616,54.213,59.206,52.454,28.776,19.496,32.707,37.924,49.003,66.893,51.283,74.652,59.193,72.373,77.37,47.64,49.409,33.667,35.934,50.701,48.948,61.417,64.232,56.296,75.997,75.496,78.74,64.58,51.216,60.173,32.452,28.183,38.308,58.275,63.262,72.165,58.237,55.165,78.537,79.662,80.77,72.241,57.491,20.989,18.425,34.615,55.561,71.849,69.549,57.903,1.504,2.297,0.873,1.072,1.497,2.573,0.15,0.111,0.184,0.316,0.779,0.697,1.006,1.764,0.832,2.581,1.041,1.157,2.158,0.658,0.668,1.296,0.427,1.594,1.489,1.305,2.948,1.577,1.83,0.886,1.244,2.986,0.266,0.224,0.858,0.903,0.876,1.343,1.326,0.55,1.037,3.029,2.976,2.214,2.628,0.827,0.052,0.74,0.905,2.183,1.403,1.546
40.33,34.67,6.223,8.715,13.552,19.457,22.399,24.56,26.602,25.153,18.393,13.829,8.675,6.222,16.151,6.832,10.71,12.608,15.997,23.5,23.684,25.787,21.65,16.119,12.469,7.935,6.345,15.304,6.192,9.305,11.984,18.713,22.051,22.85,26.122,23.237,18.11,11.451,8.081,5.661,15.313,7.764,8.87,11.574,16.196,19.73,22.635,27.678,24.867,19.016,12.183,7.744,6.117,15.366,0.417,0.429,0.489,0.559,0.566,0.59,0.66,0.695,0.62,0.618,0.534,0.467,0.575,0.457,0.526,0.455,0.461,0.592,0.571,0.641,0.598,0.542,0.553,0.488,0.476,0.543,0.416,0.46,0.436,0.541,0.559,0.549,0.645,0.642,0.61,0.506,0.494,0.426,0.546,0.521,0.438,0.422,0.467,0.496,0.544,0.685,0.686,0.635,0.537,0.471,0.458,0.545,71.202,74.44,64.349,52.524,58.581,51.916,25.274,17.275,29.847,37.636,45.864,66.452,49.615,74.861,57.95,71.845,77.087,47.197,49.576,30.446,32.298,48.655,46.351,60.6,63.861,55.062,74.797,75.149,77.309,63.183,50.182,58.834,28.859,26.005,36.234,55.776,60.731,72.24,56.607,55.66,77.578,78.205,80.092,71.927,56.421,19.114,16.018,31.048,54.374,71.146,68.943,56.711,1.349,2.189,0.819,1.114,1.513,2.741,0.153,0.067,0.189,0.399,0.632,0.664,0.987,1.677,0.766,2.55,1.068,0.99,2.222,0.62,0.665,1.288,0.317,1.597,1.571,1.278,2.718,1.625,1.68,0.821,1.172,3.104,0.313,0.26,0.742,0.779,0.713,1.311,1.268,0.482,0.858,3.073,2.682,2.265,2.531,0.658,0.047,0.739,0.714,2.228,1.388,1.473
39.67,35.33,6.334,9.064,13.461,19.282,22.73,24.966,26.843,25.382,18.769,14.308,8.908,6.449,16.376,7.157,11.377,12.741,16.346,23.854,24.499,25.919,21.758,16.722,12.89,8.077,6.531,15.657,6.351,9.724,12.062,18.99,21.848,23.212,25.999,23.665,18.685,11.944,8.159,5.885,15.544,8.158,9.531,11.75,16.288,20.327,22.703,27.753,25.109,19.396,12.403,8.068,6.39,15.657,0.419,0.442,0.483,0.553,0.576,0.6,0.666,0.7,0.629,0.633,0.542,0.477,0.58,0.471,0.553,0.458,0.471,0.599,0.589,0.644,0.599,0.559,0.568,0.49,0.483,0.554,0.42,0.476,0.437,0.547,0.554,0.557,0.643,0.653,0.625,0.524,0.492,0.436,0.551,0.539,0.468,0.427,0.469,0.511,0.545,0.685,0.69,0.645,0.542,0.486,0.47,0.553,71.465,74.872,66.442,55.485,57.313,50.729,25.473,17.039,28.947,34.431,45.305,65.429,49.411,74.458,55.573,71.118,76.731,46.051,46.672,31.292,33.641,45.707,44.174,58.984,63.547,53.996,74.886,76.146,77.561,63.213,51.656,57.804,30.325,24.277,34.479,54.514,60.782,71.607,56.437,52.889,75.785,79.068,80.169,70.06,56.77,18.925,15.738,30.392,53.393,70.097,66.653,55.827,1.426,2.352,1.028,1.074,1.497,2.254,0.143,0.07,0.173,0.261,0.72,0.693,0.975,1.901,0.723,2.611,1.102,0.985,2.013,0.53,0.491,1.129,0.289,1.505,1.475,1.229,2.774,1.454,1.819,0.786,1.353,2.69,0.179,0.147,0.756,0.801,0.868,1.208,1.235,0.496,0.962,3.008,2.888,1.962,2.409,0.636,0.06,0.682,0.774,2.108,1.304,1.442
39.67,34.67,6.45,8.968,13.754,19.511,22.919,25.081,27.291,25.57,18.927,14.264,9.112,6.465,16.528,7.074,11.253,12.821,16.487,23.987,24.324,26.318,22.166,16.93,13.096,8.154,6.519,15.762,6.421,9.823,12.307,19.234,22.14,23.376,26.552,23.828,18.86,12.066,8.316,5.84,15.731,8.092,9.356,11.918,16.606,20.467,22.925,28.008,25.326,19.656,12.53,8.076,6.431,15.784,0.426,0.437,0.494,0.559,0.579,0.603,0.678,0.706,0.635,0.632,0.554,0.478,0.585,0.467,0.547,0.461,0.474,0.603,0.586,0.653,0.611,0.566,0.577,0.495,0.481,0.558,0.425,0.481,0.446,0.554,0.561,0.561,0.656,0.658,0.631,0.53,0.502,0.432,0.558,0.535,0.458,0.432,0.478,0.515,0.551,0.692,0.697,0.654,0.548,0.486,0.473,0.557,69.746,74.592,64.381,53.948,56.929,50.081,22.262,15.315,26.624,34.938,42.909,65.125,48.072,74.6,54.564,70.686,76.386,45.7,47.168,28.183,30.374,44.081,42.109,58.609,63.323,52.983,73.813,75.725,76.142,61.936,50.778,56.477,27.0,22.583,32.669,52.507,58.807,71.75,55.014,53.759,75.071,77.579,79.383,69.824,55.734,17.3,13.937,27.456,52.528,69.431,66.291,54.858,1.332,2.239,0.948,1.1,1.512,2.38,0.148,0.047,0.188,0.343,0.633,0.665,0.962,1.804,0.679,2.626,1.116,0.828,2.08,0.518,0.47,1.144,0.219,1.546,1.604,1.219,2.64,1.542,1.704,0.699,1.277,2.76,0.215,0.184,0.622,0.686,0.708,1.205,1.185,0.48,0.817,3.042,2.622,2.004,2.329,0.489,0.044,0.714,0.652,2.163,1.277,1.387
40.33,36.0,5.96,8.617,12.707,18.695,21.735,24.247,24.738,24.131,17.67,13.898,8.005,6.13,15.545,6.867,11.063,12.427,15.715,23.187,23.888,24.206,20.046,15.328,11.876,7.768,6.293,14.89,5.799,8.911,11.322,17.999,21.141,22.16,23.837,22.045,17.415,10.966,7.674,5.834,14.59,7.965,9.161,10.934,15.385,19.147,21.783,26.507,23.92,17.975,11.755,7.587,5.92,14.834,0.4,0.424,0.458,0.537,0.551,0.584,0.61,0.668,0.593,0.618,0.494,0.459,0.554,0.456,0.54,0.45,0.456,0.583,0.572,0.601,0.556,0.515,0.527,0.479,0.472,0.529,0.389,0.439,0.409,0.521,0.536,0.534,0.592,0.607,0.585,0.484,0.469,0.439,0.518,0.535,0.454,0.399,0.445,0.481,0.521,0.655,0.659,0.603,0.519,0.462,0.441,0.529,76.658,76.753,70.977,58.674,61.307,54.48,39.23,26.74,39.797,38.433,55.857,68.558,55.621,75.267,62.35,73.881,78.5,48.689,50.026,42.976,45.756,56.302,53.593,62.194,66.536,59.674,78.999,76.887,82.425,67.024,54.123,64.276,42.128,37.373,43.692,63.552,67.154,71.521,62.431,55.217,80.581,82.787,82.102,73.997,60.782,26.614,24.464,43.643,58.491,74.433,71.21,61.191,1.74,2.484,1.056,0.946,1.398,1.872,0.156,0.242,0.211,0.266,1.079,0.731,1.016,1.968,0.928,2.343,0.844,1.499,1.767,0.691,0.697,1.384,0.71,1.523,1.12,1.29,3.004,1.337,2.114,1.023,1.303,2.68,0.295,0.263,1.179,1.247,1.225,1.303,1.413,0.601,1.469,2.549,3.432,2.084,2.811,1.247,0.087,0.737,1.308,1.979,1.411,1.645
39.67,36.0,6.234,9.154,12.9,18.789,22.045,24.478,25.4,24.59,18.234,14.378,8.448,6.304,15.913,7.161,11.683,12.54,16.034,23.634,24.417,24.67,20.614,16.044,12.408,8.01,6.467,15.308,6.175,9.516,11.747,18.448,21.165,22.575,24.37,22.764,18.05,11.58,7.889,5.938,15.016,8.258,9.93,11.258,15.559,19.696,21.996,26.875,24.466,18.628,12.139,7.85,6.192,15.234,0.413,0.446,0.462,0.538,0.559,0.59,0.627,0.679,0.609,0.634,0.515,0.465,0.564,0.47,0.566,0.451,0.464,0.593,0.585,0.613,0.57,0.537,0.547,0.488,0.479,0.542,0.408,0.463,0.423,0.532,0.537,0.544,0.605,0.626,0.604,0.507,0.476,0.44,0.531,0.547,0.488,0.409,0.449,0.495,0.526,0.664,0.673,0.622,0.531,0.473,0.455,0.54,74.644,76.192,70.182,59.247,59.055,52.918,35.72,23.693,35.523,33.947,50.994,66.799,53.241,74.581,58.543,72.468,77.781,46.899,47.114,40.307,42.825,50.908,48.493,59.053,65.235,57.018,77.556,77.269,81.08,65.464,54.057,61.714,39.13,32.631,39.713,59.397,63.956,70.495,60.207,52.659,77.604,82.237,81.534,71.906,59.768,24.285,21.054,39.014,55.744,72.405,68.204,58.866,1.559,2.497,1.183,0.944,1.376,1.654,0.136,0.157,0.165,0.212,0.903,0.716,0.96,2.066,0.762,2.278,0.857,1.31,1.618,0.54,0.531,1.164,0.518,1.357,1.049,1.172,2.681,1.179,1.993,0.943,1.386,2.481,0.22,0.176,1.052,1.111,1.213,1.124,1.296,0.466,1.311,2.546,3.288,1.913,2.549,1.04,0.101,0.615,1.051,1.9,1.33,1.511
40.0,36.33,6.057,8.708,12.727,18.577,21.662,24.101,24.487,24.058,17.761,14.186,8.116,6.194,15.552,6.993,11.425,12.381,15.775,23.297,23.911,23.899,19.914,15.416,12.033,7.859,6.354,14.94,5.861,9.094,11.188,18.211,20.951,22.012,23.337,22.057,17.552,11.073,7.738,5.903,14.579,8.19,9.428,11.04,15.259,19.198,21.53,26.379,24.015,17.997,11.887,7.667,6.032,14.882,0.404,0.426,0.456,0.533,0.549,0.581,0.604,0.665,0.594,0.628,0.499,0.46,0.553,0.461,0.556,0.446,0.458,0.585,0.572,0.594,0.551,0.517,0.533,0.483,0.474,0.53,0.39,0.445,0.403,0.526,0.532,0.532,0.58,0.607,0.589,0.486,0.47,0.441,0.516,0.547,0.466,0.402,0.442,0.482,0.514,0.652,0.661,0.603,0.523,0.465,0.446,0.529,76.049,76.73,70.982,59.898,60.476,54.884,41.314,27.39,39.33,35.419,54.32,67.728,55.375,74.646,60.978,73.634,78.542,47.945,49.524,44.88,47.018,55.191,51.643,60.49,65.768,59.19,78.657,77.274,82.741,66.264,54.225,64.661,44.132,37.873,42.555,62.899,65.803,70.362,62.29,53.507,79.623,82.773,82.276,73.527,61.497,26.831,24.055,43.831,57.43,73.896,69.834,60.754,1.631,2.544,1.104,0.917,1.358,1.673,0.144,0.202,0.178,0.224,0.954,0.703,0.97,2.069,0.806,2.293,0.769,1.442,1.612,0.614,0.583,1.281,0.629,1.427,1.005,1.213,2.787,1.192,2.07,1.016,1.322,2.612,0.278,0.219,1.111,1.229,1.262,1.174,1.355,0.462,1.439,2.401,3.487,1.981,2.673,1.25,0.099,0.639,1.126,1.927,1.312,1.569
40.0,35.67,6.066,8.662,12.926,18.738,21.917,24.312,25.073,24.449,17.945,14.173,8.256,6.236,15.73,7.063,11.38,12.515,15.896,23.334,24.084,24.377,20.342,15.725,12.17,7.84,6.402,15.096,5.969,9.086,11.328,18.367,21.154,22.279,23.917,22.516,17.804,11.19,7.798,5.867,14.771,8.133,9.347,11.245,15.484,19.428,21.847,26.721,24.251,18.269,11.946,7.774,6.101,15.043,0.405,0.424,0.464,0.537,0.557,0.586,0.619,0.676,0.601,0.628,0.508,0.464,0.559,0.466,0.554,0.451,0.461,0.586,0.577,0.607,0.563,0.528,0.539,0.481,0.478,0.536,0.398,0.445,0.409,0.531,0.537,0.538,0.594,0.62,0.597,0.492,0.473,0.439,0.523,0.543,0.462,0.41,0.448,0.488,0.522,0.66,0.667,0.611,0.524,0.471,0.452,0.535,74.936,76.13,69.807,58.387,59.963,54.198,37.171,24.296,36.779,35.21,52.375,67.293,53.877,74.235,59.468,73.057,78.103,47.632,48.826,41.74,43.609,52.947,50.304,60.726,65.049,57.976,77.721,76.605,81.767,65.609,53.248,63.15,41.068,33.773,40.69,61.394,65.015,70.953,60.919,53.325,79.009,81.676,82.014,73.003,60.344,24.652,21.834,40.711,56.481,73.119,69.258,59.616,1.59,2.499,1.051,0.954,1.4,1.893,0.138,0.163,0.167,0.216,0.874,0.697,0.971,2.017,0.783,2.41,0.849,1.367,1.761,0.611,0.556,1.234,0.541,1.462,1.124,1.228,2.856,1.278,2.001,0.974,1.32,2.69,0.235,0.188,1.004,1.122,1.167,1.199,1.335,0.469,1.31,2.571,3.395,2.002,2.624,1.112,0.083,0.644,1.019,1.989,1.306,1.546
40.33,36.33,5.957,8.701,12.575,18.633,21.623,24.197,24.484,23.867,17.584,13.851,7.92,6.102,15.458,6.766,10.997,12.348,15.658,23.188,23.802,24.046,19.852,15.148,11.802,7.771,6.234,14.802,5.719,8.975,11.323,17.861,21.103,22.053,23.682,21.724,17.25,10.914,7.624,5.855,14.505,7.955,9.166,10.752,15.32,19.035,21.671,26.342,23.766,17.874,11.704,7.495,5.85,14.742,0.4,0.428,0.453,0.537,0.547,0.581,0.604,0.66,0.59,0.617,0.488,0.457,0.551,0.45,0.538,0.447,0.454,0.584,0.57,0.597,0.55,0.508,0.525,0.479,0.468,0.526,0.384,0.442,0.409,0.517,0.535,0.531,0.588,0.599,0.58,0.482,0.466,0.44,0.516,0.535,0.454,0.392,0.443,0.479,0.519,0.651,0.655,0.599,0.518,0.457,0.437,0.525,77.579,77.209,71.791,59.47,61.763,54.37,41.065,28.549,41.332,39.348,57.394,69.11,56.581,76.022,63.778,74.276,78.759,49.002,50.358,43.862,47.402,57.774,54.688,62.477,67.292,60.476,79.71,77.397,82.67,67.6,54.806,64.997,43.09,40.031,44.946,64.3,67.874,71.582,63.252,55.86,81.086,83.574,81.987,74.117,61.21,27.78,25.857,45.067,59.495,75.019,71.991,61.918,1.819,2.516,1.096,0.943,1.389,1.786,0.167,0.293,0.243,0.286,1.207,0.753,1.043,1.99,0.999,2.322,0.836,1.531,1.719,0.718,0.75,1.463,0.795,1.55,1.107,1.316,3.042,1.333,2.196,1.036,1.317,2.627,0.338,0.303,1.267,1.32,1.275,1.335,1.448,0.65,1.582,2.549,3.46,2.083,2.863,1.325,0.096,0.781,1.444,1.981,1.451,1.691
40.33,35.67,5.973,8.655,12.806,18.829,21.901,24.377,25.122,24.345,17.796,13.848,8.092,6.145,15.658,6.852,10.939,12.465,15.752,23.239,23.946,24.588,20.363,15.472,11.959,7.767,6.301,14.971,5.856,8.97,11.484,18.065,21.326,22.363,24.379,22.297,17.549,11.05,7.708,5.801,14.736,7.896,9.09,11.006,15.545,19.275,22.002,26.766,24.079,18.162,11.799,7.619,5.938,14.93,0.402,0.426,0.462,0.542,0.555,0.586,0.621,0.673,0.598,0.617,0.499,0.461,0.558,0.456,0.535,0.451,0.457,0.585,0.574,0.611,0.564,0.52,0.531,0.479,0.473,0.532,0.393,0.442,0.416,0.522,0.541,0.539,0.604,0.615,0.59,0.488,0.471,0.437,0.524,0.53,0.451,0.402,0.449,0.485,0.527,0.662,0.664,0.608,0.521,0.464,0.444,0.532,75.958,76.246,69.988,57.408,60.755,53.648,36.136,24.687,38.002,38.57,54.294,68.143,54.486,75.118,61.769,73.463,78.118,48.435,49.66,40.095,43.016,54.867,52.701,62.15,65.947,58.779,78.293,76.468,81.343,66.577,53.403,62.973,39.105,34.703,42.406,62.199,66.448,71.76,61.308,55.281,80.095,82.142,81.668,73.408,59.722,25.067,22.949,41.203,57.864,73.715,70.939,60.336,1.708,2.435,1.013,0.982,1.431,2.081,0.156,0.216,0.207,0.272,1.035,0.735,1.024,1.908,0.928,2.419,0.914,1.422,1.893,0.693,0.709,1.371,0.652,1.551,1.233,1.308,3.045,1.417,2.058,0.989,1.302,2.752,0.283,0.251,1.113,1.164,1.143,1.337,1.403,0.617,1.372,2.722,3.322,2.128,2.784,1.141,0.077,0.753,1.247,2.038,1.432,1.638
39.67,36.33,6.29,9.328,12.791,18.739,21.97,24.448,25.241,24.425,18.232,14.41,8.433,6.285,15.883,7.106,11.725,12.476,16.006,23.727,24.43,24.602,20.532,15.985,12.414,8.054,6.439,15.293,6.185,9.682,11.925,18.383,21.141,22.545,24.366,22.594,17.989,11.623,7.861,5.955,15.018,8.279,10.086,11.109,15.479,19.649,21.936,26.795,24.418,18.62,12.153,7.782,6.151,15.202,0.416,0.454,0.459,0.538,0.556,0.588,0.624,0.674,0.608,0.636,0.513,0.463,0.564,0.466,0.568,0.448,0.463,0.596,0.586,0.61,0.566,0.534,0.547,0.49,0.475,0.541,0.408,0.471,0.429,0.531,0.536,0.543,0.605,0.621,0.602,0.508,0.474,0.441,0.531,0.548,0.495,0.403,0.447,0.495,0.525,0.662,0.672,0.62,0.532,0.469,0.451,0.538,75.168,76.493,70.71,59.996,59.107,52.567,36.904,24.9,36.275,34.022,51.484,67.061,53.723,75.056,59.337,72.553,77.892,46.872,46.955,40.624,43.741,51.341,48.648,58.7,65.644,57.281,78.006,77.787,81.022,65.729,54.653,61.881,39.171,34.173,40.238,59.4,64.092,70.295,60.539,52.913,77.565,83.012,81.399,71.714,59.881,25.051,21.832,39.66,56.191,72.64,68.56,59.2,1.581,2.513,1.232,0.937,1.355,1.546,0.138,0.176,0.174,0.221,0.97,0.733,0.966,2.091,0.786,2.225,0.834,1.302,1.544,0.534,0.545,1.181,0.554,1.335,1.014,1.164,2.636,1.147,2.021,0.942,1.407,2.408,0.243,0.192,1.099,1.143,1.261,1.115,1.3,0.478,1.371,2.556,3.279,1.904,2.538,1.071,0.112,0.619,1.109,1.889,1.362,1.526
39.67,35.67,6.267,9.22,13.029,18.929,22.279,24.68,25.884,24.851,18.432,14.376,8.589,6.357,16.075,7.176,11.621,12.607,16.137,23.733,24.547,25.104,20.985,16.29,12.569,8.034,6.498,15.443,6.243,9.633,11.9,18.578,21.368,22.836,24.946,23.078,18.272,11.743,7.959,5.935,15.206,8.24,9.912,11.379,15.779,19.936,22.248,27.163,24.672,18.907,12.224,7.926,6.254,15.385,0.415,0.449,0.467,0.543,0.565,0.594,0.64,0.686,0.616,0.635,0.523,0.469,0.57,0.471,0.563,0.453,0.466,0.596,0.589,0.623,0.579,0.545,0.554,0.488,0.48,0.547,0.412,0.47,0.429,0.535,0.542,0.55,0.619,0.635,0.611,0.514,0.48,0.439,0.538,0.545,0.487,0.413,0.455,0.502,0.532,0.671,0.678,0.63,0.534,0.477,0.459,0.545,73.88,75.804,69.353,58.302,58.43,51.917,32.367,21.544,33.49,33.987,49.38,66.349,52.066,74.609,57.69,71.981,77.392,46.571,46.519,37.314,40.036,49.115,47.208,58.968,64.782,56.016,76.856,77.019,79.958,64.95,53.523,60.284,36.168,29.826,38.112,57.77,63.186,70.844,59.043,52.565,76.921,81.545,81.073,71.095,58.743,22.617,19.453,36.241,55.079,71.645,67.692,57.887,1.543,2.468,1.169,0.986,1.416,1.81,0.14,0.138,0.17,0.214,0.881,0.722,0.972,2.032,0.768,2.379,0.952,1.222,1.732,0.535,0.528,1.15,0.459,1.395,1.171,1.195,2.739,1.252,1.967,0.899,1.404,2.504,0.198,0.16,0.99,1.029,1.132,1.155,1.285,0.495,1.229,2.713,3.183,1.91,2.516,0.919,0.092,0.641,1.008,1.952,1.339,1.501
40.33,37.0,6.025,8.973,12.217,18.176,21.077,23.814,23.163,22.776,17.327,13.948,7.694,6.068,15.104,6.557,10.915,12.059,15.471,23.28,23.349,23.106,18.922,14.466,11.69,7.821,6.06,14.477,5.414,9.178,11.035,17.606,20.784,21.4,22.523,20.52,16.76,10.696,7.494,5.963,14.112,8.077,9.262,10.256,14.818,18.6,20.931,25.597,23.27,17.441,11.633,7.217,5.666,14.394,0.404,0.441,0.44,0.526,0.531,0.57,0.572,0.628,0.581,0.62,0.473,0.453,0.54,0.437,0.537,0.434,0.449,0.586,0.559,0.571,0.522,0.483,0.521,0.483,0.453,0.514,0.363,0.45,0.399,0.51,0.525,0.515,0.558,0.566,0.564,0.472,0.459,0.446,0.503,0.542,0.458,0.372,0.43,0.468,0.503,0.633,0.641,0.582,0.516,0.44,0.423,0.509,79.804,78.069,74.026,63.121,62.409,54.483,49.42,35.252,45.217,39.018,60.748,69.65,59.268,77.241,67.163,75.502,79.461,49.148,51.721,48.579,53.781,61.385,55.908,61.54,68.519,62.496,81.473,78.67,83.485,68.444,56.817,67.975,48.072,49.286,47.435,66.046,68.573,70.232,65.543,56.393,81.59,85.874,81.592,73.777,63.421,31.657,29.928,49.399,61.216,76.002,73.187,63.668,2.196,2.871,1.35,0.986,1.511,1.46,0.327,0.537,0.444,0.382,1.926,0.886,1.242,2.254,1.238,2.37,0.773,1.513,1.427,0.839,1.055,1.981,1.253,1.702,1.115,1.462,3.093,1.267,2.69,1.085,1.452,2.36,0.678,0.463,1.616,1.753,1.524,1.439,1.618,0.684,2.131,2.692,3.75,2.066,2.921,1.732,0.209,1.002,1.782,2.222,1.564,1.9
39.67,37.0,6.365,9.498,12.397,18.23,21.378,24.034,23.822,23.357,17.879,14.436,8.14,6.185,15.476,6.855,11.589,12.184,15.734,23.808,23.967,23.644,19.589,15.281,12.23,8.08,6.233,14.935,5.866,9.78,11.781,18.081,20.842,21.876,23.342,21.394,17.432,11.331,7.664,6.027,14.615,8.323,10.132,10.512,14.838,19.109,21.251,26.076,23.892,18.071,12.033,7.422,5.898,14.793,0.422,0.462,0.445,0.526,0.538,0.576,0.589,0.643,0.597,0.637,0.494,0.455,0.551,0.45,0.565,0.437,0.455,0.599,0.574,0.584,0.539,0.508,0.541,0.494,0.459,0.528,0.388,0.475,0.423,0.523,0.526,0.527,0.578,0.589,0.584,0.496,0.464,0.445,0.518,0.552,0.496,0.38,0.429,0.481,0.512,0.644,0.657,0.599,0.529,0.448,0.433,0.521,77.677,77.312,72.843,63.376,59.989,52.811,45.631,31.887,40.673,34.235,55.11,67.867,56.618,76.07,63.462,73.853,78.543,47.101,48.682,45.475,49.932,55.267,50.26,57.982,66.837,59.456,80.033,78.802,81.943,66.696,56.487,64.845,43.497,43.257,43.029,61.564,65.314,68.801,62.857,53.941,78.418,85.673,81.393,71.751,61.774,29.221,26.295,44.664,58.087,73.924,70.485,61.301,1.837,2.707,1.41,0.948,1.393,1.247,0.241,0.352,0.297,0.288,1.482,0.828,1.088,2.238,0.949,2.189,0.71,1.285,1.257,0.623,0.756,1.535,0.907,1.405,0.976,1.238,2.633,1.084,2.343,0.988,1.505,2.197,0.496,0.321,1.334,1.455,1.485,1.166,1.417,0.497,1.796,2.705,3.51,1.959,2.546,1.421,0.19,0.744,1.381,2.073,1.5,1.697
40.0,37.33,6.145,9.153,12.215,17.945,20.998,23.584,22.79,22.622,17.424,14.232,7.839,6.13,15.089,6.646,11.107,11.897,15.41,23.45,23.192,22.816,18.785,14.469,11.885,7.963,6.124,14.482,5.453,9.399,10.92,17.854,20.582,21.225,22.234,20.504,16.899,10.831,7.564,6.044,14.122,8.291,9.544,10.309,14.541,18.625,20.607,25.499,23.395,17.41,11.811,7.257,5.755,14.417,0.41,0.448,0.439,0.519,0.528,0.564,0.563,0.623,0.583,0.631,0.479,0.453,0.539,0.44,0.545,0.427,0.447,0.589,0.555,0.563,0.516,0.482,0.528,0.49,0.455,0.513,0.363,0.458,0.394,0.517,0.519,0.512,0.551,0.565,0.568,0.476,0.461,0.448,0.502,0.554,0.469,0.373,0.422,0.468,0.496,0.63,0.644,0.578,0.521,0.441,0.426,0.508,78.883,77.309,73.389,64.132,60.895,54.505,51.231,36.209,44.163,35.671,57.85,68.028,58.522,76.179,65.771,75.128,79.184,48.067,51.883,49.677,53.988,59.8,52.843,58.73,66.796,61.504,80.633,78.691,82.986,67.314,56.842,67.973,48.569,49.017,45.608,64.275,66.55,68.052,64.71,54.436,79.899,85.87,81.58,72.708,63.774,31.941,29.439,49.06,59.361,74.645,71.509,62.851,1.988,2.827,1.37,0.96,1.457,1.34,0.321,0.471,0.385,0.338,1.714,0.847,1.17,2.272,1.082,2.289,0.705,1.367,1.283,0.748,0.952,1.846,1.126,1.554,1.051,1.358,2.803,1.124,2.557,1.066,1.474,2.293,0.667,0.415,1.486,1.677,1.505,1.286,1.529,0.521,2.01,2.639,3.717,2.023,2.726,1.695,0.214,0.884,1.572,2.191,1.487,1.811
40.0,36.67,6.091,8.996,12.262,18.155,21.109,23.638,23.062,22.921,17.441,14.207,7.867,6.127,15.156,6.681,11.251,11.922,15.469,23.358,23.317,22.925,18.976,14.594,11.86,7.932,6.156,14.54,5.53,9.401,10.855,17.941,20.644,21.356,22.281,20.78,16.993,10.831,7.597,6.013,14.181,8.307,9.456,10.446,14.754,18.719,20.74,25.663,23.522,17.47,11.805,7.358,5.837,14.503,0.407,0.44,0.44,0.525,0.531,0.566,0.569,0.631,0.582,0.629,0.481,0.453,0.541,0.442,0.551,0.428,0.449,0.586,0.558,0.566,0.522,0.486,0.527,0.488,0.457,0.515,0.369,0.458,0.391,0.519,0.52,0.515,0.552,0.572,0.571,0.475,0.462,0.446,0.504,0.555,0.466,0.378,0.428,0.471,0.498,0.634,0.648,0.581,0.521,0.446,0.432,0.512,78.685,77.801,73.257,63.497,61.123,55.293,50.542,35.115,44.428,36.266,57.646,68.497,58.513,76.355,65.432,75.031,79.534,48.424,51.791,49.9,53.666,59.96,53.654,59.607,67.059,61.702,80.53,79.03,83.511,67.384,56.441,67.953,49.039,48.044,45.721,64.939,66.86,68.916,64.865,54.445,80.526,85.409,82.132,73.448,63.823,31.425,28.976,49.236,59.744,75.088,71.479,62.977,1.829,2.742,1.255,0.922,1.363,1.377,0.22,0.347,0.281,0.283,1.371,0.78,1.067,2.23,0.956,2.259,0.684,1.424,1.369,0.672,0.746,1.581,0.911,1.491,0.965,1.277,2.76,1.12,2.355,1.058,1.393,2.439,0.49,0.331,1.34,1.497,1.445,1.223,1.454,0.484,1.815,2.444,3.669,1.977,2.71,1.551,0.163,0.752,1.379,2.038,1.396,1.702
40.33,37.33,6.077,9.113,12.261,18.095,21.085,23.944,23.278,22.722,17.392,13.931,7.694,6.076,15.138,6.579,10.787,12.196,15.522,23.38,23.441,23.295,18.956,14.525,11.737,7.819,6.048,14.526,5.418,9.113,11.286,17.504,20.844,21.47,22.786,20.489,16.762,10.748,7.475,5.954,14.152,7.989,9.362,10.211,14.762,18.619,21.045,25.6,23.216,17.547,11.632,7.163,5.595,14.392,0.408,0.448,0.442,0.523,0.531,0.573,0.575,0.627,0.584,0.62,0.474,0.454,0.541,0.439,0.53,0.44,0.45,0.589,0.561,0.575,0.523,0.486,0.523,0.484,0.454,0.516,0.363,0.447,0.409,0.507,0.527,0.517,0.565,0.565,0.563,0.475,0.458,0.445,0.505,0.536,0.463,0.371,0.428,0.469,0.506,0.634,0.639,0.585,0.515,0.438,0.419,0.51,79.75,77.594,74.036,63.07,62.434,53.377,47.749,34.59,43.965,38.914,61.082,69.456,58.834,77.062,66.931,75.381,78.956,48.868,51.045,46.895,52.793,60.381,55.245,61.373,68.631,61.965,81.506,78.046,82.831,68.461,56.992,67.2,46.268,48.434,47.046,65.224,68.449,70.237,65.059,56.75,81.006,85.986,80.932,73.106,62.81,31.178,29.52,47.905,60.804,75.628,73.253,63.238,2.472,3.023,1.5,1.055,1.68,1.479,0.462,0.699,0.596,0.464,2.435,0.991,1.406,2.328,1.43,2.459,0.842,1.48,1.39,0.951,1.337,2.347,1.55,1.835,1.253,1.601,3.242,1.33,2.99,1.088,1.557,2.197,0.89,0.564,1.831,1.991,1.601,1.568,1.737,0.774,2.39,2.969,3.815,2.12,2.987,1.874,0.281,1.207,2.031,2.437,1.694,2.052
40.33,36.67,6.01,8.923,12.303,18.309,21.234,23.993,23.601,23.097,17.394,13.885,7.732,6.064,15.211,6.616,10.936,12.193,15.551,23.261,23.566,23.432,19.199,14.69,11.699,7.792,6.093,14.588,5.512,9.1,11.216,17.612,20.895,21.63,22.933,20.853,16.875,10.762,7.507,5.926,14.232,8.0,9.268,10.355,14.969,18.726,21.22,25.811,23.374,17.589,11.624,7.276,5.689,14.489,0.403,0.439,0.443,0.529,0.536,0.575,0.582,0.638,0.583,0.618,0.476,0.454,0.544,0.44,0.537,0.44,0.451,0.586,0.564,0.579,0.53,0.491,0.521,0.482,0.457,0.518,0.37,0.446,0.405,0.51,0.528,0.521,0.568,0.575,0.568,0.475,0.46,0.444,0.507,0.538,0.459,0.377,0.434,0.471,0.51,0.638,0.644,0.588,0.515,0.444,0.425,0.514,79.535,78.033,73.811,62.235,62.638,54.318,46.879,33.439,44.426,39.776,60.647,69.954,58.807,77.21,66.569,75.257,79.312,49.291,51.13,47.151,52.183,60.588,56.119,62.295,68.744,62.155,81.333,78.358,83.417,68.561,56.529,67.143,46.549,46.926,47.223,65.884,68.924,71.057,65.16,56.759,81.702,85.51,81.729,74.04,62.749,30.732,29.079,48.354,61.182,76.097,73.3,63.434,2.163,2.791,1.311,0.979,1.492,1.513,0.293,0.501,0.412,0.369,1.83,0.869,1.212,2.19,1.22,2.356,0.795,1.548,1.496,0.828,1.005,1.885,1.187,1.686,1.113,1.444,3.135,1.303,2.608,1.074,1.431,2.391,0.6,0.438,1.572,1.676,1.49,1.439,1.596,0.719,2.043,2.687,3.688,2.079,2.934,1.645,0.185,0.976,1.771,2.171,1.573,1.876
39.67,37.33,6.48,9.698,12.472,18.131,21.437,24.213,24.041,23.416,18.017,14.481,8.197,6.203,15.565,6.924,11.568,12.349,15.817,23.991,24.172,23.922,19.743,15.504,12.357,8.117,6.232,15.06,5.923,9.776,12.137,18.049,20.909,22.029,23.8,21.52,17.537,11.485,7.657,6.036,14.735,8.257,10.367,10.483,14.751,19.199,21.454,26.171,23.935,18.263,12.088,7.384,5.852,14.847,0.429,0.472,0.448,0.522,0.539,0.58,0.595,0.646,0.602,0.639,0.498,0.456,0.554,0.454,0.563,0.443,0.457,0.604,0.579,0.591,0.543,0.516,0.546,0.496,0.46,0.532,0.391,0.474,0.437,0.522,0.528,0.531,0.589,0.592,0.586,0.503,0.463,0.446,0.522,0.547,0.507,0.379,0.426,0.483,0.517,0.647,0.658,0.606,0.53,0.446,0.43,0.524,77.399,76.671,72.7,63.336,59.615,51.353,43.389,30.717,38.773,33.469,54.605,67.389,55.784,75.684,62.88,73.51,77.8,46.438,47.537,43.295,48.223,53.236,48.689,57.257,66.677,58.437,79.907,78.056,81.106,66.462,56.515,63.492,40.732,41.317,41.916,60.033,64.818,68.458,61.902,54.002,77.397,85.857,80.816,70.816,60.739,28.346,25.295,42.485,57.163,73.246,70.305,60.538,1.975,2.728,1.535,0.991,1.486,1.224,0.321,0.447,0.38,0.331,1.777,0.895,1.175,2.239,1.046,2.199,0.743,1.214,1.189,0.677,0.921,1.713,1.07,1.435,1.06,1.293,2.672,1.108,2.482,0.968,1.602,2.02,0.616,0.38,1.429,1.561,1.535,1.209,1.465,0.55,1.922,2.979,3.49,2.016,2.514,1.469,0.231,0.845,1.538,2.21,1.625,1.786
39.67,36.67,6.384,9.55,12.513,18.39,21.574,24.234,24.356,23.728,18.036,14.451,8.247,6.213,15.639,6.96,11.699,12.327,15.864,23.847,24.245,24.032,19.941,15.587,12.315,8.087,6.296,15.102,6.024,9.806,11.999,18.148,20.947,22.156,23.79,21.818,17.636,11.486,7.716,6.004,14.791,8.295,10.255,10.673,15.034,19.311,21.548,26.332,24.074,18.322,12.083,7.529,5.966,14.949,0.423,0.464,0.449,0.529,0.544,0.581,0.602,0.654,0.602,0.637,0.5,0.457,0.556,0.456,0.568,0.443,0.459,0.6,0.581,0.594,0.549,0.519,0.543,0.493,0.464,0.534,0.397,0.476,0.431,0.525,0.529,0.534,0.589,0.6,0.59,0.502,0.466,0.443,0.524,0.549,0.502,0.386,0.434,0.486,0.518,0.651,0.662,0.609,0.53,0.454,0.438,0.528,77.034,77.161,72.471,62.539,59.831,52.423,42.517,29.548,39.152,34.186,54.191,67.84,55.741,75.925,62.163,73.386,78.299,46.97,47.615,43.618,47.931,53.662,49.702,58.205,66.822,58.693,79.595,78.565,81.642,66.558,56.176,63.654,41.644,40.239,42.22,60.732,65.046,69.474,62.13,53.833,78.036,85.142,81.342,71.659,61.014,27.893,24.84,42.823,57.591,73.637,70.015,60.651,1.806,2.669,1.402,0.949,1.393,1.278,0.219,0.319,0.277,0.277,1.412,0.82,1.07,2.214,0.925,2.18,0.743,1.294,1.307,0.601,0.714,1.453,0.842,1.383,0.974,1.221,2.635,1.098,2.283,0.969,1.501,2.198,0.435,0.293,1.302,1.392,1.456,1.155,1.392,0.511,1.714,2.702,3.441,1.942,2.535,1.323,0.178,0.724,1.343,2.029,1.493,1.664
40.33,38.0,6.297,9.553,12.379,17.479,20.855,23.988,22.919,22.163,17.53,14.086,7.733,6.174,15.095,6.741,10.467,12.528,15.602,23.717,23.311,23.208,18.631,14.465,11.967,7.924,6.068,14.554,5.375,9.074,11.579,17.415,20.693,21.236,22.94,20.242,16.775,10.863,7.461,6.004,14.137,7.955,9.789,10.13,14.189,18.583,20.848,25.294,22.975,17.589,11.741,7.003,5.456,14.293,0.421,0.471,0.449,0.504,0.523,0.575,0.567,0.613,0.59,0.628,0.478,0.461,0.538,0.449,0.514,0.451,0.453,0.599,0.559,0.573,0.513,0.486,0.534,0.49,0.457,0.518,0.359,0.445,0.421,0.504,0.523,0.511,0.569,0.558,0.562,0.483,0.459,0.45,0.505,0.531,0.482,0.369,0.412,0.468,0.503,0.628,0.632,0.585,0.517,0.431,0.41,0.506,79.176,75.574,73.952,64.765,61.819,51.384,47.254,35.681,40.494,35.941,60.397,67.859,57.856,75.63,66.013,75.46,77.481,47.819,51.007,45.627,52.225,57.483,51.426,58.615,67.309,60.509,81.207,75.995,81.348,67.916,58.052,66.276,43.844,47.253,45.085,62.319,67.004,68.272,63.714,56.317,78.122,86.458,79.341,70.723,62.381,31.592,29.472,45.278,58.295,73.821,72.57,62.028,2.99,3.299,1.914,1.226,2.13,1.463,0.87,1.105,0.961,0.661,3.654,1.225,1.79,2.453,1.807,2.607,0.969,1.22,1.141,1.217,2.074,3.277,2.294,2.032,1.622,1.891,3.353,1.342,3.664,1.12,1.853,1.679,1.47,0.81,2.293,2.585,1.723,1.755,1.969,0.85,2.951,3.648,3.995,2.296,2.96,2.261,0.48,1.652,2.565,3.065,1.959,2.393
39.67,38.0,6.692,10.036,12.574,17.44,21.177,24.255,23.617,22.854,18.071,14.535,8.139,6.285,15.472,7.055,11.154,12.686,15.856,24.256,24.023,23.763,19.379,15.442,12.503,8.177,6.196,15.041,5.775,9.599,12.202,17.898,20.719,21.778,24.003,21.176,17.467,11.547,7.596,6.123,14.656,8.166,10.659,10.319,14.122,19.06,21.303,25.851,23.627,18.213,12.117,7.17,5.666,14.686,0.442,0.491,0.454,0.501,0.531,0.581,0.585,0.631,0.606,0.644,0.497,0.462,0.549,0.464,0.543,0.456,0.458,0.613,0.577,0.587,0.533,0.516,0.553,0.5,0.459,0.534,0.381,0.467,0.442,0.517,0.523,0.524,0.595,0.583,0.582,0.51,0.462,0.454,0.521,0.54,0.52,0.373,0.408,0.479,0.514,0.641,0.648,0.603,0.529,0.436,0.419,0.519,77.174,74.563,73.013,64.909,59.237,49.293,43.211,32.082,35.928,31.338,54.808,66.037,55.131,74.393,63.006,74.065,76.166,45.401,47.618,42.319,47.799,50.805,45.57,55.067,65.482,57.308,79.72,75.418,80.023,66.201,57.368,62.574,38.306,40.597,40.352,57.607,63.998,66.31,60.705,54.134,74.884,86.556,79.529,68.859,60.08,28.813,25.411,40.205,55.066,71.742,70.379,59.636,2.38,2.799,1.884,1.139,1.84,1.217,0.638,0.798,0.674,0.483,2.741,1.078,1.471,2.21,1.358,2.267,0.827,0.986,0.95,0.91,1.543,2.442,1.702,1.571,1.375,1.509,2.78,1.135,3.006,0.999,1.861,1.547,1.091,0.605,1.757,2.018,1.628,1.345,1.647,0.648,2.367,3.685,3.626,2.267,2.456,1.808,0.376,1.188,2.067,2.744,1.924,2.099
40.0,38.33,6.47,9.819,12.47,17.132,20.898,23.844,22.799,22.154,17.703,14.351,7.924,6.266,15.152,6.925,10.658,12.521,15.627,23.921,23.236,23.073,18.651,14.688,12.21,8.098,6.175,14.649,5.484,9.291,11.576,17.693,20.472,21.134,23.103,20.449,17.025,11.155,7.538,6.122,14.253,8.126,10.23,10.235,13.861,18.681,20.684,25.29,23.144,17.632,11.942,7.049,5.549,14.365,0.43,0.483,0.452,0.492,0.523,0.571,0.564,0.612,0.596,0.638,0.487,0.463,0.539,0.458,0.522,0.45,0.453,0.605,0.558,0.569,0.513,0.493,0.543,0.498,0.461,0.521,0.364,0.455,0.421,0.511,0.517,0.509,0.573,0.563,0.569,0.496,0.461,0.456,0.508,0.54,0.5,0.371,0.402,0.47,0.499,0.628,0.635,0.585,0.523,0.432,0.415,0.508,78.038,74.145,73.265,65.441,60.08,50.956,47.288,35.879,38.372,32.443,56.956,66.033,56.572,74.373,64.02,75.127,76.572,46.568,50.895,45.765,51.039,54.683,47.478,55.606,65.038,58.931,80.068,75.125,80.721,66.678,58.023,65.49,42.71,44.706,42.732,59.509,65.05,65.901,62.225,54.578,75.746,86.476,79.373,69.533,62.172,31.481,28.264,43.887,55.709,72.131,70.99,60.859,2.572,2.948,1.865,1.156,1.983,1.353,0.791,0.981,0.823,0.571,3.129,1.103,1.604,2.246,1.561,2.385,0.904,1.054,1.002,1.084,1.872,2.904,2.005,1.735,1.526,1.687,2.959,1.16,3.277,1.091,1.839,1.581,1.336,0.734,2.016,2.334,1.594,1.502,1.783,0.69,2.6,3.595,3.811,2.326,2.686,2.107,0.426,1.418,2.374,2.907,1.894,2.238
40.0,37.67,6.374,9.669,12.387,17.285,20.929,23.752,22.778,22.221,17.616,14.326,7.915,6.215,15.122,6.82,10.639,12.264,15.447,23.798,23.176,23.096,18.673,14.62,12.127,8.053,6.178,14.575,5.444,9.166,11.489,17.668,20.478,21.17,22.918,20.407,16.958,11.062,7.528,6.098,14.197,8.132,10.032,10.21,13.957,18.621,20.674,25.321,23.191,17.57,11.9,7.075,5.558,14.35,0.424,0.475,0.449,0.497,0.524,0.569,0.564,0.614,0.592,0.637,0.487,0.46,0.538,0.451,0.521,0.44,0.448,0.601,0.556,0.569,0.513,0.49,0.54,0.496,0.462,0.518,0.362,0.448,0.418,0.511,0.518,0.51,0.569,0.562,0.567,0.491,0.46,0.454,0.506,0.54,0.491,0.37,0.405,0.468,0.5,0.628,0.637,0.582,0.522,0.433,0.415,0.507,77.735,74.265,72.625,64.53,59.818,51.032,47.035,35.257,39.053,32.592,56.52,65.754,56.349,74.124,63.639,74.681,76.878,46.427,50.632,45.395,50.605,55.277,47.908,55.742,64.769,58.841,79.736,75.598,80.48,66.494,57.389,65.607,43.024,44.814,42.97,59.884,64.8,65.681,62.206,53.883,76.278,85.992,79.457,69.774,61.929,31.111,27.986,44.443,55.938,72.014,70.578,60.779,2.491,2.965,1.768,1.111,1.859,1.358,0.706,0.905,0.747,0.532,2.875,1.069,1.53,2.279,1.502,2.385,0.86,1.137,1.065,1.038,1.727,2.739,1.854,1.726,1.439,1.643,2.976,1.164,3.177,1.083,1.774,1.728,1.244,0.693,1.947,2.252,1.608,1.492,1.76,0.669,2.536,3.419,3.777,2.249,2.743,2.081,0.385,1.354,2.268,2.76,1.823,2.175
40.33,38.33,6.348,9.59,12.423,17.537,20.816,24.139,23.02,22.185,17.582,14.058,7.703,6.195,15.132,6.796,10.575,12.787,15.816,23.785,23.472,23.21,18.666,14.512,11.994,7.926,6.03,14.632,5.428,9.254,11.663,17.419,20.782,21.271,23.036,20.326,16.815,10.877,7.462,5.983,14.193,7.947,9.873,10.15,14.279,18.669,20.93,25.319,22.943,17.672,11.744,7.001,5.467,14.33,0.426,0.473,0.45,0.505,0.522,0.579,0.569,0.613,0.592,0.627,0.476,0.464,0.54,0.453,0.519,0.461,0.458,0.601,0.564,0.573,0.515,0.488,0.535,0.49,0.453,0.521,0.363,0.455,0.423,0.504,0.525,0.511,0.572,0.56,0.564,0.484,0.46,0.449,0.507,0.531,0.486,0.369,0.415,0.47,0.504,0.628,0.631,0.588,0.518,0.43,0.411,0.508,79.978,76.462,74.979,65.708,62.746,51.919,48.242,36.409,41.006,37.005,61.834,69.107,58.781,76.611,67.336,76.016,77.801,48.56,51.371,46.674,53.606,58.033,52.653,59.626,68.64,61.411,82.111,76.377,82.177,68.597,58.734,66.608,44.534,48.312,45.693,63.278,68.016,69.626,64.505,57.544,78.707,87.029,79.589,71.165,62.912,32.14,30.302,45.705,59.278,74.858,73.577,62.732,3.075,3.329,1.973,1.267,2.225,1.462,0.916,1.13,1.003,0.689,3.849,1.256,1.847,2.466,1.841,2.633,0.999,1.186,1.126,1.239,2.128,3.366,2.386,2.06,1.667,1.924,3.367,1.361,3.734,1.125,1.883,1.625,1.482,0.813,2.339,2.613,1.721,1.771,1.985,0.874,2.996,3.72,4.044,2.323,2.926,2.232,0.507,1.677,2.574,3.168,1.992,2.421
40.33,37.67,6.246,9.424,12.337,17.708,20.903,24.039,23.066,22.324,17.494,14.015,7.692,6.138,15.115,6.676,10.569,12.49,15.622,23.637,23.43,23.273,18.744,14.497,11.891,7.873,6.035,14.563,5.383,9.106,11.56,17.397,20.79,21.344,22.926,20.291,16.753,10.814,7.449,5.976,14.148,7.942,9.652,10.119,14.407,18.593,20.966,25.392,23.023,17.617,11.688,7.029,5.477,14.322,0.418,0.464,0.446,0.511,0.525,0.576,0.57,0.617,0.589,0.625,0.475,0.459,0.54,0.445,0.519,0.45,0.453,0.597,0.562,0.575,0.517,0.486,0.53,0.487,0.454,0.518,0.36,0.447,0.42,0.504,0.526,0.514,0.569,0.56,0.562,0.48,0.458,0.448,0.505,0.531,0.475,0.368,0.418,0.468,0.505,0.63,0.633,0.586,0.516,0.432,0.411,0.507,79.595,76.49,74.272,64.392,62.319,51.828,47.42,35.336,41.686,37.249,61.284,68.751,58.384,76.369,66.816,75.541,77.994,48.263,50.767,45.878,52.665,58.508,53.071,59.889,68.225,61.166,81.603,76.719,81.902,68.313,57.831,66.49,44.481,48.087,45.902,63.522,67.743,69.296,64.324,56.854,79.252,86.494,79.745,71.508,62.436,31.424,29.626,46.0,59.493,74.702,73.17,62.557,2.922,3.273,1.829,1.198,2.037,1.467,0.77,1.015,0.886,0.621,3.423,1.186,1.719,2.45,1.742,2.595,0.941,1.304,1.212,1.161,1.902,3.075,2.143,2.021,1.534,1.839,3.374,1.366,3.547,1.111,1.787,1.814,1.33,0.754,2.205,2.455,1.718,1.736,1.932,0.857,2.859,3.507,3.974,2.249,2.987,2.17,0.436,1.56,2.446,2.931,1.912,2.327
39.67,38.33,6.819,10.14,12.646,17.48,21.19,24.452,23.838,23.011,18.211,14.562,8.154,6.333,15.568,7.157,11.357,12.978,16.116,24.403,24.323,23.844,19.543,15.666,12.6,8.21,6.177,15.198,5.878,9.859,12.319,17.98,20.797,21.925,24.296,21.39,17.617,11.679,7.615,6.137,14.791,8.192,10.853,10.359,14.204,19.196,21.475,25.979,23.704,18.397,12.165,7.19,5.708,14.782,0.45,0.496,0.456,0.502,0.532,0.586,0.59,0.635,0.61,0.645,0.497,0.466,0.553,0.471,0.552,0.466,0.465,0.617,0.585,0.589,0.538,0.524,0.557,0.501,0.456,0.539,0.387,0.48,0.445,0.519,0.525,0.528,0.602,0.589,0.588,0.516,0.463,0.454,0.525,0.541,0.528,0.374,0.41,0.483,0.517,0.643,0.65,0.609,0.531,0.436,0.422,0.522,77.586,75.257,74.067,65.847,59.806,49.448,43.425,32.126,35.74,31.865,55.539,67.105,55.649,75.227,64.053,74.583,76.222,45.7,47.256,42.801,48.403,50.233,45.997,55.711,66.519,57.726,80.277,75.471,80.742,66.66,57.912,62.153,38.006,40.611,40.197,57.852,64.587,67.312,60.981,55.179,74.891,87.183,79.898,69.116,60.146,28.783,25.48,39.619,55.667,72.531,71.196,59.972,2.373,2.736,1.946,1.177,1.895,1.178,0.63,0.771,0.672,0.476,2.771,1.086,1.475,2.171,1.318,2.237,0.832,0.925,0.908,0.875,1.502,2.382,1.704,1.539,1.378,1.479,2.722,1.139,2.988,0.989,1.894,1.475,1.039,0.577,1.703,1.949,1.617,1.298,1.615,0.655,2.323,3.797,3.638,2.312,2.343,1.706,0.384,1.133,2.003,2.795,1.967,2.09
39.67,37.67,6.684,9.982,12.556,17.688,21.269,24.336,23.853,23.09,18.114,14.541,8.171,6.261,15.545,7.029,11.357,12.665,15.912,24.258,24.224,23.912,19.582,15.575,12.508,8.168,6.194,15.116,5.861,9.725,12.349,17.949,20.838,21.948,24.093,21.358,17.543,11.581,7.609,6.09,14.744,8.189,10.655,10.349,14.343,19.153,21.458,26.014,23.763,18.329,12.129,7.226,5.72,14.774,0.442,0.487,0.453,0.509,0.534,0.583,0.59,0.638,0.607,0.643,0.497,0.46,0.552,0.462,0.552,0.455,0.459,0.613,0.581,0.591,0.539,0.52,0.553,0.499,0.458,0.535,0.386,0.473,0.446,0.519,0.526,0.528,0.597,0.588,0.585,0.51,0.462,0.45,0.523,0.541,0.519,0.374,0.415,0.482,0.517,0.644,0.652,0.607,0.531,0.438,0.422,0.522,77.303,75.423,73.092,64.59,59.425,49.564,42.889,31.313,36.487,31.947,54.852,66.693,55.297,74.951,63.191,73.831,76.608,45.616,47.036,42.146,47.73,51.021,46.403,55.81,66.188,57.545,79.97,76.297,80.307,66.336,57.156,62.418,38.333,40.579,40.577,58.206,64.275,67.214,60.972,54.297,75.594,86.557,79.882,69.331,59.966,28.386,25.157,40.366,55.816,72.343,70.552,59.852,2.283,2.786,1.814,1.107,1.746,1.192,0.544,0.692,0.59,0.44,2.496,1.04,1.393,2.23,1.265,2.245,0.797,1.034,0.999,0.832,1.351,2.217,1.524,1.529,1.279,1.44,2.742,1.133,2.864,0.978,1.806,1.655,0.943,0.533,1.655,1.871,1.622,1.299,1.591,0.627,2.25,3.537,3.58,2.193,2.44,1.682,0.339,1.079,1.895,2.607,1.863,2.011
40.33,39.0,6.638,9.84,12.625,17.292,20.605,24.257,22.761,21.933,17.725,14.143,7.658,6.338,15.149,7.088,11.012,13.528,16.504,24.025,23.558,22.661,18.505,14.607,12.12,8.066,6.031,14.811,5.751,10.054,11.92,17.713,20.721,20.965,22.976,20.568,16.984,11.072,7.517,6.034,14.358,8.104,10.448,10.287,14.279,18.877,20.748,25.102,22.759,17.591,11.917,7.004,5.616,14.392,0.446,0.487,0.456,0.497,0.517,0.582,0.561,0.605,0.596,0.63,0.472,0.473,0.54,0.473,0.54,0.489,0.475,0.607,0.569,0.559,0.509,0.491,0.54,0.497,0.449,0.529,0.385,0.497,0.43,0.51,0.521,0.504,0.571,0.566,0.571,0.493,0.464,0.454,0.512,0.542,0.512,0.373,0.414,0.478,0.496,0.622,0.626,0.587,0.525,0.429,0.422,0.511,81.591,78.198,77.773,69.98,64.584,54.428,54.19,41.273,42.355,37.851,64.243,71.353,61.484,78.443,70.333,77.961,78.234,50.312,53.679,52.759,58.704,58.909,54.053,60.199,70.483,63.671,83.759,76.775,84.683,69.912,61.228,68.157,48.342,51.132,46.475,64.708,70.061,71.809,66.419,60.692,78.941,89.026,80.652,72.221,65.327,35.279,33.869,48.329,60.381,76.892,75.697,64.774,2.796,2.978,2.081,1.355,2.387,1.329,0.937,1.043,0.957,0.659,3.721,1.157,1.784,2.253,1.652,2.501,1.018,0.923,0.967,1.151,1.94,3.173,2.375,1.804,1.738,1.794,3.007,1.205,3.502,1.179,1.92,1.513,1.251,0.701,2.16,2.357,1.488,1.492,1.812,0.787,2.728,3.678,4.065,2.471,2.536,1.927,0.509,1.394,2.37,3.411,1.99,2.321
39.67,39.0,7.096,10.335,12.864,17.25,20.982,24.563,23.538,22.748,18.314,14.568,8.032,6.494,15.564,7.422,11.677,13.8,16.876,24.589,24.453,23.243,19.337,15.719,12.64,8.307,6.2,15.356,6.2,10.64,12.503,18.23,20.721,21.693,24.216,21.478,17.728,11.821,7.679,6.211,14.929,8.337,11.282,10.468,14.253,19.286,21.314,25.761,23.47,18.277,12.262,7.182,5.841,14.809,0.47,0.507,0.463,0.495,0.527,0.589,0.581,0.627,0.613,0.645,0.489,0.478,0.553,0.49,0.568,0.497,0.485,0.622,0.59,0.573,0.532,0.525,0.56,0.506,0.455,0.547,0.41,0.521,0.449,0.523,0.52,0.521,0.602,0.591,0.593,0.523,0.469,0.461,0.53,0.551,0.549,0.378,0.411,0.488,0.51,0.638,0.644,0.606,0.536,0.434,0.433,0.524,79.235,77.2,77.418,69.932,62.042,52.105,49.243,37.031,37.593,33.685,59.083,69.84,58.699,77.267,67.732,76.982,76.655,47.589,49.215,49.087,53.802,51.608,48.457,57.264,68.675,60.359,81.777,75.435,83.493,68.345,60.379,63.461,41.936,44.287,41.335,59.856,66.965,69.687,63.079,58.96,75.243,89.19,81.099,70.595,62.485,31.794,29.122,42.136,57.474,74.975,73.927,62.249,2.283,2.524,2.167,1.367,2.192,1.1,0.674,0.741,0.702,0.466,2.83,1.026,1.507,2.071,1.248,2.225,0.886,0.732,0.786,0.825,1.431,2.346,1.849,1.448,1.512,1.449,2.574,1.099,3.054,1.082,1.958,1.363,0.916,0.514,1.6,1.82,1.454,1.119,1.544,0.672,2.263,3.893,3.851,2.534,2.064,1.511,0.411,0.966,1.909,3.162,2.048,2.106
40.0,39.33,6.899,10.159,12.777,17.077,20.747,24.164,22.793,22.092,17.977,14.374,7.821,6.451,15.276,7.313,11.491,13.655,16.81,24.263,23.686,22.502,18.668,15.014,12.358,8.251,6.135,15.014,6.048,10.544,12.24,18.102,20.559,20.972,23.317,20.868,17.332,11.489,7.625,6.174,14.608,8.267,11.024,10.46,14.184,19.002,20.671,25.201,22.991,17.695,12.144,7.069,5.768,14.538,0.46,0.5,0.46,0.49,0.521,0.579,0.561,0.609,0.604,0.638,0.479,0.478,0.544,0.486,0.562,0.493,0.483,0.614,0.572,0.554,0.512,0.503,0.55,0.505,0.453,0.536,0.403,0.52,0.44,0.519,0.516,0.504,0.58,0.574,0.582,0.51,0.468,0.462,0.519,0.55,0.538,0.378,0.41,0.482,0.494,0.624,0.631,0.589,0.533,0.43,0.43,0.515,80.823,77.696,78.163,70.986,63.46,54.757,54.468,41.587,40.911,35.535,62.17,70.793,60.945,78.262,69.081,78.334,77.533,49.506,53.08,53.771,58.052,56.345,51.32,58.466,69.41,62.762,82.869,76.176,84.687,69.115,61.46,67.143,47.501,49.341,44.403,62.512,68.914,70.813,65.41,61.083,77.048,89.547,81.293,71.934,65.429,35.131,32.834,46.932,58.658,76.196,75.108,64.265,2.318,2.563,2.022,1.322,2.281,1.201,0.764,0.836,0.791,0.517,2.999,0.976,1.551,2.033,1.339,2.274,0.961,0.793,0.861,0.93,1.574,2.62,2.004,1.501,1.579,1.543,2.595,1.062,3.061,1.157,1.886,1.478,0.997,0.567,1.775,1.968,1.321,1.184,1.584,0.651,2.297,3.62,3.956,2.544,2.235,1.649,0.432,1.058,2.061,3.208,1.931,2.135
40.0,38.67,6.753,10.058,12.71,17.048,20.807,24.107,22.82,22.139,17.916,14.384,7.864,6.413,15.249,7.233,11.261,13.431,16.518,24.189,23.55,22.635,18.638,14.886,12.344,8.228,6.121,14.921,5.781,10.223,11.74,17.995,20.565,20.978,23.267,20.707,17.254,11.399,7.606,6.177,14.477,8.26,10.773,10.403,14.024,18.947,20.663,25.25,23.064,17.711,12.075,7.071,5.699,14.492,0.451,0.496,0.459,0.489,0.522,0.578,0.562,0.61,0.602,0.639,0.482,0.475,0.543,0.481,0.55,0.485,0.476,0.612,0.569,0.557,0.512,0.499,0.549,0.504,0.453,0.532,0.385,0.503,0.422,0.517,0.516,0.504,0.578,0.569,0.579,0.507,0.467,0.462,0.515,0.55,0.525,0.376,0.406,0.48,0.494,0.626,0.633,0.589,0.529,0.431,0.426,0.513,80.68,76.841,77.148,69.643,62.481,53.894,53.095,40.3,40.415,34.756,60.73,69.622,59.965,77.596,68.14,77.622,77.318,48.836,53.031,51.98,56.717,56.324,50.404,57.861,68.397,62.017,82.582,76.038,84.219,68.415,60.583,67.164,46.723,48.744,44.267,62.041,68.076,69.428,64.855,58.886,76.853,88.939,80.954,71.298,65.046,34.274,31.507,46.162,58.096,75.386,74.105,63.457,2.427,2.7,1.969,1.249,2.187,1.265,0.792,0.899,0.818,0.551,3.124,1.021,1.584,2.089,1.417,2.296,0.954,0.868,0.899,0.997,1.729,2.761,2.007,1.578,1.566,1.599,2.701,1.09,3.134,1.127,1.859,1.46,1.152,0.64,1.871,2.116,1.406,1.303,1.652,0.656,2.393,3.633,3.917,2.479,2.369,1.814,0.442,1.205,2.182,3.095,1.919,2.174
40.33,39.33,6.716,9.849,12.626,17.382,20.518,24.342,22.762,21.882,17.721,14.092,7.592,6.328,15.15,7.081,11.049,13.608,16.593,24.038,23.675,22.687,18.554,14.675,12.075,8.028,6.033,14.843,5.94,10.137,12.398,17.7,20.752,21.021,22.975,20.706,16.971,11.059,7.495,5.988,14.43,8.057,10.53,10.267,14.45,18.904,20.836,25.057,22.658,17.565,11.936,6.988,5.637,14.406,0.451,0.487,0.456,0.5,0.516,0.584,0.562,0.605,0.596,0.628,0.469,0.473,0.54,0.472,0.542,0.492,0.477,0.608,0.571,0.56,0.511,0.493,0.539,0.495,0.45,0.53,0.397,0.501,0.448,0.509,0.522,0.505,0.571,0.571,0.571,0.492,0.463,0.451,0.515,0.539,0.517,0.373,0.419,0.479,0.499,0.62,0.623,0.586,0.526,0.428,0.423,0.511,81.304,78.727,78.006,70.557,65.421,54.492,54.333,41.592,42.56,38.679,65.346,71.962,61.915,78.469,70.902,78.058,78.408,50.666,53.223,53.067,59.014,58.773,54.88,60.636,71.134,63.935,83.757,76.805,84.493,70.506,61.669,67.79,48.275,50.947,46.585,65.055,70.593,72.846,66.609,62.044,79.248,89.172,80.543,72.521,64.945,35.569,34.901,48.815,60.842,77.237,76.267,65.174,2.791,2.939,2.152,1.43,2.467,1.275,0.942,1.027,0.952,0.658,3.737,1.169,1.796,2.251,1.645,2.529,1.019,0.875,0.948,1.136,1.843,3.14,2.453,1.789,1.79,1.788,3.009,1.205,3.524,1.207,1.967,1.555,1.14,0.656,2.154,2.295,1.465,1.444,1.799,0.813,2.739,3.683,4.081,2.498,2.468,1.825,0.51,1.312,2.323,3.574,2.024,2.32
40.33,38.67,6.559,9.76,12.572,17.395,20.639,24.295,22.867,22.002,17.684,14.097,7.649,6.291,15.149,6.996,10.827,13.37,16.319,23.973,23.601,22.891,18.569,14.581,12.075,8.003,6.02,14.771,5.663,9.788,11.911,17.584,20.782,21.114,23.019,20.507,16.917,10.983,7.491,5.998,14.315,8.032,10.255,10.222,14.307,18.827,20.869,25.177,22.786,17.644,11.853,6.995,5.558,14.375,0.44,0.483,0.455,0.501,0.518,0.583,0.564,0.608,0.595,0.629,0.472,0.471,0.54,0.467,0.531,0.483,0.471,0.606,0.569,0.565,0.512,0.49,0.539,0.494,0.45,0.527,0.378,0.483,0.431,0.507,0.523,0.507,0.572,0.565,0.568,0.489,0.463,0.451,0.51,0.537,0.503,0.371,0.415,0.476,0.5,0.624,0.627,0.588,0.522,0.429,0.418,0.51,81.134,77.822,77.021,68.792,64.292,53.464,52.162,39.671,41.846,37.933,63.93,70.829,60.74,77.882,69.74,77.333,78.127,49.838,52.771,50.651,57.182,58.568,53.92,60.246,70.251,63.041,83.38,76.608,83.861,69.724,60.571,67.489,46.91,50.294,46.272,64.442,69.587,71.424,65.88,59.922,78.97,88.451,80.193,71.845,64.39,34.237,32.948,47.367,60.269,76.373,75.226,64.181,3.004,3.177,2.126,1.376,2.417,1.373,0.983,1.118,1.021,0.701,3.968,1.239,1.876,2.382,1.78,2.603,1.028,0.992,1.006,1.217,2.079,3.366,2.503,1.949,1.777,1.892,3.2,1.29,3.72,1.171,1.953,1.514,1.379,0.759,2.294,2.519,1.604,1.628,1.917,0.852,2.931,3.782,4.111,2.439,2.673,2.058,0.538,1.545,2.488,3.461,2.042,2.41
39.67,39.33,7.251,10.431,12.943,17.359,20.988,24.717,23.681,22.841,18.412,14.582,8.027,6.52,15.645,7.478,11.808,13.999,17.1,24.705,24.776,23.386,19.536,15.992,12.677,8.309,6.255,15.502,6.512,10.847,13.166,18.3,20.766,21.94,24.457,21.748,17.846,11.931,7.703,6.199,15.119,8.331,11.496,10.484,14.446,19.362,21.534,25.849,23.49,18.379,12.329,7.204,5.909,14.9,0.48,0.51,0.465,0.498,0.529,0.593,0.585,0.63,0.616,0.645,0.489,0.479,0.555,0.492,0.574,0.503,0.491,0.625,0.598,0.577,0.537,0.534,0.562,0.505,0.459,0.551,0.429,0.53,0.473,0.525,0.522,0.528,0.607,0.599,0.597,0.527,0.47,0.46,0.537,0.55,0.559,0.378,0.417,0.49,0.516,0.639,0.645,0.61,0.539,0.435,0.437,0.527,78.571,77.702,77.699,70.393,62.478,51.775,48.335,36.557,37.021,33.947,59.534,70.259,58.689,77.091,67.918,76.882,76.524,47.479,47.736,48.733,53.288,50.21,48.55,57.412,69.154,60.08,81.392,75.192,83.047,68.773,60.613,62.051,40.59,43.09,40.506,59.424,66.95,70.411,62.669,60.111,74.901,89.325,81.05,70.644,61.494,31.371,29.263,41.429,57.552,75.03,74.301,62.205,2.269,2.483,2.325,1.498,2.304,1.028,0.651,0.693,0.682,0.438,2.772,1.031,1.516,2.12,1.229,2.27,0.88,0.674,0.746,0.767,1.305,2.233,1.894,1.439,1.559,1.429,2.593,1.13,3.141,1.108,2.028,1.367,0.796,0.455,1.526,1.716,1.461,1.043,1.528,0.725,2.3,3.991,3.913,2.596,1.958,1.385,0.407,0.864,1.82,3.352,2.134,2.12
39.67,38.67,7.068,10.318,12.826,17.337,21.05,24.635,23.736,22.903,18.342,14.587,8.082,6.456,15.61,7.372,11.597,13.637,16.697,24.607,24.568,23.545,19.5,15.823,12.673,8.28,6.192,15.375,6.147,10.429,12.552,18.163,20.783,21.885,24.395,21.56,17.751,11.825,7.662,6.189,14.947,8.289,11.217,10.427,14.257,19.314,21.488,25.901,23.583,18.408,12.254,7.192,5.808,14.843,0.467,0.505,0.462,0.498,0.529,0.591,0.586,0.632,0.614,0.646,0.492,0.475,0.554,0.486,0.563,0.49,0.48,0.622,0.592,0.581,0.537,0.529,0.561,0.504,0.455,0.547,0.405,0.51,0.451,0.522,0.523,0.526,0.605,0.593,0.593,0.523,0.467,0.459,0.53,0.547,0.545,0.376,0.411,0.488,0.516,0.641,0.647,0.61,0.535,0.435,0.43,0.525,78.55,76.629,76.457,68.801,61.354,50.835,46.785,34.996,36.455,33.037,57.886,68.991,57.564,76.525,66.705,76.129,76.371,46.782,47.989,46.551,51.681,50.371,47.409,56.684,68.148,59.278,81.256,75.24,82.496,67.88,59.625,62.41,39.82,42.469,40.507,58.913,66.097,68.994,62.141,57.816,74.882,88.642,80.654,69.927,61.269,30.441,27.688,40.602,56.831,74.125,73.101,61.33,2.355,2.602,2.17,1.348,2.139,1.1,0.675,0.758,0.704,0.476,2.889,1.075,1.524,2.122,1.282,2.244,0.865,0.758,0.794,0.84,1.462,2.374,1.852,1.487,1.498,1.466,2.639,1.129,3.095,1.049,1.981,1.353,0.957,0.532,1.634,1.864,1.535,1.173,1.577,0.687,2.327,3.967,3.795,2.486,2.106,1.552,0.415,1.019,1.937,3.128,2.075,2.124
40.33,40.0,7.253,10.282,12.856,17.357,20.4,24.331,22.627,21.725,17.962,14.149,7.494,6.516,15.248,7.286,11.531,14.041,17.039,24.197,24.017,22.429,18.871,15.16,12.068,8.099,6.209,15.078,6.83,10.777,14.168,18.071,20.618,21.038,23.113,21.396,17.215,11.415,7.555,6.001,14.849,8.093,11.235,10.36,14.843,18.933,20.807,24.874,22.485,17.439,12.199,7.011,5.855,14.513,0.486,0.504,0.463,0.499,0.517,0.583,0.559,0.603,0.605,0.629,0.464,0.485,0.542,0.483,0.567,0.507,0.489,0.614,0.578,0.555,0.52,0.51,0.539,0.5,0.462,0.538,0.455,0.531,0.513,0.52,0.52,0.506,0.575,0.591,0.579,0.506,0.465,0.452,0.53,0.54,0.553,0.376,0.429,0.48,0.5,0.615,0.619,0.583,0.539,0.428,0.437,0.516,78.671,79.385,78.573,73.087,66.843,55.709,56.327,44.22,42.534,39.182,66.898,72.356,62.818,77.861,71.032,78.641,78.321,51.241,52.035,56.789,59.974,57.09,54.957,60.348,71.303,64.134,82.346,75.917,83.719,71.334,63.273,66.575,48.543,49.202,45.607,64.254,71.389,74.115,66.356,65.43,78.698,90.037,80.601,73.646,64.875,37.988,38.655,50.379,60.291,77.126,76.888,66.218,2.431,2.55,2.26,1.741,2.785,1.101,0.968,0.942,0.895,0.576,3.062,1.127,1.705,2.084,1.458,2.577,0.985,0.664,0.82,1.046,1.304,2.774,2.626,1.542,1.907,1.652,2.703,1.083,3.225,1.308,2.163,1.809,0.609,0.409,1.943,2.008,1.285,1.104,1.636,0.845,2.603,3.67,4.012,2.647,2.241,1.47,0.518,0.914,2.183,4.143,2.124,2.279
39.67,40.0,7.757,10.886,13.254,17.431,20.933,24.737,23.51,22.619,18.58,14.569,7.892,6.702,15.741,7.697,12.237,14.65,17.716,24.826,25.188,23.15,19.788,16.421,12.612,8.361,6.471,15.758,7.496,11.528,15.164,18.598,20.696,22.075,24.603,22.297,18.018,12.186,7.804,6.196,15.555,8.337,12.163,10.606,14.896,19.319,21.562,25.664,23.246,18.198,12.54,7.237,6.136,14.993,0.513,0.529,0.475,0.5,0.53,0.593,0.581,0.627,0.622,0.643,0.483,0.492,0.557,0.504,0.597,0.526,0.508,0.63,0.606,0.572,0.545,0.549,0.56,0.51,0.475,0.56,0.493,0.563,0.546,0.533,0.522,0.531,0.611,0.616,0.604,0.536,0.475,0.46,0.553,0.549,0.594,0.384,0.43,0.489,0.519,0.634,0.639,0.606,0.55,0.436,0.451,0.531,76.235,78.719,78.506,72.625,64.106,52.962,50.23,39.226,37.257,35.004,62.053,71.014,59.83,76.542,68.403,77.385,76.357,48.313,46.139,52.518,54.581,48.922,49.636,57.727,69.763,60.525,80.081,74.395,82.157,70.097,62.144,60.633,40.673,42.241,39.791,59.083,67.893,72.006,62.6,63.869,74.611,90.032,80.921,71.934,61.153,33.506,33.074,43.243,57.507,75.072,75.289,63.352,2.081,2.257,2.603,1.917,2.771,0.913,0.694,0.631,0.688,0.362,2.369,0.969,1.523,2.133,1.199,2.483,0.893,0.529,0.648,0.68,0.94,1.994,2.124,1.343,1.724,1.394,2.489,1.108,3.226,1.248,2.235,1.577,0.41,0.266,1.363,1.485,1.311,0.775,1.456,0.827,2.363,4.007,4.049,2.778,1.81,1.133,0.411,0.573,1.719,3.983,2.268,2.159
40.0,40.33,7.658,10.815,13.12,17.334,20.673,24.335,22.976,22.091,18.352,14.372,7.683,6.714,15.513,7.568,12.166,14.377,17.459,24.53,24.565,22.576,19.345,15.885,12.355,8.291,6.395,15.458,7.362,11.308,15.1,18.448,20.54,21.448,23.923,21.919,17.724,11.949,7.737,6.141,15.299,8.219,11.992,10.555,14.871,19.032,20.937,25.183,22.865,17.763,12.48,7.122,6.044,14.757,0.51,0.528,0.471,0.497,0.524,0.583,0.567,0.613,0.617,0.636,0.473,0.496,0.55,0.498,0.597,0.518,0.5,0.623,0.591,0.558,0.533,0.533,0.55,0.51,0.473,0.551,0.488,0.555,0.546,0.53,0.518,0.515,0.594,0.606,0.595,0.527,0.473,0.46,0.545,0.544,0.589,0.383,0.43,0.483,0.504,0.622,0.629,0.593,0.549,0.432,0.447,0.524,76.439,78.571,78.557,73.201,65.481,55.205,53.975,42.506,39.611,36.636,64.67,71.487,61.365,77.111,68.773,78.356,77.31,49.966,49.195,56.224,57.337,52.648,51.712,58.484,70.083,62.268,80.521,74.642,82.542,70.582,63.283,63.821,44.817,45.464,42.335,61.032,69.599,72.856,64.292,65.791,76.341,90.194,80.872,73.237,63.641,36.509,36.324,47.053,58.141,75.754,75.869,64.978,2.035,2.181,2.267,1.813,2.851,1.002,0.804,0.734,0.798,0.405,2.427,0.956,1.525,1.936,1.228,2.458,0.947,0.574,0.711,0.788,1.014,2.227,2.298,1.34,1.689,1.438,2.325,1.005,2.969,1.292,2.23,1.777,0.415,0.279,1.521,1.599,1.153,0.82,1.447,0.74,2.261,3.791,4.008,2.753,2.011,1.257,0.437,0.631,1.834,3.927,2.078,2.142
40.0,39.67,7.408,10.555,12.935,17.258,20.595,24.22,22.735,21.936,18.164,14.33,7.685,6.55,15.366,7.454,12.019,13.956,17.33,24.416,24.15,22.385,18.956,15.532,12.34,8.257,6.263,15.254,7.052,11.144,14.547,18.35,20.466,21.17,23.556,21.48,17.546,11.755,7.667,6.123,15.071,8.159,11.756,10.572,14.75,19.005,20.768,25.058,22.77,17.627,12.374,7.048,5.948,14.654,0.493,0.515,0.464,0.494,0.522,0.58,0.561,0.609,0.611,0.634,0.473,0.484,0.545,0.491,0.589,0.503,0.496,0.62,0.581,0.553,0.521,0.522,0.55,0.507,0.463,0.544,0.467,0.548,0.525,0.527,0.516,0.509,0.586,0.594,0.589,0.519,0.47,0.459,0.537,0.54,0.577,0.383,0.426,0.483,0.5,0.619,0.626,0.588,0.544,0.427,0.44,0.521,78.316,78.743,79.029,73.217,65.542,55.622,54.827,43.092,40.595,36.727,65.109,72.357,61.934,77.989,69.242,79.138,77.576,50.226,50.858,55.981,58.308,54.229,52.205,58.909,70.767,62.954,81.52,75.509,83.157,70.559,63.11,65.059,46.467,47.599,43.159,61.773,69.773,73.462,65.096,66.815,76.618,90.084,81.12,73.068,64.375,36.516,35.936,47.679,58.55,76.397,76.453,65.302,2.088,2.262,2.222,1.651,2.665,1.015,0.743,0.717,0.762,0.42,2.581,0.93,1.507,1.966,1.209,2.361,0.961,0.608,0.753,0.781,1.099,2.289,2.183,1.362,1.67,1.441,2.39,1.024,2.973,1.257,2.088,1.657,0.53,0.34,1.57,1.642,1.167,0.883,1.458,0.706,2.213,3.698,4.039,2.715,1.99,1.267,0.43,0.689,1.826,3.728,2.041,2.11
40.33,40.33,7.369,10.378,12.99,17.396,20.457,24.479,22.855,21.876,18.091,14.185,7.488,6.647,15.353,7.337,11.439,14.399,16.997,24.244,24.314,22.646,19.203,15.337,12.041,8.103,6.3,15.195,6.887,10.753,14.13,18.093,20.732,21.237,23.31,21.727,17.291,11.496,7.581,6.005,14.936,8.174,11.183,10.272,14.879,18.967,20.986,24.991,22.564,17.559,12.218,7.081,5.9,14.566,0.494,0.509,0.468,0.501,0.518,0.587,0.565,0.607,0.608,0.631,0.463,0.496,0.545,0.487,0.563,0.52,0.489,0.615,0.586,0.56,0.53,0.515,0.537,0.501,0.47,0.543,0.459,0.53,0.512,0.52,0.523,0.51,0.579,0.6,0.581,0.51,0.467,0.452,0.533,0.547,0.55,0.373,0.43,0.48,0.504,0.618,0.622,0.586,0.54,0.433,0.441,0.517,77.452,79.272,77.913,72.775,66.678,55.192,55.922,43.797,42.219,39.408,66.19,71.217,62.338,77.067,71.101,77.685,78.233,51.041,51.218,56.899,59.511,56.648,54.862,60.255,70.557,63.757,81.88,75.361,83.658,71.202,63.107,66.085,47.803,47.817,45.577,64.246,71.452,73.153,65.945,62.855,78.925,90.092,80.334,73.697,64.562,38.288,39.248,50.296,60.313,76.675,76.189,65.955,2.531,2.631,2.303,1.88,2.918,1.144,1.113,1.058,0.963,0.632,3.069,1.247,1.793,2.124,1.562,2.723,0.968,0.67,0.812,1.178,1.342,2.921,2.864,1.592,2.014,1.733,2.791,1.099,3.297,1.332,2.288,1.932,0.588,0.401,2.053,2.175,1.371,1.167,1.707,0.937,2.819,3.774,3.939,2.638,2.38,1.586,0.569,1.001,2.381,4.436,2.215,2.388
40.33,39.67,7.087,10.121,12.792,17.379,20.403,24.39,22.669,21.753,17.874,14.119,7.502,6.461,15.214,7.221,11.319,13.994,16.904,24.138,23.945,22.522,18.784,14.989,12.044,8.061,6.157,15.006,6.554,10.583,13.581,17.936,20.688,21.042,23.031,21.223,17.11,11.266,7.525,5.98,14.71,8.093,10.964,10.307,14.743,18.94,20.861,24.916,22.498,17.467,12.097,7.008,5.791,14.475,0.476,0.498,0.461,0.5,0.516,0.585,0.56,0.603,0.602,0.628,0.464,0.482,0.541,0.48,0.556,0.506,0.486,0.612,0.577,0.557,0.518,0.504,0.538,0.497,0.459,0.536,0.437,0.522,0.491,0.516,0.522,0.506,0.573,0.586,0.575,0.5,0.464,0.45,0.525,0.541,0.539,0.374,0.426,0.48,0.501,0.616,0.62,0.584,0.534,0.429,0.433,0.514,79.555,79.421,78.462,72.512,66.671,55.341,56.128,43.72,42.851,39.397,66.69,72.357,62.76,78.06,71.5,78.418,78.445,51.257,52.52,55.955,60.137,57.932,55.406,60.695,71.397,64.31,82.966,76.276,84.169,71.299,62.871,67.075,48.801,49.94,46.227,64.913,71.436,73.887,66.655,64.094,79.125,89.839,80.543,73.394,64.922,37.552,38.054,50.376,60.822,77.355,76.865,66.078,2.581,2.7,2.268,1.681,2.709,1.158,0.994,0.993,0.918,0.622,3.319,1.17,1.761,2.158,1.546,2.6,0.993,0.721,0.858,1.11,1.482,2.932,2.633,1.63,1.924,1.719,2.845,1.128,3.364,1.288,2.117,1.744,0.762,0.485,2.046,2.134,1.359,1.224,1.706,0.864,2.706,3.669,4.024,2.597,2.319,1.587,0.527,1.051,2.273,4.067,2.122,2.315
39.67,40.33,7.966,11.126,13.475,17.516,21.108,24.972,23.892,22.913,18.785,14.654,7.945,6.86,15.937,7.836,12.286,15.192,17.83,24.97,25.713,23.517,20.261,16.808,12.668,8.402,6.611,16.006,7.692,11.66,15.365,18.686,20.853,22.49,25.087,22.753,18.206,12.369,7.886,6.226,15.772,8.446,12.291,10.585,14.944,19.409,21.896,25.922,23.443,18.428,12.606,7.353,6.232,15.131,0.526,0.541,0.483,0.503,0.535,0.6,0.591,0.635,0.628,0.647,0.485,0.503,0.564,0.512,0.598,0.545,0.512,0.633,0.62,0.581,0.559,0.562,0.562,0.512,0.486,0.568,0.506,0.569,0.554,0.536,0.526,0.541,0.621,0.627,0.609,0.544,0.48,0.462,0.56,0.556,0.599,0.382,0.432,0.491,0.526,0.641,0.645,0.613,0.552,0.443,0.458,0.535,74.62,78.488,77.867,72.147,63.469,51.802,48.708,37.809,35.922,34.558,60.684,69.777,58.823,75.511,68.105,76.178,75.833,47.66,44.097,51.765,53.147,47.012,48.822,57.232,68.781,59.513,79.233,73.6,81.77,69.916,61.783,59.05,38.346,39.752,38.801,58.235,67.341,70.749,61.548,61.088,74.153,90.031,80.619,71.717,60.002,32.765,32.606,41.96,57.172,74.248,74.368,62.56,2.121,2.286,2.736,2.096,2.915,0.926,0.764,0.667,0.718,0.367,2.321,1.021,1.58,2.193,1.28,2.637,0.868,0.522,0.61,0.714,0.946,1.976,2.214,1.367,1.777,1.428,2.544,1.133,3.376,1.266,2.362,1.635,0.381,0.246,1.343,1.504,1.37,0.769,1.493,0.896,2.516,4.124,4.015,2.783,1.848,1.182,0.421,0.589,1.788,4.18,2.349,2.223
39.67,39.67,7.654,10.772,13.201,17.427,20.967,24.825,23.654,22.763,18.581,14.602,7.948,6.671,15.757,7.666,12.106,14.589,17.592,24.842,25.214,23.306,19.817,16.396,12.658,8.353,6.434,15.747,7.254,11.394,14.589,18.542,20.749,22.149,24.667,22.257,18.019,12.151,7.785,6.203,15.48,8.373,11.987,10.565,14.786,19.383,21.673,25.788,23.361,18.322,12.486,7.253,6.096,15.007,0.506,0.525,0.473,0.5,0.53,0.596,0.585,0.63,0.622,0.645,0.485,0.49,0.558,0.502,0.589,0.524,0.504,0.63,0.608,0.576,0.546,0.548,0.561,0.509,0.472,0.56,0.477,0.556,0.525,0.532,0.523,0.533,0.612,0.614,0.603,0.535,0.474,0.46,0.55,0.551,0.585,0.382,0.426,0.491,0.521,0.637,0.642,0.609,0.547,0.437,0.449,0.531,76.75,78.576,78.343,72.098,63.616,52.345,49.418,38.197,36.977,34.673,61.079,70.784,59.406,76.599,68.514,77.099,76.318,47.944,46.14,51.233,54.09,48.823,49.251,57.671,69.562,60.27,80.413,74.531,82.508,69.775,61.657,60.576,40.208,41.999,39.745,59.091,67.551,71.463,62.46,62.283,74.527,89.892,80.978,71.48,60.921,32.71,31.891,42.394,57.627,75.072,75.011,62.899,2.154,2.337,2.594,1.846,2.654,0.934,0.692,0.65,0.677,0.388,2.478,1.011,1.536,2.16,1.215,2.449,0.878,0.554,0.661,0.712,1.03,2.048,2.081,1.373,1.713,1.41,2.557,1.13,3.254,1.211,2.196,1.505,0.501,0.311,1.402,1.556,1.385,0.847,1.486,0.829,2.393,4.046,4.009,2.736,1.828,1.19,0.416,0.651,1.76,3.885,2.277,2.167
40.33,41.0,8.142,11.259,13.722,17.575,20.944,24.824,23.815,22.62,18.849,14.459,7.676,7.234,15.929,7.844,11.843,15.837,17.332,24.571,25.627,23.29,20.692,16.55,12.2,8.341,6.773,15.906,7.603,11.338,14.995,18.532,20.949,22.219,24.683,23.19,17.95,12.239,7.92,6.144,15.645,8.55,11.807,10.348,15.028,19.088,21.537,25.539,23.199,18.17,12.539,7.432,6.275,14.96,0.544,0.554,0.496,0.509,0.53,0.597,0.588,0.627,0.632,0.642,0.471,0.539,0.564,0.52,0.583,0.573,0.501,0.623,0.619,0.575,0.573,0.554,0.544,0.516,0.506,0.567,0.508,0.556,0.546,0.533,0.528,0.532,0.61,0.637,0.601,0.545,0.485,0.462,0.557,0.574,0.58,0.374,0.436,0.48,0.517,0.631,0.639,0.606,0.553,0.456,0.469,0.529,71.082,77.469,75.42,71.072,63.923,52.736,52.014,40.299,37.359,36.492,61.624,67.117,58.885,73.594,68.513,74.227,76.444,48.716,45.7,56.528,54.303,50.996,51.003,57.309,66.528,60.321,78.034,71.511,81.759,69.302,62.489,61.361,41.528,39.12,41.783,60.38,68.884,68.385,62.044,54.774,76.965,89.976,79.283,73.318,62.151,37.2,37.697,46.207,57.403,72.906,72.105,63.329,2.323,2.402,2.192,2.304,3.341,1.253,1.401,1.201,1.088,0.621,2.426,1.36,1.828,1.934,1.62,2.97,0.891,0.655,0.69,1.321,1.235,2.776,3.092,1.479,1.955,1.718,2.484,0.972,3.051,1.367,2.682,2.314,0.387,0.279,1.909,2.219,1.373,1.071,1.678,1.002,2.955,3.999,3.656,2.653,2.613,1.832,0.607,0.997,2.573,4.785,2.251,2.492
39.67,41.0,8.689,11.992,14.15,17.661,21.571,25.32,24.722,23.509,19.388,14.813,8.072,7.395,16.443,8.308,12.62,16.635,18.071,25.202,26.92,24.137,21.558,17.82,12.74,8.576,7.066,16.636,8.35,12.189,16.172,18.955,21.149,23.401,26.302,23.999,18.701,12.925,8.217,6.321,16.389,8.739,12.813,10.686,15.075,19.469,22.44,26.383,23.908,18.862,12.863,7.7,6.569,15.46,0.573,0.585,0.509,0.51,0.546,0.609,0.611,0.651,0.647,0.654,0.49,0.544,0.581,0.544,0.615,0.599,0.521,0.639,0.65,0.596,0.597,0.594,0.564,0.525,0.521,0.59,0.552,0.593,0.586,0.544,0.533,0.561,0.649,0.659,0.625,0.571,0.498,0.47,0.581,0.579,0.624,0.385,0.437,0.489,0.539,0.652,0.657,0.626,0.564,0.467,0.484,0.545,68.652,76.77,75.509,70.516,61.108,49.278,45.797,34.741,31.828,32.642,57.199,66.257,55.859,72.205,66.226,72.971,74.145,45.887,39.004,51.648,48.702,42.361,46.358,54.894,65.042,56.621,75.803,70.105,80.055,68.631,61.358,55.046,32.712,32.449,36.083,55.243,65.226,66.358,58.255,53.52,72.735,89.849,79.296,71.676,57.571,31.724,32.022,39.333,55.071,70.735,70.511,60.334,1.927,2.058,2.603,2.506,3.326,1.057,1.018,0.79,0.852,0.348,1.9,1.058,1.622,1.965,1.406,2.936,0.81,0.541,0.506,0.822,0.931,1.857,2.365,1.28,1.681,1.426,2.22,0.989,3.25,1.307,2.712,1.982,0.251,0.164,1.219,1.479,1.276,0.676,1.462,0.878,2.558,4.147,3.753,2.733,2.055,1.421,0.42,0.587,1.943,4.332,2.243,2.255
40.0,41.33,8.647,11.929,14.076,17.695,21.397,25.055,24.552,23.254,19.311,14.665,7.945,7.519,16.34,8.237,12.533,16.637,17.811,24.991,26.575,23.809,21.439,17.531,12.527,8.555,7.054,16.473,8.183,11.962,15.87,18.805,21.075,23.055,25.996,23.892,18.534,12.825,8.217,6.258,16.22,8.737,12.656,10.578,15.015,19.268,21.995,26.129,23.771,18.71,12.854,7.662,6.536,15.326,0.573,0.585,0.508,0.512,0.541,0.603,0.606,0.645,0.646,0.649,0.484,0.557,0.577,0.543,0.614,0.601,0.514,0.634,0.642,0.588,0.594,0.585,0.557,0.527,0.524,0.585,0.545,0.585,0.578,0.541,0.531,0.552,0.641,0.656,0.62,0.57,0.5,0.469,0.577,0.583,0.619,0.381,0.436,0.484,0.528,0.645,0.654,0.623,0.565,0.468,0.485,0.541,67.811,76.1,74.836,70.026,61.492,50.549,47.28,36.06,32.695,33.492,57.986,65.692,56.169,71.872,65.576,72.485,74.754,46.65,40.743,53.981,49.648,44.663,47.356,54.631,64.264,57.219,75.328,69.179,80.021,68.389,62.007,56.991,34.747,33.304,37.675,56.236,65.789,66.099,58.813,52.423,73.819,89.785,79.017,72.43,59.269,33.436,33.42,41.085,55.111,70.579,69.773,60.842,1.83,1.904,2.139,2.366,3.38,1.174,1.167,0.923,0.988,0.399,1.9,1.093,1.607,1.679,1.405,2.813,0.843,0.599,0.557,0.967,1.044,2.074,2.527,1.262,1.532,1.442,1.954,0.846,2.823,1.339,2.774,2.239,0.278,0.181,1.341,1.602,1.153,0.749,1.443,0.774,2.411,4.07,3.652,2.717,2.325,1.657,0.438,0.68,2.035,4.167,2.014,2.243
40.0,40.67,8.41,11.703,13.878,17.568,21.193,24.879,24.246,23.026,19.116,14.616,7.846,7.402,16.16,8.038,12.428,16.164,17.66,24.939,26.19,23.601,20.99,17.162,12.485,8.473,6.917,16.251,7.917,11.67,15.541,18.691,20.972,22.684,25.56,23.496,18.409,12.645,8.076,6.273,15.993,8.635,12.48,10.444,14.925,19.195,21.71,25.942,23.588,18.542,12.779,7.525,6.375,15.179,0.558,0.573,0.5,0.508,0.536,0.599,0.598,0.639,0.639,0.647,0.479,0.547,0.571,0.529,0.61,0.583,0.509,0.633,0.633,0.583,0.581,0.573,0.555,0.522,0.513,0.578,0.527,0.57,0.565,0.538,0.528,0.543,0.631,0.645,0.616,0.561,0.492,0.47,0.569,0.576,0.61,0.377,0.433,0.483,0.521,0.641,0.649,0.617,0.561,0.459,0.473,0.536,69.731,76.677,75.574,70.916,62.879,52.032,49.162,37.692,34.512,34.527,59.562,66.355,57.47,73.189,66.479,73.839,75.768,47.773,42.885,54.943,51.89,46.572,48.316,55.734,65.475,58.572,76.869,70.712,81.02,69.113,62.589,59.173,37.311,36.208,39.038,57.801,67.409,67.331,60.381,55.221,75.014,90.11,79.747,72.804,60.667,34.575,34.432,42.641,56.096,72.223,71.551,62.087,1.902,1.975,2.203,2.242,3.313,1.123,1.088,0.886,0.968,0.403,2.04,1.078,1.604,1.748,1.384,2.756,0.874,0.579,0.594,0.922,1.048,2.137,2.54,1.305,1.597,1.458,2.073,0.899,2.904,1.347,2.686,2.149,0.298,0.199,1.391,1.61,1.17,0.767,1.46,0.783,2.415,4.086,3.745,2.753,2.273,1.555,0.443,0.662,2.002,4.193,2.056,2.246
40.33,41.33,8.182,11.232,13.775,17.684,21.003,24.892,23.789,22.603,18.859,14.452,7.715,7.163,15.948,7.923,11.785,15.878,17.436,24.474,25.607,23.244,20.799,16.584,12.177,8.366,6.777,15.92,7.725,11.53,15.204,18.614,20.943,22.281,24.634,23.256,17.867,12.221,7.958,6.093,15.692,8.561,11.769,10.498,15.159,19.123,21.657,25.493,23.188,18.126,12.504,7.467,6.358,14.993,0.547,0.553,0.499,0.512,0.532,0.598,0.588,0.627,0.633,0.643,0.474,0.535,0.565,0.526,0.579,0.575,0.504,0.621,0.617,0.574,0.576,0.556,0.542,0.518,0.507,0.567,0.516,0.567,0.553,0.535,0.529,0.534,0.609,0.64,0.599,0.545,0.488,0.458,0.558,0.575,0.579,0.38,0.44,0.481,0.52,0.63,0.638,0.604,0.552,0.457,0.476,0.53,70.81,77.486,75.221,70.656,63.194,51.896,51.428,39.991,36.822,35.897,61.379,67.635,58.535,73.177,68.563,73.909,75.779,48.06,45.134,55.896,53.336,50.901,50.935,56.997,66.523,59.934,77.486,70.956,81.175,68.778,61.961,60.208,41.115,38.239,41.261,59.787,67.936,68.431,61.444,54.119,76.378,89.622,78.713,73.014,61.456,36.849,37.41,45.828,56.896,72.042,71.418,62.809,2.383,2.488,2.194,2.38,3.327,1.295,1.485,1.265,1.083,0.662,2.421,1.413,1.868,1.982,1.654,3.03,0.875,0.678,0.691,1.418,1.239,2.841,3.142,1.474,2.015,1.753,2.544,0.973,3.052,1.35,2.674,2.349,0.391,0.288,1.979,2.337,1.418,1.123,1.709,1.062,3.081,3.92,3.603,2.604,2.659,1.912,0.639,1.065,2.691,4.899,2.302,2.535
40.33,40.67,7.889,10.934,13.498,17.511,20.763,24.734,23.442,22.33,18.583,14.361,7.592,7.019,15.724,7.671,11.633,15.364,17.216,24.425,25.167,23.054,20.213,16.117,12.11,8.248,6.619,15.651,7.393,11.156,14.757,18.399,20.885,21.867,24.127,22.733,17.684,11.962,7.793,6.086,15.402,8.423,11.539,10.321,15.032,19.052,21.384,25.304,22.932,17.908,12.412,7.316,6.161,14.817,0.528,0.537,0.488,0.506,0.526,0.594,0.579,0.62,0.623,0.638,0.468,0.524,0.557,0.509,0.572,0.555,0.497,0.62,0.607,0.57,0.559,0.54,0.54,0.51,0.495,0.558,0.494,0.548,0.537,0.529,0.527,0.524,0.597,0.626,0.593,0.532,0.478,0.458,0.549,0.565,0.567,0.374,0.436,0.48,0.513,0.625,0.632,0.597,0.548,0.448,0.461,0.524,73.195,78.243,76.178,71.755,64.936,53.49,53.695,41.831,39.245,37.665,63.363,68.505,60.177,74.657,69.752,75.369,77.013,49.508,47.622,56.864,56.207,53.21,52.574,58.449,67.964,61.599,79.361,72.829,82.421,69.936,62.659,62.903,44.014,42.056,43.228,61.874,69.886,70.045,63.434,57.353,77.8,90.03,79.511,73.497,62.931,37.93,38.845,48.044,58.461,74.12,73.484,64.331,2.45,2.541,2.27,2.218,3.226,1.221,1.357,1.198,1.054,0.655,2.658,1.367,1.853,2.04,1.637,2.95,0.912,0.657,0.733,1.332,1.259,2.894,3.115,1.53,2.06,1.761,2.66,1.027,3.177,1.365,2.564,2.222,0.431,0.317,2.025,2.286,1.405,1.129,1.718,1.031,3.015,3.901,3.728,2.635,2.563,1.765,0.622,1.024,2.602,4.831,2.297,2.5
39.67,41.33,8.796,12.041,14.233,17.711,21.712,25.478,24.789,23.588,19.444,14.834,8.166,7.327,16.512,8.433,12.637,16.737,18.212,25.188,27.062,24.22,21.731,17.989,12.784,8.617,7.116,16.726,8.56,12.481,16.504,19.039,21.204,23.618,26.434,24.122,18.698,12.959,8.298,6.287,16.515,8.748,12.879,10.888,15.206,19.554,22.723,26.449,23.94,18.868,12.865,7.782,6.682,15.549,0.58,0.588,0.513,0.512,0.549,0.613,0.613,0.652,0.649,0.655,0.495,0.54,0.583,0.552,0.615,0.603,0.525,0.638,0.653,0.598,0.601,0.6,0.565,0.527,0.524,0.592,0.564,0.608,0.597,0.546,0.535,0.567,0.653,0.663,0.625,0.573,0.503,0.466,0.585,0.579,0.628,0.392,0.441,0.491,0.546,0.653,0.658,0.627,0.564,0.471,0.492,0.548,68.166,76.756,75.389,70.153,60.065,47.913,44.709,33.781,30.888,31.92,56.576,66.82,55.262,71.624,66.199,72.607,73.213,44.952,37.624,50.347,47.189,41.279,46.073,54.478,64.938,55.877,75.092,69.501,79.323,68.175,60.707,53.134,31.236,31.078,35.065,54.136,63.841,66.149,57.285,52.885,71.626,89.495,78.657,71.218,56.16,30.654,31.412,38.542,54.491,69.623,69.573,59.526,1.929,2.092,2.642,2.61,3.29,1.075,1.044,0.8,0.815,0.351,1.857,1.062,1.631,1.993,1.424,3.003,0.78,0.556,0.482,0.847,0.902,1.808,2.312,1.251,1.699,1.422,2.228,0.984,3.282,1.277,2.696,1.958,0.246,0.162,1.21,1.492,1.285,0.67,1.459,0.892,2.589,4.029,3.697,2.669,2.014,1.429,0.423,0.604,1.988,4.328,2.255,2.242
39.67,40.67,8.508,11.751,14.0,17.631,21.471,25.284,24.49,23.36,19.23,14.79,8.05,7.215,16.318,8.199,12.513,16.266,18.085,25.154,26.64,24.001,21.237,17.591,12.735,8.531,6.952,16.49,8.249,12.12,16.102,18.925,21.081,23.209,25.976,23.698,18.569,12.781,8.128,6.295,16.26,8.661,12.687,10.688,15.096,19.491,22.387,26.268,23.773,18.735,12.789,7.614,6.5,15.392,0.561,0.572,0.503,0.508,0.544,0.608,0.605,0.647,0.642,0.653,0.489,0.53,0.577,0.536,0.609,0.585,0.521,0.638,0.643,0.593,0.587,0.587,0.564,0.521,0.511,0.585,0.543,0.59,0.582,0.543,0.532,0.557,0.641,0.652,0.621,0.564,0.493,0.467,0.577,0.572,0.618,0.385,0.437,0.491,0.538,0.649,0.653,0.622,0.561,0.46,0.478,0.543,70.396,77.472,76.235,71.082,61.69,49.694,46.444,35.54,32.864,33.065,58.142,67.358,56.667,73.062,66.98,73.864,74.428,46.199,40.04,51.387,49.764,43.335,46.994,55.59,66.253,57.326,76.756,71.161,80.453,69.003,61.326,55.646,34.022,34.235,36.545,55.909,65.687,67.694,59.036,55.788,72.955,89.897,79.607,71.562,57.86,31.846,32.21,39.925,55.613,71.633,71.667,60.878,2.02,2.175,2.748,2.456,3.226,1.002,0.949,0.754,0.795,0.357,2.014,1.06,1.631,2.105,1.388,2.907,0.819,0.524,0.525,0.795,0.903,1.879,2.344,1.312,1.775,1.441,2.393,1.06,3.383,1.299,2.614,1.865,0.266,0.179,1.259,1.498,1.337,0.697,1.488,0.932,2.631,4.143,3.844,2.751,1.964,1.323,0.429,0.579,1.924,4.412,2.345,2.272
40.33,42.0,8.697,11.709,14.055,17.942,21.522,25.174,24.245,22.956,19.198,14.513,8.051,7.056,16.263,8.441,12.162,16.334,18.152,24.447,26.22,23.417,21.693,17.52,12.313,8.621,6.992,16.361,8.602,12.591,16.394,19.063,21.035,23.101,25.691,23.979,18.096,12.623,8.348,5.928,16.286,8.639,12.518,11.282,15.582,19.341,22.271,25.826,23.635,18.349,12.656,7.743,6.807,15.389,0.58,0.578,0.51,0.52,0.545,0.603,0.601,0.636,0.646,0.648,0.494,0.529,0.576,0.562,0.596,0.593,0.523,0.619,0.63,0.579,0.599,0.589,0.548,0.533,0.525,0.581,0.574,0.621,0.595,0.547,0.532,0.558,0.636,0.659,0.606,0.563,0.513,0.445,0.578,0.578,0.618,0.409,0.452,0.486,0.536,0.636,0.649,0.613,0.56,0.473,0.508,0.546,67.327,76.258,74.303,68.719,58.825,47.947,45.903,35.643,31.555,32.032,58.243,69.36,55.507,70.977,65.995,71.946,72.507,44.992,39.55,52.334,46.0,44.946,48.045,53.59,64.682,56.297,73.052,67.165,77.747,66.568,60.211,53.46,34.082,30.469,36.411,54.307,62.293,67.79,56.962,51.757,72.066,88.251,76.974,71.596,57.434,32.454,32.721,40.906,53.564,67.099,67.173,59.332,1.749,1.965,1.866,2.668,3.17,1.351,1.474,1.12,0.902,0.537,1.741,1.196,1.645,1.704,1.418,2.79,0.819,0.799,0.596,1.297,1.038,2.136,2.416,1.097,1.513,1.468,1.907,0.82,2.463,1.222,2.658,2.372,0.316,0.281,1.49,1.839,1.126,0.856,1.448,0.821,2.467,3.436,3.362,2.475,2.511,1.975,0.518,0.901,2.244,3.96,1.916,2.213
39.67,42.0,9.187,12.24,14.323,17.774,22.062,25.708,24.942,23.677,19.632,14.781,8.425,7.137,16.659,8.829,12.724,16.817,18.596,25.012,27.355,24.214,22.306,18.572,12.799,8.787,7.33,16.947,9.226,13.33,17.386,19.296,21.337,24.18,26.98,24.534,18.742,13.117,8.626,6.079,16.901,8.762,13.298,11.63,15.587,19.692,23.221,26.572,24.089,18.841,12.93,8.008,7.046,15.807,0.606,0.6,0.518,0.513,0.557,0.617,0.618,0.655,0.658,0.655,0.51,0.528,0.588,0.581,0.618,0.609,0.535,0.632,0.658,0.6,0.615,0.621,0.566,0.538,0.543,0.599,0.609,0.651,0.629,0.553,0.54,0.583,0.668,0.674,0.626,0.581,0.524,0.45,0.597,0.579,0.652,0.42,0.452,0.495,0.559,0.654,0.661,0.627,0.569,0.484,0.519,0.558,65.467,76.003,74.613,68.72,56.467,44.54,41.497,31.067,27.669,29.899,54.944,69.014,53.323,69.656,64.652,71.251,70.587,42.71,33.752,47.898,41.729,37.636,45.126,52.272,63.465,53.395,71.507,66.407,76.486,66.333,59.306,47.866,26.651,25.898,32.001,50.191,59.266,66.035,53.995,51.134,68.447,88.122,76.765,70.241,52.977,27.753,29.144,36.343,52.202,65.375,65.582,57.006,1.464,1.706,2.139,2.795,3.063,1.187,1.136,0.797,0.702,0.308,1.396,0.945,1.469,1.633,1.279,2.798,0.713,0.701,0.411,0.885,0.782,1.435,1.88,0.965,1.286,1.23,1.643,0.753,2.605,1.15,2.634,2.017,0.212,0.164,0.992,1.285,1.024,0.542,1.254,0.669,2.066,3.388,3.39,2.457,1.979,1.571,0.351,0.593,1.847,3.511,1.829,1.969
40.0,42.33,9.111,12.176,14.206,17.944,21.942,25.464,24.756,23.395,19.492,14.622,8.336,7.089,16.547,8.805,12.616,16.868,18.564,24.78,26.916,23.815,22.15,18.321,12.568,8.79,7.236,16.788,9.165,13.203,17.247,19.266,21.275,23.844,26.723,24.388,18.5,13.023,8.627,5.904,16.762,8.706,13.223,11.636,15.634,19.569,22.842,26.365,23.984,18.707,12.921,7.955,7.048,15.716,0.604,0.6,0.515,0.519,0.555,0.61,0.613,0.647,0.656,0.65,0.508,0.528,0.586,0.584,0.615,0.613,0.534,0.626,0.647,0.59,0.611,0.614,0.558,0.541,0.54,0.594,0.608,0.649,0.625,0.552,0.539,0.576,0.662,0.67,0.619,0.579,0.527,0.44,0.593,0.578,0.652,0.421,0.453,0.491,0.55,0.649,0.659,0.624,0.57,0.484,0.523,0.557,65.383,75.841,74.388,68.14,56.502,45.582,42.09,32.309,28.376,30.6,55.555,69.776,53.708,69.879,63.986,70.652,70.764,43.277,35.379,49.854,42.364,39.322,46.007,51.622,63.171,53.856,70.622,65.667,75.998,66.124,59.417,49.345,28.156,26.511,33.306,50.671,59.21,67.343,54.364,51.379,69.02,87.99,76.494,70.71,54.509,28.634,29.618,37.437,52.168,64.967,64.881,57.317,1.307,1.523,1.787,2.714,3.044,1.264,1.245,0.872,0.754,0.336,1.358,0.927,1.427,1.459,1.22,2.605,0.744,0.767,0.453,0.987,0.829,1.514,1.856,0.896,1.092,1.202,1.384,0.64,2.209,1.169,2.649,2.221,0.237,0.195,1.046,1.289,0.907,0.574,1.212,0.582,1.904,3.284,3.38,2.46,2.169,1.797,0.34,0.647,1.779,3.268,1.639,1.935
40.0,41.67,9.051,12.108,14.223,18.006,21.844,25.393,24.742,23.387,19.464,14.64,8.24,7.329,16.538,8.709,12.723,17.062,18.417,24.847,26.859,23.812,21.984,18.111,12.565,8.758,7.212,16.757,9.006,13.021,17.087,19.137,21.184,23.655,26.532,24.277,18.47,13.002,8.558,6.008,16.659,8.783,13.106,11.362,15.462,19.493,22.642,26.292,23.916,18.707,12.926,7.915,6.985,15.633,0.6,0.596,0.515,0.521,0.553,0.609,0.613,0.647,0.654,0.651,0.502,0.546,0.584,0.577,0.62,0.619,0.53,0.629,0.646,0.59,0.606,0.607,0.558,0.539,0.538,0.593,0.598,0.639,0.62,0.549,0.537,0.571,0.657,0.666,0.619,0.578,0.523,0.448,0.59,0.584,0.645,0.411,0.449,0.489,0.545,0.647,0.657,0.624,0.57,0.481,0.518,0.553,65.314,75.528,74.4,68.391,57.564,46.608,43.05,33.162,29.21,31.078,55.823,68.046,54.012,69.506,63.676,70.519,71.479,43.721,36.446,50.773,44.182,40.975,46.376,52.105,63.121,54.406,71.362,65.789,76.701,66.64,60.006,50.958,29.643,28.238,34.34,51.893,60.324,66.411,55.192,50.254,69.503,88.36,76.788,71.118,55.439,29.79,30.657,38.246,52.665,66.21,65.684,57.892,1.484,1.652,1.9,2.605,3.211,1.253,1.229,0.9,0.86,0.356,1.522,0.992,1.497,1.519,1.298,2.713,0.774,0.701,0.486,0.995,0.914,1.716,2.119,1.027,1.25,1.292,1.569,0.705,2.429,1.24,2.737,2.285,0.247,0.175,1.139,1.406,0.992,0.635,1.299,0.654,2.101,3.61,3.472,2.563,2.245,1.778,0.377,0.658,1.89,3.631,1.773,2.06
40.33,42.33,8.618,11.693,14.001,17.784,21.49,25.155,24.176,22.901,19.163,14.496,8.054,6.828,16.199,8.38,11.945,15.921,18.151,24.353,26.174,23.403,21.766,17.548,12.279,8.591,6.937,16.289,8.544,12.492,16.147,19.122,21.062,23.104,25.702,24.024,18.1,12.561,8.311,5.875,16.253,8.529,12.473,11.383,15.696,19.349,22.3,25.807,23.665,18.302,12.577,7.71,6.751,15.379,0.576,0.577,0.508,0.515,0.544,0.603,0.599,0.635,0.646,0.647,0.495,0.513,0.575,0.558,0.586,0.578,0.523,0.616,0.629,0.579,0.601,0.589,0.548,0.531,0.52,0.579,0.571,0.616,0.587,0.549,0.532,0.558,0.636,0.661,0.606,0.56,0.51,0.442,0.576,0.571,0.616,0.413,0.456,0.487,0.536,0.636,0.65,0.611,0.556,0.472,0.504,0.546,68.1,76.674,74.315,68.9,58.76,47.913,46.149,35.627,31.707,31.991,58.774,70.715,55.799,72.009,67.089,72.781,72.631,45.356,39.684,52.153,45.324,44.578,47.997,53.882,65.308,56.566,73.405,67.882,77.943,66.414,60.064,53.394,34.202,29.781,36.234,54.321,62.589,68.666,57.074,53.306,72.813,88.15,77.228,71.537,57.546,32.477,32.473,40.979,53.67,66.839,67.538,59.545,1.645,1.92,1.836,2.797,3.053,1.359,1.513,1.113,0.818,0.551,1.642,1.182,1.619,1.742,1.38,2.723,0.825,0.877,0.607,1.314,1.002,2.016,2.233,1.007,1.461,1.431,1.877,0.859,2.367,1.16,2.579,2.309,0.325,0.336,1.447,1.781,1.086,0.826,1.414,0.793,2.364,3.185,3.268,2.396,2.499,1.981,0.524,0.915,2.17,3.707,1.854,2.136
40.33,41.67,8.519,11.533,13.974,17.826,21.336,25.076,24.061,22.815,19.096,14.498,7.928,7.07,16.147,8.259,11.961,16.096,17.889,24.406,26.002,23.34,21.451,17.195,12.249,8.529,6.917,16.192,8.296,12.222,15.935,18.944,20.989,22.808,25.282,23.784,18.008,12.47,8.205,5.983,16.076,8.611,12.207,11.042,15.478,19.255,22.059,25.672,23.477,18.243,12.568,7.646,6.654,15.244,0.569,0.569,0.507,0.517,0.54,0.601,0.596,0.632,0.642,0.647,0.487,0.53,0.572,0.55,0.587,0.584,0.516,0.618,0.625,0.577,0.593,0.577,0.546,0.528,0.519,0.576,0.554,0.602,0.579,0.544,0.531,0.549,0.626,0.654,0.603,0.556,0.504,0.45,0.57,0.577,0.602,0.4,0.449,0.484,0.53,0.633,0.645,0.609,0.556,0.468,0.497,0.54,68.432,76.697,74.478,69.396,60.274,49.265,48.056,37.321,33.443,33.259,59.451,68.848,56.574,71.741,67.158,72.77,73.622,46.07,41.547,53.683,48.375,47.225,49.041,54.905,65.374,57.626,74.61,68.475,78.958,67.156,60.752,55.731,36.802,32.901,38.065,56.253,64.317,67.918,58.494,52.31,73.747,88.646,77.517,72.107,58.915,34.366,34.61,42.798,54.634,68.627,68.602,60.571,2.003,2.201,1.974,2.628,3.236,1.361,1.546,1.222,0.973,0.614,1.952,1.322,1.753,1.833,1.529,2.915,0.838,0.782,0.639,1.408,1.12,2.439,2.731,1.231,1.739,1.599,2.179,0.895,2.661,1.255,2.669,2.39,0.344,0.297,1.712,2.104,1.258,0.982,1.564,0.944,2.759,3.568,3.389,2.494,2.624,2.001,0.594,1.011,2.493,4.359,2.083,2.358
39.67,42.33,9.164,12.213,14.25,17.558,22.062,25.761,24.894,23.666,19.647,14.785,8.466,6.898,16.615,8.819,12.502,16.35,18.59,24.962,27.407,24.268,22.398,18.69,12.819,8.764,7.354,16.911,9.207,13.309,17.252,19.372,21.421,24.299,27.041,24.588,18.817,13.076,8.614,6.046,16.919,8.681,13.284,11.791,15.685,19.74,23.355,26.604,24.114,18.815,12.87,7.991,7.008,15.828,0.604,0.598,0.515,0.507,0.557,0.618,0.617,0.655,0.659,0.655,0.513,0.509,0.588,0.58,0.607,0.591,0.535,0.63,0.659,0.601,0.618,0.624,0.567,0.535,0.543,0.598,0.607,0.65,0.624,0.555,0.541,0.586,0.669,0.676,0.628,0.578,0.523,0.447,0.597,0.573,0.651,0.425,0.455,0.497,0.561,0.655,0.662,0.626,0.565,0.483,0.515,0.559,66.111,76.568,74.705,69.042,56.214,44.05,41.633,30.786,27.608,29.926,55.325,70.384,53.527,70.468,65.755,72.144,70.562,42.892,33.356,47.293,40.859,36.622,45.002,52.696,63.847,53.458,71.827,67.195,76.628,66.142,59.126,47.19,26.266,25.128,31.453,49.897,59.428,66.815,53.924,52.665,68.96,87.941,76.966,70.021,52.618,27.48,28.873,36.252,52.306,65.075,65.792,57.078,1.404,1.692,2.091,2.882,2.899,1.185,1.159,0.796,0.61,0.319,1.313,0.937,1.44,1.629,1.243,2.739,0.688,0.757,0.387,0.901,0.72,1.334,1.747,0.894,1.237,1.189,1.603,0.732,2.481,1.078,2.529,1.902,0.209,0.191,0.972,1.276,1.007,0.527,1.21,0.656,1.98,3.096,3.284,2.355,1.911,1.542,0.345,0.618,1.851,3.298,1.77,1.89
39.67,41.67,9.103,12.223,14.334,17.71,21.991,25.685,24.933,23.698,19.617,14.826,8.364,7.186,16.641,8.728,12.685,16.768,18.492,25.076,27.364,24.284,22.231,18.47,12.823,8.739,7.287,16.913,9.057,13.111,17.134,19.258,21.313,24.086,26.883,24.496,18.774,13.09,8.533,6.161,16.823,8.762,13.183,11.443,15.497,19.668,23.149,26.566,24.076,18.864,12.898,7.957,6.945,15.751,0.6,0.598,0.518,0.512,0.556,0.617,0.618,0.655,0.657,0.656,0.506,0.531,0.588,0.573,0.616,0.606,0.533,0.634,0.659,0.601,0.614,0.617,0.567,0.534,0.538,0.598,0.597,0.64,0.62,0.552,0.538,0.58,0.665,0.673,0.627,0.579,0.518,0.456,0.594,0.579,0.645,0.413,0.449,0.494,0.557,0.655,0.661,0.627,0.567,0.481,0.511,0.556,66.119,76.232,74.778,69.217,57.416,45.28,42.413,31.687,28.445,30.292,55.332,68.348,53.795,70.217,65.359,71.804,71.269,43.289,34.549,48.383,43.013,38.374,45.203,53.042,63.917,54.035,72.622,67.406,77.365,66.812,59.642,49.076,27.738,26.99,32.627,51.208,60.613,65.816,54.825,51.446,69.371,88.503,77.322,70.477,53.68,28.611,29.832,36.865,52.809,66.483,66.771,57.68,1.621,1.857,2.337,2.805,3.14,1.16,1.129,0.807,0.725,0.329,1.506,0.998,1.534,1.778,1.344,2.911,0.728,0.667,0.427,0.888,0.813,1.537,2.015,1.048,1.449,1.3,1.861,0.848,2.857,1.174,2.655,1.981,0.218,0.168,1.058,1.37,1.123,0.58,1.326,0.758,2.265,3.553,3.443,2.498,1.989,1.52,0.387,0.61,1.931,3.791,1.985,2.059
40.33,43.0,8.636,11.904,13.732,17.09,21.668,25.14,24.202,22.752,19.007,14.331,8.231,6.101,16.066,8.373,11.494,14.819,18.279,24.22,26.426,23.351,22.333,18.05,12.18,8.587,6.971,16.255,8.647,12.313,15.546,19.267,21.312,23.413,26.428,24.22,18.42,12.611,8.441,5.604,16.354,8.198,12.608,11.895,16.043,19.45,22.503,25.998,23.89,18.115,12.573,7.871,6.731,15.489,0.577,0.587,0.497,0.495,0.547,0.602,0.598,0.632,0.641,0.64,0.507,0.457,0.573,0.558,0.567,0.537,0.526,0.611,0.635,0.578,0.62,0.605,0.544,0.529,0.522,0.579,0.58,0.606,0.565,0.554,0.536,0.565,0.653,0.666,0.616,0.559,0.516,0.422,0.579,0.548,0.623,0.433,0.465,0.491,0.54,0.641,0.657,0.604,0.554,0.484,0.5,0.552,68.134,77.038,74.338,69.142,56.832,46.819,45.084,34.771,32.078,32.506,58.844,75.352,55.908,74.135,68.143,73.914,71.834,46.191,38.193,51.411,41.221,40.412,47.313,53.828,64.618,55.935,71.693,68.549,77.005,65.309,59.487,51.778,31.572,26.167,34.107,52.094,61.103,71.04,55.825,57.606,73.465,87.357,77.791,70.93,57.141,31.214,30.189,41.089,53.426,63.741,65.974,59.158,0.867,1.281,1.495,3.109,2.57,1.292,1.483,0.896,0.45,0.434,0.985,0.894,1.311,1.493,1.036,2.242,0.788,1.11,0.507,1.105,0.722,1.155,1.202,0.54,0.834,1.061,1.182,0.74,1.682,0.929,2.319,1.996,0.287,0.433,0.929,1.114,0.716,0.495,1.067,0.441,1.455,2.275,2.908,2.116,2.235,1.836,0.392,0.752,1.517,2.165,1.302,1.613
39.67,43.0,9.068,12.14,13.869,16.931,22.056,25.648,24.665,23.335,19.502,14.596,8.559,6.144,16.376,8.743,11.822,14.988,18.601,24.634,27.347,24.043,22.73,18.975,12.656,8.735,7.356,16.717,9.067,12.907,16.363,19.48,21.633,24.405,27.265,24.621,19.014,12.97,8.686,5.741,16.848,8.384,13.14,12.285,16.05,19.773,23.354,26.559,24.177,18.544,12.788,8.056,6.926,15.835,0.6,0.594,0.501,0.489,0.556,0.615,0.609,0.647,0.655,0.648,0.521,0.453,0.583,0.576,0.578,0.541,0.535,0.62,0.658,0.595,0.63,0.633,0.561,0.533,0.543,0.594,0.601,0.631,0.592,0.559,0.544,0.588,0.674,0.677,0.633,0.571,0.525,0.425,0.594,0.553,0.645,0.445,0.465,0.499,0.559,0.655,0.664,0.616,0.56,0.49,0.508,0.562,67.031,77.558,74.619,69.328,55.047,43.544,42.149,31.087,28.321,30.975,56.415,75.251,54.274,73.286,67.18,73.568,70.203,44.367,33.151,47.457,38.112,33.857,44.874,53.075,63.223,53.53,70.794,68.298,76.172,65.017,59.003,46.645,25.71,22.86,30.187,48.673,58.951,70.232,53.544,56.954,70.806,86.883,77.345,69.638,53.201,27.545,27.679,37.271,52.386,62.61,64.564,57.238,0.862,1.245,1.571,3.011,2.363,1.167,1.248,0.741,0.319,0.306,0.856,0.777,1.204,1.311,0.956,2.248,0.633,0.982,0.29,0.889,0.509,0.845,1.076,0.535,0.716,0.916,1.002,0.49,1.639,0.86,2.22,1.636,0.188,0.272,0.736,0.984,0.735,0.381,0.928,0.423,1.311,2.097,2.881,2.035,1.77,1.516,0.255,0.616,1.553,2.067,1.267,1.48
40.0,43.33,8.913,12.205,13.764,16.924,21.932,25.356,24.44,22.959,19.243,14.435,8.472,5.985,16.218,8.638,11.605,14.911,18.515,24.424,26.894,23.59,22.604,18.646,12.394,8.682,7.196,16.505,8.927,12.508,15.948,19.415,21.554,23.963,26.998,24.414,18.792,12.861,8.627,5.56,16.633,8.254,12.937,12.159,16.091,19.623,22.939,26.341,24.054,18.328,12.771,8.026,6.839,15.696,0.593,0.6,0.498,0.489,0.553,0.608,0.603,0.637,0.648,0.643,0.519,0.444,0.579,0.573,0.57,0.54,0.532,0.615,0.647,0.584,0.628,0.624,0.552,0.533,0.535,0.588,0.596,0.614,0.578,0.558,0.542,0.578,0.667,0.671,0.627,0.568,0.524,0.416,0.588,0.548,0.638,0.442,0.467,0.495,0.549,0.649,0.662,0.611,0.56,0.491,0.504,0.559,67.467,77.557,74.593,69.013,55.375,45.064,43.369,33.139,30.173,32.071,57.08,76.331,55.1,74.138,67.53,73.487,70.638,45.39,35.44,50.111,39.22,35.895,45.723,52.965,63.18,54.477,70.417,68.718,76.002,64.846,59.182,49.101,27.967,24.075,31.728,49.517,59.511,71.479,54.378,58.014,72.065,87.089,77.596,70.149,55.402,29.08,28.445,39.24,52.722,62.193,64.474,58.037,0.722,1.095,1.403,3.05,2.36,1.198,1.385,0.788,0.32,0.323,0.804,0.737,1.18,1.268,0.904,2.146,0.662,1.049,0.315,0.949,0.518,0.857,0.948,0.45,0.574,0.888,0.812,0.443,1.462,0.867,2.214,1.752,0.213,0.324,0.768,0.924,0.642,0.38,0.899,0.35,1.226,1.999,2.867,1.996,1.92,1.687,0.266,0.658,1.42,1.858,1.163,1.448
40.0,42.67,9.016,12.339,13.984,17.272,21.999,25.447,24.618,23.228,19.421,14.524,8.483,6.167,16.375,8.783,11.864,15.562,18.598,24.576,26.941,23.761,22.519,18.715,12.485,8.74,7.208,16.644,9.065,12.885,16.6,19.522,21.604,24.086,27.084,24.547,18.738,12.956,8.641,5.636,16.782,8.304,13.177,12.125,16.025,19.678,23.093,26.504,24.127,18.61,12.837,7.972,6.91,15.779,0.599,0.607,0.506,0.5,0.555,0.61,0.608,0.645,0.654,0.647,0.519,0.458,0.584,0.582,0.583,0.563,0.535,0.619,0.648,0.588,0.624,0.626,0.556,0.536,0.537,0.593,0.605,0.632,0.602,0.561,0.543,0.582,0.669,0.674,0.626,0.573,0.526,0.422,0.593,0.551,0.65,0.44,0.465,0.496,0.554,0.652,0.664,0.62,0.564,0.488,0.51,0.562,67.532,77.664,74.575,68.6,55.319,44.801,42.312,31.96,28.768,31.287,56.374,75.382,54.545,73.867,67.155,72.916,70.511,44.395,34.924,49.488,39.491,35.613,45.444,52.154,63.828,54.15,70.62,68.277,75.898,65.212,58.675,48.229,26.799,23.686,31.925,49.348,59.328,71.092,54.09,57.949,71.281,87.523,77.221,70.195,54.452,27.811,28.174,37.524,52.341,62.909,64.574,57.661,0.873,1.218,1.513,3.027,2.49,1.248,1.345,0.819,0.41,0.314,0.936,0.773,1.245,1.354,0.997,2.279,0.663,0.982,0.348,0.98,0.569,0.997,1.132,0.538,0.685,0.961,0.93,0.47,1.611,0.932,2.307,1.898,0.219,0.286,0.867,1.028,0.713,0.432,0.974,0.412,1.407,2.245,3.06,2.106,1.958,1.791,0.263,0.67,1.517,2.232,1.296,1.576
40.33,43.33,8.487,11.645,13.496,16.804,21.551,25.006,23.985,22.429,18.713,14.189,8.142,6.075,15.877,8.154,11.318,14.256,18.099,24.056,26.313,23.114,22.35,17.767,12.027,8.502,6.935,16.072,8.466,11.948,14.853,19.048,21.153,23.118,26.196,23.984,18.373,12.458,8.394,5.587,16.134,8.19,12.26,11.807,16.028,19.336,22.198,25.721,23.744,17.713,12.467,7.925,6.665,15.338,0.568,0.574,0.489,0.486,0.544,0.6,0.593,0.623,0.631,0.634,0.501,0.456,0.566,0.544,0.558,0.517,0.52,0.607,0.632,0.573,0.62,0.596,0.536,0.524,0.519,0.572,0.568,0.589,0.539,0.548,0.533,0.557,0.648,0.66,0.615,0.552,0.513,0.42,0.572,0.547,0.606,0.43,0.464,0.488,0.532,0.634,0.653,0.592,0.549,0.487,0.496,0.547,67.486,76.233,74.248,69.625,57.255,47.488,46.483,36.484,34.37,33.52,59.9,75.143,56.517,73.431,68.027,74.206,72.212,47.24,39.352,52.267,41.644,42.461,48.273,55.018,63.911,56.504,71.556,68.308,77.284,65.08,60.175,53.409,33.798,27.578,34.592,53.055,61.429,70.353,56.384,56.404,74.129,86.942,78.133,71.095,58.443,33.242,31.124,43.666,54.014,63.49,66.068,59.728,0.783,1.222,1.456,3.103,2.571,1.254,1.513,0.876,0.431,0.466,0.929,0.909,1.291,1.467,0.996,2.172,0.835,1.164,0.537,1.083,0.754,1.118,1.152,0.516,0.837,1.053,1.217,0.83,1.687,0.907,2.302,1.934,0.298,0.488,0.848,1.052,0.678,0.467,1.058,0.409,1.357,2.262,2.743,2.087,2.286,1.722,0.436,0.737,1.448,1.955,1.234,1.554
40.33,42.67,8.594,11.77,13.793,17.288,21.588,25.119,24.153,22.756,19.013,14.356,8.156,6.306,16.075,8.333,11.598,15.022,18.228,24.2,26.317,23.33,22.189,17.851,12.181,8.578,6.938,16.23,8.582,12.345,15.618,19.2,21.189,23.275,26.159,24.15,18.297,12.558,8.394,5.689,16.289,8.29,12.505,11.756,15.969,19.399,22.39,25.87,23.817,18.105,12.534,7.824,6.735,15.433,0.575,0.581,0.5,0.501,0.546,0.602,0.598,0.632,0.641,0.642,0.502,0.473,0.573,0.555,0.571,0.545,0.524,0.611,0.632,0.577,0.615,0.599,0.544,0.529,0.52,0.578,0.575,0.608,0.568,0.552,0.534,0.562,0.647,0.665,0.612,0.558,0.514,0.428,0.577,0.554,0.619,0.428,0.463,0.489,0.537,0.638,0.655,0.604,0.553,0.481,0.502,0.55,68.032,76.713,74.187,69.023,57.392,47.145,45.459,35.054,32.037,32.172,59.058,73.986,55.852,73.42,67.815,73.653,72.075,45.994,38.723,51.473,42.16,42.021,47.564,53.932,64.839,56.14,72.197,68.116,77.304,65.47,59.713,52.294,32.646,27.096,34.666,52.863,61.465,70.154,56.164,56.099,73.374,87.418,77.582,71.091,57.309,31.797,30.772,41.179,53.42,64.528,66.436,59.249,1.075,1.465,1.577,3.026,2.713,1.32,1.5,0.96,0.556,0.483,1.163,0.989,1.401,1.569,1.131,2.365,0.817,1.063,0.559,1.175,0.822,1.399,1.485,0.664,1.027,1.173,1.41,0.813,1.869,0.988,2.39,2.095,0.304,0.426,1.061,1.305,0.814,0.592,1.172,0.541,1.701,2.523,2.97,2.195,2.336,1.872,0.444,0.799,1.694,2.568,1.448,1.755
39.67,43.33,8.962,11.863,13.675,16.688,21.971,25.583,24.501,23.119,19.357,14.531,8.515,6.145,16.243,8.562,11.691,14.459,18.51,24.493,27.338,23.933,22.779,18.855,12.604,8.692,7.344,16.603,8.891,12.56,15.685,19.296,21.508,24.269,27.087,24.472,19.058,12.869,8.682,5.737,16.678,8.42,12.839,12.26,16.079,19.71,23.175,26.339,24.087,18.259,12.712,8.126,6.888,15.741,0.593,0.58,0.493,0.482,0.554,0.614,0.605,0.64,0.65,0.644,0.518,0.453,0.577,0.564,0.571,0.522,0.532,0.617,0.657,0.593,0.631,0.629,0.557,0.53,0.542,0.588,0.589,0.614,0.567,0.554,0.541,0.584,0.67,0.673,0.634,0.566,0.524,0.423,0.588,0.555,0.629,0.444,0.465,0.498,0.555,0.65,0.661,0.607,0.556,0.493,0.505,0.558,66.567,77.051,74.47,69.694,55.361,43.79,43.209,32.122,29.47,31.477,57.128,75.095,54.617,72.952,66.808,73.753,70.31,45.219,33.539,47.645,38.123,34.697,45.156,53.926,62.371,53.709,70.663,68.049,76.422,64.737,59.751,47.5,27.127,23.585,29.957,49.101,58.992,69.835,53.809,55.489,71.227,86.263,77.464,69.605,53.962,29.051,28.113,38.894,52.686,62.202,64.414,57.446,0.808,1.207,1.512,2.952,2.326,1.116,1.255,0.717,0.291,0.334,0.808,0.791,1.175,1.237,0.904,2.163,0.654,1.016,0.281,0.864,0.521,0.81,1.053,0.525,0.712,0.896,1.015,0.515,1.599,0.829,2.178,1.519,0.185,0.296,0.662,0.956,0.713,0.364,0.902,0.407,1.223,2.027,2.699,1.986,1.765,1.368,0.281,0.6,1.539,1.881,1.195,1.412
39.67,42.67,9.1,12.109,13.968,17.064,22.068,25.71,24.73,23.441,19.54,14.647,8.543,6.356,16.44,8.753,12.016,15.265,18.593,24.718,27.42,24.139,22.686,18.919,12.718,8.742,7.376,16.778,9.117,13.063,16.597,19.431,21.559,24.419,27.223,24.624,18.983,12.992,8.679,5.85,16.879,8.477,13.165,12.187,15.964,19.773,23.394,26.557,24.166,18.585,12.792,8.059,6.964,15.84,0.601,0.592,0.504,0.493,0.556,0.617,0.612,0.649,0.656,0.649,0.519,0.469,0.584,0.576,0.586,0.551,0.535,0.623,0.659,0.598,0.628,0.631,0.563,0.533,0.544,0.595,0.603,0.638,0.6,0.558,0.543,0.589,0.674,0.677,0.633,0.572,0.525,0.432,0.595,0.559,0.645,0.441,0.462,0.499,0.561,0.655,0.663,0.618,0.561,0.489,0.511,0.561,66.549,77.095,74.555,69.271,55.209,43.38,41.852,30.731,27.995,30.47,56.135,73.819,53.919,72.229,66.712,73.223,70.183,43.818,32.857,46.891,38.408,34.503,44.856,53.067,63.314,53.339,71.03,67.745,76.263,65.185,59.036,46.376,25.652,23.201,30.192,48.863,58.819,68.902,53.437,55.441,70.099,87.002,77.157,69.623,52.685,27.417,27.842,36.904,52.251,63.114,64.782,57.025,0.998,1.368,1.713,2.979,2.499,1.169,1.208,0.742,0.39,0.311,0.962,0.824,1.263,1.389,1.03,2.38,0.652,0.927,0.32,0.88,0.568,0.951,1.243,0.627,0.868,0.986,1.184,0.577,1.873,0.907,2.296,1.685,0.192,0.255,0.77,1.052,0.804,0.411,1.0,0.48,1.465,2.35,2.95,2.113,1.791,1.483,0.284,0.605,1.633,2.361,1.392,1.573
39.67,44.0,8.537,11.146,13.094,15.861,21.729,25.176,23.856,22.027,18.609,14.185,8.329,6.053,15.718,7.984,11.101,12.879,18.248,23.915,27.052,23.178,22.898,18.298,12.213,8.555,7.293,16.132,8.361,11.245,13.402,18.775,21.064,23.606,26.402,23.795,19.051,12.545,8.697,5.589,16.047,8.434,11.696,12.248,16.254,19.453,22.378,25.443,23.703,17.089,12.569,8.422,6.76,15.372,0.566,0.544,0.471,0.456,0.547,0.607,0.589,0.608,0.626,0.63,0.507,0.447,0.556,0.528,0.54,0.465,0.524,0.604,0.65,0.575,0.634,0.612,0.538,0.522,0.538,0.57,0.552,0.55,0.482,0.539,0.53,0.566,0.652,0.654,0.635,0.551,0.526,0.411,0.567,0.555,0.571,0.446,0.468,0.49,0.536,0.629,0.649,0.569,0.55,0.51,0.496,0.545,64.907,74.732,74.04,71.042,56.023,45.541,47.235,38.003,35.336,34.239,59.831,75.331,56.354,71.639,65.264,74.065,70.598,48.647,36.305,51.058,38.9,38.831,47.372,56.224,58.624,54.794,68.661,66.962,76.75,63.96,62.555,52.197,33.696,27.383,30.405,50.766,58.805,69.15,55.109,51.964,72.712,84.239,78.035,70.017,58.273,35.703,29.886,46.404,53.763,59.702,63.053,58.645,0.45,0.833,1.16,2.737,2.17,0.95,1.379,0.695,0.194,0.414,0.57,0.71,1.02,0.834,0.659,1.804,0.713,1.196,0.208,0.769,0.521,0.599,0.827,0.398,0.447,0.75,0.682,0.396,1.325,0.735,2.131,1.283,0.175,0.344,0.374,0.714,0.511,0.256,0.743,0.239,0.789,1.728,2.092,1.828,1.91,1.024,0.348,0.576,1.3,0.999,0.836,1.139
40.0,44.33,8.309,11.032,12.897,15.641,21.519,24.799,23.492,21.373,18.086,13.97,8.195,5.96,15.441,7.759,10.844,12.546,18.041,23.642,26.553,22.498,22.707,17.69,11.862,8.422,7.232,15.814,8.225,10.835,13.011,18.634,20.797,22.934,25.928,23.351,18.723,12.342,8.598,5.538,15.746,8.383,11.372,12.083,16.15,19.184,21.728,24.977,23.405,16.502,12.491,8.408,6.673,15.114,0.554,0.54,0.464,0.45,0.542,0.599,0.58,0.591,0.61,0.622,0.502,0.442,0.547,0.517,0.53,0.454,0.518,0.598,0.638,0.559,0.629,0.593,0.524,0.518,0.537,0.559,0.546,0.532,0.468,0.536,0.523,0.549,0.64,0.642,0.626,0.545,0.522,0.41,0.559,0.555,0.557,0.441,0.465,0.482,0.52,0.617,0.642,0.551,0.548,0.512,0.494,0.538,64.316,73.607,74.219,71.507,56.445,47.083,49.078,41.678,39.027,35.627,60.903,75.41,57.408,70.544,65.502,74.275,71.307,49.703,38.96,54.393,40.409,43.019,49.273,57.041,57.895,56.026,68.168,66.939,76.676,63.911,63.274,55.629,37.561,30.168,32.235,52.211,59.53,68.236,56.213,51.422,73.474,84.37,78.738,70.718,61.093,38.733,31.388,50.405,54.317,59.406,63.249,59.775,0.375,0.728,1.045,2.77,2.201,0.955,1.543,0.763,0.22,0.45,0.549,0.689,1.021,0.802,0.631,1.804,0.746,1.254,0.231,0.799,0.536,0.641,0.798,0.364,0.378,0.751,0.593,0.379,1.355,0.754,2.193,1.397,0.198,0.391,0.381,0.663,0.452,0.257,0.75,0.199,0.778,1.767,2.018,1.808,2.116,1.116,0.416,0.64,1.214,0.889,0.803,1.147
40.0,43.67,8.518,11.41,13.034,15.949,21.603,24.97,23.73,21.813,18.457,14.117,8.289,6.003,15.658,8.003,11.092,13.08,18.168,23.862,26.675,22.814,22.702,17.964,12.041,8.472,7.211,16.004,8.441,11.148,13.629,18.739,20.972,23.229,26.223,23.643,18.796,12.486,8.579,5.485,15.951,8.419,11.813,11.978,16.096,19.29,22.046,25.364,23.573,17.036,12.55,8.295,6.681,15.263,0.568,0.559,0.47,0.459,0.544,0.602,0.586,0.603,0.622,0.629,0.507,0.446,0.556,0.533,0.543,0.474,0.521,0.603,0.642,0.567,0.63,0.603,0.532,0.521,0.536,0.566,0.561,0.547,0.491,0.539,0.527,0.557,0.647,0.649,0.628,0.551,0.521,0.407,0.566,0.557,0.579,0.437,0.464,0.486,0.528,0.626,0.646,0.569,0.55,0.506,0.494,0.544,64.798,74.81,74.315,70.494,56.302,46.556,47.746,39.056,36.185,34.51,59.601,75.407,56.647,71.06,66.08,73.991,71.118,48.611,37.851,53.107,39.994,40.747,47.628,56.029,59.136,55.445,68.913,67.729,76.346,63.78,62.3,53.736,34.815,28.282,31.643,51.246,59.62,69.185,55.635,51.84,73.075,85.161,78.45,70.304,59.561,35.908,30.617,47.097,53.887,60.162,63.879,59.16,0.428,0.796,1.114,2.832,2.244,0.984,1.496,0.717,0.224,0.396,0.579,0.694,1.039,0.901,0.672,1.847,0.724,1.179,0.242,0.812,0.514,0.672,0.776,0.365,0.413,0.762,0.63,0.405,1.339,0.776,2.124,1.41,0.191,0.387,0.457,0.692,0.485,0.271,0.763,0.216,0.847,1.797,2.208,1.807,1.982,1.206,0.36,0.599,1.226,1.065,0.856,1.18
39.67,44.33,8.397,10.892,13.127,15.745,21.739,25.143,23.789,21.88,18.434,14.11,8.258,6.024,15.63,7.867,10.935,12.655,18.198,23.82,27.045,23.131,22.933,18.232,12.134,8.566,7.303,16.067,8.219,11.214,13.128,18.813,21.032,23.553,26.295,23.711,19.028,12.484,8.731,5.653,15.991,8.347,11.42,12.44,16.369,19.473,22.341,25.277,23.677,16.851,12.546,8.496,6.782,15.336,0.556,0.531,0.472,0.453,0.548,0.606,0.587,0.604,0.619,0.626,0.503,0.444,0.553,0.519,0.532,0.457,0.522,0.602,0.65,0.573,0.634,0.609,0.535,0.521,0.538,0.568,0.542,0.548,0.472,0.541,0.53,0.565,0.65,0.652,0.635,0.549,0.528,0.415,0.565,0.549,0.556,0.453,0.471,0.491,0.535,0.625,0.649,0.56,0.55,0.514,0.498,0.543,65.165,74.112,73.891,71.889,56.044,45.746,47.749,39.259,36.919,34.957,60.96,75.506,56.849,71.902,64.957,74.387,70.682,49.271,36.861,51.363,39.059,39.886,48.728,56.721,58.324,55.179,68.232,66.278,77.23,64.416,62.979,52.959,35.117,28.312,30.999,51.517,58.686,68.963,55.475,53.07,73.031,83.669,78.069,70.39,58.81,37.282,30.215,48.052,54.091,59.365,62.571,59.051,0.435,0.818,1.164,2.71,2.146,0.964,1.378,0.752,0.204,0.462,0.578,0.719,1.026,0.808,0.665,1.788,0.739,1.272,0.226,0.782,0.567,0.582,0.872,0.409,0.45,0.765,0.693,0.408,1.344,0.722,2.222,1.328,0.191,0.341,0.34,0.724,0.503,0.256,0.755,0.24,0.758,1.717,2.01,1.884,2.043,1.006,0.383,0.62,1.309,0.924,0.824,1.144
39.67,43.67,8.655,11.304,13.242,16.061,21.816,25.327,24.065,22.378,18.832,14.274,8.377,6.046,15.865,8.14,11.235,13.233,18.326,24.083,27.192,23.46,22.909,18.512,12.328,8.598,7.318,16.275,8.499,11.649,13.984,18.947,21.234,23.863,26.659,24.028,19.093,12.633,8.702,5.629,16.245,8.404,12.015,12.32,16.24,19.563,22.663,25.729,23.842,17.432,12.596,8.344,6.799,15.496,0.573,0.552,0.477,0.462,0.55,0.61,0.594,0.618,0.633,0.633,0.51,0.446,0.562,0.537,0.547,0.478,0.526,0.608,0.654,0.582,0.635,0.618,0.544,0.524,0.54,0.575,0.562,0.569,0.504,0.544,0.534,0.573,0.659,0.66,0.636,0.555,0.526,0.414,0.574,0.553,0.587,0.447,0.468,0.494,0.543,0.636,0.654,0.58,0.551,0.505,0.499,0.549,65.394,75.38,74.115,70.795,55.789,44.913,46.016,36.109,33.683,33.549,59.267,75.479,55.873,72.239,65.678,74.09,70.497,47.781,35.345,49.752,38.434,37.32,46.847,55.704,59.684,54.448,69.136,67.14,76.747,64.22,61.699,50.635,31.648,26.064,30.172,50.307,58.807,69.586,54.681,53.374,72.384,84.65,77.863,69.878,56.874,33.722,29.282,44.201,53.515,60.382,63.365,58.289,0.516,0.916,1.245,2.8,2.182,0.997,1.323,0.691,0.205,0.394,0.611,0.732,1.049,0.933,0.718,1.866,0.7,1.169,0.236,0.792,0.517,0.62,0.871,0.419,0.502,0.78,0.764,0.436,1.359,0.745,2.136,1.348,0.178,0.334,0.428,0.765,0.556,0.275,0.776,0.277,0.855,1.775,2.236,1.876,1.868,1.1,0.324,0.578,1.349,1.162,0.906,1.192
40.67,26.33,7.232,9.848,13.292,19.062,21.313,24.151,27.251,23.644,18.58,11.584,7.628,4.589,15.683,6.09,10.089,12.74,17.48,22.709,22.831,26.589,23.757,16.812,9.77,6.651,4.958,15.04,7.066,9.267,13.838,19.309,24.322,23.96,26.971,21.844,17.86,13.145,7.11,5.023,15.808,5.282,10.583,13.074,16.083,18.673,24.65,26.744,22.824,17.213,12.749,7.126,5.534,15.047,0.499,0.497,0.486,0.551,0.537,0.579,0.676,0.657,0.632,0.524,0.483,0.356,0.561,0.418,0.504,0.469,0.508,0.575,0.549,0.66,0.658,0.571,0.441,0.418,0.383,0.541,0.485,0.463,0.505,0.56,0.617,0.575,0.666,0.606,0.604,0.592,0.448,0.388,0.569,0.36,0.533,0.479,0.468,0.475,0.594,0.662,0.63,0.579,0.573,0.447,0.428,0.541,54.716,62.989,62.373,50.781,66.374,49.934,18.983,23.525,26.983,45.774,53.909,75.761,49.34,73.033,60.474,63.146,62.443,54.809,51.469,22.969,20.938,47.651,58.868,66.4,73.007,54.599,56.394,59.735,60.444,52.096,43.241,41.398,20.133,32.718,35.106,36.038,61.994,68.034,47.279,72.436,57.774,66.768,73.889,70.743,43.192,19.172,25.736,41.874,44.285,64.964,62.056,53.574,0.935,1.677,1.194,2.374,2.045,1.693,0.073,0.222,0.241,2.484,0.238,4.053,1.436,7.613,4.1,1.964,1.538,2.473,1.909,0.295,0.313,0.361,2.591,2.153,4.713,2.502,1.038,3.57,0.715,1.645,0.619,1.358,0.654,2.05,0.452,0.161,1.805,1.638,1.311,2.973,0.344,1.794,2.515,1.212,1.392,0.492,0.174,0.355,0.204,5.737,2.834,1.671
41.33,27.0,6.857,9.363,13.152,19.24,21.04,23.908,27.246,23.456,18.175,11.243,6.973,4.162,15.405,5.727,9.959,12.583,17.118,22.088,21.948,26.186,23.338,16.424,9.206,6.425,4.56,14.63,6.625,8.893,13.279,18.678,24.416,23.775,26.887,21.49,17.305,12.477,6.741,4.806,15.447,5.272,9.9,12.305,15.677,18.922,24.601,26.564,22.65,17.161,12.528,6.729,5.185,14.794,0.48,0.474,0.482,0.557,0.529,0.575,0.676,0.652,0.621,0.514,0.445,0.327,0.554,0.398,0.505,0.465,0.499,0.561,0.526,0.652,0.645,0.561,0.419,0.411,0.358,0.527,0.46,0.447,0.487,0.545,0.617,0.571,0.666,0.596,0.584,0.569,0.43,0.377,0.558,0.365,0.504,0.452,0.457,0.482,0.591,0.658,0.628,0.582,0.57,0.429,0.407,0.534,58.791,66.005,63.714,50.194,68.123,52.682,18.493,25.051,29.971,48.179,58.456,80.374,51.668,74.99,62.396,64.797,64.371,57.35,54.476,24.956,23.357,52.055,64.691,69.395,76.939,57.48,60.927,62.19,64.447,55.054,43.252,42.036,20.416,33.519,38.55,42.331,66.335,70.51,49.967,73.485,62.88,69.88,76.211,70.159,44.801,21.114,26.599,43.066,46.085,67.702,64.823,55.568,1.12,1.715,1.064,2.082,2.133,1.838,0.078,0.265,0.319,2.608,0.328,3.181,1.396,7.481,3.754,1.743,1.695,2.3,2.12,0.393,0.334,0.378,2.216,2.202,4.237,2.403,0.884,3.582,0.557,1.739,0.702,1.472,0.705,1.839,0.613,0.223,1.56,1.489,1.282,2.317,0.471,1.657,2.665,1.287,1.165,0.541,0.234,0.432,0.238,6.013,2.596,1.636
40.67,27.0,6.861,9.498,13.198,19.149,21.351,24.214,27.446,23.755,18.255,11.443,7.21,4.421,15.57,5.846,10.108,12.636,17.242,22.396,22.613,26.313,23.559,16.787,9.552,6.551,4.712,14.86,6.769,8.938,13.231,18.887,24.628,24.096,27.074,21.687,17.445,12.517,6.889,4.884,15.586,5.43,10.134,12.228,15.899,18.847,24.565,26.916,22.672,17.388,12.636,6.85,5.265,14.906,0.474,0.477,0.481,0.553,0.536,0.582,0.681,0.659,0.621,0.52,0.455,0.343,0.557,0.401,0.508,0.465,0.502,0.568,0.542,0.654,0.65,0.571,0.431,0.414,0.365,0.533,0.463,0.446,0.483,0.549,0.621,0.579,0.671,0.601,0.587,0.566,0.435,0.378,0.562,0.371,0.512,0.448,0.462,0.48,0.59,0.667,0.627,0.587,0.571,0.431,0.407,0.537,59.453,65.135,62.937,50.568,65.927,49.906,17.303,22.664,29.311,45.994,56.521,77.731,50.286,74.303,61.332,63.888,63.467,55.239,51.409,23.955,21.458,49.193,62.195,68.109,75.43,55.831,60.506,61.622,64.015,53.421,42.192,40.793,18.892,31.64,35.298,40.694,64.641,69.996,48.645,72.7,60.643,69.835,74.774,70.18,43.128,18.963,25.809,41.291,44.702,66.534,64.736,54.441,1.303,1.794,1.065,2.081,2.134,1.673,0.078,0.217,0.269,2.564,0.327,3.329,1.404,7.498,3.938,1.962,1.586,2.394,1.987,0.333,0.268,0.336,2.111,2.232,4.218,2.403,0.995,3.732,0.678,1.676,0.63,1.278,0.73,1.899,0.467,0.219,1.593,1.514,1.286,2.437,0.494,1.938,2.598,1.277,1.202,0.425,0.161,0.381,0.271,6.323,2.777,1.691
41.0,27.33,6.812,9.344,13.163,19.17,21.183,24.078,27.357,23.578,18.17,11.328,7.015,4.274,15.459,5.755,10.059,12.584,17.117,22.136,22.191,26.167,23.378,16.558,9.272,6.45,4.565,14.685,6.617,8.849,13.138,18.696,24.572,23.962,26.971,21.536,17.217,12.38,6.768,4.787,15.457,5.39,9.947,12.134,15.795,18.862,24.542,26.785,22.655,17.261,12.516,6.73,5.145,14.817,0.473,0.471,0.481,0.554,0.532,0.579,0.678,0.655,0.619,0.516,0.444,0.334,0.554,0.397,0.508,0.464,0.499,0.562,0.531,0.652,0.646,0.565,0.42,0.41,0.356,0.528,0.456,0.443,0.48,0.545,0.62,0.575,0.668,0.597,0.58,0.562,0.429,0.373,0.558,0.371,0.505,0.445,0.459,0.481,0.589,0.664,0.628,0.584,0.568,0.427,0.401,0.534,59.523,65.868,63.297,50.165,67.24,51.53,17.556,23.88,30.103,46.658,57.582,79.311,51.059,74.644,61.888,64.568,64.274,56.526,53.352,24.685,22.539,51.055,64.467,69.38,76.549,56.993,61.3,62.22,64.733,54.573,42.54,41.157,19.368,32.518,36.883,41.828,65.904,70.717,49.481,73.194,62.023,70.385,75.588,70.464,43.809,19.933,25.865,42.257,45.52,67.322,65.4,55.147,1.317,1.776,1.071,2.073,2.177,1.721,0.09,0.244,0.289,2.614,0.355,3.107,1.405,7.595,3.926,1.851,1.583,2.426,2.093,0.371,0.3,0.356,2.064,2.296,4.117,2.412,0.95,3.669,0.632,1.744,0.69,1.371,0.731,1.927,0.527,0.255,1.519,1.482,1.293,2.313,0.531,1.783,2.637,1.269,1.152,0.47,0.184,0.425,0.282,6.353,2.628,1.67
41.0,26.67,7.007,9.456,13.322,19.232,21.154,24.04,27.471,23.626,18.372,11.395,7.259,4.344,15.56,5.845,10.17,12.664,17.194,22.193,22.095,26.376,23.53,16.631,9.362,6.482,4.624,14.764,6.751,8.944,13.446,18.887,24.509,23.957,26.976,21.638,17.402,12.622,6.841,4.816,15.565,5.322,10.178,12.445,15.843,18.783,24.615,26.806,22.816,17.275,12.665,6.82,5.242,14.905,0.486,0.477,0.487,0.556,0.531,0.578,0.682,0.657,0.627,0.518,0.46,0.339,0.558,0.403,0.514,0.468,0.502,0.564,0.53,0.657,0.65,0.567,0.424,0.412,0.36,0.532,0.465,0.447,0.491,0.55,0.618,0.575,0.668,0.6,0.587,0.573,0.434,0.376,0.561,0.366,0.517,0.456,0.461,0.479,0.591,0.664,0.633,0.585,0.574,0.433,0.409,0.538,57.353,65.388,63.126,50.192,67.946,51.911,17.099,23.607,28.822,46.519,55.635,78.704,50.524,74.132,61.324,64.148,64.125,56.764,54.058,24.071,21.912,50.457,63.148,68.905,75.781,56.568,59.424,61.891,62.698,53.986,42.772,41.142,19.663,32.786,36.702,40.045,65.202,70.384,48.894,73.732,60.938,69.62,75.854,70.535,43.61,19.427,25.205,41.941,44.882,66.831,64.686,54.772,1.035,1.667,1.061,2.226,2.123,1.705,0.075,0.233,0.252,2.632,0.238,3.447,1.393,7.919,4.251,1.761,1.544,2.568,2.126,0.341,0.308,0.337,2.216,2.325,4.358,2.502,0.833,3.559,0.545,1.725,0.702,1.384,0.627,2.006,0.499,0.207,1.611,1.492,1.268,2.596,0.382,1.672,2.562,1.273,1.2,0.507,0.183,0.337,0.211,6.261,2.626,1.653
41.33,27.33,6.685,9.306,12.993,19.166,21.073,23.948,27.059,23.392,17.997,11.187,6.754,4.086,15.306,5.671,9.764,12.515,17.09,22.102,22.142,26.005,23.208,16.339,9.167,6.394,4.538,14.578,6.524,8.857,13.058,18.554,24.406,23.715,26.864,21.439,17.218,12.334,6.698,4.795,15.371,5.294,9.694,12.104,15.681,19.031,24.595,26.45,22.481,17.124,12.376,6.684,5.13,14.722,0.469,0.471,0.477,0.555,0.53,0.576,0.671,0.65,0.615,0.512,0.431,0.322,0.55,0.395,0.494,0.463,0.498,0.561,0.531,0.647,0.642,0.558,0.417,0.409,0.357,0.525,0.454,0.446,0.479,0.541,0.617,0.569,0.665,0.595,0.582,0.562,0.428,0.377,0.556,0.368,0.494,0.446,0.457,0.484,0.591,0.656,0.623,0.58,0.563,0.426,0.404,0.531,60.741,66.42,64.015,50.585,67.555,52.238,19.719,25.923,31.191,48.847,60.933,81.08,52.436,75.592,63.313,65.37,64.541,57.309,53.623,25.625,24.155,52.821,65.803,69.818,77.503,57.955,62.373,62.349,66.297,55.566,43.456,42.447,20.57,33.412,39.138,44.096,66.93,70.668,50.611,73.085,64.098,70.286,75.761,70.167,45.149,22.208,27.843,43.951,47.201,68.255,65.045,56.088,1.392,1.836,1.071,1.916,2.165,1.873,0.089,0.287,0.369,2.59,0.458,2.877,1.411,7.156,3.386,1.842,1.758,2.129,2.083,0.434,0.33,0.407,2.118,2.161,4.032,2.319,1.021,3.731,0.656,1.756,0.677,1.48,0.81,1.741,0.657,0.263,1.501,1.507,1.318,2.043,0.622,1.767,2.725,1.268,1.12,0.508,0.239,0.537,0.302,6.07,2.632,1.654
41.33,26.67,6.914,9.433,13.15,19.202,20.979,23.848,27.122,23.369,18.222,11.232,7.063,4.167,15.395,5.763,9.893,12.577,17.163,22.136,21.943,26.221,23.356,16.384,9.239,6.441,4.612,14.645,6.681,8.975,13.403,18.741,24.297,23.66,26.835,21.483,17.394,12.604,6.778,4.842,15.473,5.201,9.969,12.492,15.664,18.838,24.588,26.452,22.619,17.108,12.543,6.781,5.257,14.795,0.485,0.479,0.483,0.556,0.528,0.573,0.673,0.65,0.623,0.513,0.452,0.328,0.554,0.401,0.501,0.466,0.5,0.562,0.526,0.652,0.647,0.56,0.421,0.412,0.362,0.528,0.465,0.452,0.492,0.546,0.615,0.567,0.664,0.596,0.589,0.574,0.433,0.381,0.56,0.361,0.508,0.46,0.457,0.479,0.591,0.655,0.627,0.58,0.57,0.432,0.414,0.534,57.818,65.654,63.711,50.288,68.397,53.019,19.407,25.755,29.722,48.721,58.059,80.253,51.732,74.882,62.453,64.675,64.2,57.525,54.681,25.097,23.526,52.127,63.981,68.877,76.508,57.376,60.008,61.705,63.789,54.931,43.647,42.607,20.985,34.172,38.876,41.634,66.028,70.042,49.871,73.625,62.634,69.258,76.28,70.395,45.311,21.566,27.247,43.524,46.255,67.555,64.023,55.64,1.035,1.682,1.077,2.124,2.118,1.869,0.07,0.261,0.318,2.589,0.308,3.28,1.395,7.429,3.717,1.723,1.722,2.264,2.105,0.391,0.343,0.379,2.286,2.15,4.318,2.401,0.864,3.525,0.543,1.719,0.707,1.495,0.704,1.83,0.629,0.21,1.603,1.491,1.278,2.392,0.443,1.623,2.68,1.303,1.186,0.563,0.253,0.415,0.224,5.847,2.585,1.628
40.67,26.67,6.938,9.599,13.225,19.127,21.376,24.242,27.407,23.758,18.337,11.484,7.319,4.471,15.61,5.917,10.083,12.666,17.332,22.518,22.76,26.397,23.628,16.823,9.644,6.582,4.792,14.929,6.857,9.029,13.38,19.022,24.562,24.068,27.065,21.754,17.589,12.679,6.955,4.926,15.656,5.397,10.246,12.425,15.967,18.819,24.608,26.869,22.695,17.365,12.679,6.938,5.345,14.95,0.479,0.483,0.483,0.552,0.538,0.582,0.68,0.66,0.624,0.521,0.462,0.346,0.558,0.406,0.506,0.466,0.505,0.571,0.546,0.656,0.653,0.572,0.435,0.415,0.37,0.536,0.469,0.451,0.488,0.553,0.621,0.578,0.67,0.603,0.592,0.572,0.438,0.38,0.564,0.369,0.516,0.455,0.464,0.479,0.592,0.666,0.627,0.585,0.571,0.436,0.413,0.538,58.481,64.479,62.645,50.634,65.736,49.461,17.644,22.721,28.647,45.856,55.902,77.065,49.938,73.912,61.093,63.469,62.996,54.882,50.877,23.653,21.133,48.53,61.086,67.501,74.625,55.312,59.375,60.974,63.028,52.848,42.307,40.857,19.047,31.593,34.945,39.578,63.869,69.354,48.15,72.513,59.895,68.968,74.283,70.162,42.908,18.907,25.882,41.278,44.483,66.022,63.847,54.096,1.244,1.78,1.066,2.123,2.118,1.666,0.071,0.211,0.263,2.56,0.306,3.493,1.409,7.515,3.965,1.994,1.582,2.403,1.954,0.328,0.267,0.334,2.189,2.207,4.331,2.421,1.009,3.742,0.701,1.664,0.617,1.272,0.723,1.909,0.461,0.202,1.652,1.561,1.295,2.534,0.46,1.955,2.581,1.255,1.247,0.425,0.162,0.373,0.254,6.234,2.841,1.694
41.33,28.0,6.076,9.092,12.485,18.898,21.201,24.212,26.384,23.249,17.38,11.082,6.152,3.951,15.014,5.473,9.196,12.246,16.944,22.196,22.807,25.319,22.793,16.124,9.084,6.312,4.476,14.412,6.129,8.734,12.227,18.126,24.481,23.573,26.846,21.283,16.791,11.763,6.609,4.74,15.107,5.439,8.999,11.294,15.707,19.209,24.431,26.163,22.0,17.139,11.84,6.544,4.925,14.473,0.426,0.46,0.46,0.547,0.533,0.582,0.652,0.646,0.591,0.508,0.391,0.311,0.54,0.382,0.463,0.45,0.493,0.563,0.546,0.629,0.631,0.551,0.413,0.405,0.353,0.519,0.429,0.443,0.45,0.528,0.62,0.564,0.664,0.59,0.568,0.535,0.42,0.371,0.547,0.379,0.457,0.418,0.455,0.489,0.588,0.649,0.607,0.579,0.537,0.416,0.389,0.52,67.962,68.649,65.337,52.289,65.491,50.351,23.86,28.526,36.504,50.561,68.796,82.613,55.078,77.95,66.495,68.165,66.153,57.192,50.134,28.053,26.355,55.618,70.027,71.73,79.543,59.782,68.172,63.067,73.039,57.538,43.969,43.858,20.471,33.013,40.743,50.3,69.383,71.587,52.929,72.135,68.286,72.759,74.383,71.328,46.221,25.126,31.215,46.88,51.561,70.604,66.465,58.082,2.442,2.238,1.134,1.379,2.276,1.882,0.136,0.335,0.5,2.563,0.916,1.748,1.462,6.289,2.366,2.216,1.821,1.681,1.982,0.569,0.296,0.495,1.636,2.142,3.226,2.06,1.507,4.2,1.062,1.805,0.611,1.468,1.215,1.579,0.758,0.457,1.25,1.522,1.452,1.142,1.238,2.174,2.882,1.183,0.939,0.36,0.224,0.837,0.598,6.592,2.658,1.736
41.33,28.33,6.023,9.115,12.475,18.994,21.242,24.312,26.349,23.378,17.337,11.136,6.19,3.971,15.043,5.424,9.175,12.247,16.932,22.31,22.866,25.306,22.83,16.203,9.237,6.328,4.494,14.444,6.089,8.748,12.245,18.125,24.532,23.592,26.899,21.386,16.839,11.74,6.65,4.765,15.134,5.443,8.923,11.194,15.712,19.29,24.473,26.101,22.102,17.319,11.84,6.554,4.931,14.49,0.422,0.462,0.46,0.55,0.535,0.585,0.651,0.65,0.59,0.51,0.394,0.312,0.542,0.379,0.462,0.451,0.493,0.566,0.547,0.629,0.633,0.553,0.421,0.406,0.355,0.521,0.426,0.444,0.451,0.528,0.621,0.564,0.665,0.593,0.57,0.535,0.423,0.374,0.548,0.38,0.453,0.414,0.456,0.491,0.588,0.647,0.611,0.585,0.537,0.418,0.389,0.52,69.832,70.378,66.749,53.946,65.786,50.247,24.864,29.164,38.156,52.301,71.286,83.265,56.332,79.432,67.784,69.983,67.622,58.093,49.683,28.486,26.907,56.965,71.106,72.91,80.818,60.814,69.921,63.997,74.396,58.558,44.913,44.722,20.897,33.259,42.306,52.836,70.81,72.522,54.095,73.013,69.916,74.103,74.933,71.795,46.946,26.027,31.659,48.033,53.534,72.124,67.436,59.127,2.48,2.26,1.148,1.309,2.2,1.885,0.133,0.354,0.522,2.559,0.969,1.67,1.457,6.332,2.308,2.236,1.836,1.613,2.001,0.604,0.293,0.516,1.661,2.156,3.18,2.062,1.542,4.246,1.111,1.785,0.586,1.513,1.25,1.57,0.79,0.475,1.248,1.527,1.47,1.085,1.33,2.194,2.841,1.169,0.916,0.358,0.229,0.826,0.648,6.671,2.643,1.742
41.33,27.67,6.241,9.146,12.642,19.028,21.178,24.142,26.619,23.34,17.546,11.119,6.311,3.98,15.109,5.514,9.36,12.329,16.973,22.178,22.604,25.526,22.93,16.203,9.133,6.339,4.487,14.463,6.229,8.754,12.456,18.239,24.489,23.625,26.879,21.357,16.935,11.909,6.635,4.759,15.188,5.405,9.166,11.487,15.694,19.218,24.518,26.251,22.17,17.171,12.009,6.572,4.981,14.553,0.438,0.463,0.465,0.551,0.533,0.58,0.659,0.649,0.598,0.51,0.402,0.314,0.544,0.385,0.472,0.454,0.494,0.563,0.541,0.635,0.635,0.554,0.416,0.406,0.354,0.521,0.435,0.443,0.458,0.532,0.62,0.566,0.665,0.592,0.573,0.543,0.423,0.373,0.55,0.376,0.466,0.425,0.456,0.489,0.589,0.652,0.613,0.581,0.545,0.418,0.393,0.523,66.271,68.337,65.19,52.008,66.147,50.917,22.628,27.705,35.126,50.356,66.972,82.375,54.502,77.532,65.797,67.629,65.938,57.386,51.175,27.341,25.776,55.012,68.998,71.362,79.226,59.429,66.903,63.185,71.416,57.103,43.913,43.527,20.555,33.025,40.577,49.1,68.897,71.512,52.478,72.47,67.514,72.304,74.938,70.868,45.963,24.431,30.25,46.026,50.488,70.206,66.279,57.646,2.128,2.13,1.109,1.507,2.221,1.896,0.122,0.33,0.472,2.572,0.785,2.047,1.444,6.57,2.647,2.098,1.825,1.79,2.029,0.538,0.307,0.475,1.788,2.152,3.454,2.139,1.363,4.084,0.933,1.79,0.622,1.49,1.088,1.604,0.74,0.395,1.319,1.519,1.412,1.377,1.065,2.051,2.823,1.208,0.982,0.408,0.228,0.753,0.511,6.468,2.654,1.711
41.0,29.33,5.712,9.135,12.2,18.895,20.919,24.455,25.688,23.648,16.867,11.304,6.549,4.237,14.968,5.244,9.168,12.098,16.583,22.661,22.772,24.783,22.794,16.308,9.785,6.546,4.693,14.45,5.926,8.725,12.106,17.762,24.652,23.337,26.911,21.452,16.601,11.267,6.839,4.895,15.042,5.625,8.644,10.442,15.369,18.811,23.958,25.61,22.109,17.833,11.657,6.545,5.033,14.302,0.395,0.463,0.449,0.547,0.529,0.589,0.633,0.658,0.573,0.515,0.414,0.327,0.541,0.361,0.458,0.443,0.484,0.576,0.544,0.615,0.635,0.553,0.444,0.417,0.364,0.522,0.411,0.441,0.445,0.516,0.623,0.558,0.663,0.594,0.565,0.511,0.43,0.383,0.542,0.391,0.439,0.383,0.448,0.479,0.573,0.632,0.613,0.603,0.527,0.416,0.389,0.513,77.734,76.857,71.631,59.914,66.044,49.733,29.579,31.445,46.43,58.8,78.377,84.092,60.888,84.64,71.467,77.553,73.235,59.434,47.128,31.735,29.067,62.359,74.306,76.37,84.21,64.293,77.391,67.545,80.42,62.889,47.444,50.233,22.093,35.752,46.506,61.853,76.142,75.854,58.674,75.363,75.59,80.372,77.632,75.375,50.501,28.387,33.183,53.328,61.096,77.403,71.448,63.303,2.872,2.428,1.349,1.154,2.225,2.204,0.22,0.237,0.531,2.47,1.205,1.192,1.509,5.43,2.081,2.577,1.796,1.443,2.063,0.889,0.418,0.883,1.403,2.167,2.758,1.99,1.97,4.027,1.503,1.617,0.637,1.931,1.296,1.779,0.879,0.954,1.112,1.392,1.59,0.783,1.979,2.615,2.978,1.341,1.379,0.627,0.358,0.774,1.29,6.583,2.441,1.928
41.0,28.67,5.755,9.106,12.244,18.818,21.049,24.465,25.799,23.495,16.941,11.228,6.405,4.183,14.957,5.29,9.17,12.097,16.752,22.512,22.831,24.841,22.741,16.253,9.563,6.478,4.647,14.429,5.956,8.714,12.014,17.896,24.61,23.437,26.902,21.372,16.602,11.365,6.775,4.863,15.044,5.566,8.711,10.604,15.477,18.882,24.04,25.776,22.027,17.677,11.636,6.553,4.988,14.327,0.398,0.461,0.452,0.544,0.532,0.589,0.636,0.653,0.575,0.512,0.405,0.323,0.541,0.365,0.458,0.442,0.488,0.572,0.545,0.616,0.633,0.552,0.435,0.413,0.361,0.521,0.413,0.441,0.441,0.52,0.622,0.56,0.663,0.592,0.564,0.515,0.426,0.38,0.542,0.386,0.442,0.389,0.451,0.481,0.575,0.636,0.61,0.597,0.526,0.417,0.387,0.513,76.175,75.406,70.426,58.393,65.848,49.608,28.568,31.18,44.883,57.202,77.229,83.949,59.907,83.512,70.634,75.804,71.856,59.268,47.579,31.303,28.577,61.222,74.08,75.682,83.503,63.586,75.873,66.477,79.309,61.733,46.972,48.798,21.632,34.931,45.459,59.818,75.066,75.068,57.592,75.004,74.086,78.991,76.761,74.801,49.681,27.751,32.984,52.452,59.598,76.092,70.393,62.381,2.86,2.352,1.289,1.171,2.219,1.905,0.159,0.269,0.53,2.491,1.205,1.194,1.472,5.613,2.028,2.478,1.714,1.377,1.943,0.673,0.285,0.658,1.395,2.149,2.748,1.921,1.759,4.055,1.416,1.639,0.612,1.638,1.394,1.707,0.799,0.744,1.132,1.388,1.522,0.806,1.77,2.479,2.991,1.266,1.026,0.406,0.286,0.771,1.065,6.564,2.423,1.821
41.33,28.67,5.802,9.135,12.35,19.109,21.204,24.511,26.066,23.626,17.126,11.262,6.323,4.07,15.048,5.278,9.079,12.187,16.755,22.588,22.967,25.094,22.831,16.315,9.592,6.403,4.552,14.468,5.929,8.753,12.199,17.957,24.652,23.505,26.96,21.527,16.784,11.533,6.753,4.811,15.115,5.534,8.672,10.8,15.607,19.256,24.366,25.858,22.25,17.709,11.742,6.55,4.941,14.44,0.406,0.464,0.456,0.554,0.536,0.59,0.644,0.658,0.583,0.516,0.402,0.318,0.544,0.368,0.456,0.449,0.489,0.573,0.549,0.623,0.635,0.556,0.438,0.411,0.358,0.523,0.415,0.445,0.45,0.523,0.623,0.562,0.665,0.596,0.571,0.525,0.428,0.378,0.546,0.387,0.441,0.399,0.454,0.49,0.584,0.64,0.616,0.6,0.532,0.419,0.388,0.519,74.965,74.546,69.957,57.845,66.042,50.017,27.852,30.806,42.968,56.402,76.72,84.34,59.373,82.886,70.854,74.727,71.322,59.495,48.149,30.063,28.364,60.418,73.652,75.652,83.595,63.265,74.854,66.406,78.308,61.424,46.675,47.599,21.763,34.518,45.558,58.937,74.305,74.805,57.094,74.597,74.181,77.747,76.384,73.598,48.997,28.066,32.733,50.897,58.459,75.84,70.066,61.796,2.71,2.359,1.229,1.135,2.118,2.068,0.175,0.337,0.549,2.532,1.11,1.331,1.472,6.073,2.102,2.379,1.851,1.464,2.09,0.779,0.353,0.703,1.545,2.191,2.959,2.04,1.789,4.245,1.317,1.727,0.57,1.741,1.323,1.621,0.898,0.678,1.167,1.51,1.548,0.849,1.71,2.355,2.801,1.184,1.061,0.456,0.28,0.835,0.934,6.823,2.567,1.82
40.67,29.33,5.831,9.188,12.246,18.984,20.896,24.393,25.736,23.907,16.928,11.465,6.949,4.486,15.084,5.349,9.218,12.026,16.417,22.862,22.83,24.863,23.028,16.405,10.225,6.828,4.858,14.574,5.983,8.73,11.949,17.733,24.752,23.109,26.998,21.489,16.777,11.254,7.085,5.067,15.078,5.867,8.684,10.481,15.332,18.466,23.779,25.785,22.149,17.919,11.84,6.538,5.256,14.34,0.402,0.462,0.449,0.549,0.528,0.587,0.635,0.665,0.573,0.519,0.436,0.343,0.543,0.366,0.459,0.44,0.477,0.581,0.546,0.617,0.64,0.554,0.462,0.431,0.374,0.525,0.412,0.439,0.439,0.515,0.626,0.554,0.666,0.594,0.569,0.508,0.443,0.392,0.542,0.405,0.439,0.385,0.445,0.469,0.57,0.637,0.613,0.604,0.533,0.412,0.404,0.514,75.574,75.047,70.171,58.534,64.84,49.302,29.527,28.727,44.494,56.361,71.632,80.598,58.735,82.969,69.592,75.775,72.45,57.085,46.777,31.112,27.278,59.214,68.887,72.183,81.614,62.078,75.987,67.398,79.645,61.109,45.575,50.804,21.634,35.783,43.38,58.676,72.41,73.68,57.172,72.117,74.362,79.024,77.574,75.301,50.407,26.893,33.068,49.781,57.405,75.744,69.9,61.796,2.789,2.518,1.381,1.163,2.203,2.519,0.238,0.205,0.515,2.342,1.073,1.175,1.512,5.453,2.137,2.701,1.908,1.475,2.149,0.971,0.448,0.962,1.396,2.131,2.779,2.042,2.036,3.982,1.459,1.547,0.648,2.122,1.141,1.775,0.847,0.993,1.056,1.369,1.58,0.85,1.992,2.718,2.949,1.48,1.601,0.716,0.347,0.792,1.312,6.618,2.44,1.984
40.67,30.0,5.792,9.174,12.171,19.176,20.394,24.168,25.51,24.296,16.904,11.657,7.357,4.617,15.103,5.311,9.195,12.095,15.746,23.185,22.736,24.741,23.064,16.422,10.74,7.053,4.938,14.6,5.892,8.759,12.295,17.22,24.742,22.537,26.95,21.617,16.713,10.988,7.255,5.098,15.005,6.149,8.526,10.161,14.985,18.25,23.439,25.432,22.402,18.158,11.937,6.45,5.395,14.273,0.401,0.463,0.443,0.555,0.516,0.582,0.629,0.678,0.572,0.526,0.463,0.355,0.541,0.363,0.458,0.446,0.459,0.589,0.544,0.614,0.641,0.554,0.484,0.445,0.38,0.525,0.406,0.44,0.455,0.499,0.628,0.542,0.665,0.598,0.568,0.497,0.455,0.393,0.54,0.425,0.432,0.374,0.433,0.462,0.564,0.628,0.62,0.613,0.537,0.403,0.416,0.514,78.008,76.65,71.359,59.903,64.895,50.522,31.619,28.347,46.036,57.803,70.445,80.12,59.643,84.06,70.347,77.728,74.586,55.698,46.706,32.241,29.004,60.543,67.383,71.871,81.986,62.679,78.245,69.897,80.879,63.613,45.473,55.373,23.197,38.826,44.295,61.204,72.868,74.618,59.042,70.961,77.178,81.105,79.279,76.267,52.315,28.204,33.16,49.72,58.658,77.638,71.63,63.008,2.771,2.857,1.504,1.152,2.325,3.695,0.515,0.087,0.516,2.323,0.983,1.245,1.666,4.55,2.295,2.995,2.268,1.871,2.685,1.661,0.951,1.797,1.379,2.217,2.894,2.295,2.951,3.856,1.703,1.539,0.779,3.348,0.722,1.973,1.145,1.716,1.028,1.474,1.852,0.78,2.506,3.207,2.884,1.802,3.006,1.583,0.568,0.904,1.882,6.564,2.65,2.362
41.0,30.33,5.657,9.182,12.065,19.206,20.334,24.27,25.494,24.214,16.878,11.57,7.144,4.428,15.039,5.194,9.068,12.173,15.704,23.205,22.871,24.769,22.947,16.444,10.567,6.9,4.816,14.552,5.845,8.761,12.568,17.045,24.767,22.676,26.932,21.721,16.563,10.921,7.087,4.968,14.987,6.031,8.435,10.032,14.972,18.547,23.639,25.251,22.384,18.162,11.847,6.411,5.246,14.246,0.394,0.466,0.439,0.556,0.515,0.583,0.629,0.676,0.572,0.524,0.453,0.344,0.539,0.356,0.453,0.45,0.459,0.589,0.547,0.614,0.639,0.556,0.477,0.438,0.374,0.524,0.405,0.441,0.466,0.495,0.629,0.545,0.664,0.602,0.565,0.497,0.448,0.385,0.541,0.419,0.429,0.37,0.433,0.469,0.57,0.623,0.62,0.615,0.535,0.402,0.408,0.514,79.572,77.37,72.42,60.808,65.469,50.652,32.041,30.219,47.34,59.963,74.726,82.416,61.084,85.107,71.648,78.668,74.917,56.969,46.442,32.737,31.057,62.762,70.497,74.377,83.411,64.049,79.335,70.294,81.448,65.28,46.582,55.312,23.849,39.02,46.66,63.589,75.389,76.105,60.241,72.676,78.431,82.181,79.494,75.947,52.233,29.818,34.021,51.747,61.245,79.096,73.333,64.184,2.893,3.035,1.574,1.174,2.427,3.853,0.644,0.062,0.556,2.469,1.079,1.367,1.762,4.555,2.49,3.129,2.412,2.069,2.843,1.888,1.14,2.057,1.486,2.303,3.143,2.458,3.381,4.039,1.861,1.666,0.821,3.695,0.676,2.055,1.348,1.959,1.114,1.616,2.019,0.807,2.762,3.356,3.009,1.793,3.437,1.905,0.66,0.878,2.118,6.902,2.867,2.542
41.0,29.67,5.658,9.198,12.061,19.106,20.444,24.264,25.472,24.045,16.793,11.499,6.979,4.355,14.992,5.185,9.09,12.143,15.916,23.099,22.755,24.723,22.957,16.397,10.388,6.785,4.788,14.516,5.875,8.755,12.463,17.198,24.747,22.895,26.893,21.649,16.566,10.975,7.012,4.945,14.997,5.911,8.481,10.087,15.064,18.609,23.708,25.21,22.254,18.049,11.788,6.452,5.18,14.231,0.394,0.467,0.44,0.554,0.518,0.584,0.628,0.671,0.569,0.522,0.442,0.337,0.537,0.356,0.454,0.448,0.465,0.587,0.544,0.613,0.639,0.554,0.469,0.432,0.371,0.523,0.408,0.441,0.462,0.5,0.629,0.55,0.663,0.6,0.565,0.499,0.443,0.384,0.541,0.411,0.432,0.371,0.436,0.472,0.571,0.622,0.616,0.611,0.533,0.406,0.402,0.513,79.138,77.435,72.363,61.139,65.637,50.315,31.278,30.635,47.362,59.993,76.152,82.828,61.191,84.983,71.627,78.855,74.459,57.55,46.288,32.126,30.102,62.805,71.652,75.354,83.561,64.114,78.751,69.44,81.4,64.671,46.778,53.437,23.085,37.963,46.444,63.226,75.815,76.213,59.77,73.557,77.58,81.788,79.041,75.771,51.613,29.377,33.566,52.686,61.37,78.655,72.965,63.995,2.922,2.866,1.555,1.188,2.418,3.546,0.53,0.099,0.524,2.422,1.087,1.35,1.711,4.744,2.425,3.015,2.26,1.96,2.623,1.78,1.027,1.822,1.45,2.246,2.996,2.36,2.995,4.074,1.773,1.651,0.778,3.235,0.786,2.014,1.208,1.784,1.066,1.535,1.908,0.794,2.665,3.203,2.996,1.687,3.041,1.619,0.626,0.883,2.042,6.816,2.737,2.426
40.67,30.33,5.846,9.139,12.265,19.29,20.395,24.175,25.616,24.456,17.058,11.737,7.527,4.726,15.187,5.355,9.239,12.128,15.646,23.23,22.823,24.809,23.056,16.45,10.883,7.179,4.973,14.646,5.871,8.769,12.314,17.22,24.73,22.319,27.009,21.646,16.776,11.023,7.361,5.14,15.015,6.273,8.524,10.227,14.946,18.199,23.378,25.616,22.597,18.268,12.015,6.432,5.475,14.329,0.404,0.46,0.447,0.558,0.516,0.582,0.632,0.682,0.577,0.529,0.474,0.364,0.544,0.366,0.46,0.446,0.455,0.589,0.547,0.615,0.641,0.556,0.491,0.452,0.383,0.527,0.403,0.44,0.455,0.499,0.627,0.537,0.667,0.599,0.57,0.498,0.461,0.396,0.541,0.432,0.431,0.377,0.432,0.46,0.562,0.633,0.624,0.616,0.54,0.402,0.422,0.516,77.966,76.509,71.081,59.075,64.681,50.909,31.968,27.575,45.444,56.97,68.283,79.351,59.151,83.992,70.109,77.176,74.961,55.151,47.241,32.697,29.415,59.978,65.876,70.439,81.749,62.399,78.537,70.55,80.609,63.652,45.229,57.091,23.784,39.646,44.092,60.933,71.8,74.172,59.175,69.887,77.643,81.063,79.483,76.451,52.919,28.214,33.092,48.183,57.931,77.674,71.358,62.824,2.667,2.898,1.453,1.111,2.25,3.732,0.546,0.08,0.539,2.347,0.959,1.196,1.649,4.452,2.22,2.964,2.301,1.826,2.804,1.54,0.91,1.812,1.374,2.245,2.939,2.282,3.066,3.737,1.701,1.511,0.785,3.538,0.717,1.932,1.188,1.676,1.07,1.509,1.868,0.772,2.395,3.205,2.828,1.851,3.017,1.62,0.527,0.886,1.737,6.49,2.674,2.334
40.67,29.67,5.817,9.175,12.218,19.162,20.541,24.234,25.575,24.241,16.924,11.635,7.311,4.631,15.123,5.33,9.219,12.066,15.915,23.122,22.742,24.771,23.074,16.428,10.653,7.035,4.944,14.607,5.909,8.755,12.158,17.387,24.755,22.638,26.985,21.579,16.76,11.068,7.252,5.119,15.03,6.111,8.557,10.266,15.065,18.255,23.501,25.572,22.387,18.13,11.935,6.481,5.389,14.303,0.402,0.462,0.446,0.554,0.52,0.584,0.631,0.675,0.573,0.525,0.459,0.355,0.542,0.364,0.459,0.444,0.463,0.587,0.545,0.614,0.641,0.555,0.48,0.444,0.38,0.526,0.407,0.44,0.449,0.504,0.628,0.544,0.666,0.597,0.569,0.5,0.454,0.395,0.541,0.422,0.433,0.378,0.436,0.462,0.565,0.631,0.619,0.612,0.537,0.406,0.415,0.514,77.198,76.221,70.923,59.374,64.692,50.108,31.077,27.992,45.466,57.052,69.91,79.726,59.146,83.693,70.024,77.159,74.148,55.816,46.655,31.858,28.207,59.797,67.152,71.394,81.672,62.298,77.689,69.294,80.53,62.734,45.236,54.385,22.652,38.047,43.77,60.271,72.296,74.035,58.412,70.816,76.469,80.443,78.828,76.106,51.854,27.525,32.833,49.168,57.934,76.992,70.9,62.487,2.749,2.747,1.458,1.141,2.252,3.355,0.424,0.121,0.513,2.326,0.994,1.19,1.607,4.804,2.21,2.893,2.148,1.714,2.533,1.424,0.778,1.53,1.363,2.187,2.839,2.201,2.66,3.846,1.618,1.514,0.737,2.995,0.848,1.911,1.049,1.476,1.027,1.431,1.758,0.786,2.334,3.051,2.872,1.711,2.552,1.298,0.488,0.868,1.68,6.551,2.564,2.23
40.67,31.0,5.929,9.022,12.519,19.626,20.297,24.262,25.915,24.872,17.534,11.959,7.909,4.964,15.402,5.452,9.33,12.322,15.272,23.337,23.185,24.968,22.864,16.477,11.212,7.535,5.035,14.746,5.77,8.805,12.548,17.079,24.554,21.704,27.171,21.828,16.787,11.016,7.583,5.187,15.005,6.624,8.39,10.327,14.795,18.244,23.26,26.1,23.221,18.636,12.17,6.335,5.644,14.482,0.408,0.452,0.456,0.566,0.513,0.582,0.642,0.693,0.594,0.539,0.501,0.386,0.553,0.374,0.466,0.453,0.443,0.59,0.557,0.617,0.635,0.56,0.508,0.474,0.389,0.531,0.394,0.441,0.463,0.495,0.623,0.523,0.671,0.605,0.57,0.497,0.475,0.399,0.541,0.456,0.424,0.382,0.43,0.46,0.558,0.645,0.64,0.628,0.547,0.395,0.437,0.521,78.181,76.246,70.212,56.046,64.0,51.715,32.875,25.795,43.775,54.841,63.313,77.674,57.888,84.108,69.282,75.595,76.179,53.924,48.598,34.511,32.329,58.939,62.107,66.457,80.878,61.91,80.013,72.562,79.795,65.0,45.519,62.637,25.834,41.676,44.753,61.137,69.202,72.877,60.084,66.761,79.572,81.54,80.254,76.626,54.314,28.658,32.712,43.967,57.094,78.344,71.347,62.602,2.49,3.256,1.374,1.009,2.16,3.878,0.784,0.028,0.676,2.564,1.033,1.144,1.699,4.103,2.189,3.069,2.534,1.872,3.316,1.317,0.939,2.089,1.477,2.419,3.336,2.389,3.901,3.541,1.899,1.549,0.853,4.525,0.691,1.899,1.52,1.797,1.313,1.75,2.101,0.782,2.289,3.386,2.863,2.039,3.472,2.059,0.48,0.759,1.507,6.573,2.969,2.433
41.0,31.33,5.735,8.974,12.398,19.668,20.233,24.471,25.869,24.815,17.504,11.865,7.686,4.827,15.338,5.361,9.119,12.321,15.204,23.302,23.457,25.011,22.641,16.525,10.981,7.422,4.948,14.688,5.692,8.74,12.604,16.902,24.597,21.798,27.202,21.929,16.576,10.912,7.412,5.095,14.958,6.488,8.233,10.214,14.756,18.392,23.441,26.083,23.183,18.674,12.075,6.282,5.524,14.449,0.396,0.452,0.452,0.567,0.512,0.586,0.642,0.692,0.594,0.537,0.49,0.379,0.553,0.371,0.458,0.454,0.442,0.589,0.563,0.618,0.63,0.563,0.5,0.469,0.385,0.529,0.391,0.439,0.466,0.489,0.624,0.526,0.671,0.608,0.563,0.494,0.467,0.394,0.54,0.45,0.418,0.379,0.43,0.464,0.561,0.644,0.64,0.631,0.544,0.394,0.432,0.522,78.765,76.078,70.379,55.518,63.933,51.104,33.354,26.501,44.38,55.785,65.491,78.779,58.337,84.507,70.175,75.271,75.994,54.72,47.816,34.936,34.172,59.613,63.826,67.126,81.301,62.456,80.847,72.373,79.947,66.01,45.769,62.432,26.139,41.241,46.74,62.341,70.612,72.923,60.615,67.531,80.55,82.037,80.274,76.149,53.56,29.389,33.745,44.21,58.429,79.006,72.355,63.106,2.652,3.517,1.435,1.022,2.211,3.9,0.946,0.021,0.777,2.836,1.211,1.245,1.814,4.403,2.441,3.29,2.727,2.035,3.475,1.383,1.031,2.262,1.67,2.563,3.768,2.588,4.443,3.795,2.085,1.719,0.885,4.866,0.709,2.013,1.807,1.952,1.475,1.936,2.305,0.86,2.505,3.527,3.065,1.978,3.682,2.354,0.515,0.669,1.611,7.226,3.282,2.608
41.0,30.67,5.71,9.04,12.256,19.532,20.271,24.507,25.792,24.674,17.354,11.766,7.547,4.704,15.264,5.305,9.06,12.269,15.325,23.309,23.422,25.015,22.737,16.572,10.892,7.262,4.894,14.669,5.733,8.774,12.667,16.884,24.736,22.043,27.161,21.896,16.581,10.921,7.316,5.058,14.983,6.356,8.311,10.115,14.82,18.427,23.523,25.869,22.945,18.557,12.015,6.313,5.443,14.395,0.395,0.455,0.447,0.563,0.513,0.587,0.639,0.688,0.589,0.532,0.48,0.369,0.55,0.367,0.455,0.452,0.445,0.59,0.562,0.618,0.633,0.565,0.496,0.459,0.381,0.529,0.394,0.441,0.469,0.489,0.628,0.532,0.67,0.608,0.564,0.495,0.461,0.391,0.541,0.441,0.422,0.375,0.431,0.464,0.563,0.639,0.633,0.627,0.542,0.396,0.426,0.52,79.927,76.567,71.727,57.627,64.711,51.272,33.857,28.38,46.097,57.999,69.333,80.905,59.865,85.3,71.261,76.48,76.117,55.767,47.633,35.016,34.221,61.502,66.703,69.96,82.839,63.568,80.951,72.333,80.749,66.346,46.245,61.174,26.193,41.498,47.557,63.768,73.053,74.6,61.206,69.603,80.598,82.632,80.271,76.378,53.895,30.37,35.142,47.116,60.098,79.853,73.314,64.109,2.707,3.418,1.469,1.054,2.262,3.943,0.885,0.027,0.729,2.753,1.178,1.273,1.808,4.424,2.46,3.26,2.675,2.058,3.349,1.521,1.068,2.246,1.632,2.505,3.634,2.57,4.229,3.845,2.04,1.708,0.876,4.625,0.689,2.033,1.714,1.975,1.393,1.866,2.248,0.848,2.579,3.5,3.055,1.94,3.659,2.289,0.555,0.721,1.745,7.162,3.191,2.606
40.67,31.33,6.007,9.006,12.706,19.742,20.322,24.15,26.01,24.969,17.659,12.068,8.051,5.08,15.482,5.51,9.463,12.397,15.244,23.333,23.061,24.928,22.865,16.394,11.312,7.672,5.093,14.77,5.763,8.804,12.508,17.205,24.377,21.554,27.177,21.833,16.854,11.055,7.687,5.225,15.005,6.762,8.357,10.475,14.78,18.264,23.187,26.245,23.45,18.702,12.233,6.343,5.719,14.545,0.412,0.452,0.463,0.57,0.514,0.58,0.645,0.695,0.599,0.545,0.509,0.394,0.556,0.377,0.472,0.456,0.442,0.589,0.554,0.617,0.634,0.557,0.511,0.482,0.393,0.531,0.393,0.441,0.462,0.498,0.618,0.519,0.671,0.604,0.571,0.498,0.482,0.402,0.54,0.465,0.422,0.387,0.43,0.462,0.556,0.648,0.647,0.63,0.549,0.396,0.442,0.523,76.698,75.964,68.797,54.491,63.282,51.601,31.651,23.872,41.744,52.547,59.66,75.429,56.31,83.144,67.959,74.864,75.958,52.865,48.848,33.791,31.242,56.954,59.239,64.142,79.243,60.689,79.463,72.476,78.903,64.323,45.144,62.933,25.211,40.953,43.239,59.276,66.619,71.385,59.161,64.805,79.001,80.651,80.138,76.338,53.801,27.214,30.35,41.407,55.242,77.212,70.118,61.359,2.405,3.221,1.333,0.991,2.112,3.79,0.762,0.028,0.664,2.54,0.996,1.102,1.662,4.013,2.096,3.001,2.482,1.792,3.328,1.206,0.89,2.02,1.427,2.405,3.287,2.329,3.842,3.443,1.859,1.506,0.84,4.541,0.709,1.838,1.485,1.715,1.311,1.741,2.067,0.76,2.181,3.334,2.798,2.066,3.408,1.972,0.446,0.748,1.391,6.412,2.933,2.372
40.67,30.67,5.933,9.056,12.488,19.552,20.313,24.191,25.839,24.795,17.421,11.924,7.869,4.938,15.362,5.438,9.338,12.28,15.346,23.32,23.037,24.905,22.944,16.458,11.179,7.47,5.039,14.727,5.8,8.8,12.489,17.139,24.582,21.819,27.117,21.77,16.816,11.027,7.555,5.188,15.01,6.573,8.435,10.319,14.826,18.2,23.251,25.972,23.097,18.542,12.151,6.368,5.624,14.449,0.408,0.454,0.455,0.564,0.514,0.581,0.64,0.691,0.59,0.537,0.497,0.383,0.551,0.372,0.466,0.452,0.446,0.59,0.553,0.616,0.637,0.559,0.505,0.469,0.388,0.53,0.397,0.441,0.461,0.496,0.623,0.526,0.67,0.603,0.571,0.497,0.473,0.399,0.541,0.452,0.426,0.381,0.43,0.459,0.558,0.642,0.637,0.625,0.546,0.397,0.435,0.52,78.101,76.448,70.321,56.94,64.12,51.64,32.49,25.882,43.968,55.2,63.997,77.797,58.074,84.008,69.428,76.176,75.971,53.963,48.373,33.9,31.175,58.973,62.59,67.344,80.988,61.908,79.619,72.285,79.982,64.567,45.284,61.376,25.163,41.236,44.178,60.845,69.572,73.236,59.779,67.348,79.069,81.382,80.144,76.7,54.039,28.27,32.314,44.797,57.005,78.07,71.242,62.533,2.501,3.121,1.382,1.036,2.168,3.89,0.701,0.037,0.615,2.47,0.972,1.136,1.669,4.084,2.149,3.005,2.448,1.835,3.171,1.378,0.932,2.009,1.4,2.351,3.156,2.327,3.618,3.528,1.811,1.502,0.831,4.253,0.673,1.893,1.394,1.752,1.217,1.657,2.009,0.758,2.293,3.321,2.803,2.009,3.354,1.91,0.491,0.815,1.557,6.426,2.847,2.383
41.33,32.0,5.711,8.795,12.982,20.143,20.274,24.138,26.004,24.97,17.732,12.077,7.839,5.1,15.48,5.493,9.278,12.472,15.008,23.172,23.079,24.738,22.264,16.206,10.951,7.689,5.127,14.622,5.564,8.513,12.314,17.256,24.036,21.445,27.186,22.068,16.462,10.867,7.509,5.092,14.863,6.761,7.862,10.61,14.757,18.535,23.472,26.539,23.906,18.763,12.168,6.264,5.577,14.601,0.397,0.448,0.477,0.584,0.512,0.579,0.646,0.697,0.604,0.551,0.502,0.402,0.557,0.379,0.467,0.462,0.437,0.584,0.556,0.614,0.616,0.55,0.497,0.491,0.4,0.525,0.386,0.43,0.457,0.501,0.608,0.515,0.672,0.61,0.557,0.493,0.479,0.4,0.537,0.474,0.402,0.393,0.432,0.471,0.564,0.654,0.663,0.635,0.551,0.398,0.435,0.526,74.973,75.839,65.228,50.438,61.58,50.259,28.852,19.419,37.604,49.393,56.106,72.48,53.514,81.665,68.096,73.773,75.247,51.836,48.235,32.313,31.298,53.598,56.456,61.226,75.988,59.145,80.175,72.899,78.059,64.584,44.337,62.304,23.366,37.036,43.774,57.504,64.034,69.451,58.129,62.639,80.1,79.981,80.005,75.252,50.071,24.398,24.516,36.183,53.613,75.791,70.237,59.401,2.505,3.449,1.311,1.078,2.033,3.652,0.886,0.035,0.717,2.81,1.166,1.129,1.732,4.07,2.256,3.129,2.526,1.845,3.359,1.062,1.075,2.079,1.505,2.541,3.658,2.425,4.343,3.545,2.031,1.665,0.873,5.065,0.77,1.791,1.9,1.628,1.441,2.007,2.255,0.8,2.296,3.361,2.915,2.019,3.446,2.007,0.397,0.596,1.273,6.831,3.297,2.436
40.67,32.0,6.069,8.846,13.188,20.061,20.321,23.832,26.166,25.161,17.918,12.378,8.28,5.358,15.632,5.743,9.683,12.516,15.028,23.262,22.666,24.793,22.545,16.09,11.437,8.038,5.267,14.755,5.696,8.693,12.268,17.404,23.741,21.148,27.159,21.969,16.793,10.984,7.897,5.285,14.922,7.089,8.124,10.784,14.7,18.323,22.994,26.663,24.047,18.903,12.311,6.347,5.861,14.679,0.416,0.447,0.482,0.58,0.513,0.572,0.65,0.7,0.608,0.561,0.524,0.416,0.56,0.391,0.483,0.461,0.437,0.586,0.546,0.614,0.623,0.545,0.514,0.508,0.405,0.528,0.39,0.434,0.453,0.504,0.6,0.509,0.672,0.606,0.566,0.494,0.497,0.41,0.537,0.489,0.411,0.397,0.429,0.465,0.553,0.657,0.665,0.637,0.553,0.398,0.451,0.526,72.384,74.991,64.165,49.034,61.284,51.365,28.5,18.706,36.044,46.262,49.704,69.333,51.813,80.1,64.54,72.408,75.391,50.153,49.567,32.309,29.899,51.564,51.604,57.325,73.805,57.39,78.212,72.121,76.738,63.195,44.745,63.848,24.229,38.223,40.626,54.831,59.787,67.122,56.975,59.472,78.124,78.469,80.124,75.428,52.031,23.577,23.966,33.908,51.192,74.239,67.653,58.184,2.214,3.235,1.243,0.99,2.039,3.564,0.813,0.022,0.694,2.441,0.997,1.037,1.609,3.681,1.966,2.962,2.374,1.704,3.353,0.99,0.945,2.032,1.371,2.402,3.309,2.256,3.954,3.21,1.931,1.51,0.854,4.863,0.77,1.663,1.641,1.625,1.318,1.815,2.095,0.725,1.98,3.301,2.732,2.203,3.455,1.92,0.375,0.657,1.171,6.028,2.951,2.29
41.0,32.33,5.822,8.734,13.067,20.103,20.13,23.768,25.952,25.068,17.744,12.287,8.031,5.281,15.499,5.697,9.483,12.407,14.848,23.12,22.64,24.635,22.21,15.971,11.129,7.967,5.241,14.612,5.59,8.48,12.048,17.207,23.706,21.065,27.099,21.968,16.466,10.773,7.743,5.206,14.782,6.951,7.921,10.693,14.534,18.238,23.033,26.599,23.939,18.85,12.192,6.266,5.761,14.581,0.402,0.444,0.479,0.582,0.508,0.57,0.646,0.699,0.603,0.56,0.512,0.413,0.556,0.39,0.475,0.459,0.433,0.582,0.545,0.611,0.614,0.541,0.502,0.506,0.405,0.524,0.385,0.425,0.447,0.498,0.6,0.506,0.67,0.606,0.555,0.486,0.491,0.407,0.533,0.484,0.403,0.395,0.425,0.464,0.554,0.654,0.664,0.637,0.55,0.396,0.446,0.523,72.35,74.838,63.584,47.791,61.148,51.165,28.828,18.401,36.357,46.373,50.277,68.982,51.674,79.864,65.332,72.112,74.971,50.414,49.081,32.565,30.895,51.614,52.596,56.963,73.151,57.464,78.768,71.516,77.135,63.66,44.322,63.63,24.352,37.608,42.222,55.338,60.2,66.676,57.121,59.614,78.845,78.686,80.333,75.322,50.806,23.719,23.938,33.548,51.529,74.158,68.197,58.227,2.327,3.364,1.274,1.037,2.064,3.659,0.919,0.026,0.751,2.581,1.115,1.095,1.687,3.84,2.149,3.101,2.481,1.838,3.398,1.055,1.086,2.181,1.49,2.487,3.561,2.387,4.26,3.358,2.065,1.668,0.884,5.065,0.792,1.729,1.908,1.725,1.387,1.936,2.231,0.777,2.127,3.4,2.868,2.176,3.585,2.093,0.396,0.598,1.256,6.411,3.158,2.402
41.0,31.67,5.778,8.779,12.887,20.007,20.095,23.987,25.91,25.041,17.708,12.183,7.976,5.168,15.46,5.557,9.386,12.43,14.92,23.184,22.959,24.729,22.334,16.146,11.116,7.847,5.152,14.645,5.595,8.537,12.175,17.107,23.934,21.213,27.143,21.932,16.508,10.818,7.659,5.185,14.821,6.827,7.978,10.573,14.569,18.271,23.112,26.472,23.772,18.842,12.181,6.242,5.721,14.547,0.399,0.445,0.472,0.579,0.508,0.575,0.644,0.698,0.602,0.554,0.509,0.404,0.555,0.381,0.47,0.46,0.435,0.584,0.553,0.613,0.618,0.548,0.503,0.498,0.399,0.525,0.385,0.429,0.451,0.495,0.606,0.51,0.671,0.605,0.558,0.489,0.485,0.405,0.535,0.476,0.406,0.39,0.426,0.464,0.556,0.652,0.659,0.637,0.55,0.394,0.444,0.523,73.154,74.774,64.67,48.877,61.156,50.258,29.439,19.459,37.631,47.507,52.388,70.2,52.459,80.501,65.73,72.081,74.603,50.849,47.864,32.5,31.044,52.188,53.902,58.182,74.461,57.826,78.989,71.027,77.161,63.701,43.986,63.067,24.015,37.909,42.282,55.779,61.55,66.886,57.199,60.796,78.681,78.995,79.913,74.951,50.711,24.397,25.956,34.99,51.966,74.487,68.302,58.681,2.512,3.548,1.355,1.001,2.131,3.724,0.995,0.02,0.809,2.813,1.215,1.178,1.777,4.201,2.325,3.271,2.669,1.937,3.545,1.145,1.019,2.237,1.638,2.6,3.833,2.534,4.568,3.61,2.128,1.717,0.891,5.138,0.761,1.889,1.925,1.854,1.51,1.997,2.332,0.845,2.324,3.507,2.997,2.071,3.646,2.292,0.441,0.6,1.375,6.999,3.327,2.534
41.33,32.33,5.752,8.793,13.09,20.202,20.384,24.048,26.066,24.942,17.743,12.105,7.821,5.14,15.507,5.581,9.309,12.44,15.009,23.146,22.917,24.706,22.193,16.133,10.94,7.702,5.177,14.604,5.574,8.499,12.318,17.359,23.963,21.468,27.177,22.137,16.438,10.858,7.526,5.082,14.869,6.816,7.836,10.66,14.826,18.57,23.536,26.625,24.001,18.716,12.17,6.293,5.555,14.634,0.401,0.448,0.482,0.586,0.515,0.577,0.647,0.697,0.605,0.552,0.502,0.405,0.559,0.385,0.469,0.46,0.436,0.583,0.552,0.613,0.615,0.548,0.496,0.492,0.404,0.525,0.388,0.429,0.457,0.504,0.606,0.516,0.672,0.613,0.556,0.492,0.48,0.4,0.537,0.477,0.4,0.395,0.433,0.472,0.565,0.656,0.665,0.633,0.551,0.4,0.434,0.527,75.803,76.448,65.488,51.109,62.235,51.287,28.907,19.625,37.655,50.175,57.342,73.449,54.126,82.123,69.071,74.842,76.113,52.344,49.579,32.852,31.833,54.802,57.481,62.381,76.371,59.984,80.626,74.208,78.801,65.244,45.201,62.799,23.994,37.205,44.779,58.759,64.997,71.075,58.975,63.167,80.934,80.595,80.491,75.971,50.623,24.73,23.764,36.873,54.685,76.666,71.382,59.993,2.369,3.264,1.24,1.13,1.977,3.608,0.78,0.048,0.638,2.542,1.056,1.046,1.643,3.682,2.082,2.943,2.324,1.755,3.164,1.003,1.176,2.013,1.338,2.411,3.327,2.267,3.981,3.297,1.967,1.603,0.877,4.979,0.797,1.617,1.86,1.472,1.294,1.946,2.14,0.726,2.142,3.24,2.781,2.104,3.353,1.767,0.357,0.611,1.183,6.195,3.104,2.297
41.33,31.67,5.704,8.858,12.902,20.103,20.369,24.315,26.057,24.93,17.73,11.986,7.783,5.007,15.479,5.415,9.215,12.488,15.128,23.225,23.246,24.85,22.373,16.343,10.901,7.561,5.06,14.649,5.59,8.582,12.487,17.265,24.232,21.636,27.224,22.092,16.522,10.944,7.432,5.059,14.925,6.68,7.926,10.56,14.848,18.659,23.632,26.469,23.822,18.735,12.158,6.289,5.511,14.608,0.397,0.45,0.474,0.582,0.515,0.583,0.647,0.696,0.604,0.547,0.499,0.395,0.558,0.375,0.465,0.462,0.44,0.586,0.56,0.616,0.62,0.556,0.495,0.482,0.396,0.527,0.388,0.434,0.463,0.501,0.613,0.521,0.673,0.612,0.56,0.497,0.473,0.397,0.539,0.468,0.405,0.391,0.434,0.474,0.568,0.653,0.66,0.634,0.551,0.4,0.431,0.527,76.514,76.321,66.649,52.313,62.195,50.348,29.498,21.025,38.998,51.615,59.575,74.799,54.987,82.766,69.429,74.726,75.588,52.874,48.134,32.673,31.883,55.404,59.083,63.793,77.949,60.359,80.727,73.528,78.619,65.12,44.678,61.868,23.573,37.631,44.815,59.096,66.436,71.138,58.937,64.459,80.67,80.68,79.982,75.427,50.621,25.473,25.958,38.351,55.261,76.95,71.288,60.429,2.537,3.437,1.323,1.087,2.018,3.661,0.855,0.035,0.691,2.873,1.157,1.137,1.735,4.131,2.272,3.107,2.525,1.836,3.331,1.078,1.043,2.025,1.491,2.535,3.639,2.418,4.301,3.594,1.982,1.638,0.859,4.978,0.747,1.82,1.839,1.601,1.443,1.996,2.233,0.799,2.329,3.338,2.914,1.972,3.407,1.964,0.402,0.612,1.291,6.924,3.3,2.437
40.67,32.33,6.161,8.851,13.355,20.116,20.485,23.754,26.295,25.171,17.991,12.455,8.346,5.429,15.702,5.873,9.769,12.512,15.072,23.271,22.446,24.828,22.536,16.035,11.496,8.088,5.329,14.771,5.736,8.731,12.294,17.555,23.629,21.171,27.153,22.056,16.853,11.026,7.966,5.302,14.957,7.193,8.15,10.881,14.792,18.402,23.02,26.776,24.188,18.907,12.336,6.419,5.874,14.745,0.423,0.447,0.489,0.582,0.517,0.57,0.653,0.701,0.61,0.564,0.528,0.421,0.563,0.4,0.487,0.46,0.438,0.586,0.54,0.615,0.623,0.543,0.516,0.51,0.41,0.53,0.392,0.436,0.453,0.508,0.597,0.509,0.671,0.609,0.568,0.496,0.501,0.41,0.537,0.495,0.412,0.4,0.431,0.467,0.552,0.66,0.669,0.636,0.553,0.402,0.451,0.528,72.653,75.442,64.084,49.486,61.775,52.477,28.254,18.897,35.59,46.699,49.889,69.965,52.1,80.24,64.938,73.173,76.206,50.385,50.964,32.631,30.135,52.269,51.86,58.045,73.907,57.898,78.256,73.32,77.124,63.513,45.624,64.182,24.839,38.362,41.107,55.517,60.093,68.373,57.527,59.621,78.64,78.666,80.541,75.983,52.901,23.671,22.942,34.036,52.089,74.823,68.406,58.529,2.002,2.99,1.153,1.031,1.956,3.469,0.69,0.028,0.602,2.169,0.86,0.942,1.493,3.269,1.743,2.739,2.132,1.564,3.143,0.901,0.983,1.92,1.171,2.249,2.936,2.061,3.517,2.924,1.813,1.407,0.836,4.685,0.783,1.481,1.533,1.451,1.155,1.713,1.941,0.636,1.755,3.147,2.56,2.299,3.34,1.64,0.326,0.677,1.042,5.327,2.71,2.121
40.67,31.67,6.101,8.9,13.11,20.0,20.371,23.927,26.188,25.137,17.907,12.315,8.271,5.308,15.629,5.696,9.665,12.514,15.108,23.308,22.784,24.861,22.668,16.191,11.461,7.962,5.231,14.786,5.728,8.756,12.391,17.399,23.911,21.253,27.185,21.955,16.862,11.043,7.872,5.278,14.971,7.044,8.208,10.731,14.765,18.347,23.064,26.6,23.954,18.863,12.32,6.357,5.837,14.675,0.418,0.448,0.479,0.578,0.514,0.575,0.65,0.7,0.607,0.557,0.523,0.412,0.56,0.388,0.482,0.46,0.439,0.587,0.548,0.615,0.627,0.549,0.516,0.502,0.403,0.53,0.391,0.438,0.457,0.504,0.605,0.511,0.672,0.606,0.57,0.497,0.495,0.408,0.538,0.485,0.415,0.395,0.43,0.465,0.554,0.656,0.662,0.635,0.553,0.398,0.449,0.526,73.779,75.419,65.537,50.721,61.913,51.607,29.293,20.072,37.443,48.012,52.382,71.173,53.111,81.09,65.521,73.253,75.788,50.891,49.697,32.812,30.315,53.187,53.568,59.307,75.473,58.41,78.637,72.669,77.346,63.578,45.052,63.951,24.598,39.123,41.267,56.187,61.654,68.617,57.725,60.899,78.475,79.174,80.152,75.788,52.798,24.622,25.484,35.962,52.379,75.235,68.44,59.12,2.227,3.207,1.249,0.989,2.039,3.601,0.774,0.023,0.669,2.427,0.968,1.031,1.601,3.67,1.946,2.926,2.366,1.694,3.332,1.011,0.921,1.998,1.347,2.382,3.23,2.234,3.865,3.209,1.888,1.472,0.85,4.784,0.752,1.671,1.559,1.607,1.3,1.783,2.061,0.717,1.986,3.286,2.714,2.189,3.423,1.882,0.38,0.687,1.188,5.989,2.904,2.278
41.33,33.0,5.887,8.714,13.396,20.317,20.632,23.378,26.133,24.844,17.704,12.371,7.801,5.39,15.548,6.014,9.517,12.208,14.838,22.925,22.093,24.544,21.722,15.588,10.94,7.91,5.463,14.482,5.626,8.362,12.066,17.56,23.383,21.307,26.981,22.295,16.263,10.681,7.726,5.113,14.779,7.058,7.803,10.848,14.874,18.403,23.279,26.915,24.204,18.584,12.109,6.406,5.583,14.673,0.412,0.445,0.495,0.59,0.52,0.56,0.649,0.694,0.603,0.564,0.499,0.423,0.562,0.416,0.479,0.449,0.43,0.578,0.53,0.609,0.603,0.529,0.495,0.505,0.427,0.523,0.391,0.42,0.447,0.509,0.591,0.512,0.666,0.618,0.549,0.483,0.492,0.402,0.531,0.491,0.397,0.403,0.432,0.464,0.557,0.663,0.671,0.628,0.545,0.405,0.434,0.526,76.456,77.347,65.16,51.067,63.872,55.683,29.605,20.302,37.479,50.542,57.681,73.744,54.911,81.959,70.121,76.713,78.733,53.163,54.457,35.156,34.021,57.993,58.404,63.127,74.754,61.554,80.899,76.911,80.627,66.901,48.066,65.074,27.533,37.94,47.584,61.742,65.667,74.338,61.104,62.989,83.126,81.617,82.36,78.204,53.31,25.575,21.627,37.554,57.279,78.319,73.83,61.319,1.822,2.625,1.0,1.284,1.833,3.55,0.507,0.074,0.425,1.499,0.703,0.783,1.343,2.27,1.51,2.369,1.676,1.511,2.595,0.862,1.59,1.969,0.84,1.954,2.261,1.782,2.879,2.38,1.864,1.454,0.925,4.704,0.885,1.022,1.849,1.128,0.794,1.731,1.799,0.49,1.557,2.957,2.368,2.53,3.274,1.169,0.236,0.648,0.95,3.861,2.409,1.871
40.67,33.0,6.218,8.749,13.689,20.238,20.806,23.298,26.416,25.076,17.988,12.697,8.315,5.633,15.762,6.282,9.901,12.318,14.994,23.088,21.713,24.782,22.063,15.605,11.426,8.208,5.595,14.666,5.809,8.632,12.075,17.806,23.119,21.155,26.965,22.314,16.697,10.899,8.092,5.297,14.903,7.377,8.119,11.104,14.92,18.439,22.906,27.073,24.434,18.84,12.262,6.601,5.845,14.827,0.429,0.442,0.503,0.586,0.523,0.559,0.657,0.699,0.611,0.575,0.525,0.436,0.566,0.429,0.493,0.451,0.434,0.581,0.521,0.614,0.611,0.528,0.513,0.518,0.431,0.528,0.398,0.43,0.445,0.515,0.584,0.509,0.666,0.618,0.562,0.489,0.509,0.41,0.533,0.507,0.41,0.409,0.432,0.465,0.548,0.667,0.676,0.634,0.548,0.412,0.449,0.529,73.209,76.33,63.391,49.519,63.136,56.335,28.416,19.712,34.949,47.624,50.735,71.017,52.863,80.185,66.235,74.952,78.517,51.275,55.169,34.33,32.294,55.13,53.274,59.743,72.613,59.48,78.541,76.044,78.898,64.928,48.194,65.295,27.815,38.24,44.131,58.46,61.202,71.999,59.477,60.135,80.951,79.447,82.181,77.747,55.209,24.305,20.385,34.383,55.397,76.482,71.259,59.826,1.402,2.308,0.894,1.204,1.73,3.351,0.409,0.045,0.374,1.314,0.526,0.688,1.189,1.997,1.192,2.169,1.463,1.275,2.534,0.726,1.283,1.785,0.651,1.809,1.943,1.567,2.421,2.094,1.607,1.242,0.838,4.282,0.828,0.937,1.464,1.053,0.678,1.483,1.576,0.399,1.14,2.817,2.167,2.634,3.182,0.987,0.197,0.687,0.754,3.278,2.075,1.694
41.0,33.33,6.036,8.68,13.525,20.267,20.591,22.996,26.164,24.928,17.752,12.577,8.025,5.581,15.595,6.269,9.756,12.144,14.75,22.839,21.505,24.506,21.698,15.284,11.051,8.156,5.604,14.466,5.718,8.367,11.866,17.588,23.059,20.963,26.828,22.222,16.288,10.635,7.971,5.221,14.725,7.271,7.932,11.018,14.669,18.205,22.83,26.976,24.249,18.654,12.124,6.499,5.744,14.681,0.42,0.441,0.499,0.588,0.518,0.551,0.651,0.696,0.604,0.571,0.51,0.435,0.562,0.431,0.488,0.445,0.427,0.575,0.515,0.607,0.601,0.518,0.498,0.518,0.434,0.522,0.395,0.418,0.439,0.509,0.583,0.504,0.662,0.616,0.549,0.479,0.505,0.408,0.528,0.503,0.402,0.408,0.425,0.458,0.546,0.664,0.672,0.63,0.543,0.407,0.444,0.524,74.624,76.624,64.073,49.373,63.902,57.755,29.999,20.691,36.816,49.123,53.748,71.736,54.037,80.779,68.239,75.868,79.043,52.44,56.283,35.967,34.204,57.885,56.414,60.857,72.791,60.902,79.631,76.422,80.248,66.237,48.41,66.25,29.369,39.311,47.128,61.03,63.096,73.179,60.856,60.895,82.639,80.509,83.075,78.742,55.279,25.603,21.287,36.168,56.895,77.661,72.705,60.958,1.391,2.265,0.868,1.281,1.723,3.55,0.416,0.055,0.358,1.233,0.521,0.668,1.195,1.817,1.232,2.105,1.443,1.37,2.482,0.768,1.519,1.896,0.648,1.767,1.866,1.574,2.39,2.036,1.66,1.363,0.867,4.385,0.873,0.899,1.679,1.071,0.64,1.529,1.614,0.389,1.146,2.846,2.21,2.729,3.336,1.02,0.2,0.653,0.803,3.103,2.105,1.713
41.0,32.67,5.998,8.7,13.46,20.261,20.457,23.165,26.139,24.998,17.758,12.506,8.045,5.525,15.585,6.173,9.719,12.2,14.759,22.912,21.668,24.492,21.857,15.469,11.066,8.15,5.499,14.499,5.666,8.397,11.889,17.489,23.23,20.887,26.929,22.152,16.331,10.657,7.929,5.223,14.73,7.234,7.909,10.951,14.563,18.21,22.927,26.885,24.209,18.734,12.146,6.424,5.769,14.664,0.417,0.442,0.496,0.588,0.515,0.554,0.651,0.698,0.604,0.568,0.512,0.431,0.561,0.423,0.486,0.448,0.428,0.576,0.519,0.607,0.605,0.523,0.499,0.518,0.425,0.523,0.391,0.42,0.44,0.505,0.586,0.502,0.664,0.613,0.55,0.48,0.503,0.408,0.528,0.501,0.402,0.406,0.423,0.459,0.548,0.662,0.671,0.632,0.545,0.403,0.446,0.524,74.176,76.415,64.018,48.935,63.711,56.583,29.92,20.199,36.837,48.887,52.798,71.319,53.648,80.776,67.72,75.265,78.262,52.08,55.056,35.554,33.643,56.438,55.896,59.74,73.344,60.318,79.635,75.421,79.705,65.819,47.645,66.187,28.406,39.513,46.427,59.902,62.516,71.739,60.24,60.422,81.779,80.259,82.714,78.296,54.365,25.439,21.829,35.508,55.854,77.099,71.724,60.444,1.566,2.478,0.948,1.232,1.791,3.555,0.516,0.05,0.438,1.521,0.636,0.75,1.292,2.23,1.41,2.297,1.65,1.455,2.667,0.815,1.422,1.945,0.813,1.916,2.203,1.733,2.745,2.3,1.728,1.421,0.861,4.524,0.865,1.074,1.722,1.198,0.79,1.605,1.734,0.463,1.333,2.946,2.328,2.618,3.387,1.224,0.241,0.64,0.88,3.778,2.32,1.848
41.33,33.33,5.888,8.713,13.393,20.316,20.772,23.379,26.145,24.766,17.707,12.39,7.746,5.38,15.55,5.986,9.484,12.208,14.877,22.914,22.244,24.617,21.618,15.547,10.956,7.84,5.513,14.486,5.651,8.359,12.135,17.636,23.325,21.524,26.942,22.371,16.275,10.709,7.703,5.092,14.81,7.015,7.813,10.845,15.076,18.459,23.284,26.975,24.212,18.505,12.098,6.446,5.525,14.688,0.412,0.444,0.494,0.59,0.523,0.562,0.649,0.691,0.604,0.565,0.496,0.423,0.563,0.415,0.478,0.449,0.431,0.579,0.534,0.611,0.599,0.528,0.496,0.501,0.432,0.522,0.393,0.421,0.449,0.513,0.59,0.517,0.666,0.621,0.551,0.484,0.491,0.4,0.533,0.488,0.397,0.402,0.438,0.466,0.558,0.665,0.671,0.627,0.545,0.408,0.431,0.526,76.882,77.454,65.293,51.721,63.523,55.492,29.218,20.26,37.279,50.397,58.826,74.003,55.029,81.919,70.468,76.919,78.981,53.285,54.316,34.773,33.926,58.479,58.371,64.148,74.351,61.665,80.913,77.434,80.706,67.068,48.312,64.386,27.363,36.858,47.407,62.064,66.254,75.187,61.16,63.721,83.565,81.802,82.085,77.959,53.264,25.228,21.247,38.027,57.57,78.436,74.411,61.446,1.881,2.64,1.007,1.299,1.842,3.544,0.49,0.08,0.408,1.401,0.706,0.783,1.34,2.189,1.505,2.367,1.646,1.51,2.55,0.874,1.666,1.98,0.825,1.932,2.219,1.771,2.881,2.341,1.92,1.44,0.958,4.727,0.883,0.959,1.879,1.097,0.766,1.757,1.799,0.487,1.597,2.958,2.357,2.535,3.234,1.131,0.223,0.661,0.969,3.708,2.375,1.853
41.33,32.67,5.845,8.738,13.329,20.302,20.603,23.63,26.134,24.865,17.734,12.295,7.796,5.312,15.549,5.871,9.441,12.298,14.91,23.006,22.427,24.61,21.848,15.781,10.963,7.826,5.387,14.532,5.608,8.415,12.173,17.54,23.555,21.431,27.057,22.291,16.33,10.75,7.649,5.093,14.824,6.977,7.793,10.792,14.939,18.506,23.413,26.863,24.185,18.619,12.134,6.378,5.557,14.68,0.409,0.446,0.492,0.59,0.519,0.567,0.649,0.695,0.605,0.561,0.499,0.418,0.562,0.406,0.475,0.453,0.432,0.58,0.539,0.61,0.606,0.535,0.496,0.5,0.421,0.524,0.39,0.424,0.451,0.509,0.595,0.515,0.668,0.618,0.552,0.487,0.488,0.4,0.534,0.487,0.397,0.4,0.435,0.468,0.561,0.662,0.67,0.63,0.548,0.404,0.433,0.527,76.335,77.163,65.159,51.201,63.23,54.025,29.035,19.72,37.192,50.251,57.735,73.733,54.564,82.041,69.875,76.22,77.968,52.841,52.81,34.168,33.179,56.773,57.88,63.101,75.171,61.005,80.903,76.314,80.067,66.436,47.24,64.154,26.095,37.147,46.543,60.736,65.534,73.56,60.393,63.187,82.519,81.393,81.662,77.4,52.188,24.994,21.8,37.191,56.427,77.805,73.268,60.822,2.025,2.845,1.08,1.242,1.883,3.542,0.587,0.069,0.489,1.808,0.823,0.867,1.439,2.703,1.691,2.56,1.871,1.583,2.757,0.903,1.481,1.979,0.991,2.1,2.596,1.933,3.238,2.666,1.919,1.495,0.921,4.821,0.861,1.187,1.864,1.212,0.946,1.815,1.911,0.564,1.765,3.04,2.495,2.382,3.264,1.333,0.268,0.637,1.02,4.574,2.63,1.998
40.67,33.33,6.247,8.749,13.729,20.215,20.978,23.349,26.475,25.037,18.033,12.769,8.338,5.654,15.8,6.289,9.919,12.34,15.083,23.109,21.84,24.909,22.01,15.599,11.507,8.164,5.672,14.705,5.878,8.686,12.137,17.939,23.037,21.387,26.921,22.419,16.775,10.963,8.108,5.294,14.961,7.366,8.185,11.157,15.143,18.545,22.882,27.161,24.491,18.824,12.273,6.691,5.821,14.878,0.43,0.441,0.504,0.585,0.527,0.561,0.657,0.697,0.612,0.578,0.526,0.436,0.568,0.43,0.494,0.451,0.436,0.583,0.524,0.617,0.609,0.528,0.516,0.514,0.437,0.529,0.403,0.433,0.446,0.52,0.582,0.515,0.665,0.621,0.565,0.491,0.509,0.41,0.535,0.505,0.411,0.41,0.438,0.468,0.548,0.67,0.678,0.634,0.549,0.417,0.447,0.531,73.079,76.236,63.171,49.914,62.624,56.038,27.745,19.523,34.257,47.019,50.848,71.002,52.62,79.947,65.918,74.855,78.612,51.1,54.94,33.65,31.941,55.06,52.522,60.47,71.884,59.245,78.188,76.375,78.758,64.707,48.378,64.389,27.544,36.911,43.414,58.28,61.144,72.605,59.222,60.554,81.007,79.242,81.841,77.339,55.29,23.693,19.705,34.243,55.494,76.284,71.54,59.689,1.38,2.267,0.878,1.211,1.706,3.307,0.375,0.047,0.348,1.224,0.504,0.672,1.161,1.904,1.139,2.145,1.399,1.231,2.47,0.712,1.276,1.749,0.599,1.772,1.867,1.521,2.352,2.033,1.596,1.198,0.85,4.216,0.807,0.87,1.411,0.997,0.638,1.466,1.534,0.385,1.103,2.791,2.14,2.626,3.101,0.911,0.179,0.698,0.729,3.107,2.003,1.648
40.67,32.67,6.238,8.79,13.646,20.216,20.782,23.474,26.438,25.118,18.041,12.662,8.363,5.592,15.782,6.173,9.891,12.41,15.058,23.175,21.977,24.842,22.228,15.763,11.516,8.182,5.534,14.73,5.802,8.704,12.185,17.799,23.236,21.225,27.039,22.281,16.808,10.98,8.076,5.307,14.952,7.349,8.142,11.066,14.965,18.49,22.961,27.035,24.428,18.883,12.306,6.572,5.862,14.838,0.429,0.444,0.501,0.586,0.523,0.563,0.657,0.7,0.612,0.574,0.528,0.433,0.567,0.421,0.493,0.455,0.436,0.583,0.528,0.615,0.615,0.533,0.517,0.516,0.426,0.53,0.397,0.433,0.449,0.515,0.587,0.511,0.668,0.616,0.566,0.493,0.508,0.411,0.535,0.505,0.411,0.407,0.434,0.467,0.55,0.667,0.676,0.635,0.551,0.41,0.45,0.53,72.779,76.044,63.347,49.494,62.52,54.941,27.885,19.074,34.55,46.885,49.968,70.5,52.331,80.04,65.516,74.318,77.842,50.785,53.828,33.455,31.303,53.76,52.117,59.081,72.724,58.734,78.289,75.361,78.136,64.371,47.522,64.732,26.603,37.758,42.695,57.144,60.502,70.844,58.662,59.813,80.093,79.059,81.543,77.033,54.418,23.669,20.563,33.814,54.153,75.792,70.292,59.189,1.582,2.512,0.97,1.148,1.797,3.335,0.483,0.041,0.437,1.542,0.621,0.76,1.271,2.358,1.335,2.338,1.643,1.336,2.702,0.763,1.182,1.804,0.791,1.935,2.226,1.7,2.735,2.323,1.672,1.267,0.84,4.399,0.814,1.075,1.462,1.148,0.812,1.55,1.673,0.465,1.318,2.9,2.265,2.528,3.191,1.15,0.228,0.688,0.823,3.837,2.244,1.803
41.33,34.0,5.88,8.61,13.315,20.18,21.139,23.128,25.957,24.51,17.61,12.581,7.63,5.511,15.507,6.089,9.496,12.109,14.818,22.721,22.299,24.76,21.086,15.003,10.961,7.767,5.792,14.41,5.707,8.238,12.018,17.678,22.762,21.881,26.545,22.44,16.236,10.646,7.731,5.123,14.752,7.0,7.881,10.883,15.441,18.348,22.803,27.126,24.123,18.19,11.974,6.645,5.45,14.655,0.41,0.437,0.489,0.585,0.532,0.558,0.642,0.681,0.6,0.574,0.486,0.431,0.561,0.424,0.479,0.445,0.429,0.576,0.535,0.616,0.583,0.511,0.496,0.494,0.456,0.517,0.397,0.416,0.442,0.516,0.578,0.526,0.657,0.625,0.551,0.481,0.49,0.403,0.533,0.486,0.397,0.401,0.448,0.462,0.549,0.671,0.67,0.618,0.54,0.419,0.426,0.525,76.615,76.621,64.737,51.629,61.816,56.145,28.659,20.306,36.443,47.868,58.965,71.923,54.312,79.786,69.806,76.365,79.291,52.715,54.738,34.213,34.336,59.733,57.239,64.898,70.275,61.119,79.75,77.596,80.564,67.068,48.89,62.792,28.312,33.966,46.685,62.62,66.032,75.669,60.827,63.349,84.419,81.447,81.522,77.158,54.46,24.062,20.078,38.399,57.918,77.417,74.879,61.261,1.695,2.365,0.87,1.306,1.723,3.547,0.381,0.091,0.316,0.918,0.621,0.749,1.215,1.635,1.288,2.158,1.38,1.482,2.359,0.861,1.844,1.945,0.676,1.707,1.836,1.599,2.653,1.972,1.909,1.339,1.011,4.399,0.817,0.681,1.804,1.036,0.606,1.705,1.658,0.454,1.366,2.906,2.318,2.702,3.289,1.019,0.158,0.683,0.984,2.795,2.063,1.726
40.67,34.0,6.129,8.628,13.566,20.042,21.287,23.209,26.224,24.764,17.881,12.93,8.127,5.74,15.714,6.35,9.868,12.232,15.05,22.889,22.058,25.009,21.414,15.108,11.408,7.997,5.953,14.613,5.94,8.542,11.975,17.998,22.541,21.835,26.484,22.54,16.663,10.838,8.036,5.284,14.891,7.286,8.205,11.197,15.482,18.521,22.503,27.295,24.393,18.498,12.11,6.911,5.706,14.841,0.421,0.434,0.496,0.579,0.535,0.559,0.649,0.687,0.607,0.586,0.512,0.442,0.566,0.437,0.493,0.446,0.435,0.579,0.53,0.621,0.592,0.514,0.512,0.502,0.462,0.523,0.408,0.428,0.439,0.525,0.572,0.525,0.655,0.626,0.564,0.485,0.504,0.41,0.536,0.5,0.41,0.411,0.447,0.466,0.542,0.675,0.676,0.626,0.542,0.43,0.44,0.53,73.34,75.389,62.975,50.04,60.95,56.146,27.407,19.495,33.737,44.738,52.137,69.596,52.164,78.21,65.616,74.506,78.717,50.816,54.789,33.027,32.733,56.628,52.392,62.177,67.984,58.97,77.373,76.553,79.019,64.948,48.736,62.387,28.48,33.391,43.148,59.534,61.815,73.685,59.087,60.577,82.071,79.175,81.401,76.398,55.822,22.58,18.639,34.984,56.154,75.435,72.499,59.647,1.264,2.077,0.763,1.248,1.607,3.395,0.282,0.059,0.263,0.814,0.453,0.632,1.071,1.456,0.991,2.043,1.187,1.232,2.305,0.721,1.419,1.722,0.467,1.598,1.581,1.395,2.245,1.77,1.603,1.167,0.927,3.989,0.733,0.612,1.374,0.913,0.526,1.448,1.439,0.366,0.937,2.806,2.213,2.722,3.099,0.822,0.125,0.694,0.747,2.422,1.775,1.559
41.0,34.33,5.979,8.552,13.334,20.03,21.076,22.922,25.865,24.556,17.633,12.756,7.831,5.665,15.52,6.263,9.652,12.104,14.77,22.653,21.919,24.763,21.07,14.671,11.051,7.92,5.939,14.4,5.808,8.25,11.831,17.701,22.441,21.712,26.3,22.332,16.277,10.594,7.914,5.231,14.701,7.17,8.021,11.035,15.29,18.204,22.318,27.16,24.147,18.166,11.973,6.791,5.586,14.653,0.414,0.432,0.488,0.58,0.53,0.553,0.64,0.681,0.6,0.58,0.496,0.44,0.561,0.434,0.485,0.443,0.426,0.574,0.526,0.616,0.582,0.5,0.498,0.5,0.464,0.515,0.401,0.416,0.434,0.517,0.57,0.522,0.651,0.621,0.552,0.476,0.499,0.41,0.531,0.495,0.401,0.406,0.442,0.458,0.537,0.672,0.67,0.616,0.538,0.425,0.434,0.524,74.525,75.19,63.417,49.656,60.728,56.744,28.623,20.146,35.258,45.297,54.527,69.3,52.786,77.878,67.387,74.914,78.716,51.387,55.326,33.993,33.905,59.037,54.711,62.647,67.402,59.779,77.915,76.522,79.618,65.855,48.41,62.618,29.227,34.135,45.016,61.314,63.015,73.518,59.762,60.691,83.329,79.842,81.6,76.801,55.692,23.302,19.618,36.86,56.516,75.706,73.131,60.259,1.297,2.066,0.738,1.266,1.615,3.596,0.303,0.067,0.259,0.795,0.464,0.642,1.092,1.366,1.055,1.965,1.202,1.361,2.33,0.771,1.623,1.809,0.525,1.561,1.561,1.429,2.299,1.769,1.646,1.277,0.936,4.101,0.776,0.617,1.551,0.974,0.54,1.507,1.496,0.381,0.98,2.804,2.283,2.827,3.293,0.936,0.135,0.671,0.846,2.376,1.843,1.612
41.0,33.67,6.043,8.6,13.452,20.13,20.93,22.826,26.044,24.664,17.71,12.72,7.918,5.643,15.56,6.281,9.715,12.11,14.766,22.677,21.722,24.688,21.248,14.824,11.051,8.014,5.871,14.416,5.852,8.291,11.874,17.753,22.616,21.479,26.462,22.351,16.235,10.625,7.975,5.218,14.729,7.209,8.009,11.087,15.134,18.203,22.426,27.144,24.208,18.344,12.055,6.711,5.633,14.679,0.418,0.434,0.493,0.582,0.526,0.55,0.644,0.684,0.602,0.579,0.501,0.438,0.562,0.435,0.488,0.443,0.426,0.574,0.521,0.613,0.587,0.505,0.498,0.506,0.459,0.517,0.404,0.417,0.436,0.518,0.574,0.516,0.655,0.622,0.549,0.477,0.503,0.408,0.532,0.497,0.402,0.408,0.437,0.458,0.54,0.67,0.672,0.622,0.541,0.42,0.437,0.524,74.632,75.789,63.574,49.807,61.792,57.612,28.942,20.547,35.665,46.726,54.855,70.486,53.37,79.253,67.9,75.342,79.241,52.025,56.049,34.702,33.983,59.302,54.992,62.741,69.114,60.391,78.556,77.105,80.004,66.012,48.607,63.92,29.635,35.891,45.798,61.453,62.991,74.245,60.348,61.334,83.595,79.99,82.286,77.632,55.869,24.073,20.082,36.752,56.966,76.843,73.437,60.74,1.284,2.102,0.777,1.299,1.644,3.598,0.325,0.064,0.283,0.895,0.452,0.623,1.112,1.428,1.089,1.973,1.256,1.346,2.336,0.763,1.625,1.852,0.527,1.608,1.591,1.45,2.226,1.808,1.642,1.313,0.912,4.205,0.825,0.69,1.613,0.979,0.53,1.496,1.516,0.359,1.002,2.804,2.214,2.82,3.303,0.915,0.153,0.665,0.801,2.487,1.898,1.616
41.33,34.33,5.803,8.588,13.224,20.131,21.322,23.35,25.838,24.435,17.546,12.58,7.533,5.508,15.491,6.048,9.424,12.115,14.855,22.761,22.572,24.852,20.982,15.023,10.981,7.662,5.795,14.423,5.617,8.231,12.019,17.602,22.703,22.105,26.502,22.444,16.329,10.657,7.631,5.123,14.748,6.94,7.866,10.788,15.613,18.405,22.878,27.126,24.075,18.082,11.904,6.679,5.395,14.646,0.406,0.437,0.486,0.584,0.538,0.563,0.639,0.679,0.599,0.574,0.481,0.432,0.561,0.422,0.476,0.445,0.43,0.576,0.542,0.619,0.581,0.512,0.498,0.488,0.456,0.518,0.392,0.417,0.443,0.514,0.576,0.532,0.656,0.624,0.555,0.482,0.484,0.404,0.533,0.482,0.396,0.398,0.454,0.464,0.55,0.671,0.669,0.614,0.538,0.422,0.422,0.526,76.872,76.503,64.886,51.925,61.287,55.117,28.314,19.886,36.299,47.212,59.27,71.395,54.082,78.926,69.713,76.316,78.856,52.345,53.88,33.609,34.368,59.118,57.591,64.985,69.664,60.783,79.621,77.099,80.383,67.171,48.914,61.785,27.529,32.394,46.334,62.562,66.717,75.249,60.479,63.193,84.151,81.726,80.818,76.487,54.002,23.601,19.708,38.582,57.856,76.686,74.841,60.973,1.793,2.386,0.857,1.268,1.703,3.468,0.375,0.103,0.311,0.86,0.68,0.81,1.218,1.662,1.298,2.191,1.364,1.521,2.351,0.884,1.876,1.92,0.714,1.701,1.882,1.615,2.812,1.977,1.964,1.289,1.044,4.308,0.767,0.63,1.767,1.056,0.631,1.762,1.665,0.503,1.426,2.92,2.376,2.662,3.283,1.058,0.144,0.695,1.063,2.815,2.054,1.749
41.33,33.67,5.864,8.639,13.339,20.231,21.102,23.251,26.024,24.565,17.631,12.527,7.625,5.463,15.524,6.055,9.474,12.13,14.859,22.797,22.361,24.744,21.208,15.212,10.967,7.754,5.709,14.441,5.677,8.276,12.068,17.683,22.935,21.859,26.681,22.467,16.266,10.674,7.692,5.102,14.783,6.984,7.848,10.851,15.409,18.424,23.023,27.102,24.158,18.273,12.0,6.591,5.447,14.676,0.41,0.44,0.491,0.587,0.532,0.56,0.644,0.683,0.601,0.572,0.487,0.428,0.562,0.422,0.478,0.446,0.43,0.577,0.536,0.615,0.587,0.518,0.497,0.494,0.449,0.519,0.396,0.418,0.445,0.516,0.582,0.526,0.66,0.625,0.552,0.483,0.489,0.402,0.534,0.486,0.396,0.401,0.447,0.464,0.553,0.669,0.671,0.62,0.541,0.417,0.425,0.526,77.055,77.104,65.112,52.071,62.462,55.863,28.745,20.265,36.756,48.829,59.604,72.902,54.732,80.533,70.315,76.803,79.35,53.053,54.563,34.348,34.372,59.452,57.942,65.143,71.668,61.465,80.309,77.795,80.801,67.316,48.991,63.15,27.964,34.404,47.114,62.756,66.7,76.027,61.109,63.858,84.357,81.858,81.643,77.387,53.989,24.452,20.305,38.54,58.151,77.906,75.14,61.468,1.802,2.469,0.919,1.313,1.769,3.518,0.41,0.095,0.341,0.996,0.661,0.769,1.255,1.765,1.356,2.24,1.447,1.499,2.383,0.878,1.846,1.971,0.718,1.773,1.942,1.652,2.746,2.061,1.963,1.362,1.022,4.517,0.836,0.723,1.853,1.045,0.638,1.748,1.707,0.47,1.473,2.933,2.327,2.644,3.251,1.035,0.172,0.684,1.0,2.994,2.142,1.759
40.67,34.33,6.06,8.6,13.476,19.951,21.462,23.446,26.117,24.728,17.846,12.98,8.076,5.762,15.712,6.346,9.842,12.254,15.122,22.942,22.35,25.11,21.34,15.15,11.469,7.901,5.982,14.652,5.883,8.565,11.948,17.977,22.458,22.063,26.402,22.573,16.807,10.851,7.955,5.305,14.899,7.267,8.218,11.146,15.628,18.622,22.545,27.316,24.381,18.418,12.045,6.994,5.688,14.855,0.417,0.432,0.492,0.577,0.54,0.564,0.647,0.686,0.606,0.588,0.508,0.444,0.565,0.437,0.492,0.447,0.437,0.58,0.537,0.624,0.59,0.514,0.515,0.496,0.463,0.524,0.404,0.429,0.438,0.523,0.57,0.531,0.653,0.626,0.569,0.486,0.498,0.412,0.536,0.498,0.41,0.409,0.452,0.469,0.542,0.676,0.676,0.622,0.54,0.435,0.438,0.531,73.327,75.058,63.085,50.181,60.293,55.005,27.05,18.923,33.33,43.605,51.681,68.839,51.7,77.145,64.966,74.218,78.171,50.208,53.774,32.328,32.639,55.661,52.259,62.027,67.0,58.369,76.959,75.933,78.69,64.85,48.66,61.313,27.905,31.64,42.328,59.25,62.155,73.073,58.561,59.919,81.505,79.225,80.789,75.55,55.438,21.902,18.158,34.833,55.802,74.416,72.139,59.142,1.339,2.106,0.752,1.214,1.599,3.347,0.271,0.064,0.25,0.743,0.496,0.668,1.071,1.486,0.984,2.117,1.171,1.239,2.319,0.734,1.377,1.673,0.481,1.596,1.621,1.401,2.402,1.777,1.641,1.122,0.968,3.907,0.672,0.549,1.303,0.91,0.561,1.478,1.438,0.403,0.967,2.85,2.306,2.675,3.044,0.844,0.11,0.703,0.79,2.429,1.746,1.571
40.67,33.67,6.172,8.663,13.65,20.094,21.292,23.319,26.344,24.851,17.952,12.919,8.208,5.728,15.769,6.356,9.899,12.272,15.111,22.995,22.044,25.044,21.592,15.319,11.493,8.034,5.884,14.672,5.932,8.622,12.04,18.032,22.676,21.786,26.631,22.566,16.764,10.913,8.058,5.291,14.943,7.316,8.223,11.197,15.473,18.598,22.667,27.295,24.461,18.621,12.164,6.882,5.738,14.886,0.424,0.436,0.499,0.581,0.535,0.561,0.653,0.69,0.61,0.585,0.517,0.441,0.567,0.437,0.494,0.448,0.437,0.581,0.53,0.622,0.597,0.52,0.516,0.505,0.455,0.526,0.407,0.431,0.442,0.524,0.575,0.524,0.658,0.626,0.566,0.488,0.505,0.41,0.537,0.501,0.411,0.411,0.447,0.468,0.545,0.675,0.678,0.629,0.544,0.428,0.441,0.531,73.246,75.756,62.994,50.245,61.465,56.011,27.231,19.4,33.615,45.343,51.696,70.156,52.263,78.664,65.597,74.669,78.763,50.847,54.766,33.004,32.449,55.873,52.261,61.874,69.114,58.994,77.569,76.642,78.952,64.859,48.863,62.757,28.084,33.927,43.063,59.084,61.756,73.657,59.099,60.736,81.704,79.232,81.433,76.563,55.698,22.779,18.643,34.61,56.153,75.659,72.378,59.635,1.296,2.114,0.79,1.24,1.625,3.314,0.294,0.058,0.279,0.874,0.466,0.644,1.083,1.542,1.005,2.072,1.212,1.209,2.31,0.712,1.38,1.714,0.481,1.635,1.632,1.41,2.25,1.807,1.609,1.144,0.916,4.014,0.742,0.646,1.359,0.913,0.533,1.45,1.446,0.369,0.974,2.793,2.17,2.684,3.056,0.805,0.131,0.704,0.732,2.526,1.8,1.561
41.33,35.0,5.579,8.412,12.796,19.769,21.692,23.86,25.157,24.137,17.23,12.629,7.281,5.606,15.349,6.054,9.278,12.121,14.858,22.727,23.047,24.944,20.454,14.639,10.972,7.45,5.897,14.368,5.348,8.098,11.76,17.177,22.178,22.496,25.942,22.123,16.46,10.516,7.42,5.246,14.562,6.891,7.873,10.474,15.794,18.362,22.616,26.971,23.757,17.598,11.582,6.855,5.296,14.506,0.392,0.429,0.47,0.576,0.549,0.572,0.623,0.67,0.587,0.576,0.466,0.442,0.555,0.422,0.468,0.446,0.431,0.575,0.554,0.621,0.57,0.498,0.497,0.475,0.462,0.516,0.375,0.411,0.434,0.499,0.562,0.542,0.641,0.612,0.561,0.476,0.471,0.414,0.527,0.48,0.397,0.387,0.46,0.463,0.541,0.669,0.661,0.596,0.526,0.432,0.414,0.524,77.296,75.541,65.857,51.767,60.073,52.919,29.569,20.512,37.505,45.037,58.941,68.579,53.636,75.505,69.0,75.554,77.394,50.81,52.621,33.64,36.519,58.797,58.87,64.472,66.821,60.001,78.857,74.995,80.054,67.769,49.699,60.069,28.28,30.593,46.192,63.381,67.953,72.553,60.034,60.96,83.415,82.164,79.545,75.028,54.488,23.536,20.605,40.328,57.794,74.094,74.282,60.521,1.78,2.233,0.707,1.079,1.495,3.146,0.282,0.169,0.27,0.575,0.85,0.909,1.127,1.551,1.208,2.106,1.118,1.643,2.284,0.902,1.69,1.723,0.799,1.59,1.702,1.527,3.16,1.881,1.977,1.16,1.069,3.61,0.564,0.442,1.477,1.153,0.742,1.78,1.581,0.693,1.379,2.83,2.678,2.664,3.285,1.197,0.085,0.743,1.351,2.506,1.882,1.776
40.67,35.0,5.727,8.391,12.897,19.523,21.684,23.869,25.248,24.348,17.421,12.976,7.66,5.802,15.466,6.313,9.64,12.212,15.056,22.834,22.942,25.007,20.646,14.702,11.294,7.606,6.061,14.524,5.556,8.315,11.617,17.5,21.934,22.432,25.681,22.209,16.806,10.59,7.631,5.397,14.637,7.188,8.149,10.765,15.691,18.532,22.298,27.08,23.965,17.772,11.652,7.133,5.544,14.648,0.397,0.424,0.471,0.567,0.548,0.572,0.626,0.675,0.592,0.588,0.484,0.451,0.557,0.434,0.481,0.446,0.435,0.576,0.552,0.623,0.574,0.498,0.508,0.479,0.468,0.52,0.384,0.418,0.427,0.507,0.556,0.54,0.634,0.613,0.571,0.475,0.479,0.42,0.527,0.495,0.408,0.396,0.455,0.466,0.534,0.671,0.665,0.599,0.524,0.444,0.427,0.527,74.796,74.223,64.879,50.629,59.182,52.94,29.465,19.958,35.516,41.766,53.067,66.542,51.916,73.83,65.05,73.807,76.824,49.074,52.187,33.341,35.726,56.384,54.923,61.983,64.273,58.117,76.712,74.104,78.906,66.009,49.26,59.84,29.569,30.239,43.011,61.185,64.77,70.683,58.692,57.791,81.313,80.339,79.825,74.155,55.645,22.259,19.751,37.995,55.986,72.192,71.917,59.097,1.522,2.109,0.682,1.069,1.506,3.169,0.225,0.127,0.21,0.48,0.715,0.762,1.05,1.46,1.0,2.163,1.027,1.426,2.311,0.799,1.295,1.57,0.624,1.535,1.548,1.397,2.908,1.736,1.785,1.087,1.064,3.492,0.502,0.372,1.213,1.031,0.749,1.56,1.455,0.585,1.083,2.843,2.74,2.651,3.092,1.066,0.07,0.744,1.13,2.235,1.668,1.66
41.0,35.33,5.576,8.311,12.645,19.483,21.549,23.813,24.86,24.11,17.132,12.732,7.375,5.706,15.278,6.169,9.337,12.122,14.834,22.68,22.828,24.853,20.346,14.303,10.989,7.518,5.992,14.328,5.366,8.064,11.547,17.112,21.86,22.403,25.58,21.868,16.479,10.371,7.495,5.362,14.457,7.034,7.989,10.488,15.586,18.254,22.221,26.907,23.671,17.412,11.469,6.994,5.387,14.452,0.39,0.422,0.463,0.567,0.545,0.57,0.616,0.669,0.583,0.579,0.469,0.447,0.552,0.427,0.468,0.444,0.429,0.573,0.55,0.618,0.567,0.485,0.496,0.476,0.465,0.515,0.373,0.408,0.425,0.495,0.553,0.54,0.631,0.603,0.561,0.468,0.474,0.421,0.522,0.488,0.401,0.387,0.453,0.459,0.531,0.668,0.658,0.588,0.519,0.438,0.418,0.522,76.125,74.314,65.613,50.425,59.608,52.955,30.898,21.321,37.753,43.59,55.539,66.668,52.904,73.618,67.183,74.315,76.701,49.609,52.888,34.281,37.267,58.845,57.796,62.56,64.647,59.143,77.421,73.824,79.381,67.146,49.599,60.092,30.038,31.928,45.293,62.952,66.466,70.239,59.533,58.519,82.357,81.199,79.731,74.732,55.649,23.572,21.573,40.496,56.889,72.493,72.922,60.011,1.61,2.068,0.656,1.034,1.488,3.182,0.237,0.169,0.221,0.483,0.822,0.799,1.067,1.393,1.085,2.05,1.0,1.569,2.317,0.855,1.43,1.645,0.75,1.526,1.522,1.429,3.03,1.765,1.845,1.142,1.048,3.472,0.528,0.397,1.343,1.127,0.795,1.638,1.507,0.679,1.173,2.764,2.796,2.739,3.269,1.193,0.071,0.783,1.356,2.185,1.742,1.73
41.0,34.67,5.672,8.372,12.84,19.662,21.457,23.547,25.081,24.25,17.277,12.783,7.498,5.707,15.35,6.197,9.39,12.098,14.788,22.697,22.579,24.894,20.572,14.365,11.035,7.614,6.007,14.351,5.464,8.109,11.595,17.281,21.989,22.314,25.796,22.064,16.488,10.438,7.619,5.311,14.537,7.067,8.011,10.671,15.569,18.213,22.207,27.037,23.862,17.579,11.623,6.971,5.45,14.522,0.396,0.425,0.469,0.572,0.542,0.564,0.622,0.673,0.588,0.581,0.477,0.447,0.555,0.43,0.471,0.443,0.427,0.573,0.544,0.62,0.573,0.488,0.497,0.482,0.467,0.515,0.38,0.409,0.427,0.501,0.557,0.538,0.637,0.609,0.561,0.47,0.481,0.417,0.525,0.49,0.401,0.394,0.452,0.458,0.531,0.671,0.663,0.594,0.525,0.437,0.422,0.523,74.677,73.677,63.806,49.146,58.525,53.212,29.069,19.427,35.414,41.916,53.049,65.752,51.476,73.282,66.104,73.891,76.488,49.167,52.832,32.839,34.923,57.436,55.648,61.146,63.651,58.118,76.441,73.711,78.623,65.945,48.214,59.37,28.271,30.345,43.681,61.262,64.113,69.729,58.31,57.795,81.686,80.133,79.516,74.474,54.899,22.11,19.422,38.007,55.24,71.807,71.785,58.907,1.448,2.025,0.636,1.088,1.528,3.418,0.253,0.105,0.206,0.536,0.612,0.75,1.053,1.337,1.007,1.995,1.037,1.461,2.347,0.811,1.498,1.644,0.628,1.472,1.547,1.4,2.748,1.736,1.718,1.161,1.009,3.698,0.596,0.418,1.334,1.034,0.679,1.575,1.471,0.532,1.021,2.767,2.609,2.792,3.236,1.101,0.084,0.712,1.111,2.205,1.729,1.659
41.33,35.33,5.551,8.405,12.734,19.714,21.812,24.093,25.17,24.068,17.199,12.577,7.219,5.595,15.348,6.027,9.285,12.174,14.95,22.732,23.291,24.941,20.348,14.752,10.975,7.39,5.862,14.392,5.317,8.116,11.811,17.112,22.188,22.532,25.882,22.051,16.457,10.542,7.34,5.272,14.551,6.854,7.841,10.355,15.841,18.48,22.75,26.882,23.649,17.617,11.521,6.84,5.244,14.49,0.391,0.429,0.469,0.574,0.552,0.578,0.623,0.669,0.586,0.575,0.462,0.442,0.555,0.419,0.469,0.448,0.435,0.576,0.56,0.62,0.567,0.502,0.499,0.471,0.459,0.518,0.373,0.412,0.435,0.498,0.561,0.542,0.64,0.61,0.561,0.478,0.467,0.417,0.527,0.478,0.396,0.384,0.461,0.466,0.546,0.667,0.658,0.597,0.523,0.431,0.411,0.524,79.05,76.847,67.87,53.634,61.781,53.125,31.034,22.465,39.846,47.689,62.615,70.67,55.555,77.213,70.688,76.471,78.202,51.904,53.04,35.152,38.668,60.357,61.023,66.88,69.169,61.565,80.528,75.934,81.207,69.201,51.428,61.423,30.015,32.503,48.245,65.261,70.543,74.446,61.728,62.805,84.627,83.449,80.126,75.738,55.271,25.295,22.658,42.585,60.028,75.905,76.071,62.047,1.934,2.323,0.746,1.05,1.435,2.866,0.269,0.234,0.31,0.569,1.057,0.971,1.15,1.661,1.318,2.172,1.11,1.749,2.23,0.945,1.64,1.733,0.915,1.676,1.694,1.57,3.433,1.954,2.122,1.155,1.094,3.379,0.51,0.453,1.5,1.245,0.828,1.857,1.625,0.84,1.573,2.847,2.801,2.588,3.284,1.253,0.078,0.798,1.557,2.581,1.932,1.845
41.33,34.67,5.638,8.473,12.926,19.891,21.649,23.748,25.385,24.207,17.331,12.62,7.329,5.573,15.401,6.04,9.331,12.124,14.883,22.74,23.015,24.936,20.574,14.802,10.985,7.485,5.87,14.397,5.423,8.147,11.864,17.315,22.34,22.431,26.107,22.257,16.438,10.584,7.458,5.201,14.63,6.883,7.866,10.556,15.804,18.418,22.742,27.021,23.846,17.755,11.676,6.802,5.306,14.556,0.396,0.432,0.475,0.578,0.548,0.571,0.628,0.672,0.591,0.576,0.469,0.439,0.557,0.421,0.471,0.446,0.432,0.575,0.553,0.621,0.572,0.504,0.498,0.477,0.461,0.517,0.38,0.413,0.437,0.504,0.566,0.54,0.646,0.617,0.56,0.479,0.474,0.411,0.529,0.479,0.396,0.39,0.46,0.464,0.545,0.67,0.663,0.602,0.529,0.429,0.415,0.525,77.527,76.113,65.881,52.316,60.583,53.558,29.223,20.452,37.351,45.949,59.954,69.781,54.06,76.83,69.514,76.001,78.021,51.484,52.893,33.744,36.115,59.023,58.781,65.194,67.991,60.467,79.415,75.855,80.381,67.837,49.724,60.61,28.142,30.914,46.492,63.426,68.145,73.91,60.405,62.119,83.917,82.328,79.913,75.471,54.34,23.657,20.371,40.09,58.216,75.206,74.823,60.872,1.836,2.316,0.765,1.137,1.548,3.194,0.312,0.157,0.289,0.651,0.833,0.905,1.164,1.614,1.262,2.155,1.201,1.629,2.288,0.909,1.777,1.791,0.793,1.636,1.774,1.57,3.125,1.922,2.023,1.192,1.078,3.789,0.612,0.491,1.584,1.141,0.716,1.805,1.62,0.657,1.45,2.874,2.601,2.639,3.284,1.166,0.1,0.731,1.295,2.625,1.946,1.781
40.67,35.33,5.696,8.374,12.809,19.397,21.742,24.048,25.187,24.267,17.371,12.968,7.609,5.803,15.442,6.318,9.709,12.252,15.147,22.829,23.166,24.92,20.491,14.778,11.29,7.559,6.044,14.541,5.537,8.328,11.614,17.464,21.878,22.424,25.492,22.108,16.806,10.588,7.555,5.441,14.602,7.198,8.162,10.672,15.68,18.631,22.352,26.963,23.845,17.745,11.579,7.144,5.519,14.625,0.394,0.422,0.468,0.562,0.55,0.577,0.624,0.673,0.59,0.588,0.48,0.45,0.556,0.433,0.484,0.448,0.439,0.577,0.557,0.62,0.57,0.5,0.508,0.476,0.466,0.521,0.382,0.419,0.426,0.506,0.554,0.54,0.629,0.611,0.57,0.476,0.474,0.423,0.526,0.496,0.41,0.393,0.455,0.468,0.536,0.668,0.662,0.598,0.521,0.445,0.425,0.526,76.39,75.375,66.921,52.572,60.788,53.409,31.488,22.143,37.912,43.935,56.279,68.399,53.803,75.234,66.295,74.534,77.619,50.013,52.516,35.379,38.234,57.981,56.838,63.947,66.204,59.567,78.18,74.981,80.094,67.269,50.901,61.325,31.974,32.49,44.87,63.028,67.204,72.251,60.381,59.17,82.35,81.532,80.524,74.824,56.67,24.045,21.955,40.477,58.061,73.85,73.393,60.571,1.692,2.204,0.745,1.05,1.482,2.905,0.218,0.185,0.237,0.467,0.913,0.8,1.077,1.567,1.095,2.245,1.027,1.523,2.253,0.836,1.242,1.597,0.731,1.615,1.531,1.438,3.139,1.766,1.934,1.086,1.108,3.325,0.454,0.381,1.27,1.12,0.856,1.614,1.502,0.702,1.271,2.85,2.895,2.564,3.111,1.133,0.067,0.801,1.323,2.271,1.699,1.725
40.67,34.67,5.832,8.463,13.086,19.643,21.691,23.8,25.551,24.47,17.577,13.019,7.798,5.807,15.565,6.335,9.746,12.242,15.129,22.882,22.871,25.075,20.844,14.901,11.394,7.68,6.059,14.596,5.674,8.428,11.73,17.691,22.078,22.378,25.88,22.372,16.862,10.705,7.725,5.375,14.741,7.216,8.193,10.901,15.732,18.629,22.396,27.17,24.112,18.007,11.776,7.122,5.592,14.738,0.403,0.426,0.477,0.569,0.548,0.571,0.633,0.678,0.597,0.59,0.492,0.45,0.56,0.435,0.486,0.447,0.437,0.578,0.55,0.624,0.579,0.505,0.512,0.483,0.468,0.522,0.391,0.424,0.431,0.513,0.56,0.539,0.639,0.619,0.572,0.48,0.484,0.418,0.531,0.496,0.41,0.401,0.456,0.469,0.537,0.673,0.669,0.608,0.529,0.443,0.43,0.529,74.438,74.617,64.542,50.857,59.581,53.479,28.691,19.674,34.833,42.245,52.959,67.404,51.945,74.995,64.9,73.974,77.336,49.459,52.497,33.037,34.924,56.011,54.014,62.369,65.166,58.225,76.899,74.772,78.952,65.725,49.304,60.246,29.213,30.317,42.725,60.662,64.207,71.799,58.735,58.625,81.416,80.1,80.122,74.483,55.651,22.103,19.184,37.025,56.154,72.996,72.142,59.167,1.486,2.13,0.71,1.111,1.52,3.174,0.233,0.113,0.224,0.54,0.67,0.745,1.056,1.489,1.0,2.179,1.067,1.37,2.299,0.782,1.302,1.59,0.582,1.563,1.573,1.4,2.801,1.751,1.766,1.084,1.049,3.564,0.531,0.41,1.222,0.996,0.699,1.543,1.448,0.543,1.07,2.866,2.63,2.629,3.048,0.994,0.078,0.733,1.034,2.301,1.682,1.634
41.33,36.0,5.437,8.305,12.321,19.281,21.824,24.637,24.797,23.65,16.93,12.427,7.025,5.619,15.189,5.98,9.291,12.341,15.176,22.635,23.719,24.677,19.79,14.615,10.87,7.243,5.781,14.342,5.164,8.058,11.72,16.66,21.918,22.365,25.175,21.29,16.253,10.381,7.146,5.461,14.3,6.856,7.796,9.902,15.691,18.55,22.729,26.357,23.051,17.415,11.156,6.819,5.09,14.285,0.382,0.422,0.455,0.561,0.551,0.591,0.612,0.657,0.577,0.569,0.449,0.443,0.55,0.413,0.468,0.455,0.443,0.575,0.569,0.61,0.551,0.496,0.496,0.461,0.452,0.517,0.361,0.41,0.43,0.485,0.553,0.536,0.622,0.589,0.552,0.471,0.456,0.431,0.519,0.479,0.397,0.368,0.456,0.467,0.548,0.654,0.642,0.59,0.508,0.429,0.401,0.517,84.118,80.099,74.638,58.164,67.096,53.776,37.786,30.174,48.118,55.297,72.282,75.917,61.457,81.431,75.52,78.521,80.218,54.498,54.604,40.997,47.28,66.715,67.593,73.124,75.225,66.312,85.029,78.057,84.456,73.516,56.846,66.281,38.279,42.256,55.004,71.539,77.503,78.425,67.265,66.531,88.195,86.887,82.095,78.07,59.13,31.545,30.828,50.559,66.914,80.743,81.021,66.875,2.348,2.495,0.867,0.939,1.288,2.08,0.216,0.496,0.424,0.503,1.784,1.048,1.21,1.854,1.64,2.314,1.0,2.049,2.066,1.075,1.354,1.833,1.315,1.925,1.5,1.658,4.16,2.045,2.533,1.17,1.16,2.602,0.394,0.509,1.613,1.594,1.192,1.996,1.746,1.305,2.115,2.847,3.315,2.453,3.374,1.536,0.06,1.05,2.325,2.517,2.001,2.075
40.67,36.0,5.517,8.274,12.274,18.893,21.609,24.43,24.512,23.638,16.935,12.756,7.244,5.756,15.154,6.2,9.684,12.299,15.237,22.657,23.525,24.369,19.655,14.464,10.994,7.389,5.919,14.366,5.299,8.185,11.456,16.929,21.543,22.157,24.562,21.17,16.397,10.32,7.26,5.601,14.24,7.163,8.102,10.106,15.444,18.549,22.232,26.294,23.097,17.322,11.155,7.031,5.307,14.317,0.382,0.417,0.45,0.547,0.546,0.586,0.605,0.655,0.574,0.579,0.457,0.447,0.546,0.423,0.483,0.451,0.444,0.574,0.564,0.603,0.547,0.489,0.498,0.465,0.456,0.516,0.366,0.413,0.418,0.492,0.544,0.532,0.606,0.585,0.556,0.464,0.457,0.436,0.514,0.495,0.41,0.373,0.447,0.466,0.535,0.652,0.641,0.584,0.504,0.438,0.411,0.516,82.283,78.927,74.075,58.084,66.335,54.905,40.212,31.187,47.693,52.025,67.84,74.042,60.635,79.595,72.08,77.014,79.959,53.139,54.363,42.996,48.415,65.879,64.934,70.113,72.441,65.079,83.251,77.459,84.042,72.004,56.417,66.821,41.299,43.699,52.879,70.313,75.374,76.22,66.647,63.549,86.5,85.726,82.557,77.511,60.65,31.191,31.118,50.475,65.557,79.291,78.807,66.076,2.257,2.423,0.932,0.964,1.396,2.102,0.205,0.454,0.356,0.441,1.691,0.902,1.179,1.786,1.467,2.361,0.964,1.914,2.047,1.0,1.16,1.816,1.2,1.863,1.373,1.577,3.854,1.814,2.442,1.137,1.214,2.733,0.39,0.472,1.583,1.528,1.257,1.803,1.684,1.149,1.925,2.784,3.438,2.405,3.364,1.504,0.065,1.061,2.176,2.229,1.825,1.994
41.0,36.33,5.415,8.23,12.115,18.896,21.563,24.574,24.479,23.451,16.738,12.458,7.031,5.67,15.052,6.033,9.388,12.334,15.186,22.53,23.544,24.407,19.503,14.274,10.76,7.285,5.813,14.255,5.172,8.013,11.561,16.568,21.618,22.16,24.684,20.832,16.103,10.168,7.133,5.575,14.133,6.961,7.908,9.83,15.47,18.417,22.379,26.159,22.793,17.187,10.952,6.88,5.132,14.173,0.378,0.416,0.447,0.549,0.544,0.589,0.604,0.65,0.569,0.569,0.446,0.444,0.544,0.414,0.471,0.454,0.443,0.573,0.564,0.603,0.543,0.483,0.489,0.461,0.451,0.513,0.359,0.406,0.423,0.482,0.545,0.531,0.609,0.576,0.546,0.46,0.452,0.437,0.512,0.484,0.402,0.364,0.448,0.463,0.54,0.649,0.634,0.581,0.498,0.431,0.402,0.512,84.368,79.958,75.86,58.585,68.36,54.849,41.076,33.159,50.65,56.353,72.384,76.185,62.649,81.373,75.035,77.968,80.508,54.534,55.132,43.53,50.263,69.007,68.632,72.859,74.893,66.98,84.982,77.913,84.853,73.841,57.709,67.923,42.07,46.809,56.128,72.708,78.343,78.025,68.441,66.173,88.403,86.952,82.739,78.626,60.99,32.996,33.758,52.997,68.288,81.218,81.359,67.873,2.493,2.443,0.961,0.963,1.4,2.032,0.221,0.57,0.429,0.493,2.002,0.957,1.249,1.769,1.679,2.374,0.998,2.072,2.078,1.108,1.282,1.985,1.41,1.99,1.406,1.676,4.156,1.929,2.622,1.172,1.218,2.644,0.427,0.557,1.768,1.674,1.335,1.953,1.787,1.362,2.153,2.841,3.499,2.455,3.552,1.628,0.064,1.202,2.559,2.263,1.958,2.128
41.0,35.67,5.419,8.218,12.192,18.984,21.608,24.442,24.556,23.66,16.791,12.486,7.103,5.668,15.095,6.07,9.34,12.247,15.073,22.55,23.404,24.529,19.687,14.263,10.792,7.339,5.867,14.263,5.233,8.011,11.558,16.715,21.659,22.262,24.968,21.127,16.207,10.204,7.197,5.525,14.223,6.964,7.911,9.967,15.459,18.424,22.367,26.376,23.001,17.185,11.054,6.926,5.193,14.236,0.379,0.416,0.45,0.551,0.545,0.586,0.607,0.656,0.571,0.57,0.45,0.444,0.546,0.417,0.469,0.45,0.44,0.573,0.561,0.606,0.549,0.483,0.49,0.464,0.454,0.514,0.364,0.407,0.423,0.486,0.546,0.534,0.615,0.583,0.55,0.461,0.457,0.434,0.515,0.485,0.402,0.369,0.448,0.463,0.539,0.654,0.64,0.581,0.502,0.433,0.406,0.515,82.892,78.866,73.939,57.103,66.838,54.96,39.206,31.187,48.602,54.662,69.081,74.502,60.988,79.858,73.63,77.313,79.947,53.83,55.334,42.07,47.649,67.333,66.871,70.998,72.921,65.648,83.536,77.174,83.892,72.733,56.429,66.536,39.616,43.483,54.24,71.031,76.511,76.631,66.816,64.996,87.307,85.984,82.559,78.095,60.086,31.554,31.894,51.135,66.263,79.637,79.874,66.613,2.294,2.334,0.877,0.972,1.407,2.252,0.214,0.454,0.356,0.48,1.725,0.924,1.194,1.678,1.533,2.305,0.997,1.978,2.145,1.042,1.275,1.87,1.252,1.884,1.431,1.613,3.946,1.912,2.43,1.16,1.182,2.811,0.401,0.5,1.652,1.531,1.219,1.888,1.717,1.236,1.913,2.819,3.363,2.518,3.496,1.5,0.059,1.104,2.299,2.237,1.913,2.038
41.33,35.67,5.468,8.346,12.451,19.439,21.879,24.524,24.903,23.763,17.028,12.485,7.067,5.615,15.249,5.992,9.297,12.298,15.123,22.686,23.664,24.771,19.949,14.706,10.926,7.267,5.8,14.372,5.186,8.09,11.742,16.781,22.006,22.438,25.372,21.545,16.347,10.462,7.188,5.404,14.38,6.852,7.8,10.026,15.775,18.549,22.768,26.504,23.238,17.495,11.281,6.823,5.126,14.354,0.385,0.425,0.459,0.565,0.553,0.588,0.615,0.66,0.58,0.572,0.452,0.443,0.552,0.415,0.469,0.453,0.441,0.576,0.568,0.613,0.556,0.5,0.498,0.463,0.454,0.518,0.363,0.412,0.432,0.488,0.556,0.539,0.627,0.596,0.556,0.475,0.458,0.427,0.522,0.479,0.397,0.372,0.459,0.467,0.548,0.658,0.647,0.592,0.513,0.43,0.403,0.52,82.725,79.23,72.683,56.989,65.325,53.294,35.591,27.616,45.436,52.658,69.646,74.273,59.624,80.131,74.194,78.031,79.546,53.67,53.892,39.083,44.699,64.476,65.609,71.388,73.477,64.851,83.813,77.445,83.534,72.273,55.254,64.661,35.596,38.847,52.907,69.648,75.468,77.248,65.557,65.329,87.12,85.988,81.347,77.204,57.828,29.581,28.075,48.015,64.794,79.222,79.523,65.335,2.211,2.457,0.815,0.956,1.294,2.267,0.225,0.42,0.394,0.506,1.563,1.052,1.183,1.822,1.537,2.264,1.017,1.971,2.088,1.035,1.441,1.773,1.194,1.839,1.557,1.626,3.971,2.019,2.412,1.155,1.138,2.758,0.412,0.476,1.539,1.498,1.078,1.964,1.7,1.172,1.964,2.842,3.166,2.476,3.323,1.46,0.063,0.955,2.086,2.57,1.974,2.005
40.67,36.33,5.559,8.329,12.29,18.891,21.558,24.416,24.42,23.478,16.971,12.839,7.237,5.778,15.148,6.197,9.796,12.337,15.311,22.693,23.57,24.24,19.559,14.51,11.041,7.379,5.894,14.377,5.256,8.25,11.413,16.906,21.513,22.053,24.285,21.022,16.38,10.348,7.257,5.631,14.193,7.219,8.148,10.082,15.472,18.523,22.168,26.147,23.044,17.372,11.171,7.007,5.301,14.304,0.384,0.419,0.45,0.548,0.545,0.585,0.603,0.651,0.576,0.582,0.456,0.448,0.546,0.423,0.489,0.452,0.446,0.575,0.565,0.6,0.544,0.49,0.499,0.465,0.454,0.516,0.363,0.415,0.417,0.491,0.544,0.529,0.601,0.581,0.555,0.465,0.456,0.436,0.512,0.498,0.411,0.372,0.449,0.467,0.533,0.648,0.639,0.586,0.504,0.436,0.41,0.515,82.376,79.164,74.344,58.622,66.145,54.377,40.893,31.307,47.443,50.765,68.279,73.975,60.641,79.767,72.064,77.113,79.883,52.857,53.539,43.252,49.242,65.56,64.51,69.994,72.619,65.035,83.475,77.665,84.176,71.855,56.352,66.975,42.157,44.7,52.724,70.243,74.971,76.11,66.783,63.098,86.43,85.822,82.122,77.176,60.749,31.07,30.732,50.236,65.499,79.316,78.646,65.906,2.298,2.504,0.975,0.958,1.385,2.017,0.213,0.504,0.397,0.442,1.76,0.918,1.2,1.857,1.498,2.376,0.95,1.916,1.977,1.014,1.186,1.858,1.239,1.878,1.354,1.59,3.852,1.777,2.514,1.138,1.228,2.669,0.435,0.493,1.611,1.589,1.29,1.802,1.699,1.135,2.02,2.771,3.472,2.355,3.338,1.577,0.075,1.066,2.202,2.261,1.815,2.008
40.67,35.67,5.571,8.308,12.433,19.035,21.684,24.348,24.69,23.824,17.088,12.866,7.359,5.788,15.251,6.259,9.736,12.295,15.235,22.732,23.488,24.525,19.893,14.603,11.121,7.429,5.966,14.44,5.362,8.25,11.472,17.104,21.619,22.244,24.77,21.478,16.572,10.425,7.342,5.567,14.35,7.202,8.135,10.286,15.525,18.602,22.261,26.482,23.337,17.462,11.296,7.088,5.383,14.422,0.386,0.418,0.455,0.552,0.548,0.584,0.61,0.66,0.58,0.584,0.464,0.449,0.55,0.427,0.486,0.45,0.443,0.575,0.564,0.608,0.553,0.494,0.502,0.467,0.46,0.518,0.37,0.416,0.419,0.496,0.546,0.534,0.612,0.593,0.562,0.469,0.461,0.433,0.517,0.497,0.41,0.379,0.45,0.468,0.535,0.656,0.648,0.589,0.509,0.441,0.416,0.519,80.492,77.844,71.997,56.583,64.409,54.232,37.604,28.252,44.476,48.913,64.196,72.108,58.427,78.063,70.127,76.242,79.154,52.008,53.488,40.695,45.425,63.061,62.219,68.147,70.365,63.251,81.688,76.684,82.858,70.503,54.726,65.039,38.601,39.921,50.166,68.013,72.792,74.855,64.654,61.806,85.089,84.486,81.861,76.461,59.436,28.887,28.077,47.279,63.089,77.432,76.938,64.235,2.072,2.376,0.87,0.977,1.402,2.312,0.202,0.371,0.317,0.424,1.445,0.882,1.14,1.746,1.338,2.338,0.969,1.793,2.091,0.944,1.161,1.717,1.046,1.775,1.413,1.526,3.654,1.786,2.288,1.113,1.189,2.858,0.392,0.423,1.45,1.405,1.142,1.739,1.618,1.006,1.729,2.806,3.302,2.43,3.254,1.399,0.064,0.963,1.894,2.254,1.767,1.906
40.67,37.0,5.634,8.505,12.198,18.754,21.223,24.485,24.01,22.735,16.926,12.889,7.06,5.816,15.019,6.09,9.812,12.565,15.521,22.746,23.618,23.888,19.064,14.294,11.007,7.294,5.737,14.304,5.018,8.253,11.419,16.475,21.43,21.699,23.427,20.086,16.052,10.212,7.167,5.703,13.911,7.229,8.188,9.811,15.469,18.274,21.939,25.544,22.555,17.401,11.013,6.815,5.134,14.113,0.388,0.426,0.444,0.546,0.538,0.585,0.592,0.632,0.575,0.585,0.446,0.451,0.542,0.418,0.49,0.459,0.451,0.576,0.566,0.592,0.529,0.483,0.497,0.461,0.445,0.512,0.346,0.414,0.42,0.478,0.544,0.52,0.582,0.558,0.544,0.459,0.45,0.439,0.503,0.498,0.413,0.361,0.45,0.463,0.526,0.633,0.623,0.588,0.496,0.426,0.399,0.505,83.669,79.964,76.333,60.237,67.118,52.425,43.44,33.18,48.162,49.783,72.203,74.722,61.767,80.899,73.557,77.584,79.739,52.57,51.395,43.821,53.13,66.714,65.377,70.802,74.389,65.834,84.964,77.914,84.46,72.468,57.022,67.994,45.299,51.159,54.127,71.416,75.267,76.494,68.217,63.242,87.002,86.572,80.417,76.446,61.648,31.631,31.909,50.381,66.902,80.191,79.569,66.323,2.938,3.009,1.316,1.046,1.669,1.831,0.428,0.927,0.752,0.58,2.857,1.091,1.538,2.172,1.94,2.592,1.003,1.961,1.784,1.261,1.65,2.637,1.877,2.21,1.451,1.877,4.154,1.75,3.249,1.18,1.4,2.329,0.885,0.73,2.138,2.198,1.562,2.03,1.967,1.289,2.792,3.031,3.804,2.303,3.534,2.076,0.207,1.473,2.772,2.536,1.939,2.315
41.0,37.33,5.574,8.461,12.19,18.926,21.208,24.723,24.234,22.667,16.869,12.656,6.895,5.767,15.013,5.974,9.588,12.771,15.623,22.681,23.775,24.114,19.085,14.235,10.864,7.16,5.628,14.292,4.924,8.09,11.614,16.15,21.64,21.796,23.585,19.868,15.863,10.086,7.085,5.633,13.861,7.021,7.976,9.678,15.685,18.199,22.191,25.508,22.346,17.474,10.851,6.705,4.989,14.051,0.385,0.426,0.444,0.552,0.539,0.591,0.598,0.631,0.575,0.577,0.438,0.452,0.543,0.414,0.48,0.468,0.454,0.575,0.57,0.598,0.53,0.482,0.491,0.455,0.441,0.513,0.342,0.407,0.428,0.468,0.551,0.522,0.586,0.553,0.538,0.456,0.447,0.436,0.502,0.486,0.404,0.357,0.457,0.463,0.531,0.632,0.618,0.592,0.491,0.422,0.391,0.504,84.753,80.705,77.245,59.795,68.488,51.578,42.025,32.597,48.68,52.351,75.526,76.175,62.49,82.053,75.295,78.034,79.831,53.322,50.695,42.343,53.418,67.95,67.865,73.208,76.355,66.701,86.055,77.882,84.619,73.521,57.203,67.885,44.694,52.641,55.741,72.837,76.841,78.397,69.028,65.135,88.355,86.864,79.779,76.861,61.312,31.352,32.407,50.042,68.622,81.373,81.209,66.94,3.381,3.267,1.44,1.129,1.866,1.921,0.549,1.135,0.951,0.689,3.516,1.225,1.756,2.294,2.249,2.763,1.102,2.059,1.846,1.434,1.976,3.1,2.26,2.477,1.605,2.095,4.517,1.902,3.671,1.205,1.468,2.254,1.099,0.86,2.457,2.504,1.67,2.276,2.157,1.482,3.193,3.271,3.94,2.35,3.756,2.274,0.274,1.749,3.13,2.761,2.088,2.525
41.0,36.67,5.532,8.387,12.169,18.916,21.33,24.686,24.363,22.859,16.818,12.59,6.923,5.739,15.025,5.975,9.578,12.661,15.51,22.592,23.738,24.191,19.217,14.332,10.815,7.178,5.676,14.289,4.976,8.053,11.587,16.215,21.599,21.87,23.894,20.123,15.908,10.138,7.079,5.647,13.924,7.002,7.965,9.685,15.664,18.237,22.288,25.642,22.432,17.405,10.849,6.74,5.022,14.076,0.383,0.423,0.445,0.552,0.542,0.59,0.6,0.636,0.574,0.574,0.439,0.449,0.543,0.413,0.48,0.465,0.45,0.573,0.569,0.6,0.534,0.485,0.49,0.456,0.444,0.513,0.346,0.406,0.427,0.47,0.549,0.524,0.594,0.56,0.539,0.458,0.447,0.438,0.505,0.486,0.403,0.357,0.456,0.463,0.534,0.635,0.621,0.59,0.491,0.424,0.394,0.505,84.696,80.461,76.868,59.228,68.359,52.048,41.517,32.552,49.333,53.11,74.826,76.159,62.427,81.954,75.122,77.977,79.818,53.545,51.363,42.44,52.505,68.156,68.077,73.239,75.777,66.668,85.766,77.798,84.759,73.61,57.076,67.834,44.021,50.886,55.981,72.692,77.324,78.193,68.83,65.169,88.474,86.849,80.452,77.383,60.928,31.646,32.442,50.949,68.547,81.35,81.387,67.128,2.935,2.825,1.213,1.014,1.568,1.91,0.349,0.918,0.716,0.576,2.735,1.066,1.486,2.006,2.004,2.543,1.033,2.103,1.916,1.297,1.618,2.516,1.824,2.221,1.452,1.875,4.344,1.855,3.141,1.189,1.328,2.4,0.768,0.741,2.12,2.106,1.514,2.093,1.966,1.441,2.725,3.013,3.695,2.366,3.656,2.024,0.143,1.461,2.953,2.437,2.01,2.329
41.33,36.67,5.537,8.454,12.346,19.329,21.631,24.829,24.683,23.191,17.061,12.552,6.969,5.688,15.189,5.941,9.418,12.67,15.522,22.763,23.979,24.495,19.575,14.701,11.01,7.149,5.652,14.406,4.992,8.115,11.733,16.32,21.911,22.109,24.43,20.655,16.166,10.391,7.142,5.528,14.125,6.928,7.846,9.789,15.779,18.462,22.707,25.851,22.746,17.643,11.103,6.698,4.972,14.21,0.388,0.428,0.454,0.564,0.548,0.594,0.609,0.646,0.582,0.575,0.446,0.449,0.551,0.413,0.474,0.467,0.453,0.577,0.575,0.606,0.544,0.499,0.501,0.457,0.445,0.518,0.35,0.411,0.433,0.474,0.556,0.53,0.606,0.574,0.549,0.472,0.455,0.433,0.513,0.484,0.4,0.362,0.459,0.468,0.545,0.641,0.631,0.599,0.505,0.424,0.393,0.512,85.109,81.183,76.8,59.397,67.716,51.231,38.667,30.514,47.404,53.726,75.246,76.798,61.982,82.718,76.787,79.058,80.065,53.991,51.897,40.688,50.136,66.403,67.178,74.512,77.504,66.747,86.576,78.495,84.723,73.991,57.467,66.719,41.135,46.995,55.61,72.355,77.063,79.174,68.359,65.94,88.704,87.287,80.671,77.348,59.914,31.628,30.971,49.44,67.832,81.582,81.601,66.908,2.756,2.958,1.118,0.959,1.453,1.852,0.352,0.833,0.699,0.571,2.588,1.18,1.444,2.191,1.971,2.49,0.993,2.037,1.845,1.239,1.568,2.335,1.767,2.159,1.527,1.841,4.389,1.976,3.06,1.198,1.272,2.146,0.695,0.655,1.919,2.073,1.405,2.126,1.91,1.399,2.793,3.009,3.589,2.36,3.362,1.931,0.154,1.3,2.677,2.754,2.036,2.281
40.67,37.33,5.682,8.599,12.223,18.715,21.155,24.467,23.84,22.634,16.999,12.991,7.088,5.843,15.018,6.124,9.806,12.584,15.558,22.871,23.6,23.809,18.969,14.22,11.105,7.326,5.733,14.31,5.012,8.319,11.43,16.533,21.44,21.651,23.243,19.997,16.093,10.219,7.2,5.689,13.901,7.279,8.252,9.848,15.382,18.297,21.816,25.487,22.577,17.436,11.091,6.812,5.134,14.116,0.391,0.431,0.445,0.545,0.536,0.586,0.588,0.628,0.577,0.589,0.448,0.453,0.542,0.42,0.489,0.459,0.453,0.578,0.565,0.59,0.526,0.481,0.501,0.463,0.445,0.512,0.345,0.416,0.42,0.48,0.544,0.52,0.577,0.555,0.545,0.46,0.452,0.437,0.502,0.5,0.416,0.362,0.448,0.463,0.524,0.632,0.624,0.588,0.5,0.426,0.398,0.505,83.518,79.95,76.427,60.985,66.916,52.396,44.044,33.49,47.407,48.97,71.939,74.437,61.705,80.698,73.475,77.659,79.815,52.337,51.548,44.082,53.516,66.18,64.498,70.189,74.559,65.715,85.0,78.023,84.238,72.243,57.396,68.029,45.539,51.749,53.538,71.138,74.579,76.244,68.144,63.041,86.472,86.667,80.195,75.912,62.064,31.748,31.982,49.741,66.443,79.904,79.049,66.1,3.247,3.376,1.497,1.139,1.912,1.818,0.606,1.068,0.925,0.669,3.46,1.231,1.746,2.432,2.096,2.757,1.046,1.879,1.702,1.345,1.922,3.085,2.218,2.388,1.587,2.037,4.245,1.791,3.655,1.193,1.523,2.171,1.148,0.803,2.369,2.508,1.676,2.158,2.104,1.287,3.139,3.249,4.002,2.296,3.547,2.246,0.326,1.682,2.834,2.847,1.997,2.456
40.67,36.67,5.624,8.469,12.217,18.769,21.313,24.45,24.059,22.932,16.953,12.915,7.125,5.812,15.053,6.137,9.844,12.485,15.463,22.755,23.609,23.924,19.17,14.365,11.049,7.335,5.789,14.328,5.088,8.278,11.387,16.625,21.418,21.771,23.581,20.347,16.17,10.272,7.204,5.694,13.986,7.265,8.214,9.897,15.421,18.364,21.965,25.678,22.705,17.385,11.085,6.877,5.191,14.169,0.387,0.425,0.445,0.546,0.54,0.585,0.593,0.637,0.575,0.586,0.45,0.45,0.543,0.42,0.491,0.457,0.45,0.576,0.566,0.592,0.532,0.485,0.499,0.463,0.448,0.513,0.351,0.415,0.417,0.482,0.543,0.522,0.585,0.564,0.547,0.462,0.452,0.439,0.505,0.5,0.414,0.364,0.448,0.464,0.527,0.636,0.628,0.587,0.5,0.429,0.402,0.508,83.407,79.857,76.023,60.199,66.864,53.107,43.305,33.093,48.149,49.95,71.15,74.585,61.639,80.647,73.234,77.564,79.908,52.663,52.182,44.247,52.473,66.418,64.942,70.502,74.065,65.739,84.695,78.028,84.548,72.357,57.129,67.947,44.983,49.666,53.805,71.213,75.182,76.293,67.988,63.074,86.802,86.517,81.08,76.688,61.683,31.885,31.895,50.718,66.489,80.037,79.25,66.341,2.73,2.886,1.226,1.007,1.574,1.817,0.365,0.802,0.645,0.532,2.537,1.044,1.431,2.116,1.8,2.516,0.965,1.937,1.797,1.177,1.48,2.391,1.694,2.098,1.398,1.779,4.044,1.735,3.036,1.172,1.353,2.365,0.746,0.651,1.971,2.034,1.495,1.943,1.878,1.229,2.594,2.922,3.732,2.3,3.434,1.94,0.173,1.338,2.585,2.459,1.887,2.218
40.67,38.0,5.768,8.796,12.249,18.594,20.722,24.618,23.317,22.103,17.079,13.106,7.005,5.909,14.936,6.19,9.647,12.94,15.806,23.165,23.588,23.574,18.512,13.713,11.228,7.331,5.625,14.279,4.944,8.448,11.578,16.42,21.539,21.462,22.574,19.457,15.975,9.969,7.215,5.586,13.764,7.305,8.331,9.844,15.218,18.304,21.468,25.186,22.306,17.488,11.116,6.732,5.05,14.027,0.397,0.44,0.446,0.54,0.522,0.591,0.576,0.612,0.577,0.594,0.445,0.46,0.54,0.426,0.481,0.471,0.461,0.584,0.566,0.583,0.513,0.465,0.506,0.463,0.438,0.512,0.338,0.422,0.424,0.478,0.547,0.515,0.559,0.538,0.541,0.449,0.454,0.429,0.495,0.5,0.42,0.363,0.445,0.464,0.516,0.626,0.617,0.588,0.501,0.422,0.391,0.502,84.342,80.867,77.973,63.825,68.487,52.934,47.452,36.018,46.89,49.253,74.466,75.272,63.148,81.191,75.068,78.227,80.56,52.88,52.609,45.949,57.32,67.044,65.153,70.202,76.811,66.919,86.375,78.477,84.283,72.918,59.38,69.263,48.038,56.913,53.821,72.53,74.676,77.561,69.52,64.273,86.342,87.308,79.245,74.948,64.114,33.067,34.608,49.332,67.267,80.568,79.334,66.7,4.657,4.703,2.225,1.538,2.937,1.875,1.322,1.711,1.641,1.068,6.065,1.765,2.627,3.285,2.853,3.443,1.291,1.677,1.515,1.795,3.102,4.997,3.676,3.179,2.164,2.749,4.8,2.006,5.314,1.261,2.0,1.68,2.166,1.155,3.45,3.755,2.135,2.748,2.708,1.445,4.53,4.123,4.787,2.324,3.838,2.941,0.768,2.625,3.391,3.997,2.295,3.09
41.0,37.67,5.654,8.625,12.219,18.915,20.802,24.84,23.642,22.254,16.997,12.838,6.839,5.832,14.951,6.044,9.487,13.032,15.871,23.028,23.79,23.86,18.642,13.68,11.032,7.17,5.524,14.266,4.869,8.256,11.696,16.165,21.807,21.667,22.745,19.333,15.811,9.823,7.146,5.501,13.735,7.095,7.99,9.751,15.562,18.242,21.78,25.292,22.213,17.552,10.941,6.677,4.943,14.001,0.392,0.433,0.444,0.551,0.526,0.596,0.585,0.617,0.575,0.584,0.438,0.458,0.542,0.42,0.475,0.476,0.464,0.581,0.57,0.591,0.518,0.465,0.498,0.456,0.434,0.512,0.335,0.414,0.429,0.471,0.554,0.52,0.563,0.536,0.537,0.444,0.452,0.425,0.495,0.489,0.406,0.361,0.455,0.463,0.524,0.629,0.615,0.592,0.496,0.42,0.386,0.502,85.402,81.998,78.806,62.81,69.929,52.68,45.758,34.827,48.104,52.709,77.777,77.021,63.985,82.528,76.822,78.657,80.996,53.784,51.943,44.563,57.247,68.796,68.459,73.313,79.064,68.017,87.352,78.829,84.745,73.987,59.254,69.194,47.605,58.228,55.705,74.576,76.509,79.878,70.489,66.416,88.267,87.464,79.179,75.992,63.801,32.452,34.867,49.308,69.497,82.098,80.995,67.529,5.065,4.989,2.279,1.609,3.08,1.981,1.371,1.836,1.786,1.146,6.548,1.876,2.799,3.442,3.1,3.632,1.369,1.847,1.649,1.912,3.297,5.324,3.953,3.465,2.257,2.939,5.205,2.214,5.684,1.28,2.021,1.724,2.297,1.239,3.695,3.98,2.254,2.999,2.885,1.637,4.863,4.276,4.946,2.34,4.091,3.073,0.814,2.849,3.623,4.14,2.411,3.256
40.67,38.33,5.804,8.849,12.273,18.496,20.624,24.584,23.185,21.967,17.101,13.184,7.055,5.937,14.919,6.253,9.668,13.002,15.801,23.216,23.515,23.435,18.437,13.712,11.316,7.388,5.647,14.285,4.972,8.549,11.551,16.467,21.433,21.343,22.5,19.581,16.032,9.986,7.232,5.585,13.77,7.384,8.467,9.881,15.074,18.368,21.378,25.079,22.273,17.46,11.187,6.732,5.084,14.028,0.4,0.444,0.447,0.537,0.519,0.591,0.573,0.609,0.578,0.597,0.448,0.461,0.538,0.429,0.483,0.473,0.46,0.586,0.565,0.58,0.511,0.465,0.51,0.467,0.439,0.512,0.34,0.428,0.422,0.479,0.543,0.512,0.558,0.542,0.543,0.449,0.456,0.43,0.495,0.506,0.426,0.364,0.441,0.465,0.514,0.623,0.616,0.588,0.503,0.422,0.394,0.502,84.255,80.722,77.853,64.719,68.339,53.194,48.755,37.107,46.611,48.179,73.668,75.047,63.203,80.924,75.122,78.248,80.601,53.015,53.436,47.117,58.127,66.678,64.245,69.212,76.322,66.921,86.492,78.549,84.333,72.942,59.8,69.628,48.729,56.564,53.48,72.168,74.394,77.086,69.514,63.497,85.918,87.328,79.215,74.622,64.393,34.018,35.257,50.105,66.615,80.308,79.113,66.699,4.375,4.476,2.17,1.48,2.836,1.828,1.3,1.637,1.538,1.028,5.77,1.704,2.513,3.15,2.716,3.306,1.246,1.566,1.438,1.748,2.984,4.773,3.5,2.974,2.13,2.628,4.557,1.862,5.028,1.258,1.967,1.633,2.033,1.091,3.295,3.595,2.02,2.589,2.578,1.34,4.324,3.975,4.637,2.317,3.664,2.835,0.726,2.461,3.26,3.928,2.215,2.974
40.67,37.67,5.763,8.775,12.25,18.594,20.834,24.537,23.417,22.223,17.081,13.119,7.055,5.902,14.96,6.18,9.716,12.818,15.725,23.107,23.564,23.587,18.635,13.882,11.234,7.353,5.662,14.291,4.961,8.452,11.509,16.474,21.461,21.47,22.73,19.612,16.037,10.079,7.223,5.633,13.803,7.34,8.359,9.855,15.211,18.306,21.532,25.232,22.398,17.472,11.141,6.749,5.084,14.054,0.396,0.439,0.446,0.541,0.526,0.588,0.579,0.616,0.578,0.594,0.447,0.458,0.54,0.425,0.485,0.467,0.458,0.583,0.565,0.584,0.516,0.47,0.506,0.465,0.44,0.512,0.34,0.422,0.422,0.479,0.545,0.515,0.563,0.543,0.543,0.454,0.454,0.433,0.497,0.503,0.421,0.363,0.444,0.464,0.518,0.627,0.619,0.588,0.502,0.423,0.394,0.502,83.963,80.448,77.453,63.134,67.699,52.623,46.672,35.42,46.722,48.497,73.186,74.732,62.545,80.909,74.484,78.04,80.257,52.507,52.264,45.514,56.234,66.413,64.275,69.703,75.821,66.37,85.868,78.294,84.158,72.545,58.782,68.862,47.424,55.314,53.44,71.751,74.253,76.734,68.953,63.432,86.086,87.094,79.463,75.012,63.546,32.785,33.761,49.35,66.617,80.133,79.012,66.357,4.128,4.24,1.986,1.392,2.588,1.831,1.083,1.492,1.391,0.926,5.151,1.578,2.317,2.997,2.574,3.186,1.195,1.701,1.534,1.633,2.691,4.332,3.165,2.872,1.963,2.487,4.538,1.88,4.718,1.236,1.845,1.803,1.821,1.028,3.066,3.33,1.965,2.512,2.48,1.353,4.061,3.813,4.505,2.307,3.69,2.709,0.619,2.278,3.17,3.606,2.174,2.859
40.67,39.0,5.862,8.821,12.228,18.245,20.007,24.61,22.561,21.23,16.939,13.218,6.974,5.975,14.721,6.347,9.559,13.337,15.81,23.211,23.232,22.919,17.97,13.312,11.313,7.422,5.63,14.175,5.069,8.767,11.658,16.395,21.219,20.854,21.79,19.74,15.856,9.682,7.168,5.482,13.641,7.505,8.676,9.839,14.871,18.502,21.029,24.552,21.768,17.174,11.219,6.678,5.135,13.911,0.407,0.445,0.447,0.53,0.503,0.593,0.556,0.591,0.574,0.6,0.443,0.464,0.529,0.433,0.479,0.486,0.457,0.587,0.561,0.568,0.5,0.452,0.512,0.47,0.436,0.509,0.346,0.441,0.426,0.476,0.536,0.5,0.543,0.548,0.537,0.435,0.454,0.424,0.491,0.515,0.436,0.36,0.434,0.468,0.503,0.607,0.603,0.58,0.504,0.42,0.399,0.497,84.789,81.536,78.248,68.506,70.378,55.001,55.467,42.453,48.21,47.985,74.747,75.918,65.268,80.75,77.189,78.446,81.566,54.842,56.823,52.582,63.564,68.671,65.5,67.945,76.582,68.705,87.867,79.354,85.281,74.405,62.084,72.256,53.487,58.851,54.819,73.871,75.803,77.977,71.339,63.173,86.556,87.789,78.836,74.559,65.988,38.208,40.413,55.034,67.177,81.049,80.005,68.23,4.065,4.121,2.218,1.484,2.838,1.716,1.441,1.62,1.434,1.064,5.732,1.686,2.451,2.893,2.574,3.154,1.217,1.258,1.266,1.803,2.894,4.719,3.544,2.64,2.273,2.52,4.156,1.561,4.679,1.318,2.012,1.619,1.795,1.007,3.257,3.433,1.803,2.328,2.413,1.183,4.066,3.678,4.407,2.295,3.348,2.658,0.711,2.225,3.16,4.191,2.118,2.837
41.0,39.33,5.69,8.535,12.114,18.427,19.751,24.755,22.447,20.979,16.709,13.005,6.789,5.887,14.589,6.181,9.171,13.385,15.63,23.017,23.139,22.949,17.801,12.952,11.092,7.258,5.533,14.013,4.908,8.492,11.524,16.071,21.346,20.762,21.388,19.624,15.537,9.297,7.056,5.331,13.445,7.396,8.259,9.683,15.005,18.472,21.099,24.359,21.451,17.023,11.049,6.609,5.037,13.786,0.398,0.433,0.444,0.536,0.497,0.597,0.554,0.586,0.568,0.594,0.434,0.461,0.525,0.424,0.462,0.488,0.451,0.582,0.559,0.569,0.496,0.441,0.503,0.463,0.431,0.504,0.337,0.43,0.422,0.467,0.539,0.498,0.533,0.546,0.526,0.419,0.45,0.415,0.485,0.511,0.417,0.355,0.438,0.467,0.504,0.602,0.595,0.577,0.499,0.419,0.395,0.494,85.677,82.577,78.331,68.798,72.134,55.246,56.943,43.528,50.011,50.517,77.269,77.003,66.502,81.162,79.358,78.38,82.484,56.157,57.979,53.295,65.595,71.325,68.627,69.591,77.962,70.16,89.095,80.113,85.792,75.703,62.594,73.619,55.455,60.819,57.128,76.47,77.522,79.608,72.828,63.342,88.607,87.686,78.376,75.113,66.217,39.431,42.885,57.578,69.142,82.225,81.15,69.31,4.311,4.31,2.269,1.521,2.906,1.763,1.572,1.744,1.508,1.17,6.193,1.81,2.588,2.978,2.752,3.278,1.246,1.282,1.313,1.964,3.056,5.042,3.819,2.765,2.436,2.661,4.38,1.599,4.885,1.361,2.039,1.677,1.839,1.056,3.505,3.625,1.849,2.473,2.524,1.261,4.305,3.606,4.415,2.239,3.461,2.754,0.75,2.348,3.327,4.446,2.145,2.922
40.67,39.33,5.951,8.858,12.259,18.121,19.979,24.57,22.439,21.197,16.971,13.274,6.971,5.993,14.714,6.384,9.615,13.356,15.83,23.242,23.142,22.784,17.991,13.372,11.318,7.452,5.652,14.181,5.16,8.917,11.723,16.521,21.16,20.695,21.702,19.877,15.881,9.797,7.159,5.508,13.675,7.577,8.819,9.853,14.859,18.583,20.975,24.459,21.746,17.062,11.305,6.675,5.186,13.925,0.412,0.446,0.447,0.525,0.503,0.591,0.554,0.59,0.576,0.602,0.442,0.464,0.529,0.436,0.481,0.486,0.457,0.587,0.558,0.565,0.499,0.454,0.511,0.471,0.436,0.51,0.352,0.449,0.429,0.479,0.534,0.497,0.541,0.552,0.537,0.441,0.453,0.426,0.492,0.521,0.442,0.361,0.433,0.47,0.502,0.605,0.602,0.576,0.508,0.42,0.402,0.498,84.481,81.43,78.213,69.282,70.226,55.148,56.513,43.28,48.03,47.64,74.088,75.452,65.315,80.465,77.305,78.525,81.427,54.686,57.118,53.546,63.761,68.179,64.793,67.174,75.938,68.576,87.596,79.099,85.525,74.222,62.405,72.379,54.168,58.176,54.683,73.518,75.773,77.706,71.271,63.12,86.238,88.139,79.023,74.604,66.181,38.752,41.231,55.501,66.669,80.92,79.858,68.351,3.768,3.869,2.159,1.452,2.741,1.603,1.351,1.521,1.323,1.013,5.343,1.601,2.312,2.725,2.394,3.013,1.177,1.153,1.206,1.714,2.605,4.429,3.409,2.426,2.257,2.377,3.931,1.432,4.372,1.335,1.99,1.674,1.558,0.917,3.101,3.211,1.662,2.143,2.276,1.098,3.83,3.507,4.264,2.299,3.143,2.459,0.662,1.962,3.002,4.197,2.071,2.708
40.67,38.67,5.884,8.885,12.275,18.269,20.206,24.591,22.73,21.464,17.041,13.255,7.026,5.983,14.799,6.35,9.619,13.248,15.828,23.26,23.319,23.054,18.135,13.476,11.365,7.443,5.645,14.231,5.066,8.755,11.669,16.467,21.251,20.987,22.028,19.724,15.958,9.836,7.201,5.529,13.707,7.501,8.694,9.885,14.887,18.497,21.115,24.708,21.953,17.278,11.251,6.692,5.134,13.965,0.407,0.447,0.448,0.53,0.508,0.592,0.561,0.597,0.577,0.601,0.446,0.464,0.532,0.434,0.481,0.482,0.459,0.588,0.562,0.571,0.503,0.457,0.513,0.471,0.437,0.511,0.346,0.44,0.426,0.478,0.537,0.504,0.548,0.547,0.54,0.443,0.455,0.427,0.493,0.514,0.436,0.362,0.435,0.468,0.506,0.612,0.607,0.583,0.505,0.42,0.398,0.499,84.423,81.092,78.122,67.573,69.518,54.393,53.429,40.847,47.222,47.607,73.935,75.408,64.463,80.663,76.358,78.388,81.167,54.067,55.765,50.982,61.737,67.529,64.421,67.849,76.247,67.931,87.297,78.93,84.879,73.788,61.474,71.306,51.945,57.835,54.05,72.933,75.078,77.393,70.576,63.091,85.961,87.67,78.942,74.376,65.558,36.954,38.801,53.113,66.525,80.606,79.53,67.593,4.116,4.21,2.217,1.482,2.855,1.726,1.396,1.62,1.462,1.046,5.707,1.687,2.46,2.966,2.591,3.176,1.225,1.308,1.282,1.772,2.899,4.719,3.534,2.707,2.236,2.535,4.212,1.614,4.756,1.3,2.016,1.586,1.86,1.024,3.254,3.476,1.848,2.373,2.443,1.201,4.143,3.782,4.467,2.306,3.396,2.702,0.719,2.267,3.16,4.129,2.147,2.869
40.67,40.0,6.156,8.765,12.266,17.683,19.584,24.522,21.841,20.758,16.888,13.331,6.768,6.072,14.555,6.391,9.401,13.544,15.639,23.128,22.709,22.288,17.918,13.126,11.037,7.422,5.716,14.027,5.34,9.085,11.677,16.764,21.061,19.995,20.835,20.266,15.634,9.805,7.017,5.497,13.58,7.753,8.843,9.645,14.944,18.679,20.676,23.933,21.321,16.505,11.385,6.667,5.298,13.807,0.426,0.441,0.447,0.511,0.495,0.588,0.542,0.578,0.574,0.604,0.43,0.469,0.523,0.438,0.47,0.494,0.453,0.584,0.548,0.553,0.495,0.444,0.497,0.469,0.44,0.506,0.366,0.458,0.429,0.486,0.532,0.481,0.519,0.56,0.529,0.444,0.444,0.425,0.489,0.536,0.442,0.354,0.432,0.473,0.495,0.592,0.59,0.555,0.513,0.42,0.411,0.493,83.347,81.652,77.544,72.097,71.451,56.505,62.689,48.199,50.102,48.436,74.046,73.654,66.646,79.072,78.804,78.085,81.675,55.302,59.579,58.67,66.957,70.151,65.503,66.002,74.291,69.506,87.258,78.59,86.896,74.086,63.692,74.658,59.217,58.22,56.452,74.777,77.428,77.315,72.38,61.593,87.178,89.383,78.98,75.413,67.898,42.848,47.245,60.302,66.918,81.074,79.654,69.872,3.468,3.526,2.134,1.593,2.727,1.381,1.48,1.576,1.223,1.081,4.84,1.66,2.225,2.406,2.201,2.963,1.112,0.905,1.104,1.831,2.045,4.347,3.758,2.077,2.585,2.28,3.709,1.194,3.861,1.443,2.1,2.115,0.994,0.734,3.167,3.165,1.51,1.897,2.157,1.101,3.683,3.163,3.88,2.29,2.935,2.156,0.706,1.598,3.142,4.973,2.174,2.648
41.0,39.67,5.836,8.363,12.075,17.881,19.396,24.655,21.746,20.564,16.557,13.084,6.6,5.906,14.39,6.16,8.897,13.445,15.367,22.892,22.498,22.398,17.626,12.645,10.802,7.226,5.573,13.796,4.953,8.649,11.114,16.329,21.239,19.911,20.42,19.893,15.229,9.333,6.89,5.346,13.273,7.616,8.259,9.475,14.979,18.634,20.77,23.795,21.055,16.343,11.15,6.589,5.139,13.653,0.408,0.425,0.441,0.518,0.489,0.592,0.54,0.574,0.564,0.596,0.423,0.46,0.519,0.426,0.447,0.491,0.445,0.577,0.543,0.556,0.488,0.429,0.488,0.459,0.433,0.499,0.343,0.439,0.41,0.475,0.537,0.48,0.509,0.55,0.516,0.425,0.44,0.416,0.48,0.531,0.414,0.349,0.433,0.472,0.496,0.589,0.583,0.55,0.504,0.419,0.402,0.488,85.002,82.428,77.513,71.534,72.677,56.128,63.108,48.167,51.675,50.86,76.124,74.665,67.493,79.598,80.821,77.91,82.448,56.289,60.635,57.805,68.23,72.855,68.511,67.656,75.504,70.686,88.697,79.474,87.505,75.158,63.693,76.043,60.614,60.484,58.863,77.396,78.757,78.673,73.777,61.35,89.179,89.041,78.551,75.634,67.806,42.756,48.255,62.09,69.006,82.226,80.627,70.542,3.766,3.782,2.166,1.526,2.686,1.441,1.531,1.669,1.291,1.182,5.502,1.731,2.357,2.521,2.403,3.046,1.152,0.983,1.186,1.946,2.319,4.68,3.885,2.257,2.669,2.423,3.991,1.261,4.18,1.464,2.047,2.073,1.18,0.852,3.418,3.325,1.557,2.097,2.287,1.136,3.88,3.044,3.948,2.2,3.037,2.287,0.708,1.762,3.244,4.959,2.124,2.692
40.67,40.33,6.31,8.915,12.402,17.586,19.656,24.47,21.884,20.837,17.111,13.453,6.817,6.188,14.638,6.47,9.491,13.585,15.659,23.187,22.808,22.219,18.181,13.32,11.113,7.503,5.783,14.11,5.51,9.205,11.909,16.999,20.969,19.981,20.907,20.553,15.814,10.023,7.055,5.553,13.705,7.829,8.953,9.689,14.985,18.68,20.637,23.952,21.407,16.587,11.467,6.69,5.363,13.856,0.436,0.447,0.452,0.509,0.497,0.586,0.542,0.58,0.581,0.608,0.433,0.477,0.525,0.443,0.475,0.495,0.454,0.586,0.55,0.551,0.503,0.45,0.501,0.474,0.445,0.509,0.377,0.463,0.437,0.492,0.53,0.48,0.52,0.568,0.535,0.453,0.446,0.429,0.493,0.54,0.447,0.355,0.434,0.473,0.494,0.592,0.592,0.557,0.516,0.421,0.415,0.494,82.206,81.456,77.369,72.408,71.122,57.07,63.127,48.913,49.98,47.879,73.364,72.868,66.482,78.779,78.263,78.155,81.585,55.048,59.735,59.941,66.914,69.852,64.443,65.757,73.901,69.363,86.664,78.223,86.673,73.523,63.625,74.468,59.639,57.404,55.944,74.066,77.267,76.529,72.0,60.826,86.785,89.531,79.033,75.567,68.57,44.302,48.143,60.191,65.975,80.581,79.18,69.889,3.49,3.592,2.133,1.722,2.848,1.422,1.628,1.691,1.265,1.114,4.493,1.803,2.268,2.464,2.214,3.06,1.094,0.894,1.082,1.968,1.952,4.453,4.037,2.071,2.729,2.336,3.74,1.206,3.739,1.447,2.201,2.245,0.896,0.674,3.249,3.415,1.615,1.923,2.196,1.218,3.918,3.325,3.786,2.321,3.093,2.252,0.803,1.679,3.396,5.384,2.361,2.793
40.67,39.67,6.151,8.864,12.314,17.789,19.72,24.533,22.044,20.927,16.986,13.359,6.86,6.082,14.637,6.435,9.555,13.534,15.747,23.204,22.893,22.418,18.01,13.285,11.178,7.466,5.715,14.121,5.356,9.135,11.796,16.765,21.052,20.216,21.165,20.247,15.784,9.878,7.084,5.522,13.666,7.739,8.949,9.747,14.909,18.682,20.76,24.107,21.496,16.719,11.403,6.676,5.295,13.875,0.426,0.446,0.449,0.515,0.498,0.589,0.546,0.583,0.577,0.605,0.435,0.469,0.526,0.44,0.478,0.493,0.455,0.586,0.552,0.556,0.498,0.45,0.504,0.472,0.44,0.509,0.367,0.46,0.432,0.486,0.532,0.486,0.527,0.56,0.534,0.446,0.448,0.427,0.492,0.534,0.447,0.357,0.432,0.473,0.497,0.596,0.595,0.563,0.513,0.42,0.41,0.496,83.399,81.479,77.775,71.452,70.92,56.239,60.962,46.749,49.049,47.699,73.689,74.047,66.123,79.44,78.162,78.233,81.522,54.984,58.8,57.459,65.922,69.093,64.746,65.991,74.616,69.079,87.19,78.581,86.437,73.988,63.394,73.829,57.66,57.769,55.537,73.998,76.715,77.195,71.857,61.907,86.596,89.037,79.031,75.108,67.435,41.769,45.344,58.496,66.426,80.888,79.636,69.305,3.465,3.553,2.128,1.551,2.721,1.43,1.418,1.524,1.224,1.032,4.824,1.622,2.208,2.465,2.205,2.937,1.126,0.954,1.108,1.761,2.142,4.272,3.606,2.122,2.467,2.266,3.692,1.235,3.914,1.408,2.072,1.986,1.106,0.758,3.069,3.126,1.524,1.914,2.15,1.076,3.667,3.266,3.963,2.304,2.952,2.214,0.682,1.65,3.048,4.735,2.146,2.64
40.67,41.0,6.634,9.088,12.705,17.293,19.587,24.234,21.601,20.656,17.528,13.72,6.819,6.42,14.694,6.636,9.333,13.582,15.553,23.015,22.65,21.686,18.738,13.439,11.047,7.666,5.921,14.103,5.853,9.393,12.215,17.648,20.618,19.573,20.408,21.269,15.952,10.347,7.058,5.644,13.831,8.019,8.837,9.712,15.224,18.522,20.282,23.614,21.346,16.48,11.497,6.742,5.54,13.821,0.458,0.453,0.467,0.504,0.497,0.58,0.534,0.574,0.593,0.619,0.433,0.496,0.525,0.454,0.468,0.496,0.453,0.584,0.546,0.536,0.521,0.454,0.498,0.485,0.458,0.509,0.4,0.471,0.447,0.509,0.522,0.468,0.507,0.587,0.539,0.467,0.445,0.435,0.494,0.553,0.443,0.356,0.441,0.468,0.487,0.583,0.591,0.554,0.517,0.422,0.429,0.493,79.254,81.253,76.299,73.467,70.831,59.153,66.959,53.574,51.837,46.829,72.652,70.827,66.91,77.601,77.822,78.253,81.445,54.902,61.856,65.206,68.337,72.257,63.201,65.635,72.9,69.949,85.27,77.323,86.433,71.544,63.419,75.091,63.795,56.476,55.952,73.585,77.665,74.538,71.757,57.643,86.875,90.018,78.694,76.364,71.493,50.571,53.099,62.867,64.166,79.007,77.639,70.7,3.986,4.115,2.17,2.248,3.309,1.657,2.436,2.348,1.519,1.425,3.931,2.44,2.634,2.761,2.472,3.611,1.057,0.923,1.108,2.751,1.899,5.375,5.317,2.204,3.437,2.741,4.167,1.312,3.571,1.484,2.531,2.84,0.721,0.582,3.95,4.67,2.143,2.254,2.52,1.795,5.035,3.75,3.451,2.36,3.904,2.804,1.246,2.292,4.709,7.171,3.089,3.465
41.0,41.33,6.327,8.636,12.571,17.241,19.274,24.07,21.076,20.209,17.307,13.617,6.63,6.248,14.437,6.403,8.726,13.049,15.188,22.62,21.98,21.26,18.437,12.778,10.786,7.539,5.743,13.707,5.485,8.992,11.619,17.588,20.47,18.955,19.381,20.983,15.534,9.968,6.853,5.569,13.45,7.937,8.119,9.58,15.329,18.364,19.952,23.115,20.966,16.104,11.237,6.593,5.399,13.561,0.441,0.433,0.464,0.504,0.489,0.576,0.521,0.562,0.586,0.617,0.425,0.487,0.517,0.441,0.441,0.478,0.443,0.574,0.529,0.525,0.513,0.433,0.487,0.479,0.448,0.497,0.378,0.453,0.425,0.508,0.518,0.453,0.482,0.58,0.525,0.452,0.435,0.431,0.481,0.552,0.41,0.353,0.444,0.464,0.479,0.571,0.581,0.542,0.508,0.415,0.422,0.484,80.789,82.078,76.169,73.929,72.205,60.665,70.563,56.959,54.967,48.362,74.934,71.357,68.579,78.428,80.039,79.255,82.437,56.068,65.525,67.517,71.232,77.243,65.363,67.453,74.24,72.064,86.84,78.546,87.464,71.465,63.46,77.901,69.198,59.697,58.68,76.345,79.682,75.442,73.726,57.726,89.245,90.009,78.527,76.996,73.824,54.314,56.708,66.494,65.198,80.005,78.754,72.313,4.501,4.651,2.213,2.336,3.379,1.799,2.819,2.724,1.655,1.674,4.233,2.8,2.901,3.042,2.724,3.88,1.085,0.993,1.215,3.22,2.067,6.126,6.013,2.404,3.917,3.054,4.692,1.431,3.729,1.504,2.531,3.029,0.789,0.65,4.537,5.458,2.442,2.604,2.784,2.111,5.762,3.759,3.35,2.29,4.326,3.119,1.471,2.705,5.432,8.039,3.434,3.815
41.0,40.67,6.175,8.427,12.352,17.162,19.213,24.167,21.023,20.124,17.079,13.49,6.568,6.18,14.333,6.258,8.598,13.016,15.024,22.664,21.892,21.373,18.077,12.534,10.718,7.439,5.69,13.604,5.309,8.766,11.3,17.281,20.65,18.908,19.254,20.628,15.374,9.756,6.796,5.489,13.292,7.846,7.971,9.462,15.222,18.412,20.052,23.172,20.775,15.996,11.204,6.568,5.304,13.502,0.431,0.422,0.455,0.501,0.487,0.578,0.52,0.559,0.579,0.611,0.421,0.482,0.513,0.432,0.434,0.477,0.439,0.575,0.528,0.529,0.503,0.424,0.484,0.473,0.444,0.493,0.365,0.442,0.414,0.499,0.523,0.452,0.479,0.57,0.521,0.443,0.432,0.425,0.476,0.545,0.402,0.348,0.44,0.466,0.482,0.572,0.576,0.538,0.507,0.414,0.415,0.482,82.159,82.685,76.833,74.406,73.132,60.724,71.257,57.217,56.561,50.694,75.966,72.007,69.469,78.855,80.825,79.339,83.033,56.892,66.218,67.313,72.929,78.183,67.423,68.424,74.9,72.858,87.742,79.449,88.109,72.849,63.717,79.169,69.75,62.177,60.418,77.825,80.553,76.679,74.869,58.776,89.831,90.201,78.706,77.239,73.804,53.826,57.768,68.193,66.916,81.252,79.512,72.999,4.467,4.594,2.245,2.22,3.275,1.732,2.65,2.62,1.627,1.636,4.515,2.709,2.86,3.005,2.73,3.793,1.094,0.986,1.225,3.09,2.111,6.065,5.897,2.44,3.845,3.021,4.684,1.432,3.863,1.523,2.481,2.913,0.84,0.683,4.516,5.244,2.343,2.569,2.758,1.987,5.552,3.675,3.451,2.271,4.176,2.98,1.394,2.595,5.225,7.729,3.28,3.691
41.33,41.33,6.292,8.742,12.741,17.545,19.395,24.292,21.575,20.713,17.54,13.571,6.706,6.209,14.614,6.369,8.71,13.071,15.11,22.541,22.318,21.776,18.991,13.092,10.968,7.501,5.669,13.841,5.464,9.07,11.79,17.516,20.456,19.28,19.868,21.342,15.638,10.026,6.929,5.575,13.58,7.969,8.26,9.706,15.423,18.491,20.318,23.263,21.386,16.538,11.229,6.485,5.364,13.705,0.442,0.441,0.47,0.512,0.492,0.582,0.534,0.577,0.597,0.619,0.433,0.489,0.526,0.441,0.442,0.479,0.441,0.572,0.537,0.539,0.528,0.445,0.499,0.48,0.446,0.502,0.379,0.46,0.434,0.507,0.517,0.461,0.493,0.591,0.53,0.458,0.443,0.436,0.487,0.558,0.419,0.358,0.448,0.468,0.487,0.574,0.594,0.558,0.509,0.411,0.421,0.492,78.92,80.344,75.099,71.989,70.96,58.967,65.986,51.342,49.201,45.653,73.058,70.15,65.97,77.612,79.547,77.935,81.842,54.716,63.637,62.999,66.206,73.804,62.193,65.641,73.495,69.967,85.988,76.946,86.416,70.275,63.107,75.965,66.021,54.82,56.752,74.403,77.348,73.354,71.782,54.688,88.537,88.952,77.437,75.964,71.747,51.063,51.72,59.746,63.244,79.179,78.436,70.057,4.112,4.302,2.17,2.13,3.138,1.667,2.449,2.391,1.463,1.445,3.866,2.53,2.64,2.927,2.548,3.559,1.186,0.982,1.097,2.776,1.855,5.543,5.348,2.173,3.6,2.797,4.304,1.296,3.453,1.491,2.413,2.889,0.699,0.598,3.904,5.053,2.17,2.352,2.552,1.805,5.384,3.573,3.299,2.289,3.974,3.075,1.241,2.492,4.782,7.554,3.275,3.561
40.67,41.33,6.852,9.427,12.96,17.521,19.782,24.281,21.929,20.963,17.778,13.821,6.946,6.498,14.9,6.854,9.656,13.865,15.878,23.089,23.035,21.857,19.215,13.926,11.2,7.778,6.012,14.362,6.122,9.774,12.742,17.87,20.562,19.959,20.999,21.684,16.199,10.627,7.199,5.716,14.121,8.124,9.239,9.903,15.307,18.581,20.424,23.779,21.709,16.755,11.6,6.813,5.678,13.995,0.472,0.471,0.475,0.511,0.502,0.582,0.543,0.583,0.602,0.625,0.44,0.501,0.532,0.467,0.484,0.506,0.461,0.586,0.554,0.54,0.533,0.471,0.505,0.492,0.464,0.518,0.418,0.49,0.466,0.516,0.52,0.478,0.521,0.599,0.546,0.48,0.453,0.44,0.505,0.56,0.463,0.363,0.444,0.469,0.49,0.587,0.6,0.563,0.521,0.426,0.438,0.499,77.479,80.212,75.566,72.296,69.185,57.722,63.801,50.713,48.094,43.794,70.672,70.253,64.981,76.78,76.382,77.418,80.292,53.385,59.111,63.183,64.605,68.891,60.372,63.708,71.738,67.987,83.784,75.738,85.231,70.266,63.057,72.243,60.237,52.127,53.022,70.982,75.622,73.072,69.614,56.314,85.367,89.556,78.324,75.603,69.762,48.302,49.481,58.777,62.119,77.312,76.462,68.946,3.736,3.879,2.099,2.249,3.292,1.633,2.333,2.205,1.445,1.323,3.622,2.292,2.511,2.631,2.33,3.497,1.048,0.902,1.045,2.582,1.786,4.99,4.945,2.046,3.213,2.583,3.895,1.229,3.375,1.455,2.525,2.813,0.658,0.542,3.62,4.384,2.025,2.105,2.386,1.699,4.8,3.704,3.407,2.374,3.752,2.766,1.155,2.139,4.414,6.878,2.988,3.338
40.67,40.67,6.621,9.141,12.668,17.384,19.647,24.321,21.765,20.793,17.478,13.673,6.85,6.388,14.731,6.64,9.488,13.669,15.648,23.111,22.811,21.899,18.694,13.55,11.114,7.648,5.915,14.18,5.856,9.448,12.302,17.516,20.709,19.78,20.716,21.188,15.991,10.345,7.095,5.641,13.881,7.993,9.03,9.739,15.167,18.597,20.43,23.767,21.447,16.58,11.54,6.744,5.527,13.883,0.457,0.457,0.464,0.505,0.498,0.582,0.538,0.578,0.592,0.617,0.435,0.493,0.527,0.454,0.475,0.499,0.455,0.586,0.55,0.542,0.519,0.458,0.501,0.483,0.456,0.512,0.4,0.473,0.45,0.506,0.524,0.474,0.515,0.585,0.54,0.467,0.447,0.435,0.497,0.551,0.452,0.357,0.439,0.47,0.49,0.587,0.594,0.557,0.519,0.423,0.427,0.495,79.474,80.995,76.473,73.096,70.594,58.281,65.208,51.555,50.355,46.509,72.267,71.124,66.327,77.621,77.493,77.965,81.225,54.615,60.549,63.305,67.085,70.5,62.815,65.07,72.786,69.251,85.202,77.16,86.222,71.906,63.519,74.275,61.679,55.642,55.264,73.011,77.033,74.694,71.3,58.295,86.352,89.866,78.723,75.992,70.206,48.203,50.954,61.099,64.216,79.105,77.793,70.065,3.725,3.84,2.151,2.094,3.164,1.548,2.14,2.088,1.41,1.285,3.963,2.19,2.468,2.611,2.332,3.395,1.069,0.89,1.068,2.435,1.835,4.953,4.825,2.097,3.158,2.555,3.919,1.245,3.539,1.475,2.442,2.666,0.72,0.581,3.615,4.17,1.928,2.073,2.365,1.571,4.579,3.613,3.537,2.365,3.585,2.591,1.078,2.03,4.198,6.565,2.84,3.211
41.33,42.0,6.724,9.525,13.265,17.862,19.556,23.988,21.942,21.021,17.95,13.813,6.896,6.264,14.904,6.807,9.324,13.225,15.874,22.439,22.835,21.715,20.043,14.031,11.122,7.76,5.775,14.247,6.037,9.859,12.629,18.143,19.943,19.779,21.008,22.361,16.097,10.582,7.162,5.798,14.118,8.134,9.151,10.101,15.688,18.347,20.13,23.255,22.188,16.851,11.28,6.621,5.648,13.951,0.472,0.481,0.488,0.522,0.497,0.575,0.545,0.587,0.611,0.632,0.444,0.493,0.537,0.47,0.473,0.484,0.46,0.569,0.547,0.537,0.556,0.479,0.505,0.495,0.454,0.516,0.419,0.501,0.466,0.526,0.502,0.477,0.52,0.621,0.543,0.483,0.455,0.454,0.507,0.57,0.464,0.373,0.457,0.463,0.482,0.575,0.614,0.568,0.511,0.419,0.441,0.502,74.988,77.671,73.018,69.923,67.74,57.48,60.899,47.773,42.633,37.558,69.712,69.706,62.423,76.195,76.606,77.418,79.572,52.498,58.403,60.211,57.773,67.713,55.717,61.437,71.019,66.213,82.541,73.373,83.814,66.695,62.978,70.189,59.778,44.495,49.902,68.949,73.293,69.817,67.151,52.916,85.691,88.169,77.346,74.753,69.28,48.064,43.934,52.633,58.765,74.718,75.985,66.853,3.497,3.696,2.018,2.406,3.258,1.688,2.478,2.203,1.295,1.346,3.098,2.247,2.437,2.854,2.242,3.367,1.261,1.052,1.187,2.564,1.735,4.693,4.273,1.727,3.102,2.502,3.865,1.548,2.978,1.424,2.428,3.018,0.667,0.723,3.164,4.381,1.959,1.991,2.344,1.658,4.718,3.334,3.091,2.39,3.93,3.058,1.151,2.291,4.159,6.81,3.021,3.301
40.67,42.0,7.255,10.149,13.53,17.992,20.088,24.179,22.415,21.392,18.226,14.028,7.168,6.473,15.244,7.297,10.175,14.081,16.712,22.983,23.636,21.94,20.38,14.897,11.371,8.024,6.108,14.802,6.706,10.608,13.664,18.518,20.248,20.622,22.137,22.707,16.612,11.152,7.45,5.839,14.69,8.277,10.036,10.435,15.688,18.586,20.484,23.872,22.524,17.142,11.663,6.953,5.985,14.306,0.501,0.509,0.496,0.525,0.51,0.58,0.557,0.596,0.618,0.637,0.454,0.501,0.547,0.497,0.511,0.514,0.483,0.583,0.566,0.542,0.564,0.506,0.513,0.506,0.473,0.533,0.46,0.534,0.502,0.535,0.51,0.497,0.548,0.629,0.559,0.506,0.468,0.451,0.525,0.572,0.504,0.384,0.456,0.468,0.491,0.59,0.621,0.576,0.523,0.435,0.461,0.512,73.925,77.834,73.393,69.557,65.343,54.952,57.548,45.526,40.286,35.77,67.132,70.306,60.962,75.52,73.894,76.365,77.62,50.335,53.398,59.294,55.29,62.433,53.93,59.342,69.643,63.921,80.381,72.064,82.451,66.53,62.165,65.797,53.378,41.098,46.016,65.241,71.144,70.226,64.706,54.157,82.695,88.286,77.656,73.957,66.531,44.268,41.174,50.472,57.198,72.558,73.846,65.231,3.129,3.364,1.891,2.506,3.29,1.677,2.321,1.996,1.257,1.215,2.859,2.046,2.296,2.493,2.024,3.255,1.078,0.983,1.046,2.386,1.612,4.136,3.981,1.6,2.749,2.276,3.433,1.301,2.865,1.338,2.5,2.881,0.581,0.614,2.925,3.782,1.782,1.806,2.15,1.548,4.268,3.368,3.155,2.361,3.614,2.784,1.048,1.882,3.782,6.095,2.738,3.052
41.0,42.33,6.949,9.856,13.461,18.026,19.798,23.936,22.068,21.09,18.027,13.944,6.984,6.336,15.043,7.043,9.824,13.495,16.543,22.627,23.158,21.642,20.255,14.432,11.177,7.918,5.884,14.502,6.368,10.27,13.054,18.455,19.988,20.154,21.541,22.566,16.321,10.874,7.27,5.837,14.394,8.194,9.614,10.326,15.785,18.416,20.083,23.439,22.403,16.88,11.41,6.796,5.839,14.102,0.484,0.496,0.494,0.526,0.503,0.574,0.55,0.588,0.613,0.636,0.446,0.495,0.541,0.483,0.497,0.492,0.478,0.575,0.554,0.534,0.56,0.492,0.506,0.502,0.459,0.524,0.441,0.519,0.482,0.534,0.503,0.487,0.533,0.627,0.55,0.495,0.459,0.454,0.516,0.571,0.485,0.381,0.459,0.464,0.481,0.58,0.618,0.568,0.514,0.427,0.453,0.507,75.037,77.74,72.965,69.53,66.358,56.166,59.25,46.98,41.343,35.427,68.908,70.719,61.699,76.367,75.373,77.469,78.481,51.255,55.602,60.075,55.863,65.606,54.516,60.16,70.819,65.132,81.662,72.589,83.245,66.196,62.559,67.683,56.718,41.829,47.147,67.029,72.522,70.435,65.799,54.482,84.617,88.093,77.886,74.301,68.081,46.309,41.824,51.65,57.46,73.16,75.244,66.09,3.245,3.536,1.891,2.575,3.318,1.747,2.478,2.113,1.281,1.343,2.951,2.173,2.388,2.673,2.087,3.281,1.166,1.075,1.18,2.56,1.729,4.343,4.063,1.606,2.93,2.388,3.714,1.506,2.91,1.331,2.461,2.98,0.641,0.739,3.058,3.992,1.845,1.922,2.256,1.647,4.465,3.285,3.046,2.342,3.838,2.913,1.154,2.011,3.902,6.251,2.83,3.139
41.0,41.67,6.827,9.589,13.349,17.999,19.661,23.955,21.782,20.882,17.914,13.897,6.903,6.323,14.927,6.978,9.544,13.48,16.23,22.593,22.818,21.479,19.816,14.01,11.102,7.833,5.889,14.315,6.108,10.016,12.927,18.334,20.087,19.854,20.851,22.181,16.128,10.666,7.162,5.823,14.18,8.199,9.161,10.144,15.673,18.39,20.007,23.279,22.045,16.73,11.378,6.728,5.74,13.959,0.477,0.483,0.49,0.526,0.5,0.574,0.542,0.582,0.608,0.634,0.441,0.493,0.537,0.479,0.483,0.492,0.47,0.574,0.546,0.53,0.549,0.478,0.502,0.497,0.46,0.518,0.422,0.507,0.476,0.53,0.506,0.478,0.516,0.616,0.543,0.486,0.453,0.452,0.508,0.571,0.462,0.374,0.456,0.463,0.479,0.576,0.609,0.562,0.513,0.422,0.446,0.501,76.407,78.874,73.452,70.161,67.595,56.929,61.895,49.264,43.838,37.753,70.038,70.427,63.05,76.824,76.61,77.739,79.195,51.879,57.958,61.776,59.507,68.461,56.492,61.703,71.28,66.617,83.08,74.095,84.176,66.853,62.643,69.772,59.937,45.952,49.49,69.061,74.309,71.229,67.548,55.01,85.993,88.45,77.78,74.705,69.295,48.27,45.017,54.434,58.772,74.748,76.03,67.373,3.81,4.021,1.979,2.4,3.346,1.785,2.627,2.354,1.426,1.467,3.404,2.398,2.585,2.761,2.301,3.543,1.101,0.983,1.144,2.822,1.814,5.014,4.797,1.89,3.302,2.62,4.059,1.362,3.153,1.39,2.454,3.01,0.66,0.656,3.596,4.633,2.115,2.219,2.441,1.897,5.109,3.453,3.145,2.308,3.963,3.038,1.253,2.27,4.552,7.143,3.139,3.438
41.33,42.33,6.775,9.64,13.216,17.682,19.605,23.979,22.139,21.128,17.973,13.798,6.934,6.277,14.932,6.758,9.419,13.166,15.883,22.478,23.049,21.891,20.285,14.249,11.145,7.783,5.746,14.321,6.199,9.913,12.524,18.083,19.878,19.903,21.501,22.582,16.198,10.666,7.222,5.777,14.205,8.085,9.433,10.154,15.705,18.349,20.23,23.392,22.371,16.91,11.282,6.657,5.673,14.022,0.474,0.487,0.486,0.517,0.498,0.575,0.55,0.59,0.612,0.631,0.446,0.495,0.538,0.467,0.478,0.482,0.46,0.57,0.553,0.541,0.563,0.486,0.507,0.497,0.451,0.518,0.431,0.503,0.463,0.524,0.501,0.48,0.533,0.627,0.548,0.487,0.459,0.454,0.511,0.567,0.479,0.374,0.458,0.464,0.485,0.579,0.619,0.57,0.511,0.422,0.444,0.506,73.88,76.831,72.941,70.059,67.451,57.753,59.855,46.949,42.259,37.359,69.331,69.891,62.044,75.713,75.847,77.288,79.562,52.921,57.518,59.502,56.137,66.279,55.266,60.964,70.811,65.651,81.525,72.462,83.288,66.884,63.23,69.693,58.242,42.724,49.435,68.218,72.228,69.252,66.43,52.253,84.673,88.104,77.521,74.851,68.962,47.446,42.958,52.019,58.759,74.079,75.5,66.426,3.014,3.26,2.008,2.575,3.262,1.632,2.337,2.017,1.175,1.242,2.724,2.089,2.279,2.898,2.12,3.162,1.37,1.149,1.28,2.325,1.684,4.177,3.668,1.518,2.822,2.346,3.648,1.844,2.821,1.416,2.479,3.037,0.685,0.85,2.714,3.851,1.739,1.713,2.232,1.403,4.117,3.219,3.034,2.462,3.881,2.944,1.075,2.114,3.605,6.089,2.755,3.058
41.33,41.67,6.62,9.32,13.115,17.708,19.507,24.097,21.878,20.969,17.876,13.752,6.856,6.258,14.833,6.677,9.119,13.181,15.582,22.461,22.708,21.775,19.812,13.793,11.09,7.687,5.753,14.136,5.9,9.63,12.378,17.974,20.078,19.624,20.71,22.147,15.989,10.437,7.107,5.731,13.977,8.089,8.913,9.984,15.618,18.378,20.216,23.265,21.985,16.797,11.268,6.58,5.569,13.89,0.465,0.471,0.483,0.518,0.495,0.578,0.543,0.585,0.608,0.629,0.442,0.493,0.534,0.461,0.463,0.483,0.452,0.57,0.545,0.538,0.55,0.47,0.504,0.491,0.453,0.512,0.41,0.489,0.456,0.52,0.506,0.472,0.513,0.615,0.54,0.477,0.453,0.449,0.502,0.567,0.452,0.368,0.455,0.464,0.484,0.575,0.609,0.566,0.511,0.417,0.436,0.5,75.605,78.18,73.461,70.511,68.606,58.063,62.322,48.668,44.325,39.737,70.441,69.458,63.279,76.312,77.268,77.36,80.201,53.158,60.013,60.95,59.938,69.24,57.279,62.522,71.481,67.142,83.25,74.167,84.446,67.528,62.969,71.898,61.592,47.116,51.845,70.311,74.185,70.403,68.308,52.758,86.338,88.378,77.211,75.108,70.094,49.086,46.2,54.414,59.932,75.861,76.456,67.651,3.656,3.838,2.08,2.354,3.231,1.676,2.481,2.264,1.336,1.361,3.25,2.335,2.489,2.902,2.343,3.427,1.263,1.042,1.16,2.61,1.752,4.937,4.567,1.844,3.245,2.589,3.975,1.505,3.083,1.448,2.44,3.012,0.671,0.685,3.332,4.609,2.027,2.07,2.404,1.684,4.901,3.412,3.138,2.382,3.965,3.088,1.178,2.395,4.345,7.062,3.112,3.388
40.67,42.33,7.365,10.34,13.52,17.836,20.237,24.256,22.692,21.582,18.301,14.044,7.26,6.464,15.328,7.318,10.354,14.105,16.867,23.09,23.967,22.171,20.679,15.26,11.442,8.083,6.124,14.956,6.955,10.762,13.682,18.54,20.286,20.899,22.769,22.978,16.787,11.311,7.555,5.79,14.861,8.227,10.429,10.578,15.749,18.657,20.69,24.125,22.759,17.27,11.724,7.032,6.057,14.443,0.507,0.518,0.495,0.52,0.514,0.581,0.564,0.601,0.621,0.637,0.459,0.501,0.55,0.499,0.52,0.514,0.487,0.585,0.575,0.548,0.573,0.518,0.517,0.509,0.473,0.538,0.477,0.54,0.503,0.535,0.512,0.504,0.564,0.636,0.565,0.512,0.473,0.448,0.532,0.568,0.523,0.388,0.458,0.47,0.497,0.596,0.628,0.58,0.526,0.44,0.466,0.518,72.896,77.203,73.402,69.54,64.525,54.503,55.8,43.95,39.215,35.244,66.324,70.791,60.28,75.178,72.962,76.077,77.214,50.224,51.762,58.19,53.095,59.979,53.136,58.5,69.394,62.976,79.149,71.148,81.799,66.622,62.038,64.54,50.769,38.699,44.871,63.832,69.744,70.093,63.607,53.96,81.392,88.181,77.767,73.821,65.681,42.754,39.634,49.174,56.834,71.538,73.082,64.483,2.599,2.898,1.838,2.688,3.232,1.619,2.165,1.778,1.118,1.081,2.458,1.845,2.11,2.419,1.855,3.017,1.131,1.076,1.058,2.13,1.518,3.55,3.362,1.367,2.406,2.072,3.088,1.42,2.661,1.289,2.519,2.827,0.566,0.674,2.463,3.206,1.532,1.517,1.979,1.281,3.636,3.219,3.094,2.388,3.492,2.653,0.952,1.674,3.208,5.244,2.437,2.772
40.67,41.67,7.22,10.034,13.4,17.814,20.055,24.244,22.38,21.351,18.173,13.998,7.145,6.524,15.198,7.218,10.089,14.126,16.483,23.069,23.59,21.993,20.166,14.753,11.361,7.982,6.125,14.747,6.633,10.439,13.493,18.368,20.353,20.523,21.987,22.539,16.578,11.083,7.422,5.812,14.603,8.256,9.919,10.304,15.575,18.599,20.54,23.927,22.361,17.104,11.688,6.947,5.933,14.265,0.498,0.502,0.491,0.519,0.509,0.581,0.555,0.594,0.616,0.634,0.452,0.504,0.544,0.492,0.506,0.515,0.477,0.585,0.566,0.543,0.559,0.5,0.512,0.504,0.473,0.531,0.454,0.524,0.495,0.53,0.514,0.494,0.544,0.624,0.558,0.502,0.466,0.448,0.522,0.57,0.498,0.378,0.453,0.469,0.493,0.591,0.617,0.574,0.525,0.434,0.457,0.51,74.271,78.273,73.908,70.308,66.164,55.659,58.925,46.671,42.144,37.849,67.626,69.961,61.811,75.509,74.151,76.357,78.205,51.064,54.559,60.281,57.465,63.497,55.344,60.29,69.83,64.712,80.847,72.741,82.983,67.465,62.357,67.221,54.624,43.554,47.647,66.35,71.962,70.596,65.694,54.156,82.976,88.665,77.763,74.386,67.254,45.222,43.33,52.416,58.385,73.578,74.136,66.02,3.239,3.437,1.955,2.47,3.313,1.657,2.317,2.041,1.302,1.22,2.977,2.101,2.336,2.528,2.102,3.32,1.075,0.962,1.038,2.408,1.636,4.313,4.203,1.702,2.839,2.342,3.505,1.301,2.97,1.374,2.54,2.883,0.592,0.588,3.051,3.91,1.838,1.844,2.199,1.561,4.354,3.486,3.22,2.387,3.651,2.776,1.068,1.95,3.922,6.279,2.793,3.119
41.33,43.0,6.969,10.045,13.0,17.023,19.9,23.743,22.532,21.136,17.641,13.627,7.043,6.226,14.909,6.647,9.878,12.76,16.266,22.664,23.737,21.939,21.085,14.791,10.983,7.924,5.736,14.534,6.808,10.213,12.163,17.995,19.736,20.172,23.176,23.056,16.552,10.987,7.462,5.688,14.503,7.858,10.325,10.479,15.794,18.308,20.142,23.757,22.835,16.618,11.323,6.994,5.852,14.193,0.485,0.506,0.477,0.497,0.504,0.568,0.56,0.591,0.601,0.62,0.452,0.492,0.536,0.46,0.501,0.468,0.47,0.575,0.569,0.543,0.585,0.503,0.502,0.505,0.448,0.522,0.475,0.515,0.45,0.521,0.499,0.487,0.575,0.639,0.562,0.498,0.473,0.449,0.522,0.548,0.523,0.385,0.46,0.465,0.486,0.588,0.631,0.562,0.511,0.446,0.457,0.512,70.762,74.121,72.812,70.686,65.641,58.007,56.934,45.852,43.7,36.787,68.818,71.846,61.328,74.396,72.982,77.337,78.914,53.972,54.17,58.806,50.771,63.095,55.036,59.604,69.955,64.088,77.523,69.206,81.329,67.011,63.414,68.168,53.358,37.231,47.043,65.64,68.502,68.601,63.917,53.143,81.614,87.516,79.039,75.172,68.497,46.002,40.033,53.011,58.346,70.457,73.544,65.531,1.312,1.838,1.863,3.261,3.329,1.525,1.963,1.406,0.808,0.998,1.516,1.658,1.791,2.957,1.626,2.426,1.646,1.511,1.641,1.678,1.548,2.361,1.769,0.797,1.922,1.822,3.032,2.899,2.307,1.284,2.655,3.079,0.748,1.354,1.343,1.927,0.972,0.857,1.87,0.642,2.113,2.845,2.742,2.57,3.723,2.413,0.928,1.345,1.719,3.208,1.762,2.166
40.67,43.0,7.394,10.561,13.208,17.092,20.439,24.112,23.005,21.534,17.948,13.839,7.326,6.266,15.228,7.069,10.543,13.343,17.124,23.109,24.498,22.234,21.429,15.696,11.269,8.137,6.034,15.04,7.371,10.782,12.85,18.421,20.173,21.065,24.123,23.366,17.063,11.488,7.719,5.614,15.006,7.936,11.053,10.883,15.941,18.635,20.627,24.387,23.167,16.959,11.684,7.287,6.148,14.561,0.507,0.528,0.482,0.498,0.517,0.577,0.571,0.601,0.61,0.625,0.464,0.488,0.545,0.483,0.53,0.487,0.494,0.586,0.588,0.55,0.595,0.531,0.511,0.512,0.464,0.538,0.508,0.539,0.472,0.532,0.509,0.508,0.597,0.646,0.577,0.517,0.483,0.437,0.538,0.545,0.556,0.399,0.464,0.472,0.497,0.603,0.638,0.571,0.522,0.459,0.473,0.523,70.361,74.813,73.338,70.223,62.95,54.68,53.437,42.803,40.631,35.14,66.377,73.037,59.812,74.428,71.11,76.457,76.865,51.504,49.599,57.348,48.056,57.377,53.096,57.801,68.975,61.887,75.96,68.718,80.564,66.663,62.136,63.827,47.256,34.05,43.037,61.905,66.909,69.979,61.749,54.731,79.516,87.592,79.054,74.041,65.706,41.664,37.087,50.154,56.723,68.403,71.674,63.861,0.995,1.576,1.639,3.354,3.134,1.503,1.873,1.213,0.731,0.832,1.305,1.383,1.629,2.32,1.355,2.278,1.362,1.474,1.262,1.536,1.365,1.901,1.578,0.66,1.517,1.549,2.328,2.073,2.112,1.105,2.571,2.73,0.588,1.029,1.193,1.512,0.795,0.73,1.562,0.554,1.787,2.757,2.728,2.416,3.361,2.234,0.817,1.09,1.514,2.497,1.511,1.936
41.0,43.33,7.078,10.229,12.979,16.893,20.198,23.838,22.742,21.183,17.506,13.606,7.093,6.22,14.965,6.693,10.29,12.781,16.803,22.866,24.119,21.927,21.34,15.118,10.953,8.006,5.81,14.725,7.086,10.426,12.017,18.175,19.94,20.471,23.786,23.139,16.776,11.207,7.559,5.59,14.684,7.773,10.684,10.694,15.928,18.441,20.127,24.042,23.015,16.518,11.452,7.218,6.013,14.328,0.489,0.513,0.474,0.492,0.511,0.57,0.565,0.592,0.596,0.616,0.453,0.488,0.537,0.461,0.52,0.468,0.485,0.58,0.578,0.542,0.592,0.513,0.499,0.506,0.45,0.526,0.493,0.523,0.443,0.526,0.504,0.494,0.59,0.64,0.569,0.505,0.476,0.439,0.528,0.537,0.539,0.392,0.463,0.468,0.486,0.595,0.635,0.557,0.514,0.458,0.466,0.515,70.408,73.784,73.136,70.831,64.145,56.639,55.359,44.956,44.112,36.537,68.584,72.968,60.951,74.388,71.674,77.204,78.121,53.147,52.413,58.855,49.229,61.702,55.218,59.239,69.894,63.426,76.481,68.367,81.373,67.014,62.594,66.954,50.878,35.879,45.325,64.39,68.078,69.618,63.078,54.898,81.064,87.559,79.69,74.88,67.926,44.337,38.827,53.47,57.848,69.11,72.758,65.197,0.799,1.478,1.671,3.534,3.259,1.548,1.919,1.206,0.745,0.901,1.225,1.453,1.646,2.522,1.373,2.191,1.533,1.63,1.487,1.562,1.508,1.848,1.442,0.594,1.582,1.604,2.537,2.513,2.177,1.11,2.646,2.895,0.667,1.23,1.083,1.365,0.714,0.679,1.633,0.483,1.607,2.846,2.627,2.496,3.621,2.248,0.915,1.075,1.272,2.169,1.433,1.897
41.0,42.67,7.069,10.193,13.2,17.273,20.091,23.923,22.701,21.346,17.879,13.847,7.097,6.351,15.083,6.776,10.325,13.075,16.927,22.822,23.976,22.069,21.101,15.154,11.15,8.042,5.775,14.766,7.003,10.437,12.288,18.307,19.891,20.568,23.363,23.223,16.703,11.205,7.497,5.66,14.682,7.924,10.666,10.622,15.957,18.468,20.254,23.983,23.006,16.847,11.443,7.059,5.994,14.355,0.489,0.511,0.482,0.504,0.509,0.572,0.565,0.596,0.609,0.628,0.453,0.498,0.541,0.466,0.522,0.478,0.488,0.579,0.575,0.545,0.585,0.514,0.508,0.508,0.447,0.529,0.486,0.524,0.454,0.529,0.502,0.497,0.579,0.643,0.567,0.507,0.472,0.444,0.528,0.549,0.538,0.39,0.465,0.468,0.489,0.595,0.634,0.568,0.514,0.447,0.465,0.517,71.915,74.951,73.057,70.314,64.775,56.386,55.585,44.269,41.349,34.896,68.234,72.323,60.667,75.137,72.396,77.368,78.166,52.405,52.251,58.352,50.068,61.333,53.922,58.593,70.812,63.403,78.009,69.339,81.908,67.085,62.763,66.325,51.17,35.83,45.011,64.434,68.998,70.103,63.412,54.029,81.317,87.775,79.166,74.696,67.426,43.88,38.676,51.181,57.293,70.22,73.724,64.948,1.254,1.866,1.707,3.378,3.273,1.591,2.023,1.374,0.849,0.976,1.546,1.571,1.785,2.539,1.5,2.393,1.465,1.529,1.417,1.75,1.561,2.306,1.91,0.778,1.828,1.746,2.736,2.292,2.302,1.152,2.611,2.904,0.658,1.121,1.448,1.856,0.922,0.908,1.74,0.704,2.138,2.89,2.721,2.477,3.665,2.404,0.95,1.26,1.765,2.946,1.7,2.133
41.33,42.67,6.933,9.95,13.06,17.201,19.79,23.778,22.403,21.122,17.74,13.664,7.029,6.217,14.909,6.705,9.699,12.849,16.094,22.577,23.529,21.904,20.889,14.651,11.031,7.883,5.752,14.464,6.636,10.141,12.336,18.002,19.727,20.08,22.712,22.939,16.457,10.894,7.41,5.731,14.424,7.932,10.062,10.39,15.752,18.291,20.168,23.619,22.708,16.701,11.303,6.893,5.796,14.137,0.484,0.502,0.479,0.502,0.502,0.569,0.557,0.59,0.605,0.623,0.452,0.491,0.536,0.464,0.492,0.472,0.465,0.573,0.564,0.542,0.58,0.499,0.503,0.503,0.451,0.521,0.462,0.512,0.456,0.522,0.498,0.485,0.563,0.636,0.558,0.495,0.47,0.452,0.519,0.555,0.51,0.382,0.459,0.464,0.486,0.584,0.628,0.564,0.511,0.439,0.453,0.51,71.295,74.747,72.756,70.445,66.09,57.993,57.682,46.198,43.16,36.817,68.756,71.221,61.427,74.595,73.781,77.292,79.029,53.75,55.049,58.835,52.002,63.733,54.86,59.885,69.854,64.39,78.412,70.044,81.607,66.776,63.481,68.423,54.637,38.539,47.613,66.172,69.203,68.413,64.442,52.659,82.288,87.612,78.525,75.049,68.533,46.471,40.634,52.506,58.385,71.28,73.894,65.653,1.812,2.227,1.919,3.029,3.306,1.537,2.066,1.585,0.897,1.063,1.841,1.77,1.922,2.983,1.772,2.645,1.584,1.391,1.556,1.846,1.569,2.873,2.249,0.995,2.163,1.967,3.211,2.655,2.425,1.344,2.594,3.079,0.739,1.232,1.704,2.486,1.204,1.086,1.978,0.855,2.674,2.92,2.826,2.551,3.761,2.574,0.953,1.596,2.268,4.09,2.058,2.426
40.67,43.33,7.435,10.581,13.032,16.813,20.52,24.058,22.95,21.339,17.646,13.63,7.352,6.113,15.123,7.089,10.407,13.121,16.932,23.128,24.56,22.035,21.565,15.623,11.12,8.089,6.14,14.983,7.376,10.751,12.799,18.318,20.251,20.972,24.275,23.18,17.132,11.465,7.777,5.576,14.992,7.866,10.899,10.935,15.876,18.612,20.539,24.37,23.08,16.66,11.72,7.424,6.152,14.513,0.51,0.529,0.475,0.489,0.519,0.576,0.569,0.595,0.6,0.616,0.465,0.474,0.542,0.484,0.523,0.48,0.488,0.586,0.589,0.545,0.599,0.529,0.504,0.51,0.473,0.535,0.508,0.538,0.47,0.529,0.512,0.506,0.601,0.64,0.579,0.515,0.487,0.433,0.537,0.539,0.548,0.401,0.461,0.471,0.495,0.602,0.637,0.561,0.524,0.467,0.472,0.521,69.084,74.157,73.402,70.53,62.348,54.587,53.625,43.795,42.997,36.769,66.424,73.4,60.09,73.693,70.79,76.168,76.626,51.922,49.912,57.894,47.88,57.706,54.091,58.587,67.524,61.901,74.779,68.348,79.98,66.215,61.994,64.226,47.462,34.89,43.266,61.81,66.213,69.358,61.544,55.333,79.534,87.328,79.228,73.97,66.024,42.327,37.463,52.16,57.147,67.475,70.62,64.05,0.916,1.475,1.624,3.311,3.085,1.457,1.84,1.17,0.682,0.805,1.22,1.346,1.578,2.29,1.318,2.236,1.354,1.463,1.246,1.464,1.298,1.792,1.467,0.622,1.433,1.498,2.243,2.087,2.056,1.096,2.55,2.683,0.58,1.042,1.098,1.417,0.76,0.672,1.522,0.498,1.671,2.733,2.682,2.387,3.287,2.147,0.79,1.052,1.434,2.349,1.446,1.871
40.67,42.67,7.46,10.581,13.329,17.321,20.431,24.167,22.96,21.59,18.088,13.907,7.36,6.307,15.293,7.222,10.525,13.628,17.091,23.129,24.427,22.231,21.292,15.683,11.351,8.149,6.108,15.07,7.331,10.881,13.283,18.488,20.215,21.11,23.868,23.31,17.043,11.494,7.723,5.672,15.037,8.04,10.958,10.856,15.887,18.656,20.712,24.358,23.093,17.087,11.732,7.246,6.157,14.567,0.512,0.529,0.486,0.504,0.518,0.578,0.57,0.602,0.614,0.629,0.466,0.49,0.548,0.493,0.528,0.497,0.493,0.586,0.586,0.55,0.59,0.531,0.514,0.513,0.47,0.54,0.504,0.545,0.488,0.534,0.51,0.51,0.591,0.644,0.576,0.518,0.483,0.441,0.539,0.553,0.55,0.398,0.462,0.472,0.499,0.602,0.636,0.575,0.525,0.455,0.473,0.523,70.675,75.407,73.297,69.853,62.983,54.252,53.531,42.718,39.677,34.805,65.843,72.462,59.622,74.425,71.369,76.145,76.615,50.862,49.547,57.185,48.811,57.203,52.648,57.622,68.648,61.758,76.383,69.178,80.469,66.393,62.022,63.29,47.372,34.66,42.974,61.778,67.056,69.794,61.779,54.442,79.538,87.646,78.566,73.8,65.217,41.47,37.2,49.255,56.43,68.805,71.613,63.665,1.428,1.91,1.69,3.137,3.142,1.518,1.932,1.354,0.817,0.882,1.591,1.484,1.741,2.34,1.477,2.479,1.286,1.338,1.192,1.67,1.368,2.306,2.007,0.84,1.72,1.667,2.493,1.886,2.22,1.162,2.545,2.744,0.575,0.927,1.504,1.952,0.995,0.926,1.659,0.745,2.27,2.847,2.837,2.402,3.342,2.336,0.825,1.241,1.969,3.255,1.758,2.15
40.67,43.67,7.363,10.457,12.589,16.068,20.67,23.82,22.74,20.651,16.658,13.035,7.272,5.71,14.753,6.938,10.006,12.321,16.561,23.047,24.604,21.373,21.893,15.19,10.55,7.929,6.326,14.726,7.315,10.563,12.173,18.126,20.37,20.59,24.538,22.653,17.169,11.297,7.869,5.493,14.849,7.595,10.371,11.174,15.807,18.515,20.114,24.14,22.806,15.649,11.717,7.776,6.145,14.318,0.507,0.523,0.458,0.467,0.523,0.572,0.564,0.576,0.566,0.588,0.459,0.442,0.531,0.474,0.503,0.452,0.479,0.584,0.59,0.529,0.609,0.515,0.477,0.501,0.489,0.525,0.504,0.531,0.445,0.525,0.516,0.495,0.608,0.627,0.579,0.506,0.493,0.424,0.532,0.52,0.521,0.412,0.458,0.469,0.483,0.595,0.63,0.527,0.523,0.488,0.471,0.513,65.836,71.472,73.255,71.599,61.159,54.784,54.603,47.444,50.477,40.803,67.744,74.448,61.134,72.181,69.701,75.795,76.257,53.493,51.384,60.2,47.541,60.448,57.823,60.913,63.89,62.47,71.306,66.52,78.934,65.267,61.764,66.47,49.705,37.408,44.276,62.631,64.679,67.954,61.41,57.474,79.993,86.17,80.025,74.274,67.804,45.178,38.731,58.807,58.166,64.945,68.149,64.976,0.532,1.087,1.493,3.285,2.954,1.371,1.789,1.049,0.567,0.772,0.955,1.215,1.422,2.037,1.167,2.034,1.342,1.569,1.24,1.322,1.151,1.421,1.225,0.464,1.121,1.342,1.891,2.001,1.986,1.004,2.556,2.826,0.553,1.04,0.796,1.034,0.58,0.509,1.397,0.326,1.213,2.707,2.406,2.314,3.313,1.897,0.804,0.93,1.058,1.567,1.179,1.642
41.67,27.0,6.673,9.156,12.877,19.477,20.41,23.182,26.579,22.798,17.779,10.714,6.3,3.557,14.962,5.432,9.388,12.384,16.953,21.72,20.984,25.808,22.847,15.711,8.58,6.252,4.376,14.205,6.368,8.846,13.202,18.195,23.92,23.054,26.489,21.027,17.174,12.337,6.439,4.791,15.15,4.911,9.237,12.344,15.002,19.296,24.632,25.607,22.284,16.666,12.288,6.528,5.123,14.491,0.484,0.473,0.478,0.567,0.516,0.557,0.659,0.637,0.613,0.499,0.414,0.291,0.544,0.391,0.483,0.462,0.494,0.55,0.504,0.642,0.634,0.541,0.398,0.41,0.355,0.516,0.458,0.454,0.49,0.534,0.609,0.554,0.657,0.585,0.587,0.571,0.423,0.388,0.552,0.353,0.479,0.46,0.441,0.488,0.591,0.635,0.62,0.57,0.567,0.424,0.415,0.525,59.308,67.171,64.728,48.704,70.213,56.697,22.316,29.5,31.243,53.739,64.489,85.588,54.473,76.853,64.904,65.892,64.479,59.532,57.856,26.858,27.202,56.346,68.042,69.792,79.498,59.769,62.842,62.609,66.44,57.741,45.083,45.266,24.02,36.703,45.176,46.786,69.358,70.154,52.684,73.696,67.966,69.156,78.053,68.433,48.714,26.173,29.634,45.702,48.65,69.583,63.996,57.481,0.777,1.626,1.062,1.776,2.07,2.302,0.096,0.356,0.536,2.517,0.42,2.772,1.361,6.304,2.488,1.466,2.139,1.58,2.278,0.535,0.47,0.5,2.484,1.797,4.157,2.184,0.759,3.208,0.373,1.774,0.752,1.882,0.751,1.372,1.004,0.2,1.504,1.422,1.25,1.795,0.464,1.305,2.929,1.352,1.129,0.784,0.459,0.603,0.201,4.779,2.35,1.514
42.0,27.33,6.588,9.097,12.828,19.595,20.372,23.106,26.55,22.788,17.657,10.63,6.053,3.402,14.892,5.358,9.241,12.376,16.926,21.676,20.902,25.736,22.765,15.598,8.486,6.196,4.323,14.134,6.286,8.796,13.153,18.1,23.892,22.967,26.477,21.029,17.201,12.269,6.369,4.772,15.106,4.867,9.022,12.235,14.934,19.592,24.787,25.423,22.261,16.614,12.23,6.47,5.079,14.457,0.481,0.472,0.478,0.572,0.516,0.556,0.659,0.637,0.611,0.497,0.401,0.281,0.543,0.389,0.477,0.463,0.493,0.548,0.502,0.64,0.632,0.539,0.395,0.408,0.354,0.515,0.456,0.453,0.49,0.532,0.609,0.552,0.657,0.585,0.589,0.571,0.421,0.39,0.551,0.353,0.47,0.457,0.441,0.495,0.594,0.631,0.62,0.57,0.566,0.422,0.414,0.524,60.76,68.013,65.34,49.006,70.512,57.091,22.806,30.283,31.837,55.275,67.485,87.215,55.467,77.732,66.016,66.664,64.874,60.161,58.177,27.181,28.147,57.634,69.591,70.708,80.568,60.619,64.211,63.384,67.72,58.447,45.627,45.814,24.681,36.612,46.957,49.15,70.422,70.582,53.637,73.791,69.963,69.488,78.262,67.637,49.123,27.59,30.226,46.44,49.743,70.513,64.319,58.093,0.774,1.661,1.027,1.636,2.03,2.407,0.099,0.397,0.603,2.524,0.476,2.606,1.356,6.122,2.18,1.427,2.263,1.397,2.326,0.587,0.491,0.544,2.543,1.751,4.114,2.147,0.777,3.278,0.354,1.798,0.731,1.97,0.755,1.224,1.096,0.191,1.486,1.455,1.26,1.579,0.491,1.269,2.951,1.329,1.098,0.818,0.486,0.684,0.195,4.649,2.377,1.495
41.67,27.33,6.58,9.141,12.842,19.489,20.588,23.371,26.621,22.957,17.749,10.801,6.212,3.561,14.995,5.429,9.323,12.413,16.966,21.823,21.32,25.786,22.851,15.82,8.711,6.222,4.336,14.251,6.314,8.824,13.107,18.207,23.996,23.166,26.527,21.152,17.16,12.282,6.439,4.757,15.158,4.972,9.173,12.179,15.232,19.468,24.77,25.662,22.308,16.798,12.221,6.517,5.046,14.528,0.476,0.472,0.477,0.568,0.52,0.562,0.66,0.641,0.612,0.502,0.408,0.29,0.545,0.39,0.479,0.464,0.495,0.552,0.512,0.641,0.635,0.545,0.403,0.407,0.353,0.518,0.454,0.453,0.487,0.534,0.61,0.556,0.658,0.588,0.586,0.569,0.422,0.386,0.553,0.357,0.475,0.454,0.447,0.493,0.594,0.637,0.62,0.575,0.563,0.423,0.41,0.527,61.121,67.951,65.251,49.95,69.935,55.754,22.659,29.549,31.983,53.659,66.379,85.997,55.014,77.458,65.761,66.738,65.144,59.767,56.935,26.817,27.37,56.468,68.955,70.715,80.125,60.187,63.832,63.281,67.639,58.133,45.379,45.04,23.904,36.044,45.246,48.131,69.828,71.004,53.125,73.966,68.564,69.929,77.416,68.563,48.184,26.686,30.081,46.296,49.635,70.171,65.002,57.875,1.013,1.755,1.051,1.64,2.05,2.255,0.117,0.404,0.571,2.519,0.525,2.625,1.379,6.452,2.503,1.578,2.11,1.641,2.312,0.584,0.455,0.507,2.441,1.893,4.004,2.207,0.881,3.437,0.468,1.813,0.703,1.864,0.786,1.379,0.988,0.224,1.476,1.464,1.291,1.676,0.573,1.409,2.843,1.283,1.074,0.723,0.421,0.673,0.23,5.174,2.439,1.544
41.67,26.67,6.737,9.213,12.863,19.412,20.369,23.161,26.47,22.723,17.874,10.74,6.476,3.61,14.974,5.458,9.416,12.376,16.966,21.754,20.963,25.858,22.864,15.748,8.668,6.281,4.397,14.231,6.422,8.922,13.289,18.232,23.826,23.009,26.407,20.977,17.165,12.433,6.473,4.824,15.161,4.877,9.37,12.516,15.02,19.062,24.513,25.613,22.264,16.693,12.315,6.564,5.161,14.496,0.487,0.477,0.478,0.565,0.515,0.556,0.656,0.634,0.616,0.499,0.426,0.295,0.545,0.391,0.484,0.462,0.495,0.551,0.503,0.643,0.635,0.542,0.402,0.412,0.356,0.517,0.461,0.458,0.494,0.535,0.607,0.552,0.655,0.583,0.586,0.575,0.425,0.391,0.553,0.35,0.486,0.466,0.442,0.482,0.589,0.634,0.62,0.571,0.568,0.427,0.419,0.525,57.931,66.716,64.665,48.78,70.486,57.067,23.044,29.809,30.962,53.493,62.732,85.044,54.226,76.548,64.499,65.575,64.342,59.631,58.163,26.871,27.159,55.86,66.871,68.932,79.107,59.461,61.606,61.956,65.488,57.796,45.222,45.495,24.299,37.752,44.844,45.317,68.896,69.82,52.376,73.897,66.819,68.724,78.217,69.094,49.281,26.018,30.096,45.833,48.346,69.178,63.698,57.435,0.709,1.59,1.105,1.855,2.071,2.288,0.098,0.352,0.516,2.47,0.392,2.925,1.365,6.335,2.584,1.47,2.11,1.65,2.264,0.525,0.476,0.473,2.532,1.759,4.207,2.199,0.732,3.103,0.37,1.754,0.768,1.88,0.758,1.435,0.986,0.195,1.534,1.385,1.241,1.961,0.442,1.281,2.919,1.382,1.151,0.791,0.476,0.55,0.189,4.714,2.299,1.515
41.67,28.0,6.17,9.1,12.687,19.666,21.257,24.099,26.756,23.572,17.585,11.091,5.809,3.497,15.107,5.331,8.985,12.507,16.975,22.216,22.45,25.712,22.857,16.161,9.187,6.062,4.203,14.388,6.047,8.773,12.826,18.223,24.297,23.516,26.776,21.674,17.222,12.102,6.443,4.635,15.211,5.131,8.779,11.562,15.924,20.28,25.352,25.749,22.532,17.344,11.988,6.481,4.784,14.659,0.445,0.469,0.471,0.574,0.536,0.579,0.663,0.66,0.605,0.514,0.381,0.283,0.548,0.385,0.462,0.468,0.498,0.562,0.537,0.637,0.637,0.557,0.426,0.396,0.344,0.525,0.436,0.451,0.479,0.535,0.614,0.562,0.661,0.602,0.589,0.561,0.421,0.378,0.555,0.369,0.453,0.434,0.466,0.516,0.607,0.64,0.625,0.594,0.551,0.422,0.391,0.532,69.202,72.137,68.682,55.655,69.374,52.994,24.77,31.0,36.281,55.65,76.517,88.67,58.411,81.014,70.461,71.276,68.947,61.943,53.755,27.38,29.055,59.187,74.074,75.763,83.933,63.067,69.171,66.19,73.327,60.601,47.447,45.084,23.874,34.11,47.814,55.891,73.026,74.599,55.929,75.536,73.1,73.632,76.058,69.17,47.333,29.859,32.31,49.687,55.223,74.024,68.776,60.392,1.818,2.175,0.988,1.147,1.895,2.164,0.165,0.582,0.688,2.587,0.901,2.027,1.43,6.989,2.344,1.867,2.117,1.672,2.407,0.812,0.418,0.578,2.332,2.191,3.546,2.271,1.326,4.349,0.798,1.933,0.512,1.83,0.975,1.316,1.029,0.303,1.389,1.663,1.454,1.132,1.02,1.717,2.53,1.021,0.839,0.523,0.298,0.931,0.34,6.49,2.77,1.632
41.67,27.67,6.265,9.099,12.737,19.622,21.077,23.902,26.731,23.408,17.609,11.007,5.911,3.526,15.075,5.355,9.088,12.465,16.969,22.107,22.139,25.71,22.852,16.072,9.025,6.108,4.241,14.345,6.111,8.772,12.865,18.209,24.245,23.44,26.724,21.516,17.176,12.119,6.44,4.664,15.189,5.101,8.873,11.684,15.705,20.053,25.162,25.742,22.461,17.192,12.049,6.486,4.851,14.613,0.452,0.469,0.473,0.572,0.532,0.574,0.663,0.655,0.606,0.511,0.387,0.286,0.547,0.386,0.467,0.466,0.497,0.559,0.53,0.638,0.636,0.554,0.418,0.4,0.346,0.523,0.44,0.451,0.479,0.535,0.614,0.561,0.661,0.598,0.587,0.562,0.421,0.38,0.554,0.366,0.458,0.438,0.46,0.509,0.603,0.639,0.623,0.588,0.554,0.422,0.395,0.53,67.123,70.921,67.543,53.77,69.261,53.606,23.842,30.268,35.125,54.853,73.537,87.73,57.298,79.947,69.042,69.901,67.793,61.053,54.426,27.229,28.42,58.217,72.684,74.312,82.763,62.15,67.907,65.375,71.766,59.786,46.653,44.983,23.684,34.404,46.816,53.652,72.08,73.556,55.057,75.025,71.818,72.705,76.351,68.915,47.38,28.73,31.365,48.366,53.462,72.885,67.81,59.568,1.6,2.047,1.005,1.278,1.945,2.172,0.159,0.516,0.651,2.558,0.795,2.165,1.41,6.79,2.381,1.795,2.091,1.659,2.388,0.75,0.424,0.56,2.326,2.109,3.648,2.243,1.197,4.058,0.711,1.896,0.568,1.819,0.925,1.339,1.007,0.289,1.396,1.593,1.401,1.265,0.895,1.644,2.633,1.095,0.905,0.573,0.329,0.85,0.322,6.116,2.663,1.607
41.67,32.33,5.325,8.858,13.012,20.563,20.806,24.934,26.185,24.653,17.653,11.504,7.088,4.63,15.434,5.027,8.601,12.551,15.348,23.182,23.9,24.817,22.072,16.643,10.321,6.9,4.861,14.518,5.374,8.399,12.9,17.515,24.65,22.437,27.367,22.487,16.204,11.017,6.795,4.674,14.988,6.215,7.463,10.485,15.396,19.377,24.898,26.548,24.042,18.458,12.049,6.247,4.949,14.677,0.382,0.458,0.486,0.599,0.527,0.6,0.649,0.691,0.608,0.532,0.467,0.376,0.564,0.357,0.444,0.468,0.446,0.587,0.576,0.616,0.615,0.569,0.476,0.45,0.392,0.526,0.386,0.435,0.483,0.513,0.624,0.54,0.677,0.626,0.554,0.508,0.445,0.378,0.545,0.446,0.388,0.392,0.45,0.493,0.597,0.657,0.668,0.63,0.554,0.407,0.4,0.533,83.036,79.431,68.998,56.608,63.209,48.553,28.306,20.819,40.02,58.056,73.423,82.735,58.601,86.94,77.646,79.475,77.057,56.159,48.001,31.929,33.169,59.393,68.122,73.981,83.384,64.605,85.196,78.591,81.501,68.071,45.446,59.287,21.007,34.224,50.086,64.772,75.391,79.157,61.893,71.388,85.032,84.168,79.95,75.695,47.088,26.171,23.383,42.35,59.806,81.065,77.968,62.841,2.78,3.467,1.265,1.221,1.875,3.385,0.69,0.149,0.637,3.034,1.172,1.155,1.735,4.187,2.323,2.926,2.3,1.846,2.888,1.018,1.319,1.839,1.358,2.549,3.604,2.347,4.077,3.645,1.871,1.708,0.893,4.953,0.837,1.704,2.015,1.155,1.478,2.223,2.214,0.784,2.554,3.015,2.905,1.655,2.835,1.48,0.401,0.568,1.2,7.087,3.46,2.33
41.67,33.0,5.333,8.757,13.01,20.595,20.937,24.389,26.012,24.394,17.428,11.693,6.812,4.719,15.338,5.211,8.597,12.283,15.101,23.058,23.766,24.621,21.455,16.337,10.382,6.977,5.061,14.406,5.335,8.165,12.64,17.569,24.237,22.601,27.318,22.635,15.947,10.742,6.849,4.653,14.892,6.254,7.325,10.322,15.683,19.008,24.799,26.799,24.054,18.174,11.99,6.159,4.892,14.624,0.383,0.456,0.486,0.601,0.529,0.588,0.644,0.684,0.598,0.541,0.45,0.385,0.562,0.372,0.443,0.459,0.439,0.585,0.572,0.612,0.6,0.559,0.478,0.457,0.412,0.521,0.382,0.42,0.472,0.516,0.612,0.544,0.675,0.632,0.545,0.494,0.448,0.377,0.543,0.45,0.38,0.387,0.459,0.483,0.595,0.661,0.669,0.619,0.55,0.403,0.394,0.53,84.336,80.337,69.355,57.238,64.342,50.211,28.74,19.843,40.218,56.498,74.535,82.125,58.982,86.452,78.723,80.868,78.927,56.843,50.278,33.157,34.984,61.16,67.737,73.722,81.171,65.337,85.868,80.381,83.154,70.253,48.368,61.157,22.745,32.639,51.382,66.815,76.437,81.256,63.37,71.723,86.53,86.009,80.631,76.983,47.083,26.565,22.439,43.641,60.083,81.711,80.108,63.629,2.98,3.536,1.276,1.32,2.151,3.451,0.713,0.244,0.703,1.91,1.139,1.073,1.707,3.129,2.195,2.934,2.108,2.041,2.622,1.2,2.105,2.302,1.235,2.389,3.132,2.283,3.921,3.118,2.409,1.81,1.178,5.653,1.061,1.213,2.432,1.153,1.122,2.333,2.284,0.728,2.68,3.083,2.794,1.957,2.922,1.461,0.402,0.612,1.366,5.437,3.089,2.209
42.0,33.33,5.215,8.772,12.925,20.669,21.107,24.576,25.992,24.238,17.346,11.57,6.534,4.574,15.29,5.044,8.391,12.264,15.158,23.099,24.225,24.661,21.302,16.513,10.293,6.751,4.998,14.393,5.257,8.113,12.792,17.604,24.394,23.012,27.42,22.772,15.891,10.749,6.647,4.542,14.934,6.066,7.206,10.16,15.998,19.147,25.188,26.827,24.027,18.031,11.949,6.095,4.712,14.621,0.377,0.459,0.484,0.604,0.534,0.593,0.643,0.681,0.596,0.537,0.435,0.377,0.562,0.364,0.435,0.459,0.442,0.587,0.583,0.613,0.597,0.565,0.476,0.445,0.411,0.521,0.38,0.42,0.478,0.518,0.616,0.554,0.678,0.637,0.545,0.496,0.438,0.371,0.547,0.44,0.375,0.383,0.469,0.487,0.605,0.662,0.669,0.616,0.55,0.403,0.382,0.531,86.58,81.376,70.607,59.298,64.73,49.194,28.531,19.737,40.979,57.92,79.12,84.252,60.194,87.495,81.013,82.27,79.427,57.92,49.589,32.869,35.466,62.286,69.998,76.452,82.578,66.449,87.198,81.623,84.02,71.516,49.076,60.38,21.853,30.986,52.497,68.431,79.558,83.538,64.223,74.172,87.666,87.541,80.237,76.889,45.763,26.836,22.437,45.579,61.127,82.787,82.071,64.429,3.35,3.787,1.368,1.356,2.281,3.433,0.761,0.29,0.754,1.804,1.251,1.139,1.796,3.166,2.35,3.09,2.188,2.171,2.587,1.309,2.378,2.446,1.317,2.467,3.266,2.395,4.184,3.209,2.678,1.879,1.297,5.999,1.123,1.156,2.656,1.153,1.132,2.511,2.415,0.779,3.013,3.147,2.856,1.873,2.845,1.504,0.425,0.627,1.506,5.507,3.19,2.27
41.67,33.33,5.373,8.744,13.047,20.62,21.021,24.182,26.027,24.373,17.439,11.783,6.827,4.789,15.35,5.273,8.662,12.239,15.061,22.997,23.668,24.654,21.338,16.198,10.428,7.029,5.125,14.391,5.333,8.132,12.598,17.567,24.068,22.552,27.244,22.636,15.977,10.743,6.923,4.67,14.871,6.284,7.368,10.351,15.717,18.936,24.636,26.843,24.035,18.156,11.966,6.185,4.906,14.617,0.386,0.455,0.487,0.602,0.531,0.583,0.645,0.683,0.599,0.545,0.45,0.389,0.562,0.376,0.446,0.456,0.439,0.583,0.569,0.613,0.596,0.554,0.481,0.46,0.416,0.521,0.382,0.418,0.47,0.515,0.609,0.542,0.674,0.632,0.546,0.494,0.452,0.378,0.542,0.451,0.381,0.388,0.46,0.481,0.591,0.662,0.669,0.62,0.548,0.404,0.394,0.53,83.931,80.236,69.117,56.86,64.249,51.067,28.83,20.067,40.052,56.096,73.83,81.273,58.801,85.886,78.306,80.607,79.307,56.626,50.87,33.492,35.11,61.223,67.056,73.096,80.287,65.157,85.497,80.248,82.988,70.217,48.675,61.403,23.42,32.633,51.374,66.64,75.978,81.201,63.355,71.452,86.673,85.83,80.709,76.997,47.83,26.466,22.18,43.333,60.126,81.537,79.95,63.593,2.908,3.45,1.248,1.315,2.144,3.439,0.707,0.255,0.71,1.775,1.108,1.062,1.676,2.949,2.139,2.857,2.042,2.022,2.595,1.202,2.188,2.344,1.193,2.33,3.029,2.241,3.832,2.987,2.423,1.773,1.2,5.565,1.073,1.163,2.458,1.167,1.073,2.3,2.251,0.703,2.615,3.063,2.735,2.036,2.964,1.452,0.403,0.624,1.358,5.119,2.968,2.169
41.67,32.67,5.354,8.77,13.044,20.595,20.875,24.479,26.064,24.489,17.508,11.679,6.931,4.733,15.375,5.192,8.633,12.361,15.143,23.071,23.738,24.659,21.617,16.378,10.4,7.003,5.028,14.436,5.348,8.222,12.666,17.551,24.293,22.47,27.306,22.58,16.024,10.812,6.875,4.672,14.903,6.276,7.372,10.392,15.573,19.067,24.756,26.746,24.07,18.274,12.019,6.187,4.934,14.64,0.384,0.455,0.487,0.6,0.528,0.59,0.646,0.687,0.602,0.54,0.457,0.385,0.562,0.37,0.445,0.461,0.441,0.585,0.572,0.613,0.604,0.56,0.479,0.457,0.407,0.522,0.383,0.424,0.474,0.515,0.614,0.541,0.675,0.63,0.548,0.497,0.45,0.378,0.543,0.451,0.382,0.389,0.456,0.485,0.594,0.66,0.669,0.623,0.551,0.404,0.397,0.531,83.564,79.92,68.902,56.519,63.885,49.88,28.523,19.837,39.792,56.429,73.233,81.72,58.518,86.346,78.01,80.178,78.38,56.32,49.783,32.811,34.344,60.199,67.139,73.136,81.335,64.834,85.478,79.713,82.554,69.433,47.475,60.874,22.273,33.123,50.718,65.814,75.438,80.279,62.763,71.133,85.917,85.247,80.466,76.595,47.151,26.24,22.41,42.679,59.591,81.242,79.2,63.159,2.85,3.47,1.245,1.278,2.063,3.418,0.71,0.228,0.709,2.222,1.131,1.083,1.7,3.377,2.2,2.895,2.139,1.99,2.699,1.142,1.868,2.177,1.244,2.421,3.231,2.282,3.909,3.237,2.211,1.776,1.09,5.424,1.013,1.362,2.283,1.154,1.213,2.267,2.245,0.731,2.587,3.032,2.819,1.885,2.904,1.479,0.414,0.591,1.291,5.861,3.152,2.228
41.67,34.0,5.365,8.703,13.003,20.66,21.551,23.865,25.939,24.118,17.366,11.964,6.641,4.941,15.342,5.355,8.709,12.09,14.945,22.84,23.933,24.836,20.767,15.85,10.515,6.997,5.323,14.347,5.211,8.008,12.564,17.46,23.633,22.81,27.08,22.728,16.073,10.73,6.936,4.678,14.827,6.238,7.372,10.232,16.178,18.822,24.377,26.992,23.887,17.909,11.817,6.215,4.812,14.572,0.387,0.453,0.484,0.604,0.546,0.576,0.641,0.674,0.599,0.555,0.438,0.402,0.561,0.384,0.45,0.45,0.437,0.579,0.573,0.619,0.577,0.542,0.488,0.46,0.432,0.519,0.376,0.412,0.467,0.511,0.601,0.548,0.672,0.634,0.551,0.495,0.452,0.379,0.538,0.445,0.379,0.381,0.475,0.476,0.586,0.668,0.664,0.613,0.543,0.406,0.387,0.529,84.336,80.655,69.359,57.779,63.82,52.631,28.688,20.51,40.189,55.285,75.163,79.44,58.99,84.25,78.441,80.905,80.53,56.519,51.602,34.077,35.968,62.186,66.53,72.954,77.97,65.161,85.352,80.289,83.218,71.239,50.13,61.075,24.415,30.552,52.048,67.372,77.171,82.249,63.759,72.14,88.036,86.839,80.126,76.751,49.288,25.889,21.103,44.253,61.623,81.531,80.794,64.034,3.057,3.376,1.239,1.344,2.125,3.39,0.683,0.277,0.659,1.274,1.175,1.129,1.643,2.483,2.103,2.763,1.932,2.036,2.493,1.264,2.696,2.469,1.178,2.168,2.801,2.2,3.949,2.654,2.749,1.593,1.33,5.351,1.008,0.896,2.651,1.258,0.902,2.391,2.228,0.729,2.715,3.144,2.591,2.234,3.177,1.429,0.315,0.7,1.531,4.238,2.73,2.128
41.67,34.33,5.38,8.678,13.006,20.623,21.683,23.926,25.9,24.094,17.346,12.016,6.675,5.012,15.362,5.415,8.762,12.083,14.927,22.816,23.861,24.9,20.708,15.743,10.547,7.024,5.363,14.346,5.197,8.01,12.474,17.386,23.48,22.765,27.005,22.679,16.116,10.743,6.951,4.716,14.795,6.26,7.408,10.247,16.209,18.759,24.234,26.993,23.852,17.903,11.804,6.26,4.837,14.565,0.388,0.452,0.484,0.602,0.549,0.578,0.64,0.672,0.598,0.557,0.439,0.408,0.561,0.388,0.452,0.45,0.437,0.579,0.571,0.621,0.575,0.539,0.489,0.461,0.435,0.519,0.375,0.413,0.464,0.509,0.596,0.547,0.67,0.633,0.553,0.496,0.453,0.382,0.537,0.447,0.381,0.382,0.476,0.475,0.582,0.669,0.664,0.612,0.542,0.408,0.389,0.529,83.76,80.321,68.971,57.257,63.406,52.821,28.409,20.436,39.799,54.297,74.254,78.325,58.507,83.451,77.786,80.528,80.269,56.143,51.733,33.87,36.159,61.718,66.131,72.473,76.97,64.77,84.967,79.703,83.037,70.97,50.294,60.926,24.344,30.01,51.775,67.024,76.481,81.584,63.427,71.384,87.749,86.469,79.849,76.466,49.72,25.725,20.783,43.645,61.543,80.941,80.438,63.729,2.846,3.172,1.12,1.283,1.987,3.241,0.633,0.306,0.674,1.202,1.148,1.154,1.564,2.355,1.969,2.603,1.811,2.06,2.402,1.24,2.681,2.393,1.116,2.078,2.66,2.116,3.801,2.51,2.597,1.504,1.286,4.973,0.957,0.861,2.453,1.276,0.85,2.335,2.116,0.749,2.521,3.049,2.556,2.245,3.253,1.412,0.303,0.691,1.527,4.095,2.603,2.085
41.67,33.67,5.388,8.702,13.029,20.644,21.4,23.896,25.961,24.192,17.387,11.947,6.717,4.926,15.348,5.374,8.725,12.118,14.959,22.868,23.756,24.778,20.913,15.897,10.502,7.04,5.287,14.352,5.26,8.035,12.519,17.497,23.702,22.684,27.096,22.688,16.042,10.715,6.966,4.686,14.825,6.282,7.39,10.288,16.02,18.816,24.385,26.964,23.938,17.981,11.867,6.22,4.86,14.586,0.388,0.453,0.485,0.603,0.541,0.577,0.642,0.676,0.599,0.554,0.442,0.4,0.561,0.385,0.45,0.451,0.437,0.58,0.569,0.617,0.582,0.544,0.486,0.462,0.429,0.519,0.378,0.413,0.466,0.512,0.601,0.545,0.672,0.633,0.549,0.494,0.454,0.379,0.539,0.449,0.381,0.384,0.47,0.476,0.586,0.667,0.666,0.615,0.544,0.406,0.391,0.529,83.997,80.418,69.147,57.217,63.957,52.515,28.799,20.435,40.008,55.213,74.245,79.652,58.802,84.493,78.181,80.759,80.242,56.468,51.746,34.044,35.866,61.942,66.426,72.691,78.29,65.096,85.213,80.218,83.144,70.902,49.896,61.362,24.421,31.244,51.839,67.145,76.447,81.822,63.638,71.589,87.56,86.397,80.405,76.879,49.116,26.126,21.317,43.813,61.051,81.401,80.447,63.845,2.91,3.321,1.2,1.326,2.117,3.392,0.677,0.291,0.696,1.341,1.117,1.081,1.622,2.492,2.05,2.726,1.909,2.032,2.49,1.245,2.56,2.435,1.125,2.174,2.767,2.168,3.792,2.671,2.597,1.636,1.286,5.366,1.047,0.948,2.545,1.216,0.905,2.317,2.194,0.702,2.601,3.073,2.608,2.205,3.114,1.413,0.349,0.671,1.453,4.338,2.719,2.103
41.67,35.0,5.348,8.621,12.934,20.534,22.361,24.466,25.792,23.907,17.242,12.06,6.608,5.185,15.423,5.514,8.831,12.107,14.938,22.787,24.174,25.16,20.392,15.623,10.667,6.979,5.453,14.383,5.043,8.038,12.363,17.008,23.118,22.897,26.874,22.581,16.265,10.846,6.843,4.84,14.728,6.219,7.365,10.06,16.538,18.736,24.112,26.933,23.64,17.881,11.696,6.317,4.792,14.525,0.386,0.449,0.483,0.598,0.568,0.59,0.637,0.666,0.593,0.558,0.434,0.424,0.561,0.396,0.457,0.451,0.438,0.579,0.579,0.627,0.567,0.537,0.494,0.457,0.443,0.52,0.365,0.416,0.46,0.5,0.586,0.553,0.667,0.63,0.559,0.501,0.446,0.394,0.537,0.445,0.378,0.376,0.485,0.477,0.579,0.669,0.661,0.61,0.539,0.41,0.389,0.53,84.411,80.969,69.976,58.381,63.593,52.724,28.082,21.292,40.985,53.879,76.584,77.16,59.004,82.86,78.267,80.923,80.213,56.293,51.931,34.079,38.36,61.759,67.55,74.009,76.551,65.235,86.0,79.011,83.831,72.218,52.521,61.124,24.704,28.736,53.179,68.229,77.896,81.855,64.109,71.541,88.618,87.492,79.108,76.31,51.103,26.427,21.181,44.305,63.955,81.169,81.58,64.401,2.599,2.829,0.863,1.107,1.48,2.568,0.454,0.374,0.618,0.894,1.33,1.387,1.378,2.191,1.783,2.3,1.502,2.207,2.089,1.209,2.678,2.124,1.165,1.899,2.32,1.958,3.982,2.251,2.536,1.215,1.204,3.653,0.654,0.652,1.984,1.458,0.759,2.417,1.894,1.013,2.354,2.976,2.54,2.249,3.539,1.42,0.17,0.725,1.795,3.765,2.408,2.082
41.67,35.33,5.377,8.578,12.907,20.507,22.421,24.57,25.762,23.928,17.289,12.095,6.663,5.237,15.446,5.559,8.839,12.184,14.992,22.795,24.185,25.208,20.413,15.606,10.755,6.994,5.477,14.415,5.045,8.056,12.317,16.956,23.053,22.889,26.757,22.511,16.324,10.86,6.895,4.898,14.715,6.272,7.378,10.032,16.477,18.804,24.039,26.891,23.635,17.924,11.693,6.372,4.813,14.529,0.388,0.446,0.482,0.599,0.569,0.592,0.637,0.667,0.594,0.561,0.438,0.427,0.562,0.398,0.457,0.454,0.44,0.579,0.58,0.627,0.568,0.537,0.498,0.458,0.444,0.522,0.364,0.417,0.457,0.498,0.583,0.552,0.664,0.628,0.56,0.501,0.449,0.398,0.537,0.449,0.38,0.375,0.484,0.477,0.577,0.668,0.661,0.611,0.539,0.413,0.391,0.53,84.526,80.985,70.612,58.18,63.911,52.238,28.637,21.928,41.599,54.126,76.418,77.092,59.189,82.883,78.389,80.869,80.095,56.056,52.287,34.408,38.978,61.852,67.446,74.343,77.001,65.386,86.107,78.882,83.858,72.572,53.248,61.479,25.755,29.573,53.453,68.668,77.687,81.586,64.405,71.027,88.558,87.412,79.419,76.336,51.676,27.047,21.977,44.555,63.872,81.034,81.562,64.542,2.44,2.817,0.8,1.028,1.365,2.422,0.403,0.41,0.637,0.838,1.346,1.358,1.325,2.201,1.765,2.255,1.389,2.196,2.084,1.187,2.399,1.983,1.167,1.889,2.178,1.892,4.066,2.302,2.477,1.236,1.15,3.31,0.598,0.624,1.798,1.471,0.798,2.355,1.847,1.082,2.316,2.934,2.625,2.271,3.367,1.406,0.158,0.721,1.813,3.696,2.361,2.064
41.67,34.67,5.367,8.617,12.943,20.541,22.169,24.267,25.801,23.956,17.279,12.074,6.647,5.158,15.403,5.507,8.82,12.101,14.927,22.777,24.049,25.089,20.468,15.595,10.645,7.005,5.451,14.368,5.096,8.023,12.361,17.117,23.171,22.846,26.857,22.584,16.234,10.801,6.901,4.816,14.736,6.254,7.396,10.13,16.426,18.735,24.073,26.954,23.698,17.869,11.723,6.322,4.818,14.534,0.387,0.448,0.483,0.599,0.563,0.586,0.637,0.667,0.595,0.559,0.437,0.42,0.561,0.395,0.456,0.451,0.438,0.578,0.576,0.625,0.569,0.536,0.493,0.458,0.442,0.52,0.368,0.415,0.459,0.502,0.588,0.551,0.667,0.63,0.558,0.498,0.449,0.392,0.537,0.447,0.38,0.378,0.482,0.476,0.578,0.669,0.661,0.61,0.54,0.41,0.39,0.529,83.975,80.568,69.607,57.77,63.376,52.831,28.258,21.13,40.549,53.7,75.349,77.087,58.685,82.703,77.853,80.619,80.174,56.037,51.972,34.087,37.728,61.748,66.725,73.243,76.27,64.932,85.43,79.004,83.448,71.747,51.891,61.006,24.887,29.193,52.614,67.766,77.08,81.474,63.795,71.133,88.241,86.976,79.351,76.239,50.895,26.165,21.081,43.99,63.015,80.836,81.018,64.08,2.622,2.91,0.924,1.147,1.622,2.773,0.498,0.359,0.636,0.963,1.262,1.294,1.419,2.209,1.819,2.368,1.572,2.144,2.186,1.211,2.643,2.187,1.137,1.932,2.377,1.984,3.904,2.297,2.528,1.299,1.219,3.983,0.736,0.702,2.095,1.403,0.787,2.368,1.941,0.932,2.371,2.992,2.543,2.268,3.444,1.406,0.205,0.719,1.705,3.799,2.439,2.07
41.67,36.0,5.471,8.541,12.91,20.601,22.751,25.135,25.835,23.963,17.512,12.154,6.781,5.387,15.587,5.65,8.861,12.52,15.281,22.898,24.588,25.458,20.507,15.825,11.127,6.962,5.503,14.597,4.97,8.151,12.325,16.645,22.991,22.961,26.508,22.371,16.543,11.044,7.016,5.087,14.719,6.385,7.307,9.852,16.476,19.068,24.111,26.683,23.583,18.23,11.706,6.452,4.779,14.554,0.397,0.442,0.48,0.604,0.576,0.603,0.639,0.671,0.601,0.567,0.447,0.438,0.569,0.402,0.457,0.466,0.448,0.583,0.589,0.63,0.572,0.545,0.515,0.458,0.447,0.531,0.358,0.421,0.458,0.486,0.581,0.552,0.656,0.622,0.565,0.51,0.458,0.412,0.539,0.458,0.378,0.37,0.484,0.482,0.58,0.663,0.659,0.623,0.539,0.419,0.389,0.532,86.177,82.456,73.787,58.951,65.593,49.561,29.294,23.388,43.417,55.674,78.975,78.299,60.466,84.59,80.574,81.866,80.139,56.046,52.544,34.673,41.253,62.086,67.835,77.658,80.579,66.655,88.149,79.535,84.704,74.787,56.294,62.748,28.698,31.929,55.264,70.845,78.31,82.6,66.154,70.608,89.65,88.412,80.093,76.848,53.28,29.209,23.972,45.356,65.281,82.048,82.892,65.64,2.137,2.937,0.646,0.792,0.89,1.818,0.224,0.513,0.642,0.609,1.537,1.414,1.183,2.374,1.832,2.192,1.042,2.196,1.962,1.131,1.625,1.524,1.302,1.904,1.792,1.737,4.649,2.547,2.527,1.266,0.992,2.062,0.356,0.485,1.265,1.61,0.913,2.322,1.749,1.393,2.468,2.926,2.883,2.322,2.843,1.439,0.068,0.699,1.988,3.602,2.314,2.079
