lat,lon,score_202001,score_202002,score_202003,score_202004,score_202005,score_202006,score_202007,score_202008,score_202009,score_202010,score_202011,score_202012,score_202101,score_202102,score_202103,score_202104,score_202105,score_202106,score_202107,score_202108,score_202109,score_202110,score_202111,score_202112,score_202201,score_202202,score_202203,score_202204,score_202205,score_202206,score_202207,score_202208,score_202209,score_202210,score_202211,score_202212,score_202301,score_202302,score_202303,score_202304,score_202305,score_202306,score_202307,score_202308,score_202309,score_202310,score_202311,score_202312,avg_score
36.0,36.0,0.35843,0.33235,0.55479,0.9079,0.96849,0.94371,0.85389,0.88153,0.80823,0.98238,0.59405,0.86698,0.59045,0.95662,0.60542,0.87781,1.0562,0.83108,0.99657,0.94434,0.9063,1.01487,0.90803,0.66869,0.26166,0.39474,0.37038,0.97924,0.82119,0.97778,0.97429,0.62216,0.82219,0.92934,0.62377,0.6839,0.70049,0.84014,0.83802,1.00646,1.07559,0.97345,0.9281,0.77044,0.87973,0.87525,1.07718,0.63379,0.80142
37.0,29.0,0.80911,0.31416,0.86403,0.76615,0.63321,0.58837,0.96213,0.78284,0.83869,0.59796,0.99368,0.64544,0.26617,0.82025,0.40088,0.8018,0.92697,0.42425,0.9623,1.08881,0.82284,0.91562,0.85061,0.42318,0.41698,0.32363,0.32374,0.84164,0.70729,0.66196,1.00386,0.57802,0.96896,0.89102,0.85042,0.81233,0.69184,0.72278,0.74468,0.55919,0.14451,0.50585,0.98515,0.89682,0.7425,0.98067,0.56564,0.5981,0.70869
37.0,30.0,0.75674,0.15538,0.87785,0.76026,0.58842,0.57179,0.9905,0.77787,0.8622,0.55719,0.96147,0.48342,0.14864,0.74843,0.46506,0.75243,0.80686,0.40791,0.93124,1.04983,0.8005,0.92711,0.84583,0.26631,0.44243,0.16266,0.48545,0.79959,0.72848,0.63811,0.96849,0.68005,0.94001,0.88871,0.8221,0.74972,0.69093,0.77746,0.61521,0.56947,0.03672,0.47096,0.99515,0.89671,0.75529,1.03561,0.59086,0.63647,0.68479
37.0,31.0,0.33663,0.07619,0.50352,0.64729,0.76904,0.7234,1.04389,0.82793,0.92257,0.65938,0.79305,0.57619,0.28149,0.63652,0.34564,0.79271,0.96493,0.38114,0.92417,1.02941,0.77563,0.98193,0.84601,0.37278,0.35631,0.09368,0.3624,0.93979,0.70338,0.604,0.96833,0.70524,1.00853,0.76742,0.84218,0.71729,0.77655,0.69096,0.61752,0.65768,0.20091,0.52919,0.99417,0.95447,0.76655,1.00979,0.67908,0.70898,0.6847
37.0,32.0,0.22207,0.26894,0.48231,0.4833,0.78608,0.73614,1.05163,0.92586,0.92294,0.80468,0.63891,0.72904,0.35211,0.63421,0.25531,0.56663,0.9142,0.43898,0.91054,0.96101,0.74,0.98504,0.83839,0.49321,0.3236,0.08296,0.15438,1.04433,0.54568,0.64551,0.942,0.8196,1.00503,0.66982,0.91589,0.64262,0.86634,0.37815,0.74355,0.7425,0.38959,0.50466,0.9471,0.95772,0.83302,0.89788,0.90916,0.8575,0.68667
37.0,33.0,0.14444,0.34086,0.55065,0.68177,1.00923,0.93001,1.0994,1.00632,0.99421,0.96382,0.72082,0.88598,0.46184,0.73042,0.46193,0.53124,0.91259,0.6921,1.07313,1.00374,0.85216,1.08765,0.96439,0.66693,0.31306,0.2208,0.29733,1.04333,0.68348,0.81096,1.03,0.96961,1.07261,0.81073,0.99123,0.65859,0.87969,0.42047,0.80262,0.99327,0.71934,0.68479,0.96407,1.01162,0.93782,0.97733,0.9369,0.94353,0.79039
37.0,34.0,0.04482,-0.01037,0.06166,0.3817,0.76328,0.6945,0.98198,0.94606,0.88407,0.97191,0.76959,0.97381,0.49394,0.56801,0.22974,0.43137,0.79042,0.51852,0.95331,0.8429,0.78239,1.08145,0.88083,0.68934,0.22197,0.01859,0.19141,0.76714,0.30345,0.6015,1.00416,0.71409,0.97165,0.7824,0.83493,0.84988,0.95416,0.50497,0.52487,0.63699,0.47912,0.50962,0.95976,0.93714,0.88595,0.89768,0.9323,0.86503,0.66821
37.0,35.0,0.30995,0.01253,0.12211,0.5025,0.5213,0.42147,0.78124,0.8141,0.62204,0.85197,0.70175,0.88764,0.50218,0.69855,0.36676,0.42166,0.61215,0.44129,0.82459,0.81808,0.76165,0.96475,0.66401,0.50405,0.1993,0.14375,0.34163,0.67035,0.3673,0.50006,0.9348,0.49242,0.77732,0.75774,0.62365,0.71546,0.82494,0.61117,0.42985,0.4857,0.67245,0.39359,0.83218,0.71127,0.79455,0.78002,0.80288,0.7136,0.59801
37.0,36.0,0.39349,0.04719,0.1143,0.51174,0.63741,0.6018,0.81005,0.84851,0.69633,0.91313,0.66029,0.86108,0.42673,0.72657,0.31673,0.58177,0.84056,0.62375,0.93627,0.86921,0.8391,0.95267,0.67604,0.58543,0.1456,0.24089,0.22336,0.7614,0.47098,0.70489,0.96464,0.55746,0.79389,0.82843,0.4554,0.65757,0.78057,0.63323,0.24905,0.46746,0.81604,0.64497,0.89912,0.7679,0.87411,0.75076,0.8404,0.64895,0.63848
37.0,37.0,0.36228,0.06109,0.30112,0.62829,0.80101,1.01378,0.88696,1.00702,0.7721,0.96405,0.55833,0.76411,0.37315,0.71482,0.47187,0.78746,1.04633,0.86909,0.9984,0.85467,0.945,0.95044,0.73176,0.5919,0.04468,0.28634,0.23753,0.83537,0.60929,0.95461,1.03817,0.89229,0.84523,0.84635,0.28844,0.66513,0.69011,0.66165,0.39636,0.72946,0.95475,0.96699,1.05234,0.92923,0.94637,0.69294,0.80806,0.59512,0.71712
37.0,38.0,0.30829,0.082,0.36187,0.70942,0.74175,1.00845,0.79023,0.9408,0.72036,0.88948,0.49361,0.86075,0.53737,0.81623,0.596,0.84784,0.912,0.88495,0.93747,0.84763,0.9816,0.95859,0.79897,0.74213,0.06865,0.43886,0.28992,0.75067,0.65671,0.99554,0.95728,0.86808,0.80729,0.80076,0.26479,0.76428,0.75111,0.6106,0.4072,0.89491,0.97959,1.00748,0.95126,0.86601,0.89549,0.72271,0.74659,0.56871,0.72567
37.0,39.0,0.38118,0.16102,0.35822,0.76136,0.79359,1.01967,0.7295,0.95648,0.8036,0.90408,0.54274,0.91238,0.59182,0.90674,0.64633,1.01721,0.98346,0.96454,0.97063,0.86883,1.04187,0.93254,0.85986,0.76404,0.1862,0.59439,0.26915,0.79101,0.65708,1.04654,0.97811,0.94286,0.88557,0.84789,0.30213,0.90646,0.80621,0.6164,0.41066,0.9667,1.03328,1.06643,0.98132,0.89643,0.92099,0.74419,0.71665,0.56397,0.77088
37.0,40.0,0.29994,0.12996,0.25117,0.72509,0.81357,1.05025,0.74249,0.92657,0.82141,0.94248,0.52953,0.85639,0.6218,0.89796,0.65232,1.08916,0.92278,0.97692,0.94367,0.92978,1.03973,0.91406,0.90057,0.72926,0.3003,0.69138,0.20116,0.78382,0.61529,1.01405,0.95049,0.93407,0.90613,0.78341,0.43137,0.92586,0.82667,0.65703,0.39129,1.00422,0.99517,1.01982,0.91952,0.88857,0.86866,0.74042,0.65844,0.50307,0.76494
38.0,28.0,0.78048,0.27797,0.80699,0.75407,0.46098,0.45574,1.03142,0.93339,0.7941,0.42046,1.02059,0.56197,0.23451,0.57378,0.21439,0.57063,0.77146,0.42558,0.96872,1.07521,0.81203,0.88234,0.73748,0.23099,0.48226,0.05857,0.4456,0.59409,0.83847,0.65903,1.00853,0.67662,0.86505,0.9216,0.68269,0.43508,0.44539,0.70038,0.63484,0.37543,0.19611,0.51452,0.94326,0.85012,0.69693,0.85274,0.29439,0.53917,0.63554
38.0,29.0,0.71792,0.24524,0.70586,0.78505,0.41594,0.46361,0.96822,0.87585,0.68642,0.51244,0.9879,0.6935,0.23591,0.67767,0.23643,0.4828,0.7585,0.30692,0.90464,1.05684,0.7376,0.90807,0.78986,0.33418,0.46009,0.16284,0.39476,0.61767,0.71359,0.51197,0.99135,0.57979,0.86519,0.8427,0.81363,0.61383,0.58305,0.69335,0.54406,0.28245,0.07445,0.40332,0.89434,0.78578,0.7043,0.89659,0.30936,0.55822,0.6205
38.0,30.0,0.54043,0.14859,0.5723,0.66074,0.37728,0.43264,0.96749,0.82936,0.71931,0.49684,0.84748,0.75091,0.13508,0.63631,0.28525,0.40358,0.69376,0.14336,0.84212,1.05546,0.6662,0.92523,0.83323,0.41129,0.36565,0.0954,0.23069,0.65059,0.54256,0.48508,0.9472,0.61327,0.85723,0.67341,0.95305,0.65852,0.69455,0.5974,0.50297,0.32668,0.00664,0.32615,0.9008,0.84922,0.71802,0.84966,0.45627,0.59921,0.58905
38.0,31.0,0.47692,0.17497,0.64027,0.71407,0.54526,0.53879,1.01087,0.84615,0.76327,0.59097,0.81914,0.81938,0.32244,0.65135,0.36557,0.47946,0.66797,0.15027,0.84324,1.00293,0.68877,0.97713,0.96003,0.60448,0.35521,0.19378,0.2025,0.75332,0.57322,0.51302,0.90817,0.66615,0.89084,0.56918,1.00568,0.69343,0.84067,0.40064,0.6346,0.52061,0.19111,0.40292,0.89783,0.94946,0.75537,0.8753,0.66654,0.7795,0.6436
38.0,32.0,0.36922,0.13822,0.60083,0.66767,0.68454,0.52405,0.99056,0.86677,0.74586,0.65862,0.81086,0.74089,0.35238,0.66736,0.32843,0.36991,0.6717,0.2435,0.89372,0.90701,0.69384,0.93181,0.93526,0.63935,0.1625,0.191,0.14542,0.77773,0.55692,0.53951,0.87866,0.73283,0.86034,0.58487,0.99053,0.49539,0.75696,0.35053,0.64294,0.60167,0.38286,0.4292,0.91432,0.99264,0.79023,0.87,0.68024,0.78957,0.63644
38.0,33.0,0.41146,0.1738,0.79231,0.9404,0.91807,0.73333,1.01058,0.9416,0.79613,0.7834,0.86612,0.92166,0.4815,0.78089,0.50711,0.49657,0.79114,0.55544,0.98056,0.86209,0.75707,0.96628,0.97174,0.8086,0.44603,0.23195,0.39337,0.83474,0.77371,0.74851,0.92418,0.79771,0.88512,0.77429,1.0029,0.70632,0.80397,0.6587,0.72227,0.90266,0.68012,0.60305,0.90404,0.95281,0.8736,0.85772,0.79107,0.93588,0.75943
38.0,34.0,0.23332,0.09504,0.39784,0.72524,0.76887,0.6121,1.06061,1.04297,0.93402,0.88461,0.87483,0.89607,0.45292,0.72112,0.29235,0.33968,0.70916,0.50404,1.01306,0.79414,0.71643,1.00791,0.78814,0.70276,0.37913,0.45206,0.11167,0.64669,0.37508,0.64504,0.95849,0.94994,0.90794,0.82629,0.81794,0.60857,0.96732,0.31926,0.56379,0.7538,0.6269,0.36415,0.95019,1.07217,0.97773,0.86746,0.79974,0.90477,0.69611
38.0,35.0,0.17681,0.56467,0.19065,0.59695,0.62731,0.59106,1.0424,1.05962,0.96848,0.98176,0.86373,0.88048,0.47492,0.80446,0.27853,0.22103,0.63985,0.52802,1.00809,0.74202,0.75395,0.99102,0.74865,0.69236,0.42472,0.4068,0.26881,0.5811,0.2459,0.62321,0.98596,1.00534,0.89147,0.85033,0.72183,0.52084,1.00047,0.80812,0.48429,0.55688,0.68408,0.35518,0.95419,1.06971,1.02277,0.80049,0.82499,0.79287,0.6939
38.0,36.0,0.58353,0.69396,0.15489,0.58456,0.56223,0.61512,0.93591,1.04613,0.92948,1.03636,0.79553,0.74114,0.64394,1.01864,0.33585,0.40398,0.69361,0.62958,0.96426,0.73976,0.8254,0.93502,0.75406,0.72072,0.69693,0.54988,0.30121,0.58498,0.19361,0.62272,1.03541,0.95834,0.89558,0.86849,0.49176,0.45641,0.78626,0.91333,0.17044,0.43092,0.65129,0.44177,1.00044,1.05999,1.01171,0.69993,0.69244,0.54588,0.6959
38.0,37.0,0.42131,0.62159,0.1796,0.63538,0.66715,0.78865,0.93087,1.08662,0.87579,1.04328,0.71711,0.64856,0.54344,0.87366,0.39796,0.55188,0.90749,0.78151,1.02068,0.84431,0.92253,0.94483,0.77167,0.67027,0.53799,0.52977,0.35153,0.63914,0.37154,0.76897,1.09284,0.9992,0.87661,0.89147,0.35868,0.41615,0.68256,0.86102,0.14755,0.52672,0.80661,0.68774,1.07988,1.07382,1.06666,0.64846,0.75158,0.52184,0.71947
38.0,38.0,0.14265,0.17981,0.18261,0.64207,0.66453,0.87056,0.90107,1.07246,0.86874,1.01836,0.6168,0.53928,0.25698,0.66919,0.50365,0.68776,1.00769,0.87938,0.98615,0.85676,0.9752,0.9642,0.73481,0.54947,-0.11089,0.36563,0.29422,0.66831,0.4854,0.88196,1.05926,1.00696,0.84328,0.88715,0.25644,0.47424,0.21207,0.67976,0.08068,0.49411,0.80339,0.87902,1.0646,1.05141,1.08315,0.67391,0.59112,0.33692,0.66317
38.0,39.0,0.14073,-0.12404,0.1015,0.49481,0.62648,0.92993,0.88676,1.07239,0.87676,1.00997,0.57444,0.6927,0.23528,0.70184,0.45904,0.78471,1.07245,0.95843,1.02679,0.83386,1.01121,0.94178,0.66138,0.56547,-0.01298,0.28429,0.26849,0.72236,0.56437,0.97721,1.06362,1.03219,0.89982,0.85479,0.26988,0.53634,0.43525,0.57078,0.07978,0.55084,0.86006,0.98529,1.06109,1.0203,1.05954,0.65824,0.55115,0.39188,0.67123
38.0,40.0,0.26776,-0.07247,-0.14879,0.3213,0.5405,0.91003,0.7797,0.98498,0.88347,1.00039,0.57124,0.7368,0.44338,0.51744,0.28786,0.80397,0.974,0.96182,0.89952,0.79126,1.00018,0.875,0.71813,0.54518,0.24685,0.39926,-0.03853,0.68876,0.44203,0.95639,1.01144,1.02138,0.80751,0.81886,0.35189,0.76777,0.73643,0.50736,0.01155,0.43219,0.81716,0.93033,0.97577,0.94515,0.93262,0.63208,0.4893,0.37711,0.64278
38.0,41.0,0.21857,0.06313,-0.33274,0.15698,0.46613,0.89687,0.77176,0.96599,0.98333,1.06065,0.55027,0.63067,0.4703,0.29194,-0.03603,0.78636,0.91071,1.03516,0.97712,0.86758,1.03048,0.83626,0.73936,0.42652,0.28198,0.43344,0.03834,0.62793,0.38371,1.01404,1.03825,1.07246,0.83817,0.77727,0.40807,0.94465,0.66559,0.48062,-0.00938,0.25447,0.71363,0.93678,0.97921,0.97146,0.87126,0.46369,0.52416,0.34818,0.62136
38.0,42.0,0.30128,-0.07427,-0.24824,-0.07996,0.43027,0.87306,0.66481,0.89741,1.01561,1.07428,0.50828,0.71064,0.4862,0.42965,-0.01824,0.60738,0.8199,1.03353,0.91372,0.86927,1.02555,0.78512,0.80333,0.3907,0.36917,0.50395,-0.00737,0.52184,0.26668,1.00316,1.02594,1.07465,0.8616,0.70467,0.54988,0.84485,0.62189,0.5071,0.37336,0.38486,0.5906,0.92874,0.95543,0.96085,0.76995,0.37381,0.54885,0.62659,0.61626
38.0,43.0,0.67355,0.16753,0.13341,0.16008,0.66613,0.98834,0.60616,0.8658,1.07588,1.0182,0.53484,0.93,0.77031,0.69755,0.36686,0.79851,0.78659,1.07846,0.91332,0.87844,1.06903,0.82722,0.95532,0.96778,0.84555,0.7364,0.50501,0.55167,0.3903,1.07245,0.9542,1.05483,0.97641,0.73596,0.73292,0.88937,0.98422,0.58557,0.69163,0.62043,0.68336,0.97048,0.88924,0.92145,0.80091,0.45732,0.57832,0.68665,0.75508
38.0,44.0,0.92326,0.75138,0.02347,-0.01106,0.56273,0.70433,0.40989,0.67139,0.87807,0.81869,0.35459,0.98143,1.05559,0.71313,0.28506,0.7049,0.38027,0.93139,0.58382,0.78144,1.0343,0.73651,0.83602,0.94776,0.85567,0.80901,0.27609,0.39102,0.08399,0.85634,0.85843,0.9649,0.94188,0.68065,0.69358,0.52162,0.93385,0.82986,0.55957,0.54376,0.45091,0.72192,0.61615,0.829,0.57851,0.35358,0.63738,0.66358,0.66062
39.0,27.0,0.22903,0.2664,0.29401,0.50768,0.37174,0.19967,0.82475,0.81776,0.32734,0.15481,0.48069,0.19901,-0.01941,0.20673,-0.00467,0.25091,0.45792,0.36339,0.80184,0.95532,0.67793,0.42883,0.27426,-0.00723,0.47811,-0.03107,0.09968,0.5245,0.92287,0.61958,0.91175,0.41217,0.58991,0.51435,0.3224,0.14333,0.06098,0.37114,0.24357,0.24913,0.07293,0.46309,0.9025,0.40325,0.41843,0.56973,0.07723,0.1717,0.38687
39.0,28.0,0.37042,0.13094,0.23701,0.49374,0.29102,0.18132,0.83431,0.83329,0.40669,0.23488,0.7183,0.40717,0.08133,0.1181,-0.13637,0.14508,0.40498,0.23457,0.78682,1.00501,0.65947,0.60664,0.47077,0.1306,0.39742,-0.09656,0.11292,0.36671,0.90975,0.51355,0.89684,0.41129,0.60296,0.57514,0.49798,0.18516,0.1582,0.27894,0.22262,0.11971,-0.06113,0.37695,0.85911,0.50776,0.53938,0.58604,-0.0034,0.30237,0.39387
39.0,29.0,0.38672,0.19864,0.37418,0.63298,0.14339,0.09217,0.82728,0.8077,0.36591,0.27573,0.72451,0.57724,0.1051,0.29018,-0.14975,0.09342,0.38513,0.02857,0.6629,0.95538,0.54124,0.69032,0.56558,0.15505,0.4056,0.10771,0.16473,0.3501,0.71114,0.36798,0.87426,0.2559,0.57936,0.57751,0.64387,0.32545,0.39669,0.27032,0.2005,0.03956,-0.13309,0.3203,0.75002,0.62453,0.51974,0.62297,-0.04375,0.43227,0.39778
39.0,30.0,0.51625,0.26552,0.42572,0.66996,0.22787,0.08701,0.88211,0.80974,0.4653,0.30944,0.75245,0.64623,0.16537,0.37335,-0.01686,0.12847,0.42148,0.03605,0.70024,0.95641,0.51278,0.73527,0.60359,0.36487,0.36121,0.14289,0.16887,0.43281,0.64249,0.33488,0.89372,0.36342,0.65839,0.47586,0.74339,0.31821,0.51796,0.25772,0.22851,0.21691,-0.04759,0.35589,0.70647,0.74416,0.54779,0.66257,0.1449,0.485,0.44573
39.0,31.0,0.42538,0.17787,0.70979,0.73713,0.36201,0.22897,0.93502,0.7261,0.52622,0.37998,0.81629,0.65747,0.20345,0.52351,0.10983,0.23652,0.51697,0.06517,0.75001,0.94115,0.56247,0.82485,0.66602,0.37518,0.28148,0.09476,0.40235,0.51227,0.68814,0.42031,0.85821,0.46509,0.70916,0.47894,0.80842,0.25607,0.63559,0.34637,0.48488,0.40226,0.23742,0.45924,0.75708,0.81792,0.60955,0.67662,0.26723,0.55188,0.51414
39.0,32.0,0.41262,0.07869,0.76387,0.76455,0.58938,0.39022,0.94707,0.8193,0.6788,0.55339,0.83741,0.63586,0.16075,0.63663,0.20031,0.29308,0.63229,0.16976,0.87625,0.90809,0.64431,0.85202,0.76217,0.41653,0.25975,0.03153,0.4094,0.6567,0.6215,0.42735,0.84506,0.58001,0.75521,0.54665,0.82329,0.27117,0.70107,0.25722,0.46462,0.51494,0.35609,0.40919,0.84221,0.94336,0.6915,0.70341,0.38354,0.64174,0.56583
39.0,33.0,0.43848,0.00834,0.7546,0.82489,0.63627,0.3958,0.95122,0.90149,0.63068,0.6302,0.82995,0.64663,0.25439,0.65888,0.16743,0.32085,0.61256,0.20318,0.88626,0.82799,0.64801,0.8323,0.70541,0.44205,0.16975,0.21557,0.36349,0.6741,0.45079,0.50889,0.84565,0.66174,0.74374,0.59689,0.82656,0.27334,0.61616,0.23291,0.38787,0.59042,0.46372,0.36683,0.89424,1.02628,0.75367,0.66552,0.44548,0.60815,0.57478
39.0,34.0,0.30105,-0.10721,0.52803,0.74032,0.63407,0.4113,0.96523,0.95706,0.68986,0.73265,0.82413,0.70261,0.36392,0.64347,0.1184,0.30611,0.54909,0.28985,0.89846,0.72762,0.64283,0.82401,0.66159,0.5391,0.29965,0.20149,0.32967,0.65812,0.30975,0.53092,0.83837,0.79125,0.76114,0.6411,0.70151,0.30431,0.72391,0.13692,0.41232,0.56618,0.53421,0.35998,0.90907,1.064,0.85605,0.59301,0.59127,0.66096,0.57747
39.0,35.0,0.19346,0.17197,0.34893,0.63089,0.59381,0.40964,0.95277,1.01185,0.76459,0.82142,0.7763,0.71567,0.40354,0.65373,0.06618,0.14026,0.45949,0.33816,0.83768,0.66053,0.62209,0.79607,0.57688,0.63327,0.20246,0.26084,0.15184,0.48613,0.22466,0.56725,0.84708,0.92852,0.72472,0.69493,0.62318,0.30753,0.83083,0.46768,0.34049,0.37869,0.62991,0.29532,0.89742,1.06885,0.89942,0.53641,0.56692,0.61176,0.56504
39.0,36.0,0.23875,0.61511,0.14824,0.5351,0.48378,0.37106,0.91333,0.92014,0.74908,0.88046,0.75484,0.61324,0.46827,0.8178,0.02963,0.15703,0.44062,0.45069,0.78746,0.62061,0.61084,0.71565,0.60908,0.56722,0.44786,0.4484,0.25234,0.34734,0.00207,0.52206,0.81593,0.88014,0.62385,0.70503,0.44572,0.29566,0.75055,0.75322,0.20706,0.22949,0.5275,0.29444,0.81618,1.03617,0.90429,0.46875,0.54421,0.49923,0.54824
39.0,37.0,0.40457,0.48617,0.15037,0.52198,0.45431,0.46403,0.91703,0.96289,0.75466,0.93155,0.70631,0.51928,0.40662,0.92219,0.18767,0.20305,0.61628,0.60787,0.88395,0.67946,0.73368,0.7546,0.58596,0.55997,0.50727,0.4407,0.74868,0.34319,0.14889,0.5696,0.95174,0.93453,0.65247,0.70532,0.28353,0.16657,0.67225,0.81977,0.04046,0.12152,0.48184,0.45894,0.85739,1.03705,0.93752,0.45796,0.31632,0.29391,0.57004
39.0,38.0,0.46927,0.52614,0.19115,0.35585,0.38537,0.57122,0.82118,0.94978,0.76562,0.92669,0.6006,0.5296,0.50188,0.90427,0.26941,0.28791,0.72836,0.67556,0.82426,0.65369,0.77674,0.78676,0.5988,0.32008,0.31229,0.34847,0.47406,0.35899,0.1184,0.59478,0.96086,0.84545,0.6675,0.70188,0.23834,0.30904,0.60625,0.80922,-0.10107,-0.01006,0.46302,0.51976,0.88269,1.00278,0.98271,0.46558,0.22814,0.20709,0.55013
39.0,39.0,0.60172,0.50476,0.06144,0.22015,0.20588,0.54622,0.75089,0.88999,0.75939,0.91051,0.51812,0.59883,0.51901,0.76708,0.30393,0.2789,0.73066,0.73013,0.69748,0.58716,0.77841,0.7481,0.52759,0.44107,0.35683,0.47929,0.28541,0.32376,-0.08297,0.63767,0.93445,0.85344,0.68862,0.68155,0.2449,0.36396,0.71189,0.75772,-0.1316,-0.09601,0.3572,0.5085,0.82264,0.95687,0.96613,0.39454,0.20749,0.21869,0.5233
39.0,40.0,0.64344,0.48661,0.35279,0.14541,0.25901,0.67146,0.6994,0.84463,0.75561,0.95983,0.53759,0.66206,0.61025,0.6533,0.69893,0.64528,0.81448,0.86007,0.71442,0.63266,0.86129,0.69437,0.56746,0.66133,0.73452,0.67598,0.58683,0.33673,0.01562,0.77537,0.96253,0.92266,0.7255,0.72736,0.38612,0.42365,0.79417,0.80445,-0.15152,-0.04945,0.37359,0.66281,0.85395,0.89285,0.89081,0.44745,0.2608,0.37272,0.60119
39.0,41.0,0.88757,0.84294,0.45387,0.07288,0.32571,0.62374,0.61644,0.7657,0.75755,0.96213,0.50106,0.70293,0.78166,0.78211,0.78027,0.70207,0.7329,0.8737,0.63894,0.66406,0.8707,0.68863,0.59088,0.67095,0.92715,0.86128,0.75677,0.44453,0.00614,0.73196,0.95759,0.96327,0.67452,0.72875,0.43908,0.42995,0.75871,0.89204,0.05856,0.00451,0.33224,0.6336,0.77902,0.79316,0.72297,0.41423,0.30958,0.43951,0.63226
39.0,42.0,0.9232,0.80896,0.5958,-0.15705,0.36994,0.67083,0.56243,0.77431,0.82841,0.9399,0.59684,0.58423,0.78328,0.69327,0.45523,0.55992,0.68763,0.89577,0.67859,0.71403,0.89248,0.71777,0.60767,0.7893,0.93449,0.94127,0.8138,0.39073,0.06156,0.81629,0.9509,0.97386,0.72699,0.6892,0.58779,0.54519,0.70073,0.86811,0.22434,0.12758,0.3651,0.77665,0.746,0.74015,0.64983,0.41317,0.49447,0.54082,0.64691
39.0,43.0,0.95295,0.472,0.1841,-0.3023,0.31532,0.62306,0.45508,0.63149,0.81603,0.82514,0.51182,0.50516,0.80283,0.52999,-0.00791,0.50154,0.49741,0.8775,0.58376,0.69674,0.89606,0.65853,0.56303,1.01732,0.89942,0.96551,0.73148,0.44585,0.06925,0.81175,0.89976,0.90337,0.7549,0.58186,0.54384,0.40541,0.81916,0.92415,0.44753,0.11576,0.35349,0.60961,0.63823,0.68851,0.48351,0.24856,0.36182,0.54632,0.58033
39.0,44.0,0.79107,0.28394,0.28153,-0.1387,0.34433,0.52597,0.4286,0.61015,0.82585,0.75011,0.50291,0.44529,0.53547,0.53809,0.12902,0.5573,0.33444,0.81343,0.56001,0.74367,0.93303,0.6385,0.69812,0.74955,0.56686,0.57615,0.19993,0.32087,0.10134,0.75381,0.86214,0.91909,0.81168,0.58308,0.77425,0.19863,0.65922,0.61021,0.49921,0.38623,0.35674,0.53038,0.57382,0.76751,0.47756,0.35594,0.68716,0.66121,0.54406
40.0,27.0,0.13928,0.2555,0.22544,0.45944,0.27154,0.21132,0.82834,0.6888,0.26849,-0.01002,0.21667,0.10325,-0.00363,0.11841,0.05184,0.30477,0.08242,0.28548,0.70581,0.81301,0.56857,0.13523,-0.03097,0.07214,0.45955,0.00698,0.23311,0.42227,0.84898,0.62738,0.74869,0.22339,0.39695,0.52088,0.04444,-0.01389,-0.09056,0.44089,0.24004,0.25676,0.18935,0.53458,0.75791,0.29725,0.33862,0.47807,0.07334,0.01169,0.3085
40.0,28.0,-0.056,0.13831,0.05239,0.42279,0.22424,0.21097,0.71603,0.59988,0.08594,-0.10867,0.22633,0.1574,-0.21055,-0.00321,-0.16308,0.1667,0.04272,0.21934,0.61994,0.77504,0.46725,0.22084,0.03354,-0.04386,0.23003,-0.16584,0.07528,0.18229,0.8393,0.52475,0.69498,0.25589,0.2759,0.34246,0.11738,-0.02175,-0.01879,0.21283,0.04614,0.15075,0.11838,0.4562,0.59348,0.16822,0.36121,0.25883,-0.20199,0.04028,0.21522
40.0,29.0,0.03323,0.08621,0.01308,0.56733,0.09252,0.11502,0.57034,0.6806,-0.05563,0.01283,0.43562,0.34744,-0.14885,0.04256,-0.21665,0.03216,0.16095,0.02846,0.47748,0.79341,0.42426,0.34853,0.3261,0.18609,0.18973,-0.09145,-0.0839,0.16705,0.86851,0.29156,0.71214,0.09319,0.25823,0.27562,0.35611,0.21067,0.24972,0.05369,0.05361,0.03262,-0.09717,0.34321,0.54732,0.24566,0.36607,0.31664,-0.1763,0.23707,0.22443
40.0,30.0,0.05528,-0.01236,0.03321,0.50108,-0.05633,-0.14982,0.47122,0.75878,-0.06071,0.06563,0.54453,0.39602,-0.02017,0.07008,-0.23199,-0.20639,0.08702,-0.06331,0.3796,0.71693,0.34953,0.40981,0.29931,0.17368,0.10397,-0.09496,-0.06376,0.07586,0.74165,0.09675,0.69816,-0.00945,0.24488,0.18618,0.3964,0.20808,0.30949,0.07338,-0.01874,-0.05695,-0.28445,0.0882,0.4314,0.30038,0.33004,0.30751,-0.13939,0.3408,0.18283
40.0,31.0,0.23324,-0.03751,0.31137,0.68438,-0.02283,-0.27396,0.613,0.82552,0.22792,0.19562,0.72606,0.46646,0.01213,0.30824,-0.04032,-0.17268,0.14842,-0.17422,0.41351,0.72513,0.30557,0.51616,0.49215,0.17602,0.1049,-0.04986,0.07859,0.17673,0.62028,-0.06776,0.68478,0.0762,0.33819,0.28895,0.60172,0.14804,0.4896,0.12429,0.11437,-0.02471,-0.11874,0.0829,0.50196,0.60574,0.39927,0.42902,-0.14387,0.37921,0.2604
40.0,32.0,0.42238,0.09745,0.5273,0.74946,0.1256,-0.10836,0.76817,0.84962,0.45638,0.32717,0.77737,0.48487,0.09146,0.43761,0.07862,-0.08789,0.19766,-0.1459,0.49151,0.79269,0.31658,0.59212,0.58607,0.18884,0.14777,0.0817,0.24908,0.29376,0.41999,0.03135,0.70105,0.19495,0.43607,0.36838,0.66741,0.16837,0.65191,0.10856,0.2042,0.06426,0.04465,0.12803,0.62609,0.82435,0.52594,0.44234,-0.04262,0.42315,0.34953
40.0,33.0,0.36398,-0.02259,0.7172,0.74685,0.29889,0.07846,0.82623,0.84199,0.55176,0.3985,0.82257,0.4539,0.22214,0.33071,0.06694,0.03937,0.32864,-0.10054,0.67258,0.72253,0.43083,0.65616,0.47454,0.24185,0.20267,0.09391,0.21924,0.40642,0.40739,0.20215,0.72981,0.44828,0.49287,0.44048,0.64484,0.1536,0.59334,0.14302,0.22556,0.30779,0.19754,0.23529,0.74243,0.92056,0.5982,0.44026,0.16333,0.32605,0.40622
40.0,34.0,0.23141,-0.00135,0.64896,0.69592,0.36778,0.14966,0.81627,0.8345,0.48066,0.5486,0.74385,0.49523,0.20987,0.39755,0.00805,0.10096,0.28625,0.0298,0.69965,0.6082,0.43125,0.65106,0.38777,0.4204,0.26804,0.16117,0.16139,0.47963,0.31178,0.31496,0.71634,0.57631,0.48838,0.40112,0.57726,0.05604,0.48117,0.1888,0.28818,0.3647,0.28228,0.26692,0.79345,0.96538,0.68545,0.35298,0.27521,0.2847,0.41633
40.0,35.0,0.02226,-0.11421,0.34232,0.54012,0.38209,0.1334,0.71302,0.80519,0.39968,0.60138,0.5398,0.54042,0.29393,0.39017,-0.06597,0.03015,0.16063,0.14755,0.61403,0.46656,0.39922,0.54704,0.19284,0.4621,0.13282,0.04604,0.02471,0.33572,0.19862,0.27282,0.62057,0.64982,0.46682,0.28615,0.28576,0.10701,0.55582,0.04976,0.17546,0.16606,0.29882,0.21578,0.73103,0.84996,0.54853,0.19881,0.35073,0.30529,0.34201
40.0,36.0,-0.0362,-0.17353,0.10122,0.3985,0.21194,0.01511,0.35868,0.58599,0.12584,0.61994,0.34819,0.48992,0.30364,0.47175,-0.06493,-0.01528,0.04157,0.12084,0.24764,0.15697,0.23598,0.39071,0.25972,0.46072,0.03201,-0.06468,-0.13523,0.1609,-0.02673,0.16252,0.29061,0.33024,0.23186,0.14163,0.20212,0.18022,0.63605,0.12161,0.12605,-0.04568,0.1451,-0.01259,0.40318,0.61138,0.27366,0.10958,0.25928,0.24077,0.20893
40.0,37.0,-0.05885,-0.10458,-0.13398,0.26784,0.07396,-0.13093,0.02735,0.24602,-0.0454,0.60834,0.23233,0.45962,0.13746,0.37447,-0.23424,-0.11479,0.04416,-0.00211,-0.01512,-0.09245,0.02829,0.33091,0.30892,0.3595,-0.10828,0.02611,-0.25069,0.08726,-0.14782,0.02691,0.07901,-0.08625,0.05756,0.04942,0.13514,0.2456,0.69242,0.07727,-0.05732,-0.16915,0.04841,-0.213,0.17025,0.44079,0.06231,0.06764,0.10888,0.14497,0.08446
40.0,38.0,0.00085,0.12571,-0.04,0.03876,0.05196,-0.05026,0.05401,0.14338,0.02876,0.64801,0.24697,0.50311,0.24,0.18599,-0.15017,-0.11463,0.1904,0.01961,0.09511,-0.14569,0.05877,0.39673,0.36567,0.43098,-0.0952,-0.04243,-0.11144,0.04025,-0.20863,0.07869,0.16193,-0.09522,0.06623,0.13919,0.13905,0.28122,0.60466,0.20814,-0.11668,-0.30592,0.06414,-0.16285,0.11776,0.37137,0.09551,0.08389,0.04855,0.0371,0.0984
40.0,39.0,0.09779,0.19488,0.00635,-0.00822,0.01583,-0.00331,0.04946,0.14917,0.09861,0.63611,0.2082,0.53369,0.32856,0.39642,0.08126,0.09894,0.25047,0.07309,-0.02997,-0.15116,0.09499,0.41394,0.41893,0.33855,-0.0259,0.23606,-0.13926,0.10164,-0.19658,0.03821,0.20499,-0.04026,0.14074,0.213,0.17023,0.30136,0.62771,0.35031,-0.08079,-0.27436,0.10966,-0.1827,0.13873,0.35256,0.149,0.12802,0.02933,0.0903,0.1403
40.0,40.0,0.32063,0.31815,0.00327,0.01676,-0.0744,0.01018,0.05014,0.12944,0.16414,0.60382,0.15765,0.52644,0.35111,0.58838,0.0729,0.21269,0.30974,0.15342,-0.03275,-0.05778,0.21455,0.39961,0.41887,0.34875,0.35046,0.38447,0.41954,0.12389,-0.25866,0.0787,0.31403,0.14893,0.21179,0.29386,0.17929,0.25872,0.47481,0.56798,-0.05188,-0.11406,0.08484,-0.12751,0.13076,0.26924,0.17487,0.24642,-0.02798,0.12889,0.19723
40.0,41.0,0.68076,0.68038,0.37538,0.0972,0.01997,0.19467,0.33439,0.40662,0.45602,0.70589,0.258,0.8638,0.57299,0.66154,0.60581,0.26461,0.46065,0.50393,0.23477,0.35364,0.48665,0.44477,0.52624,0.65601,0.53749,0.47858,0.44825,0.1727,-0.16717,0.31001,0.63233,0.6428,0.43753,0.52138,0.35434,0.39002,0.76374,0.67463,-0.15544,-0.09462,0.11475,0.04382,0.35053,0.54262,0.46509,0.37252,0.20873,0.32661,0.40033
40.0,42.0,0.8626,0.72557,0.44049,0.23099,0.18,0.30787,0.37956,0.43566,0.53282,0.71384,0.38927,0.77884,0.7941,0.74117,0.78786,0.47087,0.4316,0.54636,0.23721,0.45484,0.59839,0.46704,0.66058,0.73074,0.88067,0.84812,0.7758,0.27227,-0.10288,0.43856,0.71523,0.72201,0.41315,0.58531,0.58722,0.23532,0.79915,0.82566,0.09967,0.05542,0.18665,0.22528,0.38536,0.57941,0.4677,0.43347,0.36902,0.62074,0.5066
40.0,43.0,0.81549,0.80656,0.38268,-0.00773,0.25661,0.31445,0.33312,0.42221,0.5948,0.70145,0.46122,0.35521,0.74294,0.47889,0.45708,0.48602,0.35138,0.5547,0.23685,0.56024,0.70787,0.49389,0.65276,0.69746,0.841,0.72271,0.69716,0.4231,0.05737,0.50766,0.76824,0.77781,0.47792,0.57279,0.55285,0.07658,0.56448,0.82444,0.29583,0.16858,0.25208,0.30982,0.44665,0.64992,0.47075,0.396,0.39203,0.52278,0.49218
40.0,44.0,0.69179,0.55575,0.06681,-0.28986,0.14696,0.22643,0.15194,0.10855,0.297,0.5904,0.38936,0.42923,0.55328,0.37304,0.00291,0.37408,0.16684,0.50734,0.06104,0.55661,0.54923,0.41132,0.52729,0.74711,0.67304,0.32164,0.20392,0.22392,-0.16798,0.3559,0.59756,0.51815,0.49312,0.46122,0.50989,0.07856,0.75026,0.52952,0.21838,0.17994,0.17887,0.0671,0.19093,0.44152,0.06705,0.28859,0.53855,0.45403,0.341
41.0,27.0,0.35316,0.14525,0.31701,0.53444,0.0426,0.04014,0.833,0.53736,0.36049,-0.12746,0.20257,-0.03286,-0.14025,0.11762,0.08085,0.21449,-0.26969,-0.13439,0.69753,0.72167,0.41742,-0.07527,-0.20393,-0.1788,0.36706,-0.04743,0.34541,0.24128,0.72214,0.51308,0.70849,0.0861,0.22645,0.53556,-0.06696,-0.16663,-0.18643,0.38074,0.3856,0.15109,0.16288,0.53241,0.59516,0.44217,0.22951,0.44619,-0.06983,-0.0566,0.22772
41.0,30.0,-0.19933,-0.0034,-0.18309,0.44756,-0.11992,-0.05998,0.44509,0.55531,-0.18261,-0.17746,0.01913,-0.02352,-0.26722,-0.10607,-0.19954,-0.12752,-0.04533,-0.0486,0.31508,0.56683,0.27885,0.07783,-0.14316,-0.12784,0.03646,-0.12873,0.10529,-0.14775,0.70886,0.26225,0.66739,0.06499,0.03191,0.09504,-0.04689,-0.15495,0.00562,-0.0486,-0.16463,-0.04732,0.07597,0.26092,0.09744,0.14582,0.24787,0.02951,-0.25509,-0.11341,0.0504
41.0,31.0,-0.17765,-0.08229,-0.10772,0.58067,-0.09214,0.02213,0.48176,0.66849,-0.02772,-0.14805,0.17073,0.09001,-0.22482,-0.11551,-0.17835,-0.25721,-0.0154,0.01484,0.40974,0.51622,0.32023,0.16176,0.01542,-0.12138,-0.05287,-0.13396,0.10656,-0.2165,0.71754,0.09015,0.68224,0.10438,0.00456,0.10278,0.05146,-0.12031,0.12368,-0.07445,-0.14352,-0.08259,0.03231,0.22211,0.23839,0.30304,0.40187,0.12336,-0.32477,-0.0345,0.08385
41.0,32.0,-0.12536,-0.13121,0.15962,0.76905,-0.11253,-0.0935,0.49081,0.7643,0.06993,0.02814,0.35688,0.28794,-0.1268,0.00423,-0.11295,-0.30233,-0.01239,-0.08012,0.37519,0.47206,0.27853,0.24496,0.30038,0.03887,-0.0737,-0.17098,0.0244,-0.1368,0.54701,-0.03076,0.67764,0.10203,0.00575,0.116,0.25366,-0.00586,0.30709,-0.11977,-0.01161,-0.1376,0.0167,0.17423,0.3532,0.53435,0.50712,0.23265,-0.2977,0.10142,0.13567
41.0,33.0,0.00831,-0.07746,0.35203,0.77965,-0.03457,-0.31269,0.5713,0.73558,0.12387,0.17346,0.36501,0.3698,0.12824,0.12175,-0.12129,-0.26043,-0.04293,-0.23581,0.33533,0.36945,0.1704,0.21953,0.42527,0.18251,0.00379,-0.17206,-0.00428,-0.04243,0.39788,-0.05668,0.61696,0.23171,-0.05333,0.0824,0.36768,-0.01353,0.42899,-0.08929,0.08338,-0.14463,-0.07137,0.1361,0.49647,0.64272,0.44316,0.18639,-0.14882,0.13812,0.16262
41.0,34.0,0.03063,-0.08694,0.32441,0.72963,0.05119,-0.35639,0.56127,0.66504,0.1435,0.2516,0.33577,0.38803,0.13962,0.12132,-0.10083,-0.24357,-0.0689,-0.18841,0.38663,0.28622,0.08784,0.23729,0.3492,0.34933,0.08336,-0.1829,0.0158,0.03958,0.30122,0.04801,0.57505,0.30361,-0.05195,0.0913,0.38804,-0.02125,0.39681,-0.0712,0.11143,-0.018,-0.06709,0.05215,0.55944,0.64812,0.36575,0.18521,-0.03451,0.09404,0.17095
41.0,35.0,-0.10229,-0.12012,0.1307,0.67079,0.17615,-0.15362,0.41633,0.61409,0.02883,0.31524,0.23809,0.43177,0.16639,0.03691,-0.09319,-0.1963,-0.02782,-0.06961,0.44058,0.22377,0.05369,0.23373,0.24243,0.41221,-0.04083,-0.17975,-0.01474,-0.06305,0.1831,0.20456,0.54683,0.28235,0.0569,0.05469,0.22948,0.04957,0.38366,-0.05852,0.01812,0.07611,-0.04148,0.04489,0.542,0.59611,0.17784,0.06156,0.1007,0.05113,0.15271
41.0,36.0,-0.27305,-0.22516,-0.15116,0.42909,0.12881,0.08323,0.3431,0.42744,-0.20497,0.10839,0.00579,0.33124,0.02245,-0.05152,-0.12269,-0.16499,-0.15671,0.02023,0.3041,0.05043,0.0019,0.09896,0.03081,0.24098,-0.1653,-0.24323,-0.07869,-0.20654,0.04472,0.17317,0.45257,0.01409,-0.11183,-0.05545,-0.03662,0.04194,0.23385,-0.15052,-0.171,-0.04755,-0.00594,0.06576,0.33638,0.33141,0.02555,-0.23981,-0.01196,-0.13115,0.02793
41.0,37.0,-0.24196,-0.19434,-0.12413,0.46918,0.09402,0.12742,0.34697,0.28877,-0.17978,0.18536,-0.05819,0.36205,0.00101,0.01079,-0.04309,-0.08251,-0.14155,0.0912,0.2823,-0.02215,0.02548,0.10397,-0.03755,0.19075,-0.23427,-0.22322,-0.08066,-0.29311,0.07944,0.13953,0.31654,-0.1669,-0.16516,-0.06267,-0.0646,0.05603,0.25151,-0.16116,-0.2077,0.07009,-0.01433,0.04701,0.20466,0.24146,0.11588,-0.29479,-0.06858,-0.17197,0.01598
41.0,39.0,-0.30134,-0.26566,-0.20315,0.31392,-0.2787,0.13004,-0.01619,-0.06909,-0.33072,0.23126,-0.19685,0.35533,0.01882,-0.13316,-0.01248,-0.11699,-0.02871,0.04315,0.05126,-0.36492,-0.2378,0.09206,-0.04016,0.11249,-0.28071,-0.18565,-0.18796,-0.33635,-0.05039,0.06117,-0.05607,-0.28932,-0.26818,-0.31481,-0.05597,-0.1171,0.33546,-0.19341,-0.23485,-0.09145,0.02349,-0.13372,-0.05634,-0.02398,-0.03986,-0.25081,-0.13652,-0.17393,-0.08968
41.0,41.0,-0.18908,-0.4,-0.14221,-0.10906,-0.4,-0.06282,-0.4,-0.4,-0.3181,0.28076,-0.20353,0.40727,0.0145,-0.32925,-0.20973,-0.24206,-0.0863,-0.19438,-0.4,-0.32014,-0.4,-0.07733,0.02906,0.11847,-0.23252,-0.17308,-0.25542,-0.09921,-0.24329,-0.30757,-0.2801,-0.12065,-0.4,-0.29784,-0.24952,-0.06932,0.43384,-0.38788,-0.30969,-0.00797,-0.00215,-0.4,-0.4,-0.4,-0.4,-0.28319,-0.28383,-0.1599,-0.19507
41.0,42.0,0.09547,0.03366,0.27389,0.26278,-0.23875,-0.03912,-0.1613,-0.10738,0.05788,0.50642,-0.03211,0.46655,0.28739,0.018,-0.01638,0.0854,-0.03441,0.00504,-0.2621,0.06575,-0.05776,0.13661,0.27683,0.24587,0.03214,0.2094,0.12862,0.1852,-0.32849,-0.06496,0.01694,0.28802,-0.11961,0.0016,-0.02685,0.1538,0.59142,-0.05177,-0.10229,0.11215,0.03379,-0.31565,-0.28856,0.07872,-0.05904,-0.11732,-0.15116,0.05625,0.04439
41.0,43.0,0.27981,0.28496,0.16258,-0.07869,-0.15618,-0.0095,0.05398,0.09378,0.13279,0.53561,0.07727,0.5366,0.16818,0.26672,-0.00165,0.15225,-0.03861,0.15412,-0.02552,0.28316,0.20263,0.26362,0.43622,0.19309,0.33653,0.2164,-0.03095,0.15426,-0.3647,0.03139,0.32742,0.45838,0.10746,0.22282,0.16026,0.1459,0.55496,0.41402,-0.0185,0.17866,0.04657,-0.22317,-0.04185,0.33336,0.07046,0.01289,0.1285,0.23104,0.15457
42.0,27.0,0.29332,0.10226,0.18417,0.62237,-0.10582,-0.2184,0.6766,0.34192,0.14475,-0.34332,-0.0942,-0.25424,-0.17556,0.02136,0.04352,0.11515,-0.27297,-0.27916,0.57683,0.58931,0.24616,-0.25151,-0.19355,-0.20932,0.28985,-0.03057,0.31142,0.09913,0.58221,0.33962,0.63502,0.04025,0.17366,0.48072,-0.18281,-0.11436,-0.24359,0.16636,0.42657,-0.09321,0.24724,0.51065,0.28377,0.24199,0.0219,0.33539,-0.09357,0.01246,0.125
42.0,35.0,-0.29125,-0.10142,0.19623,0.76812,0.35321,0.12088,0.56106,0.537,-0.01119,0.04751,-0.11611,0.20102,-0.12967,-0.11994,-0.17175,-0.22118,-0.1149,0.17891,0.46008,0.07616,0.2537,0.11903,-0.0741,0.10129,-0.22077,-0.2225,0.05631,-0.09402,0.39511,0.26927,0.72239,0.44462,-0.05197,0.15516,-0.14211,-0.26494,0.02228,-0.26946,-0.15412,0.3421,0.08726,0.38768,0.49722,0.56106,0.28273,0.04074,-0.25252,-0.28089,0.10278
36.33,29.33,0.7314,0.43999,1.00993,0.92548,0.94051,0.81255,0.99398,0.82501,0.90597,0.62852,0.91395,0.66269,0.34423,0.87351,0.63143,1.00156,1.0071,0.67045,0.99331,1.07348,0.91046,0.86665,0.91267,0.43331,0.48069,0.36433,0.50339,1.02171,0.93072,0.84367,0.98935,0.73992,0.97759,0.9257,0.8953,0.91609,0.64423,0.81041,0.92471,0.92396,0.43954,0.77712,0.99968,0.97733,0.78992,1.01984,0.78242,0.67637,0.80963
36.33,30.0,0.5769,0.35378,0.95818,0.8823,0.90327,0.81886,0.97786,0.78558,0.87817,0.598,0.85347,0.55064,0.3116,0.81071,0.61208,0.94957,0.94338,0.64309,0.95683,1.02817,0.85433,0.86792,0.88716,0.33642,0.46596,0.28738,0.5172,1.04833,0.92367,0.80941,0.96175,0.74527,0.9429,0.84993,0.87776,0.87315,0.58657,0.79978,0.8729,0.89638,0.43856,0.74396,0.97052,0.90395,0.78604,0.95382,0.79079,0.66753,0.77191
36.33,30.33,0.57776,0.34509,0.96526,0.89477,0.90571,0.83163,0.97994,0.79374,0.90094,0.62362,0.84939,0.56413,0.31986,0.82664,0.62234,0.95584,0.94287,0.64206,0.95598,1.02826,0.86612,0.89914,0.88451,0.35267,0.47188,0.29415,0.5367,1.06346,0.94155,0.82401,0.96354,0.75391,0.95816,0.85774,0.90138,0.85551,0.62625,0.81557,0.88588,0.92596,0.45432,0.76038,0.96904,0.89645,0.80606,0.98077,0.80119,0.68279,0.78239
36.33,29.67,0.62081,0.37411,0.97106,0.88927,0.90577,0.8102,0.98098,0.79544,0.88947,0.61242,0.87015,0.5883,0.32241,0.83144,0.61019,0.96402,0.95961,0.6409,0.96445,1.04165,0.86872,0.87435,0.89679,0.36985,0.46812,0.3114,0.50814,1.03701,0.91697,0.81242,0.97023,0.74169,0.95502,0.87,0.8887,0.88791,0.61119,0.79946,0.87768,0.89833,0.42879,0.74501,0.97808,0.92216,0.78913,0.97707,0.79054,0.67811,0.78157
36.33,32.33,0.27666,0.1947,0.69532,0.65217,0.91057,0.93027,1.00966,0.86942,0.93363,0.84014,0.63192,0.69254,0.42723,0.68942,0.46267,0.77935,0.963,0.57463,0.90728,0.96339,0.83466,0.98273,0.85008,0.44412,0.34733,0.25766,0.42936,0.99395,0.79013,0.80917,0.98383,0.80597,1.0307,0.7707,0.91521,0.7081,0.75268,0.56655,0.82429,0.94347,0.61827,0.72127,0.9737,0.93289,0.888,0.96048,0.96713,0.71213,0.75455
36.33,33.0,0.1884,0.15177,0.70221,0.7418,0.98635,0.95993,1.00853,0.90758,0.92862,0.94429,0.64109,0.81228,0.53025,0.68664,0.54944,0.81169,0.96405,0.63244,0.9543,0.96866,0.85476,1.03336,0.9051,0.48977,0.3285,0.27286,0.42361,1.08231,0.84592,0.8531,1.00096,0.86,1.04355,0.81772,0.95329,0.79721,0.85059,0.5338,0.90019,1.02465,0.74958,0.76759,0.97722,0.92968,0.94086,0.96134,1.00823,0.79343,0.79311
36.33,33.33,0.19458,0.16869,0.68548,0.76092,0.9842,0.93306,0.98929,0.89158,0.90304,0.93458,0.64684,0.83095,0.54957,0.71752,0.55682,0.79725,0.94018,0.64308,0.95009,0.95385,0.85749,1.03532,0.901,0.50979,0.32861,0.28389,0.42646,1.05414,0.8207,0.85024,0.99117,0.83335,1.02032,0.80874,0.94332,0.81054,0.84807,0.56722,0.88251,1.02323,0.76572,0.76103,0.95757,0.89833,0.92504,0.94278,1.00108,0.81697,0.7895
36.33,32.67,0.20735,0.1691,0.68333,0.70496,0.95991,0.94306,1.0068,0.89522,0.92412,0.9141,0.63147,0.78319,0.50178,0.68586,0.51224,0.78438,0.95644,0.61198,0.93834,0.96048,0.8454,1.01687,0.88768,0.48331,0.32971,0.26533,0.41316,1.04592,0.80753,0.83409,0.99332,0.841,1.03438,0.79626,0.93849,0.76495,0.82173,0.53341,0.87022,0.99217,0.71122,0.74501,0.97026,0.9282,0.92216,0.95272,0.99785,0.77817,0.77697
36.33,34.0,0.23823,0.20521,0.67787,0.86845,0.98228,0.86013,0.90482,0.83139,0.80534,0.91319,0.65876,0.88489,0.64382,0.83075,0.63859,0.8086,0.89411,0.68977,0.92989,0.921,0.8725,1.03601,0.8741,0.54635,0.3221,0.34924,0.48859,0.97232,0.81896,0.86441,0.96264,0.72348,0.93561,0.79939,0.9022,0.87199,0.82551,0.70692,0.84987,1.04482,0.87985,0.77157,0.90505,0.77966,0.87509,0.87843,1.00033,0.84495,0.78935
36.33,33.67,0.21966,0.19327,0.66623,0.83139,0.98112,0.87595,0.92879,0.85199,0.83353,0.92347,0.65738,0.87757,0.61562,0.79337,0.60917,0.79476,0.90135,0.67578,0.93858,0.92747,0.86728,1.03863,0.88546,0.54285,0.32305,0.32464,0.46289,0.99206,0.80785,0.85663,0.97207,0.75872,0.9586,0.80495,0.91171,0.85544,0.83744,0.65999,0.85649,1.03138,0.847,0.76531,0.91816,0.81645,0.89169,0.89677,1.00008,0.84189,0.78796
36.33,36.0,0.37114,0.27741,0.52192,0.84952,0.91086,0.89714,0.84225,0.88034,0.78512,0.96289,0.61027,0.86687,0.58012,0.89975,0.58477,0.83564,0.99979,0.79927,0.97261,0.92439,0.90583,1.00033,0.87102,0.65201,0.26647,0.37499,0.36819,0.92111,0.76628,0.93108,0.97317,0.66415,0.82831,0.90599,0.6101,0.69736,0.72027,0.79214,0.74963,0.92367,1.03581,0.9181,0.92518,0.78735,0.88531,0.84232,1.03163,0.65555,0.77865
36.0,36.33,0.38615,0.3182,0.5853,0.9046,0.95773,0.95948,0.84884,0.89221,0.80759,0.97668,0.59962,0.86816,0.60196,0.9364,0.62748,0.88637,1.03824,0.83964,0.98678,0.93747,0.92522,1.00671,0.91317,0.68162,0.29495,0.40905,0.3742,0.9485,0.81369,0.97998,0.9772,0.69748,0.83687,0.9304,0.61379,0.68907,0.71177,0.82336,0.82,0.99988,1.07833,0.9807,0.93738,0.80315,0.89485,0.86151,1.06738,0.65183,0.80585
36.33,36.33,0.39118,0.26881,0.52737,0.84327,0.90592,0.92183,0.84348,0.89573,0.78813,0.96434,0.6077,0.86136,0.57499,0.89421,0.5936,0.8452,1.00402,0.81603,0.97497,0.92237,0.92046,0.99568,0.87561,0.6685,0.27278,0.38563,0.35656,0.90843,0.75827,0.94421,0.97996,0.7109,0.83688,0.91095,0.57961,0.69211,0.72425,0.78912,0.73057,0.92607,1.04048,0.93902,0.93916,0.81364,0.89601,0.83641,1.02313,0.65696,0.78241
37.0,27.33,0.95588,0.59344,1.01503,1.08518,0.89598,0.82173,1.00909,0.90476,0.85129,0.50479,1.07581,0.6668,0.28399,0.76604,0.68157,0.7443,0.93163,0.71685,1.04607,1.07556,0.97315,0.91737,0.82958,0.4282,0.58957,0.3146,0.65223,0.8714,1.07467,0.97364,1.00466,0.7756,0.94135,1.08605,0.74645,0.68809,0.69802,0.80703,1.0788,0.96549,0.58546,0.83717,0.99867,0.95729,0.7269,1.04541,0.54598,0.54766,0.81846
37.33,28.0,0.88699,0.33503,0.886,0.86835,0.69617,0.66424,1.00794,0.87306,0.79655,0.51597,1.05985,0.57906,0.22222,0.74056,0.44699,0.76255,0.94114,0.54611,1.01226,1.09209,0.90705,0.89913,0.7887,0.31165,0.4819,0.18709,0.50759,0.7968,0.92388,0.80305,1.01358,0.64125,0.9241,0.98513,0.71573,0.63993,0.59342,0.78974,0.84946,0.65379,0.32618,0.63428,1.00833,0.92956,0.70893,0.98531,0.45554,0.49379,0.72683
36.67,28.0,0.9035,0.38182,0.94759,0.92333,0.79348,0.73248,1.00596,0.87067,0.82144,0.54581,1.05711,0.60708,0.24642,0.78955,0.54212,0.83696,0.98139,0.60963,1.02539,1.09342,0.93854,0.89734,0.81203,0.35254,0.49536,0.24179,0.53556,0.86511,0.96094,0.85947,1.0112,0.66494,0.94836,1.00314,0.74852,0.70115,0.6352,0.82026,0.93226,0.76978,0.39899,0.70232,1.01761,0.96018,0.73411,1.02432,0.53414,0.51091,0.76648
37.0,28.33,0.89508,0.31696,0.89395,0.86132,0.71646,0.68324,1.00244,0.85525,0.79654,0.53827,1.06412,0.57989,0.22194,0.77592,0.46316,0.80618,0.97209,0.54734,1.01547,1.0968,0.91273,0.90153,0.79763,0.32026,0.46395,0.20183,0.49602,0.8266,0.91129,0.80556,1.01474,0.62148,0.9377,0.98062,0.72542,0.67931,0.60907,0.80073,0.86013,0.6705,0.31664,0.62977,1.01838,0.94212,0.71123,1.00335,0.48516,0.49079,0.7341
37.33,28.33,0.86242,0.33497,0.878,0.85352,0.67748,0.64477,1.00134,0.86554,0.80101,0.52578,1.04232,0.59774,0.23352,0.74474,0.43344,0.75323,0.92502,0.52263,1.00021,1.0889,0.88703,0.89962,0.79907,0.32943,0.47585,0.20653,0.47946,0.79288,0.88655,0.77001,1.01038,0.63693,0.92692,0.96433,0.74173,0.65939,0.60295,0.77573,0.8203,0.62743,0.2963,0.61214,0.99595,0.91749,0.71656,0.97807,0.46675,0.51711,0.72041
37.33,27.67,0.89254,0.39382,0.90589,0.90901,0.72586,0.68221,1.01069,0.88495,0.81125,0.50691,1.05597,0.59328,0.23419,0.7297,0.48362,0.74505,0.92757,0.57599,1.0159,1.08769,0.91639,0.90062,0.79566,0.33305,0.51105,0.21144,0.5324,0.80172,0.95404,0.83028,1.01181,0.67516,0.92477,1.00219,0.72247,0.63592,0.60855,0.78828,0.88539,0.70444,0.37566,0.67461,1.00377,0.92781,0.71677,0.98857,0.46722,0.50815,0.74126
37.33,29.0,0.78001,0.29116,0.84301,0.78526,0.61736,0.58683,0.97694,0.81593,0.81287,0.56477,0.9855,0.63199,0.24429,0.77467,0.39691,0.74407,0.89037,0.42948,0.95539,1.07918,0.81873,0.90674,0.83404,0.37712,0.43456,0.25528,0.37987,0.80233,0.75032,0.66363,0.99653,0.60976,0.9405,0.88638,0.82697,0.749,0.6499,0.73228,0.72067,0.54523,0.16829,0.51876,0.97289,0.89125,0.73546,0.9659,0.52307,0.58356,0.69677
37.0,29.33,0.78244,0.29281,0.86542,0.7835,0.6454,0.60372,0.97357,0.79786,0.8342,0.58034,0.97883,0.61999,0.24733,0.79622,0.4252,0.78538,0.90358,0.44275,0.95718,1.07874,0.82443,0.90816,0.84631,0.38437,0.43049,0.27769,0.37826,0.83643,0.74279,0.6739,0.99539,0.61576,0.95366,0.88804,0.83987,0.78571,0.66976,0.73916,0.73382,0.58286,0.16492,0.52672,0.98301,0.90085,0.74375,0.98112,0.56786,0.59996,0.7077
37.0,28.67,0.81005,0.30864,0.87208,0.79849,0.66141,0.61858,0.97822,0.8107,0.82563,0.57766,1.00035,0.62564,0.25249,0.79925,0.42426,0.79737,0.92902,0.46425,0.97228,1.08597,0.8437,0.90636,0.83742,0.38477,0.43387,0.27734,0.38647,0.83629,0.77302,0.70013,1.00257,0.60725,0.95392,0.90779,0.81959,0.77022,0.65703,0.74793,0.76864,0.59536,0.20066,0.54856,0.98888,0.91045,0.73725,0.9818,0.54812,0.575,0.71485
37.33,29.33,0.75757,0.27065,0.83385,0.78155,0.60472,0.58084,0.97854,0.81465,0.81212,0.55888,0.97184,0.62195,0.23069,0.76132,0.40198,0.72502,0.8686,0.41694,0.9456,1.0729,0.80772,0.90684,0.83571,0.36443,0.43472,0.23394,0.3908,0.79498,0.74283,0.65224,0.99005,0.62331,0.9331,0.87402,0.8342,0.74376,0.65125,0.7315,0.69689,0.54111,0.15268,0.50849,0.97005,0.88691,0.73793,0.96394,0.52777,0.59181,0.69027
37.33,28.67,0.79427,0.29149,0.84617,0.79907,0.6257,0.59775,0.98383,0.83086,0.80471,0.5524,0.99964,0.62146,0.24019,0.76299,0.39793,0.74227,0.8973,0.44945,0.96597,1.08105,0.83354,0.90339,0.82186,0.35678,0.44259,0.23177,0.4069,0.795,0.78473,0.68543,1.00035,0.61611,0.93312,0.90205,0.80167,0.71712,0.62809,0.74415,0.73768,0.55514,0.19697,0.53808,0.97702,0.89651,0.72887,0.96467,0.5021,0.56303,0.69894
36.67,29.33,0.76199,0.31531,0.89669,0.81715,0.71465,0.65529,0.98428,0.80844,0.84705,0.58085,0.96237,0.61163,0.25792,0.8036,0.47698,0.82689,0.92192,0.50189,0.96581,1.07453,0.8432,0.89121,0.85743,0.37552,0.4428,0.27782,0.42326,0.87601,0.79716,0.71504,0.99164,0.65329,0.95309,0.89358,0.83908,0.80288,0.64842,0.76035,0.77308,0.6602,0.23253,0.58808,0.98769,0.92117,0.75162,0.98373,0.60772,0.60848,0.72794
37.33,30.0,0.67279,0.18606,0.79871,0.75133,0.59937,0.58524,0.98921,0.80023,0.83657,0.56534,0.92172,0.57375,0.19602,0.73428,0.42757,0.70687,0.81925,0.3798,0.91917,1.04957,0.78195,0.9273,0.85132,0.33491,0.42304,0.17767,0.41786,0.80836,0.71465,0.62386,0.9667,0.66724,0.93252,0.83133,0.85801,0.74136,0.69249,0.72436,0.63638,0.56205,0.10498,0.48298,0.9711,0.89408,0.75185,0.98369,0.58596,0.64125,0.67921
36.67,30.0,0.67547,0.2182,0.86073,0.78604,0.68439,0.65018,0.99149,0.79178,0.86338,0.57833,0.91785,0.54063,0.21741,0.76563,0.48454,0.79323,0.86075,0.46332,0.93636,1.04733,0.81136,0.91373,0.85841,0.31854,0.43592,0.20656,0.46389,0.87843,0.77796,0.67907,0.96987,0.68992,0.94487,0.85575,0.84787,0.77627,0.66762,0.76308,0.69731,0.65557,0.17579,0.55411,0.98347,0.90207,0.76337,0.99509,0.63797,0.64473,0.70824
37.0,30.33,0.66259,0.17358,0.81304,0.75507,0.64069,0.6184,0.99613,0.7947,0.86257,0.57962,0.91785,0.53756,0.19896,0.73862,0.45068,0.75676,0.8415,0.41357,0.92837,1.04553,0.7969,0.9316,0.85204,0.31561,0.42576,0.17377,0.44933,0.84412,0.7398,0.64459,0.96786,0.68348,0.94684,0.84861,0.84491,0.75054,0.69703,0.74786,0.64826,0.60803,0.11913,0.50774,0.98368,0.90449,0.75932,1.00666,0.61659,0.65075,0.69148
37.0,29.67,0.721,0.20404,0.85167,0.76776,0.62412,0.59984,0.98707,0.79045,0.85178,0.56961,0.94309,0.54552,0.19617,0.75936,0.45287,0.75863,0.84119,0.42002,0.93353,1.05473,0.80235,0.92048,0.85177,0.31892,0.43366,0.19934,0.4437,0.82821,0.73766,0.64977,0.97301,0.66814,0.94226,0.86626,0.84297,0.76361,0.68282,0.7535,0.66014,0.59127,0.1088,0.50392,0.98332,0.89886,0.75496,1.00325,0.59787,0.63502,0.69351
37.33,30.33,0.61414,0.1783,0.7543,0.74078,0.62093,0.60489,0.9956,0.80816,0.84112,0.57871,0.89427,0.59502,0.21674,0.71995,0.41754,0.70263,0.82875,0.37086,0.91349,1.04456,0.7754,0.93558,0.85797,0.35845,0.41158,0.1708,0.39896,0.82681,0.71092,0.61924,0.96358,0.67396,0.93742,0.80453,0.86983,0.73665,0.70743,0.70253,0.63999,0.57746,0.13369,0.49187,0.96588,0.90134,0.75538,0.97433,0.60391,0.65613,0.67922
37.33,29.67,0.68464,0.2127,0.80116,0.75739,0.59822,0.58359,0.98437,0.80467,0.82724,0.56608,0.9287,0.59907,0.21112,0.74304,0.41595,0.70448,0.82978,0.38322,0.9219,1.05419,0.78352,0.92231,0.85073,0.35192,0.42357,0.19795,0.40205,0.80638,0.71682,0.62503,0.97231,0.65365,0.93079,0.83277,0.86029,0.74503,0.6826,0.71982,0.65005,0.55232,0.11965,0.48676,0.96671,0.88809,0.74822,0.97169,0.57095,0.63175,0.68073
36.67,30.33,0.62165,0.21542,0.82983,0.78409,0.71682,0.68267,0.9966,0.79981,0.87208,0.59479,0.8916,0.55306,0.23918,0.76067,0.48454,0.80211,0.87701,0.4708,0.93478,1.04264,0.81245,0.92243,0.86005,0.33299,0.42919,0.20451,0.46072,0.90836,0.79178,0.68802,0.96812,0.69935,0.95236,0.83904,0.85877,0.77219,0.67889,0.7585,0.71222,0.68873,0.21715,0.57787,0.97928,0.90492,0.77098,0.99,0.66005,0.65593,0.71385
36.67,29.67,0.68771,0.25198,0.86669,0.7933,0.70048,0.65812,0.98832,0.79594,0.85788,0.58236,0.92186,0.56858,0.23761,0.78095,0.48319,0.8063,0.88015,0.47614,0.94246,1.05314,0.81839,0.90549,0.86354,0.34252,0.43486,0.23317,0.44687,0.88568,0.78141,0.6879,0.97449,0.68048,0.94731,0.85859,0.85289,0.79401,0.66023,0.75729,0.72066,0.66306,0.20096,0.56907,0.98219,0.90751,0.76162,0.9855,0.63941,0.64133,0.7152
37.33,31.0,0.4041,0.13404,0.59155,0.66745,0.71486,0.68081,1.02434,0.83502,0.87869,0.64828,0.79815,0.62816,0.28294,0.66356,0.36787,0.69918,0.87984,0.36205,0.90734,1.01413,0.76134,0.96637,0.86339,0.41822,0.35664,0.13362,0.33515,0.89912,0.68218,0.60953,0.95277,0.70906,0.96941,0.7332,0.88651,0.69952,0.76719,0.62134,0.6477,0.64598,0.23147,0.51431,0.96796,0.94001,0.7744,0.96619,0.69252,0.7158,0.68007
37.0,31.33,0.36122,0.13463,0.56457,0.64433,0.76043,0.72062,1.03329,0.84145,0.90583,0.67658,0.77422,0.61298,0.29548,0.65992,0.36003,0.73389,0.92372,0.39956,0.916,1.01118,0.77302,0.97214,0.85102,0.40489,0.35568,0.1232,0.34122,0.94319,0.69065,0.62898,0.95956,0.72466,0.99094,0.7465,0.87169,0.69984,0.77302,0.63097,0.66167,0.68573,0.26092,0.53917,0.97685,0.94602,0.78454,0.97658,0.72477,0.72496,0.68942
37.0,30.67,0.42617,0.12479,0.6125,0.68181,0.73534,0.70033,1.0259,0.82399,0.8978,0.64358,0.81462,0.58349,0.26804,0.67442,0.38623,0.75721,0.91168,0.39653,0.91909,1.02447,0.77951,0.9643,0.85157,0.37496,0.37338,0.13035,0.37972,0.91741,0.71434,0.62772,0.96272,0.70811,0.98284,0.77323,0.86074,0.71752,0.75112,0.6823,0.64814,0.66295,0.21483,0.5336,0.98167,0.93554,0.77233,0.99066,0.68442,0.6974,0.6892
37.33,31.33,0.38627,0.156,0.59057,0.6506,0.72156,0.68142,1.02406,0.84823,0.8726,0.66756,0.77741,0.65245,0.29945,0.66499,0.35904,0.66148,0.8659,0.36489,0.9035,1.00054,0.75534,0.96555,0.8663,0.44487,0.34352,0.13967,0.3051,0.90776,0.66176,0.61551,0.94621,0.72425,0.96546,0.713,0.90009,0.68226,0.77578,0.5727,0.66636,0.66212,0.26927,0.51313,0.96056,0.944,0.78492,0.94806,0.7245,0.73551,0.68004
37.33,30.67,0.4606,0.14599,0.64128,0.68669,0.68291,0.65589,1.01423,0.82734,0.8636,0.62725,0.82047,0.62201,0.26345,0.67795,0.3846,0.6867,0.85425,0.35781,0.90556,1.01959,0.76158,0.95756,0.86433,0.40466,0.36983,0.14408,0.35067,0.87409,0.68526,0.61208,0.95255,0.70126,0.95637,0.7447,0.88734,0.70588,0.75019,0.63603,0.64459,0.62713,0.20672,0.50542,0.96368,0.92933,0.76986,0.96416,0.67181,0.70021,0.67791
37.33,32.0,0.27885,0.22558,0.5573,0.59256,0.79649,0.7335,1.03892,0.90835,0.8939,0.77696,0.70352,0.73999,0.36664,0.66372,0.33155,0.57263,0.8728,0.43495,0.92235,0.96157,0.75414,0.98456,0.87592,0.53245,0.31682,0.13968,0.2273,0.97575,0.61483,0.65806,0.94449,0.80154,0.98242,0.69027,0.9357,0.6448,0.83093,0.44181,0.72999,0.7555,0.42595,0.53555,0.94719,0.96355,0.83469,0.91338,0.8499,0.82738,0.69806
36.67,32.0,0.26871,0.2252,0.572,0.57795,0.82729,0.79533,1.03918,0.9053,0.92303,0.80082,0.67435,0.71427,0.37211,0.66709,0.35061,0.63456,0.91807,0.48201,0.92141,0.9693,0.77665,0.98652,0.85601,0.49104,0.3324,0.1538,0.27514,1.00233,0.65285,0.69826,0.96007,0.80838,1.00813,0.71594,0.9206,0.66285,0.81694,0.47286,0.75562,0.80485,0.458,0.5832,0.9624,0.95625,0.84894,0.93,0.89139,0.7977,0.71287
37.0,32.33,0.24194,0.25132,0.53985,0.56751,0.82952,0.77683,1.04974,0.92583,0.92203,0.81705,0.6768,0.75004,0.37803,0.66282,0.33061,0.58537,0.90489,0.48202,0.93693,0.96693,0.76794,0.99685,0.86981,0.52603,0.32523,0.13597,0.22687,1.01585,0.61537,0.68553,0.95803,0.83043,1.00754,0.70653,0.93375,0.65375,0.84584,0.42832,0.75377,0.79724,0.46209,0.55802,0.95379,0.96563,0.85219,0.91878,0.89205,0.84425,0.71091
37.0,31.67,0.27094,0.22556,0.53736,0.56415,0.79721,0.74999,1.04313,0.90274,0.91439,0.77728,0.68631,0.70986,0.35275,0.65598,0.31867,0.61665,0.9073,0.4438,0.91802,0.9728,0.75896,0.98487,0.85586,0.48894,0.33117,0.1226,0.23569,1.00457,0.61783,0.66137,0.95064,0.79739,0.99854,0.69928,0.91745,0.65874,0.83222,0.46172,0.73227,0.75634,0.396,0.54052,0.95649,0.9561,0.8296,0.92333,0.85973,0.81507,0.69809
37.33,32.33,0.27562,0.22916,0.58014,0.63015,0.82818,0.75647,1.04079,0.91999,0.89508,0.79856,0.71789,0.76636,0.38709,0.68013,0.36594,0.56508,0.86931,0.47015,0.942,0.96003,0.76742,0.99355,0.89396,0.56367,0.31873,0.16269,0.25188,0.96949,0.64045,0.68384,0.95321,0.81902,0.98459,0.70932,0.94827,0.64736,0.82944,0.4527,0.73982,0.79481,0.48144,0.56127,0.94786,0.96908,0.85061,0.91879,0.85489,0.84016,0.71305
37.33,31.67,0.30637,0.20062,0.57021,0.61763,0.78017,0.72244,1.03407,0.89149,0.88649,0.74853,0.72546,0.72086,0.35516,0.66607,0.34636,0.59713,0.86718,0.41382,0.91713,0.9698,0.75597,0.98104,0.87876,0.51705,0.32119,0.14674,0.25267,0.95326,0.63329,0.64746,0.9439,0.77858,0.97701,0.69394,0.93122,0.65378,0.81719,0.47726,0.71409,0.73549,0.39331,0.53359,0.95076,0.95951,0.8235,0.92411,0.81455,0.80269,0.69477
36.67,32.33,0.25581,0.2245,0.5877,0.60793,0.85886,0.82639,1.04294,0.9155,0.9296,0.82857,0.68147,0.7392,0.39448,0.6749,0.3833,0.63548,0.91871,0.51568,0.93891,0.97206,0.79142,0.99844,0.87241,0.51301,0.32835,0.17621,0.29816,1.00311,0.67997,0.72484,0.97182,0.82739,1.01614,0.73545,0.933,0.67015,0.81996,0.4754,0.76974,0.84265,0.51299,0.61124,0.96567,0.9631,0.86716,0.93834,0.90307,0.80465,0.72804
36.67,31.67,0.30473,0.20769,0.60275,0.61563,0.82492,0.79796,1.03339,0.88842,0.92273,0.77489,0.69957,0.68818,0.36166,0.68146,0.37819,0.67517,0.92021,0.48145,0.91938,0.97752,0.78675,0.98359,0.85525,0.47252,0.34329,0.16614,0.31781,0.99357,0.69102,0.70286,0.96144,0.79031,1.00502,0.72975,0.91579,0.67405,0.79839,0.52941,0.75191,0.80461,0.44009,0.59908,0.96699,0.94933,0.83985,0.94507,0.86187,0.77133,0.71673
37.33,33.0,0.20136,0.24581,0.54827,0.68398,0.92839,0.83609,1.05809,0.97099,0.93062,0.90457,0.7417,0.86854,0.4584,0.71246,0.42695,0.52868,0.86982,0.60264,1.01449,0.95036,0.81118,1.04437,0.93056,0.65697,0.31971,0.2148,0.28791,0.95774,0.64855,0.75539,0.99305,0.88914,1.01137,0.78056,0.9593,0.67713,0.86552,0.45988,0.7506,0.90365,0.65036,0.62425,0.95406,0.98674,0.9098,0.93495,0.90098,0.90209,0.75548
36.67,33.0,0.17518,0.23958,0.55667,0.67132,0.95074,0.8854,1.05557,0.96302,0.94869,0.93056,0.70785,0.85372,0.47288,0.70319,0.45113,0.59343,0.90697,0.62587,1.01021,0.96831,0.83052,1.05255,0.92436,0.60924,0.31084,0.22032,0.31673,1.00115,0.68836,0.78356,1.00658,0.89263,1.0367,0.79276,0.95786,0.7034,0.86512,0.46467,0.78491,0.93922,0.67455,0.66522,0.96752,0.97737,0.91995,0.95195,0.93944,0.87649,0.76717
37.0,33.33,0.15904,0.24662,0.49907,0.6508,0.94332,0.86371,1.06123,0.9766,0.94998,0.93951,0.72899,0.88286,0.47048,0.7034,0.42536,0.53786,0.88441,0.63113,1.02583,0.95943,0.82741,1.06565,0.93237,0.65076,0.3052,0.20342,0.28918,0.97392,0.63151,0.76547,1.00958,0.89738,1.03279,0.79527,0.95286,0.69828,0.88041,0.45439,0.75183,0.9153,0.66604,0.64239,0.9612,0.98542,0.91953,0.94801,0.92615,0.90514,0.76097
37.0,32.67,0.1807,0.27742,0.54494,0.6543,0.94196,0.86803,1.06919,0.97283,0.95397,0.91596,0.71338,0.84995,0.44939,0.7061,0.42432,0.55078,0.89799,0.61608,1.01875,0.97488,0.82063,1.05223,0.92756,0.6257,0.31322,0.20406,0.28413,1.00357,0.65963,0.76746,1.00218,0.9068,1.03684,0.77873,0.96356,0.67074,0.86592,0.43776,0.77432,0.92174,0.64739,0.64093,0.96038,0.98917,0.91169,0.94862,0.92196,0.89948,0.76078
37.33,33.33,0.19446,0.1997,0.49773,0.66443,0.90101,0.80519,1.04308,0.96616,0.91708,0.9064,0.75416,0.88186,0.46763,0.69981,0.40607,0.51621,0.85117,0.58538,1.0023,0.92508,0.80163,1.04252,0.91567,0.66274,0.31587,0.21027,0.2784,0.9146,0.60644,0.73447,0.98858,0.86386,0.99488,0.78282,0.93843,0.70076,0.87616,0.47164,0.7156,0.86814,0.63481,0.59937,0.95161,0.97941,0.90933,0.92392,0.89753,0.8939,0.74288
37.33,32.67,0.2236,0.23483,0.55802,0.67011,0.89748,0.80519,1.04907,0.95424,0.91421,0.87371,0.7348,0.84119,0.44257,0.70205,0.40699,0.53242,0.86391,0.56042,0.98986,0.94586,0.7949,1.02554,0.91762,0.63415,0.31697,0.20235,0.27429,0.95259,0.64224,0.73176,0.97754,0.86571,0.99746,0.75702,0.95592,0.66605,0.85308,0.45566,0.7437,0.87043,0.60764,0.60171,0.94981,0.98051,0.89281,0.92452,0.88798,0.88408,0.74093
36.67,33.33,0.17037,0.1971,0.5226,0.66223,0.93134,0.86088,1.03508,0.95118,0.92918,0.93094,0.71415,0.86801,0.49071,0.69669,0.44442,0.59749,0.89198,0.6141,0.99508,0.948,0.82597,1.05189,0.91475,0.61089,0.30377,0.21455,0.31949,0.96985,0.66188,0.7695,1.00145,0.86013,1.02056,0.79277,0.93935,0.73423,0.87257,0.48897,0.76089,0.91472,0.66894,0.65508,0.96376,0.96035,0.91536,0.93783,0.93986,0.8691,0.75812
36.67,32.67,0.19458,0.22599,0.56487,0.64799,0.92334,0.86717,1.04801,0.94855,0.93758,0.90371,0.69392,0.8218,0.45498,0.69015,0.42855,0.6058,0.90972,0.59033,0.98372,0.96375,0.81645,1.03377,0.90573,0.57982,0.31258,0.21074,0.30978,0.99486,0.68264,0.76625,0.99486,0.87095,1.0285,0.77429,0.94646,0.69423,0.85088,0.46213,0.77853,0.90931,0.63369,0.64777,0.96717,0.97265,0.90547,0.94177,0.93479,0.85104,0.75378
37.33,34.0,0.14056,0.09213,0.25428,0.54633,0.78746,0.69853,0.98471,0.95056,0.87444,0.93868,0.77501,0.93394,0.49947,0.6569,0.32321,0.45807,0.78167,0.54392,0.96433,0.85143,0.78399,1.04926,0.85617,0.66861,0.27867,0.16094,0.24531,0.78158,0.42124,0.65131,0.987,0.76881,0.94581,0.79633,0.8405,0.77143,0.92269,0.52455,0.58676,0.71656,0.59336,0.52039,0.94287,0.93865,0.90249,0.88468,0.90148,0.85872,0.69491
36.67,34.0,0.14162,0.09687,0.30942,0.57992,0.83001,0.74408,0.96266,0.92044,0.85775,0.9452,0.74099,0.93029,0.53353,0.67531,0.38383,0.54373,0.8187,0.57703,0.95381,0.87536,0.80928,1.05573,0.8675,0.63719,0.26754,0.16183,0.3003,0.83716,0.5037,0.69279,0.98934,0.73855,0.95345,0.79609,0.85566,0.81605,0.90108,0.56602,0.63965,0.77678,0.64178,0.58848,0.93955,0.89667,0.88984,0.89049,0.9372,0.84665,0.71285
37.0,34.33,0.12919,0.05852,0.19388,0.50013,0.76157,0.67954,0.95428,0.92623,0.84426,0.94309,0.7558,0.94014,0.50897,0.64092,0.31646,0.4702,0.77545,0.53582,0.94226,0.85118,0.78831,1.05216,0.84498,0.64955,0.24956,0.1165,0.25651,0.7778,0.3998,0.6318,0.98782,0.71132,0.93585,0.78831,0.81664,0.80227,0.91509,0.54695,0.5651,0.68095,0.58273,0.52238,0.93391,0.90078,0.88193,0.87809,0.912,0.83898,0.68117
37.0,33.67,0.11147,0.08608,0.2481,0.52051,0.81916,0.73966,0.99231,0.94731,0.8874,0.95401,0.75757,0.93976,0.50286,0.63918,0.32806,0.4862,0.8121,0.56199,0.97089,0.87467,0.79791,1.06543,0.88336,0.66654,0.26309,0.11998,0.25132,0.82507,0.44316,0.66644,0.99842,0.76637,0.97205,0.79312,0.86356,0.79816,0.92189,0.51836,0.60951,0.7428,0.5836,0.55699,0.95153,0.9373,0.89799,0.90297,0.92541,0.86646,0.7035
37.33,34.33,0.17296,0.11664,0.26226,0.56785,0.75553,0.66415,0.9634,0.94039,0.84863,0.92707,0.77145,0.92122,0.50341,0.68124,0.33995,0.4524,0.757,0.5371,0.95136,0.84286,0.78108,1.03351,0.82669,0.64726,0.28406,0.19347,0.26521,0.75958,0.4247,0.64191,0.97859,0.75479,0.91937,0.79786,0.8098,0.74936,0.91146,0.55276,0.57404,0.69769,0.62533,0.50287,0.929,0.9188,0.89826,0.86682,0.88706,0.83651,0.68843
37.33,33.67,0.16355,0.13191,0.34456,0.60555,0.82959,0.73367,1.00217,0.95907,0.88646,0.93181,0.77343,0.92238,0.49649,0.6811,0.3618,0.47881,0.80167,0.56632,0.98045,0.87231,0.79151,1.04691,0.87421,0.671,0.29899,0.19299,0.26506,0.81937,0.49074,0.68491,0.98814,0.80493,0.95712,0.79966,0.87016,0.75028,0.9095,0.51805,0.63116,0.77662,0.62601,0.5497,0.94429,0.95152,0.90933,0.8958,0.9007,0.87249,0.71488
36.67,34.33,0.18098,0.1159,0.34113,0.62014,0.81032,0.71879,0.93435,0.90296,0.82155,0.93037,0.73227,0.91888,0.54584,0.70552,0.41777,0.56027,0.80305,0.57878,0.93781,0.87214,0.81098,1.0403,0.84021,0.61751,0.2713,0.19435,0.3323,0.82499,0.52894,0.69419,0.97829,0.70959,0.924,0.79716,0.83243,0.80496,0.87962,0.5976,0.6417,0.7756,0.68878,0.58798,0.92079,0.86396,0.87774,0.87449,0.92887,0.82496,0.71068
36.67,33.67,0.15397,0.13491,0.3963,0.63095,0.87081,0.78611,0.98288,0.93033,0.87797,0.94544,0.73352,0.9154,0.531,0.6938,0.42172,0.5733,0.84415,0.60036,0.97055,0.89968,0.81907,1.05515,0.88271,0.62937,0.28438,0.19408,0.31973,0.88314,0.5726,0.72918,0.99301,0.77963,0.97283,0.80153,0.88206,0.79557,0.89305,0.55452,0.68942,0.83748,0.67422,0.61866,0.94623,0.91217,0.90105,0.90486,0.94084,0.85558,0.73365
37.33,35.0,0.2908,0.15057,0.19133,0.562,0.61936,0.53996,0.86205,0.88526,0.73829,0.90105,0.73378,0.88323,0.5115,0.74232,0.36356,0.44389,0.68636,0.51455,0.89503,0.8191,0.78103,0.98236,0.72096,0.57864,0.27108,0.23562,0.312,0.69303,0.39068,0.5906,0.95767,0.64195,0.82925,0.79528,0.66035,0.68754,0.85244,0.64876,0.46201,0.56529,0.69949,0.45959,0.88266,0.81916,0.86355,0.79689,0.83392,0.73339,0.64748
37.0,35.33,0.31588,0.09434,0.18569,0.55671,0.60507,0.52399,0.82084,0.84899,0.68856,0.88596,0.70528,0.88111,0.50934,0.73632,0.38005,0.48275,0.69562,0.51763,0.87523,0.83199,0.78927,0.97436,0.70384,0.55221,0.23162,0.21049,0.32567,0.70872,0.4208,0.59034,0.95019,0.57037,0.80613,0.78925,0.62774,0.70374,0.8234,0.64361,0.44805,0.55143,0.72458,0.48634,0.86594,0.76399,0.83662,0.78884,0.83729,0.71237,0.63705
37.0,34.67,0.2712,0.07776,0.18558,0.54515,0.62358,0.53378,0.84261,0.85905,0.70897,0.89008,0.71969,0.89608,0.5167,0.71375,0.37201,0.46474,0.68732,0.50274,0.87701,0.82968,0.78124,0.99033,0.72571,0.56198,0.23665,0.18432,0.32215,0.71043,0.40595,0.57904,0.95373,0.58864,0.82718,0.78237,0.67907,0.73097,0.84627,0.62044,0.48448,0.57789,0.6847,0.46777,0.87204,0.78275,0.83621,0.80855,0.84746,0.74425,0.64063
37.33,35.33,0.31622,0.19125,0.20011,0.57497,0.63283,0.5674,0.86712,0.89582,0.75464,0.91557,0.73092,0.87262,0.51352,0.76527,0.36555,0.46574,0.71543,0.54574,0.91054,0.82158,0.79326,0.978,0.72423,0.5941,0.28712,0.26894,0.30473,0.70072,0.40286,0.62223,0.96448,0.66599,0.83154,0.80914,0.63319,0.66847,0.84265,0.67328,0.43736,0.56602,0.72379,0.49435,0.89549,0.83392,0.87914,0.78988,0.83566,0.71558,0.65748
37.33,34.67,0.25491,0.15288,0.20885,0.56652,0.65968,0.5778,0.89493,0.90658,0.77849,0.9133,0.74849,0.89365,0.51245,0.73081,0.35419,0.44402,0.70787,0.52554,0.91527,0.82078,0.78108,0.9977,0.75144,0.6045,0.28071,0.23734,0.29401,0.70392,0.3923,0.61009,0.96516,0.68485,0.8554,0.80008,0.69837,0.70168,0.87364,0.62691,0.49132,0.6039,0.68119,0.47293,0.8993,0.85638,0.87988,0.81533,0.85127,0.76201,0.66124
36.67,35.33,0.31768,0.15464,0.29725,0.64448,0.70489,0.62734,0.8369,0.85767,0.72185,0.90762,0.694,0.88111,0.54082,0.77869,0.43955,0.57745,0.77494,0.59054,0.90397,0.85628,0.81841,0.98835,0.74605,0.57929,0.24954,0.26052,0.35281,0.76791,0.52348,0.68339,0.95611,0.6014,0.82296,0.81563,0.66265,0.72635,0.80559,0.68365,0.5341,0.66461,0.80444,0.59329,0.87881,0.77451,0.84968,0.80908,0.89043,0.71427,0.68052
37.33,36.0,0.39996,0.21201,0.18885,0.57794,0.66092,0.66179,0.85179,0.91023,0.75856,0.94282,0.68328,0.83039,0.48279,0.79248,0.36873,0.57019,0.82859,0.65186,0.9474,0.84577,0.84712,0.95865,0.71833,0.61609,0.26187,0.31686,0.27069,0.73562,0.45191,0.72082,0.98622,0.68942,0.82404,0.84183,0.48638,0.62577,0.77994,0.70959,0.32297,0.54221,0.81169,0.64096,0.93403,0.84765,0.9096,0.75033,0.83006,0.64001,0.6716
37.0,36.33,0.39208,0.13327,0.20097,0.58063,0.68868,0.70237,0.83726,0.89618,0.73627,0.93558,0.65253,0.83638,0.4549,0.76448,0.38059,0.62404,0.87377,0.68077,0.952,0.86324,0.86266,0.95836,0.71477,0.60617,0.18991,0.28942,0.25689,0.77194,0.50496,0.76047,0.984,0.66225,0.81597,0.843,0.45738,0.65086,0.76432,0.68064,0.33552,0.56736,0.85193,0.70577,0.93334,0.82311,0.89684,0.75118,0.84796,0.64025,0.67319
37.0,35.67,0.37936,0.12636,0.18122,0.56726,0.65672,0.62998,0.82644,0.87198,0.71808,0.92062,0.67153,0.85393,0.47073,0.76156,0.36699,0.57879,0.82097,0.62725,0.93043,0.85786,0.83803,0.96096,0.70546,0.59292,0.20501,0.27029,0.27062,0.75248,0.4774,0.70675,0.96991,0.61213,0.8067,0.83078,0.50616,0.66049,0.78397,0.67397,0.34578,0.54047,0.81814,0.63463,0.90635,0.79492,0.879,0.76395,0.84828,0.65726,0.65898
37.33,36.33,0.4037,0.2437,0.21716,0.60222,0.68586,0.72327,0.86493,0.93783,0.7761,0.95688,0.67275,0.81021,0.48465,0.80312,0.39287,0.59968,0.86005,0.69237,0.96048,0.84585,0.86615,0.95731,0.73195,0.62547,0.27201,0.34046,0.27707,0.74225,0.46997,0.75832,1.00034,0.74564,0.83332,0.85052,0.46235,0.61522,0.76333,0.72648,0.33665,0.57971,0.83455,0.68746,0.95948,0.8798,0.9261,0.74179,0.82691,0.62541,0.68687
37.33,35.67,0.38258,0.2352,0.19663,0.5854,0.65033,0.63968,0.85676,0.91238,0.76186,0.93963,0.69782,0.83749,0.4985,0.79652,0.37487,0.53861,0.79382,0.62633,0.93889,0.83611,0.8348,0.96224,0.72157,0.61367,0.28427,0.31604,0.2878,0.72023,0.43532,0.69509,0.98139,0.69576,0.82653,0.83686,0.52545,0.62894,0.79519,0.71789,0.35828,0.55025,0.79393,0.59901,0.92455,0.85064,0.90479,0.75937,0.83099,0.65483,0.67094
36.67,36.33,0.39152,0.18731,0.30039,0.66238,0.75242,0.78182,0.84735,0.91021,0.75602,0.94622,0.64122,0.83466,0.4908,0.80725,0.45085,0.68691,0.9125,0.72793,0.9608,0.87554,0.8823,0.96983,0.76227,0.62817,0.21737,0.32618,0.29059,0.80417,0.57484,0.81912,0.98759,0.70089,0.82646,0.86302,0.48776,0.66478,0.75354,0.72303,0.45379,0.68414,0.90738,0.77763,0.94371,0.83478,0.8995,0.77594,0.88986,0.64347,0.70867
37.33,37.0,0.37931,0.19898,0.29142,0.65242,0.76108,0.92412,0.87606,0.99697,0.78962,0.97156,0.6008,0.76138,0.44365,0.78031,0.4749,0.73596,0.97875,0.82919,0.98693,0.85503,0.9343,0.95366,0.75906,0.63627,0.16922,0.36457,0.27236,0.78017,0.56055,0.89782,1.02701,0.8793,0.84418,0.85846,0.33796,0.62547,0.68579,0.7137,0.36083,0.70037,0.91782,0.88383,1.02193,0.93689,0.95762,0.70876,0.80195,0.58065,0.71789
37.0,37.33,0.36959,0.13449,0.32622,0.66823,0.78916,0.97718,0.86396,0.98643,0.7721,0.95725,0.56862,0.78229,0.43688,0.76896,0.5052,0.78774,1.00048,0.85536,0.98302,0.85903,0.94701,0.9554,0.76489,0.64186,0.11061,0.35097,0.26616,0.80471,0.60895,0.9397,1.01749,0.87627,0.83793,0.85094,0.32037,0.6671,0.69576,0.68944,0.41,0.76301,0.95437,0.94588,1.01596,0.91705,0.94009,0.71434,0.81092,0.59295,0.72505
37.0,36.67,0.38171,0.1352,0.29692,0.64333,0.77435,0.92729,0.8691,0.97635,0.77072,0.96041,0.58982,0.78344,0.42724,0.7625,0.46899,0.75033,0.99074,0.82255,0.98483,0.86051,0.9285,0.95514,0.75016,0.62299,0.12767,0.32742,0.25752,0.80774,0.58405,0.90476,1.01918,0.83847,0.83857,0.85502,0.3463,0.65391,0.70546,0.69297,0.3926,0.7109,0.93241,0.89765,1.01275,0.90593,0.93715,0.71941,0.82435,0.60175,0.71515
37.33,37.33,0.365,0.2117,0.30198,0.66913,0.75699,0.92948,0.86677,0.99379,0.78987,0.96652,0.59394,0.76155,0.45776,0.79124,0.49809,0.747,0.97033,0.83745,0.98124,0.85605,0.94267,0.95616,0.77149,0.65364,0.16727,0.38942,0.2836,0.76525,0.56716,0.90605,1.01999,0.88669,0.83968,0.85751,0.33288,0.62916,0.67094,0.71345,0.35891,0.72296,0.92136,0.89488,1.01307,0.93596,0.95887,0.71229,0.78951,0.56888,0.72032
37.33,36.67,0.39572,0.23118,0.26865,0.64196,0.73987,0.86596,0.87236,0.98195,0.78942,0.97135,0.62336,0.77063,0.46269,0.79818,0.45322,0.69933,0.94543,0.79336,0.98039,0.8527,0.91698,0.95397,0.75651,0.64105,0.21561,0.37177,0.27489,0.76453,0.53111,0.85764,1.02037,0.84595,0.84224,0.85982,0.36855,0.61343,0.70304,0.72738,0.34407,0.6642,0.893,0.829,1.00492,0.92439,0.95342,0.71587,0.80664,0.58646,0.71093
36.67,37.33,0.39869,0.19542,0.39438,0.7319,0.81751,0.97529,0.84467,0.96195,0.77093,0.95284,0.57721,0.81008,0.49721,0.8243,0.55737,0.82292,0.988,0.85687,0.97509,0.87317,0.95399,0.96247,0.81203,0.6926,0.17531,0.40701,0.29151,0.80495,0.64473,0.94875,0.99663,0.85628,0.83472,0.86759,0.36469,0.68652,0.71383,0.73147,0.4884,0.8436,0.98972,0.95982,0.98342,0.89977,0.92431,0.74979,0.85566,0.61569,0.74752
37.33,38.0,0.31499,0.14805,0.34058,0.70578,0.75171,0.98003,0.81823,0.97451,0.77046,0.93222,0.54646,0.80385,0.49404,0.81099,0.57705,0.83394,0.95556,0.8894,0.96122,0.85725,0.98424,0.95586,0.79819,0.70926,0.10304,0.44762,0.29623,0.74919,0.62495,0.97158,0.98843,0.90723,0.83252,0.83858,0.29494,0.70685,0.66594,0.65948,0.36791,0.82769,0.95838,0.98239,0.98315,0.91503,0.94331,0.72007,0.74256,0.54805,0.72894
37.0,38.33,0.33629,0.13856,0.37556,0.72961,0.76993,1.00219,0.79225,0.95224,0.75318,0.91262,0.52968,0.85342,0.53889,0.83894,0.60561,0.87879,0.94542,0.8977,0.95316,0.85904,0.99289,0.95449,0.81883,0.74351,0.12117,0.47766,0.2975,0.7625,0.656,0.99506,0.97026,0.89125,0.82918,0.82957,0.29886,0.76539,0.7301,0.64887,0.41808,0.89905,0.98819,1.0118,0.96208,0.88656,0.91762,0.73229,0.75854,0.57688,0.74161
37.0,37.67,0.33743,0.13353,0.36726,0.71524,0.76916,1.00025,0.81101,0.95853,0.74985,0.91927,0.5316,0.83319,0.51642,0.81856,0.58497,0.84781,0.95097,0.88452,0.95657,0.85749,0.9796,0.95788,0.80512,0.72344,0.11028,0.4412,0.29381,0.76553,0.64704,0.98169,0.97768,0.88503,0.82421,0.83115,0.2975,0.73235,0.71871,0.6575,0.41712,0.86991,0.97943,0.99584,0.97235,0.89149,0.91981,0.72656,0.77272,0.57794,0.73534
37.33,38.33,0.31636,0.15079,0.33602,0.70872,0.75546,0.98006,0.81277,0.97828,0.78458,0.93805,0.55504,0.80646,0.49229,0.81935,0.5831,0.85607,0.9696,0.90191,0.96753,0.85994,0.99315,0.95368,0.80468,0.71066,0.11365,0.464,0.29668,0.75195,0.62775,0.97801,0.99201,0.92087,0.84448,0.84676,0.30245,0.71616,0.65727,0.66084,0.36103,0.82919,0.96202,0.99099,0.98711,0.92116,0.95196,0.72409,0.73278,0.54186,0.73353
37.33,37.67,0.32851,0.17448,0.33182,0.69934,0.75807,0.97217,0.8346,0.98608,0.7808,0.9472,0.56265,0.78405,0.48005,0.80463,0.55837,0.81395,0.96865,0.88156,0.97077,0.85869,0.97666,0.9566,0.79334,0.69362,0.12299,0.43627,0.29536,0.75373,0.6116,0.95671,1.00135,0.91303,0.83835,0.84797,0.30382,0.67916,0.65537,0.68062,0.36253,0.79872,0.94976,0.96399,0.99605,0.92908,0.95544,0.71758,0.75455,0.5503,0.72898
37.33,39.0,0.33381,0.13629,0.3141,0.70704,0.76642,1.0022,0.7679,0.96913,0.8155,0.93572,0.55965,0.85757,0.53827,0.85201,0.60745,0.95975,0.988,0.95009,0.96944,0.86961,1.02735,0.93458,0.83386,0.72869,0.17491,0.54691,0.26487,0.77093,0.635,1.01708,0.98704,0.94936,0.87622,0.84664,0.32754,0.82435,0.72549,0.63465,0.35825,0.883,0.98768,1.0325,0.97807,0.91371,0.94031,0.73082,0.69712,0.53944,0.75138
37.0,39.33,0.36327,0.17341,0.35027,0.7447,0.79709,1.0219,0.74644,0.95321,0.80955,0.92615,0.55748,0.89311,0.59344,0.89027,0.64053,1.01005,0.97915,0.95751,0.96506,0.88112,1.03612,0.93161,0.8672,0.76016,0.21987,0.60317,0.26674,0.78426,0.65345,1.03094,0.97418,0.94116,0.88382,0.84433,0.34774,0.88313,0.78434,0.64501,0.40892,0.95636,1.0145,1.04864,0.96394,0.8966,0.92026,0.74502,0.71707,0.56587,0.76975
37.0,38.67,0.36415,0.16853,0.36545,0.74751,0.79112,1.0138,0.75271,0.95457,0.79648,0.91946,0.55252,0.88958,0.57909,0.88262,0.6367,0.9797,0.97748,0.94426,0.96452,0.87224,1.02773,0.93862,0.85525,0.76105,0.18641,0.57187,0.2809,0.77993,0.65873,1.0258,0.97428,0.93024,0.86984,0.84706,0.32488,0.85687,0.76771,0.64328,0.41386,0.9451,1.01388,1.0464,0.96758,0.89455,0.92402,0.74342,0.73024,0.57209,0.76467
37.33,39.33,0.32468,0.13003,0.2872,0.68737,0.76286,1.0035,0.76964,0.9664,0.82292,0.94612,0.56174,0.84968,0.54134,0.83972,0.59682,0.96552,0.9836,0.95296,0.96502,0.87444,1.02804,0.93016,0.83794,0.72054,0.19824,0.55628,0.24722,0.76753,0.62606,1.01239,0.9852,0.95316,0.87785,0.84123,0.34966,0.82666,0.73068,0.63755,0.34472,0.87195,0.97717,1.02548,0.97055,0.91363,0.93664,0.72772,0.68405,0.53101,0.74877
37.33,38.67,0.32074,0.13625,0.31768,0.70345,0.76043,0.99462,0.78105,0.9722,0.80691,0.93856,0.55885,0.83862,0.52009,0.83724,0.60026,0.92906,0.98331,0.93669,0.96742,0.86703,1.01886,0.94003,0.82473,0.72241,0.14998,0.5221,0.27412,0.76223,0.63317,1.00547,0.98694,0.94336,0.86593,0.84712,0.32323,0.789,0.69354,0.64083,0.35227,0.86156,0.97556,1.02129,0.9772,0.91593,0.94641,0.72767,0.7017,0.5363,0.74436
37.33,40.0,0.29808,0.11687,0.20349,0.64244,0.75743,1.02552,0.75583,0.94661,0.84889,0.96511,0.55016,0.8395,0.59625,0.81113,0.56516,1.01598,0.94508,0.97745,0.9483,0.89688,1.03623,0.90657,0.87007,0.70392,0.29477,0.6265,0.18679,0.75982,0.60511,1.01619,0.97175,0.95657,0.89007,0.80456,0.41985,0.89628,0.79077,0.63597,0.33555,0.87443,0.95368,1.01112,0.93708,0.90132,0.89143,0.70991,0.64541,0.50875,0.7468
37.0,40.33,0.30062,0.1392,0.2499,0.69033,0.79341,1.05201,0.74898,0.93558,0.84308,0.96122,0.54377,0.8577,0.63727,0.85786,0.61104,1.05579,0.93059,0.98092,0.94799,0.91273,1.04134,0.90668,0.90418,0.73143,0.3235,0.67608,0.20566,0.76882,0.633,1.02487,0.96058,0.94168,0.90067,0.7967,0.44221,0.92644,0.81818,0.65642,0.39183,0.95045,0.97276,1.01937,0.92356,0.88762,0.874,0.72357,0.66395,0.53138,0.76348
37.0,39.67,0.31904,0.15601,0.28025,0.71116,0.8001,1.04301,0.7474,0.93796,0.83231,0.95121,0.55032,0.86958,0.62273,0.87585,0.63077,1.05471,0.94563,0.97348,0.95191,0.91131,1.03997,0.91496,0.89613,0.7406,0.2985,0.6646,0.22392,0.77868,0.63177,1.02317,0.96281,0.94346,0.90026,0.80815,0.4227,0.91604,0.81194,0.65797,0.39524,0.96518,0.9871,1.02683,0.93243,0.89156,0.88925,0.73594,0.67897,0.53657,0.76749
37.33,40.33,0.28838,0.10734,0.17254,0.6087,0.73987,1.02556,0.75861,0.94758,0.86251,0.97572,0.55025,0.82905,0.60384,0.77827,0.52545,1.00061,0.93985,0.98265,0.94785,0.89044,1.0371,0.89898,0.87156,0.69155,0.30871,0.62031,0.17393,0.74822,0.60364,1.02016,0.97535,0.96067,0.88747,0.80211,0.42723,0.90331,0.7893,0.62738,0.32409,0.83423,0.93558,1.00673,0.93724,0.89986,0.88532,0.69275,0.63713,0.50844,0.74049
37.33,39.67,0.30513,0.1185,0.22166,0.64463,0.75302,1.01838,0.76138,0.955,0.84637,0.96398,0.55701,0.84337,0.57925,0.81083,0.56482,0.99937,0.96172,0.97294,0.95465,0.88803,1.0343,0.91108,0.85847,0.70657,0.27243,0.60299,0.20238,0.7602,0.60943,1.01754,0.97872,0.96146,0.88728,0.81764,0.4011,0.87742,0.77477,0.63342,0.33141,0.86059,0.95539,1.01537,0.94858,0.90744,0.90812,0.71256,0.65323,0.51652,0.74659
37.33,41.0,0.24184,0.05017,0.08918,0.52355,0.70736,1.05005,0.7507,0.94744,0.91818,1.0056,0.5239,0.80826,0.64095,0.7135,0.42214,0.96475,0.90052,1.01369,0.95209,0.88749,1.04933,0.87305,0.90232,0.66014,0.34732,0.63522,0.12969,0.70374,0.60614,1.04317,0.97877,0.96712,0.89853,0.76982,0.45842,0.93955,0.79833,0.60201,0.34824,0.76562,0.8858,1.00834,0.93509,0.8921,0.85348,0.63349,0.61318,0.53544,0.72802
37.33,41.33,0.23621,0.05283,0.06245,0.47176,0.69113,1.03925,0.742,0.9502,0.94682,1.02644,0.52264,0.80964,0.63198,0.67558,0.37145,0.93297,0.90013,1.02139,0.96123,0.89296,1.05125,0.86578,0.91095,0.63759,0.34496,0.62532,0.12008,0.68171,0.57864,1.04567,0.98623,0.98304,0.90517,0.76406,0.4623,0.94272,0.79311,0.58948,0.35761,0.72127,0.85653,1.00793,0.93941,0.89867,0.86606,0.60552,0.60945,0.56261,0.72192
37.33,40.67,0.2558,0.07128,0.10257,0.53441,0.7091,1.03903,0.75089,0.94626,0.90661,1.00239,0.5336,0.8129,0.63103,0.71684,0.43846,0.96777,0.90967,1.00574,0.9489,0.88887,1.0454,0.8775,0.89356,0.66303,0.3441,0.62933,0.13777,0.71155,0.59492,1.03546,0.97841,0.96823,0.89266,0.77844,0.45389,0.93407,0.79784,0.60823,0.33579,0.76912,0.89009,1.00249,0.93252,0.89618,0.86152,0.64485,0.61604,0.52739,0.72901
37.33,42.0,0.25621,0.08087,0.01575,0.35242,0.67664,1.03638,0.70272,0.95771,1.03869,1.08024,0.48269,0.85692,0.64814,0.62997,0.26103,0.85841,0.87978,1.05973,0.98905,0.9073,1.07052,0.84036,0.96098,0.62514,0.37134,0.64279,0.10797,0.61147,0.50777,1.06163,0.99874,1.02175,0.95375,0.73475,0.48329,0.95856,0.8119,0.57697,0.42485,0.62992,0.78666,1.03048,0.95446,0.90225,0.90901,0.51724,0.58945,0.6597,0.71905
37.33,42.33,0.33638,0.1557,0.03904,0.33761,0.6644,1.02864,0.6881,0.94446,1.03278,1.07218,0.46666,0.89156,0.68972,0.65764,0.27272,0.8424,0.861,1.06414,0.97842,0.89724,1.07363,0.82865,0.95823,0.66002,0.44131,0.68326,0.14617,0.59866,0.46937,1.05962,0.99398,1.01958,0.95402,0.73502,0.50672,0.96533,0.81761,0.62517,0.44595,0.61433,0.76364,1.02493,0.94266,0.89425,0.9016,0.49201,0.57939,0.66784,0.72466
37.33,41.67,0.25747,0.07588,0.02408,0.37787,0.67474,1.03238,0.71226,0.95205,1.01471,1.06559,0.49483,0.84284,0.64626,0.63552,0.28568,0.87271,0.87893,1.04827,0.97842,0.90114,1.0649,0.84394,0.94552,0.62919,0.37411,0.63791,0.1193,0.62553,0.5212,1.05697,0.99435,1.01122,0.93721,0.74314,0.48369,0.95491,0.80304,0.5833,0.40746,0.64584,0.79788,1.01943,0.94655,0.90145,0.8904,0.53689,0.59419,0.63278,0.71821
37.33,43.33,0.65395,0.48441,0.06192,0.2688,0.65912,1.01084,0.61499,0.87899,0.9971,1.01199,0.34143,1.01858,0.89941,0.75377,0.30348,0.81555,0.74676,1.0784,0.90067,0.8646,1.08901,0.79045,0.94923,0.82709,0.70905,0.82991,0.22025,0.53287,0.33838,1.05066,0.95954,1.00284,0.94602,0.74778,0.61721,0.90218,0.83539,0.76394,0.49967,0.58505,0.68452,1.01788,0.86663,0.85041,0.86906,0.39965,0.56491,0.69039,0.73968
37.33,42.67,0.53599,0.36115,0.06439,0.29218,0.65058,1.01721,0.64247,0.91015,1.01962,1.04407,0.39221,0.98228,0.81293,0.72476,0.28559,0.81184,0.79646,1.07937,0.94057,0.87586,1.08541,0.80108,0.95681,0.75119,0.60582,0.78379,0.19664,0.55753,0.37482,1.05511,0.97883,1.01414,0.95707,0.73514,0.56657,0.94994,0.82905,0.72959,0.48514,0.58384,0.70774,1.02261,0.90726,0.86886,0.88947,0.42243,0.55884,0.68916,0.73549
37.33,44.0,0.74498,0.58259,0.03895,0.24441,0.73749,1.04188,0.59465,0.83157,0.96684,0.94774,0.23689,0.9756,1.029,0.75616,0.36236,0.86953,0.6686,1.05626,0.83531,0.86976,1.08843,0.78994,0.94328,0.94942,0.8561,0.83682,0.23166,0.47837,0.35637,1.05452,0.9151,0.95934,0.87358,0.79092,0.75563,0.73084,0.78115,0.69177,0.55777,0.66932,0.67448,1.04225,0.76045,0.81468,0.82477,0.41906,0.64304,0.73088,0.74189
37.0,44.33,0.71169,0.5685,0.04871,0.29112,0.78719,1.09357,0.61805,0.84658,0.97126,0.95404,0.199,0.95351,1.04052,0.76209,0.39694,0.90911,0.69518,1.06247,0.85832,0.88353,1.09245,0.79461,0.95466,0.95799,0.86449,0.83558,0.229,0.47755,0.40444,1.07721,0.91088,0.93465,0.83408,0.80841,0.78204,0.73096,0.73269,0.66741,0.57169,0.7121,0.7034,1.08224,0.74976,0.79721,0.84579,0.42798,0.66093,0.7556,0.75098
37.33,44.33,0.6751,0.53182,0.12221,0.29586,0.77345,1.04877,0.60058,0.8314,0.97276,0.93785,0.24882,0.92069,1.01613,0.76015,0.42675,0.89051,0.65818,1.0333,0.83891,0.87653,1.07847,0.79039,0.95517,0.94147,0.85007,0.81292,0.27784,0.46086,0.38483,1.04509,0.90141,0.9264,0.83928,0.78561,0.78503,0.71174,0.74837,0.67308,0.61799,0.7348,0.6785,1.0294,0.72282,0.80202,0.80829,0.45019,0.6894,0.777,0.74455
37.33,43.67,0.7247,0.55708,0.0591,0.25332,0.71807,1.02814,0.59529,0.84146,0.97661,0.96363,0.27073,0.98926,0.99719,0.76011,0.35618,0.85516,0.68395,1.05866,0.84978,0.86677,1.08849,0.78956,0.94775,0.92136,0.82297,0.83687,0.24447,0.49209,0.34841,1.05004,0.92588,0.96989,0.89658,0.77872,0.72613,0.77667,0.80132,0.71782,0.55331,0.65309,0.67538,1.02885,0.78636,0.82437,0.83389,0.41617,0.626,0.72434,0.74296
37.33,44.67,0.55081,0.45012,0.28849,0.38718,0.86665,1.08662,0.61111,0.82888,0.97774,0.90518,0.22477,0.77978,1.02764,0.76281,0.55374,0.9566,0.62405,0.99142,0.83858,0.88843,1.05891,0.79275,0.97508,0.91889,0.86553,0.76013,0.33993,0.42581,0.4443,1.04509,0.87085,0.85829,0.75813,0.78466,0.8675,0.66352,0.62368,0.6564,0.74037,0.91236,0.69871,1.02681,0.62872,0.7794,0.77011,0.52369,0.81129,0.88306,0.75176
38.33,26.33,0.64635,0.55575,0.69591,0.83902,0.65938,0.62651,0.98404,0.88182,0.71606,0.34253,0.80445,0.47111,0.12596,0.43548,0.4431,0.55563,0.70316,0.61445,0.96849,1.0071,0.8507,0.7066,0.54494,0.19116,0.54188,0.22512,0.42014,0.73494,1.07943,0.87106,0.93892,0.67524,0.7875,0.94475,0.59804,0.48215,0.43377,0.58239,0.83509,0.83161,0.52832,0.73993,0.9171,0.78162,0.61539,0.8529,0.399,0.34055,0.6568
38.33,27.0,0.70175,0.44524,0.67451,0.79461,0.56401,0.50474,0.99523,0.90743,0.72267,0.34418,0.87895,0.44124,0.12064,0.42528,0.3052,0.49903,0.71766,0.51712,0.96179,1.04512,0.84419,0.76418,0.62866,0.19549,0.55395,0.13984,0.40999,0.65526,1.00013,0.77584,0.98232,0.66073,0.80124,0.91312,0.59013,0.41943,0.4438,0.62893,0.70891,0.5839,0.34074,0.64271,0.95832,0.76392,0.65402,0.82443,0.29476,0.38562,0.62773
38.0,27.33,0.77372,0.45138,0.73601,0.82605,0.57974,0.53284,1.02083,0.92246,0.77943,0.37455,0.94528,0.47354,0.14504,0.46597,0.33252,0.53466,0.76454,0.52444,0.98341,1.06278,0.86633,0.82186,0.68941,0.22474,0.56126,0.15015,0.45178,0.66594,0.99115,0.78225,0.99971,0.69297,0.83714,0.96413,0.6262,0.44943,0.49723,0.67799,0.75892,0.59055,0.34986,0.6501,0.97197,0.81623,0.68932,0.85661,0.3141,0.42875,0.65844
38.33,27.33,0.68209,0.4028,0.66249,0.76871,0.5383,0.47928,0.98388,0.90184,0.70158,0.34536,0.87765,0.45098,0.13114,0.42843,0.26896,0.48657,0.70346,0.48965,0.94863,1.04415,0.82725,0.76124,0.62397,0.19329,0.53314,0.11495,0.39296,0.63422,0.97316,0.74736,0.97812,0.64151,0.79305,0.88508,0.58964,0.40628,0.41971,0.61334,0.665,0.53049,0.29682,0.6106,0.95087,0.75349,0.64509,0.81287,0.27579,0.39372,0.61164
37.67,27.33,0.79796,0.45643,0.7836,0.86143,0.62971,0.58485,1.01331,0.91283,0.77841,0.40089,0.96755,0.51498,0.17224,0.53051,0.38711,0.577,0.79358,0.55173,0.9915,1.06218,0.87808,0.83452,0.70527,0.25488,0.5487,0.17069,0.48136,0.70028,0.99432,0.80905,0.99705,0.6953,0.85338,0.97519,0.64524,0.49665,0.51888,0.69442,0.80248,0.65197,0.38313,0.67059,0.97238,0.84048,0.68557,0.89121,0.3548,0.44646,0.68167
38.33,28.0,0.68524,0.27839,0.67976,0.72344,0.44774,0.41582,0.97747,0.8968,0.69289,0.38769,0.93326,0.52947,0.18694,0.49606,0.17449,0.48,0.70286,0.38762,0.92191,1.05351,0.77926,0.81435,0.67829,0.2201,0.47576,0.0702,0.37312,0.57678,0.8572,0.63638,0.98095,0.59957,0.8073,0.84352,0.64899,0.41777,0.42025,0.61289,0.56569,0.35778,0.15646,0.49959,0.92589,0.77117,0.65595,0.80856,0.24665,0.47523,0.59015
37.67,28.0,0.77465,0.30412,0.778,0.78095,0.51817,0.49766,1.00335,0.90096,0.75732,0.43685,0.99703,0.55719,0.21081,0.59208,0.26807,0.58076,0.79015,0.44051,0.9613,1.07056,0.8236,0.86521,0.73256,0.25522,0.48473,0.11038,0.43504,0.6459,0.86493,0.68594,0.99961,0.63868,0.86072,0.91136,0.68377,0.4927,0.48967,0.69138,0.66866,0.44728,0.21721,0.54023,0.95339,0.83755,0.68462,0.87381,0.32084,0.5039,0.64457
38.0,28.33,0.74271,0.28002,0.75076,0.75476,0.4655,0.45473,1.00066,0.9064,0.74148,0.42712,0.98478,0.56923,0.21497,0.57002,0.21852,0.53792,0.75455,0.40116,0.9441,1.06538,0.79486,0.86107,0.72712,0.24716,0.47668,0.09071,0.41416,0.60617,0.83226,0.64037,0.99556,0.62962,0.84738,0.88501,0.69126,0.46977,0.46857,0.66951,0.61172,0.37696,0.17338,0.50223,0.93396,0.81848,0.6831,0.8508,0.29013,0.51612,0.62269
38.0,27.67,0.75394,0.31452,0.75772,0.76624,0.49137,0.46735,1.00947,0.91456,0.75664,0.40847,0.97995,0.53703,0.20239,0.54073,0.23692,0.54424,0.75834,0.43576,0.95718,1.06705,0.81561,0.85068,0.71342,0.23466,0.49602,0.09004,0.42661,0.61503,0.87432,0.67988,0.99877,0.65152,0.84443,0.90614,0.66398,0.44641,0.45901,0.67375,0.64538,0.42134,0.21596,0.53979,0.94665,0.82028,0.68166,0.8476,0.29156,0.49744,0.63016
38.33,28.33,0.66549,0.26652,0.65523,0.72146,0.42977,0.40172,0.96188,0.88453,0.66546,0.39611,0.92239,0.54801,0.18446,0.50065,0.16137,0.4568,0.68786,0.35711,0.90264,1.04728,0.76047,0.81242,0.68055,0.23182,0.46588,0.08292,0.3562,0.57009,0.83448,0.60666,0.97344,0.57072,0.79684,0.82095,0.66528,0.4372,0.43447,0.59533,0.53747,0.33249,0.12608,0.47732,0.91305,0.75813,0.65081,0.80512,0.23623,0.4767,0.57971
38.33,27.67,0.67068,0.30387,0.65753,0.72559,0.46542,0.41942,0.97119,0.89311,0.6789,0.37107,0.90837,0.49982,0.16524,0.46691,0.18611,0.46997,0.69368,0.40477,0.9216,1.0491,0.78676,0.79099,0.65688,0.21014,0.48845,0.07663,0.36538,0.58637,0.8859,0.65844,0.97825,0.59827,0.7955,0.83969,0.62496,0.40702,0.41278,0.6024,0.57509,0.38689,0.17918,0.52203,0.93249,0.75387,0.64677,0.80036,0.2427,0.44687,0.58695
37.67,28.33,0.762,0.29272,0.76236,0.77667,0.51204,0.49525,0.99129,0.88608,0.74025,0.4513,0.98875,0.5751,0.21159,0.60866,0.26653,0.57533,0.789,0.41981,0.949,1.06695,0.80991,0.8656,0.73956,0.27107,0.47485,0.12666,0.41796,0.65093,0.83933,0.66348,0.996,0.61599,0.86044,0.89388,0.7026,0.52267,0.50745,0.68418,0.65163,0.43136,0.19163,0.52002,0.94753,0.82966,0.68466,0.87976,0.32732,0.50637,0.64027
37.67,27.67,0.78241,0.34213,0.7758,0.80255,0.54981,0.52045,1.00202,0.90134,0.75796,0.42881,0.98943,0.54426,0.19852,0.57853,0.2995,0.57889,0.79358,0.46846,0.96701,1.06818,0.83925,0.85668,0.72791,0.25879,0.50279,0.12805,0.44657,0.66244,0.9008,0.71822,0.99942,0.64663,0.85731,0.92534,0.67297,0.49482,0.5015,0.69215,0.703,0.49659,0.25524,0.57534,0.96123,0.83622,0.68389,0.8781,0.32916,0.48643,0.65389
38.33,29.0,0.64614,0.22872,0.6328,0.73098,0.38333,0.39044,0.94465,0.85614,0.64044,0.45171,0.92024,0.64393,0.19648,0.57901,0.17094,0.42185,0.68132,0.26109,0.86198,1.03956,0.70524,0.85445,0.73518,0.29942,0.43682,0.13146,0.33209,0.57625,0.72202,0.50927,0.96418,0.52993,0.80898,0.77423,0.76953,0.53801,0.53632,0.59276,0.48543,0.2751,0.04582,0.40079,0.87687,0.76845,0.66573,0.83349,0.26754,0.52646,0.57591
37.67,29.0,0.71006,0.2411,0.71273,0.75775,0.45233,0.46734,0.96543,0.85387,0.7083,0.49878,0.96391,0.65021,0.21439,0.66041,0.25527,0.52663,0.7638,0.31876,0.90496,1.05733,0.74875,0.89115,0.77924,0.32612,0.4419,0.16028,0.36858,0.64837,0.72426,0.55538,0.98271,0.57641,0.86504,0.82845,0.79757,0.61042,0.58186,0.66724,0.5679,0.35029,0.08442,0.43017,0.91339,0.81225,0.69747,0.89224,0.35166,0.55051,0.62265
38.0,29.33,0.67615,0.22791,0.67231,0.74951,0.41164,0.4394,0.96129,0.85822,0.68314,0.49032,0.9463,0.67305,0.20743,0.64038,0.22952,0.46889,0.73005,0.27756,0.88502,1.05097,0.72197,0.89015,0.77588,0.33191,0.43707,0.1467,0.35174,0.61945,0.69778,0.51812,0.97562,0.56829,0.8484,0.79832,0.81345,0.59626,0.58366,0.6456,0.52681,0.30549,0.06065,0.4014,0.8952,0.79508,0.69327,0.87268,0.32748,0.55201,0.60478
38.0,28.67,0.70329,0.24295,0.69632,0.7589,0.42472,0.44484,0.96822,0.87082,0.69016,0.47989,0.96633,0.64931,0.21733,0.63066,0.21987,0.48796,0.74061,0.3139,0.90082,1.0541,0.74269,0.88284,0.76347,0.30802,0.45123,0.13896,0.37607,0.6113,0.73742,0.54243,0.98398,0.57498,0.84858,0.82885,0.77645,0.56827,0.54993,0.65871,0.54507,0.31074,0.08479,0.42408,0.90174,0.79368,0.6889,0.87268,0.30483,0.54136,0.60986
38.33,29.33,0.6196,0.22026,0.61035,0.71669,0.37233,0.37229,0.94017,0.84585,0.63487,0.44562,0.89715,0.65073,0.18355,0.56827,0.16921,0.40157,0.66342,0.23126,0.84522,1.03471,0.68772,0.85134,0.73566,0.31165,0.42246,0.12909,0.30608,0.5771,0.69737,0.49679,0.95515,0.52283,0.80125,0.74175,0.78486,0.53787,0.55189,0.56665,0.46913,0.27905,0.03011,0.39039,0.8701,0.77451,0.6614,0.82318,0.27897,0.53042,0.56683
38.33,28.67,0.64345,0.22985,0.62904,0.71934,0.38661,0.3812,0.94608,0.85993,0.63975,0.43228,0.91709,0.61555,0.19168,0.54736,0.1551,0.42322,0.67387,0.27659,0.86716,1.03933,0.71452,0.83916,0.71727,0.27722,0.43785,0.1125,0.3304,0.56658,0.74827,0.5288,0.96392,0.53209,0.80006,0.77766,0.73935,0.50336,0.5024,0.58011,0.48616,0.27987,0.05606,0.41632,0.88296,0.76308,0.6574,0.82003,0.25146,0.51144,0.57022
37.67,29.33,0.68681,0.22724,0.69958,0.74164,0.44975,0.46032,0.96373,0.84275,0.71321,0.49797,0.94385,0.64956,0.19964,0.65588,0.26451,0.5221,0.75211,0.29861,0.89405,1.05442,0.73814,0.8912,0.78385,0.33401,0.42952,0.15604,0.34984,0.65586,0.70347,0.55001,0.97492,0.57664,0.86399,0.80578,0.81361,0.62141,0.59976,0.65362,0.55829,0.36124,0.07065,0.41997,0.9144,0.81983,0.69938,0.88877,0.37495,0.5576,0.61843
37.67,28.67,0.72463,0.24587,0.72532,0.75609,0.46703,0.47137,0.97192,0.85852,0.71567,0.48604,0.9714,0.62701,0.2133,0.64677,0.25375,0.54599,0.77044,0.34227,0.9161,1.06062,0.76399,0.88316,0.76774,0.30899,0.44391,0.14774,0.37713,0.6497,0.75252,0.58193,0.98537,0.58091,0.86244,0.8421,0.76982,0.58759,0.56074,0.66869,0.58599,0.36953,0.10694,0.44971,0.92355,0.82032,0.69282,0.88705,0.34548,0.53935,0.62553
38.33,30.0,0.54036,0.18003,0.58159,0.68317,0.38272,0.38477,0.95278,0.8226,0.66996,0.47216,0.84155,0.70829,0.17118,0.59064,0.22622,0.38544,0.65203,0.15313,0.82196,1.02729,0.65248,0.88637,0.78857,0.39377,0.37266,0.12259,0.25317,0.62046,0.60176,0.47195,0.93422,0.55888,0.82074,0.65185,0.88604,0.58222,0.65682,0.52608,0.4766,0.33428,0.03311,0.36288,0.86694,0.82939,0.68401,0.82316,0.3972,0.58731,0.57132
37.67,30.0,0.57312,0.17042,0.63231,0.69368,0.44441,0.46018,0.97028,0.82187,0.73463,0.51263,0.8691,0.69236,0.17583,0.64478,0.29507,0.48249,0.71752,0.2104,0.85807,1.04302,0.69411,0.91647,0.8245,0.39179,0.38307,0.13066,0.28622,0.68247,0.60945,0.51521,0.94833,0.60522,0.86788,0.70921,0.89975,0.65171,0.68645,0.59886,0.53319,0.39124,0.04866,0.38045,0.90749,0.85578,0.71493,0.8794,0.47031,0.61181,0.60827
38.0,30.33,0.53701,0.16376,0.59858,0.68092,0.42003,0.44109,0.96958,0.82576,0.71579,0.50528,0.84748,0.72976,0.17867,0.62667,0.28006,0.43003,0.68716,0.16553,0.84132,1.03753,0.67273,0.91894,0.83168,0.42313,0.36901,0.12262,0.2513,0.66534,0.58276,0.49295,0.93934,0.60232,0.85517,0.66386,0.92586,0.63722,0.69998,0.55573,0.51934,0.37186,0.05044,0.36223,0.89365,0.85762,0.71236,0.85236,0.46805,0.62002,0.59583
38.0,29.67,0.5703,0.17507,0.60607,0.69012,0.39971,0.42863,0.963,0.82957,0.70479,0.49473,0.86689,0.71568,0.16736,0.6296,0.26343,0.42901,0.6952,0.18349,0.8476,1.0443,0.67827,0.90816,0.81204,0.38993,0.38317,0.12157,0.26883,0.64597,0.59853,0.49303,0.94887,0.58949,0.84951,0.69721,0.90137,0.62949,0.66706,0.58835,0.50788,0.33945,0.03101,0.36057,0.893,0.83748,0.7056,0.85395,0.423,0.59195,0.59207
38.33,30.33,0.52569,0.18183,0.59364,0.68982,0.40426,0.39112,0.95755,0.81885,0.67198,0.47785,0.83453,0.7102,0.19234,0.58868,0.23146,0.39119,0.64423,0.15159,0.81929,1.01707,0.65059,0.88988,0.79652,0.414,0.36628,0.13221,0.25638,0.6311,0.60996,0.47378,0.92635,0.56213,0.8213,0.63146,0.88689,0.57245,0.67436,0.49596,0.49033,0.36353,0.06291,0.37772,0.86174,0.84301,0.6858,0.81986,0.41815,0.60707,0.57531
38.33,29.67,0.55732,0.1931,0.58785,0.69593,0.37756,0.37363,0.94643,0.82551,0.65401,0.46281,0.85322,0.69139,0.1765,0.58138,0.20332,0.38439,0.64915,0.16896,0.82227,1.02446,0.65601,0.87388,0.76995,0.3701,0.38595,0.13109,0.26748,0.60603,0.62744,0.47139,0.93751,0.53975,0.81167,0.67134,0.85623,0.56681,0.62958,0.52814,0.46628,0.31617,0.03009,0.37059,0.86092,0.81288,0.67367,0.82047,0.35745,0.57287,0.56689
37.67,30.33,0.55264,0.1666,0.63339,0.6959,0.47447,0.47828,0.97808,0.82096,0.74369,0.52562,0.8592,0.69131,0.19898,0.64261,0.30387,0.49911,0.7212,0.21467,0.8582,1.03435,0.69733,0.9228,0.83544,0.40918,0.3791,0.1382,0.28778,0.70264,0.61877,0.52021,0.94334,0.61459,0.87468,0.69551,0.90216,0.6525,0.70566,0.57672,0.54693,0.42532,0.07495,0.39628,0.9085,0.87137,0.71972,0.8846,0.49959,0.63429,0.61524
37.67,29.67,0.60521,0.18729,0.65577,0.71065,0.44952,0.46017,0.96666,0.82359,0.73,0.51258,0.88877,0.67876,0.18638,0.65315,0.28862,0.49901,0.72856,0.23549,0.86599,1.04438,0.70532,0.90981,0.81498,0.37758,0.39553,0.14569,0.3069,0.67946,0.63542,0.52335,0.95541,0.59484,0.86816,0.73592,0.87688,0.64788,0.66762,0.61311,0.53936,0.38765,0.05429,0.39408,0.90756,0.84712,0.71058,0.8854,0.44758,0.60037,0.61247
38.33,31.0,0.46181,0.16815,0.63301,0.70288,0.51828,0.46826,0.98773,0.82765,0.71943,0.5508,0.81556,0.7499,0.27332,0.62072,0.29338,0.42369,0.65463,0.16111,0.83625,0.98488,0.66634,0.92926,0.872,0.52106,0.32829,0.15459,0.24568,0.70747,0.59737,0.49608,0.90261,0.62658,0.85004,0.57779,0.93997,0.57654,0.76658,0.40767,0.576,0.49013,0.19451,0.41278,0.87457,0.91502,0.72455,0.8353,0.56166,0.70926,0.61065
37.67,31.0,0.45466,0.16185,0.61939,0.68833,0.57355,0.53986,1.00438,0.83921,0.77552,0.59306,0.81468,0.73995,0.28525,0.64202,0.33133,0.5028,0.71693,0.21115,0.85953,0.9983,0.69747,0.95366,0.89858,0.52038,0.33974,0.15758,0.24426,0.77164,0.59961,0.5287,0.91836,0.66483,0.89422,0.62031,0.94858,0.64514,0.79002,0.45905,0.60875,0.53249,0.1944,0.42487,0.90948,0.9345,0.75012,0.88463,0.63001,0.73536,0.63768
38.0,31.33,0.45084,0.16572,0.6279,0.69816,0.56499,0.52142,1.00117,0.84244,0.75328,0.59204,0.81422,0.76985,0.30186,0.64317,0.33156,0.45822,0.67931,0.18244,0.85183,0.9848,0.68575,0.95217,0.91584,0.56303,0.32085,0.17138,0.21914,0.75108,0.58481,0.51619,0.90547,0.66338,0.87738,0.5865,0.9695,0.62385,0.79817,0.40933,0.61349,0.52763,0.21888,0.41583,0.89615,0.94168,0.75068,0.86504,0.63099,0.75156,0.63252
38.0,30.67,0.47846,0.16774,0.62521,0.69908,0.52267,0.50484,0.99594,0.83677,0.74756,0.56618,0.82064,0.76759,0.27499,0.63715,0.32551,0.46249,0.67863,0.16955,0.84498,1.00253,0.68213,0.94982,0.90142,0.53315,0.34661,0.16309,0.23045,0.73065,0.58511,0.509,0.91379,0.64638,0.87581,0.59889,0.96198,0.64445,0.78669,0.44239,0.59316,0.49166,0.16685,0.40214,0.89395,0.92152,0.73871,0.86353,0.59985,0.7246,0.62555
38.33,31.33,0.44235,0.1611,0.63593,0.69914,0.54318,0.46885,0.98532,0.82839,0.71783,0.562,0.81443,0.73433,0.27406,0.62392,0.28457,0.41052,0.65734,0.17628,0.84345,0.97012,0.66693,0.92227,0.8623,0.51992,0.30368,0.1486,0.25052,0.71403,0.60014,0.49849,0.89614,0.63228,0.84484,0.57815,0.93095,0.54095,0.75707,0.39429,0.57615,0.50788,0.22978,0.41907,0.87573,0.92368,0.72681,0.82904,0.55992,0.71024,0.60944
38.33,30.67,0.47415,0.17098,0.61836,0.69644,0.48556,0.43988,0.97814,0.82229,0.70352,0.52822,0.8169,0.73319,0.24589,0.60788,0.27006,0.40854,0.64865,0.15674,0.82843,0.99104,0.6572,0.91476,0.84273,0.48651,0.33467,0.14264,0.25172,0.68516,0.60072,0.48716,0.90731,0.60621,0.83957,0.58776,0.92075,0.5636,0.7382,0.42901,0.54557,0.45733,0.1598,0.40325,0.86775,0.89462,0.71029,0.82751,0.51656,0.67687,0.5975
37.67,31.33,0.42776,0.16103,0.60879,0.67546,0.60198,0.54672,1.00385,0.84411,0.77988,0.60933,0.80434,0.72843,0.29252,0.64225,0.32064,0.49383,0.72745,0.2312,0.8678,0.98414,0.69884,0.94894,0.88925,0.52151,0.31678,0.15172,0.23678,0.78549,0.59874,0.5361,0.91497,0.67778,0.89483,0.62247,0.94067,0.6165,0.78434,0.44653,0.61406,0.55319,0.22993,0.43423,0.91111,0.94057,0.75496,0.88117,0.64124,0.74285,0.63827
37.67,30.67,0.47648,0.15772,0.62169,0.6878,0.5509,0.52541,0.99681,0.83273,0.77097,0.57437,0.82393,0.71794,0.25557,0.64085,0.32379,0.5062,0.72121,0.21563,0.8605,1.00677,0.6973,0.94443,0.87676,0.48281,0.34849,0.14504,0.2619,0.75651,0.60552,0.52733,0.92455,0.65313,0.8908,0.64322,0.93084,0.64266,0.76572,0.49676,0.5887,0.50879,0.16212,0.41925,0.91095,0.91838,0.74202,0.88515,0.59436,0.70575,0.63118
38.33,32.0,0.38253,0.13899,0.64682,0.71129,0.67206,0.52224,0.98931,0.86423,0.7404,0.64442,0.81249,0.7376,0.32283,0.66254,0.30987,0.38982,0.68574,0.25996,0.89215,0.91561,0.68949,0.92304,0.88694,0.58627,0.23272,0.16519,0.2384,0.76361,0.59042,0.54244,0.88559,0.70218,0.8507,0.60062,0.94693,0.48759,0.75284,0.37097,0.60928,0.61203,0.38786,0.44764,0.89685,0.97157,0.7746,0.83392,0.62846,0.7626,0.6342
37.67,32.0,0.35329,0.1639,0.60757,0.67731,0.71492,0.58721,1.0064,0.87979,0.78558,0.68715,0.79008,0.7512,0.35029,0.66731,0.33127,0.43834,0.73385,0.30939,0.90543,0.92822,0.71092,0.94796,0.90663,0.60015,0.24493,0.17053,0.2106,0.82469,0.59153,0.57766,0.90277,0.74184,0.89195,0.62767,0.96086,0.54795,0.78077,0.39758,0.65299,0.65235,0.39801,0.4675,0.91739,0.97605,0.79835,0.87028,0.705,0.79809,0.65711
38.0,32.33,0.371,0.14957,0.63609,0.71328,0.71835,0.5674,0.99687,0.88008,0.76195,0.67994,0.81067,0.76347,0.35883,0.67994,0.34403,0.40777,0.70676,0.30502,0.90758,0.91038,0.70598,0.93811,0.91717,0.63229,0.23491,0.18483,0.21746,0.79357,0.59854,0.57657,0.89276,0.73681,0.86968,0.62457,0.97183,0.52908,0.76697,0.40172,0.64495,0.6562,0.42683,0.46517,0.90971,0.97963,0.7986,0.85901,0.68607,0.80033,0.65601
38.0,31.67,0.38105,0.14861,0.61852,0.68726,0.67025,0.54043,0.99611,0.8645,0.7568,0.65143,0.80642,0.74812,0.33787,0.66236,0.32595,0.40758,0.6913,0.25336,0.88848,0.92722,0.69605,0.9381,0.91396,0.60546,0.22666,0.17732,0.1975,0.78195,0.57907,0.54637,0.89052,0.71582,0.86946,0.59849,0.96856,0.52923,0.76966,0.37763,0.63427,0.60593,0.36217,0.44253,0.90808,0.97467,0.78079,0.86166,0.66684,0.77916,0.64087
38.33,32.33,0.38359,0.13898,0.67149,0.74397,0.70247,0.54552,0.991,0.87511,0.74482,0.66287,0.81678,0.75128,0.33425,0.67499,0.32264,0.40022,0.6994,0.29818,0.90414,0.90633,0.69736,0.92418,0.88026,0.5956,0.25934,0.16967,0.27139,0.77045,0.60882,0.56666,0.88962,0.71243,0.85014,0.62451,0.94076,0.49789,0.75266,0.39626,0.60948,0.6489,0.42997,0.46562,0.89813,0.97046,0.7843,0.82537,0.63567,0.77316,0.64619
38.33,31.67,0.39368,0.14418,0.64924,0.71038,0.64244,0.51104,0.98853,0.853,0.73457,0.62447,0.8108,0.73631,0.31019,0.65187,0.30139,0.39664,0.68005,0.239,0.87904,0.92989,0.68373,0.92417,0.87586,0.56487,0.2544,0.1581,0.25145,0.75211,0.59687,0.5313,0.88792,0.68331,0.84934,0.59303,0.93923,0.49723,0.75719,0.37321,0.6026,0.59007,0.35452,0.44438,0.89076,0.95937,0.76025,0.82832,0.6082,0.74853,0.62806
37.67,32.33,0.34606,0.1749,0.62652,0.70515,0.75316,0.62084,1.01221,0.8943,0.79847,0.71385,0.79001,0.77355,0.36659,0.68234,0.3499,0.45196,0.75373,0.36023,0.92212,0.92406,0.72346,0.95555,0.90859,0.6172,0.27519,0.17509,0.24164,0.83954,0.61582,0.60964,0.91276,0.75822,0.9007,0.65493,0.96041,0.56825,0.78793,0.42607,0.66533,0.70068,0.44807,0.49572,0.91725,0.97348,0.81194,0.86942,0.72524,0.81833,0.67451
37.67,31.67,0.36362,0.16399,0.60507,0.67555,0.69287,0.58542,1.00867,0.872,0.79148,0.673,0.7878,0.74508,0.33735,0.66051,0.32671,0.46239,0.74136,0.29357,0.89717,0.94369,0.70964,0.95172,0.89993,0.5765,0.26824,0.1627,0.22287,0.82359,0.59536,0.56963,0.90786,0.72767,0.8987,0.62714,0.95299,0.56866,0.78675,0.40961,0.64565,0.63603,0.35991,0.46442,0.917,0.96753,0.78738,0.87328,0.69571,0.78589,0.65458
38.33,33.0,0.36945,0.12611,0.69377,0.83365,0.81559,0.63457,1.0028,0.93519,0.78089,0.75784,0.84188,0.83824,0.41271,0.72626,0.38123,0.43099,0.73707,0.44787,0.9547,0.85772,0.72589,0.94271,0.88693,0.68915,0.35272,0.22225,0.33204,0.78521,0.63101,0.6597,0.90978,0.77995,0.86373,0.71988,0.93216,0.58144,0.78654,0.48545,0.62807,0.78155,0.58836,0.51482,0.90841,0.98188,0.85045,0.81794,0.71727,0.84535,0.6979
37.67,33.0,0.32867,0.16755,0.65068,0.80128,0.86078,0.70353,1.01999,0.94768,0.82858,0.80379,0.82344,0.87201,0.44257,0.73079,0.4146,0.46405,0.78164,0.50886,0.97503,0.87994,0.75267,0.97879,0.92104,0.71777,0.36657,0.21889,0.31345,0.83606,0.65128,0.69737,0.93595,0.81409,0.90942,0.74827,0.95515,0.64624,0.82375,0.51818,0.67985,0.82951,0.61359,0.55318,0.91986,0.97634,0.87327,0.86196,0.79,0.89007,0.72496
38.0,33.33,0.35326,0.14499,0.67381,0.84421,0.85533,0.68222,1.01574,0.95297,0.8165,0.79591,0.84867,0.88284,0.44957,0.74286,0.41916,0.45084,0.76292,0.5071,0.97431,0.85563,0.74251,0.96815,0.91213,0.73898,0.39042,0.24708,0.3227,0.79816,0.64941,0.69772,0.92699,0.81261,0.88812,0.75864,0.94616,0.64631,0.8236,0.53318,0.66397,0.82825,0.63037,0.53762,0.91464,0.98092,0.87869,0.84668,0.77288,0.89414,0.72458
38.0,32.67,0.37263,0.15642,0.70617,0.83903,0.84499,0.67282,1.00865,0.93066,0.7946,0.76593,0.83926,0.86225,0.43397,0.73746,0.42523,0.45661,0.76065,0.47512,0.96042,0.87231,0.73952,0.958,0.92823,0.72728,0.36666,0.21694,0.32773,0.81713,0.67864,0.68414,0.91764,0.78744,0.8832,0.72902,0.96825,0.62954,0.79893,0.53639,0.67542,0.81204,0.59888,0.54514,0.90994,0.96946,0.85461,0.84809,0.75576,0.88088,0.71792
38.33,33.33,0.34297,0.10712,0.63878,0.8035,0.79234,0.61415,1.00657,0.94765,0.79323,0.77202,0.83959,0.83132,0.40917,0.71523,0.34409,0.41116,0.72201,0.43946,0.95635,0.84426,0.71986,0.94395,0.85538,0.6703,0.34245,0.24359,0.30291,0.76202,0.57,0.64585,0.91295,0.79648,0.86362,0.7245,0.89986,0.56232,0.80186,0.43432,0.60041,0.75824,0.58318,0.48436,0.91393,0.99874,0.86356,0.80905,0.71502,0.83396,0.68633
38.33,32.67,0.36669,0.12343,0.67775,0.79869,0.77993,0.60313,0.99737,0.91929,0.7715,0.73436,0.83177,0.80706,0.38564,0.70896,0.35292,0.41473,0.72335,0.40116,0.94079,0.86808,0.71681,0.93533,0.87832,0.65485,0.31534,0.20437,0.31096,0.77968,0.61063,0.62806,0.90257,0.76041,0.85876,0.68988,0.92779,0.54484,0.77454,0.44295,0.61379,0.73794,0.54452,0.49373,0.90727,0.98357,0.83235,0.81401,0.69039,0.81927,0.67874
37.67,33.33,0.29497,0.14897,0.58493,0.76284,0.84177,0.69001,1.02373,0.95961,0.84624,0.8246,0.82273,0.87357,0.44185,0.7173,0.38063,0.44441,0.77252,0.50608,0.97922,0.86901,0.74988,0.98696,0.89496,0.70244,0.35358,0.23453,0.28316,0.81181,0.59093,0.68397,0.94285,0.82607,0.91372,0.75706,0.92607,0.6402,0.84492,0.47795,0.65233,0.80544,0.60593,0.52607,0.92602,0.99032,0.88523,0.86156,0.79401,0.884,0.71535
37.67,32.67,0.32189,0.17007,0.63321,0.76172,0.83176,0.68158,1.01836,0.93574,0.82451,0.78677,0.80819,0.8419,0.4201,0.71433,0.38794,0.45518,0.77486,0.46901,0.96197,0.89078,0.74455,0.97339,0.9127,0.684,0.33175,0.20437,0.28583,0.84297,0.62952,0.67241,0.93,0.80289,0.90922,0.7205,0.95349,0.61573,0.81528,0.47648,0.67386,0.79216,0.56973,0.53366,0.92086,0.97942,0.85889,0.86291,0.77688,0.86857,0.709
38.33,34.0,0.25403,0.1126,0.43307,0.71707,0.73535,0.57802,1.02299,1.0062,0.86182,0.85106,0.84746,0.85055,0.43447,0.70971,0.2708,0.33548,0.67604,0.46143,0.97424,0.78909,0.71092,0.96238,0.7716,0.66515,0.34572,0.34918,0.20275,0.66455,0.38899,0.62432,0.93301,0.88764,0.86998,0.77754,0.80058,0.54792,0.89358,0.37991,0.53011,0.69271,0.61369,0.39057,0.93423,1.04476,0.93335,0.79929,0.75049,0.83027,0.67118
37.67,34.0,0.22465,0.12608,0.37517,0.67513,0.75637,0.62068,1.02436,1.00226,0.88659,0.88503,0.8372,0.88921,0.4558,0.70608,0.29946,0.36192,0.71316,0.4999,0.98487,0.80899,0.73442,0.99944,0.80317,0.68247,0.34319,0.32874,0.19276,0.69176,0.39998,0.63821,0.95732,0.87627,0.90228,0.79963,0.81766,0.62366,0.9232,0.42419,0.55535,0.71506,0.61776,0.41751,0.93876,1.02054,0.93754,0.84416,0.80376,0.86247,0.68717
38.0,34.33,0.23023,0.15993,0.37355,0.69229,0.73584,0.59833,1.03524,1.022,0.90231,0.88677,0.85369,0.87848,0.45207,0.72247,0.28511,0.32997,0.69018,0.49222,0.99127,0.79001,0.72313,0.98941,0.77812,0.68352,0.36141,0.38375,0.17546,0.6537,0.36814,0.63212,0.95303,0.91593,0.89141,0.80731,0.79666,0.58471,0.93758,0.42164,0.54018,0.69757,0.62877,0.38269,0.94072,1.04674,0.95854,0.83139,0.7876,0.85592,0.68436
38.0,33.67,0.25775,0.11797,0.4515,0.73561,0.77618,0.62078,1.03515,1.00999,0.88564,0.86284,0.85451,0.88224,0.45041,0.72062,0.31332,0.36501,0.71309,0.49654,0.9911,0.80811,0.72458,0.98826,0.80957,0.69584,0.36556,0.36464,0.19183,0.68893,0.43542,0.64971,0.94723,0.89534,0.89401,0.79858,0.83632,0.60422,0.91326,0.39854,0.57238,0.7463,0.62686,0.41497,0.9367,1.03853,0.94085,0.84242,0.78401,0.87507,0.69434
38.33,34.33,0.24136,0.15917,0.39305,0.69025,0.70802,0.56279,1.0144,1.00662,0.85852,0.86227,0.84021,0.84238,0.43591,0.71358,0.25606,0.31317,0.6572,0.45591,0.96467,0.77665,0.71066,0.95274,0.75447,0.658,0.34017,0.33676,0.21594,0.64857,0.35945,0.6157,0.93262,0.89142,0.86102,0.77505,0.77612,0.52774,0.89495,0.43113,0.50831,0.65104,0.61913,0.38301,0.93131,1.04307,0.93526,0.77809,0.74562,0.80557,0.66323
38.33,33.67,0.28024,0.10659,0.49164,0.74328,0.75072,0.58449,1.01372,0.98872,0.83437,0.82981,0.84386,0.84373,0.42874,0.71103,0.2896,0.35686,0.68467,0.45487,0.96631,0.80118,0.71356,0.95325,0.79113,0.66458,0.34271,0.31359,0.24145,0.69207,0.43833,0.6304,0.92518,0.85599,0.86359,0.76232,0.8241,0.54766,0.86016,0.3997,0.54416,0.7092,0.61061,0.41976,0.92657,1.02894,0.91119,0.79426,0.73661,0.82506,0.67355
37.67,34.33,0.21772,0.16504,0.33154,0.64485,0.72372,0.60278,1.00974,0.9959,0.87626,0.89393,0.82846,0.8847,0.45903,0.70992,0.29066,0.34686,0.69443,0.49407,0.97368,0.80058,0.73729,0.99359,0.78548,0.66951,0.33588,0.31135,0.21233,0.67698,0.37326,0.62486,0.95785,0.86259,0.89144,0.79689,0.79272,0.61344,0.92246,0.47987,0.53318,0.67238,0.621,0.41062,0.93508,1.00879,0.9362,0.82938,0.80395,0.83868,0.67856
37.67,33.67,0.24016,0.13256,0.43028,0.69836,0.78436,0.64612,1.021,0.99035,0.87304,0.87383,0.83064,0.88912,0.45687,0.70913,0.32475,0.38823,0.73016,0.50963,0.98317,0.8258,0.74239,0.99683,0.83045,0.69038,0.34414,0.29429,0.22785,0.72868,0.45432,0.65481,0.95465,0.86,0.90531,0.79019,0.84708,0.63344,0.89872,0.44957,0.58187,0.74199,0.62213,0.45542,0.93516,1.00842,0.92378,0.84767,0.8054,0.86702,0.69645
38.33,35.0,0.23184,0.41036,0.23376,0.60537,0.62126,0.54699,0.99775,1.02247,0.88958,0.93317,0.82729,0.82782,0.47078,0.7767,0.23722,0.25546,0.61908,0.49222,0.95681,0.73572,0.72904,0.93958,0.71748,0.6647,0.38954,0.37285,0.24553,0.57695,0.24955,0.60493,0.95095,0.93446,0.84548,0.80528,0.67654,0.48933,0.91904,0.67701,0.4217,0.51976,0.65199,0.36334,0.93595,1.04454,0.97327,0.73618,0.75427,0.73226,0.65861
37.67,35.0,0.24017,0.3815,0.19554,0.58121,0.62274,0.56378,0.97818,1.00048,0.8815,0.94371,0.81651,0.85918,0.48345,0.77646,0.27826,0.29849,0.65207,0.51422,0.96143,0.76163,0.75303,0.97056,0.7333,0.65676,0.37792,0.34984,0.25865,0.61039,0.27841,0.60532,0.9687,0.88198,0.863,0.81931,0.68086,0.55458,0.9264,0.69878,0.43604,0.53977,0.66242,0.38728,0.93218,0.99931,0.9625,0.77564,0.79633,0.75242,0.66713
38.0,35.33,0.25563,0.48846,0.19788,0.59075,0.61584,0.57341,0.99813,1.0292,0.91632,0.96394,0.8308,0.84282,0.49375,0.81307,0.27207,0.27321,0.64424,0.52753,0.97483,0.74602,0.75476,0.96205,0.73493,0.6763,0.43177,0.39831,0.26365,0.58703,0.2485,0.61411,0.97631,0.9433,0.86815,0.83082,0.66615,0.51351,0.93112,0.75626,0.41464,0.52367,0.66567,0.37926,0.947,1.04109,0.99105,0.7609,0.78109,0.73366,0.67589
38.0,34.67,0.21228,0.41101,0.22837,0.60891,0.64305,0.57436,1.01539,1.0302,0.91829,0.94509,0.84243,0.86277,0.47214,0.77547,0.26616,0.26643,0.64682,0.50995,0.98143,0.75284,0.74176,0.97339,0.7422,0.67538,0.39477,0.38095,0.24296,0.59866,0.27037,0.61479,0.96758,0.94312,0.87432,0.82528,0.71133,0.53193,0.95353,0.6799,0.46442,0.5672,0.65968,0.36845,0.94334,1.04465,0.98584,0.78375,0.79583,0.77919,0.67662
38.33,35.33,0.27576,0.43,0.22068,0.59488,0.6056,0.54015,0.97708,1.01329,0.87433,0.9366,0.81336,0.80242,0.48893,0.7995,0.23308,0.27153,0.61574,0.50045,0.94122,0.73156,0.73176,0.92171,0.70905,0.65997,0.41442,0.38533,0.25083,0.56785,0.23346,0.60041,0.94978,0.92074,0.83295,0.8016,0.6356,0.47355,0.88578,0.6973,0.37466,0.48722,0.6447,0.37198,0.93361,1.03829,0.96537,0.71044,0.72904,0.69114,0.65176
38.33,34.67,0.23334,0.32015,0.2684,0.62177,0.63991,0.54157,0.99627,1.01484,0.87447,0.91065,0.82712,0.82676,0.46055,0.75272,0.23141,0.27085,0.62192,0.47628,0.95268,0.74316,0.72002,0.93696,0.71854,0.65798,0.36969,0.3591,0.23073,0.59072,0.27009,0.60297,0.94182,0.91574,0.8443,0.79312,0.6924,0.49428,0.90778,0.59212,0.43524,0.54519,0.6396,0.36449,0.9322,1.04273,0.95871,0.73736,0.7472,0.74432,0.65355
37.67,35.33,0.29135,0.38304,0.18686,0.574,0.60987,0.56041,0.95466,0.98918,0.86168,0.94535,0.79845,0.84051,0.49819,0.79699,0.28258,0.32762,0.6589,0.5264,0.95022,0.76393,0.76222,0.95789,0.72542,0.65182,0.39457,0.35792,0.2643,0.61289,0.2761,0.60692,0.97084,0.85662,0.85339,0.81928,0.63957,0.54654,0.89154,0.71101,0.38805,0.51321,0.66548,0.40689,0.9326,0.98492,0.95517,0.75693,0.77819,0.71409,0.66239
37.67,34.67,0.2313,0.29948,0.21778,0.58605,0.64379,0.56583,0.97902,0.9946,0.87149,0.92896,0.815,0.86533,0.47734,0.75087,0.27315,0.31328,0.66003,0.50452,0.95755,0.77038,0.74647,0.97406,0.74123,0.65499,0.3583,0.33153,0.24034,0.62442,0.29235,0.60393,0.96303,0.86376,0.86485,0.81116,0.69997,0.57546,0.9222,0.62628,0.45231,0.56417,0.64557,0.39142,0.9308,0.99428,0.95083,0.78654,0.79637,0.76982,0.66421
38.33,36.0,0.44562,0.57602,0.17153,0.57958,0.56932,0.58079,0.93259,1.01576,0.86905,0.98508,0.77142,0.7233,0.55709,0.9153,0.27839,0.36014,0.6688,0.59474,0.93544,0.73443,0.78546,0.8969,0.71309,0.66908,0.54846,0.47652,0.30904,0.55366,0.2097,0.62284,0.98908,0.92701,0.82864,0.82517,0.48685,0.43247,0.78556,0.82903,0.21432,0.41245,0.65281,0.44659,0.95979,1.0364,0.98138,0.65537,0.67174,0.55614,0.66125
37.67,36.0,0.46324,0.5055,0.16551,0.57601,0.59085,0.62002,0.91594,1.00315,0.86074,0.99099,0.75528,0.75897,0.55596,0.9027,0.32302,0.42551,0.72446,0.62171,0.95251,0.76726,0.81762,0.92955,0.72652,0.6681,0.50672,0.44883,0.29713,0.61348,0.27163,0.65047,1.00846,0.88241,0.85297,0.84317,0.48707,0.49324,0.7881,0.81751,0.23124,0.45572,0.69534,0.49769,0.97245,0.99707,0.97594,0.69636,0.72118,0.58157,0.67514
38.0,36.33,0.49554,0.59784,0.16622,0.5862,0.58421,0.63066,0.92802,1.03045,0.88508,1.01004,0.76674,0.72771,0.58179,0.94225,0.32501,0.41731,0.72311,0.63836,0.96007,0.75794,0.8253,0.92253,0.73556,0.68505,0.5832,0.49868,0.31292,0.59064,0.24134,0.64992,1.02232,0.93481,0.86232,0.85192,0.46925,0.45362,0.7716,0.85713,0.19566,0.44329,0.68217,0.49125,0.99076,1.03782,0.99911,0.67902,0.69689,0.55196,0.68314
38.0,35.67,0.46394,0.58696,0.168,0.58184,0.57812,0.60048,0.9396,1.0262,0.8941,1.00118,0.78608,0.75816,0.57553,0.92996,0.30826,0.37492,0.68465,0.60089,0.95497,0.74597,0.80201,0.92917,0.73189,0.6872,0.56871,0.48093,0.29765,0.58436,0.22622,0.62686,1.0073,0.92997,0.86392,0.84524,0.5184,0.46834,0.81146,0.84663,0.2376,0.44629,0.66592,0.44436,0.97505,1.03559,0.99222,0.69735,0.70888,0.58844,0.6787
38.33,36.33,0.42877,0.55777,0.17059,0.58044,0.57571,0.59704,0.92722,1.0138,0.85145,0.98276,0.75532,0.70174,0.53807,0.89869,0.28072,0.37609,0.69301,0.61509,0.93648,0.74423,0.79445,0.88914,0.70822,0.6556,0.52444,0.47081,0.33355,0.55173,0.22777,0.63968,0.99193,0.92548,0.81679,0.82149,0.45607,0.4183,0.76386,0.82055,0.20086,0.40941,0.6645,0.48097,0.96362,1.03426,0.98348,0.63921,0.66167,0.53785,0.65856
38.33,35.67,0.3884,0.53446,0.18092,0.58074,0.57499,0.56316,0.94186,1.01112,0.86167,0.96777,0.77807,0.74084,0.53115,0.87672,0.25856,0.3289,0.64831,0.5667,0.93048,0.72976,0.76736,0.89633,0.70413,0.66107,0.49635,0.44477,0.29448,0.55111,0.21457,0.61667,0.97225,0.92299,0.82065,0.81437,0.52081,0.43859,0.812,0.79665,0.25779,0.42302,0.65409,0.42591,0.94767,1.03369,0.97392,0.66237,0.68292,0.5874,0.65393
37.67,36.33,0.4435,0.47356,0.17223,0.58204,0.60931,0.65346,0.91108,1.00524,0.84507,0.98838,0.73527,0.74472,0.5349,0.87826,0.33193,0.45864,0.76062,0.64942,0.95833,0.78183,0.83292,0.92769,0.72546,0.65709,0.46689,0.4385,0.30367,0.62622,0.30437,0.67873,1.013,0.88268,0.84595,0.84295,0.45679,0.49211,0.76753,0.80245,0.22873,0.47216,0.72177,0.54744,0.98205,0.99461,0.9778,0.68482,0.72553,0.57349,0.6769
37.67,35.67,0.40987,0.46134,0.1672,0.57212,0.59289,0.59803,0.92027,0.99219,0.84832,0.97321,0.76073,0.78113,0.53217,0.86674,0.31175,0.39902,0.705,0.59476,0.94631,0.76791,0.80179,0.9341,0.71919,0.65607,0.45814,0.41469,0.2929,0.61151,0.27825,0.63801,0.99436,0.86322,0.84394,0.83362,0.52136,0.50832,0.81517,0.79081,0.27479,0.46574,0.69438,0.47635,0.95508,0.98257,0.9647,0.70845,0.73543,0.61529,0.66769
38.33,37.0,0.39763,0.52502,0.17966,0.5958,0.61169,0.7138,0.91313,1.03849,0.84054,1.00206,0.69805,0.63635,0.49664,0.86422,0.35232,0.48683,0.82997,0.73311,0.96799,0.79455,0.87024,0.90067,0.7224,0.62302,0.44164,0.47632,0.38712,0.58059,0.32062,0.72842,1.03721,0.95644,0.81736,0.83992,0.34712,0.40138,0.65658,0.81886,0.13748,0.43305,0.7288,0.64024,1.01156,1.04271,1.02065,0.61565,0.64365,0.46864,0.67388
37.67,37.0,0.39381,0.45448,0.19812,0.61494,0.66029,0.78555,0.90613,1.04002,0.83916,1.00533,0.67783,0.67715,0.49295,0.83862,0.39797,0.57189,0.88882,0.7699,0.98671,0.82414,0.90365,0.93241,0.74387,0.63941,0.38178,0.45762,0.33155,0.65138,0.39441,0.78263,1.04989,0.94447,0.84539,0.85982,0.34977,0.4736,0.66301,0.79506,0.18722,0.52648,0.79661,0.71326,1.03357,1.02131,1.01839,0.65511,0.71369,0.51214,0.69586
38.0,37.33,0.37617,0.49768,0.18677,0.61903,0.6487,0.77835,0.91316,1.05669,0.85246,1.01735,0.68674,0.64115,0.4863,0.83936,0.39955,0.55582,0.89207,0.77719,0.99101,0.82521,0.9091,0.93091,0.74632,0.63381,0.39225,0.47622,0.34931,0.62834,0.37857,0.7751,1.06084,0.97111,0.8464,0.86638,0.33977,0.43648,0.61814,0.80938,0.14805,0.4975,0.78219,0.70488,1.04552,1.04606,1.04163,0.64373,0.68996,0.48161,0.69355
38.0,36.67,0.42449,0.55674,0.18093,0.61095,0.63702,0.74216,0.91914,1.05258,0.86024,1.01893,0.7106,0.66509,0.52823,0.87584,0.37346,0.51871,0.85222,0.7423,0.98807,0.81216,0.88825,0.92692,0.7469,0.65413,0.48642,0.49596,0.34621,0.61963,0.34205,0.74127,1.05672,0.96286,0.85102,0.86459,0.37123,0.4332,0.68511,0.83555,0.16002,0.48711,0.76302,0.64784,1.03686,1.04602,1.03251,0.64671,0.70653,0.50966,0.69613
38.33,37.33,0.36868,0.46625,0.18416,0.58556,0.60396,0.72181,0.90282,1.03098,0.83242,0.99334,0.67825,0.62031,0.46219,0.84054,0.36358,0.49796,0.83958,0.74458,0.95788,0.79058,0.87406,0.89724,0.71211,0.59632,0.35729,0.44896,0.38931,0.57579,0.33223,0.73974,1.02952,0.95028,0.80431,0.83091,0.32734,0.40638,0.60332,0.79468,0.12153,0.41498,0.71905,0.66338,1.00149,1.03664,1.01923,0.61077,0.60542,0.43513,0.66214
38.33,36.67,0.41148,0.53217,0.17583,0.58649,0.59442,0.677,0.91279,1.02485,0.83809,0.99361,0.70836,0.64895,0.50704,0.87845,0.32852,0.4536,0.78622,0.70093,0.95392,0.77605,0.84593,0.89032,0.71353,0.62821,0.4631,0.47478,0.37847,0.56439,0.28943,0.70148,1.01979,0.94398,0.80901,0.83014,0.36741,0.40282,0.6813,0.82087,0.14759,0.41504,0.70266,0.59613,0.99066,1.03745,1.00581,0.6157,0.63548,0.47711,0.66536
37.67,37.33,0.35764,0.38599,0.20765,0.61885,0.66215,0.80646,0.89596,1.03306,0.82912,0.99497,0.65527,0.67001,0.46079,0.81343,0.41769,0.59699,0.9007,0.78718,0.97877,0.82495,0.91138,0.93195,0.7405,0.62556,0.29128,0.43595,0.32851,0.65517,0.41862,0.80437,1.04111,0.94179,0.83521,0.8542,0.32923,0.48944,0.61488,0.76509,0.18889,0.53407,0.80264,0.74955,1.02646,1.01188,1.01422,0.65552,0.69141,0.49025,0.6891
37.67,36.67,0.41258,0.44786,0.19263,0.60276,0.64618,0.75368,0.90218,1.02575,0.83575,0.99848,0.68678,0.69505,0.50231,0.85038,0.37987,0.54734,0.85564,0.74088,0.97658,0.81152,0.88437,0.92781,0.73567,0.64138,0.39476,0.44951,0.32394,0.64526,0.3737,0.75747,1.03696,0.91999,0.84057,0.85284,0.36857,0.48191,0.68804,0.79424,0.1941,0.50773,0.77731,0.67646,1.01549,1.0082,1.00347,0.66061,0.71187,0.52231,0.68872
38.33,38.0,0.26202,0.26323,0.18198,0.56862,0.59821,0.80311,0.87725,1.03416,0.83659,0.98942,0.61153,0.58547,0.35176,0.74802,0.43927,0.60116,0.92972,0.83057,0.9486,0.80326,0.92566,0.91376,0.70021,0.53754,0.0774,0.38654,0.34202,0.6037,0.4003,0.82362,1.03148,0.96696,0.80977,0.83542,0.26623,0.45575,0.41176,0.70992,0.07557,0.41458,0.73824,0.79399,1.01206,1.02562,1.04002,0.62154,0.53272,0.34907,0.6472
37.67,38.0,0.23764,0.19696,0.21185,0.62135,0.66065,0.87425,0.87233,1.03659,0.83311,0.98679,0.59721,0.63341,0.35531,0.73791,0.48923,0.69309,0.96895,0.86617,0.9704,0.83552,0.95961,0.94184,0.73377,0.58911,0.03444,0.3934,0.30878,0.67024,0.48578,0.88452,1.03537,0.97088,0.83451,0.85447,0.26972,0.52969,0.42848,0.68158,0.15002,0.55009,0.82073,0.87205,1.02894,1.00771,1.03031,0.66266,0.6115,0.40281,0.67545
38.0,38.33,0.20491,0.17492,0.18207,0.59776,0.63801,0.85866,0.88225,1.04881,0.85057,0.9992,0.60382,0.59721,0.31052,0.71383,0.47781,0.67705,0.98176,0.87198,0.97315,0.83235,0.96162,0.93968,0.71682,0.55984,-0.00643,0.37332,0.30614,0.65618,0.46827,0.8775,1.04378,0.98747,0.83772,0.85856,0.26338,0.49408,0.35629,0.67575,0.09751,0.49374,0.79438,0.86573,1.03702,1.02698,1.0534,0.65373,0.57351,0.36365,0.66263
38.0,37.67,0.23362,0.25767,0.19134,0.6154,0.64688,0.84233,0.89147,1.05295,0.85006,1.00345,0.62276,0.58939,0.34077,0.73334,0.46804,0.64665,0.96292,0.84909,0.9761,0.83442,0.94933,0.94048,0.7281,0.5706,0.0556,0.39622,0.32125,0.64652,0.44917,0.85161,1.0477,0.98401,0.8341,0.86398,0.2755,0.4754,0.38195,0.70955,0.10725,0.48963,0.78888,0.82961,1.04147,1.03564,1.05371,0.65242,0.59874,0.38074,0.66808
38.33,38.33,0.27808,0.235,0.17103,0.53703,0.57744,0.8011,0.86552,1.02365,0.83111,0.98144,0.59869,0.6062,0.35926,0.75331,0.43191,0.60151,0.92768,0.83694,0.93931,0.79109,0.92385,0.90379,0.68524,0.53358,0.09376,0.3809,0.33462,0.59873,0.38851,0.82811,1.02526,0.96184,0.80773,0.82365,0.26571,0.46598,0.45288,0.69717,0.06914,0.40166,0.72835,0.79779,0.99976,1.01524,1.03015,0.61066,0.51127,0.34999,0.64235
38.33,37.67,0.30101,0.32425,0.18424,0.56862,0.59573,0.77964,0.88075,1.02983,0.83048,0.98802,0.62616,0.59564,0.38882,0.78105,0.41676,0.56785,0.9039,0.80824,0.94888,0.79627,0.90993,0.90424,0.7007,0.55086,0.16727,0.40647,0.36733,0.58924,0.3767,0.79789,1.02975,0.96059,0.80268,0.82906,0.27801,0.43898,0.47958,0.7352,0.08623,0.40747,0.72776,0.75813,1.00491,1.02644,1.03085,0.61128,0.54051,0.36906,0.65007
37.67,38.33,0.24732,0.1618,0.21015,0.6079,0.65552,0.88398,0.86036,1.02774,0.8294,0.97803,0.58747,0.6633,0.36594,0.74911,0.49095,0.71423,0.97026,0.87679,0.96997,0.83092,0.96428,0.9359,0.72838,0.59496,0.04991,0.39401,0.30494,0.67493,0.4968,0.89939,1.02892,0.96717,0.83788,0.84661,0.27142,0.55343,0.47222,0.66547,0.15879,0.56785,0.83042,0.88961,1.02101,0.9972,1.01969,0.66154,0.60163,0.41142,0.67764
37.67,37.67,0.27913,0.24699,0.21619,0.62073,0.66282,0.8648,0.87529,1.03307,0.82758,0.98506,0.60736,0.64887,0.39177,0.76248,0.47296,0.67248,0.9523,0.84917,0.97201,0.83217,0.94821,0.93705,0.73667,0.60078,0.11158,0.40708,0.31831,0.66717,0.47291,0.86934,1.03552,0.96287,0.83269,0.85098,0.28162,0.52362,0.49591,0.70419,0.16771,0.55488,0.8205,0.84848,1.02752,1.00655,1.02205,0.65822,0.63181,0.42964,0.68119
38.33,39.0,0.26988,0.07241,0.11967,0.45063,0.54936,0.84841,0.83815,1.01338,0.8421,0.98157,0.56548,0.67643,0.3527,0.71557,0.44645,0.69667,0.97258,0.90115,0.93822,0.78379,0.95768,0.89116,0.66167,0.55292,0.12134,0.37279,0.27552,0.62818,0.41882,0.89701,1.02394,0.98136,0.83658,0.81389,0.28135,0.5365,0.53398,0.62782,0.05107,0.42346,0.75153,0.87261,0.99441,0.99027,1.01256,0.60824,0.48482,0.3651,0.64586
37.67,39.0,0.23392,0.0157,0.14997,0.52997,0.63108,0.91845,0.8356,1.02107,0.84664,0.98021,0.56453,0.72208,0.3599,0.73394,0.48627,0.79586,1.00611,0.93334,0.97457,0.8254,0.99443,0.92072,0.70903,0.59858,0.08419,0.38619,0.25736,0.69777,0.52309,0.95437,1.02707,0.99032,0.8657,0.83399,0.28844,0.61565,0.54809,0.60457,0.13448,0.58293,0.84993,0.95224,1.01341,0.98004,1.00533,0.65781,0.5611,0.41378,0.67948
38.0,39.33,0.21926,-0.02295,0.09634,0.47165,0.59688,0.90353,0.84479,1.02937,0.85866,0.99287,0.56794,0.70283,0.32955,0.69502,0.44942,0.76994,1.01393,0.93693,0.97187,0.81349,0.99034,0.91233,0.6807,0.57222,0.08806,0.3556,0.23637,0.68412,0.49799,0.94702,1.03528,1.00433,0.86259,0.83263,0.28997,0.58609,0.53224,0.5904,0.07967,0.51275,0.82137,0.93924,1.01841,0.99122,1.01607,0.64139,0.52816,0.38977,0.66412
38.0,38.67,0.20302,0.00595,0.13326,0.50938,0.61157,0.89606,0.86111,1.04157,0.85613,0.99423,0.57425,0.67882,0.30586,0.71343,0.46745,0.7484,1.01666,0.92392,0.98243,0.8201,0.98618,0.92462,0.68217,0.56839,0.03987,0.34436,0.27404,0.68192,0.50429,0.93582,1.04153,1.00131,0.86483,0.84004,0.27468,0.54985,0.47025,0.60988,0.08794,0.51747,0.82055,0.93027,1.02878,1.00369,1.03362,0.64609,0.53979,0.3851,0.66523
38.33,39.33,0.30735,0.09983,0.10608,0.41889,0.52585,0.84055,0.81636,0.99251,0.83656,0.97697,0.5613,0.6865,0.39345,0.69715,0.44075,0.69904,0.95257,0.9003,0.91062,0.77199,0.95204,0.87379,0.66483,0.5591,0.18397,0.40494,0.2556,0.6109,0.38476,0.88994,1.01227,0.97479,0.82146,0.80365,0.296,0.56321,0.59036,0.62993,0.03948,0.39548,0.73127,0.85863,0.97555,0.97442,0.9906,0.5974,0.46866,0.36693,0.64176
38.33,38.67,0.2825,0.1319,0.13776,0.46812,0.54634,0.82895,0.83708,1.00811,0.83443,0.9778,0.5697,0.65557,0.36477,0.72747,0.44564,0.66491,0.95317,0.88055,0.92774,0.78,0.94447,0.88962,0.66767,0.5434,0.11723,0.38225,0.29055,0.61012,0.3963,0.87207,1.01877,0.96944,0.82241,0.81105,0.27514,0.51913,0.51616,0.65024,0.05116,0.40457,0.73324,0.84506,0.9875,0.99287,1.01434,0.60324,0.47913,0.35421,0.64133
37.67,39.33,0.26096,0.03437,0.13058,0.51325,0.62491,0.91778,0.81667,1.0042,0.84392,0.97514,0.56167,0.73579,0.4023,0.72339,0.47843,0.80987,0.98767,0.9344,0.95371,0.82149,0.99315,0.90829,0.72152,0.60338,0.13569,0.41898,0.2264,0.69324,0.50494,0.95241,1.01634,0.98434,0.85489,0.82556,0.30557,0.65544,0.60465,0.60301,0.1364,0.58139,0.84549,0.94424,0.99622,0.96545,0.98338,0.65541,0.5529,0.41604,0.67948
37.67,38.67,0.24468,0.06301,0.1753,0.55396,0.6364,0.91069,0.8348,1.01663,0.8382,0.97376,0.56535,0.71051,0.37379,0.74111,0.4978,0.77948,0.9906,0.91864,0.96575,0.82594,0.98635,0.92218,0.71878,0.60149,0.07595,0.39896,0.26949,0.68774,0.5141,0.94039,1.02282,0.97947,0.85421,0.835,0.28322,0.61011,0.5345,0.62121,0.14618,0.58437,0.84376,0.93632,1.00929,0.97733,1.00424,0.65983,0.56903,0.41298,0.67949
38.33,40.0,0.35593,0.10014,-0.00395,0.31063,0.49562,0.85756,0.76444,0.95205,0.85685,0.98936,0.55456,0.71579,0.48744,0.58858,0.38178,0.76634,0.92588,0.93895,0.87107,0.77127,0.97011,0.84008,0.69289,0.56832,0.33651,0.47809,0.15091,0.61549,0.35641,0.91649,1.0003,0.99482,0.80041,0.79203,0.35639,0.69167,0.72052,0.59257,0.01977,0.35683,0.71913,0.87007,0.9459,0.9346,0.91809,0.57956,0.4561,0.38211,0.64034
37.67,40.0,0.2965,0.02978,-0.01331,0.39807,0.57867,0.9213,0.77183,0.9678,0.86859,0.98729,0.55471,0.74738,0.48765,0.61645,0.37911,0.84041,0.94994,0.96152,0.90963,0.81372,1.00054,0.87223,0.74362,0.58539,0.27295,0.47779,0.09482,0.68001,0.4568,0.96055,1.00054,0.99678,0.83014,0.8035,0.36444,0.77081,0.72896,0.56598,0.09689,0.51358,0.81677,0.93302,0.96175,0.93396,0.91752,0.62543,0.51971,0.40726,0.66664
38.0,40.33,0.29964,0.02486,-0.08761,0.32096,0.53077,0.89626,0.77012,0.96647,0.88236,0.99978,0.55912,0.72255,0.47621,0.5425,0.30749,0.80286,0.94343,0.96365,0.90008,0.79986,0.9954,0.85848,0.72179,0.55196,0.29005,0.45221,0.06389,0.6581,0.41469,0.95186,1.0079,1.01241,0.81485,0.80173,0.36557,0.76832,0.72444,0.5473,0.0379,0.4133,0.77574,0.91329,0.96127,0.93989,0.91464,0.59596,0.49155,0.38614,0.64692
38.0,39.67,0.28908,0.00216,-0.04071,0.36317,0.54807,0.89816,0.78525,0.97966,0.86983,0.99304,0.56214,0.73021,0.44508,0.5898,0.35948,0.79715,0.96388,0.9523,0.90769,0.79545,0.99144,0.87216,0.71089,0.56486,0.24731,0.42986,0.08577,0.66941,0.43353,0.94682,1.01069,1.00574,0.82155,0.8108,0.34394,0.7195,0.69758,0.55533,0.04644,0.44737,0.79427,0.91776,0.97134,0.9472,0.93891,0.61781,0.49495,0.38791,0.6515
38.33,40.33,0.3785,0.15292,0.00505,0.28594,0.4821,0.84672,0.75312,0.93794,0.86079,0.99323,0.54953,0.70731,0.51294,0.57565,0.37271,0.7678,0.90846,0.94469,0.86661,0.77414,0.96984,0.82705,0.69511,0.56604,0.37758,0.50921,0.18981,0.60012,0.33642,0.91567,0.999,0.99701,0.79742,0.78409,0.3703,0.70523,0.72288,0.60616,0.02385,0.32665,0.69061,0.8613,0.93629,0.92758,0.8984,0.55454,0.45438,0.38424,0.63964
38.33,39.67,0.35623,0.11528,0.03882,0.33589,0.49678,0.84663,0.77433,0.95687,0.84785,0.98353,0.5532,0.71036,0.46956,0.62576,0.41025,0.74623,0.92783,0.92774,0.8761,0.7664,0.96247,0.84313,0.68123,0.57172,0.31167,0.47056,0.19565,0.60577,0.35284,0.90657,1.00108,0.98551,0.80656,0.79218,0.34173,0.65067,0.69268,0.61,0.02631,0.35877,0.7107,0.86087,0.94833,0.94195,0.93505,0.57929,0.45435,0.38001,0.64049
37.67,40.33,0.30036,0.05884,-0.01961,0.38717,0.57382,0.923,0.76554,0.95786,0.87602,0.9927,0.54929,0.73864,0.50897,0.60415,0.35928,0.84591,0.93319,0.96933,0.91257,0.82226,1.00374,0.86465,0.75309,0.58136,0.29697,0.50111,0.1131,0.67156,0.45161,0.96664,0.99895,0.99663,0.83378,0.79483,0.37777,0.79536,0.73273,0.57169,0.1075,0.50437,0.80261,0.93071,0.95539,0.93158,0.90168,0.60748,0.52169,0.41003,0.66746
37.67,39.67,0.29631,0.04213,0.04115,0.43655,0.59484,0.92268,0.77921,0.97347,0.86066,0.98216,0.55424,0.75055,0.47282,0.6593,0.42085,0.84083,0.95699,0.9565,0.92104,0.81727,0.99941,0.88013,0.74042,0.59809,0.24714,0.47555,0.14347,0.68457,0.47078,0.96125,1.0026,0.99207,0.84007,0.80815,0.34993,0.74302,0.70281,0.58161,0.11835,0.54413,0.82437,0.93816,0.96696,0.93991,0.93189,0.63448,0.53039,0.4153,0.67385
38.33,41.0,0.37596,0.2028,-0.08774,0.15704,0.45885,0.85188,0.72609,0.91885,0.92436,1.02833,0.54066,0.66986,0.54707,0.46376,0.20271,0.76092,0.86861,0.99098,0.89124,0.81752,0.99289,0.80596,0.72246,0.51701,0.43071,0.5499,0.19859,0.57918,0.31216,0.9514,1.01092,1.03173,0.81235,0.75945,0.42941,0.80816,0.70105,0.58529,0.06906,0.27075,0.64313,0.88203,0.92999,0.92248,0.83935,0.4744,0.48741,0.41307,0.63417
37.67,41.0,0.27821,0.08627,-0.13935,0.24239,0.5256,0.92068,0.74633,0.94526,0.94509,1.03314,0.53579,0.69351,0.53267,0.47057,0.16808,0.81386,0.89329,1.01296,0.93851,0.85382,1.02168,0.83514,0.77498,0.51591,0.34167,0.52227,0.10321,0.62708,0.4098,0.99834,1.01272,1.03091,0.84759,0.76489,0.4273,0.88428,0.71235,0.54327,0.12137,0.40084,0.73388,0.93828,0.95441,0.93521,0.85615,0.51242,0.53276,0.42903,0.65176
38.0,41.33,0.29117,0.0971,-0.19604,0.15081,0.47764,0.88731,0.73777,0.93881,0.96271,1.04633,0.53942,0.66716,0.51334,0.40417,0.08681,0.7657,0.88199,1.01724,0.93601,0.85122,1.01708,0.82154,0.75382,0.47489,0.35215,0.50233,0.10055,0.59961,0.35828,0.99189,1.02199,1.04988,0.83657,0.75957,0.43672,0.87893,0.68459,0.53105,0.09378,0.31343,0.68438,0.92187,0.95405,0.94537,0.84695,0.46854,0.52,0.42323,0.63333
38.0,40.67,0.28497,0.09585,-0.18493,0.20471,0.48927,0.89269,0.7535,0.94872,0.94319,1.03535,0.54642,0.67114,0.5059,0.41788,0.13028,0.79164,0.90181,1.0068,0.9327,0.84048,1.01359,0.8317,0.74194,0.4922,0.3366,0.4875,0.09591,0.62055,0.37737,0.98451,1.0201,1.04275,0.83005,0.77305,0.41248,0.86747,0.69784,0.53217,0.04832,0.32174,0.71227,0.9205,0.9582,0.94493,0.86633,0.50121,0.51203,0.38969,0.63628
38.33,41.33,0.41266,0.22283,-0.03836,0.12072,0.45477,0.84226,0.70597,0.90397,0.92461,1.02528,0.53636,0.67737,0.56602,0.49529,0.22234,0.73603,0.84772,0.98709,0.87502,0.81541,0.98829,0.79585,0.72914,0.52812,0.4669,0.58248,0.22823,0.5598,0.29091,0.94477,1.00586,1.02899,0.8126,0.74713,0.45457,0.78521,0.69916,0.60412,0.12432,0.28311,0.61721,0.87623,0.91653,0.91154,0.81747,0.46145,0.49208,0.45311,0.63622
38.33,40.67,0.39583,0.20751,-0.0361,0.18867,0.46326,0.84619,0.72664,0.91668,0.90091,1.01593,0.5417,0.68476,0.5524,0.50598,0.27594,0.76629,0.87381,0.97523,0.87454,0.80166,0.98307,0.8066,0.7159,0.54161,0.44244,0.55666,0.21485,0.5778,0.31094,0.93684,1.00442,1.01876,0.80461,0.76325,0.41988,0.77007,0.71779,0.602,0.06146,0.28384,0.64593,0.87026,0.92391,0.91567,0.84793,0.49634,0.47386,0.41193,0.63743
37.67,41.33,0.2929,0.08408,-0.11047,0.21693,0.52894,0.92116,0.72988,0.93546,0.95367,1.03788,0.52803,0.70709,0.54494,0.49695,0.18103,0.79595,0.87783,1.01405,0.93131,0.85525,1.02206,0.8276,0.7912,0.52007,0.361,0.54452,0.11113,0.61073,0.39956,0.99783,1.01028,1.0298,0.8551,0.75235,0.44726,0.87227,0.71456,0.55162,0.17768,0.42045,0.71735,0.9408,0.94839,0.92883,0.84549,0.5,0.53531,0.47171,0.65475
37.67,40.67,0.29356,0.08774,-0.08697,0.28736,0.54568,0.9241,0.74707,0.94426,0.92252,1.02036,0.53847,0.71239,0.53957,0.52156,0.24207,0.83032,0.89981,0.99939,0.92544,0.84565,1.01635,0.84185,0.77499,0.54512,0.34648,0.53315,0.11355,0.63899,0.42295,0.98757,1.00481,1.01828,0.84326,0.76967,0.41989,0.85912,0.72808,0.55828,0.12895,0.44409,0.75284,0.93676,0.94874,0.9274,0.86397,0.54155,0.52942,0.43076,0.65973
38.33,42.0,0.47226,0.16886,-0.03084,-0.01618,0.45334,0.84771,0.64408,0.86886,0.96823,1.02929,0.51819,0.70941,0.59739,0.52221,0.14269,0.65329,0.78866,1.00576,0.8617,0.83075,1.00171,0.77565,0.77241,0.56133,0.53417,0.63478,0.23118,0.51676,0.25336,0.96533,0.99833,1.03875,0.84423,0.70733,0.5445,0.78226,0.69852,0.61306,0.33875,0.34849,0.56949,0.89044,0.8994,0.901,0.75788,0.39861,0.52145,0.58483,0.63999
37.67,42.0,0.37064,0.0702,-0.10129,0.06755,0.50622,0.91249,0.66913,0.90313,1.00145,1.0528,0.49923,0.75488,0.58033,0.52359,0.12004,0.70117,0.8232,1.03476,0.91617,0.86384,1.03101,0.79803,0.83073,0.53482,0.44579,0.59636,0.11966,0.54913,0.32642,1.00791,1.00752,1.04729,0.88269,0.71483,0.52798,0.85672,0.7122,0.56917,0.36494,0.43463,0.64205,0.94322,0.93646,0.92335,0.80471,0.41942,0.54238,0.6039,0.65506
38.0,42.33,0.4174,0.06684,-0.10363,0.002,0.48249,0.88852,0.65027,0.88517,1.00345,1.04753,0.50793,0.7484,0.57992,0.5133,0.10365,0.66489,0.80505,1.03079,0.89744,0.85696,1.02531,0.78886,0.81778,0.54758,0.49452,0.598,0.15446,0.53028,0.29002,1.00054,1.00454,1.0523,0.87544,0.7101,0.56322,0.83457,0.70918,0.56933,0.39954,0.41211,0.60721,0.92488,0.92428,0.92705,0.77684,0.39907,0.54071,0.61653,0.6488
38.0,41.67,0.35874,0.05234,-0.15204,0.01173,0.46135,0.87934,0.67259,0.89769,0.99004,1.05316,0.51296,0.71395,0.54208,0.47122,0.07193,0.66946,0.82225,1.02487,0.90479,0.85584,1.01937,0.79154,0.79438,0.48157,0.42691,0.55941,0.10156,0.54039,0.29453,0.99329,1.01404,1.05422,0.85743,0.71641,0.52318,0.83859,0.67311,0.55371,0.31578,0.37449,0.61314,0.92119,0.93728,0.93373,0.78711,0.40667,0.53474,0.57522,0.63432
38.33,42.33,0.54059,0.21749,0.03215,-0.00194,0.47485,0.85154,0.6278,0.85394,0.96696,1.01452,0.51887,0.72889,0.64386,0.56048,0.18189,0.66617,0.77011,1.00539,0.84853,0.82583,1.00228,0.77429,0.78148,0.64955,0.60721,0.68341,0.31273,0.5147,0.25779,0.96668,0.9857,1.0291,0.85484,0.70426,0.56429,0.77104,0.74399,0.6423,0.38394,0.36766,0.56971,0.88418,0.87892,0.88414,0.74926,0.3997,0.5174,0.59438,0.65423
38.33,41.67,0.4777,0.21816,-0.01183,0.02005,0.4521,0.83993,0.65678,0.87245,0.95189,1.02568,0.52173,0.6996,0.60425,0.52362,0.1748,0.67695,0.7983,0.99822,0.85937,0.82323,0.99526,0.77852,0.75733,0.56516,0.53733,0.63905,0.25708,0.52607,0.25871,0.95527,0.99862,1.03294,0.83229,0.71672,0.51928,0.77747,0.70305,0.62418,0.27844,0.32096,0.57571,0.88073,0.89652,0.89529,0.76858,0.41276,0.50985,0.54605,0.64046
37.67,42.33,0.43562,0.13233,-0.03918,0.09676,0.5335,0.92537,0.65547,0.89762,1.00661,1.04343,0.4925,0.79152,0.63153,0.57078,0.17105,0.72084,0.8129,1.04085,0.91204,0.8612,1.03669,0.79751,0.84888,0.61305,0.5164,0.64472,0.18817,0.54813,0.33175,1.01439,0.9974,1.04061,0.89925,0.71523,0.54605,0.86174,0.75817,0.60055,0.40588,0.45915,0.6468,0.94829,0.92612,0.91158,0.80992,0.42124,0.54144,0.61831,0.67375
37.67,41.67,0.35506,0.08983,-0.09099,0.11715,0.51869,0.9176,0.68445,0.91106,0.98794,1.04795,0.5052,0.74313,0.58272,0.52204,0.14194,0.7335,0.83517,1.03041,0.91922,0.86152,1.02929,0.8057,0.82263,0.54171,0.43097,0.59444,0.13026,0.56755,0.35189,1.00595,1.00631,1.03898,0.87732,0.72387,0.50448,0.86402,0.71888,0.57151,0.31581,0.43257,0.66375,0.94374,0.93764,0.91922,0.8148,0.44048,0.54011,0.5684,0.65783
38.33,43.0,0.71236,0.29815,0.1246,0.0447,0.56149,0.87455,0.56768,0.80798,0.9897,0.96449,0.49847,0.82328,0.77151,0.65085,0.26512,0.71561,0.69124,1.01515,0.81643,0.83032,1.02616,0.7766,0.85032,0.89026,0.78728,0.76209,0.44478,0.50235,0.28,0.98637,0.94223,1.01419,0.91151,0.69967,0.67044,0.74134,0.88319,0.66923,0.56748,0.48787,0.58381,0.87598,0.81896,0.8641,0.72477,0.4027,0.55259,0.65164,0.69566
37.67,43.0,0.6671,0.30295,0.08645,0.1265,0.6098,0.94263,0.5935,0.85028,1.01918,0.99615,0.46276,0.90383,0.79392,0.68299,0.28896,0.76089,0.73703,1.05395,0.87138,0.8547,1.05766,0.79509,0.90453,0.86634,0.75775,0.75897,0.36531,0.52286,0.32028,1.02846,0.95482,1.02816,0.94367,0.71972,0.65988,0.83188,0.89116,0.66029,0.56943,0.54603,0.63859,0.9458,0.86238,0.88521,0.78822,0.41302,0.56398,0.66878,0.71986
38.0,43.33,0.71332,0.30873,0.10553,0.10076,0.61164,0.91201,0.56837,0.82258,1.01227,0.9719,0.48138,0.89678,0.80984,0.68249,0.30911,0.75654,0.69761,1.03691,0.83643,0.84825,1.05078,0.79356,0.89828,0.91877,0.80734,0.75668,0.42086,0.50932,0.30604,1.012,0.93911,1.02515,0.94513,0.71615,0.69672,0.78477,0.92324,0.65386,0.60986,0.55696,0.61698,0.90957,0.82792,0.88342,0.7502,0.41911,0.57703,0.67071,0.71796
38.0,42.67,0.63601,0.21268,0.08124,0.09487,0.59541,0.93209,0.60137,0.85189,1.03053,1.00607,0.50473,0.86609,0.74192,0.65128,0.27748,0.74461,0.75365,1.04877,0.87732,0.85828,1.04817,0.80038,0.89469,0.85064,0.7486,0.72258,0.3947,0.52731,0.33012,1.02859,0.96032,1.03977,0.93642,0.71861,0.6737,0.82876,0.88907,0.61806,0.58476,0.53601,0.63533,0.93435,0.87228,0.90046,0.77508,0.42355,0.56322,0.665,0.71389
38.33,43.33,0.75187,0.37042,0.1207,0.02203,0.54363,0.8308,0.53836,0.77652,0.96036,0.93146,0.47296,0.81447,0.80034,0.65188,0.25065,0.7009,0.62876,0.99131,0.76848,0.81509,1.01891,0.75986,0.83141,0.89206,0.7869,0.7703,0.41325,0.47742,0.23954,0.95385,0.92728,0.99805,0.90356,0.68784,0.6717,0.67562,0.87123,0.69924,0.55175,0.47569,0.54911,0.83433,0.77616,0.84677,0.69048,0.38874,0.56143,0.65095,0.68009
38.33,42.67,0.67546,0.2906,0.10355,0.01354,0.52853,0.85787,0.57769,0.81439,0.9771,0.9738,0.50045,0.7868,0.73896,0.62358,0.23035,0.68988,0.70293,1.00838,0.81578,0.82479,1.0161,0.76998,0.82299,0.82272,0.73975,0.74904,0.40858,0.49714,0.26352,0.97445,0.95293,1.01462,0.89141,0.69578,0.64192,0.73601,0.83568,0.67111,0.51582,0.44408,0.56845,0.87211,0.8273,0.86138,0.72248,0.3942,0.54125,0.64046,0.6797
37.67,43.33,0.71517,0.39559,0.07661,0.10981,0.60133,0.9138,0.56881,0.82462,0.98973,0.96628,0.42742,0.91255,0.8429,0.69219,0.28113,0.75375,0.684,1.03708,0.82959,0.84298,1.05483,0.78142,0.88908,0.87725,0.77346,0.7791,0.33787,0.50131,0.28478,1.00413,0.94103,1.0136,0.93581,0.71641,0.66258,0.77909,0.88005,0.69452,0.55046,0.53713,0.61092,0.92127,0.82405,0.86804,0.76346,0.3975,0.56937,0.66668,0.71001
37.67,42.67,0.60447,0.26573,0.05135,0.10984,0.58358,0.93455,0.60656,0.86084,1.01478,1.00755,0.46326,0.87103,0.75103,0.65214,0.2443,0.7431,0.7525,1.05001,0.88092,0.85527,1.05158,0.79144,0.8875,0.7892,0.68454,0.73172,0.30342,0.52447,0.31667,1.02201,0.96658,1.03011,0.93168,0.71469,0.62662,0.83433,0.84621,0.64971,0.52214,0.51809,0.63437,0.9457,0.87734,0.88888,0.7931,0.40834,0.5571,0.66123,0.70441
38.33,44.0,0.82789,0.57446,0.13634,0.0121,0.54804,0.74727,0.45702,0.68938,0.89354,0.83493,0.38696,0.84176,0.92753,0.67182,0.27098,0.69734,0.44541,0.93209,0.65195,0.79278,1.01637,0.72865,0.8293,0.91544,0.81545,0.76693,0.30803,0.40005,0.14719,0.88369,0.86989,0.95161,0.8977,0.67828,0.71552,0.50191,0.8549,0.72813,0.57835,0.54409,0.48435,0.75666,0.64032,0.81719,0.60215,0.38248,0.65026,0.67845,0.65589
37.67,44.0,0.81426,0.61402,0.0985,0.08578,0.61204,0.83024,0.48823,0.732,0.91825,0.86419,0.34056,0.91444,0.99194,0.71412,0.31501,0.75171,0.49971,0.97132,0.69748,0.8146,1.04224,0.75099,0.86962,0.93513,0.84657,0.80078,0.29658,0.41829,0.19356,0.93032,0.88113,0.95538,0.90319,0.70894,0.71945,0.58845,0.86009,0.74006,0.58426,0.59232,0.53423,0.83759,0.67249,0.82339,0.66223,0.39073,0.64948,0.69833,0.68655
38.0,43.67,0.84097,0.60211,0.08633,0.03882,0.58043,0.78097,0.4673,0.71585,0.91536,0.85901,0.38016,0.91922,0.97008,0.7,0.29347,0.72324,0.47964,0.95961,0.67144,0.80352,1.03489,0.74774,0.85336,0.93729,0.8402,0.79211,0.31972,0.42032,0.16342,0.90763,0.8797,0.96869,0.92362,0.69181,0.70477,0.57948,0.89838,0.75701,0.5827,0.55829,0.50753,0.79043,0.67057,0.83254,0.63342,0.38009,0.63057,0.67668,0.67647
38.33,44.33,0.78065,0.53727,0.19572,0.04143,0.55846,0.76915,0.47036,0.69086,0.89732,0.83058,0.38409,0.80246,0.91449,0.66393,0.28747,0.70547,0.44895,0.92729,0.67412,0.80134,1.01388,0.72995,0.84196,0.90703,0.8138,0.74788,0.30521,0.39026,0.16711,0.8926,0.86726,0.94375,0.88649,0.68574,0.74076,0.47795,0.82507,0.67514,0.60649,0.58225,0.50179,0.78182,0.63288,0.81675,0.60889,0.41381,0.68533,0.69989,0.65882
38.33,43.67,0.80985,0.50989,0.14429,0.01541,0.54681,0.77073,0.47999,0.71081,0.91104,0.85684,0.40991,0.8226,0.88819,0.66471,0.26299,0.69849,0.49432,0.94688,0.68343,0.79771,1.01518,0.73459,0.82826,0.91932,0.81216,0.76943,0.34623,0.41974,0.17694,0.90302,0.88335,0.95884,0.8944,0.67894,0.70881,0.54254,0.85555,0.71682,0.57921,0.52607,0.50361,0.77603,0.67275,0.81937,0.62345,0.38298,0.6251,0.67267,0.66188
37.67,44.33,0.75552,0.56903,0.16058,0.13506,0.64056,0.87025,0.50976,0.74336,0.92791,0.864,0.33348,0.87141,0.98548,0.71838,0.35351,0.77595,0.51357,0.96878,0.72656,0.82716,1.04127,0.75478,0.88686,0.93291,0.85241,0.78893,0.31116,0.40893,0.2296,0.94518,0.87913,0.94166,0.88095,0.72137,0.75098,0.57826,0.82385,0.69338,0.62384,0.64565,0.55919,0.87215,0.66544,0.81851,0.67522,0.42431,0.68832,0.73321,0.69537
37.67,43.67,0.79209,0.55572,0.10152,0.10065,0.6138,0.86402,0.51386,0.75842,0.93902,0.89205,0.35741,0.91457,0.95446,0.71251,0.30915,0.75677,0.55375,0.99284,0.74093,0.82351,1.04691,0.75829,0.87655,0.92898,0.83605,0.80124,0.31284,0.44137,0.22297,0.9568,0.89657,0.96814,0.91024,0.71244,0.70828,0.64368,0.86209,0.72732,0.58113,0.58168,0.5616,0.86855,0.7141,0.83176,0.69558,0.39099,0.62698,0.69215,0.69588
39.33,27.0,0.29379,0.286,0.3285,0.53952,0.36962,0.26514,0.85219,0.79944,0.38735,0.15201,0.50272,0.2387,0.00574,0.21693,0.04133,0.30355,0.40107,0.36708,0.80498,0.93623,0.67063,0.42806,0.2678,0.0437,0.47611,-0.00094,0.18914,0.50798,0.92057,0.64037,0.87366,0.41275,0.57413,0.58772,0.32973,0.1557,0.09488,0.41208,0.3226,0.31091,0.14366,0.5066,0.86016,0.44877,0.4412,0.58864,0.10884,0.17542,0.40797
38.67,27.0,0.3922,0.32076,0.41412,0.59902,0.419,0.31349,0.88553,0.83847,0.46955,0.21258,0.61126,0.29261,0.03356,0.27272,0.09483,0.34089,0.50819,0.40707,0.84873,0.97466,0.71948,0.53149,0.3781,0.0694,0.49714,0.02825,0.22363,0.55242,0.9465,0.66857,0.9145,0.48735,0.64325,0.65818,0.41379,0.23041,0.18491,0.45303,0.40531,0.36756,0.1764,0.52842,0.8982,0.53065,0.49851,0.65309,0.15289,0.23704,0.46454
39.0,27.33,0.3042,0.26753,0.32877,0.53941,0.37227,0.24454,0.84918,0.81886,0.38835,0.17745,0.54873,0.25967,0.01222,0.21754,0.01754,0.27706,0.44822,0.35975,0.81184,0.96049,0.6829,0.47686,0.32378,0.04219,0.46987,-0.0167,0.15785,0.50617,0.9252,0.62399,0.89989,0.43214,0.60065,0.57753,0.36881,0.17434,0.11424,0.39297,0.30347,0.27932,0.10302,0.4804,0.88302,0.45995,0.45929,0.59592,0.09412,0.20605,0.41293
39.33,27.33,0.29458,0.26346,0.31455,0.53474,0.35474,0.2599,0.84772,0.79264,0.38339,0.14981,0.51808,0.25808,0.00891,0.19861,0.01823,0.28565,0.38216,0.34478,0.7953,0.93521,0.65991,0.44054,0.28309,0.05719,0.45548,-0.01653,0.18593,0.47532,0.91373,0.62228,0.86524,0.40707,0.5639,0.58357,0.33684,0.153,0.10263,0.39586,0.30751,0.28647,0.12588,0.49291,0.84516,0.44909,0.45242,0.57654,0.08516,0.187,0.4007
38.67,27.33,0.4177,0.29953,0.41933,0.60107,0.40783,0.31305,0.89048,0.8417,0.48732,0.22477,0.64795,0.32358,0.04945,0.27055,0.08013,0.33583,0.50546,0.38834,0.84955,0.98136,0.71856,0.55998,0.41001,0.091,0.48424,0.01765,0.23149,0.52967,0.93634,0.65304,0.91504,0.48935,0.64989,0.67121,0.43707,0.23646,0.20227,0.45206,0.40592,0.34572,0.1576,0.51611,0.89227,0.54893,0.51714,0.65595,0.14342,0.26303,0.46805
39.33,28.0,0.30715,0.16904,0.25852,0.52359,0.28011,0.20098,0.81814,0.79033,0.35283,0.17866,0.61699,0.36502,0.03054,0.15565,-0.09269,0.18598,0.35953,0.23258,0.74903,0.95128,0.62195,0.53172,0.39381,0.10995,0.38472,-0.06001,0.13321,0.36793,0.87542,0.51757,0.86107,0.37161,0.54847,0.54934,0.43106,0.18135,0.16678,0.30705,0.22637,0.15413,0.00014,0.40771,0.80456,0.46532,0.49903,0.54733,-0.00551,0.26608,0.3769
38.67,28.0,0.42802,0.1934,0.36614,0.57204,0.32239,0.24573,0.8663,0.83563,0.45892,0.25488,0.73151,0.42458,0.08826,0.2377,-0.03446,0.24419,0.46756,0.26862,0.80485,0.99595,0.67298,0.63337,0.49674,0.14472,0.42063,-0.02659,0.18924,0.42733,0.87577,0.54188,0.90776,0.44123,0.63633,0.63632,0.5159,0.25012,0.23948,0.38102,0.31376,0.19282,0.01874,0.42049,0.85514,0.56278,0.5524,0.63255,0.06303,0.33563,0.43966
39.0,28.33,0.37108,0.16411,0.2929,0.54135,0.27872,0.19472,0.83584,0.81873,0.39973,0.23212,0.69719,0.4236,0.07259,0.18272,-0.09784,0.17668,0.40954,0.21718,0.76613,0.98118,0.63828,0.60515,0.47115,0.13519,0.39883,-0.04333,0.14387,0.38024,0.86794,0.50217,0.88661,0.38857,0.5944,0.58434,0.50466,0.22155,0.21422,0.31268,0.24647,0.13804,-0.03324,0.38927,0.82921,0.52507,0.53022,0.59278,0.00875,0.31811,0.40228
39.0,27.67,0.35578,0.17715,0.28639,0.52545,0.30877,0.20876,0.84005,0.82061,0.4001,0.21616,0.66597,0.37474,0.05827,0.17134,-0.0768,0.19884,0.41706,0.26134,0.78475,0.9816,0.65708,0.57174,0.43236,0.11393,0.4119,-0.05831,0.14144,0.40448,0.89457,0.53876,0.89152,0.41063,0.59682,0.58132,0.46178,0.19705,0.17152,0.3287,0.25642,0.16955,-0.00273,0.41147,0.84923,0.50013,0.5191,0.58825,0.02599,0.28478,0.40262
39.33,28.33,0.30247,0.17124,0.26835,0.54325,0.25784,0.19366,0.80804,0.78355,0.33618,0.17809,0.61673,0.38939,0.02723,0.17372,-0.09603,0.17719,0.35257,0.20282,0.72627,0.94006,0.6005,0.5396,0.40842,0.11902,0.37411,-0.03945,0.1334,0.35555,0.8517,0.49119,0.85234,0.34671,0.53708,0.54249,0.44889,0.20363,0.20299,0.2992,0.22036,0.14083,-0.00971,0.39958,0.77958,0.4733,0.49545,0.54515,-0.01621,0.2842,0.37359
39.33,27.67,0.2905,0.19016,0.26765,0.52299,0.29689,0.21189,0.8219,0.78561,0.34714,0.16096,0.57563,0.32892,0.01755,0.16499,-0.0649,0.21141,0.35835,0.25849,0.75553,0.9412,0.62587,0.49685,0.35391,0.09243,0.39809,-0.05128,0.14164,0.39115,0.87902,0.54113,0.85951,0.37316,0.54522,0.548,0.39219,0.16821,0.1449,0.33101,0.23767,0.18124,0.03246,0.42917,0.80955,0.44866,0.4816,0.54498,0.01025,0.24011,0.37687
38.67,28.33,0.43974,0.19939,0.39399,0.59745,0.30726,0.24496,0.86804,0.83213,0.4604,0.26834,0.74221,0.45684,0.09611,0.27558,-0.02706,0.2485,0.47463,0.24412,0.79205,0.99074,0.66014,0.6524,0.51937,0.15762,0.41777,0.0011,0.20349,0.42871,0.84524,0.52172,0.90557,0.42679,0.63983,0.64258,0.54411,0.28229,0.28135,0.39141,0.31865,0.18516,0.01175,0.4124,0.84029,0.58239,0.55611,0.64596,0.06648,0.36041,0.44597
38.67,27.67,0.42623,0.22246,0.38698,0.58334,0.34511,0.26244,0.87396,0.83722,0.46607,0.2456,0.70947,0.39574,0.07657,0.25321,-0.00133,0.27284,0.48374,0.29913,0.81561,0.99165,0.68575,0.61498,0.47629,0.1317,0.43608,-0.01404,0.20253,0.45461,0.88644,0.56958,0.9115,0.45442,0.64137,0.64538,0.49377,0.24839,0.23437,0.40757,0.33865,0.23006,0.05484,0.44531,0.86545,0.5575,0.54345,0.63821,0.08398,0.31941,0.44799
39.33,29.0,0.33279,0.17175,0.31161,0.60613,0.17167,0.12356,0.78664,0.78573,0.31332,0.22526,0.67085,0.51453,0.05931,0.25067,-0.12011,0.11178,0.35525,0.07185,0.65443,0.92489,0.53456,0.62004,0.50548,0.17758,0.35087,0.04272,0.12802,0.33216,0.74898,0.37537,0.84661,0.27136,0.53412,0.51575,0.57523,0.2936,0.35563,0.26007,0.19426,0.08317,-0.09273,0.33226,0.71681,0.54942,0.50038,0.56748,-0.02516,0.38582,0.37504
38.67,29.0,0.43725,0.19644,0.41549,0.64245,0.22168,0.18107,0.84961,0.81695,0.42928,0.30193,0.75705,0.57035,0.11465,0.34597,-0.05044,0.184,0.45187,0.11065,0.71898,0.96907,0.58434,0.70879,0.58571,0.20678,0.39167,0.08036,0.19264,0.40485,0.7278,0.41188,0.8893,0.34783,0.62906,0.60201,0.65179,0.35952,0.41272,0.35171,0.27378,0.12501,-0.06505,0.34727,0.77438,0.63884,0.55422,0.65576,0.05368,0.43818,0.43748
39.0,29.33,0.39761,0.19546,0.37292,0.63113,0.17869,0.12332,0.82638,0.80447,0.37972,0.27418,0.72131,0.5677,0.10128,0.30584,-0.09794,0.12429,0.39759,0.06041,0.67683,0.94914,0.54602,0.68193,0.55939,0.20007,0.37893,0.08658,0.1607,0.36931,0.71525,0.37473,0.87161,0.29541,0.58872,0.55275,0.64098,0.32702,0.40711,0.28809,0.22135,0.09441,-0.09687,0.33129,0.74046,0.62142,0.52683,0.62059,0.0112,0.42897,0.40697
39.0,28.67,0.38295,0.18327,0.35452,0.61179,0.19103,0.13841,0.82402,0.80548,0.37549,0.26249,0.71607,0.53525,0.09148,0.2745,-0.11138,0.1325,0.39609,0.09054,0.69142,0.9553,0.56585,0.66445,0.5398,0.16878,0.38616,0.05804,0.15893,0.36216,0.75041,0.40288,0.87345,0.30591,0.58295,0.5698,0.60697,0.30671,0.35933,0.29378,0.22271,0.08576,-0.09081,0.34056,0.76101,0.59261,0.52494,0.6121,-0.00751,0.40394,0.40214
39.33,29.33,0.33701,0.17019,0.3094,0.61027,0.17018,0.11544,0.7796,0.78451,0.31092,0.22683,0.67199,0.52262,0.06302,0.26052,-0.1051,0.10564,0.35184,0.06515,0.64569,0.91541,0.52336,0.62022,0.50665,0.20487,0.33413,0.04435,0.12079,0.33417,0.73849,0.3582,0.84213,0.2721,0.53382,0.49183,0.58568,0.2982,0.37556,0.25526,0.19194,0.09775,-0.09102,0.32475,0.69868,0.55647,0.4971,0.56402,-0.00268,0.39476,0.37464
39.33,28.67,0.31663,0.16318,0.28931,0.58549,0.19356,0.14625,0.78607,0.78101,0.3106,0.20808,0.65342,0.47925,0.04432,0.22475,-0.11647,0.12798,0.34851,0.1063,0.66889,0.92487,0.54899,0.5944,0.47546,0.16372,0.34572,0.01108,0.12293,0.33063,0.777,0.40226,0.84333,0.29096,0.5283,0.5143,0.53937,0.26822,0.31308,0.26561,0.19618,0.09627,-0.07142,0.34718,0.72667,0.52085,0.49795,0.55129,-0.02615,0.35635,0.37026
38.67,29.33,0.45064,0.19938,0.42507,0.64824,0.23359,0.18989,0.85473,0.81524,0.44523,0.3117,0.76072,0.58662,0.11881,0.36871,-0.02128,0.19457,0.46232,0.10964,0.72236,0.96855,0.58056,0.71942,0.59868,0.23969,0.38185,0.08522,0.19307,0.42089,0.71016,0.4056,0.89093,0.36468,0.64119,0.58841,0.67529,0.37359,0.44121,0.35894,0.28446,0.15034,-0.05525,0.34601,0.76897,0.65665,0.56126,0.66504,0.09087,0.45234,0.44656
38.67,28.67,0.4434,0.19002,0.41414,0.63072,0.24737,0.20634,0.85356,0.82154,0.44266,0.29704,0.76188,0.54528,0.1121,0.33334,-0.03937,0.20861,0.46336,0.14984,0.7421,0.97554,0.60649,0.70031,0.5757,0.20028,0.3926,0.05334,0.19784,0.41178,0.75976,0.44055,0.89476,0.37738,0.63521,0.61413,0.6291,0.34514,0.38169,0.36858,0.29083,0.14236,-0.0437,0.36221,0.79107,0.62668,0.55898,0.65514,0.06306,0.42317,0.44279
39.33,30.0,0.40243,0.18507,0.383,0.6503,0.19102,0.08234,0.80538,0.79262,0.37537,0.2773,0.72062,0.59267,0.11907,0.34124,-0.03207,0.09549,0.37652,0.02554,0.64616,0.90918,0.4967,0.68073,0.56533,0.31143,0.30476,0.08329,0.14722,0.37837,0.67188,0.30291,0.84739,0.30615,0.5809,0.44326,0.68285,0.31178,0.48984,0.24883,0.22621,0.1727,-0.05842,0.31299,0.6745,0.65777,0.5196,0.60034,0.09722,0.46166,0.40536
38.67,30.0,0.47654,0.21157,0.46511,0.67254,0.25917,0.17136,0.87656,0.80606,0.48635,0.34386,0.76896,0.64711,0.15451,0.42362,0.04313,0.18639,0.4684,0.06396,0.71466,0.95809,0.54749,0.76001,0.64522,0.35147,0.34548,0.11603,0.19339,0.46373,0.64651,0.36454,0.8868,0.39696,0.67375,0.51494,0.76175,0.38289,0.54754,0.3262,0.30508,0.23248,-0.01536,0.34731,0.74187,0.73657,0.57621,0.68225,0.1928,0.50649,0.46726
39.0,30.33,0.46395,0.21744,0.45702,0.67444,0.24359,0.12466,0.86628,0.79568,0.45605,0.31987,0.75665,0.63404,0.15593,0.39816,0.01357,0.1482,0.43224,0.04281,0.69463,0.94125,0.52299,0.7378,0.61424,0.35007,0.33094,0.11402,0.19519,0.43713,0.65438,0.34125,0.87419,0.36888,0.64731,0.47693,0.74158,0.32814,0.53484,0.28232,0.27945,0.23127,-0.00738,0.35184,0.71203,0.7298,0.55515,0.65461,0.16133,0.49376,0.44897
39.0,29.67,0.46032,0.22269,0.4161,0.66222,0.2178,0.11316,0.85347,0.8039,0.43288,0.30444,0.74445,0.62169,0.14177,0.36846,-0.01965,0.13436,0.4184,0.04291,0.6863,0.94406,0.52244,0.71962,0.59867,0.32197,0.34712,0.11464,0.16844,0.41582,0.66252,0.33922,0.87689,0.34504,0.63216,0.49148,0.71777,0.33525,0.50257,0.27697,0.24547,0.1877,-0.05159,0.33918,0.71182,0.70183,0.54471,0.6461,0.12139,0.47558,0.43501
39.33,30.33,0.38666,0.16423,0.41158,0.65859,0.19961,0.08575,0.80343,0.78662,0.37808,0.28427,0.72909,0.59096,0.1209,0.36067,-0.01108,0.09859,0.37976,0.02115,0.64163,0.89978,0.49444,0.68629,0.57401,0.31214,0.2851,0.07167,0.1685,0.38181,0.67255,0.29559,0.83712,0.31077,0.579,0.43607,0.68975,0.30433,0.50859,0.25577,0.25211,0.18813,-0.02901,0.31139,0.67218,0.66804,0.52356,0.5981,0.10841,0.46907,0.40866
39.33,29.67,0.37349,0.17306,0.3563,0.64071,0.17747,0.08734,0.78766,0.79006,0.3445,0.2617,0.70507,0.5745,0.10002,0.31913,-0.05344,0.09124,0.36648,0.02917,0.63447,0.90597,0.49839,0.66052,0.55119,0.28339,0.3052,0.07094,0.13347,0.35954,0.68778,0.30767,0.84042,0.28493,0.55973,0.44943,0.65587,0.31518,0.46443,0.24543,0.21405,0.14356,-0.07374,0.30728,0.67355,0.62357,0.51045,0.58461,0.06562,0.44558,0.39235
38.67,30.33,0.46259,0.1955,0.49755,0.67893,0.28393,0.19871,0.8844,0.79934,0.50228,0.36039,0.77485,0.65419,0.16314,0.44911,0.07308,0.20601,0.48271,0.06765,0.72216,0.95508,0.55582,0.77541,0.66318,0.36466,0.33181,0.11044,0.21394,0.48186,0.64712,0.37381,0.88041,0.41665,0.68428,0.51154,0.77841,0.38939,0.57429,0.33653,0.34519,0.26383,0.02206,0.35619,0.74902,0.75192,0.5884,0.68918,0.2268,0.5253,0.47956
38.67,29.67,0.46759,0.20341,0.45702,0.66931,0.25133,0.1815,0.86815,0.80958,0.47574,0.34228,0.76962,0.63661,0.14497,0.41955,0.0328,0.19085,0.47179,0.07254,0.71499,0.96074,0.55628,0.75451,0.64066,0.32421,0.35288,0.1103,0.19327,0.45511,0.65882,0.37058,0.88648,0.38718,0.66651,0.53789,0.74625,0.3935,0.52953,0.34084,0.30528,0.208,-0.02975,0.34046,0.74837,0.71694,0.57464,0.6815,0.16977,0.49864,0.46373
39.33,31.0,0.38953,0.13364,0.58598,0.70984,0.29964,0.14911,0.86118,0.77058,0.47814,0.36029,0.78449,0.61635,0.16059,0.47432,0.08451,0.15364,0.4436,0.03061,0.68709,0.8953,0.51702,0.75557,0.64198,0.34519,0.24804,0.06947,0.2921,0.45633,0.64786,0.32064,0.82476,0.39241,0.63437,0.44834,0.76121,0.27085,0.6066,0.28415,0.3818,0.30557,0.13622,0.35446,0.71414,0.77606,0.57617,0.62761,0.20324,0.52812,0.46226
38.67,31.0,0.4265,0.15888,0.63597,0.71646,0.38335,0.26383,0.92083,0.77607,0.56107,0.42213,0.80454,0.66878,0.20264,0.53028,0.14702,0.2472,0.5262,0.08016,0.7552,0.93551,0.57398,0.8253,0.71339,0.40751,0.28027,0.1021,0.31014,0.54277,0.64153,0.40262,0.85901,0.48316,0.71863,0.49534,0.82787,0.34559,0.65533,0.33292,0.4611,0.38561,0.185,0.40207,0.77543,0.83128,0.63047,0.70036,0.31984,0.58357,0.51989
39.0,31.33,0.41447,0.1498,0.66254,0.72814,0.37752,0.23482,0.91246,0.76277,0.54105,0.40864,0.80724,0.64582,0.18801,0.52674,0.12489,0.2233,0.51131,0.07186,0.74845,0.92266,0.56245,0.80916,0.68418,0.38112,0.26718,0.0846,0.34824,0.52321,0.65513,0.38925,0.84708,0.46485,0.69582,0.48288,0.80344,0.28537,0.64283,0.31463,0.44925,0.38552,0.21199,0.40868,0.76138,0.82793,0.61727,0.67354,0.27852,0.56582,0.508
39.0,30.67,0.42398,0.16936,0.61867,0.7134,0.33121,0.19993,0.9022,0.76023,0.51018,0.3747,0.79522,0.64637,0.18395,0.49181,0.09619,0.20298,0.48692,0.05694,0.72603,0.9287,0.547,0.79354,0.66176,0.37207,0.28069,0.09338,0.31761,0.4934,0.66037,0.37802,0.8532,0.43572,0.68377,0.47446,0.79003,0.29372,0.61671,0.31758,0.41831,0.34581,0.1577,0.40159,0.74278,0.79579,0.59705,0.66555,0.24784,0.5447,0.49165
39.33,31.33,0.38818,0.11798,0.59179,0.71693,0.32031,0.15884,0.85904,0.78559,0.4971,0.3833,0.78952,0.60976,0.15445,0.48958,0.101,0.15226,0.44801,0.035,0.69377,0.88722,0.51826,0.7542,0.65595,0.34666,0.23901,0.06356,0.29064,0.46961,0.62984,0.30912,0.81705,0.40032,0.63267,0.45338,0.76454,0.27159,0.62061,0.26827,0.37862,0.31077,0.1507,0.33934,0.72153,0.79641,0.58554,0.62695,0.21146,0.53686,0.46548
39.33,30.67,0.38377,0.13479,0.52636,0.69242,0.26412,0.1189,0.83632,0.78023,0.44496,0.33932,0.76711,0.60727,0.14755,0.43929,0.05834,0.12608,0.4169,0.02212,0.66665,0.89011,0.50383,0.73045,0.62227,0.33715,0.25032,0.0676,0.24649,0.42969,0.64841,0.29999,0.82355,0.36332,0.61201,0.43621,0.74024,0.28078,0.58058,0.26929,0.33746,0.2665,0.08045,0.33032,0.69502,0.7447,0.55749,0.61491,0.1749,0.51113,0.44203
38.67,31.33,0.41873,0.14412,0.63874,0.71857,0.4183,0.28942,0.92241,0.7911,0.583,0.451,0.80636,0.6675,0.20371,0.54884,0.16678,0.25618,0.54006,0.09437,0.7694,0.9272,0.58518,0.83003,0.73336,0.42069,0.26918,0.09788,0.30259,0.56631,0.62807,0.40415,0.85456,0.5036,0.72472,0.50414,0.83427,0.35295,0.66892,0.32141,0.4668,0.40466,0.20723,0.39327,0.78721,0.85212,0.64429,0.70686,0.3464,0.60291,0.52853
38.67,30.67,0.43689,0.16638,0.59252,0.70339,0.35762,0.24631,0.91017,0.78588,0.55085,0.41084,0.79565,0.6686,0.19232,0.51125,0.1345,0.23649,0.51359,0.07382,0.74383,0.94044,0.56811,0.81377,0.70612,0.40313,0.29119,0.10536,0.27507,0.5314,0.6341,0.39007,0.86377,0.4694,0.71131,0.49813,0.82124,0.36763,0.64034,0.33358,0.42783,0.35378,0.1353,0.3811,0.76932,0.8159,0.62241,0.69987,0.30506,0.57307,0.50997
39.33,32.0,0.40471,0.07834,0.69484,0.75958,0.4773,0.27626,0.90374,0.82859,0.60988,0.49901,0.81952,0.61427,0.17634,0.57366,0.16975,0.21509,0.52888,0.10191,0.78466,0.87107,0.57166,0.7948,0.71262,0.38522,0.23217,0.07085,0.34204,0.57078,0.57679,0.35702,0.81714,0.50559,0.68208,0.5096,0.79446,0.27128,0.67275,0.24645,0.41126,0.4257,0.28558,0.3515,0.79396,0.90741,0.65717,0.64982,0.31035,0.588,0.51836
38.67,32.0,0.40872,0.0945,0.71428,0.75908,0.56623,0.38154,0.94147,0.8334,0.66087,0.55424,0.82755,0.66367,0.21738,0.61973,0.21927,0.29174,0.60474,0.16772,0.84446,0.89449,0.62891,0.84985,0.77456,0.45694,0.24864,0.09225,0.34166,0.64729,0.59926,0.43961,0.84654,0.58559,0.75212,0.54888,0.8477,0.33583,0.70017,0.29241,0.48294,0.51157,0.34219,0.40066,0.83657,0.93461,0.701,0.71501,0.42146,0.6534,0.56776
39.0,32.33,0.41152,0.07397,0.73273,0.77025,0.56146,0.36208,0.9348,0.83683,0.65196,0.54991,0.83001,0.64033,0.19373,0.61759,0.19587,0.27601,0.59544,0.15765,0.84486,0.88334,0.62178,0.83438,0.74613,0.42404,0.24193,0.07975,0.36816,0.63453,0.58424,0.42368,0.83778,0.57285,0.7337,0.54536,0.82204,0.2912,0.68452,0.2645,0.44732,0.50265,0.34976,0.38806,0.8341,0.94067,0.69277,0.68713,0.38443,0.62661,0.55593
39.0,31.67,0.40914,0.09346,0.72041,0.75777,0.52114,0.33626,0.92963,0.81485,0.63521,0.51684,0.82627,0.63973,0.18354,0.60012,0.18604,0.26435,0.58183,0.13628,0.82465,0.89853,0.60957,0.83121,0.74155,0.41408,0.25241,0.06376,0.36829,0.61196,0.6125,0.40652,0.83852,0.54424,0.72719,0.52803,0.81957,0.28915,0.6858,0.27359,0.45579,0.47205,0.31383,0.39468,0.81473,0.91458,0.67355,0.68846,0.35958,0.61936,0.54585
39.33,32.33,0.4066,0.06687,0.69461,0.76679,0.48053,0.27534,0.9014,0.84168,0.60645,0.50836,0.81985,0.61118,0.19124,0.5694,0.16857,0.21274,0.52022,0.10172,0.78248,0.85429,0.56757,0.78764,0.70117,0.38703,0.2221,0.09421,0.33086,0.5693,0.54848,0.36135,0.8142,0.51698,0.67587,0.51626,0.79211,0.27358,0.66375,0.24117,0.39836,0.43324,0.29835,0.34218,0.79929,0.91901,0.66481,0.63861,0.31707,0.57828,0.51736
39.33,31.67,0.39858,0.08686,0.66693,0.75086,0.42681,0.23488,0.88875,0.81814,0.57769,0.46561,0.81339,0.61233,0.17305,0.55045,0.15456,0.19135,0.49909,0.0769,0.75113,0.86995,0.55033,0.78029,0.69637,0.37274,0.23062,0.07171,0.32665,0.53741,0.58647,0.33555,0.81283,0.47154,0.66353,0.4919,0.78786,0.27114,0.66139,0.25188,0.40268,0.39024,0.25044,0.3437,0.77046,0.87863,0.63623,0.63959,0.27864,0.57245,0.50147
38.67,32.33,0.40938,0.08726,0.7121,0.77279,0.5841,0.39364,0.9423,0.85039,0.66207,0.57288,0.8274,0.67223,0.23877,0.62661,0.22769,0.2981,0.60565,0.18609,0.84933,0.88077,0.6314,0.84956,0.77591,0.47428,0.24375,0.11775,0.33399,0.65564,0.58357,0.45647,0.84733,0.60251,0.752,0.56296,0.85342,0.34959,0.6947,0.30222,0.48161,0.53367,0.36661,0.40108,0.84502,0.94485,0.71502,0.71496,0.44221,0.65867,0.5748
38.67,31.67,0.40974,0.10873,0.69618,0.74982,0.52989,0.3599,0.93874,0.82287,0.64485,0.5308,0.82293,0.66845,0.22291,0.60361,0.21272,0.28579,0.58689,0.14828,0.82236,0.90175,0.61699,0.8476,0.77046,0.45501,0.25197,0.10002,0.32813,0.62842,0.6036,0.43107,0.84774,0.56744,0.7459,0.53743,0.85093,0.34695,0.698,0.30286,0.48828,0.48807,0.31222,0.40123,0.82526,0.91595,0.68996,0.71702,0.41159,0.6454,0.56026
39.33,33.0,0.39658,0.01525,0.70269,0.78963,0.56082,0.33491,0.92472,0.88905,0.62616,0.59371,0.82277,0.62604,0.25503,0.59357,0.15786,0.2548,0.54142,0.15983,0.83405,0.80059,0.5963,0.7988,0.66974,0.42996,0.20941,0.17957,0.3187,0.61303,0.4488,0.44063,0.8218,0.62135,0.69521,0.56451,0.78116,0.27008,0.64147,0.225,0.38115,0.51946,0.40354,0.34406,0.85441,0.99362,0.73159,0.62042,0.40512,0.57315,0.54232
38.67,33.0,0.39995,0.0388,0.70504,0.80672,0.64757,0.42974,0.95606,0.90552,0.67177,0.65061,0.83297,0.68975,0.29398,0.65268,0.21603,0.31974,0.6125,0.24803,0.88404,0.82408,0.64717,0.84904,0.73827,0.50549,0.2358,0.20514,0.33101,0.67321,0.49035,0.51737,0.85199,0.68128,0.75808,0.61527,0.83159,0.34939,0.67935,0.28579,0.44994,0.60433,0.47009,0.39079,0.88254,1.00328,0.77352,0.68836,0.50234,0.6606,0.59285
39.0,33.33,0.39725,0.00577,0.69847,0.79997,0.61862,0.38957,0.94722,0.90633,0.64927,0.63967,0.82783,0.65928,0.27893,0.63741,0.17049,0.29923,0.585,0.21443,0.87383,0.80545,0.63219,0.82708,0.69647,0.46862,0.21447,0.20482,0.33404,0.6544,0.44146,0.4953,0.8404,0.67341,0.73605,0.5982,0.79917,0.29543,0.65222,0.23351,0.4057,0.57249,0.45794,0.36391,0.88215,1.0162,0.76724,0.65008,0.4683,0.61747,0.57089
39.0,32.67,0.41434,0.0287,0.72501,0.80259,0.60863,0.3838,0.94296,0.88972,0.64411,0.61419,0.82902,0.65011,0.25252,0.63634,0.18173,0.29621,0.59287,0.19558,0.86664,0.82946,0.63103,0.8288,0.712,0.45094,0.20525,0.18109,0.34503,0.65397,0.48058,0.47865,0.84009,0.64272,0.73321,0.58401,0.81636,0.29183,0.64913,0.24615,0.41038,0.56124,0.43187,0.36862,0.87282,1.0009,0.74283,0.6634,0.44014,0.6168,0.56801
39.33,33.33,0.37167,0.00253,0.67544,0.77633,0.5558,0.33218,0.9222,0.89492,0.6298,0.60719,0.81995,0.6292,0.2698,0.58289,0.14866,0.24774,0.52548,0.16824,0.83105,0.77939,0.58934,0.79376,0.65275,0.44531,0.22874,0.18283,0.30377,0.60535,0.42638,0.44065,0.81781,0.63946,0.68976,0.56581,0.75824,0.27033,0.64828,0.21694,0.38182,0.51573,0.40931,0.33986,0.85495,0.99729,0.74317,0.60353,0.4227,0.56981,0.53925
39.33,32.67,0.39614,0.03117,0.6991,0.78247,0.53677,0.31512,0.91673,0.87713,0.62604,0.57209,0.82332,0.61961,0.23808,0.58367,0.16212,0.2376,0.53141,0.14166,0.81702,0.81191,0.584,0.79299,0.67679,0.41816,0.21577,0.15541,0.31794,0.59784,0.47241,0.41277,0.81678,0.59166,0.68571,0.5504,0.77961,0.26988,0.65154,0.22795,0.38471,0.49292,0.37441,0.34054,0.83696,0.97378,0.71395,0.62215,0.38048,0.57281,0.53395
38.67,33.33,0.37569,0.02862,0.66786,0.79624,0.65172,0.43639,0.95945,0.91801,0.6884,0.67106,0.83361,0.70457,0.31579,0.65092,0.21387,0.31592,0.60577,0.26805,0.88921,0.80663,0.64684,0.85246,0.73266,0.52562,0.2586,0.21565,0.31522,0.66816,0.46866,0.52492,0.85477,0.70673,0.76149,0.62873,0.81472,0.3639,0.7009,0.27972,0.45487,0.60806,0.48393,0.3886,0.88647,1.0104,0.79412,0.68325,0.52985,0.67292,0.59646
38.67,32.67,0.39755,0.05359,0.70542,0.79584,0.63943,0.42833,0.95434,0.89276,0.67637,0.63649,0.83154,0.68816,0.28466,0.64809,0.22642,0.31362,0.61299,0.23895,0.87838,0.83601,0.6441,0.85146,0.75369,0.50618,0.24216,0.18197,0.32752,0.67254,0.5169,0.50395,0.85132,0.66579,0.75762,0.60527,0.83886,0.35539,0.68902,0.2951,0.46533,0.59163,0.44817,0.39579,0.8748,0.99066,0.76233,0.69908,0.49634,0.66718,0.59144
39.33,34.0,0.2808,-0.02915,0.54146,0.72286,0.5758,0.36148,0.92937,0.93169,0.65782,0.69528,0.79831,0.66575,0.33518,0.59355,0.10957,0.24153,0.49271,0.24352,0.84834,0.7059,0.59747,0.78939,0.6017,0.51877,0.27201,0.20129,0.26677,0.59402,0.3252,0.48346,0.81541,0.74841,0.70231,0.59499,0.676,0.27661,0.69356,0.20766,0.37986,0.50594,0.48263,0.33508,0.87558,1.02767,0.80668,0.55411,0.5174,0.58486,0.54451
38.67,34.0,0.28674,0.00708,0.51606,0.73339,0.63948,0.43996,0.96743,0.96161,0.72513,0.74951,0.82243,0.72813,0.37142,0.65016,0.15998,0.28498,0.56246,0.32023,0.89874,0.73605,0.64488,0.8459,0.67027,0.56956,0.29875,0.24424,0.27521,0.62936,0.34456,0.54163,0.85586,0.80492,0.76748,0.66281,0.72113,0.35748,0.75874,0.25822,0.42971,0.57182,0.54203,0.35912,0.90311,1.04572,0.85722,0.63434,0.60126,0.67627,0.59235
39.0,34.33,0.27462,-0.01955,0.50044,0.71717,0.61332,0.40441,0.9532,0.9569,0.70019,0.73832,0.8084,0.7022,0.36431,0.63273,0.12078,0.26083,0.52421,0.29288,0.87678,0.71422,0.62815,0.81628,0.63516,0.55362,0.28151,0.2192,0.27655,0.61046,0.31054,0.52363,0.8367,0.80021,0.74148,0.63943,0.68599,0.3111,0.73876,0.22951,0.39791,0.52569,0.53359,0.34463,0.89562,1.04704,0.84684,0.58509,0.57354,0.63745,0.57004
39.0,33.67,0.31038,-0.04229,0.56044,0.74576,0.62037,0.40389,0.95409,0.94386,0.68334,0.71195,0.81793,0.69337,0.34666,0.63172,0.13695,0.28527,0.54606,0.27497,0.8825,0.7376,0.63132,0.82114,0.65526,0.53051,0.27836,0.21228,0.30415,0.63641,0.34464,0.51768,0.83788,0.76531,0.74409,0.62961,0.71756,0.30966,0.71253,0.20158,0.40792,0.55599,0.51258,0.35516,0.89499,1.0421,0.82989,0.60363,0.55682,0.63888,0.57277
39.33,34.33,0.2525,0.00406,0.50636,0.69945,0.56338,0.35396,0.91909,0.93357,0.65976,0.70574,0.78259,0.66514,0.34057,0.58602,0.09877,0.21472,0.46853,0.25001,0.83205,0.68682,0.58739,0.77781,0.57467,0.53113,0.26085,0.2047,0.23456,0.56272,0.30789,0.48025,0.80949,0.76356,0.69032,0.59012,0.64879,0.27315,0.7033,0.24311,0.36534,0.47183,0.48754,0.32264,0.86983,1.02071,0.8043,0.5346,0.51352,0.57015,0.53599
39.33,33.67,0.30217,-0.01488,0.57975,0.73795,0.5681,0.35159,0.92472,0.92096,0.64869,0.66963,0.80248,0.65375,0.31903,0.58386,0.11957,0.2387,0.49763,0.22101,0.84179,0.72067,0.59245,0.78736,0.60561,0.49837,0.26006,0.20033,0.27105,0.59207,0.3507,0.47134,0.8143,0.71933,0.69261,0.58554,0.69408,0.27301,0.6772,0.21705,0.3761,0.50747,0.46201,0.33534,0.86793,1.01774,0.78826,0.56201,0.48981,0.57189,0.541
38.67,34.33,0.26298,0.05881,0.47455,0.70993,0.63074,0.44142,0.96656,0.97199,0.74354,0.7698,0.81558,0.73518,0.38088,0.65235,0.15562,0.25857,0.54875,0.332,0.89332,0.72405,0.64333,0.84648,0.65694,0.58433,0.29456,0.25771,0.24878,0.60297,0.32454,0.54454,0.85932,0.82958,0.76452,0.67311,0.70535,0.36263,0.78164,0.31306,0.42124,0.54498,0.55448,0.34767,0.9017,1.04554,0.86759,0.62844,0.60717,0.67132,0.59188
38.67,33.67,0.30874,0.02005,0.55763,0.75327,0.65001,0.44558,0.96655,0.95199,0.71853,0.73456,0.82499,0.72763,0.36269,0.65119,0.18121,0.29381,0.57724,0.31476,0.89805,0.7527,0.64762,0.85075,0.68641,0.56491,0.29187,0.2437,0.28219,0.63937,0.38024,0.54339,0.85769,0.78465,0.76613,0.65802,0.74714,0.36777,0.74548,0.27688,0.44028,0.59021,0.53383,0.37014,0.89808,1.03543,0.84291,0.65063,0.58933,0.67834,0.59697
39.33,35.0,0.18331,0.14413,0.33982,0.61105,0.53207,0.35214,0.88533,0.94394,0.6756,0.77657,0.72853,0.66997,0.38442,0.62424,0.05907,0.14348,0.41239,0.30724,0.78258,0.61473,0.57436,0.74435,0.52408,0.58367,0.23868,0.23694,0.14939,0.46026,0.20526,0.49257,0.78896,0.82971,0.6611,0.60496,0.5519,0.27719,0.75882,0.39489,0.30646,0.34611,0.52834,0.27926,0.84374,1.0066,0.81436,0.48028,0.52405,0.54118,0.51913
38.67,35.0,0.21663,0.23661,0.32112,0.6227,0.57939,0.42693,0.94121,0.9886,0.76728,0.83616,0.77707,0.72174,0.41997,0.6888,0.11256,0.18139,0.49083,0.37366,0.85181,0.6646,0.63484,0.8141,0.60427,0.62181,0.28969,0.29788,0.184,0.50152,0.21787,0.54908,0.85332,0.89395,0.7341,0.69372,0.60885,0.34244,0.82076,0.49508,0.3451,0.41025,0.59126,0.30873,0.88802,1.04434,0.89075,0.56918,0.59739,0.61563,0.57577
39.0,35.33,0.20405,0.23386,0.31136,0.61028,0.55708,0.39292,0.92055,0.97374,0.73597,0.82066,0.75756,0.69211,0.4122,0.67599,0.07331,0.15547,0.45063,0.35235,0.81624,0.64003,0.60978,0.77503,0.57203,0.60929,0.26466,0.28502,0.16838,0.46564,0.18895,0.53482,0.82598,0.8835,0.69616,0.66938,0.57538,0.30784,0.7985,0.48981,0.31237,0.35743,0.57791,0.29302,0.86786,1.03857,0.86998,0.51933,0.55957,0.57619,0.55164
39.0,34.67,0.20959,0.14622,0.36489,0.63873,0.57876,0.39839,0.9343,0.98149,0.73282,0.80061,0.77076,0.70345,0.39644,0.65166,0.0845,0.1726,0.46708,0.33225,0.83466,0.65936,0.61415,0.79205,0.58035,0.60593,0.24708,0.25888,0.17831,0.5053,0.2301,0.5376,0.83269,0.87584,0.714,0.66454,0.61333,0.3091,0.7959,0.41317,0.34324,0.40495,0.57948,0.30205,0.88156,1.0452,0.86972,0.53865,0.56567,0.60049,0.55746
39.33,35.33,0.17882,0.18705,0.3009,0.58804,0.50573,0.33501,0.85682,0.91884,0.65202,0.78088,0.70744,0.65237,0.39206,0.63825,0.05173,0.13821,0.39415,0.31575,0.75476,0.59037,0.56016,0.72163,0.51445,0.57328,0.25936,0.24635,0.14442,0.42999,0.16928,0.47296,0.76544,0.80541,0.63302,0.58713,0.51314,0.27579,0.74654,0.42265,0.28009,0.31132,0.5017,0.2668,0.81671,0.98521,0.7914,0.45621,0.51126,0.51431,0.50448
39.33,34.67,0.1956,0.1015,0.37784,0.62955,0.53424,0.34615,0.88735,0.93681,0.66205,0.75746,0.73638,0.66512,0.37233,0.60971,0.0669,0.16128,0.42027,0.29083,0.79137,0.62578,0.57238,0.74869,0.52737,0.56754,0.24923,0.22678,0.16682,0.48447,0.22584,0.48244,0.78874,0.80716,0.66208,0.59192,0.56551,0.27082,0.73796,0.34519,0.31741,0.3759,0.50974,0.28709,0.84606,1.00546,0.80539,0.48587,0.51998,0.53982,0.51838
38.67,35.33,0.23125,0.30706,0.2846,0.60551,0.55898,0.42533,0.92874,0.97632,0.76581,0.85004,0.76944,0.70893,0.4349,0.71874,0.11609,0.18751,0.48966,0.39383,0.84252,0.6558,0.63605,0.80555,0.60776,0.61725,0.33024,0.32488,0.19372,0.48408,0.18872,0.5422,0.85237,0.88718,0.72352,0.69536,0.57782,0.3432,0.80964,0.54707,0.31917,0.38505,0.57751,0.30948,0.87796,1.03672,0.88839,0.56144,0.59567,0.59408,0.57423
38.67,34.67,0.22433,0.19039,0.34928,0.64041,0.58894,0.43244,0.94558,0.9836,0.76169,0.82361,0.78463,0.72828,0.4123,0.68115,0.1251,0.2027,0.50508,0.36678,0.86341,0.67627,0.63703,0.8247,0.61676,0.61344,0.29849,0.29185,0.197,0.527,0.23851,0.54551,0.85513,0.87796,0.74358,0.68842,0.62897,0.35036,0.8133,0.44215,0.36559,0.44619,0.57804,0.31604,0.89012,1.04313,0.88479,0.5875,0.6066,0.63169,0.5797
39.33,36.0,0.19989,0.39081,0.15516,0.51473,0.43866,0.31825,0.79145,0.85708,0.62402,0.82817,0.66353,0.59687,0.41707,0.72883,0.03827,0.13448,0.39268,0.38703,0.69401,0.53469,0.54835,0.67311,0.53279,0.55134,0.34226,0.32664,0.199,0.33976,0.05092,0.45478,0.72948,0.76086,0.56647,0.5867,0.39549,0.27222,0.7275,0.58885,0.18224,0.19342,0.45961,0.25161,0.74958,0.94403,0.77065,0.41083,0.47306,0.43792,0.48386
38.67,36.0,0.2769,0.517,0.1661,0.54578,0.49667,0.41708,0.88304,0.9337,0.74415,0.89227,0.73114,0.63736,0.46725,0.80825,0.1054,0.20077,0.49549,0.46999,0.80462,0.62644,0.64165,0.75657,0.60994,0.59218,0.43348,0.4109,0.26641,0.4043,0.08869,0.53106,0.84201,0.86418,0.66621,0.6986,0.44426,0.31501,0.75547,0.71099,0.20112,0.27149,0.54164,0.32683,0.84026,1.01239,0.88631,0.50236,0.54802,0.49343,0.5599
39.0,36.33,0.25603,0.51164,0.15028,0.52884,0.47001,0.37902,0.8648,0.9067,0.70825,0.87461,0.71398,0.60304,0.44537,0.79983,0.0692,0.16842,0.4635,0.45543,0.77239,0.60045,0.61346,0.71738,0.58587,0.56776,0.41895,0.40426,0.29374,0.35926,0.05565,0.50952,0.80993,0.84214,0.61913,0.66892,0.40978,0.28068,0.73518,0.70287,0.17724,0.21813,0.50573,0.30946,0.80526,0.99994,0.86251,0.4593,0.49887,0.45567,0.53392
39.0,35.67,0.22953,0.4755,0.18105,0.54496,0.48897,0.37295,0.87885,0.91874,0.71635,0.86177,0.72685,0.62936,0.44598,0.76919,0.05586,0.15947,0.44334,0.42409,0.77451,0.60403,0.60294,0.72556,0.58351,0.57787,0.38597,0.38246,0.22823,0.37868,0.0661,0.51121,0.80342,0.85014,0.63238,0.66959,0.45524,0.29724,0.75563,0.66178,0.21831,0.25125,0.52466,0.29234,0.81576,1.00934,0.86238,0.47078,0.53237,0.49721,0.53633
39.33,36.33,0.20884,0.3611,0.13845,0.50158,0.41674,0.31226,0.75269,0.83248,0.59336,0.82661,0.63593,0.57977,0.40128,0.72768,0.04805,0.13378,0.39989,0.39142,0.6715,0.51074,0.5405,0.66244,0.52222,0.54258,0.33292,0.31454,0.23168,0.32898,0.05839,0.44167,0.71416,0.72737,0.54668,0.56333,0.36306,0.25947,0.71618,0.57873,0.15115,0.16636,0.43549,0.25184,0.72743,0.91922,0.74183,0.39464,0.43589,0.40087,0.46904
39.33,35.67,0.1842,0.32193,0.18575,0.52844,0.44932,0.31645,0.7925,0.8667,0.61752,0.81156,0.66219,0.61062,0.4074,0.69541,0.04064,0.1304,0.38313,0.36348,0.69675,0.53564,0.54387,0.67796,0.51523,0.55798,0.30671,0.29226,0.17134,0.35865,0.0827,0.45191,0.72806,0.76265,0.57637,0.57423,0.4156,0.27106,0.73213,0.53342,0.20184,0.21526,0.46527,0.24955,0.75867,0.94255,0.76124,0.41254,0.47849,0.45065,0.481
38.67,36.33,0.30112,0.50281,0.15968,0.54304,0.49206,0.43576,0.87167,0.93349,0.73798,0.90066,0.71541,0.62325,0.46223,0.82026,0.13222,0.2193,0.52433,0.4966,0.8119,0.6314,0.65898,0.7614,0.6112,0.59199,0.44247,0.41181,0.31587,0.40919,0.11198,0.53784,0.85631,0.86114,0.66966,0.69666,0.41299,0.30587,0.73951,0.71902,0.17325,0.26251,0.53894,0.35267,0.84426,1.0053,0.88472,0.50038,0.52637,0.4635,0.5621
38.67,35.67,0.26362,0.46222,0.18886,0.55655,0.51118,0.42269,0.88749,0.944,0.74768,0.88395,0.73471,0.65976,0.46,0.78434,0.11298,0.19591,0.4939,0.45193,0.81182,0.6293,0.64109,0.77058,0.60801,0.60278,0.40246,0.38441,0.24108,0.42573,0.11694,0.53317,0.84268,0.86759,0.68257,0.69561,0.47497,0.32633,0.77338,0.67325,0.23011,0.29845,0.55336,0.32077,0.84872,1.01395,0.88202,0.51818,0.56312,0.51718,0.56274
39.33,37.0,0.28967,0.37074,0.10589,0.45222,0.38274,0.36036,0.71912,0.81098,0.5911,0.86096,0.59681,0.52724,0.37722,0.77258,0.11314,0.16468,0.50533,0.47656,0.68799,0.51231,0.5875,0.67647,0.537,0.51048,0.34085,0.33097,0.43038,0.30866,0.08368,0.46543,0.76043,0.70882,0.53779,0.57421,0.26924,0.22831,0.66213,0.64755,0.03433,0.07972,0.40957,0.32265,0.71837,0.90133,0.75482,0.38748,0.31352,0.28166,0.4696
38.67,37.0,0.35839,0.46833,0.14468,0.5104,0.46686,0.49328,0.84812,0.93198,0.7279,0.9265,0.66766,0.55393,0.42662,0.851,0.20541,0.26448,0.63006,0.59275,0.83552,0.64883,0.71846,0.76769,0.60769,0.55144,0.42177,0.40994,0.51339,0.39291,0.16197,0.57376,0.907,0.86473,0.66016,0.69888,0.30244,0.25833,0.65393,0.7612,0.06024,0.18433,0.51949,0.45307,0.85284,0.99535,0.90227,0.47788,0.40311,0.33662,0.56174
39.0,37.33,0.3636,0.44884,0.14026,0.47914,0.4302,0.45611,0.82938,0.90745,0.70063,0.91016,0.65063,0.53091,0.41037,0.85284,0.18308,0.22071,0.60418,0.57559,0.80815,0.61913,0.69285,0.7406,0.5798,0.5172,0.40736,0.38826,0.56479,0.34918,0.132,0.54524,0.88562,0.83851,0.62261,0.66552,0.27617,0.22599,0.65035,0.75155,0.02617,0.11157,0.46934,0.4288,0.81767,0.98038,0.87888,0.44356,0.32756,0.28921,0.536
39.0,36.67,0.34229,0.46179,0.13681,0.50365,0.44129,0.43167,0.8441,0.90962,0.70048,0.90495,0.6716,0.54289,0.41282,0.85159,0.15473,0.20242,0.56616,0.54799,0.8052,0.61735,0.67473,0.73167,0.58015,0.54711,0.43455,0.40131,0.53942,0.34844,0.11853,0.53511,0.87075,0.84775,0.62093,0.66586,0.30355,0.22192,0.67531,0.74776,0.0651,0.1411,0.47578,0.39966,0.8124,0.98829,0.87265,0.44616,0.3667,0.32673,0.53768
39.33,37.33,0.28263,0.35809,0.10141,0.41606,0.36044,0.35802,0.6734,0.77785,0.56514,0.85255,0.56667,0.52678,0.37664,0.7415,0.11479,0.16777,0.50806,0.46782,0.65331,0.47983,0.57046,0.66933,0.53304,0.48124,0.29192,0.30309,0.37418,0.30238,0.07354,0.45227,0.73471,0.65886,0.52012,0.55423,0.25522,0.24811,0.64767,0.62375,0.00941,0.05218,0.39564,0.31163,0.6946,0.87037,0.72808,0.37568,0.29286,0.25961,0.45069
39.33,36.67,0.25611,0.35867,0.10229,0.45563,0.37977,0.33562,0.70007,0.79575,0.5682,0.84658,0.59158,0.53829,0.37971,0.7484,0.08889,0.15329,0.46297,0.44288,0.65719,0.48969,0.55781,0.66007,0.52899,0.51424,0.32247,0.31659,0.34542,0.30657,0.06527,0.44531,0.72332,0.68405,0.52259,0.55507,0.28518,0.24122,0.67181,0.61507,0.05989,0.09343,0.40487,0.2879,0.70143,0.8871,0.72654,0.37922,0.34227,0.30684,0.45629
38.67,37.33,0.35034,0.44868,0.1457,0.49257,0.46377,0.51668,0.82467,0.92479,0.72169,0.9266,0.64525,0.55214,0.42346,0.82987,0.22461,0.28928,0.656,0.60614,0.82378,0.64401,0.72518,0.7742,0.61062,0.52423,0.3679,0.39012,0.46634,0.40243,0.17097,0.5834,0.90231,0.84399,0.6602,0.69622,0.28977,0.28164,0.62507,0.74517,0.04206,0.1777,0.52426,0.47215,0.85291,0.98351,0.90105,0.48064,0.39595,0.31973,0.55666
38.67,36.67,0.34415,0.48265,0.14062,0.51594,0.47187,0.47952,0.84002,0.92472,0.72262,0.92136,0.67427,0.57251,0.43933,0.84012,0.18731,0.25931,0.60392,0.5672,0.81951,0.63658,0.69908,0.76403,0.61139,0.56236,0.42614,0.41122,0.43886,0.3992,0.14434,0.56224,0.88513,0.84973,0.65869,0.69592,0.32693,0.27844,0.67149,0.74942,0.08585,0.20649,0.52542,0.42418,0.84417,0.98927,0.88876,0.48358,0.44116,0.36782,0.55906
39.33,38.0,0.34638,0.39285,0.11816,0.31282,0.31907,0.43451,0.64674,0.77149,0.59775,0.86449,0.51824,0.5348,0.41995,0.73357,0.18946,0.22758,0.61016,0.53718,0.64887,0.48023,0.61984,0.69976,0.54635,0.38739,0.22196,0.29683,0.31991,0.31148,0.06044,0.49222,0.77545,0.64798,0.54637,0.58129,0.22388,0.30729,0.61059,0.65558,-0.07447,-0.02481,0.39235,0.37618,0.71434,0.85901,0.77647,0.38718,0.22444,0.19936,0.45498
38.67,38.0,0.37647,0.41151,0.15153,0.39598,0.41359,0.5786,0.78003,0.91346,0.73048,0.92438,0.57956,0.54872,0.43121,0.80368,0.28217,0.34495,0.73713,0.66918,0.796,0.63296,0.76171,0.78751,0.60335,0.41458,0.24028,0.35186,0.38942,0.40579,0.16363,0.61852,0.91821,0.81702,0.66689,0.69632,0.24564,0.3385,0.56685,0.73076,-0.04559,0.09719,0.5082,0.53635,0.859,0.96236,0.92832,0.47575,0.31201,0.2485,0.54376
39.0,38.33,0.42144,0.44989,0.14473,0.336,0.35305,0.53357,0.75029,0.88126,0.70845,0.90585,0.5608,0.5457,0.46065,0.81281,0.25674,0.28974,0.6998,0.64225,0.75156,0.58932,0.72865,0.75859,0.57817,0.37753,0.26909,0.34925,0.38254,0.35692,0.0935,0.57794,0.89308,0.78195,0.63607,0.66346,0.23781,0.32453,0.60821,0.73684,-0.08123,0.00682,0.44499,0.48462,0.82068,0.94439,0.90648,0.43849,0.24798,0.2178,0.51831
39.0,37.67,0.40098,0.45312,0.1546,0.377,0.38338,0.52203,0.77022,0.89044,0.70487,0.90834,0.58331,0.53519,0.44955,0.83236,0.23826,0.27556,0.6817,0.62514,0.77224,0.60179,0.7214,0.75791,0.5847,0.39172,0.29185,0.34491,0.43538,0.35668,0.11794,0.56688,0.89333,0.7901,0.63107,0.66522,0.24287,0.30011,0.60695,0.74481,-0.06079,0.03324,0.45776,0.47417,0.82646,0.95449,0.90236,0.44482,0.26254,0.22838,0.52349
39.33,38.33,0.34321,0.37398,0.09814,0.28277,0.28822,0.4194,0.61015,0.73547,0.57501,0.85392,0.49257,0.54416,0.41393,0.696,0.19276,0.22926,0.59958,0.52482,0.60569,0.4444,0.59862,0.68509,0.53499,0.39987,0.20442,0.30226,0.26985,0.30216,0.0337,0.48046,0.74661,0.61554,0.53159,0.5637,0.22149,0.31918,0.61652,0.63161,-0.07787,-0.03873,0.3729,0.355,0.68297,0.82932,0.74512,0.36899,0.21809,0.19619,0.43819
39.33,37.67,0.3139,0.36369,0.10372,0.3333,0.32233,0.40052,0.62936,0.74954,0.56834,0.85458,0.51842,0.52964,0.39441,0.71593,0.16187,0.20637,0.57355,0.50522,0.62828,0.45843,0.58888,0.68155,0.53685,0.41652,0.22378,0.28951,0.32182,0.30343,0.0618,0.46979,0.74303,0.62328,0.52277,0.5581,0.22608,0.29122,0.61658,0.62814,-0.05496,-0.0081,0.38538,0.34514,0.6884,0.84424,0.7372,0.37417,0.23698,0.20925,0.4415
38.67,38.33,0.36986,0.37522,0.1326,0.37935,0.397,0.58384,0.76181,0.89922,0.72332,0.92088,0.56134,0.56117,0.41929,0.77129,0.29164,0.3625,0.74675,0.67827,0.77759,0.62056,0.76118,0.78492,0.59584,0.43136,0.2176,0.35563,0.34646,0.41287,0.15744,0.63197,0.90742,0.81033,0.67008,0.69301,0.24465,0.35608,0.56677,0.70667,-0.04524,0.10206,0.5064,0.54689,0.84838,0.9485,0.91756,0.47078,0.31604,0.2506,0.53845
38.67,37.67,0.35841,0.4077,0.14555,0.42583,0.43041,0.56629,0.78406,0.91007,0.72197,0.92564,0.59139,0.54848,0.41891,0.7985,0.27136,0.33967,0.72335,0.6539,0.8007,0.63266,0.75112,0.78511,0.60739,0.45116,0.26296,0.36134,0.40681,0.41093,0.17629,0.61211,0.90985,0.81796,0.66409,0.69615,0.25278,0.32556,0.57434,0.72648,-0.01978,0.12934,0.51877,0.52563,0.85435,0.96225,0.91307,0.4772,0.34,0.26693,0.54615
39.33,39.0,0.44868,0.39305,0.0789,0.19718,0.20971,0.45496,0.5951,0.72716,0.61202,0.85802,0.45734,0.58577,0.45954,0.66952,0.27634,0.3001,0.64653,0.59849,0.56676,0.44585,0.64582,0.68088,0.52114,0.43946,0.28397,0.40891,0.24831,0.3028,-0.04315,0.53281,0.77911,0.66826,0.57353,0.59047,0.24028,0.36466,0.65992,0.65993,-0.10346,-0.07294,0.34285,0.39709,0.68341,0.81348,0.77239,0.36551,0.19561,0.21107,0.45298
38.67,39.0,0.45552,0.35255,0.09005,0.27072,0.30348,0.59913,0.72271,0.86826,0.7342,0.91602,0.5167,0.60837,0.45418,0.71175,0.3391,0.40622,0.76949,0.73369,0.7222,0.5956,0.7836,0.76268,0.56527,0.47063,0.28153,0.42647,0.28558,0.39696,0.07109,0.67189,0.90876,0.82877,0.68791,0.69023,0.2593,0.40791,0.63809,0.69335,-0.08127,0.04555,0.4575,0.57173,0.82498,0.91856,0.91145,0.4452,0.27676,0.25642,0.53389
39.0,39.33,0.52474,0.42772,0.1028,0.21742,0.23718,0.54889,0.69071,0.83016,0.71088,0.90229,0.50051,0.60569,0.49536,0.71073,0.34688,0.36325,0.72628,0.70897,0.66597,0.55428,0.75216,0.72612,0.54058,0.47308,0.36096,0.46932,0.30714,0.34061,-0.01985,0.63285,0.88588,0.80201,0.65923,0.66252,0.26421,0.3846,0.68734,0.71671,-0.11171,-0.04295,0.38264,0.5103,0.78603,0.8959,0.88506,0.40675,0.22815,0.24479,0.51461
39.0,38.67,0.49933,0.43282,0.08667,0.24496,0.25447,0.53544,0.70679,0.84416,0.70856,0.89936,0.50978,0.58815,0.4796,0.7364,0.29768,0.31707,0.71608,0.68536,0.68172,0.55642,0.74026,0.7374,0.54397,0.43564,0.30372,0.42627,0.29256,0.34078,-0.00719,0.61113,0.8845,0.79115,0.65181,0.65912,0.24514,0.36965,0.66122,0.71483,-0.10594,-0.04082,0.39253,0.49343,0.78988,0.90996,0.89713,0.408,0.22638,0.22317,0.50784
39.33,39.33,0.44015,0.37602,0.10142,0.18107,0.20484,0.45208,0.5627,0.69363,0.59143,0.85194,0.4451,0.59249,0.46089,0.64889,0.31113,0.34295,0.64426,0.59545,0.53974,0.42812,0.63667,0.66376,0.52227,0.46197,0.32165,0.4297,0.27734,0.30156,-0.03553,0.53094,0.7598,0.6511,0.56288,0.58243,0.25329,0.37262,0.6599,0.65406,-0.1001,-0.06126,0.33864,0.39448,0.66227,0.77886,0.73463,0.36808,0.19655,0.22603,0.45019
39.33,38.67,0.4023,0.37302,0.08272,0.21079,0.22756,0.43656,0.57936,0.70869,0.58588,0.8499,0.45719,0.57358,0.4403,0.66106,0.24962,0.283,0.62845,0.56487,0.56106,0.42752,0.61791,0.67589,0.52438,0.42402,0.2443,0.36758,0.24038,0.30022,-0.0205,0.50717,0.75237,0.62955,0.54836,0.57301,0.23282,0.3569,0.63839,0.63855,-0.09678,-0.06515,0.3481,0.3739,0.66667,0.79869,0.74289,0.36341,0.19692,0.20052,0.43925
38.67,39.33,0.44439,0.32263,0.10547,0.25945,0.31335,0.61744,0.70647,0.85546,0.72845,0.92048,0.51257,0.62207,0.45847,0.68432,0.37357,0.46189,0.78196,0.74839,0.71662,0.5959,0.79174,0.75503,0.57197,0.49838,0.3161,0.44373,0.29738,0.40927,0.09499,0.69097,0.90377,0.83234,0.68877,0.69251,0.27626,0.42928,0.6501,0.68219,-0.07738,0.06775,0.47124,0.59287,0.8234,0.89994,0.88897,0.45554,0.29033,0.27629,0.54048
38.67,38.67,0.41432,0.33813,0.10282,0.30199,0.33702,0.60276,0.72685,0.87284,0.72806,0.9179,0.52418,0.59592,0.4344,0.71802,0.32968,0.40952,0.7709,0.72009,0.73684,0.6017,0.77896,0.77064,0.57627,0.4572,0.24266,0.39765,0.29479,0.41084,0.10977,0.66622,0.90526,0.81926,0.68217,0.69132,0.25346,0.40059,0.60142,0.6878,-0.06804,0.07401,0.48125,0.57318,0.83022,0.91913,0.90717,0.45882,0.29105,0.25404,0.5344
39.33,40.0,0.55706,0.44742,0.23748,0.13287,0.21475,0.52973,0.56757,0.70261,0.6422,0.88408,0.45335,0.64914,0.54906,0.63858,0.51892,0.52684,0.6999,0.70808,0.56534,0.50139,0.72341,0.6471,0.5489,0.57569,0.57374,0.57882,0.46713,0.32313,-0.01384,0.62354,0.82342,0.76322,0.61525,0.63634,0.33516,0.41535,0.71951,0.72243,-0.10187,-0.03429,0.33765,0.49122,0.69966,0.76827,0.73299,0.40413,0.22926,0.31644,0.5135
38.67,40.0,0.53883,0.38198,0.2039,0.17834,0.30354,0.66564,0.67536,0.82867,0.74936,0.94348,0.51259,0.66703,0.55131,0.63052,0.53135,0.61997,0.80307,0.82843,0.70728,0.62745,0.84208,0.72002,0.59008,0.59422,0.55763,0.58086,0.42414,0.40935,0.09131,0.75599,0.92878,0.89188,0.70628,0.71361,0.35698,0.48838,0.73573,0.71816,-0.08748,0.05205,0.44801,0.65316,0.82528,0.86632,0.84498,0.46082,0.30236,0.3505,0.57853
39.0,40.33,0.61899,0.48856,0.29111,0.14155,0.26645,0.62661,0.64767,0.79169,0.72515,0.93497,0.50395,0.66753,0.59799,0.65443,0.61156,0.61269,0.77128,0.81375,0.66523,0.60233,0.82086,0.68684,0.57275,0.62102,0.66478,0.64402,0.52691,0.3658,0.02949,0.7252,0.91625,0.87854,0.68617,0.70003,0.37262,0.44544,0.75539,0.76685,-0.09776,-0.01137,0.38022,0.61049,0.7962,0.84163,0.81527,0.43569,0.27113,0.36036,0.5753
39.0,39.67,0.57812,0.44095,0.24767,0.16117,0.25406,0.61462,0.66113,0.80423,0.71907,0.9282,0.50535,0.65179,0.56153,0.65357,0.55769,0.56326,0.77058,0.79094,0.66829,0.58643,0.8051,0.69415,0.56292,0.59349,0.58888,0.59568,0.46892,0.3513,0.01985,0.71082,0.9086,0.8566,0.68409,0.69165,0.34679,0.43042,0.74593,0.74852,-0.11744,-0.02105,0.38424,0.59346,0.79832,0.85673,0.84243,0.43336,0.25739,0.33181,0.56003
39.33,40.33,0.58002,0.48483,0.24571,0.12384,0.21529,0.5143,0.54633,0.6796,0.63374,0.87742,0.43986,0.6631,0.56494,0.6477,0.52466,0.52993,0.68274,0.703,0.54405,0.49919,0.7157,0.6379,0.55172,0.57869,0.59125,0.59186,0.48195,0.33274,-0.01495,0.60875,0.8139,0.76409,0.60273,0.63261,0.34395,0.42323,0.71453,0.72538,-0.08031,-0.0226,0.32934,0.47185,0.67576,0.74564,0.70004,0.40266,0.23739,0.32546,0.51211
39.33,39.67,0.51585,0.41826,0.18486,0.13832,0.20298,0.49456,0.55002,0.68291,0.61625,0.86684,0.43972,0.63496,0.51829,0.63674,0.44525,0.46879,0.67402,0.66363,0.53878,0.46501,0.68445,0.64464,0.53895,0.53634,0.49054,0.53236,0.39715,0.31627,-0.02509,0.58274,0.78996,0.71546,0.58932,0.61173,0.30877,0.40768,0.70035,0.69379,-0.09904,-0.0416,0.33315,0.44623,0.67029,0.75669,0.71632,0.38977,0.21574,0.28822,0.4864
38.67,40.33,0.54792,0.40309,0.19053,0.16744,0.31499,0.66358,0.66094,0.81515,0.75182,0.9451,0.5052,0.67285,0.56585,0.62402,0.5139,0.63321,0.79169,0.83188,0.70046,0.63315,0.84383,0.71848,0.59904,0.58877,0.56675,0.59246,0.42155,0.42851,0.10319,0.75599,0.9245,0.8964,0.70051,0.71137,0.36523,0.51125,0.72944,0.71206,-0.06123,0.06738,0.45261,0.65282,0.8148,0.85017,0.81647,0.45558,0.31729,0.35772,0.5797
38.67,39.67,0.50356,0.34775,0.16097,0.20102,0.30852,0.65394,0.68062,0.83259,0.7434,0.93527,0.50873,0.6598,0.51995,0.64035,0.47586,0.57998,0.79814,0.80593,0.70871,0.61851,0.82801,0.73114,0.58741,0.56373,0.47685,0.5362,0.37028,0.41756,0.10038,0.73947,0.91871,0.87422,0.70247,0.70702,0.33308,0.48249,0.71164,0.69741,-0.07952,0.06903,0.46229,0.63829,0.82187,0.87049,0.85282,0.46083,0.30467,0.32952,0.5665
39.33,41.0,0.76129,0.68636,0.36527,0.07352,0.26771,0.54706,0.54969,0.68854,0.69638,0.90178,0.45884,0.7038,0.69379,0.70638,0.63024,0.59468,0.67539,0.78124,0.56155,0.58981,0.7842,0.64385,0.58946,0.6456,0.77844,0.74454,0.63032,0.38349,-0.00174,0.65737,0.87312,0.87065,0.62556,0.67045,0.42978,0.44747,0.73729,0.80261,0.02881,0.02092,0.31934,0.53322,0.687,0.73796,0.66424,0.40894,0.3094,0.42032,0.57033
38.67,41.0,0.70055,0.59338,0.27265,0.07861,0.33652,0.65913,0.62091,0.78201,0.7827,0.95716,0.50276,0.68587,0.6778,0.65987,0.55234,0.66578,0.75062,0.87057,0.68066,0.6765,0.872,0.70477,0.62369,0.61936,0.73639,0.73004,0.55452,0.45165,0.08211,0.76838,0.94213,0.94888,0.6961,0.71454,0.43941,0.53476,0.73055,0.77265,0.0521,0.08004,0.4108,0.67083,0.78933,0.81135,0.73596,0.42686,0.35999,0.43129,0.60827
39.0,41.33,0.80595,0.72504,0.39363,0.04944,0.3179,0.61786,0.59276,0.74868,0.75653,0.94234,0.50024,0.68682,0.7305,0.71827,0.64021,0.64553,0.71455,0.84987,0.63218,0.65429,0.85004,0.68343,0.6042,0.66197,0.83607,0.80403,0.67251,0.42325,0.03046,0.73169,0.92928,0.93623,0.6725,0.7036,0.45595,0.47598,0.73836,0.8319,0.07272,0.04696,0.35292,0.63248,0.75126,0.77722,0.70099,0.4153,0.34753,0.44899,0.61063
39.0,40.67,0.76747,0.6836,0.36187,0.08495,0.3041,0.61532,0.60477,0.75449,0.74218,0.94134,0.492,0.69265,0.70499,0.71248,0.66187,0.65567,0.72877,0.84028,0.63363,0.6372,0.84184,0.68096,0.59523,0.645,0.80551,0.7668,0.64219,0.4175,0.0255,0.72208,0.9257,0.92139,0.66861,0.70622,0.42682,0.46188,0.7464,0.82177,0.02351,0.026,0.35614,0.61521,0.76099,0.79115,0.72654,0.41999,0.31445,0.42111,0.602
39.33,41.33,0.76472,0.67776,0.37498,0.0563,0.27043,0.5445,0.53613,0.68048,0.70078,0.89157,0.46598,0.69786,0.69609,0.69376,0.5936,0.57245,0.65966,0.77641,0.55595,0.59458,0.78121,0.64091,0.59766,0.65879,0.77529,0.75225,0.6307,0.37718,0.00449,0.66116,0.86724,0.86886,0.62432,0.66382,0.45498,0.46052,0.73321,0.79496,0.05401,0.04226,0.32076,0.53677,0.67096,0.72688,0.64755,0.40946,0.33668,0.44315,0.56958
39.33,40.67,0.70254,0.61815,0.32356,0.08565,0.24524,0.5298,0.53858,0.67485,0.674,0.88775,0.44676,0.6955,0.65196,0.68197,0.59053,0.57239,0.67199,0.75189,0.54599,0.55755,0.75827,0.63488,0.58057,0.62539,0.72307,0.69516,0.58497,0.36441,-0.00678,0.6367,0.84906,0.83384,0.61451,0.65502,0.40739,0.44562,0.7296,0.77428,-0.00373,0.01312,0.31875,0.50595,0.67255,0.73117,0.66454,0.4069,0.28848,0.3957,0.54888
38.67,41.33,0.68453,0.56094,0.2609,0.04822,0.34204,0.66643,0.61125,0.78103,0.79662,0.95628,0.50929,0.67577,0.66964,0.63687,0.4874,0.64343,0.74152,0.87549,0.68868,0.68715,0.87642,0.7078,0.6342,0.62053,0.71729,0.72723,0.53427,0.44797,0.09378,0.78172,0.93999,0.95124,0.70325,0.70683,0.46157,0.56189,0.71849,0.75532,0.08531,0.10771,0.4189,0.6881,0.78377,0.80663,0.7218,0.4244,0.38881,0.45031,0.60706
38.67,40.67,0.64357,0.51771,0.23145,0.10322,0.331,0.66538,0.63085,0.79071,0.77909,0.9539,0.50317,0.68492,0.64203,0.6359,0.52502,0.6619,0.76299,0.86357,0.68909,0.66869,0.86743,0.70887,0.6221,0.60957,0.68179,0.68527,0.50133,0.44858,0.09696,0.77016,0.93725,0.93613,0.69886,0.71439,0.42186,0.5422,0.73242,0.74596,0.02069,0.08703,0.43012,0.67092,0.79706,0.82238,0.75594,0.43834,0.35355,0.41321,0.59989
39.33,42.0,0.85327,0.70496,0.44801,-0.06155,0.32338,0.591,0.51918,0.69037,0.76768,0.88669,0.52471,0.62837,0.75469,0.66138,0.46597,0.54744,0.62478,0.82018,0.5841,0.6595,0.83328,0.65936,0.62465,0.76129,0.86114,0.85647,0.71903,0.38854,0.04597,0.73314,0.89469,0.91482,0.66824,0.65897,0.55476,0.47924,0.72719,0.82813,0.20651,0.12094,0.34186,0.62978,0.67156,0.72108,0.61288,0.40044,0.43673,0.53225,0.60161
38.67,42.0,0.78164,0.59253,0.3546,-0.08456,0.3731,0.68655,0.56758,0.76466,0.84287,0.94107,0.54662,0.63177,0.72313,0.62858,0.36695,0.58611,0.68833,0.89846,0.69144,0.72467,0.90154,0.71126,0.6545,0.72943,0.80573,0.82329,0.62684,0.42981,0.10778,0.82574,0.94248,0.96848,0.73851,0.6823,0.55952,0.57763,0.71943,0.7858,0.24857,0.17662,0.4119,0.74303,0.75921,0.77814,0.663,0.39974,0.46878,0.53822,0.62674
39.0,42.33,0.86962,0.68305,0.44385,-0.12515,0.35517,0.64946,0.5385,0.73166,0.81646,0.91229,0.55415,0.59898,0.76252,0.64792,0.38212,0.55873,0.64684,0.87403,0.6447,0.70224,0.8806,0.69398,0.62329,0.79474,0.87841,0.88792,0.72966,0.40792,0.07426,0.79718,0.92667,0.94863,0.71885,0.66683,0.56926,0.52046,0.72689,0.84009,0.2578,0.14339,0.37211,0.70946,0.71668,0.74064,0.62466,0.38881,0.45931,0.54035,0.62262
39.0,41.67,0.85443,0.72263,0.46842,-0.08148,0.35112,0.64574,0.55918,0.7487,0.80606,0.92792,0.55134,0.62468,0.75463,0.67346,0.46832,0.57854,0.67686,0.87253,0.65133,0.69496,0.87422,0.69688,0.62294,0.74811,0.87069,0.8694,0.72304,0.4061,0.06474,0.78458,0.93259,0.95415,0.70674,0.68371,0.55135,0.52791,0.71916,0.8331,0.19986,0.12336,0.36875,0.70916,0.73215,0.75135,0.6532,0.40686,0.45059,0.5219,0.62575
39.33,42.33,0.84876,0.66095,0.39244,-0.07043,0.3202,0.57897,0.49929,0.66408,0.76133,0.86733,0.51384,0.61135,0.75524,0.6335,0.40906,0.54062,0.59219,0.80883,0.56209,0.65686,0.83046,0.64677,0.62758,0.78388,0.85411,0.85157,0.70312,0.39697,0.05365,0.72833,0.88396,0.90249,0.66556,0.64391,0.55557,0.45308,0.73438,0.82888,0.24301,0.13224,0.34212,0.60222,0.6515,0.71514,0.58938,0.38401,0.42628,0.53789,0.59114
39.33,41.67,0.82924,0.69827,0.42113,-0.01945,0.30699,0.57158,0.52074,0.6812,0.74829,0.88518,0.50201,0.65818,0.74177,0.67076,0.50958,0.55354,0.62809,0.80549,0.56893,0.64306,0.81651,0.64795,0.62365,0.73377,0.837,0.82329,0.68986,0.38544,0.03472,0.70736,0.88511,0.90287,0.65312,0.65975,0.53044,0.47117,0.73354,0.81658,0.16689,0.10135,0.333,0.59133,0.66469,0.72303,0.61906,0.4041,0.40977,0.51214,0.59171
38.67,42.33,0.77695,0.53136,0.2973,-0.08985,0.37871,0.68958,0.55299,0.74883,0.84894,0.92877,0.5361,0.6347,0.72591,0.61022,0.31375,0.58318,0.66661,0.89846,0.68423,0.72773,0.90505,0.706,0.66487,0.76206,0.8002,0.81873,0.60754,0.43802,0.12009,0.83154,0.9337,0.96167,0.7481,0.67096,0.56423,0.57251,0.74034,0.77966,0.29763,0.19837,0.42006,0.73013,0.748,0.77623,0.64672,0.38424,0.46139,0.54924,0.62254
38.67,41.67,0.74458,0.57046,0.3061,-0.04263,0.36695,0.68407,0.58081,0.76947,0.8364,0.94822,0.53299,0.649,0.70689,0.6219,0.39035,0.60477,0.70205,0.89591,0.69315,0.72172,0.89793,0.70992,0.6561,0.69328,0.77226,0.78788,0.58525,0.43942,0.11027,0.81713,0.94378,0.96849,0.73056,0.69009,0.53412,0.58138,0.71912,0.76911,0.21048,0.16456,0.418,0.72831,0.76727,0.79075,0.68036,0.40425,0.45041,0.51859,0.6213
39.33,43.0,0.87579,0.52836,0.24269,-0.18288,0.31743,0.56146,0.43408,0.58976,0.76134,0.80562,0.49475,0.52899,0.75588,0.54805,0.16252,0.5169,0.4727,0.80649,0.5165,0.67578,0.85176,0.62723,0.61691,0.88833,0.8391,0.83768,0.62841,0.41046,0.062,0.73703,0.86136,0.87298,0.70285,0.59379,0.57773,0.35982,0.76242,0.83141,0.39199,0.17782,0.3415,0.54987,0.59388,0.6924,0.4905,0.31356,0.42964,0.56003,0.56281
38.67,43.0,0.8526,0.45002,0.1961,-0.1681,0.37767,0.65618,0.47618,0.66349,0.83775,0.85368,0.5047,0.59713,0.76441,0.56933,0.13767,0.56135,0.53257,0.88358,0.61702,0.72566,0.91307,0.67845,0.65903,0.90978,0.83064,0.84382,0.58969,0.43594,0.11324,0.82348,0.89658,0.92499,0.7775,0.61931,0.59931,0.46926,0.80267,0.80918,0.44741,0.24186,0.40293,0.65435,0.66705,0.74152,0.54616,0.31927,0.45681,0.58159,0.60091
39.0,43.33,0.8863,0.46314,0.20831,-0.2167,0.33479,0.60115,0.44804,0.62094,0.80202,0.81525,0.50083,0.53226,0.75154,0.5448,0.08837,0.52655,0.47583,0.8502,0.5654,0.70257,0.89046,0.65054,0.6183,0.92396,0.82601,0.84925,0.5983,0.417,0.07847,0.78378,0.88037,0.89832,0.75365,0.59297,0.59284,0.38384,0.78427,0.83147,0.43856,0.19939,0.36182,0.59032,0.62055,0.70912,0.49552,0.29552,0.44412,0.57177,0.57463
39.0,42.67,0.89635,0.51537,0.24488,-0.21349,0.33623,0.61951,0.46872,0.64561,0.80734,0.84254,0.51379,0.5492,0.77539,0.56423,0.13219,0.52674,0.52524,0.8606,0.5848,0.69924,0.88628,0.66107,0.60904,0.92135,0.86418,0.89367,0.6711,0.42748,0.07821,0.79384,0.89385,0.90884,0.74121,0.60701,0.57166,0.42898,0.7852,0.85993,0.40351,0.16634,0.36546,0.62387,0.64631,0.71036,0.52291,0.30516,0.4202,0.5602,0.58795
39.33,43.33,0.84785,0.50639,0.23514,-0.16646,0.31819,0.53773,0.41754,0.5649,0.74256,0.78665,0.48695,0.52052,0.7212,0.53898,0.16687,0.52034,0.43898,0.78678,0.49371,0.6779,0.84461,0.61577,0.63338,0.85536,0.79457,0.7701,0.54608,0.39198,0.05882,0.71584,0.84473,0.86026,0.70263,0.58733,0.60043,0.32661,0.74678,0.78277,0.39745,0.2157,0.33805,0.52089,0.56973,0.69234,0.47144,0.32413,0.47173,0.56897,0.54982
39.33,42.67,0.86654,0.57154,0.28946,-0.14365,0.32165,0.5608,0.44765,0.60487,0.75545,0.8196,0.49901,0.55304,0.75737,0.574,0.24237,0.52343,0.49949,0.79964,0.51952,0.67012,0.84219,0.62867,0.62824,0.85411,0.84606,0.83744,0.64682,0.40487,0.05904,0.72897,0.86276,0.8783,0.6886,0.6071,0.57988,0.37961,0.75173,0.82587,0.35581,0.17558,0.34128,0.55981,0.60293,0.69673,0.51502,0.33906,0.43815,0.56299,0.5702
38.67,43.33,0.83617,0.44118,0.19374,-0.14079,0.38845,0.64401,0.46549,0.65227,0.83604,0.83991,0.49449,0.6083,0.74811,0.57404,0.15805,0.5735,0.5019,0.87322,0.60419,0.73086,0.91876,0.67462,0.68383,0.88626,0.79623,0.79387,0.51592,0.41935,0.11536,0.81297,0.88526,0.92247,0.78823,0.6197,0.62874,0.44407,0.79478,0.77247,0.46202,0.2879,0.40463,0.63968,0.64988,0.75022,0.54106,0.3319,0.49908,0.59879,0.59711
38.67,42.67,0.82362,0.4646,0.2232,-0.14161,0.38463,0.67002,0.49665,0.68642,0.84474,0.87655,0.51367,0.61485,0.75167,0.58192,0.18987,0.56953,0.57113,0.88932,0.63804,0.72993,0.9139,0.68704,0.67149,0.86286,0.81915,0.82816,0.58234,0.4355,0.12044,0.82874,0.9059,0.9357,0.77293,0.635,0.59848,0.50418,0.78518,0.78978,0.4173,0.24754,0.41259,0.68064,0.6893,0.75448,0.57651,0.3423,0.46971,0.58296,0.60893
39.33,44.0,0.76316,0.38844,0.2435,-0.16827,0.32687,0.49322,0.3713,0.49352,0.69598,0.72397,0.45762,0.48531,0.60764,0.49365,0.11112,0.52382,0.3205,0.75797,0.46143,0.70025,0.84932,0.59264,0.67214,0.79082,0.65176,0.58356,0.271,0.33351,0.04237,0.68519,0.79901,0.82872,0.73607,0.56771,0.69161,0.22329,0.6952,0.60548,0.46461,0.34985,0.33591,0.46529,0.48738,0.69556,0.38871,0.34526,0.6276,0.60777,0.5133
38.67,44.0,0.78597,0.39524,0.24366,-0.11189,0.39605,0.58624,0.41883,0.58992,0.80163,0.76832,0.45945,0.5692,0.67707,0.55119,0.1578,0.58158,0.36917,0.83024,0.56009,0.74238,0.92545,0.65057,0.72547,0.82278,0.68313,0.64246,0.281,0.35635,0.09514,0.77369,0.8417,0.89808,0.80942,0.60677,0.72346,0.2962,0.7326,0.63277,0.52085,0.41685,0.39166,0.58244,0.5644,0.75714,0.48075,0.36484,0.65066,0.64334,0.56754
39.0,43.67,0.79884,0.36318,0.25173,-0.15268,0.35221,0.547,0.41656,0.58009,0.7876,0.75895,0.48181,0.49689,0.62319,0.53026,0.12338,0.55175,0.36453,0.81158,0.53902,0.72713,0.9052,0.63247,0.68605,0.81053,0.66085,0.64229,0.30774,0.35056,0.08459,0.749,0.84582,0.89006,0.78389,0.5871,0.71166,0.25915,0.70718,0.65267,0.49091,0.35438,0.36298,0.53873,0.55933,0.73921,0.46182,0.34484,0.62068,0.62988,0.54839
39.33,43.67,0.7842,0.42732,0.23414,-0.17093,0.32446,0.49933,0.37436,0.49867,0.69718,0.73416,0.46089,0.49301,0.64516,0.49825,0.11806,0.52148,0.34571,0.75878,0.45554,0.6907,0.8408,0.59361,0.6595,0.81708,0.69889,0.63275,0.35097,0.35264,0.04396,0.68561,0.80414,0.82727,0.72019,0.57025,0.66119,0.24918,0.71252,0.65356,0.451,0.31418,0.33527,0.46983,0.49723,0.68724,0.39963,0.33652,0.57927,0.59306,0.51933
38.67,43.67,0.80083,0.41226,0.22184,-0.11744,0.40194,0.60598,0.42666,0.60119,0.80516,0.78509,0.46404,0.59081,0.70979,0.55724,0.15622,0.58317,0.40262,0.84237,0.56886,0.73954,0.9226,0.65675,0.71865,0.85586,0.72666,0.6885,0.35239,0.37798,0.10235,0.78515,0.84944,0.89905,0.80494,0.60952,0.69531,0.34544,0.7614,0.67195,0.5157,0.3913,0.39929,0.59848,0.58186,0.75348,0.49283,0.35524,0.60554,0.63062,0.57722
40.0,26.33,0.38311,0.37668,0.29744,0.49376,0.31225,0.33856,0.87164,0.7126,0.47434,0.08096,0.37705,0.18895,0.03487,0.19137,0.09149,0.41237,0.15531,0.31194,0.8083,0.8599,0.59655,0.21484,0.0419,0.09593,0.5373,0.064,0.37966,0.5078,0.86167,0.65649,0.74359,0.29126,0.49581,0.71054,0.19771,0.01098,-0.03279,0.52392,0.51207,0.38526,0.23922,0.56937,0.74321,0.48685,0.30277,0.5578,0.19662,0.07921,0.39047
40.33,26.33,0.37536,0.33694,0.29103,0.48491,0.25524,0.25878,0.83937,0.6613,0.4397,0.04013,0.34908,0.1411,0.00688,0.15667,0.08566,0.3645,0.08711,0.22997,0.77883,0.83012,0.5521,0.15819,-0.00135,0.04946,0.50521,0.05447,0.37098,0.45918,0.81418,0.61401,0.73516,0.25014,0.44555,0.68354,0.15784,-0.00857,-0.08013,0.49392,0.50188,0.3395,0.21839,0.5618,0.69592,0.45869,0.27834,0.5156,0.15244,0.07508,0.3555
39.67,26.33,0.37238,0.36301,0.31505,0.51398,0.33233,0.33395,0.86836,0.72514,0.4635,0.1074,0.40619,0.19804,0.02647,0.20834,0.1055,0.39903,0.21902,0.33727,0.80853,0.86855,0.61323,0.25845,0.08311,0.07348,0.52281,0.06781,0.35281,0.52115,0.88059,0.66777,0.7704,0.32769,0.50667,0.69831,0.2407,0.05784,0.00172,0.49837,0.49968,0.40566,0.25679,0.5766,0.76327,0.4937,0.33504,0.57296,0.19725,0.09766,0.40237
40.33,27.0,0.19731,0.23475,0.23503,0.47518,0.22528,0.19074,0.80998,0.64877,0.29533,-0.02395,0.24736,0.09969,-0.03979,0.1097,0.03367,0.28467,0.04174,0.20652,0.70619,0.80006,0.53109,0.12915,-0.02938,0.01434,0.42538,-0.01051,0.24923,0.37311,0.82079,0.58784,0.73813,0.21635,0.37187,0.53326,0.07075,-0.03058,-0.08051,0.40306,0.29154,0.24325,0.17499,0.52688,0.7018,0.33541,0.30919,0.45377,0.03708,0.02504,0.29564
39.67,27.0,0.20129,0.25535,0.24637,0.48281,0.27928,0.22471,0.82467,0.70245,0.30986,0.02977,0.31117,0.14678,-0.01778,0.13671,0.02992,0.29541,0.15234,0.27972,0.7315,0.84179,0.57868,0.21848,0.05478,0.04312,0.4473,-0.00587,0.22683,0.42055,0.85822,0.61273,0.77256,0.27471,0.43343,0.54377,0.14278,0.02604,-0.03287,0.41023,0.28017,0.26737,0.16924,0.52165,0.75641,0.35148,0.35458,0.49533,0.06519,0.06306,0.32946
40.0,27.33,0.14746,0.23234,0.21166,0.46393,0.25381,0.20686,0.80739,0.67006,0.26336,-0.01497,0.24985,0.12108,-0.0401,0.10473,0.01413,0.27883,0.08636,0.25401,0.7004,0.81161,0.54854,0.16578,0.00146,0.03566,0.41802,-0.02238,0.21407,0.37845,0.84231,0.59882,0.74558,0.23747,0.38425,0.50816,0.08636,-0.00831,-0.06246,0.39264,0.23986,0.24022,0.16884,0.51751,0.72326,0.30521,0.33675,0.44777,0.02821,0.03283,0.29849
40.0,26.67,0.20999,0.27162,0.24853,0.47622,0.26922,0.23267,0.83148,0.68811,0.32032,0.01093,0.27459,0.12844,-0.00856,0.13348,0.04922,0.31804,0.10049,0.27083,0.72991,0.82578,0.56788,0.16924,0.00385,0.05691,0.46337,0.01015,0.26197,0.42521,0.84708,0.61985,0.75094,0.24638,0.41822,0.56186,0.1014,-0.00378,-0.06298,0.43937,0.3075,0.27938,0.1885,0.53603,0.74204,0.352,0.33085,0.49309,0.08514,0.03859,0.32524
40.33,27.33,0.16449,0.20795,0.20729,0.46915,0.21154,0.18073,0.78856,0.62873,0.26082,-0.04259,0.23273,0.09916,-0.0678,0.08969,0.00419,0.26055,0.03119,0.18911,0.68552,0.7868,0.5117,0.12986,-0.02643,-0.00758,0.38736,-0.03432,0.21911,0.33222,0.8142,0.56964,0.72923,0.21293,0.34644,0.50225,0.07131,-0.03464,-0.07035,0.36221,0.25864,0.22227,0.16264,0.51311,0.67676,0.31298,0.30385,0.41628,-0.00433,0.02272,0.27683
40.33,26.67,0.25075,0.25751,0.2605,0.48296,0.22518,0.20575,0.81857,0.65139,0.33753,-0.0115,0.27896,0.10898,-0.02945,0.12085,0.04729,0.30542,0.04583,0.2028,0.72602,0.80938,0.535,0.13765,-0.02237,0.01876,0.44622,0.00438,0.28415,0.39337,0.81625,0.58958,0.7379,0.22525,0.39143,0.5726,0.09283,-0.02746,-0.08066,0.425,0.34614,0.26491,0.17915,0.53564,0.69701,0.37074,0.30053,0.47525,0.06305,0.03993,0.31056
39.67,27.33,0.18086,0.22998,0.22461,0.47758,0.2689,0.21445,0.80837,0.69373,0.28583,0.02261,0.32153,0.15795,-0.03936,0.11831,-0.00391,0.26724,0.15288,0.26276,0.72,0.84138,0.56612,0.23817,0.07473,0.02835,0.41419,-0.03147,0.19849,0.38493,0.85585,0.59229,0.7718,0.27916,0.42107,0.51782,0.15957,0.02712,-0.02003,0.37306,0.25007,0.24186,0.1476,0.50454,0.74013,0.33988,0.36006,0.46831,0.02565,0.07316,0.31684
39.67,26.67,0.25349,0.28232,0.27616,0.49733,0.29057,0.25463,0.83873,0.71366,0.35749,0.05156,0.34621,0.16308,-0.00697,0.1606,0.04982,0.32293,0.17412,0.29456,0.75556,0.85352,0.59077,0.23965,0.07209,0.04881,0.47008,0.0119,0.26057,0.44829,0.86683,0.62587,0.77757,0.29563,0.45816,0.58554,0.17726,0.03963,-0.01534,0.43257,0.33634,0.30379,0.18582,0.5361,0.76259,0.39328,0.35361,0.524,0.09993,0.07648,0.35182
40.33,28.0,0.01247,0.12592,0.08498,0.45211,0.17507,0.16529,0.70228,0.59035,0.10445,-0.08698,0.20407,0.1363,-0.1583,0.02477,-0.12107,0.16598,0.0319,0.15297,0.59932,0.7556,0.45345,0.17197,0.02282,-0.03333,0.25248,-0.11316,0.09031,0.1995,0.80995,0.49344,0.69961,0.19788,0.269,0.37111,0.10218,-0.01906,-0.00498,0.21273,0.10576,0.13757,0.10299,0.45168,0.59032,0.22401,0.31537,0.28344,-0.14589,0.03513,0.21654
39.67,28.0,0.06772,0.14661,0.11924,0.46407,0.21382,0.18105,0.73383,0.65425,0.15743,-0.01897,0.32369,0.20813,-0.12248,0.05316,-0.129,0.16374,0.12369,0.1891,0.63994,0.81573,0.50221,0.28334,0.12841,0.00898,0.28768,-0.10802,0.0911,0.24535,0.83668,0.50264,0.74202,0.25183,0.34678,0.40425,0.19936,0.03957,0.03911,0.23521,0.11386,0.14131,0.07147,0.43713,0.65092,0.27051,0.37658,0.35239,-0.12422,0.10233,0.25862
40.0,28.33,0.00444,0.13053,0.07411,0.45888,0.19084,0.17853,0.69977,0.62024,0.09249,-0.06449,0.27054,0.18839,-0.16711,0.02553,-0.15082,0.14881,0.07544,0.16852,0.60134,0.78181,0.46679,0.24031,0.09084,-0.00109,0.2453,-0.12623,0.06507,0.20144,0.83113,0.4816,0.71008,0.2199,0.29068,0.35838,0.16333,0.02196,0.03322,0.19887,0.07945,0.12905,0.07568,0.43624,0.60083,0.22222,0.35423,0.29547,-0.16391,0.07955,0.22767
40.0,27.67,0.02113,0.15173,0.10256,0.44687,0.21432,0.18981,0.73222,0.62223,0.13456,-0.06701,0.24642,0.15645,-0.1499,0.03604,-0.11477,0.18318,0.06573,0.20006,0.6336,0.78671,0.48593,0.21349,0.04618,-0.01658,0.28064,-0.11579,0.10469,0.23468,0.83175,0.52478,0.7169,0.23616,0.30792,0.38909,0.12522,-0.00545,-0.01071,0.24797,0.10513,0.15857,0.11121,0.46,0.62962,0.22828,0.35088,0.31867,-0.13267,0.0515,0.23896
40.33,28.33,0.01469,0.11231,0.07502,0.46646,0.1534,0.15214,0.67754,0.59366,0.07912,-0.07735,0.21543,0.15362,-0.15559,0.0273,-0.13281,0.14549,0.0437,0.12332,0.57394,0.75224,0.44243,0.182,0.05013,-0.01482,0.23822,-0.10475,0.06786,0.18833,0.80497,0.46077,0.69758,0.17493,0.25899,0.35721,0.12466,0.003,0.02621,0.18341,0.09986,0.11819,0.07823,0.43482,0.575,0.23229,0.31228,0.278,-0.14655,0.05371,0.21189
39.67,28.33,0.08828,0.13776,0.12247,0.48733,0.1932,0.16451,0.71878,0.66489,0.14652,0.00446,0.36005,0.24357,-0.10798,0.06528,-0.13943,0.14313,0.14469,0.15533,0.62289,0.82132,0.49524,0.31287,0.17802,0.03688,0.28206,-0.09311,0.07489,0.2417,0.83317,0.46813,0.74789,0.23148,0.35019,0.40178,0.24244,0.07394,0.08386,0.21315,0.1161,0.11972,0.03745,0.41892,0.64502,0.29518,0.38182,0.36456,-0.12162,0.13586,0.2626
39.67,27.67,0.09849,0.16298,0.14748,0.46908,0.2256,0.18193,0.75347,0.66699,0.18908,-0.00427,0.32372,0.19466,-0.0957,0.07199,-0.09669,0.18542,0.1369,0.20238,0.66027,0.82465,0.52015,0.2731,0.11843,0.01477,0.32159,-0.08683,0.11334,0.28324,0.8402,0.52343,0.75506,0.25536,0.36846,0.43194,0.18991,0.0374,0.02473,0.26911,0.14403,0.15985,0.0829,0.44997,0.68081,0.29114,0.37408,0.38467,-0.08395,0.09712,0.27359
40.33,29.0,0.01361,0.0711,0.02499,0.51866,0.07637,0.08995,0.58532,0.63755,-0.02095,-0.02669,0.32244,0.25822,-0.14374,0.03543,-0.18966,0.03783,0.10057,0.0339,0.48212,0.74924,0.405,0.27324,0.1907,0.08781,0.17901,-0.0898,-0.01638,0.13933,0.80406,0.32402,0.69977,0.10621,0.23865,0.28205,0.24901,0.10883,0.16613,0.08035,0.04392,0.04402,-0.04041,0.34412,0.50227,0.25632,0.33356,0.27076,-0.1616,0.15472,0.20067
39.67,29.0,0.10204,0.10204,0.09059,0.54859,0.10714,0.09433,0.63359,0.69369,0.05711,0.05094,0.45321,0.35262,-0.0887,0.08622,-0.18489,0.04454,0.17838,0.04484,0.52756,0.80844,0.44377,0.38898,0.31053,0.14222,0.22622,-0.06184,-0.00171,0.19515,0.81194,0.32532,0.74275,0.1474,0.32363,0.33489,0.36697,0.18044,0.23624,0.11726,0.07865,0.0514,-0.07716,0.33514,0.57357,0.32569,0.38654,0.36107,-0.13376,0.24063,0.25155
40.0,29.33,0.05088,0.07701,0.03907,0.54285,0.07379,0.0706,0.58051,0.68235,-0.01476,0.01993,0.42368,0.33127,-0.11635,0.05619,-0.20065,0.00885,0.14304,0.02274,0.47988,0.77728,0.41488,0.34867,0.28319,0.14895,0.18649,-0.08149,-0.03941,0.15573,0.82038,0.2856,0.71623,0.10054,0.26968,0.28174,0.33742,0.17591,0.2331,0.07941,0.04924,0.03066,-0.09724,0.31217,0.52523,0.27811,0.36004,0.31536,-0.15505,0.22793,0.22108
40.0,28.67,0.03884,0.09291,0.04133,0.53256,0.10853,0.11527,0.60981,0.66222,0.00301,-0.00156,0.38439,0.30132,-0.13755,0.04579,-0.19287,0.05444,0.13536,0.05787,0.51038,0.78449,0.43073,0.32261,0.25047,0.1202,0.20312,-0.09197,-0.02466,0.17012,0.83349,0.33803,0.71493,0.1305,0.27312,0.30338,0.30205,0.14771,0.19057,0.09765,0.06077,0.05531,-0.05027,0.35686,0.54982,0.2598,0.36059,0.31029,-0.1625,0.19171,0.22481
40.33,29.33,0.01523,0.05937,0.02202,0.51293,0.05186,0.05365,0.57047,0.64642,-0.02384,-0.02128,0.32745,0.2578,-0.13143,0.03796,-0.19033,0.00483,0.09182,0.0166,0.46468,0.73627,0.39282,0.27851,0.18044,0.0813,0.16488,-0.0874,-0.00727,0.12061,0.78274,0.29762,0.70016,0.09574,0.23349,0.26729,0.24937,0.10226,0.17288,0.07751,0.02922,0.03027,-0.05747,0.31214,0.47353,0.26631,0.33015,0.26456,-0.15779,0.15939,0.19283
40.33,28.67,0.00672,0.07723,0.03233,0.49916,0.09422,0.10522,0.60704,0.61745,0.0022,-0.04611,0.27826,0.22347,-0.14957,0.02964,-0.17709,0.06504,0.07896,0.05682,0.50327,0.74353,0.40955,0.24247,0.14143,0.05116,0.18782,-0.09518,0.00719,0.14339,0.79601,0.36083,0.69608,0.12668,0.23772,0.29804,0.20705,0.07103,0.12553,0.10303,0.0533,0.06251,-0.00382,0.36781,0.51318,0.24621,0.32332,0.26045,-0.16093,0.11862,0.19871
39.67,29.33,0.12146,0.09721,0.10685,0.54831,0.09064,0.06279,0.63144,0.70599,0.07287,0.06678,0.47382,0.36902,-0.06371,0.10251,-0.17954,0.02027,0.18127,0.02914,0.51912,0.80402,0.43625,0.40841,0.31852,0.14854,0.22097,-0.05013,0.0096,0.192,0.78622,0.30029,0.7464,0.1419,0.33336,0.32852,0.38546,0.18599,0.2567,0.12254,0.07588,0.0458,-0.09656,0.30669,0.55905,0.35149,0.38771,0.37117,-0.11744,0.2614,0.25369
39.67,28.67,0.1014,0.1091,0.10179,0.53034,0.12918,0.11346,0.65938,0.68601,0.08837,0.04128,0.43189,0.32741,-0.09088,0.08068,-0.17569,0.06903,0.17346,0.07447,0.55514,0.81428,0.4581,0.37676,0.27863,0.10991,0.2395,-0.07011,0.02296,0.20466,0.81156,0.36337,0.74624,0.17552,0.33385,0.35569,0.33936,0.15091,0.19766,0.14214,0.08702,0.06817,-0.04618,0.35408,0.59013,0.32452,0.38914,0.36216,-0.1317,0.21513,0.25561
40.33,30.0,0.04145,0.0093,0.05112,0.52758,-0.02263,-0.08052,0.52396,0.71232,-0.01343,0.03325,0.44308,0.32254,-0.06968,0.07511,-0.18744,-0.13163,0.09295,-0.04733,0.41117,0.70611,0.35502,0.35853,0.24168,0.11287,0.11214,-0.08089,0.00713,0.07434,0.7274,0.15819,0.70187,0.05479,0.23459,0.21396,0.33178,0.12652,0.26476,0.06788,-0.00238,-0.01837,-0.14585,0.17964,0.41311,0.33093,0.34458,0.28536,-0.14753,0.2423,0.18628
39.67,30.0,0.14515,0.04868,0.14698,0.56103,0.02725,-0.06029,0.58859,0.74863,0.08043,0.11101,0.55887,0.42163,-0.00467,0.14922,-0.16038,-0.09202,0.16885,-0.03603,0.46606,0.76652,0.3905,0.46389,0.35537,0.1841,0.16316,-0.04232,0.02512,0.16013,0.7216,0.17443,0.73717,0.09924,0.33125,0.27225,0.4533,0.19821,0.34417,0.11602,0.06084,0.02032,-0.15954,0.19246,0.49907,0.41593,0.38788,0.37946,-0.08901,0.33522,0.24637
40.0,30.33,0.09531,0.00622,0.10415,0.54633,-0.01925,-0.11908,0.53382,0.75105,0.02501,0.08537,0.54302,0.39218,-0.02483,0.12033,-0.17715,-0.15152,0.11972,-0.06302,0.41678,0.72794,0.35772,0.42475,0.32194,0.1607,0.12101,-0.07202,-0.00056,0.1096,0.71951,0.11617,0.70876,0.04945,0.27764,0.22749,0.41854,0.17536,0.32862,0.08931,0.02477,-0.02034,-0.19073,0.14076,0.45313,0.37725,0.36017,0.33632,-0.12724,0.31725,0.21079
40.0,29.67,0.07179,0.02213,0.06676,0.53088,-0.00736,-0.07378,0.52885,0.73256,-0.01034,0.06222,0.50437,0.37533,-0.04452,0.08914,-0.20013,-0.12535,0.11721,-0.04039,0.42335,0.73662,0.37103,0.40091,0.29769,0.15842,0.13388,-0.07638,-0.0229,0.10939,0.74706,0.16028,0.71087,0.04917,0.2668,0.22946,0.387,0.18262,0.2957,0.08193,0.01567,-0.0165,-0.19165,0.17215,0.45962,0.33138,0.3527,0.32088,-0.13261,0.29882,0.20527
40.33,30.33,0.05683,0.00556,0.08022,0.55148,-0.02044,-0.0889,0.54258,0.71843,0.02505,0.04457,0.45595,0.32338,-0.06871,0.09759,-0.16243,-0.13243,0.10066,-0.05544,0.41787,0.69968,0.35016,0.3679,0.25622,0.10501,0.10705,-0.07506,0.03382,0.07463,0.7109,0.13951,0.70259,0.07191,0.24174,0.22139,0.34758,0.11068,0.28206,0.06956,0.01017,-0.01448,-0.11648,0.18065,0.4134,0.36864,0.35712,0.29532,-0.15015,0.23741,0.19356
40.33,29.67,0.03239,0.02463,0.04466,0.52883,-0.00262,-0.03674,0.53861,0.69133,-0.01606,0.01677,0.40407,0.30082,-0.09171,0.0665,-0.18492,-0.0907,0.09613,-0.03182,0.42569,0.71144,0.36402,0.33507,0.22183,0.10138,0.12536,-0.07882,0.00865,0.08535,0.73933,0.19902,0.70174,0.07029,0.23258,0.22704,0.30706,0.11608,0.24017,0.06627,0.00568,-0.00413,-0.11191,0.22138,0.4228,0.3185,0.34299,0.27683,-0.14985,0.21387,0.18804
39.67,30.33,0.17384,0.05077,0.19858,0.5873,0.04268,-0.06296,0.61817,0.75404,0.13185,0.13366,0.58438,0.43544,0.00715,0.18943,-0.12718,-0.07713,0.18681,-0.04385,0.48112,0.7712,0.39169,0.48779,0.38363,0.18942,0.16497,-0.03143,0.0608,0.1815,0.70442,0.16585,0.74133,0.12646,0.35539,0.28832,0.486,0.18846,0.37308,0.12992,0.09024,0.03962,-0.1214,0.20221,0.51204,0.46733,0.40532,0.40273,-0.0727,0.3431,0.2644
39.67,29.67,0.14822,0.06769,0.14629,0.56638,0.04767,-0.02172,0.60714,0.7376,0.08835,0.10513,0.54079,0.41552,-0.01727,0.14549,-0.16181,-0.05594,0.18272,-0.02138,0.48454,0.78071,0.40534,0.45846,0.35663,0.17954,0.18307,-0.03542,0.02785,0.17403,0.73456,0.21066,0.74498,0.11726,0.34019,0.29285,0.44676,0.19902,0.33006,0.11874,0.07034,0.03122,-0.13613,0.22944,0.51832,0.41225,0.39431,0.38565,-0.09083,0.31883,0.25425
40.33,31.0,0.15581,-0.0161,0.2431,0.65665,0.00097,-0.15018,0.60619,0.78056,0.18493,0.13941,0.59192,0.39188,-0.02374,0.22213,-0.06552,-0.15251,0.13659,-0.10567,0.43765,0.69735,0.33005,0.45244,0.39377,0.13197,0.09046,-0.05346,0.10376,0.12178,0.63018,0.03149,0.70005,0.11521,0.29108,0.26023,0.48207,0.10608,0.41561,0.08432,0.07919,-0.00222,-0.05697,0.14564,0.46314,0.54919,0.41912,0.36943,-0.13934,0.29887,0.24051
39.67,31.0,0.25152,0.02319,0.35797,0.67725,0.07498,-0.11177,0.676,0.79561,0.27568,0.22075,0.69088,0.47699,0.03825,0.31667,-0.02288,-0.07962,0.22067,-0.09061,0.49724,0.76356,0.37168,0.55393,0.49167,0.20566,0.14152,-0.01732,0.14505,0.23313,0.62808,0.07804,0.72831,0.17251,0.39988,0.31984,0.59539,0.16498,0.49224,0.14505,0.1645,0.07098,-0.03095,0.17832,0.54667,0.62871,0.45286,0.4549,-0.05146,0.38996,0.30638
40.0,31.33,0.2377,-0.00219,0.33477,0.68548,0.02986,-0.17576,0.64674,0.80843,0.25846,0.20566,0.68748,0.45337,0.01932,0.30455,-0.02623,-0.13209,0.17337,-0.12934,0.45429,0.7344,0.33309,0.51896,0.47939,0.17523,0.11531,-0.0283,0.12312,0.1921,0.60048,0.00931,0.70264,0.12912,0.35393,0.29962,0.57668,0.14308,0.49048,0.1159,0.1306,0.01947,-0.05707,0.13118,0.51921,0.6264,0.43619,0.42258,-0.10443,0.36654,0.27894
40.0,30.67,0.19705,-0.01139,0.27009,0.65202,0.00454,-0.18304,0.6118,0.79613,0.19529,0.1697,0.6557,0.43897,0.0045,0.25823,-0.06604,-0.14506,0.15826,-0.12074,0.43794,0.72724,0.33446,0.49509,0.43949,0.1703,0.11219,-0.04648,0.08599,0.16426,0.63957,0.01991,0.70291,0.10191,0.33089,0.27748,0.54189,0.14665,0.44611,0.11334,0.10105,0.00275,-0.09795,0.12728,0.4925,0.55929,0.40899,0.40516,-0.11709,0.35289,0.25754
40.33,31.33,0.16831,-0.00537,0.2749,0.67306,0.0211,-0.1215,0.62506,0.78315,0.21689,0.15531,0.59136,0.39287,-0.01708,0.23365,-0.04804,-0.14249,0.14469,-0.09698,0.45135,0.69726,0.33393,0.45845,0.40465,0.13201,0.08914,-0.0421,0.12558,0.12959,0.60384,0.04375,0.70299,0.13617,0.29537,0.2675,0.48393,0.10287,0.43388,0.07713,0.09233,0.00958,-0.02598,0.15823,0.47823,0.58237,0.44327,0.37069,-0.13003,0.29883,0.25112
40.33,30.67,0.12097,-0.01108,0.19413,0.62626,-0.0054,-0.12798,0.58627,0.76111,0.13853,0.10988,0.54531,0.36718,-0.03781,0.18096,-0.09339,-0.15111,0.12739,-0.08704,0.43372,0.6929,0.33727,0.42648,0.34674,0.12108,0.09048,-0.0607,0.08884,0.10048,0.6526,0.06511,0.7032,0.10668,0.27316,0.24315,0.4345,0.10109,0.37494,0.07587,0.05493,-0.00293,-0.06761,0.15657,0.44023,0.49553,0.40412,0.34278,-0.14193,0.27658,0.22521
39.67,31.33,0.27464,0.03801,0.4025,0.69187,0.1142,-0.06869,0.70599,0.79665,0.32075,0.24859,0.69827,0.483,0.05092,0.34408,0.00171,-0.05351,0.24512,-0.07604,0.52317,0.77287,0.38479,0.5732,0.51262,0.21304,0.14902,-0.00256,0.17913,0.25998,0.6038,0.10492,0.7351,0.20697,0.42232,0.33818,0.60769,0.16581,0.51806,0.14629,0.1898,0.10178,0.01174,0.19626,0.57025,0.66824,0.47967,0.46547,-0.02335,0.4009,0.32694
39.67,30.67,0.23383,0.03422,0.3218,0.65459,0.07397,-0.08867,0.66597,0.78373,0.24429,0.2024,0.66238,0.47011,0.03629,0.28482,-0.04742,-0.07517,0.21929,-0.07191,0.49974,0.76772,0.38245,0.54314,0.4641,0.20691,0.14968,-0.01788,0.13008,0.22269,0.64724,0.11049,0.73691,0.16994,0.39401,0.31224,0.56781,0.17258,0.46358,0.14326,0.14957,0.07274,-0.04885,0.19065,0.53734,0.59045,0.44752,0.44626,-0.04652,0.38126,0.29983
40.33,32.0,0.27711,0.02737,0.45145,0.74096,0.10993,-0.07223,0.71284,0.81802,0.36407,0.26512,0.67179,0.44025,0.06162,0.32953,0.02568,-0.10009,0.1842,-0.10827,0.49954,0.71061,0.33634,0.5226,0.503,0.17405,0.10954,0.01598,0.19405,0.21849,0.48046,0.0617,0.70539,0.22194,0.35114,0.31987,0.56876,0.12542,0.54908,0.07629,0.16456,0.06648,0.05798,0.16788,0.57942,0.74754,0.52091,0.40302,-0.05463,0.34503,0.31129
39.67,32.0,0.35993,0.0577,0.54628,0.74573,0.20959,0.00124,0.78078,0.82922,0.45487,0.34548,0.75069,0.49929,0.1051,0.42518,0.07311,-0.01126,0.28215,-0.07047,0.57422,0.77952,0.39295,0.61961,0.5751,0.23189,0.15602,0.05383,0.25056,0.33783,0.48808,0.13199,0.73362,0.2909,0.46888,0.38764,0.66149,0.17163,0.60757,0.13414,0.23833,0.16576,0.11238,0.20329,0.65248,0.81405,0.55312,0.47844,0.04515,0.42769,0.37756
40.0,32.33,0.36053,0.05442,0.53652,0.74786,0.16548,-0.04753,0.76465,0.8345,0.44313,0.32644,0.74556,0.47419,0.10521,0.39454,0.06127,-0.05491,0.23085,-0.11032,0.53722,0.75704,0.35534,0.58725,0.54995,0.20509,0.14471,0.05886,0.23091,0.29851,0.44942,0.08692,0.71381,0.25981,0.42817,0.36883,0.63834,0.1565,0.60638,0.10956,0.20678,0.12172,0.08593,0.17072,0.63594,0.8134,0.54111,0.43988,0.00394,0.39368,0.35392
40.0,31.67,0.34259,0.05398,0.48295,0.73662,0.12486,-0.08713,0.73868,0.83034,0.40278,0.29705,0.73296,0.4732,0.07609,0.38839,0.04815,-0.0796,0.20977,-0.11674,0.50632,0.75968,0.34177,0.57085,0.54599,0.19302,0.13505,0.04208,0.21661,0.2699,0.48159,0.05746,0.70963,0.21338,0.40985,0.34985,0.62862,0.15334,0.59135,0.10939,0.19165,0.0823,0.04834,0.15669,0.60359,0.77149,0.51565,0.43799,-0.03492,0.39581,0.33561
40.33,32.33,0.26092,0.01077,0.47616,0.74596,0.131,-0.05196,0.71777,0.81347,0.37141,0.27592,0.66467,0.43825,0.08181,0.31441,0.02145,-0.08768,0.19594,-0.10376,0.51966,0.69002,0.34684,0.52135,0.49258,0.18447,0.11117,0.01126,0.18639,0.22669,0.47257,0.08207,0.70759,0.25739,0.34515,0.32065,0.56295,0.12096,0.54105,0.0733,0.16935,0.09279,0.07783,0.1821,0.59386,0.75939,0.53084,0.3971,-0.02862,0.32959,0.31573
40.33,31.67,0.23651,0.0105,0.40135,0.72735,0.08671,-0.08089,0.68622,0.80774,0.32222,0.23293,0.64307,0.42552,0.03777,0.29899,0.00507,-0.1132,0.17351,-0.10173,0.49045,0.69772,0.33803,0.50144,0.47453,0.16054,0.09754,-0.00583,0.17469,0.18819,0.5177,0.05594,0.70511,0.20408,0.32977,0.30193,0.54078,0.11478,0.51332,0.07342,0.14539,0.05273,0.04209,0.16884,0.55004,0.70217,0.50293,0.39275,-0.07646,0.32681,0.29336
39.67,32.33,0.35262,0.04195,0.57558,0.75104,0.24866,0.04098,0.79459,0.83137,0.47284,0.36559,0.75376,0.50046,0.12604,0.4214,0.0748,0.01627,0.30802,-0.05115,0.60828,0.76862,0.41626,0.63148,0.56798,0.24712,0.15994,0.05951,0.25266,0.36213,0.48154,0.16767,0.74146,0.33629,0.4813,0.4016,0.66203,0.17185,0.60106,0.13819,0.24654,0.20954,0.14685,0.22319,0.6762,0.834,0.57236,0.4839,0.08612,0.42278,0.39132
39.67,31.67,0.33339,0.04843,0.51863,0.73711,0.19602,-0.00682,0.76674,0.81951,0.42545,0.3249,0.73851,0.49954,0.09379,0.40958,0.05876,-0.01401,0.28277,-0.06528,0.56995,0.77557,0.39806,0.61296,0.5652,0.23307,0.15303,0.03686,0.23762,0.32399,0.52303,0.13204,0.73621,0.27982,0.4611,0.37728,0.65183,0.16961,0.58632,0.1419,0.2364,0.16106,0.09809,0.21022,0.63722,0.78234,0.53988,0.48252,0.03782,0.42418,0.36963
40.33,33.0,0.26912,-0.02627,0.59506,0.75054,0.23714,0.01142,0.76503,0.81849,0.44373,0.36689,0.70331,0.45278,0.17738,0.31445,0.02738,-0.01702,0.248,-0.08877,0.60254,0.64438,0.37852,0.56441,0.47218,0.25722,0.15926,0.03986,0.17851,0.31732,0.40631,0.16674,0.70974,0.40137,0.38285,0.3617,0.58193,0.11805,0.54755,0.09324,0.20689,0.21376,0.1534,0.21381,0.68526,0.85201,0.57548,0.39323,0.1049,0.30605,0.35702
39.67,33.0,0.33489,-0.01212,0.65902,0.75494,0.34049,0.11645,0.82824,0.84562,0.52657,0.44126,0.77674,0.49915,0.20489,0.39972,0.07116,0.07339,0.34901,-0.02489,0.68514,0.71486,0.45203,0.65817,0.52354,0.299,0.19172,0.09434,0.23482,0.42716,0.41335,0.24852,0.74427,0.47145,0.50572,0.44004,0.65288,0.16376,0.58741,0.14201,0.25879,0.32128,0.2332,0.25224,0.74946,0.91447,0.62462,0.46596,0.20056,0.38382,0.42165
40.0,33.33,0.31407,-0.02017,0.6577,0.74299,0.30327,0.07784,0.80968,0.83496,0.50798,0.42083,0.76681,0.47126,0.20614,0.35236,0.05042,0.04069,0.30636,-0.06101,0.66113,0.68308,0.4219,0.63098,0.47657,0.28499,0.19688,0.08653,0.20572,0.39648,0.39468,0.22044,0.72619,0.46046,0.46585,0.4151,0.62123,0.13514,0.56772,0.13345,0.23734,0.29375,0.20653,0.23728,0.73551,0.90535,0.60957,0.42306,0.17414,0.33174,0.39835
40.0,32.67,0.33553,-0.00725,0.64484,0.74955,0.27267,0.05144,0.80215,0.8364,0.50428,0.39103,0.77195,0.46854,0.1878,0.35534,0.0597,0.01872,0.29953,-0.08095,0.63637,0.70818,0.4109,0.62463,0.5001,0.25315,0.18085,0.0753,0.2162,0.37278,0.41384,0.18585,0.72632,0.41087,0.45926,0.41065,0.63086,0.14912,0.58573,0.12497,0.22624,0.25733,0.17785,0.22345,0.71424,0.88755,0.59037,0.43628,0.13154,0.34795,0.39021
40.33,33.33,0.24334,-0.02882,0.57888,0.74473,0.24487,0.00937,0.75838,0.81181,0.42508,0.38367,0.67853,0.45752,0.17995,0.3163,0.01636,-0.01419,0.23487,-0.074,0.60217,0.61481,0.37016,0.55209,0.46118,0.2862,0.16436,0.03866,0.16642,0.31863,0.38939,0.18054,0.70414,0.42059,0.36614,0.34868,0.56778,0.10264,0.53032,0.09223,0.21255,0.21603,0.15999,0.21425,0.6902,0.85251,0.57893,0.3769,0.12089,0.29556,0.35337
40.33,32.67,0.26103,-0.01793,0.55786,0.75317,0.20607,-0.0092,0.74918,0.81774,0.41834,0.34389,0.68293,0.45123,0.15043,0.31594,0.02576,-0.04013,0.22873,-0.09144,0.57574,0.64867,0.36574,0.54521,0.48388,0.24091,0.14098,0.02728,0.17831,0.28576,0.41766,0.14057,0.70719,0.36248,0.36359,0.34465,0.57407,0.11789,0.54692,0.08113,0.1972,0.17234,0.13286,0.20433,0.65973,0.82676,0.56471,0.39156,0.06554,0.31257,0.34333
39.67,33.33,0.31353,-0.01747,0.64186,0.74965,0.36065,0.13556,0.82911,0.84683,0.52063,0.46901,0.76249,0.51156,0.2124,0.41369,0.06419,0.08805,0.35037,0.00191,0.69665,0.69437,0.45752,0.65876,0.51552,0.32972,0.20088,0.10297,0.22861,0.4421,0.39625,0.27376,0.74616,0.50262,0.50887,0.4409,0.64294,0.15601,0.57672,0.14379,0.27113,0.33616,0.25503,0.26034,0.75976,0.92218,0.64324,0.45795,0.22949,0.38665,0.4269
39.67,32.67,0.34032,0.0025,0.63702,0.75742,0.32694,0.10411,0.82261,0.84322,0.51649,0.43029,0.76832,0.50574,0.18505,0.41696,0.07668,0.06306,0.34342,-0.0243,0.66979,0.72811,0.44547,0.65364,0.54465,0.29333,0.18284,0.08572,0.24335,0.41745,0.42824,0.23275,0.74513,0.44312,0.50216,0.4323,0.6584,0.16828,0.59547,0.13894,0.26168,0.29521,0.21748,0.24644,0.73422,0.89881,0.61682,0.47515,0.17887,0.40313,0.41777
40.33,34.0,0.17497,-0.03251,0.53567,0.69721,0.31111,0.05604,0.75257,0.80308,0.40975,0.48465,0.63906,0.48735,0.21255,0.34166,-0.01052,0.0229,0.21893,0.00094,0.63112,0.54163,0.36658,0.55757,0.38868,0.39569,0.19363,0.07102,0.12754,0.35768,0.30797,0.25966,0.68654,0.52011,0.3851,0.33893,0.51458,0.07366,0.49644,0.11742,0.23227,0.26315,0.21574,0.2199,0.73376,0.88103,0.59795,0.32072,0.22101,0.27292,0.3624
39.67,34.0,0.22348,-0.02368,0.57416,0.69837,0.3999,0.16856,0.81808,0.84866,0.49959,0.55836,0.71623,0.5341,0.2451,0.42605,0.02367,0.1039,0.31256,0.07239,0.70837,0.61098,0.45107,0.6486,0.43757,0.42829,0.22724,0.13288,0.17329,0.4554,0.31185,0.33323,0.72862,0.5988,0.50738,0.4254,0.57066,0.12015,0.54654,0.16326,0.28032,0.35132,0.31002,0.26383,0.78915,0.94699,0.67516,0.38775,0.31367,0.35772,0.42615
40.0,34.33,0.18775,-0.02609,0.55783,0.67859,0.3642,0.13016,0.78602,0.82676,0.45753,0.54213,0.68249,0.50985,0.23075,0.3885,-0.00205,0.0717,0.26062,0.04896,0.6736,0.57273,0.41421,0.61223,0.37858,0.42424,0.22018,0.1163,0.13806,0.42041,0.29561,0.3034,0.70057,0.57775,0.46372,0.37872,0.52406,0.08555,0.51276,0.15024,0.25799,0.3101,0.27515,0.24662,0.76864,0.9233,0.64291,0.33498,0.28194,0.3035,0.39591
40.0,33.67,0.23106,-0.01706,0.60857,0.70592,0.35218,0.12072,0.80118,0.83078,0.47376,0.5148,0.71619,0.49823,0.21997,0.38285,0.01474,0.07382,0.28054,0.01666,0.6797,0.60515,0.41977,0.6255,0.415,0.39378,0.2283,0.1213,0.16359,0.43206,0.32504,0.29133,0.7139,0.55034,0.46455,0.39526,0.56996,0.0884,0.51426,0.15736,0.26494,0.32625,0.26172,0.25028,0.76953,0.93115,0.64942,0.3655,0.25491,0.30643,0.40332
40.33,34.33,0.13887,-0.04726,0.47902,0.67897,0.31176,0.05005,0.72839,0.79376,0.38707,0.48866,0.5982,0.49327,0.22204,0.33198,-0.022,0.00754,0.19685,0.01702,0.61615,0.51039,0.35166,0.53315,0.36451,0.40815,0.17064,0.04854,0.10728,0.32672,0.28791,0.2582,0.67222,0.5244,0.37065,0.31756,0.47199,0.07923,0.50256,0.09832,0.21387,0.23774,0.21236,0.20617,0.72086,0.85898,0.5685,0.29399,0.22991,0.26979,0.34764
40.33,33.67,0.18887,-0.03539,0.54062,0.71176,0.29153,0.03581,0.74955,0.80253,0.40852,0.45407,0.63893,0.47927,0.20945,0.32903,-0.00662,0.0084,0.21886,-0.02334,0.61842,0.55061,0.36123,0.54671,0.40957,0.36755,0.18039,0.05491,0.1338,0.33872,0.32602,0.23699,0.68874,0.49358,0.36856,0.33699,0.52466,0.08257,0.50769,0.10642,0.22403,0.24551,0.19612,0.21512,0.71914,0.86842,0.58571,0.3327,0.19367,0.27598,0.35609
39.67,34.33,0.19157,-0.02892,0.52142,0.67848,0.40742,0.17344,0.80854,0.84898,0.49462,0.57555,0.68825,0.5471,0.26024,0.43178,0.01523,0.09344,0.29966,0.09662,0.70092,0.58987,0.44944,0.63764,0.42133,0.44548,0.20979,0.12087,0.15466,0.43408,0.29161,0.33935,0.72077,0.62004,0.50655,0.42006,0.53594,0.13332,0.56544,0.15779,0.26996,0.3279,0.32223,0.25609,0.7841,0.93558,0.66647,0.37275,0.33139,0.36779,0.42068
39.67,33.67,0.24722,-0.02564,0.58969,0.7147,0.39695,0.16352,0.82337,0.84986,0.5083,0.53881,0.72619,0.5323,0.24345,0.42512,0.03611,0.10295,0.32871,0.05818,0.70908,0.62972,0.45555,0.6527,0.4637,0.40681,0.21689,0.1252,0.18959,0.4538,0.3309,0.32553,0.7346,0.58056,0.50999,0.43413,0.59125,0.13621,0.5589,0.15687,0.27767,0.35244,0.30153,0.26333,0.78504,0.94277,0.66751,0.40986,0.30062,0.3705,0.42902
40.33,35.0,0.01991,-0.08879,0.29213,0.56968,0.32387,0.08094,0.64533,0.74966,0.3172,0.53208,0.4812,0.51019,0.25768,0.33813,-0.05692,-0.00959,0.13359,0.09936,0.55829,0.40486,0.32415,0.48041,0.25292,0.44376,0.10826,0.00965,0.02808,0.25019,0.18406,0.26218,0.59757,0.53519,0.35584,0.25641,0.3084,0.10653,0.52596,0.06775,0.15046,0.14966,0.22612,0.17005,0.66575,0.78396,0.47825,0.189,0.28144,0.25403,0.30427
39.67,35.0,0.07238,-0.03538,0.32964,0.5689,0.39228,0.16595,0.72564,0.81097,0.43131,0.61986,0.57039,0.55555,0.30106,0.43864,-0.0306,0.04899,0.21567,0.16566,0.62602,0.47795,0.41311,0.57022,0.31234,0.48014,0.15699,0.0839,0.06334,0.33678,0.18723,0.32198,0.64558,0.63803,0.46757,0.35682,0.36972,0.14821,0.59324,0.15126,0.20123,0.20398,0.32542,0.21082,0.72568,0.86321,0.58929,0.26687,0.3615,0.34259,0.37162
40.0,35.33,0.02669,-0.08836,0.29101,0.53673,0.34904,0.11675,0.65704,0.76458,0.35328,0.58884,0.50783,0.52873,0.28633,0.39899,-0.05537,0.01907,0.15288,0.13907,0.55959,0.41662,0.3632,0.51488,0.24777,0.46099,0.12126,0.03556,0.0188,0.28849,0.16216,0.27094,0.58348,0.5778,0.4079,0.28044,0.3004,0.12677,0.565,0.09348,0.16647,0.14575,0.26878,0.17741,0.67213,0.80532,0.50758,0.20162,0.32419,0.29156,0.32353
40.0,34.67,0.06115,-0.07532,0.36369,0.57778,0.36734,0.12757,0.71264,0.7962,0.3971,0.58069,0.55744,0.5319,0.27627,0.39011,-0.04497,0.03266,0.184,0.12434,0.61437,0.47115,0.38683,0.54817,0.26632,0.45729,0.14954,0.05879,0.05452,0.33227,0.20701,0.28788,0.63376,0.60819,0.43985,0.31132,0.35121,0.11164,0.54936,0.0941,0.19039,0.19664,0.28468,0.20886,0.72033,0.85146,0.55882,0.23528,0.32637,0.30139,0.34934
40.33,35.33,-0.00023,-0.09364,0.23903,0.54676,0.30059,0.07259,0.59494,0.71389,0.26785,0.52074,0.43983,0.49979,0.25187,0.33387,-0.05975,-0.02073,0.11051,0.10029,0.51054,0.35744,0.29501,0.44744,0.2547,0.43799,0.08546,-0.00996,0.00778,0.20758,0.14879,0.25168,0.55872,0.48365,0.31326,0.2325,0.28267,0.11554,0.52626,0.07318,0.1298,0.11856,0.20411,0.14232,0.61695,0.74062,0.43091,0.16212,0.2649,0.23298,0.28004
40.33,34.67,0.04845,-0.07248,0.33234,0.59979,0.31769,0.06758,0.66226,0.75721,0.32791,0.51802,0.50522,0.50397,0.24559,0.33244,-0.04891,-0.0084,0.14624,0.07728,0.57071,0.42546,0.32336,0.48707,0.2861,0.43845,0.12604,0.01803,0.04942,0.26303,0.20653,0.26463,0.61692,0.52687,0.3503,0.26993,0.35084,0.09762,0.51493,0.07956,0.16494,0.17332,0.2178,0.17551,0.67805,0.79973,0.49786,0.21307,0.26503,0.25181,0.31282
39.67,35.33,0.06572,-0.01425,0.2823,0.55043,0.37522,0.15965,0.68993,0.7884,0.40923,0.62708,0.54758,0.55165,0.30735,0.45762,-0.03018,0.04349,0.20712,0.17513,0.58957,0.4427,0.39796,0.55185,0.32849,0.48379,0.15167,0.08299,0.05102,0.30836,0.15054,0.31794,0.61473,0.60888,0.43992,0.35106,0.35568,0.16376,0.60695,0.18324,0.19016,0.17605,0.31366,0.18706,0.68843,0.83741,0.56441,0.2603,0.35756,0.33762,0.36015
39.67,34.67,0.10432,-0.02825,0.37281,0.5986,0.40063,0.17502,0.75075,0.82336,0.45305,0.61206,0.60188,0.55712,0.29191,0.44135,-0.01619,0.06405,0.24307,0.15431,0.65033,0.50665,0.42442,0.59047,0.34952,0.47798,0.17522,0.09891,0.09204,0.36466,0.21028,0.33652,0.66914,0.6375,0.47902,0.38188,0.4185,0.14845,0.58892,0.1616,0.22198,0.24426,0.33086,0.2237,0.7433,0.88613,0.61639,0.29955,0.36083,0.35304,0.38837
40.33,36.0,-0.05365,-0.11843,0.06842,0.43426,0.21908,0.05072,0.40605,0.57185,0.12145,0.53232,0.31434,0.47136,0.23979,0.36745,-0.07376,-0.03832,0.04886,0.1154,0.3219,0.18218,0.21433,0.36566,0.23854,0.41688,0.01432,-0.04912,-0.07445,0.10421,0.01895,0.19333,0.3827,0.2985,0.19579,0.14988,0.18039,0.15448,0.55756,0.0971,0.05892,-0.00277,0.14337,0.03462,0.43466,0.59502,0.28539,0.07426,0.21139,0.17576,0.20106
39.67,36.0,0.02366,-0.00944,0.11032,0.44462,0.27622,0.1049,0.4933,0.6499,0.26199,0.64329,0.42464,0.51153,0.30182,0.49691,-0.04807,0.01097,0.14266,0.18428,0.39896,0.27066,0.31042,0.46161,0.32248,0.46617,0.102,0.04893,-0.01293,0.19147,0.01815,0.25041,0.44461,0.43372,0.31102,0.26457,0.24821,0.18944,0.63287,0.22875,0.11222,0.03385,0.22893,0.07633,0.51163,0.70084,0.41473,0.17845,0.28958,0.26807,0.27958
40.0,36.33,-0.0256,-0.10499,0.06574,0.40604,0.21474,0.03637,0.37266,0.5604,0.14279,0.60159,0.34507,0.48637,0.26582,0.44174,-0.07921,-0.02384,0.07349,0.12675,0.281,0.16603,0.22875,0.39639,0.27592,0.43779,0.03077,-0.01881,-0.09183,0.14187,-0.01401,0.1811,0.33461,0.30224,0.22303,0.16711,0.19874,0.18252,0.61846,0.14194,0.08088,-0.02554,0.15609,0.00372,0.41436,0.6109,0.2936,0.11327,0.23487,0.21628,0.21225
40.0,35.67,-0.01684,-0.10905,0.1269,0.44111,0.2538,0.06193,0.45194,0.62881,0.19622,0.60135,0.38485,0.49865,0.28589,0.44091,-0.06226,-0.00955,0.08667,0.13891,0.35459,0.23254,0.27009,0.42312,0.26588,0.453,0.05777,-0.01874,-0.06671,0.17634,0.02618,0.20996,0.39793,0.39123,0.27253,0.19557,0.22264,0.16858,0.60631,0.13544,0.11383,0.01553,0.18633,0.05134,0.48212,0.66164,0.34777,0.13198,0.26685,0.24173,0.2432
40.33,36.33,-0.06098,-0.10494,0.02809,0.42146,0.19946,0.04427,0.3717,0.52426,0.09288,0.51912,0.28605,0.4622,0.2125,0.34806,-0.08707,-0.04834,0.04679,0.10857,0.29694,0.14876,0.18783,0.35004,0.23591,0.39706,-0.00677,-0.04171,-0.07849,0.07708,0.00746,0.18144,0.36239,0.23706,0.16295,0.13698,0.16037,0.15812,0.55079,0.09236,0.02486,-0.01397,0.13015,0.01751,0.40064,0.56212,0.26005,0.05572,0.18322,0.15053,0.18232
40.33,35.67,-0.04504,-0.10547,0.10204,0.46615,0.24325,0.06294,0.46027,0.60931,0.15827,0.52322,0.33939,0.47725,0.23997,0.34863,-0.07065,-0.03561,0.06542,0.11624,0.38106,0.22906,0.23424,0.38265,0.23681,0.42084,0.02943,-0.03958,-0.04639,0.11967,0.05537,0.21584,0.43877,0.34966,0.22461,0.17098,0.19667,0.14228,0.54092,0.09118,0.06761,0.02976,0.16114,0.0689,0.48725,0.63097,0.322,0.08964,0.22265,0.1842,0.2207
39.67,36.33,0.03378,0.02381,0.07956,0.4339,0.26473,0.10462,0.47294,0.62069,0.25584,0.64948,0.41649,0.50512,0.28544,0.50018,-0.05601,0.00747,0.15972,0.1907,0.38758,0.25442,0.30145,0.46061,0.33671,0.45471,0.10197,0.07422,0.00772,0.18098,0.00839,0.24895,0.44224,0.39997,0.2979,0.2697,0.23679,0.19561,0.63528,0.25073,0.08295,0.02294,0.22608,0.06929,0.49472,0.68893,0.40853,0.17895,0.26946,0.25096,0.27473
39.67,35.67,0.03532,0.00738,0.14912,0.4749,0.31057,0.13209,0.55882,0.69492,0.31392,0.64414,0.46057,0.5252,0.30592,0.4889,-0.04169,0.02049,0.16775,0.1938,0.46374,0.32485,0.34199,0.49066,0.32473,0.47311,0.11836,0.06842,0.01249,0.21906,0.05436,0.28043,0.50557,0.49428,0.35323,0.2991,0.27524,0.18413,0.62737,0.23073,0.12832,0.07622,0.26387,0.11381,0.5688,0.74294,0.46737,0.20196,0.31262,0.28818,0.30725
40.33,37.0,-0.06855,-0.0686,-0.08643,0.31767,0.1058,-0.00384,0.1891,0.32958,-0.00088,0.53151,0.20363,0.44719,0.15187,0.31243,-0.14462,-0.0754,0.06177,0.07534,0.1501,-0.00908,0.08797,0.31781,0.24636,0.34068,-0.08184,-0.01557,-0.13518,0.02612,-0.07197,0.1141,0.21478,0.00312,0.06515,0.08127,0.11041,0.18895,0.57242,0.08753,-0.07551,-0.10329,0.07898,-0.08565,0.24894,0.44617,0.15505,0.02275,0.09279,0.08316,0.11321
39.67,37.0,0.03342,0.04602,-0.03959,0.32528,0.16748,0.04936,0.28082,0.43305,0.14941,0.64898,0.32468,0.47614,0.21945,0.45604,-0.10675,-0.02854,0.17464,0.15426,0.24029,0.1024,0.20266,0.42087,0.34703,0.39277,0.02539,0.08562,-0.02671,0.1226,-0.06488,0.17858,0.31566,0.17151,0.19303,0.20561,0.16731,0.21984,0.64006,0.24034,-0.03498,-0.08936,0.15651,-0.02112,0.34825,0.56983,0.28743,0.13752,0.1572,0.1595,0.20031
40.0,37.33,-0.02905,-0.02734,-0.08584,0.27077,0.10333,-0.03502,0.14215,0.30756,0.02837,0.60333,0.24756,0.46465,0.17498,0.35806,-0.16395,-0.07848,0.10345,0.06684,0.11257,-0.02477,0.09514,0.35864,0.30659,0.3674,-0.0655,0.02339,-0.14288,0.07463,-0.10993,0.09987,0.1888,0.00495,0.09742,0.10929,0.1368,0.22518,0.63389,0.13845,-0.06603,-0.14545,0.08835,-0.11954,0.23414,0.46879,0.15371,0.07523,0.10893,0.11694,0.12492
40.0,36.67,-0.03467,-0.05948,-0.06983,0.31468,0.12484,-0.03066,0.1803,0.36087,0.03886,0.59804,0.2645,0.46401,0.1825,0.38988,-0.15758,-0.06973,0.08124,0.07479,0.13044,0.01317,0.11546,0.35824,0.29738,0.37554,-0.04716,0.02164,-0.14658,0.08838,-0.09224,0.10824,0.20698,0.05825,0.11676,0.1117,0.14578,0.21536,0.63878,0.13004,-0.03384,-0.11288,0.09915,-0.10369,0.2696,0.49967,0.17318,0.07877,0.1375,0.14573,0.13858
40.33,37.33,-0.06578,-0.04317,-0.08086,0.2981,0.09544,0.02034,0.19886,0.31484,0.00408,0.52432,0.1891,0.44732,0.15659,0.28071,-0.12697,-0.07041,0.0828,0.08814,0.17305,-0.01735,0.08784,0.31851,0.24004,0.33579,-0.0845,-0.02458,-0.11141,0.00903,-0.06941,0.12951,0.22511,-0.00845,0.05757,0.08587,0.1026,0.17912,0.54742,0.09697,-0.09327,-0.11202,0.08296,-0.07105,0.24423,0.42904,0.16415,0.01455,0.07612,0.05755,0.11205
40.33,36.67,-0.0699,-0.07483,-0.06205,0.34608,0.13038,0.02358,0.24711,0.38497,0.01988,0.51764,0.21577,0.44671,0.16603,0.31821,-0.12029,-0.06456,0.05625,0.0945,0.19733,0.03442,0.1175,0.31976,0.23679,0.34961,-0.06101,-0.02805,-0.11023,0.02735,-0.04945,0.13969,0.26207,0.06522,0.08569,0.0953,0.11449,0.17499,0.55333,0.09156,-0.05548,-0.07765,0.09239,-0.04641,0.28976,0.47063,0.18679,0.0199,0.11124,0.08953,0.13068
39.67,37.33,0.05686,0.09054,-0.02447,0.30313,0.1709,0.08444,0.30789,0.4414,0.17939,0.65851,0.33091,0.48006,0.23676,0.44906,-0.07991,-0.0147,0.21381,0.1815,0.28048,0.11763,0.22777,0.43945,0.35861,0.39289,0.03648,0.08795,0.01684,0.12079,-0.06003,0.20473,0.35313,0.19149,0.20793,0.23294,0.16439,0.22252,0.62241,0.27598,-0.05116,-0.09941,0.16933,0.01031,0.3642,0.57612,0.32154,0.14715,0.14673,0.14165,0.21431
39.67,36.67,0.04163,0.05862,-0.00817,0.35637,0.19829,0.08119,0.35144,0.49654,0.19165,0.65192,0.35235,0.48265,0.24359,0.47939,-0.08049,-0.00959,0.1811,0.18244,0.29813,0.15618,0.24307,0.43502,0.34689,0.40978,0.05941,0.09062,0.0037,0.13646,-0.04421,0.21116,0.36579,0.2495,0.22784,0.23502,0.18309,0.20979,0.63266,0.26342,-0.00579,-0.05558,0.18244,0.0187,0.39923,0.6087,0.3397,0.15074,0.18943,0.18273,0.22864
40.33,38.0,-0.03132,0.04951,-0.06233,0.1643,0.03196,0.03867,0.13568,0.20898,0.01257,0.55707,0.1669,0.4694,0.19797,0.20919,-0.08641,-0.0578,0.16465,0.08993,0.15206,-0.09978,0.06506,0.34513,0.26991,0.34327,-0.09519,-0.01868,-0.09171,-0.00655,-0.12306,0.12543,0.19505,-0.06629,0.04805,0.09886,0.10352,0.19609,0.5362,0.1537,-0.13383,-0.20131,0.08243,-0.09121,0.17545,0.36348,0.14947,0.02944,0.02837,0.00949,0.10004
39.67,38.0,0.09306,0.17249,-0.01053,0.15829,0.10947,0.10064,0.24141,0.33629,0.1759,0.67261,0.29309,0.49909,0.2765,0.36007,-0.03415,-0.00548,0.283,0.18103,0.25063,0.03751,0.20918,0.45446,0.37826,0.38624,0.00418,0.07587,0.01334,0.09329,-0.11653,0.19671,0.33737,0.11989,0.18855,0.24147,0.15111,0.25462,0.59674,0.31464,-0.10874,-0.19781,0.1502,-0.00343,0.29652,0.50187,0.29654,0.1419,0.08483,0.07613,0.19434
40.0,38.33,0.02997,0.12648,-0.03378,0.09838,0.05421,0.02237,0.12659,0.21361,0.07395,0.62864,0.23184,0.4965,0.24922,0.26117,-0.07289,-0.04523,0.21799,0.09116,0.14003,-0.08365,0.10648,0.40042,0.34789,0.38432,-0.06013,0.02886,-0.07495,0.04709,-0.16045,0.12126,0.22426,-0.01964,0.10391,0.16419,0.13506,0.25155,0.58678,0.23832,-0.11717,-0.24507,0.0984,-0.10043,0.18458,0.40075,0.17356,0.08992,0.05024,0.04597,0.12984
40.0,37.67,0.01099,0.09304,-0.04673,0.13536,0.0684,0.00781,0.13065,0.23007,0.05783,0.62578,0.23932,0.48801,0.22625,0.26185,-0.11094,-0.07059,0.19114,0.08218,0.14572,-0.0725,0.10143,0.39199,0.33658,0.38976,-0.06644,0.00417,-0.0807,0.04615,-0.14952,0.11979,0.21552,-0.0226,0.09544,0.149,0.13187,0.24539,0.59212,0.20831,-0.11222,-0.2283,0.09254,-0.10135,0.19094,0.41598,0.16385,0.08363,0.0608,0.05304,0.12543
40.33,38.33,-0.02337,0.05131,-0.06118,0.16511,0.01574,0.0605,0.14114,0.20729,0.01825,0.54517,0.14971,0.46926,0.20425,0.22152,-0.05035,-0.03146,0.17475,0.10655,0.1479,-0.10054,0.06667,0.34166,0.26331,0.32201,-0.08887,0.00919,-0.08885,-0.0105,-0.11436,0.12882,0.20132,-0.05729,0.05129,0.09786,0.10127,0.18348,0.52769,0.1633,-0.13709,-0.19038,0.08943,-0.08262,0.17798,0.35162,0.16114,0.0275,0.01882,0.00625,0.10275
40.33,37.67,-0.04251,0.0179,-0.07436,0.21016,0.04394,0.04403,0.15727,0.23788,0.00827,0.53995,0.16102,0.45924,0.17913,0.22734,-0.09155,-0.05667,0.14324,0.09871,0.1632,-0.07569,0.07044,0.3319,0.25021,0.32983,-0.09567,-0.0184,-0.09269,-0.00988,-0.0994,0.13174,0.20462,-0.05511,0.04583,0.09007,0.09638,0.18388,0.5312,0.13116,-0.13115,-0.16864,0.08151,-0.07854,0.19578,0.37577,0.1579,0.01781,0.03387,0.01388,0.10156
39.67,38.33,0.12276,0.19294,-0.00264,0.15701,0.10616,0.13298,0.26599,0.3596,0.2065,0.67568,0.29188,0.50541,0.2955,0.39323,0.00922,0.03208,0.31029,0.21454,0.26149,0.06005,0.23712,0.46627,0.38444,0.37243,0.02311,0.11871,0.02378,0.10449,-0.10862,0.216,0.36856,0.15626,0.21588,0.26515,0.15442,0.25499,0.59599,0.34491,-0.11019,-0.18824,0.16447,0.02145,0.32036,0.51423,0.33304,0.153,0.08344,0.08235,0.21163
39.67,37.67,0.09503,0.1554,-0.01332,0.20828,0.12917,0.11333,0.27388,0.37953,0.1912,0.67202,0.30455,0.49173,0.26633,0.39907,-0.03502,0.00155,0.27867,0.19897,0.27502,0.0751,0.22885,0.45686,0.37391,0.38218,0.02093,0.09111,0.03394,0.10398,-0.09099,0.21084,0.35798,0.15516,0.20392,0.24814,0.15258,0.24022,0.60123,0.3146,-0.09824,-0.16166,0.16344,0.01654,0.32882,0.53159,0.32289,0.14994,0.09889,0.09268,0.20814
40.33,39.0,0.05425,0.11111,-0.03449,0.08724,-0.0335,0.07409,0.09207,0.15931,0.048,0.55888,0.13392,0.49268,0.26474,0.2965,0.06275,0.06355,0.22334,0.11938,0.06188,-0.12703,0.07985,0.35407,0.31274,0.30366,-0.02238,0.1478,-0.0629,0.01976,-0.1463,0.09693,0.20632,-0.0192,0.08316,0.13455,0.11901,0.20499,0.55006,0.25877,-0.12405,-0.19946,0.10707,-0.10424,0.15042,0.30616,0.15948,0.07064,0.00205,0.03985,0.11953
39.67,39.0,0.19046,0.23381,0.02083,0.07788,0.04653,0.14251,0.21121,0.30684,0.21816,0.66879,0.25102,0.53127,0.34652,0.43984,0.12501,0.13679,0.34497,0.22963,0.1651,0.02217,0.23956,0.46003,0.40753,0.35785,0.08681,0.25251,0.02846,0.12003,-0.14609,0.19035,0.36354,0.16325,0.23453,0.28768,0.17351,0.27806,0.60809,0.41259,-0.10574,-0.19911,0.16223,-0.00102,0.28827,0.45753,0.31675,0.1737,0.05798,0.10597,0.21842
40.0,39.33,0.13736,0.1948,0.0008,0.04286,-8e-05,0.06276,0.1044,0.193,0.12593,0.62108,0.19342,0.52202,0.3202,0.40039,0.09349,0.11632,0.27755,0.13923,0.04804,-0.08607,0.14453,0.4077,0.38652,0.33754,0.05147,0.23703,-0.00915,0.08617,-0.17456,0.10176,0.26165,0.04565,0.15822,0.22143,0.15807,0.26417,0.58637,0.36669,-0.09779,-0.21492,0.12181,-0.10242,0.18192,0.3571,0.20035,0.13928,0.02371,0.0865,0.16321
40.0,38.67,0.09811,0.17375,-0.00474,0.05021,0.01853,0.05542,0.10996,0.19963,0.11158,0.62517,0.20451,0.51717,0.30522,0.35827,0.06166,0.07642,0.26344,0.12442,0.06692,-0.09373,0.12706,0.40862,0.37903,0.34216,-0.00523,0.18242,-0.07078,0.07785,-0.16687,0.10275,0.24504,0.01465,0.14252,0.20435,0.15305,0.26513,0.59653,0.32445,-0.10458,-0.23528,0.12019,-0.10726,0.18404,0.37366,0.19546,0.11906,0.03243,0.07327,0.15199
40.33,39.33,0.07476,0.11121,-0.03871,0.09598,-0.05336,0.08953,0.09271,0.15401,0.04712,0.5455,0.11664,0.4882,0.26248,0.30144,0.07297,0.07497,0.22819,0.13233,0.06561,-0.11531,0.08825,0.34346,0.3015,0.29958,0.0166,0.16129,-0.00358,0.01018,-0.14651,0.10197,0.2161,0.00919,0.08156,0.13275,0.11157,0.18921,0.53177,0.27112,-0.12723,-0.17243,0.10816,-0.08742,0.14707,0.284,0.15847,0.07519,-0.00818,0.0408,0.12251
40.33,38.67,0.02728,0.08788,-0.04326,0.11379,-0.02896,0.08247,0.10742,0.17134,0.03492,0.54818,0.12661,0.48362,0.24429,0.25977,0.03527,0.03773,0.21298,0.12321,0.09525,-0.12054,0.07246,0.3456,0.28728,0.30351,-0.04375,0.10066,-0.0668,0.00195,-0.13365,0.11352,0.2028,-0.03027,0.06752,0.11534,0.10994,0.18838,0.53536,0.22252,-0.13543,-0.19425,0.10317,-0.08924,0.15814,0.31148,0.16091,0.05135,0.00168,0.02303,0.11213
39.67,39.33,0.23184,0.25069,0.03061,0.08642,0.04094,0.17195,0.232,0.32518,0.24363,0.6713,0.25043,0.53423,0.35711,0.46311,0.15212,0.17087,0.36879,0.26814,0.18844,0.05563,0.27585,0.46403,0.40607,0.36788,0.15217,0.28602,0.10864,0.1261,-0.14318,0.22106,0.39812,0.21594,0.25878,0.30962,0.1797,0.2747,0.59805,0.44552,-0.10837,-0.17068,0.16874,0.03634,0.30883,0.46188,0.34363,0.19269,0.05881,0.11907,0.23853
39.67,38.67,0.18205,0.22859,0.01774,0.10264,0.06351,0.15998,0.24062,0.33556,0.22867,0.67506,0.26418,0.52492,0.33784,0.42671,0.10212,0.11334,0.34955,0.24341,0.2121,0.04805,0.25379,0.46803,0.4,0.36029,0.07586,0.21701,0.03789,0.11694,-0.13017,0.21401,0.38019,0.17999,0.23886,0.28964,0.16728,0.27123,0.60197,0.40085,-0.11336,-0.19316,0.17011,0.0268,0.31143,0.48207,0.33998,0.17227,0.06639,0.09839,0.22419
40.33,40.0,0.23226,0.2092,0.00851,0.05634,-0.09166,0.08917,0.07069,0.1316,0.10848,0.55761,0.11064,0.52776,0.31401,0.39794,0.13286,0.14345,0.26969,0.1748,0.02733,-0.04688,0.15616,0.33765,0.33935,0.34071,0.21564,0.27605,0.22869,0.05523,-0.19016,0.09962,0.2745,0.14766,0.13069,0.20164,0.12992,0.20454,0.51938,0.38872,-0.11622,-0.10918,0.10003,-0.07911,0.13058,0.24048,0.1588,0.14894,-0.01734,0.09546,0.16317
39.67,40.0,0.37366,0.34546,0.08978,0.05994,-0.00146,0.17424,0.20498,0.29313,0.28008,0.66686,0.22684,0.57283,0.4068,0.5422,0.23616,0.26213,0.39791,0.31639,0.15189,0.10626,0.33301,0.44526,0.42788,0.4166,0.36594,0.40426,0.3552,0.15072,-0.17555,0.2319,0.44491,0.32545,0.29596,0.35783,0.2096,0.2803,0.57433,0.5508,-0.09034,-0.10542,0.14925,0.05069,0.28702,0.40587,0.32835,0.25095,0.05099,0.17198,0.275
40.0,40.33,0.3542,0.33784,0.07159,0.04478,-0.0499,0.09657,0.1261,0.20185,0.21423,0.62028,0.17431,0.57684,0.38207,0.53062,0.1923,0.21333,0.33837,0.24269,0.06062,0.03755,0.26044,0.39772,0.41187,0.39943,0.34245,0.37289,0.35705,0.12101,-0.20847,0.15014,0.37255,0.25497,0.2361,0.31045,0.19183,0.26373,0.5448,0.52469,-0.08993,-0.10588,0.11027,-0.04713,0.19488,0.32454,0.24089,0.23312,0.02141,0.15386,0.23137
40.0,39.67,0.28205,0.27894,0.02337,0.03935,-0.04934,0.0757,0.09985,0.17937,0.17312,0.61043,0.16869,0.53735,0.35073,0.50219,0.12908,0.19103,0.31571,0.19476,0.0365,-0.02193,0.21702,0.39768,0.39741,0.36044,0.2705,0.3406,0.28533,0.10876,-0.21009,0.12272,0.32648,0.1735,0.20344,0.27508,0.17178,0.25278,0.52758,0.48804,-0.08385,-0.12891,0.11036,-0.07064,0.17528,0.30904,0.2114,0.2051,0.00108,0.12364,0.20164
40.33,40.33,0.26229,0.22672,0.04478,0.0585,-0.09205,0.11337,0.08959,0.14705,0.12853,0.56054,0.1108,0.55986,0.33008,0.37694,0.18466,0.14069,0.27769,0.20772,0.04784,-0.00349,0.1716,0.3267,0.33897,0.36855,0.22847,0.27515,0.22206,0.05587,-0.17856,0.11644,0.295,0.2048,0.13788,0.21049,0.13504,0.20656,0.54872,0.37255,-0.13463,-0.09825,0.10321,-0.06104,0.14068,0.24835,0.17264,0.14757,-0.00092,0.1097,0.17574
40.33,39.67,0.1827,0.1714,-0.00662,0.06818,-0.08714,0.0984,0.07442,0.13299,0.08524,0.54817,0.10513,0.51533,0.2976,0.35314,0.12628,0.12326,0.255,0.16507,0.03822,-0.06783,0.13075,0.33246,0.32039,0.32704,0.15194,0.2405,0.14888,0.0355,-0.17214,0.10055,0.2532,0.1107,0.10757,0.17147,0.11942,0.19242,0.52663,0.34102,-0.12399,-0.12545,0.10409,-0.07595,0.13157,0.24512,0.15513,0.118,-0.01535,0.07752,0.14808
39.67,40.33,0.42941,0.39578,0.14375,0.06841,0.01834,0.21796,0.24927,0.33715,0.32581,0.68562,0.24288,0.61132,0.44168,0.54694,0.31651,0.28511,0.42429,0.37754,0.20003,0.17248,0.38056,0.45319,0.43937,0.45937,0.41038,0.42971,0.37687,0.16484,-0.15579,0.27731,0.49485,0.4046,0.32785,0.39032,0.23455,0.29523,0.60983,0.56627,-0.09998,-0.0933,0.16081,0.09485,0.32734,0.44259,0.36962,0.26462,0.0833,0.20203,0.30836
39.67,39.67,0.34292,0.32105,0.07762,0.06701,0.01207,0.19136,0.22432,0.31441,0.28247,0.67392,0.23747,0.56604,0.39882,0.51558,0.23067,0.24419,0.39999,0.31977,0.17464,0.10669,0.32891,0.45336,0.42322,0.40822,0.3122,0.37996,0.28189,0.14851,-0.16152,0.24232,0.44336,0.31436,0.29339,0.35038,0.20285,0.2805,0.59001,0.5223,-0.09857,-0.12248,0.16172,0.06411,0.3054,0.42966,0.34558,0.23477,0.05801,0.16247,0.272
40.33,41.0,0.48646,0.43219,0.25213,0.08088,-0.03684,0.17624,0.19172,0.25461,0.29943,0.62687,0.18134,0.70498,0.47023,0.45772,0.41232,0.2103,0.34411,0.36112,0.12396,0.21231,0.3206,0.35701,0.42762,0.52194,0.40672,0.39828,0.34846,0.13469,-0.16738,0.21675,0.44875,0.46912,0.25705,0.34771,0.2435,0.27545,0.67323,0.47171,-0.13276,-0.05138,0.1152,0.00885,0.21297,0.36185,0.28938,0.22993,0.11211,0.24312,0.28714
39.67,41.0,0.63937,0.5973,0.33697,0.08504,0.0684,0.27866,0.33614,0.42365,0.45883,0.72685,0.29103,0.74622,0.57532,0.60969,0.54133,0.33826,0.47054,0.51782,0.27492,0.35666,0.50415,0.46705,0.50871,0.60731,0.57535,0.54273,0.49104,0.21174,-0.12901,0.36898,0.62753,0.62817,0.41885,0.49606,0.34317,0.35077,0.71827,0.65066,-0.0844,-0.04944,0.16587,0.16523,0.38681,0.52612,0.44982,0.33256,0.20095,0.33034,0.4058
40.0,41.33,0.63936,0.59829,0.3454,0.10447,0.03688,0.22671,0.30269,0.3764,0.42734,0.69272,0.26295,0.77907,0.57284,0.60039,0.55423,0.29414,0.42842,0.47636,0.2178,0.33284,0.46138,0.43111,0.51077,0.61716,0.55221,0.51941,0.47247,0.18747,-0.15009,0.31815,0.59201,0.60691,0.38328,0.47651,0.34911,0.33483,0.73208,0.6297,-0.09886,-0.05104,0.13821,0.09018,0.32645,0.49623,0.41574,0.32991,0.20063,0.33968,0.38502
40.0,40.67,0.57082,0.54386,0.28661,0.08293,0.0055,0.19533,0.2668,0.34135,0.37827,0.67832,0.23339,0.74922,0.51714,0.58013,0.47596,0.26243,0.41594,0.43043,0.19035,0.26746,0.4149,0.42112,0.47979,0.57071,0.48547,0.45874,0.42348,0.16446,-0.16539,0.27641,0.54531,0.53335,0.35716,0.44016,0.29997,0.33263,0.69444,0.59772,-0.12176,-0.07503,0.12694,0.05026,0.30079,0.45957,0.38277,0.30724,0.15172,0.27974,0.34719
40.33,41.33,0.49548,0.4232,0.26886,0.09825,-0.02318,0.18755,0.18609,0.24994,0.30557,0.6274,0.1915,0.68667,0.49019,0.44419,0.41738,0.2309,0.33089,0.3592,0.11508,0.22866,0.32355,0.35163,0.43721,0.52245,0.43387,0.43513,0.37626,0.15223,-0.16266,0.22607,0.44537,0.48347,0.24462,0.34376,0.25868,0.25669,0.67697,0.46455,-0.10273,-0.02417,0.12332,0.02514,0.20268,0.35604,0.27796,0.22073,0.1215,0.27079,0.29281
40.33,40.67,0.41105,0.35296,0.18805,0.06821,-0.05936,0.1588,0.14743,0.21001,0.23657,0.60047,0.15312,0.65172,0.42238,0.41332,0.33297,0.18712,0.3171,0.30691,0.09287,0.14262,0.26499,0.33782,0.39238,0.47003,0.35192,0.35873,0.31124,0.10943,-0.16958,0.17961,0.38945,0.38676,0.20726,0.29385,0.20098,0.2476,0.63006,0.42527,-0.1323,-0.05593,0.1119,-0.01214,0.17801,0.30921,0.23685,0.19469,0.07029,0.20007,0.24631
39.67,41.33,0.66769,0.60687,0.35905,0.09104,0.09517,0.30901,0.34563,0.43572,0.47899,0.73419,0.31385,0.72952,0.60605,0.61108,0.5554,0.36685,0.47101,0.5368,0.28832,0.38375,0.52701,0.47486,0.52318,0.6199,0.62119,0.59576,0.53304,0.23055,-0.11359,0.39879,0.64444,0.65316,0.42264,0.5053,0.37343,0.33931,0.72236,0.66443,-0.04558,-0.02166,0.18119,0.20881,0.39928,0.53387,0.45341,0.33384,0.2281,0.36828,0.42419
39.67,40.67,0.58377,0.53676,0.2875,0.07708,0.05859,0.27351,0.31169,0.40224,0.42637,0.71982,0.28019,0.7006,0.54094,0.58733,0.48029,0.33747,0.46262,0.48596,0.25996,0.31212,0.47675,0.4648,0.48867,0.56542,0.54341,0.5224,0.47437,0.20542,-0.13201,0.35213,0.59373,0.57572,0.39569,0.4686,0.31279,0.33389,0.6852,0.62809,-0.08425,-0.05353,0.17029,0.16147,0.37434,0.49987,0.42713,0.3133,0.16695,0.29753,0.38235
40.33,42.0,0.66118,0.55371,0.36057,0.14044,0.08252,0.24366,0.25609,0.32227,0.42325,0.66865,0.29381,0.66318,0.62957,0.53142,0.5154,0.3588,0.33182,0.43952,0.15576,0.37329,0.46182,0.40185,0.548,0.60485,0.65422,0.64238,0.55864,0.25008,-0.13453,0.33496,0.56586,0.62166,0.31522,0.44348,0.41426,0.2215,0.71366,0.61767,0.05143,0.06516,0.1621,0.12683,0.26219,0.46322,0.34379,0.28812,0.24553,0.44389,0.38943
39.67,42.0,0.79415,0.67179,0.4112,0.09879,0.17621,0.35221,0.36786,0.4583,0.5503,0.73924,0.38773,0.68287,0.71983,0.63805,0.59169,0.44285,0.44106,0.57893,0.29613,0.4772,0.61154,0.49292,0.60054,0.69875,0.79266,0.76581,0.67918,0.29592,-0.07529,0.47344,0.70989,0.73409,0.44816,0.55139,0.50406,0.28183,0.74238,0.76042,0.10854,0.06559,0.21297,0.28755,0.41683,0.57434,0.45757,0.36757,0.33161,0.51815,0.4851
40.0,42.33,0.78537,0.6711,0.40044,0.1398,0.16152,0.30378,0.33791,0.40925,0.51647,0.70585,0.37159,0.6728,0.72248,0.62655,0.61736,0.43472,0.39516,0.52829,0.2328,0.45307,0.57901,0.45986,0.61367,0.68499,0.79282,0.75786,0.67981,0.28993,-0.08655,0.42889,0.68111,0.70632,0.40517,0.53662,0.51454,0.22539,0.73511,0.75538,0.11525,0.07462,0.19418,0.2255,0.36868,0.55685,0.43012,0.37026,0.32992,0.53671,0.46767
40.0,41.67,0.76367,0.65229,0.39863,0.1563,0.13217,0.28982,0.33509,0.40389,0.49383,0.70617,0.34502,0.73225,0.70096,0.64326,0.64024,0.40675,0.41078,0.51808,0.22929,0.42138,0.54633,0.45084,0.59397,0.6752,0.75226,0.72345,0.64964,0.2595,-0.11129,0.40191,0.65895,0.68352,0.3947,0.52566,0.48604,0.25886,0.75604,0.72804,0.056,0.04249,0.1782,0.19294,0.3541,0.53672,0.42696,0.36555,0.30274,0.507,0.45367
40.33,42.33,0.64406,0.54976,0.34805,0.10238,0.08555,0.24129,0.24482,0.3157,0.42604,0.66422,0.29647,0.60769,0.60845,0.49037,0.45093,0.35754,0.30784,0.43414,0.15411,0.38656,0.46826,0.40384,0.54368,0.58638,0.64157,0.61988,0.53182,0.2678,-0.12463,0.33751,0.56546,0.6272,0.31787,0.43457,0.40192,0.20424,0.68278,0.6116,0.07859,0.08752,0.16791,0.12962,0.25962,0.4691,0.334,0.26969,0.24521,0.42805,0.3814
40.33,41.67,0.60338,0.50407,0.33442,0.11837,0.044,0.22256,0.22429,0.29029,0.38476,0.65452,0.25763,0.66501,0.58054,0.48648,0.46586,0.31241,0.32067,0.41001,0.13574,0.33188,0.41114,0.38113,0.50838,0.57494,0.57647,0.56932,0.49006,0.22453,-0.14598,0.29512,0.51978,0.58221,0.28719,0.40342,0.35679,0.23281,0.70066,0.55347,0.00481,0.04404,0.1484,0.08815,0.23145,0.42062,0.31228,0.2541,0.20236,0.38328,0.35329
39.67,42.33,0.78772,0.66282,0.39352,0.05313,0.18814,0.36231,0.36085,0.45816,0.56449,0.73893,0.39829,0.62258,0.71223,0.59511,0.5168,0.44413,0.42661,0.58623,0.30369,0.49552,0.62892,0.50005,0.59394,0.70157,0.78711,0.7582,0.66646,0.31688,-0.0544,0.49173,0.71611,0.74346,0.46189,0.5443,0.49988,0.26802,0.71641,0.75895,0.14588,0.08548,0.22548,0.30712,0.42479,0.58101,0.45164,0.34977,0.33338,0.50643,0.48295
39.67,41.67,0.76394,0.65907,0.40382,0.08507,0.15771,0.34752,0.36503,0.45778,0.54058,0.74348,0.36972,0.69461,0.68841,0.62516,0.5726,0.42373,0.45154,0.57736,0.30254,0.46374,0.59517,0.49218,0.57634,0.67871,0.74608,0.71946,0.63511,0.28456,-0.08545,0.46044,0.69719,0.72427,0.44832,0.54016,0.46578,0.30586,0.73723,0.73175,0.06947,0.04466,0.20652,0.2749,0.41774,0.56628,0.45769,0.35349,0.3051,0.47368,0.47117
40.33,43.0,0.67917,0.61866,0.29183,-0.04257,0.14965,0.24592,0.25045,0.31234,0.42901,0.63758,0.35481,0.43126,0.60054,0.42401,0.30243,0.38296,0.26213,0.4686,0.16086,0.49112,0.55673,0.4216,0.56969,0.61355,0.68869,0.58924,0.48728,0.3242,-0.06409,0.38413,0.63958,0.66027,0.39351,0.46673,0.45797,0.12732,0.60028,0.65975,0.20324,0.15553,0.19753,0.16678,0.30256,0.53342,0.31072,0.28686,0.34742,0.45112,0.39547
39.67,43.0,0.78454,0.66081,0.31945,-0.06891,0.22652,0.34731,0.32498,0.41522,0.56178,0.69979,0.43058,0.43755,0.68688,0.48478,0.32758,0.4513,0.34607,0.5866,0.27394,0.56144,0.68011,0.49745,0.60646,0.71794,0.77883,0.6944,0.59047,0.36608,0.00053,0.51256,0.73885,0.74876,0.50363,0.53668,0.52947,0.16737,0.63755,0.75252,0.2732,0.16037,0.247,0.30774,0.42107,0.60694,0.40084,0.33614,0.39898,0.50925,0.4704
40.0,43.33,0.75366,0.6843,0.30188,-0.07018,0.20742,0.29344,0.28713,0.35273,0.50047,0.66504,0.41494,0.4012,0.66328,0.44964,0.32454,0.43303,0.30205,0.53381,0.20411,0.54359,0.64061,0.46341,0.60309,0.6839,0.75942,0.62998,0.54781,0.35719,-0.01357,0.45659,0.70641,0.707,0.46415,0.51989,0.51759,0.11333,0.61014,0.72206,0.25756,0.16734,0.22744,0.24004,0.37091,0.58369,0.35854,0.3362,0.40241,0.49181,0.44106
40.0,42.67,0.77201,0.7069,0.35288,-0.00197,0.20935,0.30615,0.31352,0.39371,0.53599,0.68681,0.41514,0.44542,0.69471,0.49399,0.41952,0.44706,0.33726,0.53813,0.22632,0.52679,0.64468,0.47214,0.61676,0.68141,0.78459,0.69372,0.62314,0.36525,-0.00936,0.46817,0.71657,0.73159,0.45256,0.534,0.52208,0.13629,0.61871,0.75664,0.23934,0.14933,0.22864,0.2637,0.39258,0.59797,0.41068,0.35292,0.37494,0.50787,0.46139
40.33,43.33,0.6491,0.57126,0.23568,-0.09796,0.13057,0.22594,0.22048,0.26195,0.35669,0.60332,0.33287,0.42684,0.55689,0.3941,0.21853,0.34923,0.22614,0.45206,0.1298,0.48979,0.52211,0.39658,0.542,0.60844,0.65089,0.52784,0.40002,0.29286,-0.09206,0.34996,0.6127,0.61433,0.38814,0.43987,0.44353,0.12554,0.60552,0.60635,0.19164,0.15845,0.18379,0.11965,0.25931,0.49925,0.2371,0.26004,0.3687,0.4351,0.36419
40.33,42.67,0.66176,0.58536,0.30632,-0.00074,0.12767,0.24074,0.24431,0.30787,0.419,0.64208,0.33224,0.48108,0.59366,0.4385,0.3285,0.37106,0.26416,0.45314,0.15362,0.46302,0.52479,0.41285,0.55969,0.59955,0.66704,0.59498,0.48827,0.30585,-0.08948,0.36546,0.6119,0.64839,0.36762,0.45115,0.44013,0.15201,0.62432,0.63713,0.17069,0.14218,0.18605,0.14705,0.27898,0.51259,0.30629,0.2731,0.32017,0.44593,0.38663
39.67,43.33,0.76224,0.60698,0.27191,-0.11131,0.21539,0.33946,0.30299,0.38114,0.52785,0.68126,0.41962,0.43799,0.65015,0.46432,0.25018,0.43498,0.31705,0.58412,0.26138,0.56663,0.66587,0.48799,0.59028,0.7205,0.74218,0.63757,0.50724,0.34168,-0.02177,0.4991,0.71984,0.72094,0.51336,0.51872,0.52749,0.16615,0.65331,0.70574,0.2747,0.17205,0.24234,0.28255,0.39145,0.5855,0.34887,0.31552,0.42329,0.50152,0.44996
39.67,42.67,0.78769,0.65102,0.3376,-0.04244,0.21811,0.35854,0.33737,0.43005,0.56348,0.71,0.42381,0.49004,0.693,0.51654,0.3642,0.44921,0.3682,0.59223,0.28951,0.55063,0.6693,0.50087,0.60189,0.71857,0.78305,0.71982,0.60976,0.35272,-0.01619,0.51394,0.73596,0.74955,0.49903,0.53769,0.52612,0.20361,0.66348,0.75276,0.24621,0.14361,0.24366,0.31544,0.42328,0.59987,0.41062,0.3367,0.38822,0.51425,0.47568
39.67,44.0,0.67892,0.48524,0.1409,-0.25921,0.18605,0.28077,0.21074,0.20546,0.35169,0.59721,0.37737,0.41946,0.54126,0.37274,0.02649,0.38917,0.19432,0.55128,0.15868,0.57959,0.60196,0.42911,0.54941,0.73812,0.64748,0.43148,0.23371,0.27177,-0.10985,0.42234,0.64094,0.59707,0.52284,0.46621,0.54248,0.12793,0.68036,0.53421,0.29741,0.22353,0.21356,0.1584,0.25245,0.5007,0.12875,0.28417,0.53971,0.48691,0.37294
40.0,44.33,0.63122,0.47414,0.09528,-0.30303,0.15209,0.21661,0.15422,0.09783,0.22184,0.54839,0.34912,0.40076,0.50249,0.3297,-0.02489,0.35162,0.14152,0.49307,0.05969,0.55027,0.52509,0.37475,0.51743,0.73258,0.62631,0.36644,0.1852,0.24885,-0.16458,0.3382,0.58602,0.51421,0.46745,0.43297,0.51547,0.12091,0.67713,0.48317,0.26965,0.2065,0.17623,0.05536,0.1638,0.437,0.01444,0.26819,0.54481,0.4678,0.32486
40.0,43.67,0.67927,0.54398,0.12848,-0.24485,0.16192,0.24234,0.18803,0.17155,0.31376,0.58666,0.37217,0.41103,0.55142,0.37126,0.05741,0.37233,0.18766,0.50905,0.1043,0.55348,0.5607,0.40685,0.53625,0.71856,0.66726,0.41201,0.26365,0.2642,-0.1249,0.37484,0.62001,0.56497,0.47764,0.45865,0.5084,0.1011,0.68182,0.55154,0.24726,0.19104,0.19315,0.10793,0.22703,0.47471,0.11878,0.28291,0.50607,0.46361,0.35661
39.67,44.33,0.64289,0.43568,0.14955,-0.28314,0.19016,0.27366,0.20131,0.17702,0.30347,0.57504,0.35832,0.41116,0.51262,0.3439,-0.00882,0.37851,0.17076,0.54811,0.14976,0.57988,0.59176,0.41215,0.54648,0.74185,0.61937,0.42971,0.19711,0.27829,-0.12282,0.41337,0.62683,0.58161,0.51938,0.45424,0.55343,0.14717,0.65514,0.48965,0.33198,0.24515,0.2124,0.14605,0.22253,0.49236,0.07864,0.27881,0.56348,0.49719,0.36069
39.67,43.67,0.7027,0.51138,0.1755,-0.22511,0.20024,0.30384,0.24112,0.26221,0.40541,0.61784,0.38859,0.41619,0.5686,0.39309,0.07749,0.402,0.22789,0.56717,0.19818,0.58345,0.62747,0.447,0.56157,0.73645,0.67282,0.49498,0.30467,0.29721,-0.07682,0.45221,0.66973,0.63826,0.52771,0.48087,0.54171,0.13723,0.66491,0.58337,0.30316,0.21577,0.22733,0.20216,0.2988,0.53246,0.19339,0.2899,0.50971,0.49405,0.39679
40.67,26.33,0.39856,0.26372,0.2764,0.46998,0.08662,0.06,0.75836,0.51812,0.38642,-0.0902,0.27788,0.01589,-0.05364,0.0689,0.0674,0.27222,-0.1242,0.00291,0.71349,0.75146,0.43232,0.00256,-0.11932,-0.04651,0.45333,0.041,0.39295,0.33578,0.67569,0.49,0.68636,0.12617,0.32946,0.64574,0.03561,-0.07971,-0.21454,0.44034,0.51819,0.20818,0.14721,0.53242,0.54488,0.38776,0.18646,0.42981,0.05585,0.06846,0.26722
41.33,27.0,0.2886,0.14551,0.24068,0.52477,0.03138,0.00607,0.75898,0.48402,0.28209,-0.16912,0.12037,-0.07281,-0.13981,0.06199,0.04944,0.19775,-0.22388,-0.10574,0.65275,0.68744,0.381,-0.08528,-0.18899,-0.16134,0.34357,-0.03449,0.31343,0.21159,0.68124,0.46581,0.67576,0.0867,0.2222,0.52064,-0.07703,-0.14191,-0.1901,0.31668,0.38412,0.12338,0.17842,0.52685,0.50809,0.35228,0.1762,0.37986,-0.0669,-0.03353,0.20185
40.67,27.0,0.27244,0.17049,0.25139,0.50368,0.08527,0.07353,0.78516,0.53551,0.30224,-0.12098,0.17294,-0.01075,-0.1144,0.0798,0.047,0.22847,-0.17039,-0.02425,0.6738,0.7234,0.42704,-0.02747,-0.15723,-0.11576,0.36771,-0.03226,0.30306,0.25829,0.72621,0.50932,0.69472,0.11764,0.25905,0.52681,-0.03375,-0.12452,-0.16073,0.35676,0.35924,0.16841,0.16938,0.52662,0.57721,0.36408,0.2198,0.40389,-0.04362,-0.02591,0.2308
41.0,27.33,0.26203,0.1371,0.24278,0.51117,0.05237,0.04317,0.77258,0.50598,0.27995,-0.14835,0.12739,-0.04245,-0.13737,0.07206,0.04301,0.20615,-0.22103,-0.07803,0.65292,0.69657,0.39832,-0.07277,-0.19212,-0.15736,0.33535,-0.04705,0.2903,0.21583,0.71108,0.49047,0.68372,0.08872,0.21631,0.50176,-0.07041,-0.15241,-0.16437,0.32377,0.34779,0.14504,0.17102,0.52255,0.55134,0.36105,0.19422,0.37509,-0.07669,-0.05463,0.20654
41.0,26.67,0.33041,0.16837,0.28481,0.51331,0.048,0.03611,0.78923,0.51533,0.33601,-0.13712,0.19153,-0.03373,-0.12231,0.08024,0.06458,0.2225,-0.22213,-0.08989,0.68329,0.71729,0.40791,-0.05941,-0.18263,-0.14262,0.37607,-0.0258,0.34065,0.2514,0.69734,0.4897,0.69231,0.097,0.24801,0.54951,-0.04775,-0.14118,-0.1939,0.36886,0.40619,0.15576,0.16075,0.53108,0.55333,0.39325,0.20388,0.41538,-0.04538,-0.0203,0.22615
41.33,27.33,0.22776,0.12593,0.20007,0.51924,0.03698,0.01274,0.73313,0.47038,0.23262,-0.18133,0.06001,-0.08386,-0.14696,0.0382,0.03019,0.1878,-0.20978,-0.08182,0.6243,0.66942,0.36882,-0.09243,-0.19727,-0.16554,0.31242,-0.04624,0.27403,0.18598,0.68065,0.45749,0.66372,0.08862,0.20615,0.48931,-0.0892,-0.14563,-0.17066,0.2757,0.34683,0.12355,0.19162,0.52686,0.48997,0.31657,0.15944,0.33547,-0.08428,-0.05127,0.18574
41.33,26.67,0.31142,0.16539,0.24189,0.51499,0.02311,-0.00726,0.74288,0.47017,0.29443,-0.17325,0.14358,-0.07328,-0.12902,0.05065,0.05189,0.20313,-0.21477,-0.10596,0.65574,0.69086,0.37676,-0.07941,-0.17859,-0.14649,0.36185,-0.01476,0.33271,0.22333,0.66016,0.45008,0.66896,0.08461,0.23718,0.54369,-0.06474,-0.12675,-0.20871,0.32975,0.42062,0.12074,0.16504,0.52292,0.4876,0.34209,0.16644,0.38204,-0.04754,-0.0046,0.20545
40.67,26.67,0.29766,0.19704,0.26206,0.49614,0.093,0.07906,0.78015,0.53743,0.32411,-0.11319,0.19967,-0.00191,-0.09611,0.07413,0.05193,0.24559,-0.14935,-0.00598,0.6858,0.73477,0.43255,-0.01261,-0.14543,-0.093,0.39211,-0.01294,0.32477,0.28496,0.71834,0.50608,0.69333,0.12768,0.28329,0.55646,-0.01461,-0.11285,-0.17069,0.37644,0.39472,0.18308,0.16659,0.53253,0.57049,0.36662,0.21455,0.4123,-0.0144,0.00018,0.24276
41.33,28.0,0.00291,0.0513,0.06431,0.49222,0.05748,0.06146,0.63896,0.43844,0.05499,-0.20712,-0.11418,-0.09055,-0.18358,-0.03433,-0.05395,0.15088,-0.16245,-0.00181,0.51923,0.61208,0.33591,-0.10657,-0.22681,-0.17656,0.18943,-0.08556,0.12667,0.09884,0.69741,0.43717,0.62656,0.07901,0.13034,0.36679,-0.12209,-0.17048,-0.09655,0.13076,0.18871,0.12382,0.21223,0.51062,0.44438,0.21546,0.13203,0.17252,-0.15087,-0.12144,0.13038
41.33,28.33,-0.01976,0.04678,0.05339,0.50366,0.06856,0.07845,0.63223,0.45408,0.03767,-0.20479,-0.11515,-0.08722,-0.20473,-0.04059,-0.06408,0.13998,-0.14354,0.00389,0.51486,0.61688,0.33978,-0.08836,-0.22929,-0.17863,0.17052,-0.09048,0.12102,0.09512,0.70203,0.4344,0.62678,0.09552,0.1314,0.35587,-0.11488,-0.1656,-0.09717,0.11023,0.16462,0.12468,0.22046,0.51284,0.43095,0.23375,0.15997,0.16288,-0.15468,-0.12481,0.12957
41.33,27.67,0.06436,0.06932,0.10439,0.51008,0.05562,0.04674,0.67151,0.45508,0.1029,-0.19898,-0.06822,-0.09044,-0.17874,-0.0136,-0.02968,0.15644,-0.17341,-0.02748,0.55117,0.63112,0.34695,-0.09927,-0.21918,-0.17651,0.21962,-0.07964,0.1668,0.12253,0.69792,0.44364,0.64052,0.08828,0.15432,0.39862,-0.11208,-0.16324,-0.1159,0.1657,0.22719,0.12352,0.2142,0.5194,0.4589,0.25119,0.14677,0.22209,-0.13742,-0.10363,0.14666
41.0,29.33,-0.15142,0.00832,-0.05612,0.45737,0.02229,0.08907,0.5365,0.49283,-0.10184,-0.19922,-0.07069,-0.02283,-0.26086,-0.05044,-0.15371,0.05941,-0.07916,-0.0014,0.42064,0.60356,0.32361,-0.01659,-0.19134,-0.14626,0.08325,-0.1103,0.06043,0.02739,0.7025,0.37737,0.61833,0.07739,0.07965,0.23071,-0.08425,-0.13547,-0.0584,0.02664,-0.00982,0.05008,0.13646,0.41067,0.32641,0.21869,0.2362,0.06327,-0.18273,-0.11783,0.09455
41.0,28.67,-0.13389,0.01276,-0.03227,0.4507,0.04201,0.10484,0.55594,0.46892,-0.08033,-0.20769,-0.0982,-0.03433,-0.2472,-0.04448,-0.13912,0.09728,-0.09833,0.0088,0.44007,0.60457,0.32764,-0.04614,-0.20518,-0.15286,0.10212,-0.10591,0.05693,0.05353,0.69993,0.40142,0.61046,0.07438,0.08514,0.25946,-0.09986,-0.1424,-0.07163,0.04853,0.02874,0.07164,0.15158,0.43874,0.36712,0.21139,0.21119,0.07119,-0.17285,-0.12296,0.10045
41.33,28.67,-0.10579,0.02517,0.00014,0.51145,0.07033,0.10231,0.5892,0.48653,-0.03032,-0.19648,-0.10909,-0.06173,-0.2539,-0.06228,-0.10859,0.0925,-0.09495,0.01337,0.47233,0.61245,0.33703,-0.04294,-0.22418,-0.17858,0.10484,-0.104,0.09008,0.05765,0.71174,0.40904,0.62202,0.10753,0.11085,0.29533,-0.09826,-0.16032,-0.07493,0.04489,0.07548,0.10287,0.20655,0.48352,0.37884,0.25241,0.22033,0.10844,-0.17495,-0.13505,0.11414
40.67,29.33,-0.11099,0.02092,-0.04049,0.48049,0.02533,0.06562,0.54206,0.54032,-0.08327,-0.15243,0.03981,0.04591,-0.22947,-0.03817,-0.16292,0.02783,-0.03623,0.0015,0.42873,0.63516,0.33808,0.0644,-0.09512,-0.08857,0.0989,-0.10912,0.04615,0.04014,0.73034,0.34758,0.64166,0.08183,0.1172,0.23413,0.00461,-0.07763,0.00698,0.03476,-0.00014,0.04298,0.08653,0.38077,0.35447,0.22538,0.25785,0.11863,-0.18402,-0.04466,0.11779
40.67,30.0,-0.12782,-0.00318,-0.0786,0.50785,-0.05464,-0.02963,0.49332,0.60726,-0.09502,-0.12221,0.13728,0.07751,-0.22185,-0.05235,-0.17707,-0.10872,-0.00463,-0.03539,0.37369,0.60761,0.31282,0.14254,-0.03652,-0.07264,0.0488,-0.11574,0.07712,-0.05852,0.72395,0.23575,0.66985,0.07479,0.09461,0.16028,0.0581,-0.07985,0.07935,-0.01503,-0.08057,-0.02221,0.039,0.27562,0.24359,0.24567,0.29347,0.1188,-0.22338,-0.0188,0.10134
41.0,30.33,-0.17018,-0.00982,-0.11503,0.50645,-0.07188,-0.02431,0.48306,0.59134,-0.10825,-0.1562,0.07741,0.02497,-0.25406,-0.08786,-0.1771,-0.12533,-0.02316,-0.02997,0.36306,0.57818,0.3034,0.10423,-0.09318,-0.1164,0.02612,-0.12381,0.10318,-0.10852,0.71955,0.23809,0.66994,0.0849,0.05792,0.13773,-0.00075,-0.13103,0.0453,-0.04022,-0.11168,-0.03126,0.07687,0.28578,0.18996,0.23013,0.29237,0.08243,-0.24728,-0.07783,0.07994
41.0,29.67,-0.16943,0.00067,-0.1125,0.48713,-0.05578,-0.00724,0.48892,0.56324,-0.12414,-0.16555,0.03548,0.00583,-0.25959,-0.08096,-0.1769,-0.08027,-0.0346,-0.02947,0.36474,0.58788,0.30428,0.07557,-0.1246,-0.12245,0.04443,-0.12046,0.09356,-0.07759,0.71908,0.28144,0.65891,0.08071,0.06413,0.15287,-0.02424,-0.13335,0.01473,-0.0264,-0.09622,-0.01273,0.09194,0.3122,0.20233,0.21156,0.26949,0.07098,-0.22868,-0.09164,0.07974
40.67,30.33,-0.11077,-0.01306,-0.04985,0.53549,-0.04862,-0.03233,0.50309,0.63234,-0.06133,-0.10502,0.1829,0.10739,-0.20889,-0.04024,-0.1684,-0.1299,0.00684,-0.03381,0.38643,0.608,0.31793,0.16915,0.00265,-0.06245,0.03899,-0.11424,0.08014,-0.05568,0.72154,0.20203,0.6745,0.08076,0.10346,0.16757,0.0923,-0.0669,0.11129,-0.01422,-0.06869,-0.02663,0.02871,0.26432,0.27027,0.28265,0.31711,0.14463,-0.22675,0.00578,0.11251
40.67,29.67,-0.11827,0.00278,-0.05948,0.50827,-0.02714,-0.00072,0.5082,0.59642,-0.08743,-0.12332,0.1274,0.08284,-0.22217,-0.04308,-0.17323,-0.07362,-0.00507,-0.02568,0.38998,0.62017,0.32356,0.13137,-0.03697,-0.06822,0.06125,-0.11205,0.06409,-0.02337,0.72995,0.26051,0.66359,0.07708,0.10656,0.18336,0.05819,-0.06786,0.07097,-0.00282,-0.05392,-0.00511,0.04422,0.30318,0.28369,0.25193,0.29252,0.1278,-0.20915,-0.01372,0.11078
40.67,31.0,-0.08569,-0.05416,0.02234,0.61807,-0.05459,-0.033,0.52373,0.69977,0.03841,-0.06569,0.28486,0.1734,-0.17701,-0.01735,-0.136,-0.21142,0.02456,-0.0282,0.41035,0.57267,0.31881,0.22918,0.11055,-0.04777,-0.00943,-0.11439,0.10501,-0.09027,0.6857,0.08971,0.68566,0.10745,0.09012,0.16118,0.16236,-0.05949,0.20532,-0.03867,-0.05981,-0.05326,0.02363,0.22367,0.31667,0.39819,0.40052,0.19361,-0.26172,0.04735,0.13177
41.0,31.33,-0.14165,-0.07148,-0.01094,0.62778,-0.06593,-0.00047,0.50882,0.69059,0.02086,-0.10333,0.22718,0.13833,-0.20455,-0.06769,-0.14665,-0.23278,0.00276,-0.00817,0.41113,0.53526,0.31878,0.18695,0.0699,-0.08043,-0.03946,-0.13224,0.1053,-0.1448,0.68914,0.08934,0.68528,0.1147,0.03947,0.13717,0.10303,-0.09433,0.17145,-0.07175,-0.08464,-0.06792,0.04723,0.23915,0.29289,0.38585,0.4145,0.16381,-0.29199,-0.00224,0.11153
41.0,30.67,-0.15392,-0.05645,-0.05603,0.588,-0.06732,0.0026,0.50096,0.66385,-0.01393,-0.12836,0.18311,0.10009,-0.22298,-0.08365,-0.15978,-0.2124,-0.00185,-0.00456,0.40411,0.54603,0.31978,0.16475,0.0146,-0.10188,-0.02679,-0.12789,0.11156,-0.14756,0.71178,0.12651,0.68323,0.10833,0.04178,0.13433,0.06625,-0.11026,0.1318,-0.06192,-0.10319,-0.05859,0.05089,0.24948,0.26091,0.33324,0.38218,0.13927,-0.28537,-0.0277,0.10015
40.67,31.33,-0.05838,-0.05347,0.08024,0.65094,-0.0439,-0.04458,0.54006,0.71893,0.07682,-0.03048,0.32832,0.20955,-0.15648,0.01553,-0.11578,-0.21093,0.03366,-0.04174,0.41452,0.57703,0.31669,0.25387,0.16047,-0.0208,-0.00718,-0.11031,0.10619,-0.06232,0.65751,0.07246,0.68617,0.1143,0.1057,0.17507,0.20628,-0.04023,0.24661,-0.03883,-0.02984,-0.05098,0.02834,0.2184,0.34833,0.45241,0.42004,0.21881,-0.24924,0.07725,0.14885
40.67,30.67,-0.08512,-0.04198,0.01379,0.59776,-0.05241,-0.04304,0.52094,0.68818,0.01857,-0.06866,0.27375,0.16625,-0.18018,-0.01513,-0.1412,-0.19171,0.02497,-0.03481,0.40166,0.58627,0.31853,0.22334,0.09073,-0.04484,0.00573,-0.11275,0.10022,-0.07415,0.6921,0.11479,0.68457,0.09964,0.10141,0.16474,0.15536,-0.05626,0.1913,-0.03027,-0.0588,-0.04608,0.01932,0.22867,0.30764,0.37705,0.3786,0.18743,-0.2474,0.04652,0.13031
41.33,32.0,-0.12368,-0.09858,0.18069,0.74758,-0.03901,-0.03514,0.54097,0.7362,0.10849,-0.02403,0.29682,0.2323,-0.14918,-0.02095,-0.10197,-0.24258,0.00739,-0.03796,0.40422,0.48682,0.30276,0.21282,0.1844,0.00665,-0.05732,-0.1617,0.08204,-0.07033,0.59881,0.04406,0.6874,0.16753,0.02624,0.15564,0.17354,-0.07295,0.26576,-0.11947,-0.00411,-0.05548,0.07202,0.26888,0.3994,0.56614,0.46043,0.22238,-0.26333,0.02295,0.14549
40.67,32.0,-0.01834,-0.07853,0.23679,0.74408,-0.03151,-0.08312,0.56484,0.7632,0.15369,0.06906,0.41308,0.30103,-0.07788,0.07498,-0.08037,-0.2305,0.04064,-0.0822,0.41317,0.53318,0.29575,0.29875,0.30241,0.05985,-0.01537,-0.11935,0.08408,-0.0236,0.54638,0.01703,0.68334,0.15771,0.09603,0.17852,0.3032,-0.00031,0.35029,-0.06547,0.03079,-0.05819,0.03613,0.20048,0.42644,0.59212,0.48354,0.26247,-0.22157,0.13007,0.18035
41.0,32.33,-0.0813,-0.10344,0.21139,0.75803,-0.06049,-0.09749,0.53471,0.75301,0.10959,0.04576,0.35767,0.28638,-0.0887,0.02953,-0.10174,-0.26085,0.00574,-0.08601,0.38977,0.47962,0.27855,0.24978,0.28308,0.0539,-0.04501,-0.1549,0.05222,-0.07602,0.54229,0.00126,0.67523,0.15356,0.02931,0.14013,0.25864,-0.02399,0.3215,-0.10244,0.01281,-0.09133,0.02891,0.20475,0.40346,0.57434,0.48191,0.23346,-0.24856,0.09147,0.15436
41.0,31.67,-0.10289,-0.1031,0.15504,0.7357,-0.0686,-0.06273,0.52246,0.74569,0.09105,0.00284,0.33613,0.25302,-0.1333,0.00218,-0.10824,-0.26136,0.00749,-0.05844,0.39707,0.49976,0.29557,0.24056,0.23548,0.01629,-0.05181,-0.15056,0.06481,-0.09804,0.58314,0.01619,0.68267,0.13229,0.0373,0.14348,0.22113,-0.03516,0.28556,-0.09906,-0.0133,-0.08973,0.03827,0.21292,0.37161,0.53171,0.4764,0.22614,-0.27223,0.07279,0.14425
41.33,32.33,-0.1099,-0.09428,0.21159,0.75135,-0.02208,-0.05148,0.55363,0.73184,0.12028,-0.00479,0.29317,0.23936,-0.12196,-0.0108,-0.10253,-0.23469,0.00626,-0.04782,0.40117,0.47192,0.29393,0.21165,0.19068,0.025,-0.04901,-0.16332,0.08123,-0.05053,0.58082,0.04828,0.68278,0.19553,0.01993,0.15448,0.17998,-0.07926,0.27739,-0.12212,0.00603,-0.04234,0.06923,0.27812,0.42543,0.589,0.44869,0.22116,-0.24331,0.01974,0.15061
41.33,31.67,-0.13228,-0.08894,0.1512,0.72655,-0.02616,-0.0088,0.54675,0.72535,0.10554,-0.05622,0.27362,0.20121,-0.17396,-0.03709,-0.1042,-0.2272,0.01235,-0.01988,0.41575,0.50249,0.31573,0.19665,0.13443,-0.02257,-0.05377,-0.15544,0.10213,-0.06939,0.63149,0.06949,0.69229,0.16891,0.03536,0.16523,0.13734,-0.09115,0.23782,-0.11257,-0.015,-0.04187,0.08831,0.28931,0.38855,0.54424,0.44789,0.21345,-0.26306,-0.00133,0.14205
40.67,32.33,0.01293,-0.06977,0.28513,0.74938,-0.00479,-0.09608,0.58743,0.76465,0.18037,0.09952,0.43063,0.31652,-0.03836,0.09877,-0.07263,-0.21189,0.05047,-0.09777,0.42154,0.52963,0.29088,0.31115,0.32054,0.08432,0.00115,-0.1098,0.08885,0.00977,0.5232,0.02369,0.67918,0.18855,0.10751,0.18905,0.32847,0.00226,0.37503,-0.05625,0.05094,-0.03855,0.03892,0.20298,0.46041,0.62652,0.48088,0.26693,-0.18734,0.13924,0.19446
40.67,31.67,-0.0166,-0.07048,0.20819,0.72214,-0.0276,-0.06986,0.56687,0.75616,0.14722,0.04784,0.40228,0.28182,-0.09425,0.0686,-0.08433,-0.22071,0.04466,-0.07091,0.41841,0.55016,0.30398,0.29651,0.27037,0.04175,-0.01019,-0.11141,0.09742,-0.0222,0.57532,0.0295,0.68559,0.15248,0.10979,0.18528,0.28734,-0.01009,0.33219,-0.05384,0.0192,-0.04855,0.0371,0.20701,0.41618,0.56881,0.46753,0.25854,-0.22355,0.1204,0.17796
41.33,33.0,-0.05481,-0.08721,0.30478,0.76421,0.01372,-0.17481,0.57626,0.71367,0.13322,0.11486,0.29567,0.30061,0.01576,0.04826,-0.1168,-0.23122,-0.01576,-0.11596,0.38038,0.38354,0.22692,0.22119,0.27378,0.13698,-0.01734,-0.17113,0.04466,-0.01234,0.46118,0.03388,0.64697,0.27341,-0.01903,0.12514,0.25596,-0.0745,0.33886,-0.11734,0.04438,-0.02913,0.01395,0.23576,0.50207,0.64692,0.42082,0.19674,-0.16538,0.04291,0.16218
40.67,33.0,0.05134,-0.06666,0.38835,0.76153,0.04693,-0.17924,0.61901,0.74832,0.20824,0.1996,0.42927,0.36438,0.08919,0.14186,-0.08001,-0.19222,0.03581,-0.15192,0.41963,0.44738,0.23987,0.31068,0.37402,0.18664,0.03849,-0.11355,0.06108,0.06013,0.42099,0.0326,0.65015,0.28234,0.07332,0.16963,0.3803,-0.00383,0.42212,-0.04976,0.09762,-0.01277,0.01619,0.18448,0.54187,0.69412,0.46808,0.24108,-0.09515,0.14374,0.21032
41.0,33.33,0.00449,-0.07783,0.34802,0.76509,0.01333,-0.24348,0.58576,0.72502,0.15221,0.17635,0.35959,0.35298,0.0903,0.10835,-0.10777,-0.2304,-0.01736,-0.17408,0.37631,0.38201,0.19543,0.2477,0.36182,0.19219,0.01694,-0.15667,0.02864,0.00457,0.40836,0.00611,0.62923,0.26872,-0.00845,0.11906,0.34331,-0.0291,0.39844,-0.08374,0.0802,-0.05973,-0.02314,0.16787,0.51933,0.65969,0.43622,0.20163,-0.12363,0.10801,0.17704
41.0,32.67,-0.01069,-0.08162,0.32726,0.77002,-0.00907,-0.21391,0.57786,0.73698,0.14468,0.14471,0.3648,0.34017,0.0562,0.09545,-0.10634,-0.23807,-0.01107,-0.16398,0.37382,0.40896,0.21683,0.24746,0.357,0.15194,-0.00176,-0.15471,0.03171,-0.01739,0.43992,-0.00634,0.64102,0.23932,-0.00132,0.12224,0.32853,-0.0259,0.39028,-0.08932,0.06717,-0.07858,-0.0143,0.18112,0.49426,0.64629,0.45174,0.21078,-0.15788,0.11144,0.17266
41.33,33.33,-0.05868,-0.08983,0.30106,0.75906,0.03421,-0.16999,0.57933,0.70118,0.13823,0.12595,0.28019,0.29799,0.01273,0.04187,-0.11784,-0.22488,-0.01587,-0.098,0.3907,0.3646,0.22124,0.22429,0.2511,0.1552,-0.01192,-0.17232,0.05024,0.0036,0.44835,0.05717,0.6451,0.29612,-0.01531,0.12952,0.24829,-0.08685,0.32554,-0.11899,0.04174,0.00535,0.02261,0.2395,0.51564,0.65072,0.40749,0.19316,-0.14974,0.02581,0.16364
41.33,32.67,-0.0731,-0.09084,0.28334,0.76397,0.0088,-0.12592,0.57308,0.71949,0.13627,0.08142,0.29132,0.2817,-0.02877,0.02701,-0.11095,-0.22992,-0.00603,-0.08567,0.38895,0.4075,0.25036,0.22214,0.24167,0.10626,-0.02834,-0.16785,0.05853,-0.01647,0.49494,0.04549,0.65982,0.26047,-0.00417,0.13824,0.22886,-0.08207,0.31851,-0.12301,0.03177,-0.0192,0.03894,0.25867,0.48694,0.63848,0.42986,0.2077,-0.18704,0.02964,0.16106
40.67,33.33,0.05887,-0.06564,0.3995,0.7539,0.07529,-0.16649,0.62782,0.74197,0.22259,0.22219,0.43401,0.36807,0.09525,0.14892,-0.07555,-0.17574,0.04591,-0.1355,0.43874,0.44111,0.24059,0.3258,0.35837,0.21377,0.05663,-0.10406,0.06857,0.08973,0.40518,0.06183,0.64888,0.30948,0.09063,0.18166,0.38507,-0.00635,0.41672,-0.04056,0.10702,0.02528,0.03204,0.18526,0.56346,0.70948,0.46589,0.24514,-0.06507,0.13789,0.22007
40.67,32.67,0.04931,-0.06531,0.37366,0.76224,0.04288,-0.14511,0.61784,0.75641,0.21338,0.18187,0.43964,0.35552,0.05533,0.137,-0.0718,-0.19123,0.04793,-0.13008,0.4275,0.47627,0.25981,0.32379,0.36154,0.16296,0.03144,-0.10639,0.0758,0.05976,0.44476,0.03794,0.6614,0.26432,0.09646,0.18471,0.37341,0.00158,0.41485,-0.04906,0.08923,-0.00558,0.03158,0.19509,0.53023,0.68929,0.47646,0.25677,-0.11418,0.14612,0.21307
41.33,34.0,-0.05389,-0.09739,0.286,0.73288,0.10274,-0.20865,0.563,0.65984,0.12807,0.2077,0.25354,0.33548,0.06603,0.05698,-0.1177,-0.21712,-0.03908,-0.08425,0.41376,0.28291,0.161,0.23312,0.23729,0.26812,0.01106,-0.17871,0.03438,0.02443,0.3491,0.11011,0.61374,0.34518,-0.01411,0.11895,0.25866,-0.07587,0.32439,-0.10702,0.04845,0.0677,0.00397,0.17467,0.55345,0.64891,0.35335,0.16176,-0.0676,0.01542,0.16552
40.67,34.0,0.03179,-0.07942,0.36007,0.718,0.13467,-0.19054,0.60339,0.69908,0.19997,0.29257,0.38405,0.39407,0.13469,0.14936,-0.08533,-0.16634,0.01414,-0.10421,0.45536,0.35303,0.1862,0.31634,0.31171,0.3248,0.07703,-0.11718,0.04617,0.10682,0.31748,0.12057,0.61468,0.36623,0.07943,0.15899,0.36348,-0.01231,0.40003,-0.03759,0.11268,0.07675,0.02764,0.13914,0.59615,0.70308,0.41241,0.20227,0.01802,0.11055,0.215
41.0,34.33,-0.0081,-0.09154,0.30082,0.71957,0.1051,-0.24589,0.55762,0.66656,0.14216,0.2595,0.31398,0.38176,0.1225,0.10343,-0.10067,-0.21076,-0.03499,-0.12151,0.41939,0.29334,0.13063,0.25742,0.29483,0.32893,0.04698,-0.16299,0.02434,0.04237,0.30257,0.10347,0.59307,0.3318,0.00717,0.11296,0.32547,-0.02451,0.37614,-0.07191,0.08427,0.04247,-0.01797,0.10702,0.56662,0.65613,0.35291,0.16793,-0.01251,0.07236,0.17938
41.0,33.67,0.00761,-0.08679,0.32947,0.73303,0.07659,-0.26614,0.57535,0.68076,0.154,0.24012,0.33166,0.37191,0.11612,0.11111,-0.10289,-0.21807,-0.03446,-0.14361,0.40624,0.31625,0.14525,0.25633,0.31772,0.29896,0.05427,-0.16232,0.02835,0.04516,0.33233,0.07166,0.60214,0.3232,-0.00683,0.11713,0.34491,-0.03293,0.38165,-0.07389,0.0922,0.01628,-0.02185,0.12047,0.55995,0.66396,0.38416,0.18644,-0.04379,0.08172,0.18085
41.33,34.33,-0.07667,-0.10088,0.26332,0.72523,0.13522,-0.16623,0.55062,0.64994,0.11725,0.2144,0.23091,0.33659,0.06225,0.04452,-0.11879,-0.208,-0.03515,-0.05401,0.42742,0.26874,0.16578,0.23471,0.20894,0.27172,-0.00944,-0.17558,0.03426,0.01728,0.33552,0.1399,0.61643,0.35376,0.00432,0.12094,0.22472,-0.07523,0.31,-0.11062,0.03165,0.09795,0.01679,0.18508,0.5528,0.64383,0.33297,0.1444,-0.05322,-0.00042,0.16429
41.33,33.67,-0.06266,-0.09647,0.29008,0.73978,0.09283,-0.18851,0.56911,0.66822,0.1295,0.1881,0.2507,0.32053,0.05058,0.04799,-0.12166,-0.21634,-0.0313,-0.07946,0.40953,0.29939,0.1837,0.23094,0.22955,0.23366,0.00073,-0.17684,0.03854,0.02108,0.37662,0.1034,0.62477,0.34296,-0.01282,0.12384,0.24536,-0.08524,0.31872,-0.11479,0.04176,0.06133,0.01485,0.2044,0.54505,0.65287,0.3659,0.1664,-0.08798,0.00845,0.16494
40.67,34.33,0.01239,-0.08547,0.33565,0.70392,0.16454,-0.14737,0.5936,0.69555,0.19548,0.31197,0.37227,0.4016,0.13997,0.14789,-0.08461,-0.15135,0.02494,-0.07331,0.47067,0.34604,0.19333,0.32537,0.28591,0.33681,0.06393,-0.10985,0.04301,0.10656,0.30093,0.15056,0.61426,0.38138,0.10778,0.16262,0.33423,-0.00389,0.39699,-0.03521,0.1022,0.10017,0.04691,0.14672,0.60132,0.70493,0.39663,0.18805,0.04643,0.10734,0.21812
40.67,33.67,0.04174,-0.07536,0.3799,0.72742,0.13162,-0.1701,0.61817,0.71265,0.21575,0.28294,0.40278,0.38853,0.13053,0.1538,-0.08118,-0.15887,0.03174,-0.1054,0.46064,0.37916,0.21031,0.3287,0.32232,0.29584,0.07376,-0.10678,0.05484,0.11206,0.33988,0.11378,0.62742,0.36431,0.09407,0.17253,0.36948,-0.01097,0.40464,-0.03461,0.11291,0.0777,0.03805,0.1611,0.59644,0.71476,0.43232,0.21527,0.00571,0.11767,0.22229
41.33,35.0,-0.13249,-0.12495,0.15483,0.67692,0.21078,-0.06732,0.47599,0.60043,0.044,0.25255,0.17307,0.37054,0.08749,0.02413,-0.10742,-0.18022,-0.0415,0.00046,0.43796,0.2094,0.12929,0.22574,0.16008,0.3199,-0.06791,-0.1803,0.00395,-0.04563,0.23808,0.20934,0.58104,0.32109,0.03812,0.09212,0.15117,-0.0247,0.30458,-0.10494,-0.01773,0.12042,0.01871,0.14549,0.52409,0.59196,0.23904,0.06079,0.01582,-0.02062,0.14778
40.67,35.0,-0.08106,-0.12176,0.18173,0.63711,0.21177,-0.06748,0.49105,0.6336,0.0975,0.33722,0.27287,0.42176,0.1531,0.10913,-0.09099,-0.14333,-0.00229,-0.00928,0.45303,0.25636,0.1447,0.28753,0.21032,0.37654,-0.01195,-0.137,-0.00288,0.02259,0.19951,0.20695,0.55917,0.33994,0.11126,0.10994,0.21934,0.033,0.3858,-0.04774,0.03599,0.0961,0.04276,0.10914,0.55207,0.63047,0.27169,0.08276,0.10253,0.06813,0.18206
41.0,35.33,-0.12388,-0.13477,0.11722,0.63536,0.19205,-0.07806,0.44156,0.59356,0.02502,0.28328,0.20254,0.40179,0.12649,0.04426,-0.09931,-0.17338,-0.03895,-0.02209,0.42553,0.20759,0.0932,0.23172,0.18753,0.35893,-0.05657,-0.17558,-0.01538,-0.05423,0.18397,0.20468,0.54614,0.2775,0.0484,0.06811,0.17534,0.02609,0.34776,-0.07829,-0.00891,0.07885,0.00187,0.09027,0.51537,0.57359,0.20151,0.03285,0.06676,0.01615,0.14507
41.0,34.67,-0.08825,-0.11672,0.17594,0.67204,0.18005,-0.13113,0.47152,0.62382,0.06802,0.29711,0.24428,0.40724,0.13757,0.06211,-0.09742,-0.18267,-0.02686,-0.04782,0.43896,0.23921,0.10451,0.24854,0.2249,0.36999,-0.0245,-0.16754,-0.00106,-0.02017,0.21813,0.19037,0.56489,0.31256,0.05569,0.08622,0.22632,0.01571,0.36443,-0.06878,0.02649,0.08604,-0.00418,0.09305,0.54571,0.61328,0.2428,0.08357,0.06363,0.04075,0.16288
41.33,35.33,-0.15157,-0.13698,0.12797,0.65629,0.22412,-0.01802,0.47387,0.58147,0.02401,0.23242,0.14092,0.35815,0.06656,0.01444,-0.10833,-0.16855,-0.05254,0.02597,0.42939,0.19248,0.1374,0.21685,0.12519,0.29464,-0.08904,-0.18582,-0.0013,-0.0623,0.22577,0.2156,0.57621,0.30252,0.02931,0.08888,0.11418,-0.0277,0.28151,-0.11965,-0.04223,0.11761,0.0331,0.16255,0.50106,0.5662,0.23249,0.02963,0.00096,-0.04675,0.13727
41.33,34.67,-0.12089,-0.11891,0.18563,0.68918,0.19883,-0.08695,0.5004,0.61139,0.06624,0.24217,0.18058,0.35756,0.07432,0.02967,-0.11261,-0.18559,-0.04254,-0.00398,0.43652,0.21953,0.14503,0.2285,0.16289,0.30445,-0.05453,-0.17952,0.01276,-0.0254,0.26481,0.1945,0.59286,0.3388,0.02931,0.10372,0.16408,-0.04545,0.29773,-0.1106,-0.0068,0.12318,0.02396,0.16373,0.53275,0.60613,0.26852,0.08171,-0.00715,-0.02294,0.15224
40.67,35.33,-0.10296,-0.13714,0.14492,0.60097,0.21514,-0.02802,0.47838,0.61164,0.07371,0.32705,0.24413,0.4119,0.14122,0.11187,-0.09326,-0.13225,-0.01304,0.01419,0.43236,0.23273,0.14752,0.27708,0.18201,0.35864,-0.02933,-0.14111,-0.0151,0.00977,0.17631,0.20737,0.53972,0.31719,0.10083,0.1025,0.1811,0.03606,0.37657,-0.05389,0.01528,0.08284,0.0548,0.11261,0.52348,0.60222,0.25575,0.05071,0.09753,0.05113,0.16986
40.67,34.67,-0.05323,-0.11174,0.22847,0.65211,0.20974,-0.07976,0.52671,0.65219,0.1328,0.33964,0.3039,0.41831,0.14951,0.12862,-0.08838,-0.13836,0.0089,-0.01688,0.46271,0.28322,0.16704,0.30578,0.22612,0.3696,0.01315,-0.12257,0.01135,0.05637,0.22566,0.19809,0.57541,0.36434,0.11947,0.13176,0.25069,0.0214,0.38839,-0.04095,0.05855,0.10602,0.0548,0.1245,0.57032,0.65768,0.31729,0.11461,0.09337,0.07993,0.19681
41.33,36.0,-0.21821,-0.18559,-0.02023,0.55575,0.20874,0.10075,0.4138,0.47986,-0.07938,0.17329,0.04371,0.33802,0.02145,-0.01981,-0.10161,-0.13638,-0.10105,0.07008,0.3655,0.11161,0.10181,0.16821,0.03521,0.23596,-0.16214,-0.21131,-0.04431,-0.16177,0.14174,0.20732,0.50056,0.14589,-0.03487,0.03209,0.01323,0.00461,0.2451,-0.1529,-0.13221,0.05504,0.03511,0.14574,0.38105,0.4337,0.15735,-0.11012,-0.02775,-0.12046,0.0813
40.67,36.0,-0.19353,-0.18691,-0.03827,0.48007,0.1747,0.06225,0.37532,0.47502,-0.07585,0.25053,0.1025,0.37474,0.07932,0.0677,-0.10549,-0.12431,-0.08333,0.05251,0.32412,0.10128,0.08624,0.1953,0.0868,0.28669,-0.12156,-0.18114,-0.07369,-0.10717,0.07703,0.18114,0.43733,0.12455,-0.00459,0.02259,0.0433,0.05884,0.32981,-0.09526,-0.09411,0.00398,0.03853,0.07501,0.37386,0.43608,0.13666,-0.10754,0.04009,-0.0446,0.08993
41.0,36.33,-0.23338,-0.20112,-0.08463,0.48092,0.15703,0.08746,0.368,0.43505,-0.13535,0.17323,0.03437,0.34806,0.03326,-0.00418,-0.10416,-0.13685,-0.11889,0.04984,0.32049,0.07013,0.0531,0.14401,0.03983,0.2449,-0.16243,-0.21533,-0.07006,-0.17935,0.08053,0.17979,0.44288,0.05399,-0.06948,-0.01145,-0.00574,0.03959,0.26577,-0.13778,-0.14593,0.00433,0.01505,0.08716,0.3398,0.37527,0.09928,-0.17499,-0.00934,-0.11087,0.0565
41.0,35.67,-0.21773,-0.19224,-0.04961,0.50456,0.16995,0.0563,0.38369,0.47869,-0.10763,0.18702,0.06869,0.35592,0.05403,-0.00021,-0.11071,-0.15007,-0.10606,0.03241,0.34421,0.10271,0.05981,0.15904,0.0705,0.27062,-0.13662,-0.20929,-0.05882,-0.14829,0.09738,0.18952,0.47603,0.1146,-0.04128,0.00343,0.02797,0.03516,0.27839,-0.12614,-0.118,0.01101,0.01553,0.09017,0.38528,0.41998,0.11087,-0.13446,0.01057,-0.08336,0.07445
41.33,35.67,-0.19842,-0.16942,0.02509,0.58953,0.22552,0.076,0.43182,0.50887,-0.04475,0.19722,0.06865,0.34439,0.03441,-0.00797,-0.10297,-0.14232,-0.08325,0.06612,0.38662,0.13529,0.1201,0.18636,0.05705,0.25207,-0.14655,-0.20076,-0.03174,-0.13425,0.16891,0.21599,0.52389,0.20007,-0.0085,0.05488,0.03799,-0.00539,0.25602,-0.14405,-0.10811,0.08128,0.03828,0.15623,0.41584,0.47612,0.18376,-0.06424,-0.01933,-0.10144,0.10002
40.67,36.33,-0.18601,-0.18108,-0.03888,0.47856,0.16936,0.06529,0.36281,0.44944,-0.0696,0.27159,0.09682,0.37889,0.07593,0.08716,-0.10154,-0.11198,-0.07593,0.06307,0.30612,0.08468,0.09041,0.20135,0.0847,0.27921,-0.13185,-0.17147,-0.08168,-0.11073,0.07268,0.1716,0.40827,0.09621,-0.0083,0.02531,0.04136,0.06506,0.3443,-0.09203,-0.09816,0.01123,0.04139,0.06679,0.34684,0.42586,0.14613,-0.10552,0.03135,-0.04594,0.08811
40.67,35.67,-0.16514,-0.17272,0.01543,0.51585,0.1943,0.04259,0.4037,0.51603,-0.02371,0.28773,0.14686,0.39041,0.10333,0.09124,-0.10139,-0.12169,-0.058,0.0503,0.35597,0.13943,0.11178,0.22598,0.11276,0.31264,-0.09594,-0.16465,-0.06015,-0.06936,0.10163,0.19124,0.4638,0.18899,0.03783,0.05142,0.08172,0.05724,0.3525,-0.08064,-0.06031,0.02891,0.05002,0.08666,0.4162,0.49041,0.17703,-0.05629,0.06383,-0.01012,0.11699
40.67,37.0,-0.19915,-0.17246,-0.09401,0.44195,0.09994,0.09072,0.29497,0.31395,-0.11851,0.27794,0.01464,0.37958,0.0388,0.0643,-0.08372,-0.085,-0.06956,0.08443,0.24682,-0.01732,0.0426,0.17497,0.03795,0.22696,-0.19701,-0.17268,-0.10641,-0.18974,0.04613,0.14312,0.28641,-0.08921,-0.08387,-0.02,0.00167,0.07007,0.33894,-0.11222,-0.15771,0.00617,0.01968,0.02377,0.22263,0.31516,0.12676,-0.16988,-0.03159,-0.10461,0.04492
41.0,37.33,-0.23488,-0.19402,-0.10616,0.47248,0.08065,0.12795,0.31771,0.29469,-0.15016,0.2165,-0.04881,0.36318,0.00624,0.00409,-0.06305,-0.07718,-0.09005,0.09892,0.27234,-0.03267,0.02107,0.13515,-0.02473,0.18628,-0.22803,-0.20415,-0.09772,-0.25228,0.07927,0.15552,0.28357,-0.13858,-0.13048,-0.05191,-0.03024,0.03092,0.2775,-0.16133,-0.18901,0.03864,0.00889,0.04681,0.20616,0.27013,0.12538,-0.22388,-0.06948,-0.15952,0.0242
41.0,36.67,-0.22641,-0.1884,-0.09596,0.48169,0.11836,0.12037,0.34442,0.335,-0.13796,0.20738,-0.01884,0.36047,0.01344,0.01465,-0.06505,-0.09026,-0.10848,0.08942,0.2893,0.00704,0.04699,0.14082,-0.00381,0.20559,-0.21152,-0.20719,-0.08244,-0.24027,0.08132,0.15859,0.34209,-0.08191,-0.11282,-0.0307,-0.02758,0.0469,0.27611,-0.14899,-0.17815,0.0429,0.00901,0.0658,0.23997,0.30107,0.12925,-0.21832,-0.05169,-0.14623,0.0374
41.33,36.67,-0.2143,-0.18194,-0.04156,0.55828,0.17001,0.15011,0.38994,0.39527,-0.07516,0.20125,-0.00107,0.34686,-0.00139,-0.01722,-0.06447,-0.08308,-0.07875,0.11525,0.33501,0.06281,0.09819,0.17571,-0.00986,0.18911,-0.21084,-0.20384,-0.06077,-0.22474,0.13485,0.19531,0.40272,0.02126,-0.06196,0.01699,0.00449,0.01037,0.26057,-0.16785,-0.16146,0.0646,0.03623,0.13689,0.27895,0.36353,0.18625,-0.1392,-0.06803,-0.15952,0.06404
40.67,37.33,-0.19915,-0.16802,-0.09569,0.42486,0.07463,0.0912,0.26342,0.28819,-0.11843,0.29512,0.00468,0.38299,0.04067,0.05566,-0.09215,-0.08154,-0.04407,0.08588,0.23133,-0.04611,0.02402,0.18219,0.03866,0.22202,-0.20088,-0.1652,-0.11915,-0.17992,0.03633,0.14475,0.24603,-0.1127,-0.08421,-0.02683,0.01031,0.05896,0.34969,-0.11161,-0.16104,-0.01539,0.02466,0.00728,0.20404,0.30635,0.11989,-0.14979,-0.03832,-0.10591,0.03954
40.67,36.67,-0.19269,-0.17314,-0.08291,0.44647,0.11998,0.08432,0.30447,0.34926,-0.10308,0.28523,0.04152,0.37989,0.05122,0.07706,-0.09023,-0.09097,-0.06727,0.08065,0.25328,0.00763,0.05754,0.18779,0.0571,0.24299,-0.17833,-0.16893,-0.10472,-0.16442,0.04557,0.14974,0.31228,-0.038,-0.05955,-0.00382,0.01527,0.0737,0.34972,-0.10145,-0.13933,-0.00282,0.02799,0.03164,0.24979,0.34735,0.13073,-0.1431,-0.01257,-0.08527,0.05745
40.67,38.0,-0.23689,-0.18964,-0.12897,0.35853,-0.06753,0.11207,0.15237,0.163,-0.17904,0.28998,-0.09407,0.3815,0.03197,-0.01394,-0.08347,-0.06481,0.013,0.09267,0.17006,-0.1809,-0.08527,0.15591,-0.01082,0.16663,-0.23626,-0.15502,-0.16282,-0.20743,0.00833,0.1376,0.0896,-0.25009,-0.14304,-0.11173,-0.00084,-0.00897,0.34092,-0.14295,-0.19711,-0.07225,0.03015,-0.05643,0.11419,0.20058,0.0685,-0.16477,-0.0908,-0.14714,-0.00845
41.0,37.67,-0.28273,-0.24198,-0.14575,0.42141,-0.06888,0.14226,0.19239,0.18187,-0.21558,0.21898,-0.1514,0.3573,-0.00942,-0.05886,-0.08126,-0.06144,-0.02552,0.10646,0.20674,-0.1726,-0.10144,0.10889,-0.08471,0.12684,-0.26379,-0.19536,-0.16331,-0.25639,0.05379,0.15737,0.09437,-0.27924,-0.18241,-0.14768,-0.02998,-0.0547,0.27899,-0.21071,-0.21712,-0.02522,0.01744,-0.02473,0.12543,0.17904,0.06832,-0.219,-0.11494,-0.18897,-0.02578
40.67,38.33,-0.21567,-0.16634,-0.11961,0.33849,-0.07525,0.10924,0.13538,0.14574,-0.16177,0.31222,-0.07214,0.38935,0.05007,-0.00304,-0.06589,-0.06388,0.02981,0.08786,0.15148,-0.18626,-0.07819,0.17675,0.02384,0.17574,-0.22591,-0.13232,-0.15693,-0.20019,-0.01228,0.12573,0.09356,-0.22264,-0.12712,-0.10368,0.01166,0.00265,0.36734,-0.11436,-0.18589,-0.08711,0.03912,-0.06168,0.10006,0.1969,0.07299,-0.1427,-0.0879,-0.13144,-0.00134
40.67,37.67,-0.21633,-0.17186,-0.1156,0.37345,-0.02288,0.10103,0.18098,0.19647,-0.1499,0.30455,-0.05396,0.38596,0.03862,0.0142,-0.08501,-0.06937,0.00461,0.08993,0.18244,-0.14,-0.04749,0.17405,0.01839,0.1867,-0.22376,-0.1487,-0.14855,-0.19474,0.00958,0.1353,0.13533,-0.20771,-0.1181,-0.07754,0.0089,0.02195,0.35738,-0.12315,-0.18281,-0.0618,0.03076,-0.03937,0.13583,0.2355,0.0882,-0.14921,-0.07444,-0.12908,0.00956
40.67,39.0,-0.1874,-0.15846,-0.13197,0.26973,-0.17499,0.11282,0.03529,0.02788,-0.1901,0.31956,-0.09234,0.39475,0.07662,-0.02294,-0.00486,-0.07099,0.04327,0.06184,0.06592,-0.2541,-0.12498,0.1726,0.06245,0.16433,-0.20524,-0.08775,-0.13548,-0.22828,-0.06814,0.06778,0.04077,-0.19471,-0.15832,-0.15532,-0.00204,-0.01718,0.40299,-0.0759,-0.18682,-0.10723,0.05637,-0.10336,0.00971,0.09209,0.02603,-0.13477,-0.11103,-0.1147,-0.02076
41.0,39.33,-0.24068,-0.2293,-0.16099,0.29969,-0.224,0.13303,0.01136,-0.01617,-0.25237,0.264,-0.15145,0.37043,0.03661,-0.10731,-0.00436,-0.10659,0.00267,0.04694,0.05967,-0.2895,-0.17896,0.12287,0.00577,0.12842,-0.24865,-0.137,-0.161,-0.29238,-0.05167,0.05246,-0.00423,-0.22189,-0.22614,-0.23241,-0.03976,-0.07472,0.37843,-0.15415,-0.20812,-0.0834,0.05208,-0.10081,-0.03039,0.02392,-0.01224,-0.18505,-0.13695,-0.14662,-0.05669
40.67,39.33,-0.15327,-0.14039,-0.1238,0.24198,-0.17086,0.10938,0.02518,0.02643,-0.16883,0.33482,-0.08057,0.40182,0.09169,-0.00599,0.00546,-0.06521,0.05528,0.05436,0.05052,-0.2382,-0.10916,0.17847,0.08692,0.17295,-0.18014,-0.05585,-0.11689,-0.20968,-0.07942,0.05025,0.05191,-0.16237,-0.14943,-0.12701,-0.00016,0.00148,0.42383,-0.04594,-0.17893,-0.10412,0.06589,-0.10219,0.00583,0.08998,0.02147,-0.10625,-0.1111,-0.09763,-0.0112
40.67,38.67,-0.18419,-0.14792,-0.12078,0.27882,-0.14329,0.11118,0.0639,0.06573,-0.16745,0.32884,-0.0778,0.39813,0.0768,-0.01066,-0.02057,-0.06431,0.05141,0.07158,0.08949,-0.23011,-0.10465,0.18292,0.06401,0.17122,-0.20375,-0.08946,-0.13541,-0.21125,-0.05912,0.08636,0.05959,-0.19641,-0.14003,-0.12664,0.00748,-0.00316,0.40103,-0.07436,-0.18232,-0.1075,0.05634,-0.09131,0.03744,0.1278,0.04637,-0.12503,-0.1049,-0.11515,-0.00961
40.67,40.0,-0.08542,-0.14684,-0.11747,0.13465,-0.22979,0.10291,-0.06431,-0.05535,-0.18318,0.33714,-0.10949,0.42476,0.11194,-0.04241,0.04148,-0.08841,0.05087,0.01023,-0.03531,-0.22832,-0.14042,0.12473,0.10656,0.19252,-0.13425,-0.0152,-0.10885,-0.18125,-0.11071,-0.04224,0.00963,-0.08899,-0.19655,-0.12494,-0.04515,0.01205,0.47402,-0.04178,-0.20483,-0.07658,0.07489,-0.13818,-0.07157,-0.0124,-0.0694,-0.08931,-0.1321,-0.06634,-0.02644
41.0,39.67,-0.17965,-0.24117,-0.16484,0.18009,-0.26204,0.12397,-0.07894,-0.08655,-0.26756,0.27502,-0.16802,0.38459,0.05721,-0.14856,0.02278,-0.13677,-0.00035,-0.01789,-0.02392,-0.28325,-0.2079,0.07822,0.03581,0.14907,-0.22633,-0.09309,-0.19102,-0.2577,-0.07549,-0.05253,-0.04704,-0.16539,-0.27701,-0.21464,-0.08403,-0.047,0.44806,-0.14538,-0.22475,-0.07185,0.07239,-0.13177,-0.09947,-0.06298,-0.11224,-0.1561,-0.153,-0.11302,-0.07171
40.67,40.33,-0.04376,-0.11904,-0.08193,0.10892,-0.22547,0.08897,-0.07082,-0.05384,-0.1386,0.35949,-0.08661,0.44954,0.12979,-0.02392,0.0409,-0.08298,0.06355,0.02015,-0.05569,-0.18796,-0.12197,0.13222,0.13062,0.20947,-0.09638,0.00566,-0.07531,-0.14162,-0.13277,-0.04822,0.02265,-0.03552,-0.16962,-0.09487,-0.03753,0.03125,0.48902,-0.03112,-0.20545,-0.0644,0.07287,-0.15223,-0.08045,-0.0117,-0.0612,-0.07452,-0.13384,-0.05377,-0.01329
40.67,39.67,-0.08638,-0.12624,-0.10597,0.16196,-0.2079,0.10483,-0.03393,-0.02289,-0.15806,0.34891,-0.08864,0.42562,0.11702,-0.01173,0.03994,-0.074,0.06163,0.02995,-0.01139,-0.21826,-0.11768,0.1525,0.1164,0.19283,-0.13024,-0.00883,-0.09526,-0.17676,-0.1081,-0.0131,0.03331,-0.09186,-0.16622,-0.11059,-0.0225,0.01962,0.46915,-0.02294,-0.19145,-0.085,0.07605,-0.1264,-0.04496,0.0285,-0.02922,-0.08142,-0.12382,-0.06706,-0.0121
40.67,41.0,0.02929,-0.10739,0.00775,0.02408,-0.26162,0.03106,-0.16355,-0.13681,-0.08382,0.3951,-0.06779,0.49438,0.16679,-0.06151,0.00741,-0.09235,0.03828,-0.00348,-0.18424,-0.11306,-0.14083,0.09152,0.16944,0.23941,-0.02568,0.03729,-0.03158,-0.03189,-0.21391,-0.11439,-0.01841,0.08743,-0.1745,-0.07874,-0.06046,0.05037,0.525,-0.08347,-0.22029,-0.00751,0.04643,-0.23963,-0.18896,-0.08797,-0.12517,-0.10174,-0.15865,-0.02328,-0.02003
41.0,41.33,-0.06971,-0.22632,-0.02317,0.00919,-0.31813,-0.00816,-0.25649,-0.23409,-0.15829,0.35507,-0.1209,0.44743,0.10448,-0.1881,-0.09555,-0.15405,-0.03752,-0.08695,-0.27166,-0.16875,-0.24536,0.02765,0.11526,0.1765,-0.11975,-0.03959,-0.11562,-0.04215,-0.23994,-0.19279,-0.12997,0.02718,-0.2712,-0.17306,-0.13772,0.00806,0.49871,-0.22462,-0.23973,0.01515,0.02691,-0.30805,-0.29717,-0.19252,-0.2256,-0.18784,-0.22356,-0.08185,-0.08947
41.0,40.67,-0.11146,-0.27168,-0.08597,-0.0023,-0.32519,0.00926,-0.25387,-0.24153,-0.21078,0.32137,-0.14618,0.43198,0.07079,-0.21543,-0.09555,-0.18164,-0.0344,-0.09699,-0.24788,-0.22257,-0.27341,0.01369,0.0806,0.15973,-0.16248,-0.08266,-0.16211,-0.10218,-0.20615,-0.19747,-0.14707,-0.04014,-0.29992,-0.2059,-0.1541,-0.02045,0.47707,-0.24372,-0.25764,-0.00939,0.03352,-0.28807,-0.27908,-0.22126,-0.24301,-0.19558,-0.22821,-0.10759,-0.10985
41.33,41.33,-0.05164,-0.1763,0.02763,0.08706,-0.27908,0.04156,-0.16385,-0.12194,-0.05795,0.37933,-0.08349,0.45607,0.10734,-0.17898,-0.06479,-0.16906,-0.04246,-0.04199,-0.16598,-0.07202,-0.18475,0.08768,0.13416,0.17325,-0.10934,-0.00842,-0.07705,-0.04389,-0.23299,-0.14865,-0.07124,0.10608,-0.22261,-0.14074,-0.08807,0.03946,0.53782,-0.18625,-0.20625,0.04125,0.04874,-0.24006,-0.26115,-0.07186,-0.11508,-0.1588,-0.23432,-0.08124,-0.0476
40.67,41.33,0.09993,-0.01923,0.07687,0.0731,-0.22446,0.04756,-0.11013,-0.07424,-0.00498,0.43778,-0.02558,0.51757,0.22283,0.00913,0.06254,-0.03833,0.06018,0.04459,-0.1474,-0.03644,-0.06784,0.13426,0.2205,0.27531,0.04436,0.11377,0.04571,0.01558,-0.22209,-0.06437,0.04869,0.17146,-0.11489,-0.01433,-0.00567,0.08614,0.55891,-0.00788,-0.18498,0.01104,0.05617,-0.20938,-0.1533,-0.00228,-0.05628,-0.05985,-0.12368,0.0272,0.03112
40.67,40.67,0.03543,-0.0814,-0.00529,0.04915,-0.24312,0.05356,-0.12227,-0.09438,-0.07644,0.39668,-0.06055,0.49221,0.17119,-0.02658,0.03555,-0.07878,0.05711,0.01856,-0.13332,-0.11294,-0.11224,0.11625,0.17271,0.24319,-0.01976,0.04921,-0.0189,-0.05306,-0.19303,-0.08368,0.0152,0.07785,-0.15411,-0.06163,-0.03892,0.05822,0.52446,-0.03752,-0.20981,-0.0216,0.05742,-0.2036,-0.14387,-0.04334,-0.08677,-0.07512,-0.14228,-0.01851,-0.00268
41.33,42.0,0.09737,0.02942,0.17665,0.14192,-0.24716,0.00044,-0.10737,-0.05273,0.07636,0.47383,-0.00965,0.47797,0.21666,-0.04159,-0.02699,-0.05117,-0.05309,0.01736,-0.15511,0.09252,-0.04094,0.16264,0.25412,0.22913,0.04,0.13766,0.05682,0.08711,-0.3249,-0.07947,0.04872,0.29175,-0.102,-0.00968,0.00371,0.14451,0.59038,-0.01512,-0.1278,0.09636,0.03071,-0.25417,-0.24845,0.1046,-0.02784,-0.10882,-0.15656,0.02708,0.03886
40.67,42.0,0.24098,0.16952,0.24317,0.16022,-0.16167,0.04294,-0.03432,0.01831,0.14607,0.52646,0.05696,0.52031,0.33471,0.12834,0.11691,0.09706,0.05271,0.1183,-0.11463,0.14796,0.08045,0.20964,0.33737,0.32719,0.19739,0.27543,0.1928,0.15531,-0.27277,0.02461,0.17411,0.3647,-0.00031,0.11303,0.09816,0.15496,0.61182,0.14428,-0.07665,0.08968,0.06393,-0.18485,-0.12428,0.18143,0.05158,-0.00584,-0.04111,0.14509,0.12703
41.0,42.33,0.15973,0.10332,0.22941,0.16238,-0.20976,-0.00405,-0.08612,-0.03607,0.0987,0.50698,0.01231,0.48848,0.27058,0.05996,0.0176,0.06028,-0.01519,0.05715,-0.16568,0.12302,0.0174,0.1793,0.3076,0.25945,0.11711,0.21008,0.11462,0.14909,-0.31746,-0.03096,0.10653,0.3318,-0.05367,0.05606,0.03913,0.15249,0.59273,0.06724,-0.08901,0.10944,0.04254,-0.25188,-0.2045,0.14642,-0.00381,-0.06866,-0.09006,0.09381,0.0795
41.0,41.67,0.10272,0.02083,0.19465,0.16547,-0.23649,-0.00714,-0.13616,-0.08834,0.04643,0.479,-0.02213,0.47965,0.25113,-0.00549,-0.00166,0.01535,-0.01774,0.01869,-0.2056,0.05304,-0.05434,0.14017,0.25852,0.24993,0.04637,0.16436,0.08452,0.11843,-0.29957,-0.07117,0.0348,0.26473,-0.11283,-0.00468,-0.01033,0.12802,0.58083,-0.02935,-0.1275,0.08774,0.03837,-0.27149,-0.24365,0.06198,-0.05568,-0.10157,-0.14027,0.04658,0.03936
41.33,42.33,0.13209,0.0771,0.16472,0.09889,-0.23934,0.00082,-0.07335,-0.02331,0.09593,0.47817,0.01021,0.48542,0.20777,-0.0155,-0.02265,-0.05788,-0.05587,0.03706,-0.11818,0.13158,0.00048,0.18549,0.27714,0.22832,0.08499,0.14066,0.05289,0.07671,-0.33994,-0.06587,0.09602,0.32055,-0.06584,0.02346,0.03538,0.15721,0.59339,0.05254,-0.11562,0.10164,0.02861,-0.23724,-0.21742,0.14903,-0.00475,-0.09102,-0.12427,0.05073,0.05639
41.33,41.67,0.06263,-0.02209,0.13446,0.11446,-0.25772,0.01603,-0.11927,-0.06763,0.0481,0.45042,-0.02462,0.47571,0.18501,-0.08573,-0.03643,-0.09812,-0.05151,0.00253,-0.15264,0.05626,-0.0785,0.14454,0.22174,0.21773,0.00533,0.09557,0.01841,0.05043,-0.30152,-0.10187,0.01731,0.25285,-0.13131,-0.04471,-0.0168,0.11729,0.58022,-0.06059,-0.15196,0.08376,0.03343,-0.2476,-0.25284,0.05854,-0.04933,-0.1214,-0.17899,-0.00199,0.01641
40.67,42.33,0.29202,0.23226,0.24149,0.12045,-0.13208,0.05821,0.0117,0.06354,0.18236,0.53984,0.09039,0.52238,0.34415,0.17227,0.13579,0.1182,0.06291,0.15624,-0.06756,0.19886,0.14235,0.24082,0.37178,0.3395,0.26367,0.30071,0.20582,0.16265,-0.26498,0.05902,0.23911,0.40892,0.04825,0.16066,0.14274,0.15619,0.61166,0.22988,-0.04863,0.10211,0.07245,-0.14866,-0.07266,0.24039,0.09004,0.02927,0.0074,0.18372,0.1587
40.67,41.67,0.22574,0.13832,0.20399,0.12414,-0.17204,0.04982,-0.04325,0.00469,0.12201,0.5083,0.0462,0.53092,0.31633,0.10735,0.11917,0.06044,0.06409,0.11184,-0.11235,0.11421,0.05603,0.19624,0.31537,0.32692,0.17707,0.24147,0.16476,0.12059,-0.25628,0.0093,0.15614,0.33206,-0.01606,0.09299,0.08349,0.1415,0.60603,0.12209,-0.10613,0.06829,0.06319,-0.18083,-0.11945,0.14347,0.03377,-0.00729,-0.05325,0.12522,0.1116
41.33,43.0,0.25834,0.23614,0.11471,-0.0665,-0.19484,-0.03448,0.00243,0.02017,0.05543,0.45838,0.06939,0.4782,0.18988,0.1017,-0.03967,-0.01783,-0.05638,0.09508,-0.07513,0.25728,0.11682,0.21876,0.36784,0.24932,0.24999,0.1688,0.03664,0.07534,-0.37505,-0.03445,0.25348,0.36526,0.0512,0.14126,0.15176,0.17878,0.56463,0.2661,-0.04628,0.12029,0.01999,-0.23582,-0.12471,0.25689,-0.00707,-0.02325,0.06571,0.15881,0.1059
40.67,43.0,0.37099,0.34696,0.16807,-0.05855,-0.09235,0.03944,0.07059,0.0972,0.14081,0.51227,0.1387,0.48281,0.29592,0.23726,0.06193,0.14176,0.0317,0.20435,-0.02538,0.31999,0.24062,0.2681,0.43472,0.33628,0.38669,0.29299,0.12883,0.1639,-0.2889,0.08148,0.36679,0.45156,0.14824,0.24565,0.23235,0.14592,0.56833,0.39467,0.02185,0.1438,0.07086,-0.14928,-0.00277,0.33476,0.0724,0.0691,0.16826,0.26018,0.189
41.0,43.33,0.30353,0.28921,0.11085,-0.10942,-0.14092,-0.01504,0.03314,0.04168,0.02956,0.45741,0.08688,0.47422,0.20942,0.19133,-0.02218,0.07458,-0.02766,0.14575,-0.07183,0.2967,0.16927,0.22133,0.3987,0.27289,0.32355,0.22129,0.02167,0.12323,-0.33513,0.00584,0.32148,0.39194,0.10126,0.19618,0.18717,0.1488,0.53733,0.3386,-0.01251,0.14196,0.04055,-0.23096,-0.06527,0.29288,-0.0112,0.01944,0.15872,0.22171,0.13662
41.0,42.67,0.27786,0.25841,0.16551,-0.02667,-0.15917,-0.00273,0.02284,0.05604,0.11301,0.50925,0.07945,0.50328,0.22243,0.18933,0.00918,0.09687,-0.02349,0.13646,-0.0623,0.25995,0.16129,0.24118,0.3999,0.25151,0.29243,0.22569,0.04893,0.13834,-0.34336,0.01818,0.28325,0.4164,0.07841,0.18286,0.1562,0.15608,0.56852,0.31794,-0.02619,0.14686,0.0447,-0.21465,-0.0795,0.2865,0.04057,0.00471,0.08663,0.19959,0.13976
41.33,42.67,0.22896,0.19708,0.12745,-0.01928,-0.21014,-0.02923,-0.02033,0.00514,0.07151,0.46317,0.05828,0.47549,0.20118,0.05934,-0.03817,-0.03995,-0.0605,0.0765,-0.08866,0.22792,0.08643,0.21164,0.34333,0.25077,0.20407,0.16123,0.052,0.07258,-0.374,-0.0444,0.20897,0.35409,0.01996,0.10796,0.1246,0.18092,0.57726,0.20482,-0.06388,0.11287,0.01856,-0.23508,-0.15811,0.2303,-0.00816,-0.04396,0.0099,0.12714,0.09203
40.67,43.33,0.38973,0.35906,0.12265,-0.1097,-0.07467,0.03414,0.06498,0.06801,0.07011,0.46587,0.1459,0.44553,0.30545,0.21529,0.03306,0.11424,0.03252,0.20973,-0.0493,0.34212,0.23526,0.24604,0.4214,0.37699,0.39561,0.29018,0.12722,0.15064,-0.2713,0.07259,0.38072,0.41693,0.16116,0.2439,0.25509,0.13825,0.55052,0.37384,0.0327,0.13298,0.06909,-0.15857,-0.00357,0.32354,0.01744,0.07948,0.21498,0.26794,0.18179
40.67,42.67,0.3696,0.33359,0.19587,-0.00309,-0.0923,0.04869,0.06177,0.09596,0.16514,0.52528,0.1396,0.49066,0.3297,0.22616,0.09502,0.14359,0.0472,0.20094,-0.03211,0.29836,0.22887,0.26871,0.42794,0.35383,0.37142,0.31461,0.17871,0.1702,-0.27929,0.08832,0.34521,0.44933,0.13358,0.23419,0.22493,0.15413,0.58638,0.36315,0.01366,0.13204,0.07453,-0.13582,-0.01304,0.32036,0.08721,0.06938,0.13354,0.25123,0.19139
40.67,43.67,0.40211,0.36463,0.01542,-0.2496,-0.03847,0.00321,0.04162,-0.03424,-0.16752,0.33025,0.13033,0.35259,0.28754,0.15374,-0.07494,0.06417,0.00344,0.20968,-0.13452,0.39495,0.1918,0.15659,0.37668,0.45972,0.40902,0.27594,0.05581,0.13745,-0.24821,0.01968,0.40096,0.32845,0.17238,0.2234,0.29704,0.12311,0.48535,0.30336,0.08148,0.12946,0.05945,-0.22352,-0.03647,0.26971,-0.16867,0.0848,0.34623,0.29015,0.14699
41.67,27.0,0.2732,0.11125,0.17773,0.60076,-0.06095,-0.14822,0.67059,0.37487,0.1772,-0.28056,-0.03647,-0.21056,-0.17376,0.01332,0.03456,0.14053,-0.2472,-0.21741,0.58951,0.60931,0.29261,-0.18706,-0.19738,-0.21293,0.2957,-0.02167,0.30671,0.11896,0.59086,0.3687,0.62744,0.04899,0.17344,0.49406,-0.15786,-0.12234,-0.23735,0.2033,0.41656,-0.00248,0.2255,0.51694,0.32979,0.25527,0.07952,0.32593,-0.09079,-0.01797,0.14209
42.0,27.33,0.24948,0.09522,0.16685,0.63132,-0.06372,-0.16533,0.66666,0.36873,0.14501,-0.30213,-0.09927,-0.24618,-0.18807,-0.00226,0.03293,0.12506,-0.24624,-0.22897,0.57616,0.59531,0.27742,-0.20657,-0.21227,-0.22974,0.27388,-0.03598,0.29703,0.09814,0.58582,0.35526,0.62453,0.06302,0.16923,0.47932,-0.17869,-0.12641,-0.23586,0.16359,0.39985,-0.01252,0.26623,0.53561,0.29535,0.24727,0.0659,0.31036,-0.10598,-0.03076,0.13007
41.67,27.33,0.23137,0.09801,0.16676,0.60442,-0.03332,-0.11143,0.67314,0.39376,0.16404,-0.26445,-0.06573,-0.20864,-0.18294,-0.00343,0.02856,0.1416,-0.23703,-0.18361,0.58358,0.6114,0.30426,-0.17147,-0.21839,-0.22308,0.27615,-0.03799,0.28637,0.11385,0.60399,0.38065,0.62814,0.06944,0.17081,0.48052,-0.16072,-0.13796,-0.22062,0.18701,0.38184,0.04113,0.24994,0.53843,0.34104,0.26095,0.0968,0.30261,-0.10689,-0.04942,0.14153
41.67,26.67,0.29585,0.12866,0.17384,0.58362,-0.06817,-0.15339,0.65564,0.36213,0.20107,-0.27287,0.00995,-0.20052,-0.16866,0.01521,0.03521,0.14627,-0.24692,-0.22024,0.59614,0.61202,0.29842,-0.17152,-0.18219,-0.20656,0.31374,-0.0008,0.32277,0.12673,0.57353,0.3624,0.6188,0.03094,0.17292,0.51446,-0.14685,-0.10797,-0.25327,0.22907,0.44734,0.00064,0.19199,0.49989,0.32894,0.24922,0.0872,0.33381,-0.07553,-0.00089,0.14671
41.67,28.0,0.06092,0.04734,0.10875,0.63156,0.07505,0.01807,0.67951,0.46813,0.09588,-0.22229,-0.20123,-0.22021,-0.23965,-0.07641,0.00057,0.12442,-0.18646,-0.07078,0.55733,0.61212,0.33276,-0.11796,-0.30929,-0.27218,0.1819,-0.09818,0.21516,0.09025,0.65077,0.41465,0.6308,0.16304,0.17074,0.42429,-0.17243,-0.20027,-0.17057,0.09351,0.2545,0.17316,0.36176,0.6247,0.35612,0.30448,0.16487,0.21596,-0.16535,-0.16253,0.13369
41.67,27.67,0.10228,0.05933,0.12793,0.62634,0.04706,-0.01629,0.68032,0.45068,0.10991,-0.2322,-0.16621,-0.21266,-0.22302,-0.05392,0.00565,0.13085,-0.19905,-0.1017,0.56224,0.6117,0.32611,-0.13643,-0.28203,-0.25758,0.20458,-0.08234,0.22914,0.09731,0.64481,0.40852,0.63231,0.13567,0.16744,0.43467,-0.16915,-0.18328,-0.1809,0.11684,0.28115,0.13203,0.33012,0.59818,0.3548,0.29163,0.14658,0.23926,-0.14997,-0.1339,0.13552
41.67,32.33,-0.25036,-0.09724,0.18383,0.78068,0.04339,0.11267,0.57312,0.6835,0.10335,-0.18205,0.08797,0.091,-0.28061,-0.1724,-0.10559,-0.18732,-0.00918,0.06801,0.41801,0.44928,0.34579,0.09163,-0.08723,-0.09835,-0.10738,-0.20949,0.14792,-0.04519,0.69696,0.15991,0.70457,0.25783,-0.03363,0.18325,-0.07493,-0.24227,0.10935,-0.20136,-0.02653,0.04587,0.19045,0.48666,0.43032,0.59628,0.39887,0.18566,-0.28173,-0.19733,0.1195
41.67,33.0,-0.26097,-0.1225,0.18084,0.77842,0.03695,0.01897,0.54987,0.64435,0.04086,-0.06277,0.02519,0.11808,-0.20559,-0.17254,-0.15448,-0.22144,-0.04502,0.06096,0.38055,0.32395,0.29536,0.10443,-0.05075,-0.01454,-0.11726,-0.24339,0.08722,-0.05752,0.58609,0.14741,0.67523,0.33426,-0.09426,0.12893,-0.05028,-0.26308,0.11995,-0.23311,-0.06343,0.0939,0.12453,0.47092,0.46477,0.60288,0.34128,0.16222,-0.2676,-0.21208,0.10387
42.0,33.33,-0.31184,-0.13298,0.15021,0.7781,0.05239,0.0545,0.54462,0.62161,0.01591,-0.08441,-0.05149,0.07738,-0.24738,-0.22342,-0.17404,-0.21945,-0.05163,0.10973,0.38101,0.28948,0.30765,0.08314,-0.12907,-0.0394,-0.14331,-0.26065,0.09244,-0.06489,0.60035,0.18034,0.6818,0.3684,-0.1126,0.12717,-0.12087,-0.31301,0.06639,-0.26532,-0.09721,0.14452,0.14644,0.52997,0.46602,0.59692,0.3126,0.14687,-0.28591,-0.27922,0.08996
41.67,33.33,-0.24616,-0.12143,0.19208,0.78609,0.04983,-0.01669,0.55248,0.63936,0.04447,-0.03432,0.03063,0.13652,-0.18352,-0.15682,-0.15679,-0.22324,-0.05329,0.05025,0.38398,0.30284,0.27862,0.11559,-0.02974,0.00967,-0.11371,-0.24353,0.0819,-0.05518,0.55623,0.14366,0.66661,0.33896,-0.0905,0.12914,-0.02505,-0.25637,0.12789,-0.22584,-0.05712,0.10181,0.11189,0.44534,0.47226,0.60129,0.3408,0.15464,-0.25263,-0.20319,0.10624
41.67,32.67,-0.24796,-0.11673,0.19298,0.78369,0.03675,0.03578,0.55747,0.65938,0.06225,-0.08631,0.05531,0.12167,-0.21646,-0.16315,-0.13715,-0.21298,-0.03705,0.05646,0.38965,0.35907,0.30544,0.10913,-0.0452,-0.02941,-0.11205,-0.23298,0.10143,-0.05288,0.60823,0.14277,0.67991,0.30962,-0.07375,0.14353,-0.04075,-0.25006,0.12725,-0.22103,-0.04708,0.07651,0.13754,0.46592,0.45728,0.60368,0.36365,0.17317,-0.26888,-0.19755,0.11096
41.67,34.0,-0.25393,-0.12908,0.17697,0.78724,0.13247,-0.06983,0.54197,0.59756,0.03799,0.04084,-0.01688,0.1782,-0.13994,-0.14529,-0.17645,-0.23793,-0.07944,0.07658,0.40479,0.19419,0.23453,0.13342,-0.02435,0.08378,-0.13892,-0.25185,0.06313,-0.06022,0.46974,0.17801,0.65703,0.38371,-0.0825,0.12375,-0.02133,-0.26272,0.11,-0.23504,-0.08821,0.18827,0.08755,0.39973,0.5024,0.58674,0.29284,0.1095,-0.2223,-0.22548,0.10232
41.67,34.33,-0.23949,-0.12344,0.18485,0.7859,0.16207,-0.05322,0.54124,0.5907,0.03282,0.0599,-0.00694,0.19888,-0.11807,-0.12773,-0.16529,-0.22975,-0.08201,0.07363,0.41557,0.18633,0.22678,0.14074,-0.00978,0.10422,-0.13678,-0.24157,0.05873,-0.06078,0.4437,0.18667,0.65484,0.38152,-0.06678,0.12693,-0.01169,-0.24492,0.11855,-0.22207,-0.07967,0.19679,0.08151,0.37578,0.50579,0.58477,0.29303,0.10597,-0.20442,-0.21018,0.10799
41.67,33.67,-0.24162,-0.12558,0.18657,0.78803,0.10859,-0.06411,0.54512,0.60738,0.03806,0.03305,0.0036,0.1744,-0.1377,-0.13987,-0.16904,-0.23313,-0.07379,0.05929,0.39751,0.22218,0.24161,0.13201,-0.01255,0.07259,-0.12583,-0.24788,0.06409,-0.05711,0.48279,0.16376,0.65465,0.37058,-0.08408,0.12285,-0.00893,-0.2555,0.12478,-0.22596,-0.07286,0.16,0.08765,0.40368,0.49768,0.59242,0.30771,0.12429,-0.22321,-0.20802,0.10542
41.67,35.0,-0.24005,-0.12443,0.17476,0.77088,0.29573,0.06141,0.54016,0.55596,0.00803,0.08941,-0.0357,0.2392,-0.08628,-0.1069,-0.14506,-0.20484,-0.09676,0.12058,0.44973,0.1405,0.22298,0.15082,-0.02071,0.13981,-0.17811,-0.22131,0.04362,-0.09453,0.37344,0.2472,0.66882,0.38882,-0.03027,0.13534,-0.0478,-0.20799,0.099,-0.22724,-0.11125,0.25342,0.08274,0.34319,0.49604,0.56568,0.28323,0.0645,-0.18373,-0.21615,0.11304
41.67,35.33,-0.22688,-0.13408,0.1667,0.77521,0.30967,0.08581,0.53922,0.55522,0.01295,0.10092,-0.02291,0.25107,-0.07761,-0.10557,-0.12983,-0.18737,-0.09376,0.12162,0.45441,0.15741,0.22532,0.1637,-0.0175,0.14541,-0.18103,-0.2193,0.03875,-0.10811,0.35955,0.25587,0.66034,0.37753,-0.01672,0.13521,-0.03298,-0.18637,0.11114,-0.22251,-0.11379,0.23881,0.08771,0.33838,0.48825,0.56358,0.28941,0.06378,-0.16624,-0.20698,0.11715
41.67,34.67,-0.23482,-0.12755,0.17603,0.77499,0.25934,0.02161,0.53777,0.56386,0.01755,0.08898,-0.02035,0.23411,-0.08792,-0.10939,-0.14818,-0.21075,-0.09384,0.10315,0.44002,0.15386,0.21816,0.1515,-0.01267,0.13893,-0.1628,-0.22573,0.0446,-0.08523,0.38625,0.23036,0.66009,0.38311,-0.03699,0.12974,-0.02881,-0.21144,0.11171,-0.22122,-0.09868,0.23442,0.08082,0.34273,0.50017,0.56949,0.28311,0.07743,-0.18208,-0.20809,0.11265
41.67,36.0,-0.19484,-0.15771,0.15029,0.80552,0.37876,0.20994,0.5568,0.55335,0.05394,0.12534,-0.00941,0.2777,-0.0745,-0.11459,-0.07984,-0.1202,-0.0744,0.16582,0.48446,0.20777,0.26182,0.2117,-0.04105,0.13811,-0.22074,-0.21744,0.03459,-0.17952,0.34224,0.29928,0.64946,0.35704,0.02673,0.15604,-0.00041,-0.13166,0.12752,-0.24072,-0.14563,0.22166,0.11323,0.36513,0.4468,0.5562,0.34337,0.05461,-0.14382,-0.22144,0.1314
