lat,lon,date,ALLSKY_SFC_SW_DWN,ALLSKY_KT,CLOUD_AMT,PRECTOTCORR
40.82,29.29,202301,6.73,0.45,56.98,0.72
40.82,29.29,202302,8.7,0.43,66.77,2.53
40.82,29.29,202303,10.69,0.39,72.05,2.88
40.82,29.29,202304,15.35,0.44,75.0,3.03
40.82,29.29,202305,17.06,0.43,74.09,1.35
40.82,29.29,202306,23.35,0.56,47.38,1.56
40.82,29.29,202307,26.73,0.66,18.66,0.79
40.82,29.29,202308,22.12,0.61,31.2,0.51
40.82,29.29,202309,18.22,0.61,35.25,0.89
40.82,29.29,202310,12.45,0.55,41.71,1.83
40.82,29.29,202311,6.56,0.4,66.79,6.97
40.82,29.29,202312,6.1,0.45,61.16,2.45
40.82,29.32,202301,6.73,0.45,56.98,0.72
40.82,29.32,202302,8.7,0.43,66.77,2.53
40.82,29.32,202303,10.69,0.39,72.05,2.88
40.82,29.32,202304,15.35,0.44,75.0,3.03
40.82,29.32,202305,17.06,0.43,74.09,1.35
40.82,29.32,202306,23.35,0.56,47.38,1.56
40.82,29.32,202307,26.73,0.66,18.66,0.79
40.82,29.32,202308,22.12,0.61,31.2,0.51
40.82,29.32,202309,18.22,0.61,35.25,0.89
40.82,29.32,202310,12.45,0.55,41.71,1.83
40.82,29.32,202311,6.56,0.4,66.79,6.97
40.82,29.32,202312,6.1,0.45,61.16,2.45
40.84,29.29,202301,6.73,0.45,56.98,0.72
40.84,29.29,202302,8.7,0.43,66.77,2.53
40.84,29.29,202303,10.69,0.39,72.05,2.88
40.84,29.29,202304,15.35,0.44,75.0,3.03
40.84,29.29,202305,17.06,0.43,74.09,1.35
40.84,29.29,202306,23.35,0.56,47.38,1.56
40.84,29.29,202307,26.73,0.66,18.66,0.79
40.84,29.29,202308,22.12,0.61,31.2,0.51
40.84,29.29,202309,18.22,0.61,35.25,0.89
40.84,29.29,202310,12.45,0.55,41.71,1.83
40.84,29.29,202311,6.56,0.4,66.79,6.97
40.84,29.29,202312,6.1,0.45,61.16,2.45
40.84,29.32,202301,6.73,0.45,56.98,0.72
40.84,29.32,202302,8.7,0.43,66.77,2.53
40.84,29.32,202303,10.69,0.39,72.05,2.88
40.84,29.32,202304,15.35,0.44,75.0,3.03
40.84,29.32,202305,17.06,0.43,74.09,1.35
40.84,29.32,202306,23.35,0.56,47.38,1.56
40.84,29.32,202307,26.73,0.66,18.66,0.79
40.84,29.32,202308,22.12,0.61,31.2,0.51
40.84,29.32,202309,18.22,0.61,35.25,0.89
40.84,29.32,202310,12.45,0.55,41.71,1.83
40.84,29.32,202311,6.56,0.4,66.79,6.97
40.84,29.32,202312,6.1,0.45,61.16,2.45
40.84,29.35,202301,6.73,0.45,56.98,0.72
40.84,29.35,202302,8.7,0.43,66.77,2.53
40.84,29.35,202303,10.69,0.39,72.05,2.88
40.84,29.35,202304,15.35,0.44,75.0,3.03
40.84,29.35,202305,17.06,0.43,74.09,1.35
40.84,29.35,202306,23.35,0.56,47.38,1.56
40.84,29.35,202307,26.73,0.66,18.66,0.79
40.84,29.35,202308,22.12,0.61,31.2,0.51
40.84,29.35,202309,18.22,0.61,35.25,0.89
40.84,29.35,202310,12.45,0.55,41.71,1.83
40.84,29.35,202311,6.56,0.4,66.79,6.97
40.84,29.35,202312,6.1,0.45,61.16,2.45
40.86,29.26,202301,6.73,0.45,56.98,0.72
40.86,29.26,202302,8.7,0.43,66.77,2.53
40.86,29.26,202303,10.69,0.39,72.05,2.88
40.86,29.26,202304,15.35,0.44,75.0,3.03
40.86,29.26,202305,17.06,0.43,74.09,1.35
40.86,29.26,202306,23.35,0.56,47.38,1.56
40.86,29.26,202307,26.73,0.66,18.66,0.79
40.86,29.26,202308,22.12,0.61,31.2,0.51
40.86,29.26,202309,18.22,0.61,35.25,0.89
40.86,29.26,202310,12.45,0.55,41.71,1.83
40.86,29.26,202311,6.56,0.4,66.79,6.97
40.86,29.26,202312,6.1,0.45,61.16,2.45
40.86,29.29,202301,6.73,0.45,56.98,0.72
40.86,29.29,202302,8.7,0.43,66.77,2.53
40.86,29.29,202303,10.69,0.39,72.05,2.88
40.86,29.29,202304,15.35,0.44,75.0,3.03
40.86,29.29,202305,17.06,0.43,74.09,1.35
40.86,29.29,202306,23.35,0.56,47.38,1.56
40.86,29.29,202307,26.73,0.66,18.66,0.79
40.86,29.29,202308,22.12,0.61,31.2,0.51
40.86,29.29,202309,18.22,0.61,35.25,0.89
40.86,29.29,202310,12.45,0.55,41.71,1.83
40.86,29.29,202311,6.56,0.4,66.79,6.97
40.86,29.29,202312,6.1,0.45,61.16,2.45
40.86,29.32,202301,6.73,0.45,56.98,0.72
40.86,29.32,202302,8.7,0.43,66.77,2.53
40.86,29.32,202303,10.69,0.39,72.05,2.88
40.86,29.32,202304,15.35,0.44,75.0,3.03
40.86,29.32,202305,17.06,0.43,74.09,1.35
40.86,29.32,202306,23.35,0.56,47.38,1.56
40.86,29.32,202307,26.73,0.66,18.66,0.79
40.86,29.32,202308,22.12,0.61,31.2,0.51
40.86,29.32,202309,18.22,0.61,35.25,0.89
40.86,29.32,202310,12.45,0.55,41.71,1.83
40.86,29.32,202311,6.56,0.4,66.79,6.97
40.86,29.32,202312,6.1,0.45,61.16,2.45
40.86,29.35,202301,6.73,0.45,56.98,0.72
40.86,29.35,202302,8.7,0.43,66.77,2.53
40.86,29.35,202303,10.69,0.39,72.05,2.88
40.86,29.35,202304,15.35,0.44,75.0,3.03
40.86,29.35,202305,17.06,0.43,74.09,1.35
40.86,29.35,202306,23.35,0.56,47.38,1.56
40.86,29.35,202307,26.73,0.66,18.66,0.79
40.86,29.35,202308,22.12,0.61,31.2,0.51
40.86,29.35,202309,18.22,0.61,35.25,0.89
40.86,29.35,202310,12.45,0.55,41.71,1.83
40.86,29.35,202311,6.56,0.4,66.79,6.97
40.86,29.35,202312,6.1,0.45,61.16,2.45
40.88,29.2,202301,6.73,0.45,56.98,0.72
40.88,29.2,202302,8.7,0.43,66.77,2.53
40.88,29.2,202303,10.69,0.39,72.05,2.88
40.88,29.2,202304,15.35,0.44,75.0,3.03
40.88,29.2,202305,17.06,0.43,74.09,1.35
40.88,29.2,202306,23.35,0.56,47.38,1.56
40.88,29.2,202307,26.73,0.66,18.66,0.79
40.88,29.2,202308,22.12,0.61,31.2,0.51
40.88,29.2,202309,18.22,0.61,35.25,0.89
40.88,29.2,202310,12.45,0.55,41.71,1.83
40.88,29.2,202311,6.56,0.4,66.79,6.97
40.88,29.2,202312,6.1,0.45,61.16,2.45
40.88,29.23,202301,6.73,0.45,56.98,0.72
40.88,29.23,202302,8.7,0.43,66.77,2.53
40.88,29.23,202303,10.69,0.39,72.05,2.88
40.88,29.23,202304,15.35,0.44,75.0,3.03
40.88,29.23,202305,17.06,0.43,74.09,1.35
40.88,29.23,202306,23.35,0.56,47.38,1.56
40.88,29.23,202307,26.73,0.66,18.66,0.79
40.88,29.23,202308,22.12,0.61,31.2,0.51
40.88,29.23,202309,18.22,0.61,35.25,0.89
40.88,29.23,202310,12.45,0.55,41.71,1.83
40.88,29.23,202311,6.56,0.4,66.79,6.97
40.88,29.23,202312,6.1,0.45,61.16,2.45
40.88,29.26,202301,6.73,0.45,56.98,0.72
40.88,29.26,202302,8.7,0.43,66.77,2.53
40.88,29.26,202303,10.69,0.39,72.05,2.88
40.88,29.26,202304,15.35,0.44,75.0,3.03
40.88,29.26,202305,17.06,0.43,74.09,1.35
40.88,29.26,202306,23.35,0.56,47.38,1.56
40.88,29.26,202307,26.73,0.66,18.66,0.79
40.88,29.26,202308,22.12,0.61,31.2,0.51
40.88,29.26,202309,18.22,0.61,35.25,0.89
40.88,29.26,202310,12.45,0.55,41.71,1.83
40.88,29.26,202311,6.56,0.4,66.79,6.97
40.88,29.26,202312,6.1,0.45,61.16,2.45
40.88,29.29,202301,6.73,0.45,56.98,0.72
40.88,29.29,202302,8.7,0.43,66.77,2.53
40.88,29.29,202303,10.69,0.39,72.05,2.88
40.88,29.29,202304,15.35,0.44,75.0,3.03
40.88,29.29,202305,17.06,0.43,74.09,1.35
40.88,29.29,202306,23.35,0.56,47.38,1.56
40.88,29.29,202307,26.73,0.66,18.66,0.79
40.88,29.29,202308,22.12,0.61,31.2,0.51
40.88,29.29,202309,18.22,0.61,35.25,0.89
40.88,29.29,202310,12.45,0.55,41.71,1.83
40.88,29.29,202311,6.56,0.4,66.79,6.97
40.88,29.29,202312,6.1,0.45,61.16,2.45
40.88,29.32,202301,6.73,0.45,56.98,0.72
40.88,29.32,202302,8.7,0.43,66.77,2.53
40.88,29.32,202303,10.69,0.39,72.05,2.88
40.88,29.32,202304,15.35,0.44,75.0,3.03
40.88,29.32,202305,17.06,0.43,74.09,1.35
40.88,29.32,202306,23.35,0.56,47.38,1.56
40.88,29.32,202307,26.73,0.66,18.66,0.79
40.88,29.32,202308,22.12,0.61,31.2,0.51
40.88,29.32,202309,18.22,0.61,35.25,0.89
40.88,29.32,202310,12.45,0.55,41.71,1.83
40.88,29.32,202311,6.56,0.4,66.79,6.97
40.88,29.32,202312,6.1,0.45,61.16,2.45
40.88,29.35,202301,6.73,0.45,56.98,0.72
40.88,29.35,202302,8.7,0.43,66.77,2.53
40.88,29.35,202303,10.69,0.39,72.05,2.88
40.88,29.35,202304,15.35,0.44,75.0,3.03
40.88,29.35,202305,17.06,0.43,74.09,1.35
40.88,29.35,202306,23.35,0.56,47.38,1.56
40.88,29.35,202307,26.73,0.66,18.66,0.79
40.88,29.35,202308,22.12,0.61,31.2,0.51
40.88,29.35,202309,18.22,0.61,35.25,0.89
40.88,29.35,202310,12.45,0.55,41.71,1.83
40.88,29.35,202311,6.56,0.4,66.79,6.97
40.88,29.35,202312,6.1,0.45,61.16,2.45
40.88,29.38,202301,6.73,0.45,56.98,0.72
40.88,29.38,202302,8.7,0.43,66.77,2.53
40.88,29.38,202303,10.69,0.39,72.05,2.88
40.88,29.38,202304,15.35,0.44,75.0,3.03
40.88,29.38,202305,17.06,0.43,74.09,1.35
40.88,29.38,202306,23.35,0.56,47.38,1.56
40.88,29.38,202307,26.73,0.66,18.66,0.79
40.88,29.38,202308,22.12,0.61,31.2,0.51
40.88,29.38,202309,18.22,0.61,35.25,0.89
40.88,29.38,202310,12.45,0.55,41.71,1.83
40.88,29.38,202311,6.56,0.4,66.79,6.97
40.88,29.38,202312,6.1,0.45,61.16,2.45
40.88,29.41,202301,6.73,0.45,56.98,0.72
40.88,29.41,202302,8.7,0.43,66.77,2.53
40.88,29.41,202303,10.69,0.39,72.05,2.88
40.88,29.41,202304,15.35,0.44,75.0,3.03
40.88,29.41,202305,17.06,0.43,74.09,1.35
40.88,29.41,202306,23.35,0.56,47.38,1.56
40.88,29.41,202307,26.73,0.66,18.66,0.79
40.88,29.41,202308,22.12,0.61,31.2,0.51
40.88,29.41,202309,18.22,0.61,35.25,0.89
40.88,29.41,202310,12.45,0.55,41.71,1.83
40.88,29.41,202311,6.56,0.4,66.79,6.97
40.88,29.41,202312,6.1,0.45,61.16,2.45
40.9,29.14,202301,6.73,0.45,56.98,0.72
40.9,29.14,202302,8.7,0.43,66.77,2.53
40.9,29.14,202303,10.69,0.39,72.05,2.88
40.9,29.14,202304,15.35,0.44,75.0,3.03
40.9,29.14,202305,17.06,0.43,74.09,1.35
40.9,29.14,202306,23.35,0.56,47.38,1.56
40.9,29.14,202307,26.73,0.66,18.66,0.79
40.9,29.14,202308,22.12,0.61,31.2,0.51
40.9,29.14,202309,18.22,0.61,35.25,0.89
40.9,29.14,202310,12.45,0.55,41.71,1.83
40.9,29.14,202311,6.56,0.4,66.79,6.97
40.9,29.14,202312,6.1,0.45,61.16,2.45
40.9,29.17,202301,6.73,0.45,56.98,0.72
40.9,29.17,202302,8.7,0.43,66.77,2.53
40.9,29.17,202303,10.69,0.39,72.05,2.88
40.9,29.17,202304,15.35,0.44,75.0,3.03
40.9,29.17,202305,17.06,0.43,74.09,1.35
40.9,29.17,202306,23.35,0.56,47.38,1.56
40.9,29.17,202307,26.73,0.66,18.66,0.79
40.9,29.17,202308,22.12,0.61,31.2,0.51
40.9,29.17,202309,18.22,0.61,35.25,0.89
40.9,29.17,202310,12.45,0.55,41.71,1.83
40.9,29.17,202311,6.56,0.4,66.79,6.97
40.9,29.17,202312,6.1,0.45,61.16,2.45
40.9,29.2,202301,6.73,0.45,56.98,0.72
40.9,29.2,202302,8.7,0.43,66.77,2.53
40.9,29.2,202303,10.69,0.39,72.05,2.88
40.9,29.2,202304,15.35,0.44,75.0,3.03
40.9,29.2,202305,17.06,0.43,74.09,1.35
40.9,29.2,202306,23.35,0.56,47.38,1.56
40.9,29.2,202307,26.73,0.66,18.66,0.79
40.9,29.2,202308,22.12,0.61,31.2,0.51
40.9,29.2,202309,18.22,0.61,35.25,0.89
40.9,29.2,202310,12.45,0.55,41.71,1.83
40.9,29.2,202311,6.56,0.4,66.79,6.97
40.9,29.2,202312,6.1,0.45,61.16,2.45
40.9,29.23,202301,6.73,0.45,56.98,0.72
40.9,29.23,202302,8.7,0.43,66.77,2.53
40.9,29.23,202303,10.69,0.39,72.05,2.88
40.9,29.23,202304,15.35,0.44,75.0,3.03
40.9,29.23,202305,17.06,0.43,74.09,1.35
40.9,29.23,202306,23.35,0.56,47.38,1.56
40.9,29.23,202307,26.73,0.66,18.66,0.79
40.9,29.23,202308,22.12,0.61,31.2,0.51
40.9,29.23,202309,18.22,0.61,35.25,0.89
40.9,29.23,202310,12.45,0.55,41.71,1.83
40.9,29.23,202311,6.56,0.4,66.79,6.97
40.9,29.23,202312,6.1,0.45,61.16,2.45
40.9,29.26,202301,6.73,0.45,56.98,0.72
40.9,29.26,202302,8.7,0.43,66.77,2.53
40.9,29.26,202303,10.69,0.39,72.05,2.88
40.9,29.26,202304,15.35,0.44,75.0,3.03
40.9,29.26,202305,17.06,0.43,74.09,1.35
40.9,29.26,202306,23.35,0.56,47.38,1.56
40.9,29.26,202307,26.73,0.66,18.66,0.79
40.9,29.26,202308,22.12,0.61,31.2,0.51
40.9,29.26,202309,18.22,0.61,35.25,0.89
40.9,29.26,202310,12.45,0.55,41.71,1.83
40.9,29.26,202311,6.56,0.4,66.79,6.97
40.9,29.26,202312,6.1,0.45,61.16,2.45
40.9,29.29,202301,6.73,0.45,56.98,0.72
40.9,29.29,202302,8.7,0.43,66.77,2.53
40.9,29.29,202303,10.69,0.39,72.05,2.88
40.9,29.29,202304,15.35,0.44,75.0,3.03
40.9,29.29,202305,17.06,0.43,74.09,1.35
40.9,29.29,202306,23.35,0.56,47.38,1.56
40.9,29.29,202307,26.73,0.66,18.66,0.79
40.9,29.29,202308,22.12,0.61,31.2,0.51
40.9,29.29,202309,18.22,0.61,35.25,0.89
40.9,29.29,202310,12.45,0.55,41.71,1.83
40.9,29.29,202311,6.56,0.4,66.79,6.97
40.9,29.29,202312,6.1,0.45,61.16,2.45
40.9,29.32,202301,6.73,0.45,56.98,0.72
40.9,29.32,202302,8.7,0.43,66.77,2.53
40.9,29.32,202303,10.69,0.39,72.05,2.88
40.9,29.32,202304,15.35,0.44,75.0,3.03
40.9,29.32,202305,17.06,0.43,74.09,1.35
40.9,29.32,202306,23.35,0.56,47.38,1.56
40.9,29.32,202307,26.73,0.66,18.66,0.79
40.9,29.32,202308,22.12,0.61,31.2,0.51
40.9,29.32,202309,18.22,0.61,35.25,0.89
40.9,29.32,202310,12.45,0.55,41.71,1.83
40.9,29.32,202311,6.56,0.4,66.79,6.97
40.9,29.32,202312,6.1,0.45,61.16,2.45
40.9,29.35,202301,6.73,0.45,56.98,0.72
40.9,29.35,202302,8.7,0.43,66.77,2.53
40.9,29.35,202303,10.69,0.39,72.05,2.88
40.9,29.35,202304,15.35,0.44,75.0,3.03
40.9,29.35,202305,17.06,0.43,74.09,1.35
40.9,29.35,202306,23.35,0.56,47.38,1.56
40.9,29.35,202307,26.73,0.66,18.66,0.79
40.9,29.35,202308,22.12,0.61,31.2,0.51
40.9,29.35,202309,18.22,0.61,35.25,0.89
40.9,29.35,202310,12.45,0.55,41.71,1.83
40.9,29.35,202311,6.56,0.4,66.79,6.97
40.9,29.35,202312,6.1,0.45,61.16,2.45
40.9,29.38,202301,6.73,0.45,56.98,0.72
40.9,29.38,202302,8.7,0.43,66.77,2.53
40.9,29.38,202303,10.69,0.39,72.05,2.88
40.9,29.38,202304,15.35,0.44,75.0,3.03
40.9,29.38,202305,17.06,0.43,74.09,1.35
40.9,29.38,202306,23.35,0.56,47.38,1.56
40.9,29.38,202307,26.73,0.66,18.66,0.79
40.9,29.38,202308,22.12,0.61,31.2,0.51
40.9,29.38,202309,18.22,0.61,35.25,0.89
40.9,29.38,202310,12.45,0.55,41.71,1.83
40.9,29.38,202311,6.56,0.4,66.79,6.97
40.9,29.38,202312,6.1,0.45,61.16,2.45
40.9,29.41,202301,6.73,0.45,56.98,0.72
40.9,29.41,202302,8.7,0.43,66.77,2.53
40.9,29.41,202303,10.69,0.39,72.05,2.88
40.9,29.41,202304,15.35,0.44,75.0,3.03
40.9,29.41,202305,17.06,0.43,74.09,1.35
40.9,29.41,202306,23.35,0.56,47.38,1.56
40.9,29.41,202307,26.73,0.66,18.66,0.79
40.9,29.41,202308,22.12,0.61,31.2,0.51
40.9,29.41,202309,18.22,0.61,35.25,0.89
40.9,29.41,202310,12.45,0.55,41.71,1.83
40.9,29.41,202311,6.56,0.4,66.79,6.97
40.9,29.41,202312,6.1,0.45,61.16,2.45
40.92,29.14,202301,6.73,0.45,56.98,0.72
40.92,29.14,202302,8.7,0.43,66.77,2.53
40.92,29.14,202303,10.69,0.39,72.05,2.88
40.92,29.14,202304,15.35,0.44,75.0,3.03
40.92,29.14,202305,17.06,0.43,74.09,1.35
40.92,29.14,202306,23.35,0.56,47.38,1.56
40.92,29.14,202307,26.73,0.66,18.66,0.79
40.92,29.14,202308,22.12,0.61,31.2,0.51
40.92,29.14,202309,18.22,0.61,35.25,0.89
40.92,29.14,202310,12.45,0.55,41.71,1.83
40.92,29.14,202311,6.56,0.4,66.79,6.97
40.92,29.14,202312,6.1,0.45,61.16,2.45
40.92,29.17,202301,6.73,0.45,56.98,0.72
40.92,29.17,202302,8.7,0.43,66.77,2.53
40.92,29.17,202303,10.69,0.39,72.05,2.88
40.92,29.17,202304,15.35,0.44,75.0,3.03
40.92,29.17,202305,17.06,0.43,74.09,1.35
40.92,29.17,202306,23.35,0.56,47.38,1.56
40.92,29.17,202307,26.73,0.66,18.66,0.79
40.92,29.17,202308,22.12,0.61,31.2,0.51
40.92,29.17,202309,18.22,0.61,35.25,0.89
40.92,29.17,202310,12.45,0.55,41.71,1.83
40.92,29.17,202311,6.56,0.4,66.79,6.97
40.92,29.17,202312,6.1,0.45,61.16,2.45
40.92,29.2,202301,6.73,0.45,56.98,0.72
40.92,29.2,202302,8.7,0.43,66.77,2.53
40.92,29.2,202303,10.69,0.39,72.05,2.88
40.92,29.2,202304,15.35,0.44,75.0,3.03
40.92,29.2,202305,17.06,0.43,74.09,1.35
40.92,29.2,202306,23.35,0.56,47.38,1.56
40.92,29.2,202307,26.73,0.66,18.66,0.79
40.92,29.2,202308,22.12,0.61,31.2,0.51
40.92,29.2,202309,18.22,0.61,35.25,0.89
40.92,29.2,202310,12.45,0.55,41.71,1.83
40.92,29.2,202311,6.56,0.4,66.79,6.97
40.92,29.2,202312,6.1,0.45,61.16,2.45
40.92,29.23,202301,6.73,0.45,56.98,0.72
40.92,29.23,202302,8.7,0.43,66.77,2.53
40.92,29.23,202303,10.69,0.39,72.05,2.88
40.92,29.23,202304,15.35,0.44,75.0,3.03
40.92,29.23,202305,17.06,0.43,74.09,1.35
40.92,29.23,202306,23.35,0.56,47.38,1.56
40.92,29.23,202307,26.73,0.66,18.66,0.79
40.92,29.23,202308,22.12,0.61,31.2,0.51
40.92,29.23,202309,18.22,0.61,35.25,0.89
40.92,29.23,202310,12.45,0.55,41.71,1.83
40.92,29.23,202311,6.56,0.4,66.79,6.97
40.92,29.23,202312,6.1,0.45,61.16,2.45
40.92,29.26,202301,6.73,0.45,56.98,0.72
40.92,29.26,202302,8.7,0.43,66.77,2.53
40.92,29.26,202303,10.69,0.39,72.05,2.88
40.92,29.26,202304,15.35,0.44,75.0,3.03
40.92,29.26,202305,17.06,0.43,74.09,1.35
40.92,29.26,202306,23.35,0.56,47.38,1.56
40.92,29.26,202307,26.73,0.66,18.66,0.79
40.92,29.26,202308,22.12,0.61,31.2,0.51
40.92,29.26,202309,18.22,0.61,35.25,0.89
40.92,29.26,202310,12.45,0.55,41.71,1.83
40.92,29.26,202311,6.56,0.4,66.79,6.97
40.92,29.26,202312,6.1,0.45,61.16,2.45
40.92,29.29,202301,6.73,0.45,56.98,0.72
40.92,29.29,202302,8.7,0.43,66.77,2.53
40.92,29.29,202303,10.69,0.39,72.05,2.88
40.92,29.29,202304,15.35,0.44,75.0,3.03
40.92,29.29,202305,17.06,0.43,74.09,1.35
40.92,29.29,202306,23.35,0.56,47.38,1.56
40.92,29.29,202307,26.73,0.66,18.66,0.79
40.92,29.29,202308,22.12,0.61,31.2,0.51
40.92,29.29,202309,18.22,0.61,35.25,0.89
40.92,29.29,202310,12.45,0.55,41.71,1.83
40.92,29.29,202311,6.56,0.4,66.79,6.97
40.92,29.29,202312,6.1,0.45,61.16,2.45
40.92,29.32,202301,6.73,0.45,56.98,0.72
40.92,29.32,202302,8.7,0.43,66.77,2.53
40.92,29.32,202303,10.69,0.39,72.05,2.88
40.92,29.32,202304,15.35,0.44,75.0,3.03
40.92,29.32,202305,17.06,0.43,74.09,1.35
40.92,29.32,202306,23.35,0.56,47.38,1.56
40.92,29.32,202307,26.73,0.66,18.66,0.79
40.92,29.32,202308,22.12,0.61,31.2,0.51
40.92,29.32,202309,18.22,0.61,35.25,0.89
40.92,29.32,202310,12.45,0.55,41.71,1.83
40.92,29.32,202311,6.56,0.4,66.79,6.97
40.92,29.32,202312,6.1,0.45,61.16,2.45
40.92,29.35,202301,6.73,0.45,56.98,0.72
40.92,29.35,202302,8.7,0.43,66.77,2.53
40.92,29.35,202303,10.69,0.39,72.05,2.88
40.92,29.35,202304,15.35,0.44,75.0,3.03
40.92,29.35,202305,17.06,0.43,74.09,1.35
40.92,29.35,202306,23.35,0.56,47.38,1.56
40.92,29.35,202307,26.73,0.66,18.66,0.79
40.92,29.35,202308,22.12,0.61,31.2,0.51
40.92,29.35,202309,18.22,0.61,35.25,0.89
40.92,29.35,202310,12.45,0.55,41.71,1.83
40.92,29.35,202311,6.56,0.4,66.79,6.97
40.92,29.35,202312,6.1,0.45,61.16,2.45
40.92,29.38,202301,6.73,0.45,56.98,0.72
40.92,29.38,202302,8.7,0.43,66.77,2.53
40.92,29.38,202303,10.69,0.39,72.05,2.88
40.92,29.38,202304,15.35,0.44,75.0,3.03
40.92,29.38,202305,17.06,0.43,74.09,1.35
40.92,29.38,202306,23.35,0.56,47.38,1.56
40.92,29.38,202307,26.73,0.66,18.66,0.79
40.92,29.38,202308,22.12,0.61,31.2,0.51
40.92,29.38,202309,18.22,0.61,35.25,0.89
40.92,29.38,202310,12.45,0.55,41.71,1.83
40.92,29.38,202311,6.56,0.4,66.79,6.97
40.92,29.38,202312,6.1,0.45,61.16,2.45
40.92,29.41,202301,6.73,0.45,56.98,0.72
40.92,29.41,202302,8.7,0.43,66.77,2.53
40.92,29.41,202303,10.69,0.39,72.05,2.88
40.92,29.41,202304,15.35,0.44,75.0,3.03
40.92,29.41,202305,17.06,0.43,74.09,1.35
40.92,29.41,202306,23.35,0.56,47.38,1.56
40.92,29.41,202307,26.73,0.66,18.66,0.79
40.92,29.41,202308,22.12,0.61,31.2,0.51
40.92,29.41,202309,18.22,0.61,35.25,0.89
40.92,29.41,202310,12.45,0.55,41.71,1.83
40.92,29.41,202311,6.56,0.4,66.79,6.97
40.92,29.41,202312,6.1,0.45,61.16,2.45
40.94,29.11,202301,6.73,0.45,56.98,0.72
40.94,29.11,202302,8.7,0.43,66.77,2.53
40.94,29.11,202303,10.69,0.39,72.05,2.88
40.94,29.11,202304,15.35,0.44,75.0,3.03
40.94,29.11,202305,17.06,0.43,74.09,1.35
40.94,29.11,202306,23.35,0.56,47.38,1.56
40.94,29.11,202307,26.73,0.66,18.66,0.79
40.94,29.11,202308,22.12,0.61,31.2,0.51
40.94,29.11,202309,18.22,0.61,35.25,0.89
40.94,29.11,202310,12.45,0.55,41.71,1.83
40.94,29.11,202311,6.56,0.4,66.79,6.97
40.94,29.11,202312,6.1,0.45,61.16,2.45
40.94,29.14,202301,6.73,0.45,56.98,0.72
40.94,29.14,202302,8.7,0.43,66.77,2.53
40.94,29.14,202303,10.69,0.39,72.05,2.88
40.94,29.14,202304,15.35,0.44,75.0,3.03
40.94,29.14,202305,17.06,0.43,74.09,1.35
40.94,29.14,202306,23.35,0.56,47.38,1.56
40.94,29.14,202307,26.73,0.66,18.66,0.79
40.94,29.14,202308,22.12,0.61,31.2,0.51
40.94,29.14,202309,18.22,0.61,35.25,0.89
40.94,29.14,202310,12.45,0.55,41.71,1.83
40.94,29.14,202311,6.56,0.4,66.79,6.97
40.94,29.14,202312,6.1,0.45,61.16,2.45
40.94,29.17,202301,6.73,0.45,56.98,0.72
40.94,29.17,202302,8.7,0.43,66.77,2.53
40.94,29.17,202303,10.69,0.39,72.05,2.88
40.94,29.17,202304,15.35,0.44,75.0,3.03
40.94,29.17,202305,17.06,0.43,74.09,1.35
40.94,29.17,202306,23.35,0.56,47.38,1.56
40.94,29.17,202307,26.73,0.66,18.66,0.79
40.94,29.17,202308,22.12,0.61,31.2,0.51
40.94,29.17,202309,18.22,0.61,35.25,0.89
40.94,29.17,202310,12.45,0.55,41.71,1.83
40.94,29.17,202311,6.56,0.4,66.79,6.97
40.94,29.17,202312,6.1,0.45,61.16,2.45
40.94,29.2,202301,6.73,0.45,56.98,0.72
40.94,29.2,202302,8.7,0.43,66.77,2.53
40.94,29.2,202303,10.69,0.39,72.05,2.88
40.94,29.2,202304,15.35,0.44,75.0,3.03
40.94,29.2,202305,17.06,0.43,74.09,1.35
40.94,29.2,202306,23.35,0.56,47.38,1.56
40.94,29.2,202307,26.73,0.66,18.66,0.79
40.94,29.2,202308,22.12,0.61,31.2,0.51
40.94,29.2,202309,18.22,0.61,35.25,0.89
40.94,29.2,202310,12.45,0.55,41.71,1.83
40.94,29.2,202311,6.56,0.4,66.79,6.97
40.94,29.2,202312,6.1,0.45,61.16,2.45
40.94,29.23,202301,6.73,0.45,56.98,0.72
40.94,29.23,202302,8.7,0.43,66.77,2.53
40.94,29.23,202303,10.69,0.39,72.05,2.88
40.94,29.23,202304,15.35,0.44,75.0,3.03
40.94,29.23,202305,17.06,0.43,74.09,1.35
40.94,29.23,202306,23.35,0.56,47.38,1.56
40.94,29.23,202307,26.73,0.66,18.66,0.79
40.94,29.23,202308,22.12,0.61,31.2,0.51
40.94,29.23,202309,18.22,0.61,35.25,0.89
40.94,29.23,202310,12.45,0.55,41.71,1.83
40.94,29.23,202311,6.56,0.4,66.79,6.97
40.94,29.23,202312,6.1,0.45,61.16,2.45
40.94,29.26,202301,6.73,0.45,56.98,0.72
40.94,29.26,202302,8.7,0.43,66.77,2.53
40.94,29.26,202303,10.69,0.39,72.05,2.88
40.94,29.26,202304,15.35,0.44,75.0,3.03
40.94,29.26,202305,17.06,0.43,74.09,1.35
40.94,29.26,202306,23.35,0.56,47.38,1.56
40.94,29.26,202307,26.73,0.66,18.66,0.79
40.94,29.26,202308,22.12,0.61,31.2,0.51
40.94,29.26,202309,18.22,0.61,35.25,0.89
40.94,29.26,202310,12.45,0.55,41.71,1.83
40.94,29.26,202311,6.56,0.4,66.79,6.97
40.94,29.26,202312,6.1,0.45,61.16,2.45
40.94,29.29,202301,6.73,0.45,56.98,0.72
40.94,29.29,202302,8.7,0.43,66.77,2.53
40.94,29.29,202303,10.69,0.39,72.05,2.88
40.94,29.29,202304,15.35,0.44,75.0,3.03
40.94,29.29,202305,17.06,0.43,74.09,1.35
40.94,29.29,202306,23.35,0.56,47.38,1.56
40.94,29.29,202307,26.73,0.66,18.66,0.79
40.94,29.29,202308,22.12,0.61,31.2,0.51
40.94,29.29,202309,18.22,0.61,35.25,0.89
40.94,29.29,202310,12.45,0.55,41.71,1.83
40.94,29.29,202311,6.56,0.4,66.79,6.97
40.94,29.29,202312,6.1,0.45,61.16,2.45
40.94,29.32,202301,6.73,0.45,56.98,0.72
40.94,29.32,202302,8.7,0.43,66.77,2.53
40.94,29.32,202303,10.69,0.39,72.05,2.88
40.94,29.32,202304,15.35,0.44,75.0,3.03
40.94,29.32,202305,17.06,0.43,74.09,1.35
40.94,29.32,202306,23.35,0.56,47.38,1.56
40.94,29.32,202307,26.73,0.66,18.66,0.79
40.94,29.32,202308,22.12,0.61,31.2,0.51
40.94,29.32,202309,18.22,0.61,35.25,0.89
40.94,29.32,202310,12.45,0.55,41.71,1.83
40.94,29.32,202311,6.56,0.4,66.79,6.97
40.94,29.32,202312,6.1,0.45,61.16,2.45
40.94,29.35,202301,6.73,0.45,56.98,0.72
40.94,29.35,202302,8.7,0.43,66.77,2.53
40.94,29.35,202303,10.69,0.39,72.05,2.88
40.94,29.35,202304,15.35,0.44,75.0,3.03
40.94,29.35,202305,17.06,0.43,74.09,1.35
40.94,29.35,202306,23.35,0.56,47.38,1.56
40.94,29.35,202307,26.73,0.66,18.66,0.79
40.94,29.35,202308,22.12,0.61,31.2,0.51
40.94,29.35,202309,18.22,0.61,35.25,0.89
40.94,29.35,202310,12.45,0.55,41.71,1.83
40.94,29.35,202311,6.56,0.4,66.79,6.97
40.94,29.35,202312,6.1,0.45,61.16,2.45
40.94,29.38,202301,6.73,0.45,56.98,0.72
40.94,29.38,202302,8.7,0.43,66.77,2.53
40.94,29.38,202303,10.69,0.39,72.05,2.88
40.94,29.38,202304,15.35,0.44,75.0,3.03
40.94,29.38,202305,17.06,0.43,74.09,1.35
40.94,29.38,202306,23.35,0.56,47.38,1.56
40.94,29.38,202307,26.73,0.66,18.66,0.79
40.94,29.38,202308,22.12,0.61,31.2,0.51
40.94,29.38,202309,18.22,0.61,35.25,0.89
40.94,29.38,202310,12.45,0.55,41.71,1.83
40.94,29.38,202311,6.56,0.4,66.79,6.97
40.94,29.38,202312,6.1,0.45,61.16,2.45
40.94,29.41,202301,6.73,0.45,56.98,0.72
40.94,29.41,202302,8.7,0.43,66.77,2.53
40.94,29.41,202303,10.69,0.39,72.05,2.88
40.94,29.41,202304,15.35,0.44,75.0,3.03
40.94,29.41,202305,17.06,0.43,74.09,1.35
40.94,29.41,202306,23.35,0.56,47.38,1.56
40.94,29.41,202307,26.73,0.66,18.66,0.79
40.94,29.41,202308,22.12,0.61,31.2,0.51
40.94,29.41,202309,18.22,0.61,35.25,0.89
40.94,29.41,202310,12.45,0.55,41.71,1.83
40.94,29.41,202311,6.56,0.4,66.79,6.97
40.94,29.41,202312,6.1,0.45,61.16,2.45
40.96,28.63,202301,6.05,0.4,75.06,0.72
40.96,28.63,202302,9.69,0.48,70.55,1.83
40.96,28.63,202303,10.86,0.39,79.54,2.49
40.96,28.63,202304,16.18,0.47,78.77,3.07
40.96,28.63,202305,18.86,0.48,75.06,1.24
40.96,28.63,202306,24.3,0.58,51.28,0.86
40.96,28.63,202307,27.2,0.67,28.6,0.33
40.96,28.63,202308,21.83,0.6,39.64,0.3
40.96,28.63,202309,18.41,0.61,46.99,0.71
40.96,28.63,202310,12.38,0.55,55.15,1.15
40.96,28.63,202311,6.62,0.4,76.32,6.37
40.96,28.63,202312,5.63,0.42,71.8,2.3
40.96,28.81,202301,6.05,0.4,75.06,0.72
40.96,28.81,202302,9.69,0.48,70.55,1.83
40.96,28.81,202303,10.86,0.39,79.54,2.49
40.96,28.81,202304,16.18,0.47,78.77,3.07
40.96,28.81,202305,18.86,0.48,75.06,1.24
40.96,28.81,202306,24.3,0.58,51.28,0.86
40.96,28.81,202307,27.2,0.67,28.6,0.33
40.96,28.81,202308,21.83,0.6,39.64,0.3
40.96,28.81,202309,18.41,0.61,46.99,0.71
40.96,28.81,202310,12.38,0.55,55.15,1.15
40.96,28.81,202311,6.62,0.4,76.32,6.37
40.96,28.81,202312,5.63,0.42,71.8,2.3
40.96,28.84,202301,6.05,0.4,75.06,0.72
40.96,28.84,202302,9.69,0.48,70.55,1.83
40.96,28.84,202303,10.86,0.39,79.54,2.49
40.96,28.84,202304,16.18,0.47,78.77,3.07
40.96,28.84,202305,18.86,0.48,75.06,1.24
40.96,28.84,202306,24.3,0.58,51.28,0.86
40.96,28.84,202307,27.2,0.67,28.6,0.33
40.96,28.84,202308,21.83,0.6,39.64,0.3
40.96,28.84,202309,18.41,0.61,46.99,0.71
40.96,28.84,202310,12.38,0.55,55.15,1.15
40.96,28.84,202311,6.62,0.4,76.32,6.37
40.96,28.84,202312,5.63,0.42,71.8,2.3
40.96,29.08,202301,6.73,0.45,56.98,0.72
40.96,29.08,202302,8.7,0.43,66.77,2.53
40.96,29.08,202303,10.69,0.39,72.05,2.88
40.96,29.08,202304,15.35,0.44,75.0,3.03
40.96,29.08,202305,17.06,0.43,74.09,1.35
40.96,29.08,202306,23.35,0.56,47.38,1.56
40.96,29.08,202307,26.73,0.66,18.66,0.79
40.96,29.08,202308,22.12,0.61,31.2,0.51
40.96,29.08,202309,18.22,0.61,35.25,0.89
40.96,29.08,202310,12.45,0.55,41.71,1.83
40.96,29.08,202311,6.56,0.4,66.79,6.97
40.96,29.08,202312,6.1,0.45,61.16,2.45
40.96,29.11,202301,6.73,0.45,56.98,0.72
40.96,29.11,202302,8.7,0.43,66.77,2.53
40.96,29.11,202303,10.69,0.39,72.05,2.88
40.96,29.11,202304,15.35,0.44,75.0,3.03
40.96,29.11,202305,17.06,0.43,74.09,1.35
40.96,29.11,202306,23.35,0.56,47.38,1.56
40.96,29.11,202307,26.73,0.66,18.66,0.79
40.96,29.11,202308,22.12,0.61,31.2,0.51
40.96,29.11,202309,18.22,0.61,35.25,0.89
40.96,29.11,202310,12.45,0.55,41.71,1.83
40.96,29.11,202311,6.56,0.4,66.79,6.97
40.96,29.11,202312,6.1,0.45,61.16,2.45
40.96,29.14,202301,6.73,0.45,56.98,0.72
40.96,29.14,202302,8.7,0.43,66.77,2.53
40.96,29.14,202303,10.69,0.39,72.05,2.88
40.96,29.14,202304,15.35,0.44,75.0,3.03
40.96,29.14,202305,17.06,0.43,74.09,1.35
40.96,29.14,202306,23.35,0.56,47.38,1.56
40.96,29.14,202307,26.73,0.66,18.66,0.79
40.96,29.14,202308,22.12,0.61,31.2,0.51
40.96,29.14,202309,18.22,0.61,35.25,0.89
40.96,29.14,202310,12.45,0.55,41.71,1.83
40.96,29.14,202311,6.56,0.4,66.79,6.97
40.96,29.14,202312,6.1,0.45,61.16,2.45
40.96,29.17,202301,6.73,0.45,56.98,0.72
40.96,29.17,202302,8.7,0.43,66.77,2.53
40.96,29.17,202303,10.69,0.39,72.05,2.88
40.96,29.17,202304,15.35,0.44,75.0,3.03
40.96,29.17,202305,17.06,0.43,74.09,1.35
40.96,29.17,202306,23.35,0.56,47.38,1.56
40.96,29.17,202307,26.73,0.66,18.66,0.79
40.96,29.17,202308,22.12,0.61,31.2,0.51
40.96,29.17,202309,18.22,0.61,35.25,0.89
40.96,29.17,202310,12.45,0.55,41.71,1.83
40.96,29.17,202311,6.56,0.4,66.79,6.97
40.96,29.17,202312,6.1,0.45,61.16,2.45
40.96,29.2,202301,6.73,0.45,56.98,0.72
40.96,29.2,202302,8.7,0.43,66.77,2.53
40.96,29.2,202303,10.69,0.39,72.05,2.88
40.96,29.2,202304,15.35,0.44,75.0,3.03
40.96,29.2,202305,17.06,0.43,74.09,1.35
40.96,29.2,202306,23.35,0.56,47.38,1.56
40.96,29.2,202307,26.73,0.66,18.66,0.79
40.96,29.2,202308,22.12,0.61,31.2,0.51
40.96,29.2,202309,18.22,0.61,35.25,0.89
40.96,29.2,202310,12.45,0.55,41.71,1.83
40.96,29.2,202311,6.56,0.4,66.79,6.97
40.96,29.2,202312,6.1,0.45,61.16,2.45
40.96,29.23,202301,6.73,0.45,56.98,0.72
40.96,29.23,202302,8.7,0.43,66.77,2.53
40.96,29.23,202303,10.69,0.39,72.05,2.88
40.96,29.23,202304,15.35,0.44,75.0,3.03
40.96,29.23,202305,17.06,0.43,74.09,1.35
40.96,29.23,202306,23.35,0.56,47.38,1.56
40.96,29.23,202307,26.73,0.66,18.66,0.79
40.96,29.23,202308,22.12,0.61,31.2,0.51
40.96,29.23,202309,18.22,0.61,35.25,0.89
40.96,29.23,202310,12.45,0.55,41.71,1.83
40.96,29.23,202311,6.56,0.4,66.79,6.97
40.96,29.23,202312,6.1,0.45,61.16,2.45
40.96,29.26,202301,6.73,0.45,56.98,0.72
40.96,29.26,202302,8.7,0.43,66.77,2.53
40.96,29.26,202303,10.69,0.39,72.05,2.88
40.96,29.26,202304,15.35,0.44,75.0,3.03
40.96,29.26,202305,17.06,0.43,74.09,1.35
40.96,29.26,202306,23.35,0.56,47.38,1.56
40.96,29.26,202307,26.73,0.66,18.66,0.79
40.96,29.26,202308,22.12,0.61,31.2,0.51
40.96,29.26,202309,18.22,0.61,35.25,0.89
40.96,29.26,202310,12.45,0.55,41.71,1.83
40.96,29.26,202311,6.56,0.4,66.79,6.97
40.96,29.26,202312,6.1,0.45,61.16,2.45
40.96,29.29,202301,6.73,0.45,56.98,0.72
40.96,29.29,202302,8.7,0.43,66.77,2.53
40.96,29.29,202303,10.69,0.39,72.05,2.88
40.96,29.29,202304,15.35,0.44,75.0,3.03
40.96,29.29,202305,17.06,0.43,74.09,1.35
40.96,29.29,202306,23.35,0.56,47.38,1.56
40.96,29.29,202307,26.73,0.66,18.66,0.79
40.96,29.29,202308,22.12,0.61,31.2,0.51
40.96,29.29,202309,18.22,0.61,35.25,0.89
40.96,29.29,202310,12.45,0.55,41.71,1.83
40.96,29.29,202311,6.56,0.4,66.79,6.97
40.96,29.29,202312,6.1,0.45,61.16,2.45
40.96,29.32,202301,6.73,0.45,56.98,0.72
40.96,29.32,202302,8.7,0.43,66.77,2.53
40.96,29.32,202303,10.69,0.39,72.05,2.88
40.96,29.32,202304,15.35,0.44,75.0,3.03
40.96,29.32,202305,17.06,0.43,74.09,1.35
40.96,29.32,202306,23.35,0.56,47.38,1.56
40.96,29.32,202307,26.73,0.66,18.66,0.79
40.96,29.32,202308,22.12,0.61,31.2,0.51
40.96,29.32,202309,18.22,0.61,35.25,0.89
40.96,29.32,202310,12.45,0.55,41.71,1.83
40.96,29.32,202311,6.56,0.4,66.79,6.97
40.96,29.32,202312,6.1,0.45,61.16,2.45
40.96,29.35,202301,6.73,0.45,56.98,0.72
40.96,29.35,202302,8.7,0.43,66.77,2.53
40.96,29.35,202303,10.69,0.39,72.05,2.88
40.96,29.35,202304,15.35,0.44,75.0,3.03
40.96,29.35,202305,17.06,0.43,74.09,1.35
40.96,29.35,202306,23.35,0.56,47.38,1.56
40.96,29.35,202307,26.73,0.66,18.66,0.79
40.96,29.35,202308,22.12,0.61,31.2,0.51
40.96,29.35,202309,18.22,0.61,35.25,0.89
40.96,29.35,202310,12.45,0.55,41.71,1.83
40.96,29.35,202311,6.56,0.4,66.79,6.97
40.96,29.35,202312,6.1,0.45,61.16,2.45
40.96,29.38,202301,6.73,0.45,56.98,0.72
40.96,29.38,202302,8.7,0.43,66.77,2.53
40.96,29.38,202303,10.69,0.39,72.05,2.88
40.96,29.38,202304,15.35,0.44,75.0,3.03
40.96,29.38,202305,17.06,0.43,74.09,1.35
40.96,29.38,202306,23.35,0.56,47.38,1.56
40.96,29.38,202307,26.73,0.66,18.66,0.79
40.96,29.38,202308,22.12,0.61,31.2,0.51
40.96,29.38,202309,18.22,0.61,35.25,0.89
40.96,29.38,202310,12.45,0.55,41.71,1.83
40.96,29.38,202311,6.56,0.4,66.79,6.97
40.96,29.38,202312,6.1,0.45,61.16,2.45
40.96,29.41,202301,6.73,0.45,56.98,0.72
40.96,29.41,202302,8.7,0.43,66.77,2.53
40.96,29.41,202303,10.69,0.39,72.05,2.88
40.96,29.41,202304,15.35,0.44,75.0,3.03
40.96,29.41,202305,17.06,0.43,74.09,1.35
40.96,29.41,202306,23.35,0.56,47.38,1.56
40.96,29.41,202307,26.73,0.66,18.66,0.79
40.96,29.41,202308,22.12,0.61,31.2,0.51
40.96,29.41,202309,18.22,0.61,35.25,0.89
40.96,29.41,202310,12.45,0.55,41.71,1.83
40.96,29.41,202311,6.56,0.4,66.79,6.97
40.96,29.41,202312,6.1,0.45,61.16,2.45
40.96,29.44,202301,6.73,0.45,56.98,0.72
40.96,29.44,202302,8.7,0.43,66.77,2.53
40.96,29.44,202303,10.69,0.39,72.05,2.88
40.96,29.44,202304,15.35,0.44,75.0,3.03
40.96,29.44,202305,17.06,0.43,74.09,1.35
40.96,29.44,202306,23.35,0.56,47.38,1.56
40.96,29.44,202307,26.73,0.66,18.66,0.79
40.96,29.44,202308,22.12,0.61,31.2,0.51
40.96,29.44,202309,18.22,0.61,35.25,0.89
40.96,29.44,202310,12.45,0.55,41.71,1.83
40.96,29.44,202311,6.56,0.4,66.79,6.97
40.96,29.44,202312,6.1,0.45,61.16,2.45
40.96,29.47,202301,6.73,0.45,56.98,0.72
40.96,29.47,202302,8.7,0.43,66.77,2.53
40.96,29.47,202303,10.69,0.39,72.05,2.88
40.96,29.47,202304,15.35,0.44,75.0,3.03
40.96,29.47,202305,17.06,0.43,74.09,1.35
40.96,29.47,202306,23.35,0.56,47.38,1.56
40.96,29.47,202307,26.73,0.66,18.66,0.79
40.96,29.47,202308,22.12,0.61,31.2,0.51
40.96,29.47,202309,18.22,0.61,35.25,0.89
40.96,29.47,202310,12.45,0.55,41.71,1.83
40.96,29.47,202311,6.56,0.4,66.79,6.97
40.96,29.47,202312,6.1,0.45,61.16,2.45
40.98,28.6,202301,6.05,0.4,75.06,0.72
40.98,28.6,202302,9.69,0.48,70.55,1.83
40.98,28.6,202303,10.86,0.39,79.54,2.49
40.98,28.6,202304,16.18,0.47,78.77,3.07
40.98,28.6,202305,18.86,0.48,75.06,1.24
40.98,28.6,202306,24.3,0.58,51.28,0.86
40.98,28.6,202307,27.2,0.67,28.6,0.33
40.98,28.6,202308,21.83,0.6,39.64,0.3
40.98,28.6,202309,18.41,0.61,46.99,0.71
40.98,28.6,202310,12.38,0.55,55.15,1.15
40.98,28.6,202311,6.62,0.4,76.32,6.37
40.98,28.6,202312,5.63,0.42,71.8,2.3
40.98,28.63,202301,6.05,0.4,75.06,0.72
40.98,28.63,202302,9.69,0.48,70.55,1.83
40.98,28.63,202303,10.86,0.39,79.54,2.49
40.98,28.63,202304,16.18,0.47,78.77,3.07
40.98,28.63,202305,18.86,0.48,75.06,1.24
40.98,28.63,202306,24.3,0.58,51.28,0.86
40.98,28.63,202307,27.2,0.67,28.6,0.33
40.98,28.63,202308,21.83,0.6,39.64,0.3
40.98,28.63,202309,18.41,0.61,46.99,0.71
40.98,28.63,202310,12.38,0.55,55.15,1.15
40.98,28.63,202311,6.62,0.4,76.32,6.37
40.98,28.63,202312,5.63,0.42,71.8,2.3
40.98,28.66,202301,6.05,0.4,75.06,0.72
40.98,28.66,202302,9.69,0.48,70.55,1.83
40.98,28.66,202303,10.86,0.39,79.54,2.49
40.98,28.66,202304,16.18,0.47,78.77,3.07
40.98,28.66,202305,18.86,0.48,75.06,1.24
40.98,28.66,202306,24.3,0.58,51.28,0.86
40.98,28.66,202307,27.2,0.67,28.6,0.33
40.98,28.66,202308,21.83,0.6,39.64,0.3
40.98,28.66,202309,18.41,0.61,46.99,0.71
40.98,28.66,202310,12.38,0.55,55.15,1.15
40.98,28.66,202311,6.62,0.4,76.32,6.37
40.98,28.66,202312,5.63,0.42,71.8,2.3
40.98,28.69,202301,6.05,0.4,75.06,0.72
40.98,28.69,202302,9.69,0.48,70.55,1.83
40.98,28.69,202303,10.86,0.39,79.54,2.49
40.98,28.69,202304,16.18,0.47,78.77,3.07
40.98,28.69,202305,18.86,0.48,75.06,1.24
40.98,28.69,202306,24.3,0.58,51.28,0.86
40.98,28.69,202307,27.2,0.67,28.6,0.33
40.98,28.69,202308,21.83,0.6,39.64,0.3
40.98,28.69,202309,18.41,0.61,46.99,0.71
40.98,28.69,202310,12.38,0.55,55.15,1.15
40.98,28.69,202311,6.62,0.4,76.32,6.37
40.98,28.69,202312,5.63,0.42,71.8,2.3
40.98,28.72,202301,6.05,0.4,75.06,0.72
40.98,28.72,202302,9.69,0.48,70.55,1.83
40.98,28.72,202303,10.86,0.39,79.54,2.49
40.98,28.72,202304,16.18,0.47,78.77,3.07
40.98,28.72,202305,18.86,0.48,75.06,1.24
40.98,28.72,202306,24.3,0.58,51.28,0.86
40.98,28.72,202307,27.2,0.67,28.6,0.33
40.98,28.72,202308,21.83,0.6,39.64,0.3
40.98,28.72,202309,18.41,0.61,46.99,0.71
40.98,28.72,202310,12.38,0.55,55.15,1.15
40.98,28.72,202311,6.62,0.4,76.32,6.37
40.98,28.72,202312,5.63,0.42,71.8,2.3
40.98,28.75,202301,6.05,0.4,75.06,0.72
40.98,28.75,202302,9.69,0.48,70.55,1.83
40.98,28.75,202303,10.86,0.39,79.54,2.49
40.98,28.75,202304,16.18,0.47,78.77,3.07
40.98,28.75,202305,18.86,0.48,75.06,1.24
40.98,28.75,202306,24.3,0.58,51.28,0.86
40.98,28.75,202307,27.2,0.67,28.6,0.33
40.98,28.75,202308,21.83,0.6,39.64,0.3
40.98,28.75,202309,18.41,0.61,46.99,0.71
40.98,28.75,202310,12.38,0.55,55.15,1.15
40.98,28.75,202311,6.62,0.4,76.32,6.37
40.98,28.75,202312,5.63,0.42,71.8,2.3
40.98,28.78,202301,6.05,0.4,75.06,0.72
40.98,28.78,202302,9.69,0.48,70.55,1.83
40.98,28.78,202303,10.86,0.39,79.54,2.49
40.98,28.78,202304,16.18,0.47,78.77,3.07
40.98,28.78,202305,18.86,0.48,75.06,1.24
40.98,28.78,202306,24.3,0.58,51.28,0.86
40.98,28.78,202307,27.2,0.67,28.6,0.33
40.98,28.78,202308,21.83,0.6,39.64,0.3
40.98,28.78,202309,18.41,0.61,46.99,0.71
40.98,28.78,202310,12.38,0.55,55.15,1.15
40.98,28.78,202311,6.62,0.4,76.32,6.37
40.98,28.78,202312,5.63,0.42,71.8,2.3
40.98,28.81,202301,6.05,0.4,75.06,0.72
40.98,28.81,202302,9.69,0.48,70.55,1.83
40.98,28.81,202303,10.86,0.39,79.54,2.49
40.98,28.81,202304,16.18,0.47,78.77,3.07
40.98,28.81,202305,18.86,0.48,75.06,1.24
40.98,28.81,202306,24.3,0.58,51.28,0.86
40.98,28.81,202307,27.2,0.67,28.6,0.33
40.98,28.81,202308,21.83,0.6,39.64,0.3
40.98,28.81,202309,18.41,0.61,46.99,0.71
40.98,28.81,202310,12.38,0.55,55.15,1.15
40.98,28.81,202311,6.62,0.4,76.32,6.37
40.98,28.81,202312,5.63,0.42,71.8,2.3
40.98,28.84,202301,6.05,0.4,75.06,0.72
40.98,28.84,202302,9.69,0.48,70.55,1.83
40.98,28.84,202303,10.86,0.39,79.54,2.49
40.98,28.84,202304,16.18,0.47,78.77,3.07
40.98,28.84,202305,18.86,0.48,75.06,1.24
40.98,28.84,202306,24.3,0.58,51.28,0.86
40.98,28.84,202307,27.2,0.67,28.6,0.33
40.98,28.84,202308,21.83,0.6,39.64,0.3
40.98,28.84,202309,18.41,0.61,46.99,0.71
40.98,28.84,202310,12.38,0.55,55.15,1.15
40.98,28.84,202311,6.62,0.4,76.32,6.37
40.98,28.84,202312,5.63,0.42,71.8,2.3
40.98,28.87,202301,6.05,0.4,75.06,0.72
40.98,28.87,202302,9.69,0.48,70.55,1.83
40.98,28.87,202303,10.86,0.39,79.54,2.49
40.98,28.87,202304,16.18,0.47,78.77,3.07
40.98,28.87,202305,18.86,0.48,75.06,1.24
40.98,28.87,202306,24.3,0.58,51.28,0.86
40.98,28.87,202307,27.2,0.67,28.6,0.33
40.98,28.87,202308,21.83,0.6,39.64,0.3
40.98,28.87,202309,18.41,0.61,46.99,0.71
40.98,28.87,202310,12.38,0.55,55.15,1.15
40.98,28.87,202311,6.62,0.4,76.32,6.37
40.98,28.87,202312,5.63,0.42,71.8,2.3
40.98,28.9,202301,6.05,0.4,75.06,0.72
40.98,28.9,202302,9.69,0.48,70.55,1.83
40.98,28.9,202303,10.86,0.39,79.54,2.49
40.98,28.9,202304,16.18,0.47,78.77,3.07
40.98,28.9,202305,18.86,0.48,75.06,1.24
40.98,28.9,202306,24.3,0.58,51.28,0.86
40.98,28.9,202307,27.2,0.67,28.6,0.33
40.98,28.9,202308,21.83,0.6,39.64,0.3
40.98,28.9,202309,18.41,0.61,46.99,0.71
40.98,28.9,202310,12.38,0.55,55.15,1.15
40.98,28.9,202311,6.62,0.4,76.32,6.37
40.98,28.9,202312,5.63,0.42,71.8,2.3
40.98,29.02,202301,6.73,0.45,56.98,0.72
40.98,29.02,202302,8.7,0.43,66.77,1.83
40.98,29.02,202303,10.69,0.39,72.05,2.49
40.98,29.02,202304,15.35,0.44,75.0,3.07
40.98,29.02,202305,17.06,0.43,74.09,1.24
40.98,29.02,202306,23.35,0.56,47.38,0.86
40.98,29.02,202307,26.73,0.66,18.66,0.33
40.98,29.02,202308,22.12,0.61,31.2,0.3
40.98,29.02,202309,18.22,0.61,35.25,0.71
40.98,29.02,202310,12.45,0.55,41.71,1.15
40.98,29.02,202311,6.56,0.4,66.79,6.37
40.98,29.02,202312,6.1,0.45,61.16,2.3
40.98,29.05,202301,6.73,0.45,56.98,0.72
40.98,29.05,202302,8.7,0.43,66.77,1.83
40.98,29.05,202303,10.69,0.39,72.05,2.49
40.98,29.05,202304,15.35,0.44,75.0,3.07
40.98,29.05,202305,17.06,0.43,74.09,1.24
40.98,29.05,202306,23.35,0.56,47.38,0.86
40.98,29.05,202307,26.73,0.66,18.66,0.33
40.98,29.05,202308,22.12,0.61,31.2,0.3
40.98,29.05,202309,18.22,0.61,35.25,0.71
40.98,29.05,202310,12.45,0.55,41.71,1.15
40.98,29.05,202311,6.56,0.4,66.79,6.37
40.98,29.05,202312,6.1,0.45,61.16,2.3
40.98,29.08,202301,6.73,0.45,56.98,0.72
40.98,29.08,202302,8.7,0.43,66.77,2.53
40.98,29.08,202303,10.69,0.39,72.05,2.88
40.98,29.08,202304,15.35,0.44,75.0,3.03
40.98,29.08,202305,17.06,0.43,74.09,1.35
40.98,29.08,202306,23.35,0.56,47.38,1.56
40.98,29.08,202307,26.73,0.66,18.66,0.79
40.98,29.08,202308,22.12,0.61,31.2,0.51
40.98,29.08,202309,18.22,0.61,35.25,0.89
40.98,29.08,202310,12.45,0.55,41.71,1.83
40.98,29.08,202311,6.56,0.4,66.79,6.97
40.98,29.08,202312,6.1,0.45,61.16,2.45
40.98,29.11,202301,6.73,0.45,56.98,0.72
40.98,29.11,202302,8.7,0.43,66.77,2.53
40.98,29.11,202303,10.69,0.39,72.05,2.88
40.98,29.11,202304,15.35,0.44,75.0,3.03
40.98,29.11,202305,17.06,0.43,74.09,1.35
40.98,29.11,202306,23.35,0.56,47.38,1.56
40.98,29.11,202307,26.73,0.66,18.66,0.79
40.98,29.11,202308,22.12,0.61,31.2,0.51
40.98,29.11,202309,18.22,0.61,35.25,0.89
40.98,29.11,202310,12.45,0.55,41.71,1.83
40.98,29.11,202311,6.56,0.4,66.79,6.97
40.98,29.11,202312,6.1,0.45,61.16,2.45
40.98,29.14,202301,6.73,0.45,56.98,0.72
40.98,29.14,202302,8.7,0.43,66.77,2.53
40.98,29.14,202303,10.69,0.39,72.05,2.88
40.98,29.14,202304,15.35,0.44,75.0,3.03
40.98,29.14,202305,17.06,0.43,74.09,1.35
40.98,29.14,202306,23.35,0.56,47.38,1.56
40.98,29.14,202307,26.73,0.66,18.66,0.79
40.98,29.14,202308,22.12,0.61,31.2,0.51
40.98,29.14,202309,18.22,0.61,35.25,0.89
40.98,29.14,202310,12.45,0.55,41.71,1.83
40.98,29.14,202311,6.56,0.4,66.79,6.97
40.98,29.14,202312,6.1,0.45,61.16,2.45
40.98,29.17,202301,6.73,0.45,56.98,0.72
40.98,29.17,202302,8.7,0.43,66.77,2.53
40.98,29.17,202303,10.69,0.39,72.05,2.88
40.98,29.17,202304,15.35,0.44,75.0,3.03
40.98,29.17,202305,17.06,0.43,74.09,1.35
40.98,29.17,202306,23.35,0.56,47.38,1.56
40.98,29.17,202307,26.73,0.66,18.66,0.79
40.98,29.17,202308,22.12,0.61,31.2,0.51
40.98,29.17,202309,18.22,0.61,35.25,0.89
40.98,29.17,202310,12.45,0.55,41.71,1.83
40.98,29.17,202311,6.56,0.4,66.79,6.97
40.98,29.17,202312,6.1,0.45,61.16,2.45
40.98,29.2,202301,6.73,0.45,56.98,0.72
40.98,29.2,202302,8.7,0.43,66.77,2.53
40.98,29.2,202303,10.69,0.39,72.05,2.88
40.98,29.2,202304,15.35,0.44,75.0,3.03
40.98,29.2,202305,17.06,0.43,74.09,1.35
40.98,29.2,202306,23.35,0.56,47.38,1.56
40.98,29.2,202307,26.73,0.66,18.66,0.79
40.98,29.2,202308,22.12,0.61,31.2,0.51
40.98,29.2,202309,18.22,0.61,35.25,0.89
40.98,29.2,202310,12.45,0.55,41.71,1.83
40.98,29.2,202311,6.56,0.4,66.79,6.97
40.98,29.2,202312,6.1,0.45,61.16,2.45
40.98,29.23,202301,6.73,0.45,56.98,0.72
40.98,29.23,202302,8.7,0.43,66.77,2.53
40.98,29.23,202303,10.69,0.39,72.05,2.88
40.98,29.23,202304,15.35,0.44,75.0,3.03
40.98,29.23,202305,17.06,0.43,74.09,1.35
40.98,29.23,202306,23.35,0.56,47.38,1.56
40.98,29.23,202307,26.73,0.66,18.66,0.79
40.98,29.23,202308,22.12,0.61,31.2,0.51
40.98,29.23,202309,18.22,0.61,35.25,0.89
40.98,29.23,202310,12.45,0.55,41.71,1.83
40.98,29.23,202311,6.56,0.4,66.79,6.97
40.98,29.23,202312,6.1,0.45,61.16,2.45
40.98,29.26,202301,6.73,0.45,56.98,0.72
40.98,29.26,202302,8.7,0.43,66.77,2.53
40.98,29.26,202303,10.69,0.39,72.05,2.88
40.98,29.26,202304,15.35,0.44,75.0,3.03
40.98,29.26,202305,17.06,0.43,74.09,1.35
40.98,29.26,202306,23.35,0.56,47.38,1.56
40.98,29.26,202307,26.73,0.66,18.66,0.79
40.98,29.26,202308,22.12,0.61,31.2,0.51
40.98,29.26,202309,18.22,0.61,35.25,0.89
40.98,29.26,202310,12.45,0.55,41.71,1.83
40.98,29.26,202311,6.56,0.4,66.79,6.97
40.98,29.26,202312,6.1,0.45,61.16,2.45
40.98,29.29,202301,6.73,0.45,56.98,0.72
40.98,29.29,202302,8.7,0.43,66.77,2.53
40.98,29.29,202303,10.69,0.39,72.05,2.88
40.98,29.29,202304,15.35,0.44,75.0,3.03
40.98,29.29,202305,17.06,0.43,74.09,1.35
40.98,29.29,202306,23.35,0.56,47.38,1.56
40.98,29.29,202307,26.73,0.66,18.66,0.79
40.98,29.29,202308,22.12,0.61,31.2,0.51
40.98,29.29,202309,18.22,0.61,35.25,0.89
40.98,29.29,202310,12.45,0.55,41.71,1.83
40.98,29.29,202311,6.56,0.4,66.79,6.97
40.98,29.29,202312,6.1,0.45,61.16,2.45
40.98,29.32,202301,6.73,0.45,56.98,0.72
40.98,29.32,202302,8.7,0.43,66.77,2.53
40.98,29.32,202303,10.69,0.39,72.05,2.88
40.98,29.32,202304,15.35,0.44,75.0,3.03
40.98,29.32,202305,17.06,0.43,74.09,1.35
40.98,29.32,202306,23.35,0.56,47.38,1.56
40.98,29.32,202307,26.73,0.66,18.66,0.79
40.98,29.32,202308,22.12,0.61,31.2,0.51
40.98,29.32,202309,18.22,0.61,35.25,0.89
40.98,29.32,202310,12.45,0.55,41.71,1.83
40.98,29.32,202311,6.56,0.4,66.79,6.97
40.98,29.32,202312,6.1,0.45,61.16,2.45
40.98,29.35,202301,6.73,0.45,56.98,0.72
40.98,29.35,202302,8.7,0.43,66.77,2.53
40.98,29.35,202303,10.69,0.39,72.05,2.88
40.98,29.35,202304,15.35,0.44,75.0,3.03
40.98,29.35,202305,17.06,0.43,74.09,1.35
40.98,29.35,202306,23.35,0.56,47.38,1.56
40.98,29.35,202307,26.73,0.66,18.66,0.79
40.98,29.35,202308,22.12,0.61,31.2,0.51
40.98,29.35,202309,18.22,0.61,35.25,0.89
40.98,29.35,202310,12.45,0.55,41.71,1.83
40.98,29.35,202311,6.56,0.4,66.79,6.97
40.98,29.35,202312,6.1,0.45,61.16,2.45
40.98,29.38,202301,6.73,0.45,56.98,0.72
40.98,29.38,202302,8.7,0.43,66.77,2.53
40.98,29.38,202303,10.69,0.39,72.05,2.88
40.98,29.38,202304,15.35,0.44,75.0,3.03
40.98,29.38,202305,17.06,0.43,74.09,1.35
40.98,29.38,202306,23.35,0.56,47.38,1.56
40.98,29.38,202307,26.73,0.66,18.66,0.79
40.98,29.38,202308,22.12,0.61,31.2,0.51
40.98,29.38,202309,18.22,0.61,35.25,0.89
40.98,29.38,202310,12.45,0.55,41.71,1.83
40.98,29.38,202311,6.56,0.4,66.79,6.97
40.98,29.38,202312,6.1,0.45,61.16,2.45
40.98,29.41,202301,6.73,0.45,56.98,0.72
40.98,29.41,202302,8.7,0.43,66.77,2.53
40.98,29.41,202303,10.69,0.39,72.05,2.88
40.98,29.41,202304,15.35,0.44,75.0,3.03
40.98,29.41,202305,17.06,0.43,74.09,1.35
40.98,29.41,202306,23.35,0.56,47.38,1.56
40.98,29.41,202307,26.73,0.66,18.66,0.79
40.98,29.41,202308,22.12,0.61,31.2,0.51
40.98,29.41,202309,18.22,0.61,35.25,0.89
40.98,29.41,202310,12.45,0.55,41.71,1.83
40.98,29.41,202311,6.56,0.4,66.79,6.97
40.98,29.41,202312,6.1,0.45,61.16,2.45
40.98,29.44,202301,6.73,0.45,56.98,0.72
40.98,29.44,202302,8.7,0.43,66.77,2.53
40.98,29.44,202303,10.69,0.39,72.05,2.88
40.98,29.44,202304,15.35,0.44,75.0,3.03
40.98,29.44,202305,17.06,0.43,74.09,1.35
40.98,29.44,202306,23.35,0.56,47.38,1.56
40.98,29.44,202307,26.73,0.66,18.66,0.79
40.98,29.44,202308,22.12,0.61,31.2,0.51
40.98,29.44,202309,18.22,0.61,35.25,0.89
40.98,29.44,202310,12.45,0.55,41.71,1.83
40.98,29.44,202311,6.56,0.4,66.79,6.97
40.98,29.44,202312,6.1,0.45,61.16,2.45
40.98,29.47,202301,6.73,0.45,56.98,0.72
40.98,29.47,202302,8.7,0.43,66.77,2.53
40.98,29.47,202303,10.69,0.39,72.05,2.88
40.98,29.47,202304,15.35,0.44,75.0,3.03
40.98,29.47,202305,17.06,0.43,74.09,1.35
40.98,29.47,202306,23.35,0.56,47.38,1.56
40.98,29.47,202307,26.73,0.66,18.66,0.79
40.98,29.47,202308,22.12,0.61,31.2,0.51
40.98,29.47,202309,18.22,0.61,35.25,0.89
40.98,29.47,202310,12.45,0.55,41.71,1.83
40.98,29.47,202311,6.56,0.4,66.79,6.97
40.98,29.47,202312,6.1,0.45,61.16,2.45
40.98,29.62,202301,6.73,0.45,56.98,0.72
40.98,29.62,202302,8.7,0.43,66.77,2.53
40.98,29.62,202303,10.69,0.39,72.05,2.88
40.98,29.62,202304,15.35,0.44,75.0,3.03
40.98,29.62,202305,17.06,0.43,74.09,1.35
40.98,29.62,202306,23.35,0.56,47.38,1.56
40.98,29.62,202307,26.73,0.66,18.66,0.79
40.98,29.62,202308,22.12,0.61,31.2,0.51
40.98,29.62,202309,18.22,0.61,35.25,0.89
40.98,29.62,202310,12.45,0.55,41.71,1.83
40.98,29.62,202311,6.56,0.4,66.79,6.97
40.98,29.62,202312,6.1,0.45,61.16,2.45
40.98,29.65,202301,6.73,0.45,56.98,0.72
40.98,29.65,202302,8.7,0.43,66.77,2.53
40.98,29.65,202303,10.69,0.39,72.05,2.88
40.98,29.65,202304,15.35,0.44,75.0,3.03
40.98,29.65,202305,17.06,0.43,74.09,1.35
40.98,29.65,202306,23.35,0.56,47.38,1.56
40.98,29.65,202307,26.73,0.66,18.66,0.79
40.98,29.65,202308,22.12,0.61,31.2,0.51
40.98,29.65,202309,18.22,0.61,35.25,0.89
40.98,29.65,202310,12.45,0.55,41.71,1.83
40.98,29.65,202311,6.56,0.4,66.79,6.97
40.98,29.65,202312,6.1,0.45,61.16,2.45
40.98,29.68,202301,6.73,0.45,56.98,0.72
40.98,29.68,202302,8.7,0.43,66.77,2.53
40.98,29.68,202303,10.69,0.39,72.05,2.88
40.98,29.68,202304,15.35,0.44,75.0,3.03
40.98,29.68,202305,17.06,0.43,74.09,1.35
40.98,29.68,202306,23.35,0.56,47.38,1.56
40.98,29.68,202307,26.73,0.66,18.66,0.79
40.98,29.68,202308,22.12,0.61,31.2,0.51
40.98,29.68,202309,18.22,0.61,35.25,0.89
40.98,29.68,202310,12.45,0.55,41.71,1.83
40.98,29.68,202311,6.56,0.4,66.79,6.97
40.98,29.68,202312,6.1,0.45,61.16,2.45
41.0,28.51,202301,5.51,0.38,69.94,0.72
41.0,28.51,202302,8.89,0.45,66.0,1.83
41.0,28.51,202303,11.1,0.41,71.25,2.49
41.0,28.51,202304,15.63,0.45,72.39,3.07
41.0,28.51,202305,18.84,0.48,71.78,1.24
41.0,28.51,202306,24.01,0.58,45.28,0.86
41.0,28.51,202307,26.15,0.65,23.83,0.33
41.0,28.51,202308,21.47,0.59,31.41,0.3
41.0,28.51,202309,16.72,0.56,46.02,0.71
41.0,28.51,202310,11.52,0.52,49.57,1.15
41.0,28.51,202311,6.49,0.41,68.19,6.37
41.0,28.51,202312,4.82,0.38,64.93,2.3
41.0,28.54,202301,5.51,0.38,69.94,0.72
41.0,28.54,202302,8.89,0.45,66.0,1.83
41.0,28.54,202303,11.1,0.41,71.25,2.49
41.0,28.54,202304,15.63,0.45,72.39,3.07
41.0,28.54,202305,18.84,0.48,71.78,1.24
41.0,28.54,202306,24.01,0.58,45.28,0.86
41.0,28.54,202307,26.15,0.65,23.83,0.33
41.0,28.54,202308,21.47,0.59,31.41,0.3
41.0,28.54,202309,16.72,0.56,46.02,0.71
41.0,28.54,202310,11.52,0.52,49.57,1.15
41.0,28.54,202311,6.49,0.41,68.19,6.37
41.0,28.54,202312,4.82,0.38,64.93,2.3
41.0,28.6,202301,5.51,0.38,69.94,0.72
41.0,28.6,202302,8.89,0.45,66.0,1.83
41.0,28.6,202303,11.1,0.41,71.25,2.49
41.0,28.6,202304,15.63,0.45,72.39,3.07
41.0,28.6,202305,18.84,0.48,71.78,1.24
41.0,28.6,202306,24.01,0.58,45.28,0.86
41.0,28.6,202307,26.15,0.65,23.83,0.33
41.0,28.6,202308,21.47,0.59,31.41,0.3
41.0,28.6,202309,16.72,0.56,46.02,0.71
41.0,28.6,202310,11.52,0.52,49.57,1.15
41.0,28.6,202311,6.49,0.41,68.19,6.37
41.0,28.6,202312,4.82,0.38,64.93,2.3
41.0,28.63,202301,5.51,0.38,69.94,0.72
41.0,28.63,202302,8.89,0.45,66.0,1.83
41.0,28.63,202303,11.1,0.41,71.25,2.49
41.0,28.63,202304,15.63,0.45,72.39,3.07
41.0,28.63,202305,18.84,0.48,71.78,1.24
41.0,28.63,202306,24.01,0.58,45.28,0.86
41.0,28.63,202307,26.15,0.65,23.83,0.33
41.0,28.63,202308,21.47,0.59,31.41,0.3
41.0,28.63,202309,16.72,0.56,46.02,0.71
41.0,28.63,202310,11.52,0.52,49.57,1.15
41.0,28.63,202311,6.49,0.41,68.19,6.37
41.0,28.63,202312,4.82,0.38,64.93,2.3
41.0,28.66,202301,5.51,0.38,69.94,0.72
41.0,28.66,202302,8.89,0.45,66.0,1.83
41.0,28.66,202303,11.1,0.41,71.25,2.49
41.0,28.66,202304,15.63,0.45,72.39,3.07
41.0,28.66,202305,18.84,0.48,71.78,1.24
41.0,28.66,202306,24.01,0.58,45.28,0.86
41.0,28.66,202307,26.15,0.65,23.83,0.33
41.0,28.66,202308,21.47,0.59,31.41,0.3
41.0,28.66,202309,16.72,0.56,46.02,0.71
41.0,28.66,202310,11.52,0.52,49.57,1.15
41.0,28.66,202311,6.49,0.41,68.19,6.37
41.0,28.66,202312,4.82,0.38,64.93,2.3
41.0,28.69,202301,5.51,0.38,69.94,0.72
41.0,28.69,202302,8.89,0.45,66.0,1.83
41.0,28.69,202303,11.1,0.41,71.25,2.49
41.0,28.69,202304,15.63,0.45,72.39,3.07
41.0,28.69,202305,18.84,0.48,71.78,1.24
41.0,28.69,202306,24.01,0.58,45.28,0.86
41.0,28.69,202307,26.15,0.65,23.83,0.33
41.0,28.69,202308,21.47,0.59,31.41,0.3
41.0,28.69,202309,16.72,0.56,46.02,0.71
41.0,28.69,202310,11.52,0.52,49.57,1.15
41.0,28.69,202311,6.49,0.41,68.19,6.37
41.0,28.69,202312,4.82,0.38,64.93,2.3
41.0,28.72,202301,5.51,0.38,69.94,0.72
41.0,28.72,202302,8.89,0.45,66.0,1.83
41.0,28.72,202303,11.1,0.41,71.25,2.49
41.0,28.72,202304,15.63,0.45,72.39,3.07
41.0,28.72,202305,18.84,0.48,71.78,1.24
41.0,28.72,202306,24.01,0.58,45.28,0.86
41.0,28.72,202307,26.15,0.65,23.83,0.33
41.0,28.72,202308,21.47,0.59,31.41,0.3
41.0,28.72,202309,16.72,0.56,46.02,0.71
41.0,28.72,202310,11.52,0.52,49.57,1.15
41.0,28.72,202311,6.49,0.41,68.19,6.37
41.0,28.72,202312,4.82,0.38,64.93,2.3
41.0,28.75,202301,5.51,0.38,69.94,0.72
41.0,28.75,202302,8.89,0.45,66.0,1.83
41.0,28.75,202303,11.1,0.41,71.25,2.49
41.0,28.75,202304,15.63,0.45,72.39,3.07
41.0,28.75,202305,18.84,0.48,71.78,1.24
41.0,28.75,202306,24.01,0.58,45.28,0.86
41.0,28.75,202307,26.15,0.65,23.83,0.33
41.0,28.75,202308,21.47,0.59,31.41,0.3
41.0,28.75,202309,16.72,0.56,46.02,0.71
41.0,28.75,202310,11.52,0.52,49.57,1.15
41.0,28.75,202311,6.49,0.41,68.19,6.37
41.0,28.75,202312,4.82,0.38,64.93,2.3
41.0,28.78,202301,5.51,0.38,69.94,0.72
41.0,28.78,202302,8.89,0.45,66.0,1.83
41.0,28.78,202303,11.1,0.41,71.25,2.49
41.0,28.78,202304,15.63,0.45,72.39,3.07
41.0,28.78,202305,18.84,0.48,71.78,1.24
41.0,28.78,202306,24.01,0.58,45.28,0.86
41.0,28.78,202307,26.15,0.65,23.83,0.33
41.0,28.78,202308,21.47,0.59,31.41,0.3
41.0,28.78,202309,16.72,0.56,46.02,0.71
41.0,28.78,202310,11.52,0.52,49.57,1.15
41.0,28.78,202311,6.49,0.41,68.19,6.37
41.0,28.78,202312,4.82,0.38,64.93,2.3
41.0,28.81,202301,5.51,0.38,69.94,0.72
41.0,28.81,202302,8.89,0.45,66.0,1.83
41.0,28.81,202303,11.1,0.41,71.25,2.49
41.0,28.81,202304,15.63,0.45,72.39,3.07
41.0,28.81,202305,18.84,0.48,71.78,1.24
41.0,28.81,202306,24.01,0.58,45.28,0.86
41.0,28.81,202307,26.15,0.65,23.83,0.33
41.0,28.81,202308,21.47,0.59,31.41,0.3
41.0,28.81,202309,16.72,0.56,46.02,0.71
41.0,28.81,202310,11.52,0.52,49.57,1.15
41.0,28.81,202311,6.49,0.41,68.19,6.37
41.0,28.81,202312,4.82,0.38,64.93,2.3
41.0,28.84,202301,5.51,0.38,69.94,0.72
41.0,28.84,202302,8.89,0.45,66.0,1.83
41.0,28.84,202303,11.1,0.41,71.25,2.49
41.0,28.84,202304,15.63,0.45,72.39,3.07
41.0,28.84,202305,18.84,0.48,71.78,1.24
41.0,28.84,202306,24.01,0.58,45.28,0.86
41.0,28.84,202307,26.15,0.65,23.83,0.33
41.0,28.84,202308,21.47,0.59,31.41,0.3
41.0,28.84,202309,16.72,0.56,46.02,0.71
41.0,28.84,202310,11.52,0.52,49.57,1.15
41.0,28.84,202311,6.49,0.41,68.19,6.37
41.0,28.84,202312,4.82,0.38,64.93,2.3
41.0,28.87,202301,5.51,0.38,69.94,0.72
41.0,28.87,202302,8.89,0.45,66.0,1.83
41.0,28.87,202303,11.1,0.41,71.25,2.49
41.0,28.87,202304,15.63,0.45,72.39,3.07
41.0,28.87,202305,18.84,0.48,71.78,1.24
41.0,28.87,202306,24.01,0.58,45.28,0.86
41.0,28.87,202307,26.15,0.65,23.83,0.33
41.0,28.87,202308,21.47,0.59,31.41,0.3
41.0,28.87,202309,16.72,0.56,46.02,0.71
41.0,28.87,202310,11.52,0.52,49.57,1.15
41.0,28.87,202311,6.49,0.41,68.19,6.37
41.0,28.87,202312,4.82,0.38,64.93,2.3
41.0,28.9,202301,5.51,0.38,69.94,0.72
41.0,28.9,202302,8.89,0.45,66.0,1.83
41.0,28.9,202303,11.1,0.41,71.25,2.49
41.0,28.9,202304,15.63,0.45,72.39,3.07
41.0,28.9,202305,18.84,0.48,71.78,1.24
41.0,28.9,202306,24.01,0.58,45.28,0.86
41.0,28.9,202307,26.15,0.65,23.83,0.33
41.0,28.9,202308,21.47,0.59,31.41,0.3
41.0,28.9,202309,16.72,0.56,46.02,0.71
41.0,28.9,202310,11.52,0.52,49.57,1.15
41.0,28.9,202311,6.49,0.41,68.19,6.37
41.0,28.9,202312,4.82,0.38,64.93,2.3
41.0,28.93,202301,5.51,0.38,69.94,0.72
41.0,28.93,202302,8.89,0.45,66.0,1.83
41.0,28.93,202303,11.1,0.41,71.25,2.49
41.0,28.93,202304,15.63,0.45,72.39,3.07
41.0,28.93,202305,18.84,0.48,71.78,1.24
41.0,28.93,202306,24.01,0.58,45.28,0.86
41.0,28.93,202307,26.15,0.65,23.83,0.33
41.0,28.93,202308,21.47,0.59,31.41,0.3
41.0,28.93,202309,16.72,0.56,46.02,0.71
41.0,28.93,202310,11.52,0.52,49.57,1.15
41.0,28.93,202311,6.49,0.41,68.19,6.37
41.0,28.93,202312,4.82,0.38,64.93,2.3
41.0,28.96,202301,5.51,0.38,69.94,0.72
41.0,28.96,202302,8.89,0.45,66.0,1.83
41.0,28.96,202303,11.1,0.41,71.25,2.49
41.0,28.96,202304,15.63,0.45,72.39,3.07
41.0,28.96,202305,18.84,0.48,71.78,1.24
41.0,28.96,202306,24.01,0.58,45.28,0.86
41.0,28.96,202307,26.15,0.65,23.83,0.33
41.0,28.96,202308,21.47,0.59,31.41,0.3
41.0,28.96,202309,16.72,0.56,46.02,0.71
41.0,28.96,202310,11.52,0.52,49.57,1.15
41.0,28.96,202311,6.49,0.41,68.19,6.37
41.0,28.96,202312,4.82,0.38,64.93,2.3
41.0,29.02,202301,5.47,0.38,77.44,0.72
41.0,29.02,202302,8.67,0.44,75.84,1.83
41.0,29.02,202303,10.41,0.38,81.4,2.49
41.0,29.02,202304,15.39,0.45,77.59,3.07
41.0,29.02,202305,18.83,0.48,75.98,1.24
41.0,29.02,202306,23.93,0.57,50.76,0.86
41.0,29.02,202307,25.58,0.63,28.76,0.33
41.0,29.02,202308,21.98,0.61,33.24,0.3
41.0,29.02,202309,17.75,0.6,55.94,0.71
41.0,29.02,202310,11.5,0.52,63.42,1.15
41.0,29.02,202311,6.57,0.42,78.12,6.37
41.0,29.02,202312,4.93,0.38,71.96,2.3
41.0,29.05,202301,5.47,0.38,77.44,0.72
41.0,29.05,202302,8.67,0.44,75.84,1.83
41.0,29.05,202303,10.41,0.38,81.4,2.49
41.0,29.05,202304,15.39,0.45,77.59,3.07
41.0,29.05,202305,18.83,0.48,75.98,1.24
41.0,29.05,202306,23.93,0.57,50.76,0.86
41.0,29.05,202307,25.58,0.63,28.76,0.33
41.0,29.05,202308,21.98,0.61,33.24,0.3
41.0,29.05,202309,17.75,0.6,55.94,0.71
41.0,29.05,202310,11.5,0.52,63.42,1.15
41.0,29.05,202311,6.57,0.42,78.12,6.37
41.0,29.05,202312,4.93,0.38,71.96,2.3
41.0,29.08,202301,5.47,0.38,77.44,0.72
41.0,29.08,202302,8.67,0.44,75.84,2.53
41.0,29.08,202303,10.41,0.38,81.4,2.88
41.0,29.08,202304,15.39,0.45,77.59,3.03
41.0,29.08,202305,18.83,0.48,75.98,1.35
41.0,29.08,202306,23.93,0.57,50.76,1.56
41.0,29.08,202307,25.58,0.63,28.76,0.79
41.0,29.08,202308,21.98,0.61,33.24,0.51
41.0,29.08,202309,17.75,0.6,55.94,0.89
41.0,29.08,202310,11.5,0.52,63.42,1.83
41.0,29.08,202311,6.57,0.42,78.12,6.97
41.0,29.08,202312,4.93,0.38,71.96,2.45
41.0,29.11,202301,5.47,0.38,77.44,0.72
41.0,29.11,202302,8.67,0.44,75.84,2.53
41.0,29.11,202303,10.41,0.38,81.4,2.88
41.0,29.11,202304,15.39,0.45,77.59,3.03
41.0,29.11,202305,18.83,0.48,75.98,1.35
41.0,29.11,202306,23.93,0.57,50.76,1.56
41.0,29.11,202307,25.58,0.63,28.76,0.79
41.0,29.11,202308,21.98,0.61,33.24,0.51
41.0,29.11,202309,17.75,0.6,55.94,0.89
41.0,29.11,202310,11.5,0.52,63.42,1.83
41.0,29.11,202311,6.57,0.42,78.12,6.97
41.0,29.11,202312,4.93,0.38,71.96,2.45
41.0,29.14,202301,5.47,0.38,77.44,0.72
41.0,29.14,202302,8.67,0.44,75.84,2.53
41.0,29.14,202303,10.41,0.38,81.4,2.88
41.0,29.14,202304,15.39,0.45,77.59,3.03
41.0,29.14,202305,18.83,0.48,75.98,1.35
41.0,29.14,202306,23.93,0.57,50.76,1.56
41.0,29.14,202307,25.58,0.63,28.76,0.79
41.0,29.14,202308,21.98,0.61,33.24,0.51
41.0,29.14,202309,17.75,0.6,55.94,0.89
41.0,29.14,202310,11.5,0.52,63.42,1.83
41.0,29.14,202311,6.57,0.42,78.12,6.97
41.0,29.14,202312,4.93,0.38,71.96,2.45
41.0,29.17,202301,5.47,0.38,77.44,0.72
41.0,29.17,202302,8.67,0.44,75.84,2.53
41.0,29.17,202303,10.41,0.38,81.4,2.88
41.0,29.17,202304,15.39,0.45,77.59,3.03
41.0,29.17,202305,18.83,0.48,75.98,1.35
41.0,29.17,202306,23.93,0.57,50.76,1.56
41.0,29.17,202307,25.58,0.63,28.76,0.79
41.0,29.17,202308,21.98,0.61,33.24,0.51
41.0,29.17,202309,17.75,0.6,55.94,0.89
41.0,29.17,202310,11.5,0.52,63.42,1.83
41.0,29.17,202311,6.57,0.42,78.12,6.97
41.0,29.17,202312,4.93,0.38,71.96,2.45
41.0,29.2,202301,5.47,0.38,77.44,0.72
41.0,29.2,202302,8.67,0.44,75.84,2.53
41.0,29.2,202303,10.41,0.38,81.4,2.88
41.0,29.2,202304,15.39,0.45,77.59,3.03
41.0,29.2,202305,18.83,0.48,75.98,1.35
41.0,29.2,202306,23.93,0.57,50.76,1.56
41.0,29.2,202307,25.58,0.63,28.76,0.79
41.0,29.2,202308,21.98,0.61,33.24,0.51
41.0,29.2,202309,17.75,0.6,55.94,0.89
41.0,29.2,202310,11.5,0.52,63.42,1.83
41.0,29.2,202311,6.57,0.42,78.12,6.97
41.0,29.2,202312,4.93,0.38,71.96,2.45
41.0,29.23,202301,5.47,0.38,77.44,0.72
41.0,29.23,202302,8.67,0.44,75.84,2.53
41.0,29.23,202303,10.41,0.38,81.4,2.88
41.0,29.23,202304,15.39,0.45,77.59,3.03
41.0,29.23,202305,18.83,0.48,75.98,1.35
41.0,29.23,202306,23.93,0.57,50.76,1.56
41.0,29.23,202307,25.58,0.63,28.76,0.79
41.0,29.23,202308,21.98,0.61,33.24,0.51
41.0,29.23,202309,17.75,0.6,55.94,0.89
41.0,29.23,202310,11.5,0.52,63.42,1.83
41.0,29.23,202311,6.57,0.42,78.12,6.97
41.0,29.23,202312,4.93,0.38,71.96,2.45
41.0,29.26,202301,5.47,0.38,77.44,0.72
41.0,29.26,202302,8.67,0.44,75.84,2.53
41.0,29.26,202303,10.41,0.38,81.4,2.88
41.0,29.26,202304,15.39,0.45,77.59,3.03
41.0,29.26,202305,18.83,0.48,75.98,1.35
41.0,29.26,202306,23.93,0.57,50.76,1.56
41.0,29.26,202307,25.58,0.63,28.76,0.79
41.0,29.26,202308,21.98,0.61,33.24,0.51
41.0,29.26,202309,17.75,0.6,55.94,0.89
41.0,29.26,202310,11.5,0.52,63.42,1.83
41.0,29.26,202311,6.57,0.42,78.12,6.97
41.0,29.26,202312,4.93,0.38,71.96,2.45
41.0,29.29,202301,5.47,0.38,77.44,0.72
41.0,29.29,202302,8.67,0.44,75.84,2.53
41.0,29.29,202303,10.41,0.38,81.4,2.88
41.0,29.29,202304,15.39,0.45,77.59,3.03
41.0,29.29,202305,18.83,0.48,75.98,1.35
41.0,29.29,202306,23.93,0.57,50.76,1.56
41.0,29.29,202307,25.58,0.63,28.76,0.79
41.0,29.29,202308,21.98,0.61,33.24,0.51
41.0,29.29,202309,17.75,0.6,55.94,0.89
41.0,29.29,202310,11.5,0.52,63.42,1.83
41.0,29.29,202311,6.57,0.42,78.12,6.97
41.0,29.29,202312,4.93,0.38,71.96,2.45
41.0,29.32,202301,5.47,0.38,77.44,0.72
41.0,29.32,202302,8.67,0.44,75.84,2.53
41.0,29.32,202303,10.41,0.38,81.4,2.88
41.0,29.32,202304,15.39,0.45,77.59,3.03
41.0,29.32,202305,18.83,0.48,75.98,1.35
41.0,29.32,202306,23.93,0.57,50.76,1.56
41.0,29.32,202307,25.58,0.63,28.76,0.79
41.0,29.32,202308,21.98,0.61,33.24,0.51
41.0,29.32,202309,17.75,0.6,55.94,0.89
41.0,29.32,202310,11.5,0.52,63.42,1.83
41.0,29.32,202311,6.57,0.42,78.12,6.97
41.0,29.32,202312,4.93,0.38,71.96,2.45
41.0,29.35,202301,5.47,0.38,77.44,0.72
41.0,29.35,202302,8.67,0.44,75.84,2.53
41.0,29.35,202303,10.41,0.38,81.4,2.88
41.0,29.35,202304,15.39,0.45,77.59,3.03
41.0,29.35,202305,18.83,0.48,75.98,1.35
41.0,29.35,202306,23.93,0.57,50.76,1.56
41.0,29.35,202307,25.58,0.63,28.76,0.79
41.0,29.35,202308,21.98,0.61,33.24,0.51
41.0,29.35,202309,17.75,0.6,55.94,0.89
41.0,29.35,202310,11.5,0.52,63.42,1.83
41.0,29.35,202311,6.57,0.42,78.12,6.97
41.0,29.35,202312,4.93,0.38,71.96,2.45
41.0,29.38,202301,5.47,0.38,77.44,0.72
41.0,29.38,202302,8.67,0.44,75.84,2.53
41.0,29.38,202303,10.41,0.38,81.4,2.88
41.0,29.38,202304,15.39,0.45,77.59,3.03
41.0,29.38,202305,18.83,0.48,75.98,1.35
41.0,29.38,202306,23.93,0.57,50.76,1.56
41.0,29.38,202307,25.58,0.63,28.76,0.79
41.0,29.38,202308,21.98,0.61,33.24,0.51
41.0,29.38,202309,17.75,0.6,55.94,0.89
41.0,29.38,202310,11.5,0.52,63.42,1.83
41.0,29.38,202311,6.57,0.42,78.12,6.97
41.0,29.38,202312,4.93,0.38,71.96,2.45
41.0,29.41,202301,5.47,0.38,77.44,0.72
41.0,29.41,202302,8.67,0.44,75.84,2.53
41.0,29.41,202303,10.41,0.38,81.4,2.88
41.0,29.41,202304,15.39,0.45,77.59,3.03
41.0,29.41,202305,18.83,0.48,75.98,1.35
41.0,29.41,202306,23.93,0.57,50.76,1.56
41.0,29.41,202307,25.58,0.63,28.76,0.79
41.0,29.41,202308,21.98,0.61,33.24,0.51
41.0,29.41,202309,17.75,0.6,55.94,0.89
41.0,29.41,202310,11.5,0.52,63.42,1.83
41.0,29.41,202311,6.57,0.42,78.12,6.97
41.0,29.41,202312,4.93,0.38,71.96,2.45
41.0,29.44,202301,5.47,0.38,77.44,0.72
41.0,29.44,202302,8.67,0.44,75.84,2.53
41.0,29.44,202303,10.41,0.38,81.4,2.88
41.0,29.44,202304,15.39,0.45,77.59,3.03
41.0,29.44,202305,18.83,0.48,75.98,1.35
41.0,29.44,202306,23.93,0.57,50.76,1.56
41.0,29.44,202307,25.58,0.63,28.76,0.79
41.0,29.44,202308,21.98,0.61,33.24,0.51
41.0,29.44,202309,17.75,0.6,55.94,0.89
41.0,29.44,202310,11.5,0.52,63.42,1.83
41.0,29.44,202311,6.57,0.42,78.12,6.97
41.0,29.44,202312,4.93,0.38,71.96,2.45
41.0,29.47,202301,5.47,0.38,77.44,0.72
41.0,29.47,202302,8.67,0.44,75.84,2.53
41.0,29.47,202303,10.41,0.38,81.4,2.88
41.0,29.47,202304,15.39,0.45,77.59,3.03
41.0,29.47,202305,18.83,0.48,75.98,1.35
41.0,29.47,202306,23.93,0.57,50.76,1.56
41.0,29.47,202307,25.58,0.63,28.76,0.79
41.0,29.47,202308,21.98,0.61,33.24,0.51
41.0,29.47,202309,17.75,0.6,55.94,0.89
41.0,29.47,202310,11.5,0.52,63.42,1.83
41.0,29.47,202311,6.57,0.42,78.12,6.97
41.0,29.47,202312,4.93,0.38,71.96,2.45
41.0,29.5,202301,5.47,0.38,77.44,0.72
41.0,29.5,202302,8.67,0.44,75.84,2.53
41.0,29.5,202303,10.41,0.38,81.4,2.88
41.0,29.5,202304,15.39,0.45,77.59,3.03
41.0,29.5,202305,18.83,0.48,75.98,1.35
41.0,29.5,202306,23.93,0.57,50.76,1.56
41.0,29.5,202307,25.58,0.63,28.76,0.79
41.0,29.5,202308,21.98,0.61,33.24,0.51
41.0,29.5,202309,17.75,0.6,55.94,0.89
41.0,29.5,202310,11.5,0.52,63.42,1.83
41.0,29.5,202311,6.57,0.42,78.12,6.97
41.0,29.5,202312,4.93,0.38,71.96,2.45
41.0,29.62,202301,5.47,0.38,77.44,0.72
41.0,29.62,202302,8.67,0.44,75.84,2.53
41.0,29.62,202303,10.41,0.38,81.4,2.88
41.0,29.62,202304,15.39,0.45,77.59,3.03
41.0,29.62,202305,18.83,0.48,75.98,1.35
41.0,29.62,202306,23.93,0.57,50.76,1.56
41.0,29.62,202307,25.58,0.63,28.76,0.79
41.0,29.62,202308,21.98,0.61,33.24,0.51
41.0,29.62,202309,17.75,0.6,55.94,0.89
41.0,29.62,202310,11.5,0.52,63.42,1.83
41.0,29.62,202311,6.57,0.42,78.12,6.97
41.0,29.62,202312,4.93,0.38,71.96,2.45
41.0,29.65,202301,5.47,0.38,77.44,0.72
41.0,29.65,202302,8.67,0.44,75.84,2.53
41.0,29.65,202303,10.41,0.38,81.4,2.88
41.0,29.65,202304,15.39,0.45,77.59,3.03
41.0,29.65,202305,18.83,0.48,75.98,1.35
41.0,29.65,202306,23.93,0.57,50.76,1.56
41.0,29.65,202307,25.58,0.63,28.76,0.79
41.0,29.65,202308,21.98,0.61,33.24,0.51
41.0,29.65,202309,17.75,0.6,55.94,0.89
41.0,29.65,202310,11.5,0.52,63.42,1.83
41.0,29.65,202311,6.57,0.42,78.12,6.97
41.0,29.65,202312,4.93,0.38,71.96,2.45
41.0,29.68,202301,5.47,0.38,77.44,0.72
41.0,29.68,202302,8.67,0.44,75.84,2.53
41.0,29.68,202303,10.41,0.38,81.4,2.88
41.0,29.68,202304,15.39,0.45,77.59,3.03
41.0,29.68,202305,18.83,0.48,75.98,1.35
41.0,29.68,202306,23.93,0.57,50.76,1.56
41.0,29.68,202307,25.58,0.63,28.76,0.79
41.0,29.68,202308,21.98,0.61,33.24,0.51
41.0,29.68,202309,17.75,0.6,55.94,0.89
41.0,29.68,202310,11.5,0.52,63.42,1.83
41.0,29.68,202311,6.57,0.42,78.12,6.97
41.0,29.68,202312,4.93,0.38,71.96,2.45
41.0,29.71,202301,5.47,0.38,77.44,0.81
41.0,29.71,202302,8.67,0.44,75.84,3.12
41.0,29.71,202303,10.41,0.38,81.4,3.56
41.0,29.71,202304,15.39,0.45,77.59,3.15
41.0,29.71,202305,18.83,0.48,75.98,1.85
41.0,29.71,202306,23.93,0.57,50.76,3.94
41.0,29.71,202307,25.58,0.63,28.76,2.15
41.0,29.71,202308,21.98,0.61,33.24,0.82
41.0,29.71,202309,17.75,0.6,55.94,0.95
41.0,29.71,202310,11.5,0.52,63.42,2.61
41.0,29.71,202311,6.57,0.42,78.12,6.92
41.0,29.71,202312,4.93,0.38,71.96,2.87
41.02,28.48,202301,5.51,0.38,69.94,0.72
41.02,28.48,202302,8.89,0.45,66.0,1.83
41.02,28.48,202303,11.1,0.41,71.25,2.49
41.02,28.48,202304,15.63,0.45,72.39,3.07
41.02,28.48,202305,18.84,0.48,71.78,1.24
41.02,28.48,202306,24.01,0.58,45.28,0.86
41.02,28.48,202307,26.15,0.65,23.83,0.33
41.02,28.48,202308,21.47,0.59,31.41,0.3
41.02,28.48,202309,16.72,0.56,46.02,0.71
41.02,28.48,202310,11.52,0.52,49.57,1.15
41.02,28.48,202311,6.49,0.41,68.19,6.37
41.02,28.48,202312,4.82,0.38,64.93,2.3
41.02,28.51,202301,5.51,0.38,69.94,0.72
41.02,28.51,202302,8.89,0.45,66.0,1.83
41.02,28.51,202303,11.1,0.41,71.25,2.49
41.02,28.51,202304,15.63,0.45,72.39,3.07
41.02,28.51,202305,18.84,0.48,71.78,1.24
41.02,28.51,202306,24.01,0.58,45.28,0.86
41.02,28.51,202307,26.15,0.65,23.83,0.33
41.02,28.51,202308,21.47,0.59,31.41,0.3
41.02,28.51,202309,16.72,0.56,46.02,0.71
41.02,28.51,202310,11.52,0.52,49.57,1.15
41.02,28.51,202311,6.49,0.41,68.19,6.37
41.02,28.51,202312,4.82,0.38,64.93,2.3
41.02,28.54,202301,5.51,0.38,69.94,0.72
41.02,28.54,202302,8.89,0.45,66.0,1.83
41.02,28.54,202303,11.1,0.41,71.25,2.49
41.02,28.54,202304,15.63,0.45,72.39,3.07
41.02,28.54,202305,18.84,0.48,71.78,1.24
41.02,28.54,202306,24.01,0.58,45.28,0.86
41.02,28.54,202307,26.15,0.65,23.83,0.33
41.02,28.54,202308,21.47,0.59,31.41,0.3
41.02,28.54,202309,16.72,0.56,46.02,0.71
41.02,28.54,202310,11.52,0.52,49.57,1.15
41.02,28.54,202311,6.49,0.41,68.19,6.37
41.02,28.54,202312,4.82,0.38,64.93,2.3
41.02,28.6,202301,5.51,0.38,69.94,0.72
41.02,28.6,202302,8.89,0.45,66.0,1.83
41.02,28.6,202303,11.1,0.41,71.25,2.49
41.02,28.6,202304,15.63,0.45,72.39,3.07
41.02,28.6,202305,18.84,0.48,71.78,1.24
41.02,28.6,202306,24.01,0.58,45.28,0.86
41.02,28.6,202307,26.15,0.65,23.83,0.33
41.02,28.6,202308,21.47,0.59,31.41,0.3
41.02,28.6,202309,16.72,0.56,46.02,0.71
41.02,28.6,202310,11.52,0.52,49.57,1.15
41.02,28.6,202311,6.49,0.41,68.19,6.37
41.02,28.6,202312,4.82,0.38,64.93,2.3
41.02,28.63,202301,5.51,0.38,69.94,0.72
41.02,28.63,202302,8.89,0.45,66.0,1.83
41.02,28.63,202303,11.1,0.41,71.25,2.49
41.02,28.63,202304,15.63,0.45,72.39,3.07
41.02,28.63,202305,18.84,0.48,71.78,1.24
41.02,28.63,202306,24.01,0.58,45.28,0.86
41.02,28.63,202307,26.15,0.65,23.83,0.33
41.02,28.63,202308,21.47,0.59,31.41,0.3
41.02,28.63,202309,16.72,0.56,46.02,0.71
41.02,28.63,202310,11.52,0.52,49.57,1.15
41.02,28.63,202311,6.49,0.41,68.19,6.37
41.02,28.63,202312,4.82,0.38,64.93,2.3
41.02,28.66,202301,5.51,0.38,69.94,0.72
41.02,28.66,202302,8.89,0.45,66.0,1.83
41.02,28.66,202303,11.1,0.41,71.25,2.49
41.02,28.66,202304,15.63,0.45,72.39,3.07
41.02,28.66,202305,18.84,0.48,71.78,1.24
41.02,28.66,202306,24.01,0.58,45.28,0.86
41.02,28.66,202307,26.15,0.65,23.83,0.33
41.02,28.66,202308,21.47,0.59,31.41,0.3
41.02,28.66,202309,16.72,0.56,46.02,0.71
41.02,28.66,202310,11.52,0.52,49.57,1.15
41.02,28.66,202311,6.49,0.41,68.19,6.37
41.02,28.66,202312,4.82,0.38,64.93,2.3
41.02,28.69,202301,5.51,0.38,69.94,0.72
41.02,28.69,202302,8.89,0.45,66.0,1.83
41.02,28.69,202303,11.1,0.41,71.25,2.49
41.02,28.69,202304,15.63,0.45,72.39,3.07
41.02,28.69,202305,18.84,0.48,71.78,1.24
41.02,28.69,202306,24.01,0.58,45.28,0.86
41.02,28.69,202307,26.15,0.65,23.83,0.33
41.02,28.69,202308,21.47,0.59,31.41,0.3
41.02,28.69,202309,16.72,0.56,46.02,0.71
41.02,28.69,202310,11.52,0.52,49.57,1.15
41.02,28.69,202311,6.49,0.41,68.19,6.37
41.02,28.69,202312,4.82,0.38,64.93,2.3
41.02,28.72,202301,5.51,0.38,69.94,0.72
41.02,28.72,202302,8.89,0.45,66.0,1.83
41.02,28.72,202303,11.1,0.41,71.25,2.49
41.02,28.72,202304,15.63,0.45,72.39,3.07
41.02,28.72,202305,18.84,0.48,71.78,1.24
41.02,28.72,202306,24.01,0.58,45.28,0.86
41.02,28.72,202307,26.15,0.65,23.83,0.33
41.02,28.72,202308,21.47,0.59,31.41,0.3
41.02,28.72,202309,16.72,0.56,46.02,0.71
41.02,28.72,202310,11.52,0.52,49.57,1.15
41.02,28.72,202311,6.49,0.41,68.19,6.37
41.02,28.72,202312,4.82,0.38,64.93,2.3
41.02,28.75,202301,5.51,0.38,69.94,0.72
41.02,28.75,202302,8.89,0.45,66.0,1.83
41.02,28.75,202303,11.1,0.41,71.25,2.49
41.02,28.75,202304,15.63,0.45,72.39,3.07
41.02,28.75,202305,18.84,0.48,71.78,1.24
41.02,28.75,202306,24.01,0.58,45.28,0.86
41.02,28.75,202307,26.15,0.65,23.83,0.33
41.02,28.75,202308,21.47,0.59,31.41,0.3
41.02,28.75,202309,16.72,0.56,46.02,0.71
41.02,28.75,202310,11.52,0.52,49.57,1.15
41.02,28.75,202311,6.49,0.41,68.19,6.37
41.02,28.75,202312,4.82,0.38,64.93,2.3
41.02,28.78,202301,5.51,0.38,69.94,0.72
41.02,28.78,202302,8.89,0.45,66.0,1.83
41.02,28.78,202303,11.1,0.41,71.25,2.49
41.02,28.78,202304,15.63,0.45,72.39,3.07
41.02,28.78,202305,18.84,0.48,71.78,1.24
41.02,28.78,202306,24.01,0.58,45.28,0.86
41.02,28.78,202307,26.15,0.65,23.83,0.33
41.02,28.78,202308,21.47,0.59,31.41,0.3
41.02,28.78,202309,16.72,0.56,46.02,0.71
41.02,28.78,202310,11.52,0.52,49.57,1.15
41.02,28.78,202311,6.49,0.41,68.19,6.37
41.02,28.78,202312,4.82,0.38,64.93,2.3
41.02,28.81,202301,5.51,0.38,69.94,0.72
41.02,28.81,202302,8.89,0.45,66.0,1.83
41.02,28.81,202303,11.1,0.41,71.25,2.49
41.02,28.81,202304,15.63,0.45,72.39,3.07
41.02,28.81,202305,18.84,0.48,71.78,1.24
41.02,28.81,202306,24.01,0.58,45.28,0.86
41.02,28.81,202307,26.15,0.65,23.83,0.33
41.02,28.81,202308,21.47,0.59,31.41,0.3
41.02,28.81,202309,16.72,0.56,46.02,0.71
41.02,28.81,202310,11.52,0.52,49.57,1.15
41.02,28.81,202311,6.49,0.41,68.19,6.37
41.02,28.81,202312,4.82,0.38,64.93,2.3
41.02,28.84,202301,5.51,0.38,69.94,0.72
41.02,28.84,202302,8.89,0.45,66.0,1.83
41.02,28.84,202303,11.1,0.41,71.25,2.49
41.02,28.84,202304,15.63,0.45,72.39,3.07
41.02,28.84,202305,18.84,0.48,71.78,1.24
41.02,28.84,202306,24.01,0.58,45.28,0.86
41.02,28.84,202307,26.15,0.65,23.83,0.33
41.02,28.84,202308,21.47,0.59,31.41,0.3
41.02,28.84,202309,16.72,0.56,46.02,0.71
41.02,28.84,202310,11.52,0.52,49.57,1.15
41.02,28.84,202311,6.49,0.41,68.19,6.37
41.02,28.84,202312,4.82,0.38,64.93,2.3
41.02,28.87,202301,5.51,0.38,69.94,0.72
41.02,28.87,202302,8.89,0.45,66.0,1.83
41.02,28.87,202303,11.1,0.41,71.25,2.49
41.02,28.87,202304,15.63,0.45,72.39,3.07
41.02,28.87,202305,18.84,0.48,71.78,1.24
41.02,28.87,202306,24.01,0.58,45.28,0.86
41.02,28.87,202307,26.15,0.65,23.83,0.33
41.02,28.87,202308,21.47,0.59,31.41,0.3
41.02,28.87,202309,16.72,0.56,46.02,0.71
41.02,28.87,202310,11.52,0.52,49.57,1.15
41.02,28.87,202311,6.49,0.41,68.19,6.37
41.02,28.87,202312,4.82,0.38,64.93,2.3
41.02,28.9,202301,5.51,0.38,69.94,0.72
41.02,28.9,202302,8.89,0.45,66.0,1.83
41.02,28.9,202303,11.1,0.41,71.25,2.49
41.02,28.9,202304,15.63,0.45,72.39,3.07
41.02,28.9,202305,18.84,0.48,71.78,1.24
41.02,28.9,202306,24.01,0.58,45.28,0.86
41.02,28.9,202307,26.15,0.65,23.83,0.33
41.02,28.9,202308,21.47,0.59,31.41,0.3
41.02,28.9,202309,16.72,0.56,46.02,0.71
41.02,28.9,202310,11.52,0.52,49.57,1.15
41.02,28.9,202311,6.49,0.41,68.19,6.37
41.02,28.9,202312,4.82,0.38,64.93,2.3
41.02,28.93,202301,5.51,0.38,69.94,0.72
41.02,28.93,202302,8.89,0.45,66.0,1.83
41.02,28.93,202303,11.1,0.41,71.25,2.49
41.02,28.93,202304,15.63,0.45,72.39,3.07
41.02,28.93,202305,18.84,0.48,71.78,1.24
41.02,28.93,202306,24.01,0.58,45.28,0.86
41.02,28.93,202307,26.15,0.65,23.83,0.33
41.02,28.93,202308,21.47,0.59,31.41,0.3
41.02,28.93,202309,16.72,0.56,46.02,0.71
41.02,28.93,202310,11.52,0.52,49.57,1.15
41.02,28.93,202311,6.49,0.41,68.19,6.37
41.02,28.93,202312,4.82,0.38,64.93,2.3
41.02,28.96,202301,5.51,0.38,69.94,0.72
41.02,28.96,202302,8.89,0.45,66.0,1.83
41.02,28.96,202303,11.1,0.41,71.25,2.49
41.02,28.96,202304,15.63,0.45,72.39,3.07
41.02,28.96,202305,18.84,0.48,71.78,1.24
41.02,28.96,202306,24.01,0.58,45.28,0.86
41.02,28.96,202307,26.15,0.65,23.83,0.33
41.02,28.96,202308,21.47,0.59,31.41,0.3
41.02,28.96,202309,16.72,0.56,46.02,0.71
41.02,28.96,202310,11.52,0.52,49.57,1.15
41.02,28.96,202311,6.49,0.41,68.19,6.37
41.02,28.96,202312,4.82,0.38,64.93,2.3
41.02,29.02,202301,5.47,0.38,77.44,0.72
41.02,29.02,202302,8.67,0.44,75.84,1.83
41.02,29.02,202303,10.41,0.38,81.4,2.49
41.02,29.02,202304,15.39,0.45,77.59,3.07
41.02,29.02,202305,18.83,0.48,75.98,1.24
41.02,29.02,202306,23.93,0.57,50.76,0.86
41.02,29.02,202307,25.58,0.63,28.76,0.33
41.02,29.02,202308,21.98,0.61,33.24,0.3
41.02,29.02,202309,17.75,0.6,55.94,0.71
41.02,29.02,202310,11.5,0.52,63.42,1.15
41.02,29.02,202311,6.57,0.42,78.12,6.37
41.02,29.02,202312,4.93,0.38,71.96,2.3
41.02,29.05,202301,5.47,0.38,77.44,0.72
41.02,29.05,202302,8.67,0.44,75.84,1.83
41.02,29.05,202303,10.41,0.38,81.4,2.49
41.02,29.05,202304,15.39,0.45,77.59,3.07
41.02,29.05,202305,18.83,0.48,75.98,1.24
41.02,29.05,202306,23.93,0.57,50.76,0.86
41.02,29.05,202307,25.58,0.63,28.76,0.33
41.02,29.05,202308,21.98,0.61,33.24,0.3
41.02,29.05,202309,17.75,0.6,55.94,0.71
41.02,29.05,202310,11.5,0.52,63.42,1.15
41.02,29.05,202311,6.57,0.42,78.12,6.37
41.02,29.05,202312,4.93,0.38,71.96,2.3
41.02,29.08,202301,5.47,0.38,77.44,0.72
41.02,29.08,202302,8.67,0.44,75.84,2.53
41.02,29.08,202303,10.41,0.38,81.4,2.88
41.02,29.08,202304,15.39,0.45,77.59,3.03
41.02,29.08,202305,18.83,0.48,75.98,1.35
41.02,29.08,202306,23.93,0.57,50.76,1.56
41.02,29.08,202307,25.58,0.63,28.76,0.79
41.02,29.08,202308,21.98,0.61,33.24,0.51
41.02,29.08,202309,17.75,0.6,55.94,0.89
41.02,29.08,202310,11.5,0.52,63.42,1.83
41.02,29.08,202311,6.57,0.42,78.12,6.97
41.02,29.08,202312,4.93,0.38,71.96,2.45
41.02,29.11,202301,5.47,0.38,77.44,0.72
41.02,29.11,202302,8.67,0.44,75.84,2.53
41.02,29.11,202303,10.41,0.38,81.4,2.88
41.02,29.11,202304,15.39,0.45,77.59,3.03
41.02,29.11,202305,18.83,0.48,75.98,1.35
41.02,29.11,202306,23.93,0.57,50.76,1.56
41.02,29.11,202307,25.58,0.63,28.76,0.79
41.02,29.11,202308,21.98,0.61,33.24,0.51
41.02,29.11,202309,17.75,0.6,55.94,0.89
41.02,29.11,202310,11.5,0.52,63.42,1.83
41.02,29.11,202311,6.57,0.42,78.12,6.97
41.02,29.11,202312,4.93,0.38,71.96,2.45
41.02,29.14,202301,5.47,0.38,77.44,0.72
41.02,29.14,202302,8.67,0.44,75.84,2.53
41.02,29.14,202303,10.41,0.38,81.4,2.88
41.02,29.14,202304,15.39,0.45,77.59,3.03
41.02,29.14,202305,18.83,0.48,75.98,1.35
41.02,29.14,202306,23.93,0.57,50.76,1.56
41.02,29.14,202307,25.58,0.63,28.76,0.79
41.02,29.14,202308,21.98,0.61,33.24,0.51
41.02,29.14,202309,17.75,0.6,55.94,0.89
41.02,29.14,202310,11.5,0.52,63.42,1.83
41.02,29.14,202311,6.57,0.42,78.12,6.97
41.02,29.14,202312,4.93,0.38,71.96,2.45
41.02,29.17,202301,5.47,0.38,77.44,0.72
41.02,29.17,202302,8.67,0.44,75.84,2.53
41.02,29.17,202303,10.41,0.38,81.4,2.88
41.02,29.17,202304,15.39,0.45,77.59,3.03
41.02,29.17,202305,18.83,0.48,75.98,1.35
41.02,29.17,202306,23.93,0.57,50.76,1.56
41.02,29.17,202307,25.58,0.63,28.76,0.79
41.02,29.17,202308,21.98,0.61,33.24,0.51
41.02,29.17,202309,17.75,0.6,55.94,0.89
41.02,29.17,202310,11.5,0.52,63.42,1.83
41.02,29.17,202311,6.57,0.42,78.12,6.97
41.02,29.17,202312,4.93,0.38,71.96,2.45
41.02,29.2,202301,5.47,0.38,77.44,0.72
41.02,29.2,202302,8.67,0.44,75.84,2.53
41.02,29.2,202303,10.41,0.38,81.4,2.88
41.02,29.2,202304,15.39,0.45,77.59,3.03
41.02,29.2,202305,18.83,0.48,75.98,1.35
41.02,29.2,202306,23.93,0.57,50.76,1.56
41.02,29.2,202307,25.58,0.63,28.76,0.79
41.02,29.2,202308,21.98,0.61,33.24,0.51
41.02,29.2,202309,17.75,0.6,55.94,0.89
41.02,29.2,202310,11.5,0.52,63.42,1.83
41.02,29.2,202311,6.57,0.42,78.12,6.97
41.02,29.2,202312,4.93,0.38,71.96,2.45
41.02,29.23,202301,5.47,0.38,77.44,0.72
41.02,29.23,202302,8.67,0.44,75.84,2.53
41.02,29.23,202303,10.41,0.38,81.4,2.88
41.02,29.23,202304,15.39,0.45,77.59,3.03
41.02,29.23,202305,18.83,0.48,75.98,1.35
41.02,29.23,202306,23.93,0.57,50.76,1.56
41.02,29.23,202307,25.58,0.63,28.76,0.79
41.02,29.23,202308,21.98,0.61,33.24,0.51
41.02,29.23,202309,17.75,0.6,55.94,0.89
41.02,29.23,202310,11.5,0.52,63.42,1.83
41.02,29.23,202311,6.57,0.42,78.12,6.97
41.02,29.23,202312,4.93,0.38,71.96,2.45
41.02,29.26,202301,5.47,0.38,77.44,0.72
41.02,29.26,202302,8.67,0.44,75.84,2.53
41.02,29.26,202303,10.41,0.38,81.4,2.88
41.02,29.26,202304,15.39,0.45,77.59,3.03
41.02,29.26,202305,18.83,0.48,75.98,1.35
41.02,29.26,202306,23.93,0.57,50.76,1.56
41.02,29.26,202307,25.58,0.63,28.76,0.79
41.02,29.26,202308,21.98,0.61,33.24,0.51
41.02,29.26,202309,17.75,0.6,55.94,0.89
41.02,29.26,202310,11.5,0.52,63.42,1.83
41.02,29.26,202311,6.57,0.42,78.12,6.97
41.02,29.26,202312,4.93,0.38,71.96,2.45
41.02,29.29,202301,5.47,0.38,77.44,0.72
41.02,29.29,202302,8.67,0.44,75.84,2.53
41.02,29.29,202303,10.41,0.38,81.4,2.88
41.02,29.29,202304,15.39,0.45,77.59,3.03
41.02,29.29,202305,18.83,0.48,75.98,1.35
41.02,29.29,202306,23.93,0.57,50.76,1.56
41.02,29.29,202307,25.58,0.63,28.76,0.79
41.02,29.29,202308,21.98,0.61,33.24,0.51
41.02,29.29,202309,17.75,0.6,55.94,0.89
41.02,29.29,202310,11.5,0.52,63.42,1.83
41.02,29.29,202311,6.57,0.42,78.12,6.97
41.02,29.29,202312,4.93,0.38,71.96,2.45
41.02,29.32,202301,5.47,0.38,77.44,0.72
41.02,29.32,202302,8.67,0.44,75.84,2.53
41.02,29.32,202303,10.41,0.38,81.4,2.88
41.02,29.32,202304,15.39,0.45,77.59,3.03
41.02,29.32,202305,18.83,0.48,75.98,1.35
41.02,29.32,202306,23.93,0.57,50.76,1.56
41.02,29.32,202307,25.58,0.63,28.76,0.79
41.02,29.32,202308,21.98,0.61,33.24,0.51
41.02,29.32,202309,17.75,0.6,55.94,0.89
41.02,29.32,202310,11.5,0.52,63.42,1.83
41.02,29.32,202311,6.57,0.42,78.12,6.97
41.02,29.32,202312,4.93,0.38,71.96,2.45
41.02,29.35,202301,5.47,0.38,77.44,0.72
41.02,29.35,202302,8.67,0.44,75.84,2.53
41.02,29.35,202303,10.41,0.38,81.4,2.88
41.02,29.35,202304,15.39,0.45,77.59,3.03
41.02,29.35,202305,18.83,0.48,75.98,1.35
41.02,29.35,202306,23.93,0.57,50.76,1.56
41.02,29.35,202307,25.58,0.63,28.76,0.79
41.02,29.35,202308,21.98,0.61,33.24,0.51
41.02,29.35,202309,17.75,0.6,55.94,0.89
41.02,29.35,202310,11.5,0.52,63.42,1.83
41.02,29.35,202311,6.57,0.42,78.12,6.97
41.02,29.35,202312,4.93,0.38,71.96,2.45
41.02,29.38,202301,5.47,0.38,77.44,0.72
41.02,29.38,202302,8.67,0.44,75.84,2.53
41.02,29.38,202303,10.41,0.38,81.4,2.88
41.02,29.38,202304,15.39,0.45,77.59,3.03
41.02,29.38,202305,18.83,0.48,75.98,1.35
41.02,29.38,202306,23.93,0.57,50.76,1.56
41.02,29.38,202307,25.58,0.63,28.76,0.79
41.02,29.38,202308,21.98,0.61,33.24,0.51
41.02,29.38,202309,17.75,0.6,55.94,0.89
41.02,29.38,202310,11.5,0.52,63.42,1.83
41.02,29.38,202311,6.57,0.42,78.12,6.97
41.02,29.38,202312,4.93,0.38,71.96,2.45
41.02,29.41,202301,5.47,0.38,77.44,0.72
41.02,29.41,202302,8.67,0.44,75.84,2.53
41.02,29.41,202303,10.41,0.38,81.4,2.88
41.02,29.41,202304,15.39,0.45,77.59,3.03
41.02,29.41,202305,18.83,0.48,75.98,1.35
41.02,29.41,202306,23.93,0.57,50.76,1.56
41.02,29.41,202307,25.58,0.63,28.76,0.79
41.02,29.41,202308,21.98,0.61,33.24,0.51
41.02,29.41,202309,17.75,0.6,55.94,0.89
41.02,29.41,202310,11.5,0.52,63.42,1.83
41.02,29.41,202311,6.57,0.42,78.12,6.97
41.02,29.41,202312,4.93,0.38,71.96,2.45
41.02,29.44,202301,5.47,0.38,77.44,0.72
41.02,29.44,202302,8.67,0.44,75.84,2.53
41.02,29.44,202303,10.41,0.38,81.4,2.88
41.02,29.44,202304,15.39,0.45,77.59,3.03
41.02,29.44,202305,18.83,0.48,75.98,1.35
41.02,29.44,202306,23.93,0.57,50.76,1.56
41.02,29.44,202307,25.58,0.63,28.76,0.79
41.02,29.44,202308,21.98,0.61,33.24,0.51
41.02,29.44,202309,17.75,0.6,55.94,0.89
41.02,29.44,202310,11.5,0.52,63.42,1.83
41.02,29.44,202311,6.57,0.42,78.12,6.97
41.02,29.44,202312,4.93,0.38,71.96,2.45
41.02,29.47,202301,5.47,0.38,77.44,0.72
41.02,29.47,202302,8.67,0.44,75.84,2.53
41.02,29.47,202303,10.41,0.38,81.4,2.88
41.02,29.47,202304,15.39,0.45,77.59,3.03
41.02,29.47,202305,18.83,0.48,75.98,1.35
41.02,29.47,202306,23.93,0.57,50.76,1.56
41.02,29.47,202307,25.58,0.63,28.76,0.79
41.02,29.47,202308,21.98,0.61,33.24,0.51
41.02,29.47,202309,17.75,0.6,55.94,0.89
41.02,29.47,202310,11.5,0.52,63.42,1.83
41.02,29.47,202311,6.57,0.42,78.12,6.97
41.02,29.47,202312,4.93,0.38,71.96,2.45
41.02,29.5,202301,5.47,0.38,77.44,0.72
41.02,29.5,202302,8.67,0.44,75.84,2.53
41.02,29.5,202303,10.41,0.38,81.4,2.88
41.02,29.5,202304,15.39,0.45,77.59,3.03
41.02,29.5,202305,18.83,0.48,75.98,1.35
41.02,29.5,202306,23.93,0.57,50.76,1.56
41.02,29.5,202307,25.58,0.63,28.76,0.79
41.02,29.5,202308,21.98,0.61,33.24,0.51
41.02,29.5,202309,17.75,0.6,55.94,0.89
41.02,29.5,202310,11.5,0.52,63.42,1.83
41.02,29.5,202311,6.57,0.42,78.12,6.97
41.02,29.5,202312,4.93,0.38,71.96,2.45
41.02,29.62,202301,5.47,0.38,77.44,0.72
41.02,29.62,202302,8.67,0.44,75.84,2.53
41.02,29.62,202303,10.41,0.38,81.4,2.88
41.02,29.62,202304,15.39,0.45,77.59,3.03
41.02,29.62,202305,18.83,0.48,75.98,1.35
41.02,29.62,202306,23.93,0.57,50.76,1.56
41.02,29.62,202307,25.58,0.63,28.76,0.79
41.02,29.62,202308,21.98,0.61,33.24,0.51
41.02,29.62,202309,17.75,0.6,55.94,0.89
41.02,29.62,202310,11.5,0.52,63.42,1.83
41.02,29.62,202311,6.57,0.42,78.12,6.97
41.02,29.62,202312,4.93,0.38,71.96,2.45
41.02,29.65,202301,5.47,0.38,77.44,0.72
41.02,29.65,202302,8.67,0.44,75.84,2.53
41.02,29.65,202303,10.41,0.38,81.4,2.88
41.02,29.65,202304,15.39,0.45,77.59,3.03
41.02,29.65,202305,18.83,0.48,75.98,1.35
41.02,29.65,202306,23.93,0.57,50.76,1.56
41.02,29.65,202307,25.58,0.63,28.76,0.79
41.02,29.65,202308,21.98,0.61,33.24,0.51
41.02,29.65,202309,17.75,0.6,55.94,0.89
41.02,29.65,202310,11.5,0.52,63.42,1.83
41.02,29.65,202311,6.57,0.42,78.12,6.97
41.02,29.65,202312,4.93,0.38,71.96,2.45
41.02,29.68,202301,5.47,0.38,77.44,0.72
41.02,29.68,202302,8.67,0.44,75.84,2.53
41.02,29.68,202303,10.41,0.38,81.4,2.88
41.02,29.68,202304,15.39,0.45,77.59,3.03
41.02,29.68,202305,18.83,0.48,75.98,1.35
41.02,29.68,202306,23.93,0.57,50.76,1.56
41.02,29.68,202307,25.58,0.63,28.76,0.79
41.02,29.68,202308,21.98,0.61,33.24,0.51
41.02,29.68,202309,17.75,0.6,55.94,0.89
41.02,29.68,202310,11.5,0.52,63.42,1.83
41.02,29.68,202311,6.57,0.42,78.12,6.97
41.02,29.68,202312,4.93,0.38,71.96,2.45
41.02,29.83,202301,5.47,0.38,77.44,0.81
41.02,29.83,202302,8.67,0.44,75.84,3.12
41.02,29.83,202303,10.41,0.38,81.4,3.56
41.02,29.83,202304,15.39,0.45,77.59,3.15
41.02,29.83,202305,18.83,0.48,75.98,1.85
41.02,29.83,202306,23.93,0.57,50.76,3.94
41.02,29.83,202307,25.58,0.63,28.76,2.15
41.02,29.83,202308,21.98,0.61,33.24,0.82
41.02,29.83,202309,17.75,0.6,55.94,0.95
41.02,29.83,202310,11.5,0.52,63.42,2.61
41.02,29.83,202311,6.57,0.42,78.12,6.92
41.02,29.83,202312,4.93,0.38,71.96,2.87
41.04,28.03,202301,5.51,0.38,69.94,0.87
41.04,28.03,202302,8.89,0.45,66.0,1.39
41.04,28.03,202303,11.1,0.41,71.25,2.38
41.04,28.03,202304,15.63,0.45,72.39,3.11
41.04,28.03,202305,18.84,0.48,71.78,1.18
41.04,28.03,202306,24.01,0.58,45.28,0.92
41.04,28.03,202307,26.15,0.65,23.83,0.27
41.04,28.03,202308,21.47,0.59,31.41,0.21
41.04,28.03,202309,16.72,0.56,46.02,0.96
41.04,28.03,202310,11.52,0.52,49.57,0.71
41.04,28.03,202311,6.49,0.41,68.19,6.61
41.04,28.03,202312,4.82,0.38,64.93,2.62
41.04,28.42,202301,5.51,0.38,69.94,0.87
41.04,28.42,202302,8.89,0.45,66.0,1.39
41.04,28.42,202303,11.1,0.41,71.25,2.38
41.04,28.42,202304,15.63,0.45,72.39,3.11
41.04,28.42,202305,18.84,0.48,71.78,1.18
41.04,28.42,202306,24.01,0.58,45.28,0.92
41.04,28.42,202307,26.15,0.65,23.83,0.27
41.04,28.42,202308,21.47,0.59,31.41,0.21
41.04,28.42,202309,16.72,0.56,46.02,0.96
41.04,28.42,202310,11.52,0.52,49.57,0.71
41.04,28.42,202311,6.49,0.41,68.19,6.61
41.04,28.42,202312,4.82,0.38,64.93,2.62
41.04,28.45,202301,5.51,0.38,69.94,0.72
41.04,28.45,202302,8.89,0.45,66.0,1.83
41.04,28.45,202303,11.1,0.41,71.25,2.49
41.04,28.45,202304,15.63,0.45,72.39,3.07
41.04,28.45,202305,18.84,0.48,71.78,1.24
41.04,28.45,202306,24.01,0.58,45.28,0.86
41.04,28.45,202307,26.15,0.65,23.83,0.33
41.04,28.45,202308,21.47,0.59,31.41,0.3
41.04,28.45,202309,16.72,0.56,46.02,0.71
41.04,28.45,202310,11.52,0.52,49.57,1.15
41.04,28.45,202311,6.49,0.41,68.19,6.37
41.04,28.45,202312,4.82,0.38,64.93,2.3
41.04,28.48,202301,5.51,0.38,69.94,0.72
41.04,28.48,202302,8.89,0.45,66.0,1.83
41.04,28.48,202303,11.1,0.41,71.25,2.49
41.04,28.48,202304,15.63,0.45,72.39,3.07
41.04,28.48,202305,18.84,0.48,71.78,1.24
41.04,28.48,202306,24.01,0.58,45.28,0.86
41.04,28.48,202307,26.15,0.65,23.83,0.33
41.04,28.48,202308,21.47,0.59,31.41,0.3
41.04,28.48,202309,16.72,0.56,46.02,0.71
41.04,28.48,202310,11.52,0.52,49.57,1.15
41.04,28.48,202311,6.49,0.41,68.19,6.37
41.04,28.48,202312,4.82,0.38,64.93,2.3
41.04,28.51,202301,5.51,0.38,69.94,0.72
41.04,28.51,202302,8.89,0.45,66.0,1.83
41.04,28.51,202303,11.1,0.41,71.25,2.49
41.04,28.51,202304,15.63,0.45,72.39,3.07
41.04,28.51,202305,18.84,0.48,71.78,1.24
41.04,28.51,202306,24.01,0.58,45.28,0.86
41.04,28.51,202307,26.15,0.65,23.83,0.33
41.04,28.51,202308,21.47,0.59,31.41,0.3
41.04,28.51,202309,16.72,0.56,46.02,0.71
41.04,28.51,202310,11.52,0.52,49.57,1.15
41.04,28.51,202311,6.49,0.41,68.19,6.37
41.04,28.51,202312,4.82,0.38,64.93,2.3
41.04,28.54,202301,5.51,0.38,69.94,0.72
41.04,28.54,202302,8.89,0.45,66.0,1.83
41.04,28.54,202303,11.1,0.41,71.25,2.49
41.04,28.54,202304,15.63,0.45,72.39,3.07
41.04,28.54,202305,18.84,0.48,71.78,1.24
41.04,28.54,202306,24.01,0.58,45.28,0.86
41.04,28.54,202307,26.15,0.65,23.83,0.33
41.04,28.54,202308,21.47,0.59,31.41,0.3
41.04,28.54,202309,16.72,0.56,46.02,0.71
41.04,28.54,202310,11.52,0.52,49.57,1.15
41.04,28.54,202311,6.49,0.41,68.19,6.37
41.04,28.54,202312,4.82,0.38,64.93,2.3
41.04,28.6,202301,5.51,0.38,69.94,0.72
41.04,28.6,202302,8.89,0.45,66.0,1.83
41.04,28.6,202303,11.1,0.41,71.25,2.49
41.04,28.6,202304,15.63,0.45,72.39,3.07
41.04,28.6,202305,18.84,0.48,71.78,1.24
41.04,28.6,202306,24.01,0.58,45.28,0.86
41.04,28.6,202307,26.15,0.65,23.83,0.33
41.04,28.6,202308,21.47,0.59,31.41,0.3
41.04,28.6,202309,16.72,0.56,46.02,0.71
41.04,28.6,202310,11.52,0.52,49.57,1.15
41.04,28.6,202311,6.49,0.41,68.19,6.37
41.04,28.6,202312,4.82,0.38,64.93,2.3
41.04,28.63,202301,5.51,0.38,69.94,0.72
41.04,28.63,202302,8.89,0.45,66.0,1.83
41.04,28.63,202303,11.1,0.41,71.25,2.49
41.04,28.63,202304,15.63,0.45,72.39,3.07
41.04,28.63,202305,18.84,0.48,71.78,1.24
41.04,28.63,202306,24.01,0.58,45.28,0.86
41.04,28.63,202307,26.15,0.65,23.83,0.33
41.04,28.63,202308,21.47,0.59,31.41,0.3
41.04,28.63,202309,16.72,0.56,46.02,0.71
41.04,28.63,202310,11.52,0.52,49.57,1.15
41.04,28.63,202311,6.49,0.41,68.19,6.37
41.04,28.63,202312,4.82,0.38,64.93,2.3
41.04,28.66,202301,5.51,0.38,69.94,0.72
41.04,28.66,202302,8.89,0.45,66.0,1.83
41.04,28.66,202303,11.1,0.41,71.25,2.49
41.04,28.66,202304,15.63,0.45,72.39,3.07
41.04,28.66,202305,18.84,0.48,71.78,1.24
41.04,28.66,202306,24.01,0.58,45.28,0.86
41.04,28.66,202307,26.15,0.65,23.83,0.33
41.04,28.66,202308,21.47,0.59,31.41,0.3
41.04,28.66,202309,16.72,0.56,46.02,0.71
41.04,28.66,202310,11.52,0.52,49.57,1.15
41.04,28.66,202311,6.49,0.41,68.19,6.37
41.04,28.66,202312,4.82,0.38,64.93,2.3
41.04,28.69,202301,5.51,0.38,69.94,0.72
41.04,28.69,202302,8.89,0.45,66.0,1.83
41.04,28.69,202303,11.1,0.41,71.25,2.49
41.04,28.69,202304,15.63,0.45,72.39,3.07
41.04,28.69,202305,18.84,0.48,71.78,1.24
41.04,28.69,202306,24.01,0.58,45.28,0.86
41.04,28.69,202307,26.15,0.65,23.83,0.33
41.04,28.69,202308,21.47,0.59,31.41,0.3
41.04,28.69,202309,16.72,0.56,46.02,0.71
41.04,28.69,202310,11.52,0.52,49.57,1.15
41.04,28.69,202311,6.49,0.41,68.19,6.37
41.04,28.69,202312,4.82,0.38,64.93,2.3
41.04,28.72,202301,5.51,0.38,69.94,0.72
41.04,28.72,202302,8.89,0.45,66.0,1.83
41.04,28.72,202303,11.1,0.41,71.25,2.49
41.04,28.72,202304,15.63,0.45,72.39,3.07
41.04,28.72,202305,18.84,0.48,71.78,1.24
41.04,28.72,202306,24.01,0.58,45.28,0.86
41.04,28.72,202307,26.15,0.65,23.83,0.33
41.04,28.72,202308,21.47,0.59,31.41,0.3
41.04,28.72,202309,16.72,0.56,46.02,0.71
41.04,28.72,202310,11.52,0.52,49.57,1.15
41.04,28.72,202311,6.49,0.41,68.19,6.37
41.04,28.72,202312,4.82,0.38,64.93,2.3
41.04,28.75,202301,5.51,0.38,69.94,0.72
41.04,28.75,202302,8.89,0.45,66.0,1.83
41.04,28.75,202303,11.1,0.41,71.25,2.49
41.04,28.75,202304,15.63,0.45,72.39,3.07
41.04,28.75,202305,18.84,0.48,71.78,1.24
41.04,28.75,202306,24.01,0.58,45.28,0.86
41.04,28.75,202307,26.15,0.65,23.83,0.33
41.04,28.75,202308,21.47,0.59,31.41,0.3
41.04,28.75,202309,16.72,0.56,46.02,0.71
41.04,28.75,202310,11.52,0.52,49.57,1.15
41.04,28.75,202311,6.49,0.41,68.19,6.37
41.04,28.75,202312,4.82,0.38,64.93,2.3
41.04,28.78,202301,5.51,0.38,69.94,0.72
41.04,28.78,202302,8.89,0.45,66.0,1.83
41.04,28.78,202303,11.1,0.41,71.25,2.49
41.04,28.78,202304,15.63,0.45,72.39,3.07
41.04,28.78,202305,18.84,0.48,71.78,1.24
41.04,28.78,202306,24.01,0.58,45.28,0.86
41.04,28.78,202307,26.15,0.65,23.83,0.33
41.04,28.78,202308,21.47,0.59,31.41,0.3
41.04,28.78,202309,16.72,0.56,46.02,0.71
41.04,28.78,202310,11.52,0.52,49.57,1.15
41.04,28.78,202311,6.49,0.41,68.19,6.37
41.04,28.78,202312,4.82,0.38,64.93,2.3
41.04,28.81,202301,5.51,0.38,69.94,0.72
41.04,28.81,202302,8.89,0.45,66.0,1.83
41.04,28.81,202303,11.1,0.41,71.25,2.49
41.04,28.81,202304,15.63,0.45,72.39,3.07
41.04,28.81,202305,18.84,0.48,71.78,1.24
41.04,28.81,202306,24.01,0.58,45.28,0.86
41.04,28.81,202307,26.15,0.65,23.83,0.33
41.04,28.81,202308,21.47,0.59,31.41,0.3
41.04,28.81,202309,16.72,0.56,46.02,0.71
41.04,28.81,202310,11.52,0.52,49.57,1.15
41.04,28.81,202311,6.49,0.41,68.19,6.37
41.04,28.81,202312,4.82,0.38,64.93,2.3
41.04,28.84,202301,5.51,0.38,69.94,0.72
41.04,28.84,202302,8.89,0.45,66.0,1.83
41.04,28.84,202303,11.1,0.41,71.25,2.49
41.04,28.84,202304,15.63,0.45,72.39,3.07
41.04,28.84,202305,18.84,0.48,71.78,1.24
41.04,28.84,202306,24.01,0.58,45.28,0.86
41.04,28.84,202307,26.15,0.65,23.83,0.33
41.04,28.84,202308,21.47,0.59,31.41,0.3
41.04,28.84,202309,16.72,0.56,46.02,0.71
41.04,28.84,202310,11.52,0.52,49.57,1.15
41.04,28.84,202311,6.49,0.41,68.19,6.37
41.04,28.84,202312,4.82,0.38,64.93,2.3
41.04,28.87,202301,5.51,0.38,69.94,0.72
41.04,28.87,202302,8.89,0.45,66.0,1.83
41.04,28.87,202303,11.1,0.41,71.25,2.49
41.04,28.87,202304,15.63,0.45,72.39,3.07
41.04,28.87,202305,18.84,0.48,71.78,1.24
41.04,28.87,202306,24.01,0.58,45.28,0.86
41.04,28.87,202307,26.15,0.65,23.83,0.33
41.04,28.87,202308,21.47,0.59,31.41,0.3
41.04,28.87,202309,16.72,0.56,46.02,0.71
41.04,28.87,202310,11.52,0.52,49.57,1.15
41.04,28.87,202311,6.49,0.41,68.19,6.37
41.04,28.87,202312,4.82,0.38,64.93,2.3
41.04,28.9,202301,5.51,0.38,69.94,0.72
41.04,28.9,202302,8.89,0.45,66.0,1.83
41.04,28.9,202303,11.1,0.41,71.25,2.49
41.04,28.9,202304,15.63,0.45,72.39,3.07
41.04,28.9,202305,18.84,0.48,71.78,1.24
41.04,28.9,202306,24.01,0.58,45.28,0.86
41.04,28.9,202307,26.15,0.65,23.83,0.33
41.04,28.9,202308,21.47,0.59,31.41,0.3
41.04,28.9,202309,16.72,0.56,46.02,0.71
41.04,28.9,202310,11.52,0.52,49.57,1.15
41.04,28.9,202311,6.49,0.41,68.19,6.37
41.04,28.9,202312,4.82,0.38,64.93,2.3
41.04,28.93,202301,5.51,0.38,69.94,0.72
41.04,28.93,202302,8.89,0.45,66.0,1.83
41.04,28.93,202303,11.1,0.41,71.25,2.49
41.04,28.93,202304,15.63,0.45,72.39,3.07
41.04,28.93,202305,18.84,0.48,71.78,1.24
41.04,28.93,202306,24.01,0.58,45.28,0.86
41.04,28.93,202307,26.15,0.65,23.83,0.33
41.04,28.93,202308,21.47,0.59,31.41,0.3
41.04,28.93,202309,16.72,0.56,46.02,0.71
41.04,28.93,202310,11.52,0.52,49.57,1.15
41.04,28.93,202311,6.49,0.41,68.19,6.37
41.04,28.93,202312,4.82,0.38,64.93,2.3
41.04,28.96,202301,5.51,0.38,69.94,0.72
41.04,28.96,202302,8.89,0.45,66.0,1.83
41.04,28.96,202303,11.1,0.41,71.25,2.49
41.04,28.96,202304,15.63,0.45,72.39,3.07
41.04,28.96,202305,18.84,0.48,71.78,1.24
41.04,28.96,202306,24.01,0.58,45.28,0.86
41.04,28.96,202307,26.15,0.65,23.83,0.33
41.04,28.96,202308,21.47,0.59,31.41,0.3
41.04,28.96,202309,16.72,0.56,46.02,0.71
41.04,28.96,202310,11.52,0.52,49.57,1.15
41.04,28.96,202311,6.49,0.41,68.19,6.37
41.04,28.96,202312,4.82,0.38,64.93,2.3
41.04,28.99,202301,5.51,0.38,69.94,0.72
41.04,28.99,202302,8.89,0.45,66.0,1.83
41.04,28.99,202303,11.1,0.41,71.25,2.49
41.04,28.99,202304,15.63,0.45,72.39,3.07
41.04,28.99,202305,18.84,0.48,71.78,1.24
41.04,28.99,202306,24.01,0.58,45.28,0.86
41.04,28.99,202307,26.15,0.65,23.83,0.33
41.04,28.99,202308,21.47,0.59,31.41,0.3
41.04,28.99,202309,16.72,0.56,46.02,0.71
41.04,28.99,202310,11.52,0.52,49.57,1.15
41.04,28.99,202311,6.49,0.41,68.19,6.37
41.04,28.99,202312,4.82,0.38,64.93,2.3
41.04,29.05,202301,5.47,0.38,77.44,0.72
41.04,29.05,202302,8.67,0.44,75.84,1.83
41.04,29.05,202303,10.41,0.38,81.4,2.49
41.04,29.05,202304,15.39,0.45,77.59,3.07
41.04,29.05,202305,18.83,0.48,75.98,1.24
41.04,29.05,202306,23.93,0.57,50.76,0.86
41.04,29.05,202307,25.58,0.63,28.76,0.33
41.04,29.05,202308,21.98,0.61,33.24,0.3
41.04,29.05,202309,17.75,0.6,55.94,0.71
41.04,29.05,202310,11.5,0.52,63.42,1.15
41.04,29.05,202311,6.57,0.42,78.12,6.37
41.04,29.05,202312,4.93,0.38,71.96,2.3
41.04,29.08,202301,5.47,0.38,77.44,0.72
41.04,29.08,202302,8.67,0.44,75.84,2.53
41.04,29.08,202303,10.41,0.38,81.4,2.88
41.04,29.08,202304,15.39,0.45,77.59,3.03
41.04,29.08,202305,18.83,0.48,75.98,1.35
41.04,29.08,202306,23.93,0.57,50.76,1.56
41.04,29.08,202307,25.58,0.63,28.76,0.79
41.04,29.08,202308,21.98,0.61,33.24,0.51
41.04,29.08,202309,17.75,0.6,55.94,0.89
41.04,29.08,202310,11.5,0.52,63.42,1.83
41.04,29.08,202311,6.57,0.42,78.12,6.97
41.04,29.08,202312,4.93,0.38,71.96,2.45
41.04,29.11,202301,5.47,0.38,77.44,0.72
41.04,29.11,202302,8.67,0.44,75.84,2.53
41.04,29.11,202303,10.41,0.38,81.4,2.88
41.04,29.11,202304,15.39,0.45,77.59,3.03
41.04,29.11,202305,18.83,0.48,75.98,1.35
41.04,29.11,202306,23.93,0.57,50.76,1.56
41.04,29.11,202307,25.58,0.63,28.76,0.79
41.04,29.11,202308,21.98,0.61,33.24,0.51
41.04,29.11,202309,17.75,0.6,55.94,0.89
41.04,29.11,202310,11.5,0.52,63.42,1.83
41.04,29.11,202311,6.57,0.42,78.12,6.97
41.04,29.11,202312,4.93,0.38,71.96,2.45
41.04,29.14,202301,5.47,0.38,77.44,0.72
41.04,29.14,202302,8.67,0.44,75.84,2.53
41.04,29.14,202303,10.41,0.38,81.4,2.88
41.04,29.14,202304,15.39,0.45,77.59,3.03
41.04,29.14,202305,18.83,0.48,75.98,1.35
41.04,29.14,202306,23.93,0.57,50.76,1.56
41.04,29.14,202307,25.58,0.63,28.76,0.79
41.04,29.14,202308,21.98,0.61,33.24,0.51
41.04,29.14,202309,17.75,0.6,55.94,0.89
41.04,29.14,202310,11.5,0.52,63.42,1.83
41.04,29.14,202311,6.57,0.42,78.12,6.97
41.04,29.14,202312,4.93,0.38,71.96,2.45
41.04,29.17,202301,5.47,0.38,77.44,0.72
41.04,29.17,202302,8.67,0.44,75.84,2.53
41.04,29.17,202303,10.41,0.38,81.4,2.88
41.04,29.17,202304,15.39,0.45,77.59,3.03
41.04,29.17,202305,18.83,0.48,75.98,1.35
41.04,29.17,202306,23.93,0.57,50.76,1.56
41.04,29.17,202307,25.58,0.63,28.76,0.79
41.04,29.17,202308,21.98,0.61,33.24,0.51
41.04,29.17,202309,17.75,0.6,55.94,0.89
41.04,29.17,202310,11.5,0.52,63.42,1.83
41.04,29.17,202311,6.57,0.42,78.12,6.97
41.04,29.17,202312,4.93,0.38,71.96,2.45
41.04,29.2,202301,5.47,0.38,77.44,0.72
41.04,29.2,202302,8.67,0.44,75.84,2.53
41.04,29.2,202303,10.41,0.38,81.4,2.88
41.04,29.2,202304,15.39,0.45,77.59,3.03
41.04,29.2,202305,18.83,0.48,75.98,1.35
41.04,29.2,202306,23.93,0.57,50.76,1.56
41.04,29.2,202307,25.58,0.63,28.76,0.79
41.04,29.2,202308,21.98,0.61,33.24,0.51
41.04,29.2,202309,17.75,0.6,55.94,0.89
41.04,29.2,202310,11.5,0.52,63.42,1.83
41.04,29.2,202311,6.57,0.42,78.12,6.97
41.04,29.2,202312,4.93,0.38,71.96,2.45
41.04,29.23,202301,5.47,0.38,77.44,0.72
41.04,29.23,202302,8.67,0.44,75.84,2.53
41.04,29.23,202303,10.41,0.38,81.4,2.88
41.04,29.23,202304,15.39,0.45,77.59,3.03
41.04,29.23,202305,18.83,0.48,75.98,1.35
41.04,29.23,202306,23.93,0.57,50.76,1.56
41.04,29.23,202307,25.58,0.63,28.76,0.79
41.04,29.23,202308,21.98,0.61,33.24,0.51
41.04,29.23,202309,17.75,0.6,55.94,0.89
41.04,29.23,202310,11.5,0.52,63.42,1.83
41.04,29.23,202311,6.57,0.42,78.12,6.97
41.04,29.23,202312,4.93,0.38,71.96,2.45
41.04,29.26,202301,5.47,0.38,77.44,0.72
41.04,29.26,202302,8.67,0.44,75.84,2.53
41.04,29.26,202303,10.41,0.38,81.4,2.88
41.04,29.26,202304,15.39,0.45,77.59,3.03
41.04,29.26,202305,18.83,0.48,75.98,1.35
41.04,29.26,202306,23.93,0.57,50.76,1.56
41.04,29.26,202307,25.58,0.63,28.76,0.79
41.04,29.26,202308,21.98,0.61,33.24,0.51
41.04,29.26,202309,17.75,0.6,55.94,0.89
41.04,29.26,202310,11.5,0.52,63.42,1.83
41.04,29.26,202311,6.57,0.42,78.12,6.97
41.04,29.26,202312,4.93,0.38,71.96,2.45
41.04,29.29,202301,5.47,0.38,77.44,0.72
41.04,29.29,202302,8.67,0.44,75.84,2.53
41.04,29.29,202303,10.41,0.38,81.4,2.88
41.04,29.29,202304,15.39,0.45,77.59,3.03
41.04,29.29,202305,18.83,0.48,75.98,1.35
41.04,29.29,202306,23.93,0.57,50.76,1.56
41.04,29.29,202307,25.58,0.63,28.76,0.79
41.04,29.29,202308,21.98,0.61,33.24,0.51
41.04,29.29,202309,17.75,0.6,55.94,0.89
41.04,29.29,202310,11.5,0.52,63.42,1.83
41.04,29.29,202311,6.57,0.42,78.12,6.97
41.04,29.29,202312,4.93,0.38,71.96,2.45
41.04,29.32,202301,5.47,0.38,77.44,0.72
41.04,29.32,202302,8.67,0.44,75.84,2.53
41.04,29.32,202303,10.41,0.38,81.4,2.88
41.04,29.32,202304,15.39,0.45,77.59,3.03
41.04,29.32,202305,18.83,0.48,75.98,1.35
41.04,29.32,202306,23.93,0.57,50.76,1.56
41.04,29.32,202307,25.58,0.63,28.76,0.79
41.04,29.32,202308,21.98,0.61,33.24,0.51
41.04,29.32,202309,17.75,0.6,55.94,0.89
41.04,29.32,202310,11.5,0.52,63.42,1.83
41.04,29.32,202311,6.57,0.42,78.12,6.97
41.04,29.32,202312,4.93,0.38,71.96,2.45
41.04,29.35,202301,5.47,0.38,77.44,0.72
41.04,29.35,202302,8.67,0.44,75.84,2.53
41.04,29.35,202303,10.41,0.38,81.4,2.88
41.04,29.35,202304,15.39,0.45,77.59,3.03
41.04,29.35,202305,18.83,0.48,75.98,1.35
41.04,29.35,202306,23.93,0.57,50.76,1.56
41.04,29.35,202307,25.58,0.63,28.76,0.79
41.04,29.35,202308,21.98,0.61,33.24,0.51
41.04,29.35,202309,17.75,0.6,55.94,0.89
41.04,29.35,202310,11.5,0.52,63.42,1.83
41.04,29.35,202311,6.57,0.42,78.12,6.97
41.04,29.35,202312,4.93,0.38,71.96,2.45
41.04,29.38,202301,5.47,0.38,77.44,0.72
41.04,29.38,202302,8.67,0.44,75.84,2.53
41.04,29.38,202303,10.41,0.38,81.4,2.88
41.04,29.38,202304,15.39,0.45,77.59,3.03
41.04,29.38,202305,18.83,0.48,75.98,1.35
41.04,29.38,202306,23.93,0.57,50.76,1.56
41.04,29.38,202307,25.58,0.63,28.76,0.79
41.04,29.38,202308,21.98,0.61,33.24,0.51
41.04,29.38,202309,17.75,0.6,55.94,0.89
41.04,29.38,202310,11.5,0.52,63.42,1.83
41.04,29.38,202311,6.57,0.42,78.12,6.97
41.04,29.38,202312,4.93,0.38,71.96,2.45
41.04,29.41,202301,5.47,0.38,77.44,0.72
41.04,29.41,202302,8.67,0.44,75.84,2.53
41.04,29.41,202303,10.41,0.38,81.4,2.88
41.04,29.41,202304,15.39,0.45,77.59,3.03
41.04,29.41,202305,18.83,0.48,75.98,1.35
41.04,29.41,202306,23.93,0.57,50.76,1.56
41.04,29.41,202307,25.58,0.63,28.76,0.79
41.04,29.41,202308,21.98,0.61,33.24,0.51
41.04,29.41,202309,17.75,0.6,55.94,0.89
41.04,29.41,202310,11.5,0.52,63.42,1.83
41.04,29.41,202311,6.57,0.42,78.12,6.97
41.04,29.41,202312,4.93,0.38,71.96,2.45
41.04,29.44,202301,5.47,0.38,77.44,0.72
41.04,29.44,202302,8.67,0.44,75.84,2.53
41.04,29.44,202303,10.41,0.38,81.4,2.88
41.04,29.44,202304,15.39,0.45,77.59,3.03
41.04,29.44,202305,18.83,0.48,75.98,1.35
41.04,29.44,202306,23.93,0.57,50.76,1.56
41.04,29.44,202307,25.58,0.63,28.76,0.79
41.04,29.44,202308,21.98,0.61,33.24,0.51
41.04,29.44,202309,17.75,0.6,55.94,0.89
41.04,29.44,202310,11.5,0.52,63.42,1.83
41.04,29.44,202311,6.57,0.42,78.12,6.97
41.04,29.44,202312,4.93,0.38,71.96,2.45
41.04,29.47,202301,5.47,0.38,77.44,0.72
41.04,29.47,202302,8.67,0.44,75.84,2.53
41.04,29.47,202303,10.41,0.38,81.4,2.88
41.04,29.47,202304,15.39,0.45,77.59,3.03
41.04,29.47,202305,18.83,0.48,75.98,1.35
41.04,29.47,202306,23.93,0.57,50.76,1.56
41.04,29.47,202307,25.58,0.63,28.76,0.79
41.04,29.47,202308,21.98,0.61,33.24,0.51
41.04,29.47,202309,17.75,0.6,55.94,0.89
41.04,29.47,202310,11.5,0.52,63.42,1.83
41.04,29.47,202311,6.57,0.42,78.12,6.97
41.04,29.47,202312,4.93,0.38,71.96,2.45
41.04,29.5,202301,5.47,0.38,77.44,0.72
41.04,29.5,202302,8.67,0.44,75.84,2.53
41.04,29.5,202303,10.41,0.38,81.4,2.88
41.04,29.5,202304,15.39,0.45,77.59,3.03
41.04,29.5,202305,18.83,0.48,75.98,1.35
41.04,29.5,202306,23.93,0.57,50.76,1.56
41.04,29.5,202307,25.58,0.63,28.76,0.79
41.04,29.5,202308,21.98,0.61,33.24,0.51
41.04,29.5,202309,17.75,0.6,55.94,0.89
41.04,29.5,202310,11.5,0.52,63.42,1.83
41.04,29.5,202311,6.57,0.42,78.12,6.97
41.04,29.5,202312,4.93,0.38,71.96,2.45
41.04,29.53,202301,5.47,0.38,77.44,0.72
41.04,29.53,202302,8.67,0.44,75.84,2.53
41.04,29.53,202303,10.41,0.38,81.4,2.88
41.04,29.53,202304,15.39,0.45,77.59,3.03
41.04,29.53,202305,18.83,0.48,75.98,1.35
41.04,29.53,202306,23.93,0.57,50.76,1.56
41.04,29.53,202307,25.58,0.63,28.76,0.79
41.04,29.53,202308,21.98,0.61,33.24,0.51
41.04,29.53,202309,17.75,0.6,55.94,0.89
41.04,29.53,202310,11.5,0.52,63.42,1.83
41.04,29.53,202311,6.57,0.42,78.12,6.97
41.04,29.53,202312,4.93,0.38,71.96,2.45
41.04,29.56,202301,5.47,0.38,77.44,0.72
41.04,29.56,202302,8.67,0.44,75.84,2.53
41.04,29.56,202303,10.41,0.38,81.4,2.88
41.04,29.56,202304,15.39,0.45,77.59,3.03
41.04,29.56,202305,18.83,0.48,75.98,1.35
41.04,29.56,202306,23.93,0.57,50.76,1.56
41.04,29.56,202307,25.58,0.63,28.76,0.79
41.04,29.56,202308,21.98,0.61,33.24,0.51
41.04,29.56,202309,17.75,0.6,55.94,0.89
41.04,29.56,202310,11.5,0.52,63.42,1.83
41.04,29.56,202311,6.57,0.42,78.12,6.97
41.04,29.56,202312,4.93,0.38,71.96,2.45
41.04,29.59,202301,5.47,0.38,77.44,0.72
41.04,29.59,202302,8.67,0.44,75.84,2.53
41.04,29.59,202303,10.41,0.38,81.4,2.88
41.04,29.59,202304,15.39,0.45,77.59,3.03
41.04,29.59,202305,18.83,0.48,75.98,1.35
41.04,29.59,202306,23.93,0.57,50.76,1.56
41.04,29.59,202307,25.58,0.63,28.76,0.79
41.04,29.59,202308,21.98,0.61,33.24,0.51
41.04,29.59,202309,17.75,0.6,55.94,0.89
41.04,29.59,202310,11.5,0.52,63.42,1.83
41.04,29.59,202311,6.57,0.42,78.12,6.97
41.04,29.59,202312,4.93,0.38,71.96,2.45
41.04,29.62,202301,5.47,0.38,77.44,0.72
41.04,29.62,202302,8.67,0.44,75.84,2.53
41.04,29.62,202303,10.41,0.38,81.4,2.88
41.04,29.62,202304,15.39,0.45,77.59,3.03
41.04,29.62,202305,18.83,0.48,75.98,1.35
41.04,29.62,202306,23.93,0.57,50.76,1.56
41.04,29.62,202307,25.58,0.63,28.76,0.79
41.04,29.62,202308,21.98,0.61,33.24,0.51
41.04,29.62,202309,17.75,0.6,55.94,0.89
41.04,29.62,202310,11.5,0.52,63.42,1.83
41.04,29.62,202311,6.57,0.42,78.12,6.97
41.04,29.62,202312,4.93,0.38,71.96,2.45
41.04,29.65,202301,5.47,0.38,77.44,0.72
41.04,29.65,202302,8.67,0.44,75.84,2.53
41.04,29.65,202303,10.41,0.38,81.4,2.88
41.04,29.65,202304,15.39,0.45,77.59,3.03
41.04,29.65,202305,18.83,0.48,75.98,1.35
41.04,29.65,202306,23.93,0.57,50.76,1.56
41.04,29.65,202307,25.58,0.63,28.76,0.79
41.04,29.65,202308,21.98,0.61,33.24,0.51
41.04,29.65,202309,17.75,0.6,55.94,0.89
41.04,29.65,202310,11.5,0.52,63.42,1.83
41.04,29.65,202311,6.57,0.42,78.12,6.97
41.04,29.65,202312,4.93,0.38,71.96,2.45
41.04,29.68,202301,5.47,0.38,77.44,0.72
41.04,29.68,202302,8.67,0.44,75.84,2.53
41.04,29.68,202303,10.41,0.38,81.4,2.88
41.04,29.68,202304,15.39,0.45,77.59,3.03
41.04,29.68,202305,18.83,0.48,75.98,1.35
41.04,29.68,202306,23.93,0.57,50.76,1.56
41.04,29.68,202307,25.58,0.63,28.76,0.79
41.04,29.68,202308,21.98,0.61,33.24,0.51
41.04,29.68,202309,17.75,0.6,55.94,0.89
41.04,29.68,202310,11.5,0.52,63.42,1.83
41.04,29.68,202311,6.57,0.42,78.12,6.97
41.04,29.68,202312,4.93,0.38,71.96,2.45
41.04,29.71,202301,5.47,0.38,77.44,0.81
41.04,29.71,202302,8.67,0.44,75.84,3.12
41.04,29.71,202303,10.41,0.38,81.4,3.56
41.04,29.71,202304,15.39,0.45,77.59,3.15
41.04,29.71,202305,18.83,0.48,75.98,1.85
41.04,29.71,202306,23.93,0.57,50.76,3.94
41.04,29.71,202307,25.58,0.63,28.76,2.15
41.04,29.71,202308,21.98,0.61,33.24,0.82
41.04,29.71,202309,17.75,0.6,55.94,0.95
41.04,29.71,202310,11.5,0.52,63.42,2.61
41.04,29.71,202311,6.57,0.42,78.12,6.92
41.04,29.71,202312,4.93,0.38,71.96,2.87
41.04,29.74,202301,5.47,0.38,77.44,0.81
41.04,29.74,202302,8.67,0.44,75.84,3.12
41.04,29.74,202303,10.41,0.38,81.4,3.56
41.04,29.74,202304,15.39,0.45,77.59,3.15
41.04,29.74,202305,18.83,0.48,75.98,1.85
41.04,29.74,202306,23.93,0.57,50.76,3.94
41.04,29.74,202307,25.58,0.63,28.76,2.15
41.04,29.74,202308,21.98,0.61,33.24,0.82
41.04,29.74,202309,17.75,0.6,55.94,0.95
41.04,29.74,202310,11.5,0.52,63.42,2.61
41.04,29.74,202311,6.57,0.42,78.12,6.92
41.04,29.74,202312,4.93,0.38,71.96,2.87
41.04,29.77,202301,5.47,0.38,77.44,0.81
41.04,29.77,202302,8.67,0.44,75.84,3.12
41.04,29.77,202303,10.41,0.38,81.4,3.56
41.04,29.77,202304,15.39,0.45,77.59,3.15
41.04,29.77,202305,18.83,0.48,75.98,1.85
41.04,29.77,202306,23.93,0.57,50.76,3.94
41.04,29.77,202307,25.58,0.63,28.76,2.15
41.04,29.77,202308,21.98,0.61,33.24,0.82
41.04,29.77,202309,17.75,0.6,55.94,0.95
41.04,29.77,202310,11.5,0.52,63.42,2.61
41.04,29.77,202311,6.57,0.42,78.12,6.92
41.04,29.77,202312,4.93,0.38,71.96,2.87
41.04,29.8,202301,5.47,0.38,77.44,0.81
41.04,29.8,202302,8.67,0.44,75.84,3.12
41.04,29.8,202303,10.41,0.38,81.4,3.56
41.04,29.8,202304,15.39,0.45,77.59,3.15
41.04,29.8,202305,18.83,0.48,75.98,1.85
41.04,29.8,202306,23.93,0.57,50.76,3.94
41.04,29.8,202307,25.58,0.63,28.76,2.15
41.04,29.8,202308,21.98,0.61,33.24,0.82
41.04,29.8,202309,17.75,0.6,55.94,0.95
41.04,29.8,202310,11.5,0.52,63.42,2.61
41.04,29.8,202311,6.57,0.42,78.12,6.92
41.04,29.8,202312,4.93,0.38,71.96,2.87
41.04,29.83,202301,5.47,0.38,77.44,0.81
41.04,29.83,202302,8.67,0.44,75.84,3.12
41.04,29.83,202303,10.41,0.38,81.4,3.56
41.04,29.83,202304,15.39,0.45,77.59,3.15
41.04,29.83,202305,18.83,0.48,75.98,1.85
41.04,29.83,202306,23.93,0.57,50.76,3.94
41.04,29.83,202307,25.58,0.63,28.76,2.15
41.04,29.83,202308,21.98,0.61,33.24,0.82
41.04,29.83,202309,17.75,0.6,55.94,0.95
41.04,29.83,202310,11.5,0.52,63.42,2.61
41.04,29.83,202311,6.57,0.42,78.12,6.92
41.04,29.83,202312,4.93,0.38,71.96,2.87
41.04,29.86,202301,5.47,0.38,77.44,0.81
41.04,29.86,202302,8.67,0.44,75.84,3.12
41.04,29.86,202303,10.41,0.38,81.4,3.56
41.04,29.86,202304,15.39,0.45,77.59,3.15
41.04,29.86,202305,18.83,0.48,75.98,1.85
41.04,29.86,202306,23.93,0.57,50.76,3.94
41.04,29.86,202307,25.58,0.63,28.76,2.15
41.04,29.86,202308,21.98,0.61,33.24,0.82
41.04,29.86,202309,17.75,0.6,55.94,0.95
41.04,29.86,202310,11.5,0.52,63.42,2.61
41.04,29.86,202311,6.57,0.42,78.12,6.92
41.04,29.86,202312,4.93,0.38,71.96,2.87
41.06,28.0,202301,5.51,0.38,69.94,0.87
41.06,28.0,202302,8.89,0.45,66.0,1.39
41.06,28.0,202303,11.1,0.41,71.25,2.38
41.06,28.0,202304,15.63,0.45,72.39,3.11
41.06,28.0,202305,18.84,0.48,71.78,1.18
41.06,28.0,202306,24.01,0.58,45.28,0.92
41.06,28.0,202307,26.15,0.65,23.83,0.27
41.06,28.0,202308,21.47,0.59,31.41,0.21
41.06,28.0,202309,16.72,0.56,46.02,0.96
41.06,28.0,202310,11.52,0.52,49.57,0.71
41.06,28.0,202311,6.49,0.41,68.19,6.61
41.06,28.0,202312,4.82,0.38,64.93,2.62
41.06,28.03,202301,5.51,0.38,69.94,0.87
41.06,28.03,202302,8.89,0.45,66.0,1.39
41.06,28.03,202303,11.1,0.41,71.25,2.38
41.06,28.03,202304,15.63,0.45,72.39,3.11
41.06,28.03,202305,18.84,0.48,71.78,1.18
41.06,28.03,202306,24.01,0.58,45.28,0.92
41.06,28.03,202307,26.15,0.65,23.83,0.27
41.06,28.03,202308,21.47,0.59,31.41,0.21
41.06,28.03,202309,16.72,0.56,46.02,0.96
41.06,28.03,202310,11.52,0.52,49.57,0.71
41.06,28.03,202311,6.49,0.41,68.19,6.61
41.06,28.03,202312,4.82,0.38,64.93,2.62
41.06,28.06,202301,5.51,0.38,69.94,0.87
41.06,28.06,202302,8.89,0.45,66.0,1.39
41.06,28.06,202303,11.1,0.41,71.25,2.38
41.06,28.06,202304,15.63,0.45,72.39,3.11
41.06,28.06,202305,18.84,0.48,71.78,1.18
41.06,28.06,202306,24.01,0.58,45.28,0.92
41.06,28.06,202307,26.15,0.65,23.83,0.27
41.06,28.06,202308,21.47,0.59,31.41,0.21
41.06,28.06,202309,16.72,0.56,46.02,0.96
41.06,28.06,202310,11.52,0.52,49.57,0.71
41.06,28.06,202311,6.49,0.41,68.19,6.61
41.06,28.06,202312,4.82,0.38,64.93,2.62
41.06,28.09,202301,5.51,0.38,69.94,0.87
41.06,28.09,202302,8.89,0.45,66.0,1.39
41.06,28.09,202303,11.1,0.41,71.25,2.38
41.06,28.09,202304,15.63,0.45,72.39,3.11
41.06,28.09,202305,18.84,0.48,71.78,1.18
41.06,28.09,202306,24.01,0.58,45.28,0.92
41.06,28.09,202307,26.15,0.65,23.83,0.27
41.06,28.09,202308,21.47,0.59,31.41,0.21
41.06,28.09,202309,16.72,0.56,46.02,0.96
41.06,28.09,202310,11.52,0.52,49.57,0.71
41.06,28.09,202311,6.49,0.41,68.19,6.61
41.06,28.09,202312,4.82,0.38,64.93,2.62
41.06,28.12,202301,5.51,0.38,69.94,0.87
41.06,28.12,202302,8.89,0.45,66.0,1.39
41.06,28.12,202303,11.1,0.41,71.25,2.38
41.06,28.12,202304,15.63,0.45,72.39,3.11
41.06,28.12,202305,18.84,0.48,71.78,1.18
41.06,28.12,202306,24.01,0.58,45.28,0.92
41.06,28.12,202307,26.15,0.65,23.83,0.27
41.06,28.12,202308,21.47,0.59,31.41,0.21
41.06,28.12,202309,16.72,0.56,46.02,0.96
41.06,28.12,202310,11.52,0.52,49.57,0.71
41.06,28.12,202311,6.49,0.41,68.19,6.61
41.06,28.12,202312,4.82,0.38,64.93,2.62
41.06,28.3,202301,5.51,0.38,69.94,0.87
41.06,28.3,202302,8.89,0.45,66.0,1.39
41.06,28.3,202303,11.1,0.41,71.25,2.38
41.06,28.3,202304,15.63,0.45,72.39,3.11
41.06,28.3,202305,18.84,0.48,71.78,1.18
41.06,28.3,202306,24.01,0.58,45.28,0.92
41.06,28.3,202307,26.15,0.65,23.83,0.27
41.06,28.3,202308,21.47,0.59,31.41,0.21
41.06,28.3,202309,16.72,0.56,46.02,0.96
41.06,28.3,202310,11.52,0.52,49.57,0.71
41.06,28.3,202311,6.49,0.41,68.19,6.61
41.06,28.3,202312,4.82,0.38,64.93,2.62
41.06,28.33,202301,5.51,0.38,69.94,0.87
41.06,28.33,202302,8.89,0.45,66.0,1.39
41.06,28.33,202303,11.1,0.41,71.25,2.38
41.06,28.33,202304,15.63,0.45,72.39,3.11
41.06,28.33,202305,18.84,0.48,71.78,1.18
41.06,28.33,202306,24.01,0.58,45.28,0.92
41.06,28.33,202307,26.15,0.65,23.83,0.27
41.06,28.33,202308,21.47,0.59,31.41,0.21
41.06,28.33,202309,16.72,0.56,46.02,0.96
41.06,28.33,202310,11.52,0.52,49.57,0.71
41.06,28.33,202311,6.49,0.41,68.19,6.61
41.06,28.33,202312,4.82,0.38,64.93,2.62
41.06,28.36,202301,5.51,0.38,69.94,0.87
41.06,28.36,202302,8.89,0.45,66.0,1.39
41.06,28.36,202303,11.1,0.41,71.25,2.38
41.06,28.36,202304,15.63,0.45,72.39,3.11
41.06,28.36,202305,18.84,0.48,71.78,1.18
41.06,28.36,202306,24.01,0.58,45.28,0.92
41.06,28.36,202307,26.15,0.65,23.83,0.27
41.06,28.36,202308,21.47,0.59,31.41,0.21
41.06,28.36,202309,16.72,0.56,46.02,0.96
41.06,28.36,202310,11.52,0.52,49.57,0.71
41.06,28.36,202311,6.49,0.41,68.19,6.61
41.06,28.36,202312,4.82,0.38,64.93,2.62
41.06,28.39,202301,5.51,0.38,69.94,0.87
41.06,28.39,202302,8.89,0.45,66.0,1.39
41.06,28.39,202303,11.1,0.41,71.25,2.38
41.06,28.39,202304,15.63,0.45,72.39,3.11
41.06,28.39,202305,18.84,0.48,71.78,1.18
41.06,28.39,202306,24.01,0.58,45.28,0.92
41.06,28.39,202307,26.15,0.65,23.83,0.27
41.06,28.39,202308,21.47,0.59,31.41,0.21
41.06,28.39,202309,16.72,0.56,46.02,0.96
41.06,28.39,202310,11.52,0.52,49.57,0.71
41.06,28.39,202311,6.49,0.41,68.19,6.61
41.06,28.39,202312,4.82,0.38,64.93,2.62
41.06,28.42,202301,5.51,0.38,69.94,0.87
41.06,28.42,202302,8.89,0.45,66.0,1.39
41.06,28.42,202303,11.1,0.41,71.25,2.38
41.06,28.42,202304,15.63,0.45,72.39,3.11
41.06,28.42,202305,18.84,0.48,71.78,1.18
41.06,28.42,202306,24.01,0.58,45.28,0.92
41.06,28.42,202307,26.15,0.65,23.83,0.27
41.06,28.42,202308,21.47,0.59,31.41,0.21
41.06,28.42,202309,16.72,0.56,46.02,0.96
41.06,28.42,202310,11.52,0.52,49.57,0.71
41.06,28.42,202311,6.49,0.41,68.19,6.61
41.06,28.42,202312,4.82,0.38,64.93,2.62
41.06,28.45,202301,5.51,0.38,69.94,0.72
41.06,28.45,202302,8.89,0.45,66.0,1.83
41.06,28.45,202303,11.1,0.41,71.25,2.49
41.06,28.45,202304,15.63,0.45,72.39,3.07
41.06,28.45,202305,18.84,0.48,71.78,1.24
41.06,28.45,202306,24.01,0.58,45.28,0.86
41.06,28.45,202307,26.15,0.65,23.83,0.33
41.06,28.45,202308,21.47,0.59,31.41,0.3
41.06,28.45,202309,16.72,0.56,46.02,0.71
41.06,28.45,202310,11.52,0.52,49.57,1.15
41.06,28.45,202311,6.49,0.41,68.19,6.37
41.06,28.45,202312,4.82,0.38,64.93,2.3
41.06,28.48,202301,5.51,0.38,69.94,0.72
41.06,28.48,202302,8.89,0.45,66.0,1.83
41.06,28.48,202303,11.1,0.41,71.25,2.49
41.06,28.48,202304,15.63,0.45,72.39,3.07
41.06,28.48,202305,18.84,0.48,71.78,1.24
41.06,28.48,202306,24.01,0.58,45.28,0.86
41.06,28.48,202307,26.15,0.65,23.83,0.33
41.06,28.48,202308,21.47,0.59,31.41,0.3
41.06,28.48,202309,16.72,0.56,46.02,0.71
41.06,28.48,202310,11.52,0.52,49.57,1.15
41.06,28.48,202311,6.49,0.41,68.19,6.37
41.06,28.48,202312,4.82,0.38,64.93,2.3
41.06,28.51,202301,5.51,0.38,69.94,0.72
41.06,28.51,202302,8.89,0.45,66.0,1.83
41.06,28.51,202303,11.1,0.41,71.25,2.49
41.06,28.51,202304,15.63,0.45,72.39,3.07
41.06,28.51,202305,18.84,0.48,71.78,1.24
41.06,28.51,202306,24.01,0.58,45.28,0.86
41.06,28.51,202307,26.15,0.65,23.83,0.33
41.06,28.51,202308,21.47,0.59,31.41,0.3
41.06,28.51,202309,16.72,0.56,46.02,0.71
41.06,28.51,202310,11.52,0.52,49.57,1.15
41.06,28.51,202311,6.49,0.41,68.19,6.37
41.06,28.51,202312,4.82,0.38,64.93,2.3
41.06,28.54,202301,5.51,0.38,69.94,0.72
41.06,28.54,202302,8.89,0.45,66.0,1.83
41.06,28.54,202303,11.1,0.41,71.25,2.49
41.06,28.54,202304,15.63,0.45,72.39,3.07
41.06,28.54,202305,18.84,0.48,71.78,1.24
41.06,28.54,202306,24.01,0.58,45.28,0.86
41.06,28.54,202307,26.15,0.65,23.83,0.33
41.06,28.54,202308,21.47,0.59,31.41,0.3
41.06,28.54,202309,16.72,0.56,46.02,0.71
41.06,28.54,202310,11.52,0.52,49.57,1.15
41.06,28.54,202311,6.49,0.41,68.19,6.37
41.06,28.54,202312,4.82,0.38,64.93,2.3
41.06,28.57,202301,5.51,0.38,69.94,0.72
41.06,28.57,202302,8.89,0.45,66.0,1.83
41.06,28.57,202303,11.1,0.41,71.25,2.49
41.06,28.57,202304,15.63,0.45,72.39,3.07
41.06,28.57,202305,18.84,0.48,71.78,1.24
41.06,28.57,202306,24.01,0.58,45.28,0.86
41.06,28.57,202307,26.15,0.65,23.83,0.33
41.06,28.57,202308,21.47,0.59,31.41,0.3
41.06,28.57,202309,16.72,0.56,46.02,0.71
41.06,28.57,202310,11.52,0.52,49.57,1.15
41.06,28.57,202311,6.49,0.41,68.19,6.37
41.06,28.57,202312,4.82,0.38,64.93,2.3
41.06,28.6,202301,5.51,0.38,69.94,0.72
41.06,28.6,202302,8.89,0.45,66.0,1.83
41.06,28.6,202303,11.1,0.41,71.25,2.49
41.06,28.6,202304,15.63,0.45,72.39,3.07
41.06,28.6,202305,18.84,0.48,71.78,1.24
41.06,28.6,202306,24.01,0.58,45.28,0.86
41.06,28.6,202307,26.15,0.65,23.83,0.33
41.06,28.6,202308,21.47,0.59,31.41,0.3
41.06,28.6,202309,16.72,0.56,46.02,0.71
41.06,28.6,202310,11.52,0.52,49.57,1.15
41.06,28.6,202311,6.49,0.41,68.19,6.37
41.06,28.6,202312,4.82,0.38,64.93,2.3
41.06,28.63,202301,5.51,0.38,69.94,0.72
41.06,28.63,202302,8.89,0.45,66.0,1.83
41.06,28.63,202303,11.1,0.41,71.25,2.49
41.06,28.63,202304,15.63,0.45,72.39,3.07
41.06,28.63,202305,18.84,0.48,71.78,1.24
41.06,28.63,202306,24.01,0.58,45.28,0.86
41.06,28.63,202307,26.15,0.65,23.83,0.33
41.06,28.63,202308,21.47,0.59,31.41,0.3
41.06,28.63,202309,16.72,0.56,46.02,0.71
41.06,28.63,202310,11.52,0.52,49.57,1.15
41.06,28.63,202311,6.49,0.41,68.19,6.37
41.06,28.63,202312,4.82,0.38,64.93,2.3
41.06,28.66,202301,5.51,0.38,69.94,0.72
41.06,28.66,202302,8.89,0.45,66.0,1.83
41.06,28.66,202303,11.1,0.41,71.25,2.49
41.06,28.66,202304,15.63,0.45,72.39,3.07
41.06,28.66,202305,18.84,0.48,71.78,1.24
41.06,28.66,202306,24.01,0.58,45.28,0.86
41.06,28.66,202307,26.15,0.65,23.83,0.33
41.06,28.66,202308,21.47,0.59,31.41,0.3
41.06,28.66,202309,16.72,0.56,46.02,0.71
41.06,28.66,202310,11.52,0.52,49.57,1.15
41.06,28.66,202311,6.49,0.41,68.19,6.37
41.06,28.66,202312,4.82,0.38,64.93,2.3
41.06,28.69,202301,5.51,0.38,69.94,0.72
41.06,28.69,202302,8.89,0.45,66.0,1.83
41.06,28.69,202303,11.1,0.41,71.25,2.49
41.06,28.69,202304,15.63,0.45,72.39,3.07
41.06,28.69,202305,18.84,0.48,71.78,1.24
41.06,28.69,202306,24.01,0.58,45.28,0.86
41.06,28.69,202307,26.15,0.65,23.83,0.33
41.06,28.69,202308,21.47,0.59,31.41,0.3
41.06,28.69,202309,16.72,0.56,46.02,0.71
41.06,28.69,202310,11.52,0.52,49.57,1.15
41.06,28.69,202311,6.49,0.41,68.19,6.37
41.06,28.69,202312,4.82,0.38,64.93,2.3
41.06,28.72,202301,5.51,0.38,69.94,0.72
41.06,28.72,202302,8.89,0.45,66.0,1.83
41.06,28.72,202303,11.1,0.41,71.25,2.49
41.06,28.72,202304,15.63,0.45,72.39,3.07
41.06,28.72,202305,18.84,0.48,71.78,1.24
41.06,28.72,202306,24.01,0.58,45.28,0.86
41.06,28.72,202307,26.15,0.65,23.83,0.33
41.06,28.72,202308,21.47,0.59,31.41,0.3
41.06,28.72,202309,16.72,0.56,46.02,0.71
41.06,28.72,202310,11.52,0.52,49.57,1.15
41.06,28.72,202311,6.49,0.41,68.19,6.37
41.06,28.72,202312,4.82,0.38,64.93,2.3
41.06,28.75,202301,5.51,0.38,69.94,0.72
41.06,28.75,202302,8.89,0.45,66.0,1.83
41.06,28.75,202303,11.1,0.41,71.25,2.49
41.06,28.75,202304,15.63,0.45,72.39,3.07
41.06,28.75,202305,18.84,0.48,71.78,1.24
41.06,28.75,202306,24.01,0.58,45.28,0.86
41.06,28.75,202307,26.15,0.65,23.83,0.33
41.06,28.75,202308,21.47,0.59,31.41,0.3
41.06,28.75,202309,16.72,0.56,46.02,0.71
41.06,28.75,202310,11.52,0.52,49.57,1.15
41.06,28.75,202311,6.49,0.41,68.19,6.37
41.06,28.75,202312,4.82,0.38,64.93,2.3
41.06,28.78,202301,5.51,0.38,69.94,0.72
41.06,28.78,202302,8.89,0.45,66.0,1.83
41.06,28.78,202303,11.1,0.41,71.25,2.49
41.06,28.78,202304,15.63,0.45,72.39,3.07
41.06,28.78,202305,18.84,0.48,71.78,1.24
41.06,28.78,202306,24.01,0.58,45.28,0.86
41.06,28.78,202307,26.15,0.65,23.83,0.33
41.06,28.78,202308,21.47,0.59,31.41,0.3
41.06,28.78,202309,16.72,0.56,46.02,0.71
41.06,28.78,202310,11.52,0.52,49.57,1.15
41.06,28.78,202311,6.49,0.41,68.19,6.37
41.06,28.78,202312,4.82,0.38,64.93,2.3
41.06,28.81,202301,5.51,0.38,69.94,0.72
41.06,28.81,202302,8.89,0.45,66.0,1.83
41.06,28.81,202303,11.1,0.41,71.25,2.49
41.06,28.81,202304,15.63,0.45,72.39,3.07
41.06,28.81,202305,18.84,0.48,71.78,1.24
41.06,28.81,202306,24.01,0.58,45.28,0.86
41.06,28.81,202307,26.15,0.65,23.83,0.33
41.06,28.81,202308,21.47,0.59,31.41,0.3
41.06,28.81,202309,16.72,0.56,46.02,0.71
41.06,28.81,202310,11.52,0.52,49.57,1.15
41.06,28.81,202311,6.49,0.41,68.19,6.37
41.06,28.81,202312,4.82,0.38,64.93,2.3
41.06,28.84,202301,5.51,0.38,69.94,0.72
41.06,28.84,202302,8.89,0.45,66.0,1.83
41.06,28.84,202303,11.1,0.41,71.25,2.49
41.06,28.84,202304,15.63,0.45,72.39,3.07
41.06,28.84,202305,18.84,0.48,71.78,1.24
41.06,28.84,202306,24.01,0.58,45.28,0.86
41.06,28.84,202307,26.15,0.65,23.83,0.33
41.06,28.84,202308,21.47,0.59,31.41,0.3
41.06,28.84,202309,16.72,0.56,46.02,0.71
41.06,28.84,202310,11.52,0.52,49.57,1.15
41.06,28.84,202311,6.49,0.41,68.19,6.37
41.06,28.84,202312,4.82,0.38,64.93,2.3
41.06,28.87,202301,5.51,0.38,69.94,0.72
41.06,28.87,202302,8.89,0.45,66.0,1.83
41.06,28.87,202303,11.1,0.41,71.25,2.49
41.06,28.87,202304,15.63,0.45,72.39,3.07
41.06,28.87,202305,18.84,0.48,71.78,1.24
41.06,28.87,202306,24.01,0.58,45.28,0.86
41.06,28.87,202307,26.15,0.65,23.83,0.33
41.06,28.87,202308,21.47,0.59,31.41,0.3
41.06,28.87,202309,16.72,0.56,46.02,0.71
41.06,28.87,202310,11.52,0.52,49.57,1.15
41.06,28.87,202311,6.49,0.41,68.19,6.37
41.06,28.87,202312,4.82,0.38,64.93,2.3
41.06,28.9,202301,5.51,0.38,69.94,0.72
41.06,28.9,202302,8.89,0.45,66.0,1.83
41.06,28.9,202303,11.1,0.41,71.25,2.49
41.06,28.9,202304,15.63,0.45,72.39,3.07
41.06,28.9,202305,18.84,0.48,71.78,1.24
41.06,28.9,202306,24.01,0.58,45.28,0.86
41.06,28.9,202307,26.15,0.65,23.83,0.33
41.06,28.9,202308,21.47,0.59,31.41,0.3
41.06,28.9,202309,16.72,0.56,46.02,0.71
41.06,28.9,202310,11.52,0.52,49.57,1.15
41.06,28.9,202311,6.49,0.41,68.19,6.37
41.06,28.9,202312,4.82,0.38,64.93,2.3
41.06,28.93,202301,5.51,0.38,69.94,0.72
41.06,28.93,202302,8.89,0.45,66.0,1.83
41.06,28.93,202303,11.1,0.41,71.25,2.49
41.06,28.93,202304,15.63,0.45,72.39,3.07
41.06,28.93,202305,18.84,0.48,71.78,1.24
41.06,28.93,202306,24.01,0.58,45.28,0.86
41.06,28.93,202307,26.15,0.65,23.83,0.33
41.06,28.93,202308,21.47,0.59,31.41,0.3
41.06,28.93,202309,16.72,0.56,46.02,0.71
41.06,28.93,202310,11.52,0.52,49.57,1.15
41.06,28.93,202311,6.49,0.41,68.19,6.37
41.06,28.93,202312,4.82,0.38,64.93,2.3
41.06,28.96,202301,5.51,0.38,69.94,0.72
41.06,28.96,202302,8.89,0.45,66.0,1.83
41.06,28.96,202303,11.1,0.41,71.25,2.49
41.06,28.96,202304,15.63,0.45,72.39,3.07
41.06,28.96,202305,18.84,0.48,71.78,1.24
41.06,28.96,202306,24.01,0.58,45.28,0.86
41.06,28.96,202307,26.15,0.65,23.83,0.33
41.06,28.96,202308,21.47,0.59,31.41,0.3
41.06,28.96,202309,16.72,0.56,46.02,0.71
41.06,28.96,202310,11.52,0.52,49.57,1.15
41.06,28.96,202311,6.49,0.41,68.19,6.37
41.06,28.96,202312,4.82,0.38,64.93,2.3
41.06,28.99,202301,5.51,0.38,69.94,0.72
41.06,28.99,202302,8.89,0.45,66.0,1.83
41.06,28.99,202303,11.1,0.41,71.25,2.49
41.06,28.99,202304,15.63,0.45,72.39,3.07
41.06,28.99,202305,18.84,0.48,71.78,1.24
41.06,28.99,202306,24.01,0.58,45.28,0.86
41.06,28.99,202307,26.15,0.65,23.83,0.33
41.06,28.99,202308,21.47,0.59,31.41,0.3
41.06,28.99,202309,16.72,0.56,46.02,0.71
41.06,28.99,202310,11.52,0.52,49.57,1.15
41.06,28.99,202311,6.49,0.41,68.19,6.37
41.06,28.99,202312,4.82,0.38,64.93,2.3
41.06,29.02,202301,5.47,0.38,77.44,0.72
41.06,29.02,202302,8.67,0.44,75.84,1.83
41.06,29.02,202303,10.41,0.38,81.4,2.49
41.06,29.02,202304,15.39,0.45,77.59,3.07
41.06,29.02,202305,18.83,0.48,75.98,1.24
41.06,29.02,202306,23.93,0.57,50.76,0.86
41.06,29.02,202307,25.58,0.63,28.76,0.33
41.06,29.02,202308,21.98,0.61,33.24,0.3
41.06,29.02,202309,17.75,0.6,55.94,0.71
41.06,29.02,202310,11.5,0.52,63.42,1.15
41.06,29.02,202311,6.57,0.42,78.12,6.37
41.06,29.02,202312,4.93,0.38,71.96,2.3
41.06,29.08,202301,5.47,0.38,77.44,0.72
41.06,29.08,202302,8.67,0.44,75.84,2.53
41.06,29.08,202303,10.41,0.38,81.4,2.88
41.06,29.08,202304,15.39,0.45,77.59,3.03
41.06,29.08,202305,18.83,0.48,75.98,1.35
41.06,29.08,202306,23.93,0.57,50.76,1.56
41.06,29.08,202307,25.58,0.63,28.76,0.79
41.06,29.08,202308,21.98,0.61,33.24,0.51
41.06,29.08,202309,17.75,0.6,55.94,0.89
41.06,29.08,202310,11.5,0.52,63.42,1.83
41.06,29.08,202311,6.57,0.42,78.12,6.97
41.06,29.08,202312,4.93,0.38,71.96,2.45
41.06,29.11,202301,5.47,0.38,77.44,0.72
41.06,29.11,202302,8.67,0.44,75.84,2.53
41.06,29.11,202303,10.41,0.38,81.4,2.88
41.06,29.11,202304,15.39,0.45,77.59,3.03
41.06,29.11,202305,18.83,0.48,75.98,1.35
41.06,29.11,202306,23.93,0.57,50.76,1.56
41.06,29.11,202307,25.58,0.63,28.76,0.79
41.06,29.11,202308,21.98,0.61,33.24,0.51
41.06,29.11,202309,17.75,0.6,55.94,0.89
41.06,29.11,202310,11.5,0.52,63.42,1.83
41.06,29.11,202311,6.57,0.42,78.12,6.97
41.06,29.11,202312,4.93,0.38,71.96,2.45
41.06,29.14,202301,5.47,0.38,77.44,0.72
41.06,29.14,202302,8.67,0.44,75.84,2.53
41.06,29.14,202303,10.41,0.38,81.4,2.88
41.06,29.14,202304,15.39,0.45,77.59,3.03
41.06,29.14,202305,18.83,0.48,75.98,1.35
41.06,29.14,202306,23.93,0.57,50.76,1.56
41.06,29.14,202307,25.58,0.63,28.76,0.79
41.06,29.14,202308,21.98,0.61,33.24,0.51
41.06,29.14,202309,17.75,0.6,55.94,0.89
41.06,29.14,202310,11.5,0.52,63.42,1.83
41.06,29.14,202311,6.57,0.42,78.12,6.97
41.06,29.14,202312,4.93,0.38,71.96,2.45
41.06,29.17,202301,5.47,0.38,77.44,0.72
41.06,29.17,202302,8.67,0.44,75.84,2.53
41.06,29.17,202303,10.41,0.38,81.4,2.88
41.06,29.17,202304,15.39,0.45,77.59,3.03
41.06,29.17,202305,18.83,0.48,75.98,1.35
41.06,29.17,202306,23.93,0.57,50.76,1.56
41.06,29.17,202307,25.58,0.63,28.76,0.79
41.06,29.17,202308,21.98,0.61,33.24,0.51
41.06,29.17,202309,17.75,0.6,55.94,0.89
41.06,29.17,202310,11.5,0.52,63.42,1.83
41.06,29.17,202311,6.57,0.42,78.12,6.97
41.06,29.17,202312,4.93,0.38,71.96,2.45
41.06,29.2,202301,5.47,0.38,77.44,0.72
41.06,29.2,202302,8.67,0.44,75.84,2.53
41.06,29.2,202303,10.41,0.38,81.4,2.88
41.06,29.2,202304,15.39,0.45,77.59,3.03
41.06,29.2,202305,18.83,0.48,75.98,1.35
41.06,29.2,202306,23.93,0.57,50.76,1.56
41.06,29.2,202307,25.58,0.63,28.76,0.79
41.06,29.2,202308,21.98,0.61,33.24,0.51
41.06,29.2,202309,17.75,0.6,55.94,0.89
41.06,29.2,202310,11.5,0.52,63.42,1.83
41.06,29.2,202311,6.57,0.42,78.12,6.97
41.06,29.2,202312,4.93,0.38,71.96,2.45
41.06,29.23,202301,5.47,0.38,77.44,0.72
41.06,29.23,202302,8.67,0.44,75.84,2.53
41.06,29.23,202303,10.41,0.38,81.4,2.88
41.06,29.23,202304,15.39,0.45,77.59,3.03
41.06,29.23,202305,18.83,0.48,75.98,1.35
41.06,29.23,202306,23.93,0.57,50.76,1.56
41.06,29.23,202307,25.58,0.63,28.76,0.79
41.06,29.23,202308,21.98,0.61,33.24,0.51
41.06,29.23,202309,17.75,0.6,55.94,0.89
41.06,29.23,202310,11.5,0.52,63.42,1.83
41.06,29.23,202311,6.57,0.42,78.12,6.97
41.06,29.23,202312,4.93,0.38,71.96,2.45
41.06,29.26,202301,5.47,0.38,77.44,0.72
41.06,29.26,202302,8.67,0.44,75.84,2.53
41.06,29.26,202303,10.41,0.38,81.4,2.88
41.06,29.26,202304,15.39,0.45,77.59,3.03
41.06,29.26,202305,18.83,0.48,75.98,1.35
41.06,29.26,202306,23.93,0.57,50.76,1.56
41.06,29.26,202307,25.58,0.63,28.76,0.79
41.06,29.26,202308,21.98,0.61,33.24,0.51
41.06,29.26,202309,17.75,0.6,55.94,0.89
41.06,29.26,202310,11.5,0.52,63.42,1.83
41.06,29.26,202311,6.57,0.42,78.12,6.97
41.06,29.26,202312,4.93,0.38,71.96,2.45
41.06,29.29,202301,5.47,0.38,77.44,0.72
41.06,29.29,202302,8.67,0.44,75.84,2.53
41.06,29.29,202303,10.41,0.38,81.4,2.88
41.06,29.29,202304,15.39,0.45,77.59,3.03
41.06,29.29,202305,18.83,0.48,75.98,1.35
41.06,29.29,202306,23.93,0.57,50.76,1.56
41.06,29.29,202307,25.58,0.63,28.76,0.79
41.06,29.29,202308,21.98,0.61,33.24,0.51
41.06,29.29,202309,17.75,0.6,55.94,0.89
41.06,29.29,202310,11.5,0.52,63.42,1.83
41.06,29.29,202311,6.57,0.42,78.12,6.97
41.06,29.29,202312,4.93,0.38,71.96,2.45
41.06,29.32,202301,5.47,0.38,77.44,0.72
41.06,29.32,202302,8.67,0.44,75.84,2.53
41.06,29.32,202303,10.41,0.38,81.4,2.88
41.06,29.32,202304,15.39,0.45,77.59,3.03
41.06,29.32,202305,18.83,0.48,75.98,1.35
41.06,29.32,202306,23.93,0.57,50.76,1.56
41.06,29.32,202307,25.58,0.63,28.76,0.79
41.06,29.32,202308,21.98,0.61,33.24,0.51
41.06,29.32,202309,17.75,0.6,55.94,0.89
41.06,29.32,202310,11.5,0.52,63.42,1.83
41.06,29.32,202311,6.57,0.42,78.12,6.97
41.06,29.32,202312,4.93,0.38,71.96,2.45
41.06,29.35,202301,5.47,0.38,77.44,0.72
41.06,29.35,202302,8.67,0.44,75.84,2.53
41.06,29.35,202303,10.41,0.38,81.4,2.88
41.06,29.35,202304,15.39,0.45,77.59,3.03
41.06,29.35,202305,18.83,0.48,75.98,1.35
41.06,29.35,202306,23.93,0.57,50.76,1.56
41.06,29.35,202307,25.58,0.63,28.76,0.79
41.06,29.35,202308,21.98,0.61,33.24,0.51
41.06,29.35,202309,17.75,0.6,55.94,0.89
41.06,29.35,202310,11.5,0.52,63.42,1.83
41.06,29.35,202311,6.57,0.42,78.12,6.97
41.06,29.35,202312,4.93,0.38,71.96,2.45
41.06,29.38,202301,5.47,0.38,77.44,0.72
41.06,29.38,202302,8.67,0.44,75.84,2.53
41.06,29.38,202303,10.41,0.38,81.4,2.88
41.06,29.38,202304,15.39,0.45,77.59,3.03
41.06,29.38,202305,18.83,0.48,75.98,1.35
41.06,29.38,202306,23.93,0.57,50.76,1.56
41.06,29.38,202307,25.58,0.63,28.76,0.79
41.06,29.38,202308,21.98,0.61,33.24,0.51
41.06,29.38,202309,17.75,0.6,55.94,0.89
41.06,29.38,202310,11.5,0.52,63.42,1.83
41.06,29.38,202311,6.57,0.42,78.12,6.97
41.06,29.38,202312,4.93,0.38,71.96,2.45
41.06,29.41,202301,5.47,0.38,77.44,0.72
41.06,29.41,202302,8.67,0.44,75.84,2.53
41.06,29.41,202303,10.41,0.38,81.4,2.88
41.06,29.41,202304,15.39,0.45,77.59,3.03
41.06,29.41,202305,18.83,0.48,75.98,1.35
41.06,29.41,202306,23.93,0.57,50.76,1.56
41.06,29.41,202307,25.58,0.63,28.76,0.79
41.06,29.41,202308,21.98,0.61,33.24,0.51
41.06,29.41,202309,17.75,0.6,55.94,0.89
41.06,29.41,202310,11.5,0.52,63.42,1.83
41.06,29.41,202311,6.57,0.42,78.12,6.97
41.06,29.41,202312,4.93,0.38,71.96,2.45
41.06,29.44,202301,5.47,0.38,77.44,0.72
41.06,29.44,202302,8.67,0.44,75.84,2.53
41.06,29.44,202303,10.41,0.38,81.4,2.88
41.06,29.44,202304,15.39,0.45,77.59,3.03
41.06,29.44,202305,18.83,0.48,75.98,1.35
41.06,29.44,202306,23.93,0.57,50.76,1.56
41.06,29.44,202307,25.58,0.63,28.76,0.79
41.06,29.44,202308,21.98,0.61,33.24,0.51
41.06,29.44,202309,17.75,0.6,55.94,0.89
41.06,29.44,202310,11.5,0.52,63.42,1.83
41.06,29.44,202311,6.57,0.42,78.12,6.97
41.06,29.44,202312,4.93,0.38,71.96,2.45
41.06,29.47,202301,5.47,0.38,77.44,0.72
41.06,29.47,202302,8.67,0.44,75.84,2.53
41.06,29.47,202303,10.41,0.38,81.4,2.88
41.06,29.47,202304,15.39,0.45,77.59,3.03
41.06,29.47,202305,18.83,0.48,75.98,1.35
41.06,29.47,202306,23.93,0.57,50.76,1.56
41.06,29.47,202307,25.58,0.63,28.76,0.79
41.06,29.47,202308,21.98,0.61,33.24,0.51
41.06,29.47,202309,17.75,0.6,55.94,0.89
41.06,29.47,202310,11.5,0.52,63.42,1.83
41.06,29.47,202311,6.57,0.42,78.12,6.97
41.06,29.47,202312,4.93,0.38,71.96,2.45
41.06,29.5,202301,5.47,0.38,77.44,0.72
41.06,29.5,202302,8.67,0.44,75.84,2.53
41.06,29.5,202303,10.41,0.38,81.4,2.88
41.06,29.5,202304,15.39,0.45,77.59,3.03
41.06,29.5,202305,18.83,0.48,75.98,1.35
41.06,29.5,202306,23.93,0.57,50.76,1.56
41.06,29.5,202307,25.58,0.63,28.76,0.79
41.06,29.5,202308,21.98,0.61,33.24,0.51
41.06,29.5,202309,17.75,0.6,55.94,0.89
41.06,29.5,202310,11.5,0.52,63.42,1.83
41.06,29.5,202311,6.57,0.42,78.12,6.97
41.06,29.5,202312,4.93,0.38,71.96,2.45
41.06,29.53,202301,5.47,0.38,77.44,0.72
41.06,29.53,202302,8.67,0.44,75.84,2.53
41.06,29.53,202303,10.41,0.38,81.4,2.88
41.06,29.53,202304,15.39,0.45,77.59,3.03
41.06,29.53,202305,18.83,0.48,75.98,1.35
41.06,29.53,202306,23.93,0.57,50.76,1.56
41.06,29.53,202307,25.58,0.63,28.76,0.79
41.06,29.53,202308,21.98,0.61,33.24,0.51
41.06,29.53,202309,17.75,0.6,55.94,0.89
41.06,29.53,202310,11.5,0.52,63.42,1.83
41.06,29.53,202311,6.57,0.42,78.12,6.97
41.06,29.53,202312,4.93,0.38,71.96,2.45
41.06,29.56,202301,5.47,0.38,77.44,0.72
41.06,29.56,202302,8.67,0.44,75.84,2.53
41.06,29.56,202303,10.41,0.38,81.4,2.88
41.06,29.56,202304,15.39,0.45,77.59,3.03
41.06,29.56,202305,18.83,0.48,75.98,1.35
41.06,29.56,202306,23.93,0.57,50.76,1.56
41.06,29.56,202307,25.58,0.63,28.76,0.79
41.06,29.56,202308,21.98,0.61,33.24,0.51
41.06,29.56,202309,17.75,0.6,55.94,0.89
41.06,29.56,202310,11.5,0.52,63.42,1.83
41.06,29.56,202311,6.57,0.42,78.12,6.97
41.06,29.56,202312,4.93,0.38,71.96,2.45
41.06,29.59,202301,5.47,0.38,77.44,0.72
41.06,29.59,202302,8.67,0.44,75.84,2.53
41.06,29.59,202303,10.41,0.38,81.4,2.88
41.06,29.59,202304,15.39,0.45,77.59,3.03
41.06,29.59,202305,18.83,0.48,75.98,1.35
41.06,29.59,202306,23.93,0.57,50.76,1.56
41.06,29.59,202307,25.58,0.63,28.76,0.79
41.06,29.59,202308,21.98,0.61,33.24,0.51
41.06,29.59,202309,17.75,0.6,55.94,0.89
41.06,29.59,202310,11.5,0.52,63.42,1.83
41.06,29.59,202311,6.57,0.42,78.12,6.97
41.06,29.59,202312,4.93,0.38,71.96,2.45
41.06,29.62,202301,5.47,0.38,77.44,0.72
41.06,29.62,202302,8.67,0.44,75.84,2.53
41.06,29.62,202303,10.41,0.38,81.4,2.88
41.06,29.62,202304,15.39,0.45,77.59,3.03
41.06,29.62,202305,18.83,0.48,75.98,1.35
41.06,29.62,202306,23.93,0.57,50.76,1.56
41.06,29.62,202307,25.58,0.63,28.76,0.79
41.06,29.62,202308,21.98,0.61,33.24,0.51
41.06,29.62,202309,17.75,0.6,55.94,0.89
41.06,29.62,202310,11.5,0.52,63.42,1.83
41.06,29.62,202311,6.57,0.42,78.12,6.97
41.06,29.62,202312,4.93,0.38,71.96,2.45
41.06,29.65,202301,5.47,0.38,77.44,0.72
41.06,29.65,202302,8.67,0.44,75.84,2.53
41.06,29.65,202303,10.41,0.38,81.4,2.88
41.06,29.65,202304,15.39,0.45,77.59,3.03
41.06,29.65,202305,18.83,0.48,75.98,1.35
41.06,29.65,202306,23.93,0.57,50.76,1.56
41.06,29.65,202307,25.58,0.63,28.76,0.79
41.06,29.65,202308,21.98,0.61,33.24,0.51
41.06,29.65,202309,17.75,0.6,55.94,0.89
41.06,29.65,202310,11.5,0.52,63.42,1.83
41.06,29.65,202311,6.57,0.42,78.12,6.97
41.06,29.65,202312,4.93,0.38,71.96,2.45
41.06,29.68,202301,5.47,0.38,77.44,0.72
41.06,29.68,202302,8.67,0.44,75.84,2.53
41.06,29.68,202303,10.41,0.38,81.4,2.88
41.06,29.68,202304,15.39,0.45,77.59,3.03
41.06,29.68,202305,18.83,0.48,75.98,1.35
41.06,29.68,202306,23.93,0.57,50.76,1.56
41.06,29.68,202307,25.58,0.63,28.76,0.79
41.06,29.68,202308,21.98,0.61,33.24,0.51
41.06,29.68,202309,17.75,0.6,55.94,0.89
41.06,29.68,202310,11.5,0.52,63.42,1.83
41.06,29.68,202311,6.57,0.42,78.12,6.97
41.06,29.68,202312,4.93,0.38,71.96,2.45
41.06,29.71,202301,5.47,0.38,77.44,0.81
41.06,29.71,202302,8.67,0.44,75.84,3.12
41.06,29.71,202303,10.41,0.38,81.4,3.56
41.06,29.71,202304,15.39,0.45,77.59,3.15
41.06,29.71,202305,18.83,0.48,75.98,1.85
41.06,29.71,202306,23.93,0.57,50.76,3.94
41.06,29.71,202307,25.58,0.63,28.76,2.15
41.06,29.71,202308,21.98,0.61,33.24,0.82
41.06,29.71,202309,17.75,0.6,55.94,0.95
41.06,29.71,202310,11.5,0.52,63.42,2.61
41.06,29.71,202311,6.57,0.42,78.12,6.92
41.06,29.71,202312,4.93,0.38,71.96,2.87
41.06,29.74,202301,5.47,0.38,77.44,0.81
41.06,29.74,202302,8.67,0.44,75.84,3.12
41.06,29.74,202303,10.41,0.38,81.4,3.56
41.06,29.74,202304,15.39,0.45,77.59,3.15
41.06,29.74,202305,18.83,0.48,75.98,1.85
41.06,29.74,202306,23.93,0.57,50.76,3.94
41.06,29.74,202307,25.58,0.63,28.76,2.15
41.06,29.74,202308,21.98,0.61,33.24,0.82
41.06,29.74,202309,17.75,0.6,55.94,0.95
41.06,29.74,202310,11.5,0.52,63.42,2.61
41.06,29.74,202311,6.57,0.42,78.12,6.92
41.06,29.74,202312,4.93,0.38,71.96,2.87
41.06,29.77,202301,5.47,0.38,77.44,0.81
41.06,29.77,202302,8.67,0.44,75.84,3.12
41.06,29.77,202303,10.41,0.38,81.4,3.56
41.06,29.77,202304,15.39,0.45,77.59,3.15
41.06,29.77,202305,18.83,0.48,75.98,1.85
41.06,29.77,202306,23.93,0.57,50.76,3.94
41.06,29.77,202307,25.58,0.63,28.76,2.15
41.06,29.77,202308,21.98,0.61,33.24,0.82
41.06,29.77,202309,17.75,0.6,55.94,0.95
41.06,29.77,202310,11.5,0.52,63.42,2.61
41.06,29.77,202311,6.57,0.42,78.12,6.92
41.06,29.77,202312,4.93,0.38,71.96,2.87
41.06,29.8,202301,5.47,0.38,77.44,0.81
41.06,29.8,202302,8.67,0.44,75.84,3.12
41.06,29.8,202303,10.41,0.38,81.4,3.56
41.06,29.8,202304,15.39,0.45,77.59,3.15
41.06,29.8,202305,18.83,0.48,75.98,1.85
41.06,29.8,202306,23.93,0.57,50.76,3.94
41.06,29.8,202307,25.58,0.63,28.76,2.15
41.06,29.8,202308,21.98,0.61,33.24,0.82
41.06,29.8,202309,17.75,0.6,55.94,0.95
41.06,29.8,202310,11.5,0.52,63.42,2.61
41.06,29.8,202311,6.57,0.42,78.12,6.92
41.06,29.8,202312,4.93,0.38,71.96,2.87
41.06,29.83,202301,5.47,0.38,77.44,0.81
41.06,29.83,202302,8.67,0.44,75.84,3.12
41.06,29.83,202303,10.41,0.38,81.4,3.56
41.06,29.83,202304,15.39,0.45,77.59,3.15
41.06,29.83,202305,18.83,0.48,75.98,1.85
41.06,29.83,202306,23.93,0.57,50.76,3.94
41.06,29.83,202307,25.58,0.63,28.76,2.15
41.06,29.83,202308,21.98,0.61,33.24,0.82
41.06,29.83,202309,17.75,0.6,55.94,0.95
41.06,29.83,202310,11.5,0.52,63.42,2.61
41.06,29.83,202311,6.57,0.42,78.12,6.92
41.06,29.83,202312,4.93,0.38,71.96,2.87
41.06,29.86,202301,5.47,0.38,77.44,0.81
41.06,29.86,202302,8.67,0.44,75.84,3.12
41.06,29.86,202303,10.41,0.38,81.4,3.56
41.06,29.86,202304,15.39,0.45,77.59,3.15
41.06,29.86,202305,18.83,0.48,75.98,1.85
41.06,29.86,202306,23.93,0.57,50.76,3.94
41.06,29.86,202307,25.58,0.63,28.76,2.15
41.06,29.86,202308,21.98,0.61,33.24,0.82
41.06,29.86,202309,17.75,0.6,55.94,0.95
41.06,29.86,202310,11.5,0.52,63.42,2.61
41.06,29.86,202311,6.57,0.42,78.12,6.92
41.06,29.86,202312,4.93,0.38,71.96,2.87
41.08,28.0,202301,5.51,0.38,69.94,0.87
41.08,28.0,202302,8.89,0.45,66.0,1.39
41.08,28.0,202303,11.1,0.41,71.25,2.38
41.08,28.0,202304,15.63,0.45,72.39,3.11
41.08,28.0,202305,18.84,0.48,71.78,1.18
41.08,28.0,202306,24.01,0.58,45.28,0.92
41.08,28.0,202307,26.15,0.65,23.83,0.27
41.08,28.0,202308,21.47,0.59,31.41,0.21
41.08,28.0,202309,16.72,0.56,46.02,0.96
41.08,28.0,202310,11.52,0.52,49.57,0.71
41.08,28.0,202311,6.49,0.41,68.19,6.61
41.08,28.0,202312,4.82,0.38,64.93,2.62
41.08,28.03,202301,5.51,0.38,69.94,0.87
41.08,28.03,202302,8.89,0.45,66.0,1.39
41.08,28.03,202303,11.1,0.41,71.25,2.38
41.08,28.03,202304,15.63,0.45,72.39,3.11
41.08,28.03,202305,18.84,0.48,71.78,1.18
41.08,28.03,202306,24.01,0.58,45.28,0.92
41.08,28.03,202307,26.15,0.65,23.83,0.27
41.08,28.03,202308,21.47,0.59,31.41,0.21
41.08,28.03,202309,16.72,0.56,46.02,0.96
41.08,28.03,202310,11.52,0.52,49.57,0.71
41.08,28.03,202311,6.49,0.41,68.19,6.61
41.08,28.03,202312,4.82,0.38,64.93,2.62
41.08,28.06,202301,5.51,0.38,69.94,0.87
41.08,28.06,202302,8.89,0.45,66.0,1.39
41.08,28.06,202303,11.1,0.41,71.25,2.38
41.08,28.06,202304,15.63,0.45,72.39,3.11
41.08,28.06,202305,18.84,0.48,71.78,1.18
41.08,28.06,202306,24.01,0.58,45.28,0.92
41.08,28.06,202307,26.15,0.65,23.83,0.27
41.08,28.06,202308,21.47,0.59,31.41,0.21
41.08,28.06,202309,16.72,0.56,46.02,0.96
41.08,28.06,202310,11.52,0.52,49.57,0.71
41.08,28.06,202311,6.49,0.41,68.19,6.61
41.08,28.06,202312,4.82,0.38,64.93,2.62
41.08,28.09,202301,5.51,0.38,69.94,0.87
41.08,28.09,202302,8.89,0.45,66.0,1.39
41.08,28.09,202303,11.1,0.41,71.25,2.38
41.08,28.09,202304,15.63,0.45,72.39,3.11
41.08,28.09,202305,18.84,0.48,71.78,1.18
41.08,28.09,202306,24.01,0.58,45.28,0.92
41.08,28.09,202307,26.15,0.65,23.83,0.27
41.08,28.09,202308,21.47,0.59,31.41,0.21
41.08,28.09,202309,16.72,0.56,46.02,0.96
41.08,28.09,202310,11.52,0.52,49.57,0.71
41.08,28.09,202311,6.49,0.41,68.19,6.61
41.08,28.09,202312,4.82,0.38,64.93,2.62
41.08,28.12,202301,5.51,0.38,69.94,0.87
41.08,28.12,202302,8.89,0.45,66.0,1.39
41.08,28.12,202303,11.1,0.41,71.25,2.38
41.08,28.12,202304,15.63,0.45,72.39,3.11
41.08,28.12,202305,18.84,0.48,71.78,1.18
41.08,28.12,202306,24.01,0.58,45.28,0.92
41.08,28.12,202307,26.15,0.65,23.83,0.27
41.08,28.12,202308,21.47,0.59,31.41,0.21
41.08,28.12,202309,16.72,0.56,46.02,0.96
41.08,28.12,202310,11.52,0.52,49.57,0.71
41.08,28.12,202311,6.49,0.41,68.19,6.61
41.08,28.12,202312,4.82,0.38,64.93,2.62
41.08,28.15,202301,5.51,0.38,69.94,0.87
41.08,28.15,202302,8.89,0.45,66.0,1.39
41.08,28.15,202303,11.1,0.41,71.25,2.38
41.08,28.15,202304,15.63,0.45,72.39,3.11
41.08,28.15,202305,18.84,0.48,71.78,1.18
41.08,28.15,202306,24.01,0.58,45.28,0.92
41.08,28.15,202307,26.15,0.65,23.83,0.27
41.08,28.15,202308,21.47,0.59,31.41,0.21
41.08,28.15,202309,16.72,0.56,46.02,0.96
41.08,28.15,202310,11.52,0.52,49.57,0.71
41.08,28.15,202311,6.49,0.41,68.19,6.61
41.08,28.15,202312,4.82,0.38,64.93,2.62
41.08,28.18,202301,5.51,0.38,69.94,0.87
41.08,28.18,202302,8.89,0.45,66.0,1.39
41.08,28.18,202303,11.1,0.41,71.25,2.38
41.08,28.18,202304,15.63,0.45,72.39,3.11
41.08,28.18,202305,18.84,0.48,71.78,1.18
41.08,28.18,202306,24.01,0.58,45.28,0.92
41.08,28.18,202307,26.15,0.65,23.83,0.27
41.08,28.18,202308,21.47,0.59,31.41,0.21
41.08,28.18,202309,16.72,0.56,46.02,0.96
41.08,28.18,202310,11.52,0.52,49.57,0.71
41.08,28.18,202311,6.49,0.41,68.19,6.61
41.08,28.18,202312,4.82,0.38,64.93,2.62
41.08,28.21,202301,5.51,0.38,69.94,0.87
41.08,28.21,202302,8.89,0.45,66.0,1.39
41.08,28.21,202303,11.1,0.41,71.25,2.38
41.08,28.21,202304,15.63,0.45,72.39,3.11
41.08,28.21,202305,18.84,0.48,71.78,1.18
41.08,28.21,202306,24.01,0.58,45.28,0.92
41.08,28.21,202307,26.15,0.65,23.83,0.27
41.08,28.21,202308,21.47,0.59,31.41,0.21
41.08,28.21,202309,16.72,0.56,46.02,0.96
41.08,28.21,202310,11.52,0.52,49.57,0.71
41.08,28.21,202311,6.49,0.41,68.19,6.61
41.08,28.21,202312,4.82,0.38,64.93,2.62
41.08,28.24,202301,5.51,0.38,69.94,0.87
41.08,28.24,202302,8.89,0.45,66.0,1.39
41.08,28.24,202303,11.1,0.41,71.25,2.38
41.08,28.24,202304,15.63,0.45,72.39,3.11
41.08,28.24,202305,18.84,0.48,71.78,1.18
41.08,28.24,202306,24.01,0.58,45.28,0.92
41.08,28.24,202307,26.15,0.65,23.83,0.27
41.08,28.24,202308,21.47,0.59,31.41,0.21
41.08,28.24,202309,16.72,0.56,46.02,0.96
41.08,28.24,202310,11.52,0.52,49.57,0.71
41.08,28.24,202311,6.49,0.41,68.19,6.61
41.08,28.24,202312,4.82,0.38,64.93,2.62
41.08,28.27,202301,5.51,0.38,69.94,0.87
41.08,28.27,202302,8.89,0.45,66.0,1.39
41.08,28.27,202303,11.1,0.41,71.25,2.38
41.08,28.27,202304,15.63,0.45,72.39,3.11
41.08,28.27,202305,18.84,0.48,71.78,1.18
41.08,28.27,202306,24.01,0.58,45.28,0.92
41.08,28.27,202307,26.15,0.65,23.83,0.27
41.08,28.27,202308,21.47,0.59,31.41,0.21
41.08,28.27,202309,16.72,0.56,46.02,0.96
41.08,28.27,202310,11.52,0.52,49.57,0.71
41.08,28.27,202311,6.49,0.41,68.19,6.61
41.08,28.27,202312,4.82,0.38,64.93,2.62
41.08,28.3,202301,5.51,0.38,69.94,0.87
41.08,28.3,202302,8.89,0.45,66.0,1.39
41.08,28.3,202303,11.1,0.41,71.25,2.38
41.08,28.3,202304,15.63,0.45,72.39,3.11
41.08,28.3,202305,18.84,0.48,71.78,1.18
41.08,28.3,202306,24.01,0.58,45.28,0.92
41.08,28.3,202307,26.15,0.65,23.83,0.27
41.08,28.3,202308,21.47,0.59,31.41,0.21
41.08,28.3,202309,16.72,0.56,46.02,0.96
41.08,28.3,202310,11.52,0.52,49.57,0.71
41.08,28.3,202311,6.49,0.41,68.19,6.61
41.08,28.3,202312,4.82,0.38,64.93,2.62
41.08,28.33,202301,5.51,0.38,69.94,0.87
41.08,28.33,202302,8.89,0.45,66.0,1.39
41.08,28.33,202303,11.1,0.41,71.25,2.38
41.08,28.33,202304,15.63,0.45,72.39,3.11
41.08,28.33,202305,18.84,0.48,71.78,1.18
41.08,28.33,202306,24.01,0.58,45.28,0.92
41.08,28.33,202307,26.15,0.65,23.83,0.27
41.08,28.33,202308,21.47,0.59,31.41,0.21
41.08,28.33,202309,16.72,0.56,46.02,0.96
41.08,28.33,202310,11.52,0.52,49.57,0.71
41.08,28.33,202311,6.49,0.41,68.19,6.61
41.08,28.33,202312,4.82,0.38,64.93,2.62
41.08,28.36,202301,5.51,0.38,69.94,0.87
41.08,28.36,202302,8.89,0.45,66.0,1.39
41.08,28.36,202303,11.1,0.41,71.25,2.38
41.08,28.36,202304,15.63,0.45,72.39,3.11
41.08,28.36,202305,18.84,0.48,71.78,1.18
41.08,28.36,202306,24.01,0.58,45.28,0.92
41.08,28.36,202307,26.15,0.65,23.83,0.27
41.08,28.36,202308,21.47,0.59,31.41,0.21
41.08,28.36,202309,16.72,0.56,46.02,0.96
41.08,28.36,202310,11.52,0.52,49.57,0.71
41.08,28.36,202311,6.49,0.41,68.19,6.61
41.08,28.36,202312,4.82,0.38,64.93,2.62
41.08,28.39,202301,5.51,0.38,69.94,0.87
41.08,28.39,202302,8.89,0.45,66.0,1.39
41.08,28.39,202303,11.1,0.41,71.25,2.38
41.08,28.39,202304,15.63,0.45,72.39,3.11
41.08,28.39,202305,18.84,0.48,71.78,1.18
41.08,28.39,202306,24.01,0.58,45.28,0.92
41.08,28.39,202307,26.15,0.65,23.83,0.27
41.08,28.39,202308,21.47,0.59,31.41,0.21
41.08,28.39,202309,16.72,0.56,46.02,0.96
41.08,28.39,202310,11.52,0.52,49.57,0.71
41.08,28.39,202311,6.49,0.41,68.19,6.61
41.08,28.39,202312,4.82,0.38,64.93,2.62
41.08,28.42,202301,5.51,0.38,69.94,0.87
41.08,28.42,202302,8.89,0.45,66.0,1.39
41.08,28.42,202303,11.1,0.41,71.25,2.38
41.08,28.42,202304,15.63,0.45,72.39,3.11
41.08,28.42,202305,18.84,0.48,71.78,1.18
41.08,28.42,202306,24.01,0.58,45.28,0.92
41.08,28.42,202307,26.15,0.65,23.83,0.27
41.08,28.42,202308,21.47,0.59,31.41,0.21
41.08,28.42,202309,16.72,0.56,46.02,0.96
41.08,28.42,202310,11.52,0.52,49.57,0.71
41.08,28.42,202311,6.49,0.41,68.19,6.61
41.08,28.42,202312,4.82,0.38,64.93,2.62
41.08,28.45,202301,5.51,0.38,69.94,0.72
41.08,28.45,202302,8.89,0.45,66.0,1.83
41.08,28.45,202303,11.1,0.41,71.25,2.49
41.08,28.45,202304,15.63,0.45,72.39,3.07
41.08,28.45,202305,18.84,0.48,71.78,1.24
41.08,28.45,202306,24.01,0.58,45.28,0.86
41.08,28.45,202307,26.15,0.65,23.83,0.33
41.08,28.45,202308,21.47,0.59,31.41,0.3
41.08,28.45,202309,16.72,0.56,46.02,0.71
41.08,28.45,202310,11.52,0.52,49.57,1.15
41.08,28.45,202311,6.49,0.41,68.19,6.37
41.08,28.45,202312,4.82,0.38,64.93,2.3
41.08,28.48,202301,5.51,0.38,69.94,0.72
41.08,28.48,202302,8.89,0.45,66.0,1.83
41.08,28.48,202303,11.1,0.41,71.25,2.49
41.08,28.48,202304,15.63,0.45,72.39,3.07
41.08,28.48,202305,18.84,0.48,71.78,1.24
41.08,28.48,202306,24.01,0.58,45.28,0.86
41.08,28.48,202307,26.15,0.65,23.83,0.33
41.08,28.48,202308,21.47,0.59,31.41,0.3
41.08,28.48,202309,16.72,0.56,46.02,0.71
41.08,28.48,202310,11.52,0.52,49.57,1.15
41.08,28.48,202311,6.49,0.41,68.19,6.37
41.08,28.48,202312,4.82,0.38,64.93,2.3
41.08,28.51,202301,5.51,0.38,69.94,0.72
41.08,28.51,202302,8.89,0.45,66.0,1.83
41.08,28.51,202303,11.1,0.41,71.25,2.49
41.08,28.51,202304,15.63,0.45,72.39,3.07
41.08,28.51,202305,18.84,0.48,71.78,1.24
41.08,28.51,202306,24.01,0.58,45.28,0.86
41.08,28.51,202307,26.15,0.65,23.83,0.33
41.08,28.51,202308,21.47,0.59,31.41,0.3
41.08,28.51,202309,16.72,0.56,46.02,0.71
41.08,28.51,202310,11.52,0.52,49.57,1.15
41.08,28.51,202311,6.49,0.41,68.19,6.37
41.08,28.51,202312,4.82,0.38,64.93,2.3
41.08,28.54,202301,5.51,0.38,69.94,0.72
41.08,28.54,202302,8.89,0.45,66.0,1.83
41.08,28.54,202303,11.1,0.41,71.25,2.49
41.08,28.54,202304,15.63,0.45,72.39,3.07
41.08,28.54,202305,18.84,0.48,71.78,1.24
41.08,28.54,202306,24.01,0.58,45.28,0.86
41.08,28.54,202307,26.15,0.65,23.83,0.33
41.08,28.54,202308,21.47,0.59,31.41,0.3
41.08,28.54,202309,16.72,0.56,46.02,0.71
41.08,28.54,202310,11.52,0.52,49.57,1.15
41.08,28.54,202311,6.49,0.41,68.19,6.37
41.08,28.54,202312,4.82,0.38,64.93,2.3
41.08,28.57,202301,5.51,0.38,69.94,0.72
41.08,28.57,202302,8.89,0.45,66.0,1.83
41.08,28.57,202303,11.1,0.41,71.25,2.49
41.08,28.57,202304,15.63,0.45,72.39,3.07
41.08,28.57,202305,18.84,0.48,71.78,1.24
41.08,28.57,202306,24.01,0.58,45.28,0.86
41.08,28.57,202307,26.15,0.65,23.83,0.33
41.08,28.57,202308,21.47,0.59,31.41,0.3
41.08,28.57,202309,16.72,0.56,46.02,0.71
41.08,28.57,202310,11.52,0.52,49.57,1.15
41.08,28.57,202311,6.49,0.41,68.19,6.37
41.08,28.57,202312,4.82,0.38,64.93,2.3
41.08,28.6,202301,5.51,0.38,69.94,0.72
41.08,28.6,202302,8.89,0.45,66.0,1.83
41.08,28.6,202303,11.1,0.41,71.25,2.49
41.08,28.6,202304,15.63,0.45,72.39,3.07
41.08,28.6,202305,18.84,0.48,71.78,1.24
41.08,28.6,202306,24.01,0.58,45.28,0.86
41.08,28.6,202307,26.15,0.65,23.83,0.33
41.08,28.6,202308,21.47,0.59,31.41,0.3
41.08,28.6,202309,16.72,0.56,46.02,0.71
41.08,28.6,202310,11.52,0.52,49.57,1.15
41.08,28.6,202311,6.49,0.41,68.19,6.37
41.08,28.6,202312,4.82,0.38,64.93,2.3
41.08,28.63,202301,5.51,0.38,69.94,0.72
41.08,28.63,202302,8.89,0.45,66.0,1.83
41.08,28.63,202303,11.1,0.41,71.25,2.49
41.08,28.63,202304,15.63,0.45,72.39,3.07
41.08,28.63,202305,18.84,0.48,71.78,1.24
41.08,28.63,202306,24.01,0.58,45.28,0.86
41.08,28.63,202307,26.15,0.65,23.83,0.33
41.08,28.63,202308,21.47,0.59,31.41,0.3
41.08,28.63,202309,16.72,0.56,46.02,0.71
41.08,28.63,202310,11.52,0.52,49.57,1.15
41.08,28.63,202311,6.49,0.41,68.19,6.37
41.08,28.63,202312,4.82,0.38,64.93,2.3
41.08,28.66,202301,5.51,0.38,69.94,0.72
41.08,28.66,202302,8.89,0.45,66.0,1.83
41.08,28.66,202303,11.1,0.41,71.25,2.49
41.08,28.66,202304,15.63,0.45,72.39,3.07
41.08,28.66,202305,18.84,0.48,71.78,1.24
41.08,28.66,202306,24.01,0.58,45.28,0.86
41.08,28.66,202307,26.15,0.65,23.83,0.33
41.08,28.66,202308,21.47,0.59,31.41,0.3
41.08,28.66,202309,16.72,0.56,46.02,0.71
41.08,28.66,202310,11.52,0.52,49.57,1.15
41.08,28.66,202311,6.49,0.41,68.19,6.37
41.08,28.66,202312,4.82,0.38,64.93,2.3
41.08,28.69,202301,5.51,0.38,69.94,0.72
41.08,28.69,202302,8.89,0.45,66.0,1.83
41.08,28.69,202303,11.1,0.41,71.25,2.49
41.08,28.69,202304,15.63,0.45,72.39,3.07
41.08,28.69,202305,18.84,0.48,71.78,1.24
41.08,28.69,202306,24.01,0.58,45.28,0.86
41.08,28.69,202307,26.15,0.65,23.83,0.33
41.08,28.69,202308,21.47,0.59,31.41,0.3
41.08,28.69,202309,16.72,0.56,46.02,0.71
41.08,28.69,202310,11.52,0.52,49.57,1.15
41.08,28.69,202311,6.49,0.41,68.19,6.37
41.08,28.69,202312,4.82,0.38,64.93,2.3
41.08,28.72,202301,5.51,0.38,69.94,0.72
41.08,28.72,202302,8.89,0.45,66.0,1.83
41.08,28.72,202303,11.1,0.41,71.25,2.49
41.08,28.72,202304,15.63,0.45,72.39,3.07
41.08,28.72,202305,18.84,0.48,71.78,1.24
41.08,28.72,202306,24.01,0.58,45.28,0.86
41.08,28.72,202307,26.15,0.65,23.83,0.33
41.08,28.72,202308,21.47,0.59,31.41,0.3
41.08,28.72,202309,16.72,0.56,46.02,0.71
41.08,28.72,202310,11.52,0.52,49.57,1.15
41.08,28.72,202311,6.49,0.41,68.19,6.37
41.08,28.72,202312,4.82,0.38,64.93,2.3
41.08,28.75,202301,5.51,0.38,69.94,0.72
41.08,28.75,202302,8.89,0.45,66.0,1.83
41.08,28.75,202303,11.1,0.41,71.25,2.49
41.08,28.75,202304,15.63,0.45,72.39,3.07
41.08,28.75,202305,18.84,0.48,71.78,1.24
41.08,28.75,202306,24.01,0.58,45.28,0.86
41.08,28.75,202307,26.15,0.65,23.83,0.33
41.08,28.75,202308,21.47,0.59,31.41,0.3
41.08,28.75,202309,16.72,0.56,46.02,0.71
41.08,28.75,202310,11.52,0.52,49.57,1.15
41.08,28.75,202311,6.49,0.41,68.19,6.37
41.08,28.75,202312,4.82,0.38,64.93,2.3
41.08,28.78,202301,5.51,0.38,69.94,0.72
41.08,28.78,202302,8.89,0.45,66.0,1.83
41.08,28.78,202303,11.1,0.41,71.25,2.49
41.08,28.78,202304,15.63,0.45,72.39,3.07
41.08,28.78,202305,18.84,0.48,71.78,1.24
41.08,28.78,202306,24.01,0.58,45.28,0.86
41.08,28.78,202307,26.15,0.65,23.83,0.33
41.08,28.78,202308,21.47,0.59,31.41,0.3
41.08,28.78,202309,16.72,0.56,46.02,0.71
41.08,28.78,202310,11.52,0.52,49.57,1.15
41.08,28.78,202311,6.49,0.41,68.19,6.37
41.08,28.78,202312,4.82,0.38,64.93,2.3
41.08,28.81,202301,5.51,0.38,69.94,0.72
41.08,28.81,202302,8.89,0.45,66.0,1.83
41.08,28.81,202303,11.1,0.41,71.25,2.49
41.08,28.81,202304,15.63,0.45,72.39,3.07
41.08,28.81,202305,18.84,0.48,71.78,1.24
41.08,28.81,202306,24.01,0.58,45.28,0.86
41.08,28.81,202307,26.15,0.65,23.83,0.33
41.08,28.81,202308,21.47,0.59,31.41,0.3
41.08,28.81,202309,16.72,0.56,46.02,0.71
41.08,28.81,202310,11.52,0.52,49.57,1.15
41.08,28.81,202311,6.49,0.41,68.19,6.37
41.08,28.81,202312,4.82,0.38,64.93,2.3
41.08,28.84,202301,5.51,0.38,69.94,0.72
41.08,28.84,202302,8.89,0.45,66.0,1.83
41.08,28.84,202303,11.1,0.41,71.25,2.49
41.08,28.84,202304,15.63,0.45,72.39,3.07
41.08,28.84,202305,18.84,0.48,71.78,1.24
41.08,28.84,202306,24.01,0.58,45.28,0.86
41.08,28.84,202307,26.15,0.65,23.83,0.33
41.08,28.84,202308,21.47,0.59,31.41,0.3
41.08,28.84,202309,16.72,0.56,46.02,0.71
41.08,28.84,202310,11.52,0.52,49.57,1.15
41.08,28.84,202311,6.49,0.41,68.19,6.37
41.08,28.84,202312,4.82,0.38,64.93,2.3
41.08,28.87,202301,5.51,0.38,69.94,0.72
41.08,28.87,202302,8.89,0.45,66.0,1.83
41.08,28.87,202303,11.1,0.41,71.25,2.49
41.08,28.87,202304,15.63,0.45,72.39,3.07
41.08,28.87,202305,18.84,0.48,71.78,1.24
41.08,28.87,202306,24.01,0.58,45.28,0.86
41.08,28.87,202307,26.15,0.65,23.83,0.33
41.08,28.87,202308,21.47,0.59,31.41,0.3
41.08,28.87,202309,16.72,0.56,46.02,0.71
41.08,28.87,202310,11.52,0.52,49.57,1.15
41.08,28.87,202311,6.49,0.41,68.19,6.37
41.08,28.87,202312,4.82,0.38,64.93,2.3
41.08,28.9,202301,5.51,0.38,69.94,0.72
41.08,28.9,202302,8.89,0.45,66.0,1.83
41.08,28.9,202303,11.1,0.41,71.25,2.49
41.08,28.9,202304,15.63,0.45,72.39,3.07
41.08,28.9,202305,18.84,0.48,71.78,1.24
41.08,28.9,202306,24.01,0.58,45.28,0.86
41.08,28.9,202307,26.15,0.65,23.83,0.33
41.08,28.9,202308,21.47,0.59,31.41,0.3
41.08,28.9,202309,16.72,0.56,46.02,0.71
41.08,28.9,202310,11.52,0.52,49.57,1.15
41.08,28.9,202311,6.49,0.41,68.19,6.37
41.08,28.9,202312,4.82,0.38,64.93,2.3
41.08,28.93,202301,5.51,0.38,69.94,0.72
41.08,28.93,202302,8.89,0.45,66.0,1.83
41.08,28.93,202303,11.1,0.41,71.25,2.49
41.08,28.93,202304,15.63,0.45,72.39,3.07
41.08,28.93,202305,18.84,0.48,71.78,1.24
41.08,28.93,202306,24.01,0.58,45.28,0.86
41.08,28.93,202307,26.15,0.65,23.83,0.33
41.08,28.93,202308,21.47,0.59,31.41,0.3
41.08,28.93,202309,16.72,0.56,46.02,0.71
41.08,28.93,202310,11.52,0.52,49.57,1.15
41.08,28.93,202311,6.49,0.41,68.19,6.37
41.08,28.93,202312,4.82,0.38,64.93,2.3
41.08,28.96,202301,5.51,0.38,69.94,0.72
41.08,28.96,202302,8.89,0.45,66.0,1.83
41.08,28.96,202303,11.1,0.41,71.25,2.49
41.08,28.96,202304,15.63,0.45,72.39,3.07
41.08,28.96,202305,18.84,0.48,71.78,1.24
41.08,28.96,202306,24.01,0.58,45.28,0.86
41.08,28.96,202307,26.15,0.65,23.83,0.33
41.08,28.96,202308,21.47,0.59,31.41,0.3
41.08,28.96,202309,16.72,0.56,46.02,0.71
41.08,28.96,202310,11.52,0.52,49.57,1.15
41.08,28.96,202311,6.49,0.41,68.19,6.37
41.08,28.96,202312,4.82,0.38,64.93,2.3
41.08,28.99,202301,5.51,0.38,69.94,0.72
41.08,28.99,202302,8.89,0.45,66.0,1.83
41.08,28.99,202303,11.1,0.41,71.25,2.49
41.08,28.99,202304,15.63,0.45,72.39,3.07
41.08,28.99,202305,18.84,0.48,71.78,1.24
41.08,28.99,202306,24.01,0.58,45.28,0.86
41.08,28.99,202307,26.15,0.65,23.83,0.33
41.08,28.99,202308,21.47,0.59,31.41,0.3
41.08,28.99,202309,16.72,0.56,46.02,0.71
41.08,28.99,202310,11.52,0.52,49.57,1.15
41.08,28.99,202311,6.49,0.41,68.19,6.37
41.08,28.99,202312,4.82,0.38,64.93,2.3
41.08,29.02,202301,5.47,0.38,77.44,0.72
41.08,29.02,202302,8.67,0.44,75.84,1.83
41.08,29.02,202303,10.41,0.38,81.4,2.49
41.08,29.02,202304,15.39,0.45,77.59,3.07
41.08,29.02,202305,18.83,0.48,75.98,1.24
41.08,29.02,202306,23.93,0.57,50.76,0.86
41.08,29.02,202307,25.58,0.63,28.76,0.33
41.08,29.02,202308,21.98,0.61,33.24,0.3
41.08,29.02,202309,17.75,0.6,55.94,0.71
41.08,29.02,202310,11.5,0.52,63.42,1.15
41.08,29.02,202311,6.57,0.42,78.12,6.37
41.08,29.02,202312,4.93,0.38,71.96,2.3
41.08,29.05,202301,5.47,0.38,77.44,0.72
41.08,29.05,202302,8.67,0.44,75.84,1.83
41.08,29.05,202303,10.41,0.38,81.4,2.49
41.08,29.05,202304,15.39,0.45,77.59,3.07
41.08,29.05,202305,18.83,0.48,75.98,1.24
41.08,29.05,202306,23.93,0.57,50.76,0.86
41.08,29.05,202307,25.58,0.63,28.76,0.33
41.08,29.05,202308,21.98,0.61,33.24,0.3
41.08,29.05,202309,17.75,0.6,55.94,0.71
41.08,29.05,202310,11.5,0.52,63.42,1.15
41.08,29.05,202311,6.57,0.42,78.12,6.37
41.08,29.05,202312,4.93,0.38,71.96,2.3
41.08,29.08,202301,5.47,0.38,77.44,0.72
41.08,29.08,202302,8.67,0.44,75.84,2.53
41.08,29.08,202303,10.41,0.38,81.4,2.88
41.08,29.08,202304,15.39,0.45,77.59,3.03
41.08,29.08,202305,18.83,0.48,75.98,1.35
41.08,29.08,202306,23.93,0.57,50.76,1.56
41.08,29.08,202307,25.58,0.63,28.76,0.79
41.08,29.08,202308,21.98,0.61,33.24,0.51
41.08,29.08,202309,17.75,0.6,55.94,0.89
41.08,29.08,202310,11.5,0.52,63.42,1.83
41.08,29.08,202311,6.57,0.42,78.12,6.97
41.08,29.08,202312,4.93,0.38,71.96,2.45
41.08,29.11,202301,5.47,0.38,77.44,0.72
41.08,29.11,202302,8.67,0.44,75.84,2.53
41.08,29.11,202303,10.41,0.38,81.4,2.88
41.08,29.11,202304,15.39,0.45,77.59,3.03
41.08,29.11,202305,18.83,0.48,75.98,1.35
41.08,29.11,202306,23.93,0.57,50.76,1.56
41.08,29.11,202307,25.58,0.63,28.76,0.79
41.08,29.11,202308,21.98,0.61,33.24,0.51
41.08,29.11,202309,17.75,0.6,55.94,0.89
41.08,29.11,202310,11.5,0.52,63.42,1.83
41.08,29.11,202311,6.57,0.42,78.12,6.97
41.08,29.11,202312,4.93,0.38,71.96,2.45
41.08,29.14,202301,5.47,0.38,77.44,0.72
41.08,29.14,202302,8.67,0.44,75.84,2.53
41.08,29.14,202303,10.41,0.38,81.4,2.88
41.08,29.14,202304,15.39,0.45,77.59,3.03
41.08,29.14,202305,18.83,0.48,75.98,1.35
41.08,29.14,202306,23.93,0.57,50.76,1.56
41.08,29.14,202307,25.58,0.63,28.76,0.79
41.08,29.14,202308,21.98,0.61,33.24,0.51
41.08,29.14,202309,17.75,0.6,55.94,0.89
41.08,29.14,202310,11.5,0.52,63.42,1.83
41.08,29.14,202311,6.57,0.42,78.12,6.97
41.08,29.14,202312,4.93,0.38,71.96,2.45
41.08,29.17,202301,5.47,0.38,77.44,0.72
41.08,29.17,202302,8.67,0.44,75.84,2.53
41.08,29.17,202303,10.41,0.38,81.4,2.88
41.08,29.17,202304,15.39,0.45,77.59,3.03
41.08,29.17,202305,18.83,0.48,75.98,1.35
41.08,29.17,202306,23.93,0.57,50.76,1.56
41.08,29.17,202307,25.58,0.63,28.76,0.79
41.08,29.17,202308,21.98,0.61,33.24,0.51
41.08,29.17,202309,17.75,0.6,55.94,0.89
41.08,29.17,202310,11.5,0.52,63.42,1.83
41.08,29.17,202311,6.57,0.42,78.12,6.97
41.08,29.17,202312,4.93,0.38,71.96,2.45
41.08,29.2,202301,5.47,0.38,77.44,0.72
41.08,29.2,202302,8.67,0.44,75.84,2.53
41.08,29.2,202303,10.41,0.38,81.4,2.88
41.08,29.2,202304,15.39,0.45,77.59,3.03
41.08,29.2,202305,18.83,0.48,75.98,1.35
41.08,29.2,202306,23.93,0.57,50.76,1.56
41.08,29.2,202307,25.58,0.63,28.76,0.79
41.08,29.2,202308,21.98,0.61,33.24,0.51
41.08,29.2,202309,17.75,0.6,55.94,0.89
41.08,29.2,202310,11.5,0.52,63.42,1.83
41.08,29.2,202311,6.57,0.42,78.12,6.97
41.08,29.2,202312,4.93,0.38,71.96,2.45
41.08,29.23,202301,5.47,0.38,77.44,0.72
41.08,29.23,202302,8.67,0.44,75.84,2.53
41.08,29.23,202303,10.41,0.38,81.4,2.88
41.08,29.23,202304,15.39,0.45,77.59,3.03
41.08,29.23,202305,18.83,0.48,75.98,1.35
41.08,29.23,202306,23.93,0.57,50.76,1.56
41.08,29.23,202307,25.58,0.63,28.76,0.79
41.08,29.23,202308,21.98,0.61,33.24,0.51
41.08,29.23,202309,17.75,0.6,55.94,0.89
41.08,29.23,202310,11.5,0.52,63.42,1.83
41.08,29.23,202311,6.57,0.42,78.12,6.97
41.08,29.23,202312,4.93,0.38,71.96,2.45
41.08,29.26,202301,5.47,0.38,77.44,0.72
41.08,29.26,202302,8.67,0.44,75.84,2.53
41.08,29.26,202303,10.41,0.38,81.4,2.88
41.08,29.26,202304,15.39,0.45,77.59,3.03
41.08,29.26,202305,18.83,0.48,75.98,1.35
41.08,29.26,202306,23.93,0.57,50.76,1.56
41.08,29.26,202307,25.58,0.63,28.76,0.79
41.08,29.26,202308,21.98,0.61,33.24,0.51
41.08,29.26,202309,17.75,0.6,55.94,0.89
41.08,29.26,202310,11.5,0.52,63.42,1.83
41.08,29.26,202311,6.57,0.42,78.12,6.97
41.08,29.26,202312,4.93,0.38,71.96,2.45
41.08,29.29,202301,5.47,0.38,77.44,0.72
41.08,29.29,202302,8.67,0.44,75.84,2.53
41.08,29.29,202303,10.41,0.38,81.4,2.88
41.08,29.29,202304,15.39,0.45,77.59,3.03
41.08,29.29,202305,18.83,0.48,75.98,1.35
41.08,29.29,202306,23.93,0.57,50.76,1.56
41.08,29.29,202307,25.58,0.63,28.76,0.79
41.08,29.29,202308,21.98,0.61,33.24,0.51
41.08,29.29,202309,17.75,0.6,55.94,0.89
41.08,29.29,202310,11.5,0.52,63.42,1.83
41.08,29.29,202311,6.57,0.42,78.12,6.97
41.08,29.29,202312,4.93,0.38,71.96,2.45
41.08,29.32,202301,5.47,0.38,77.44,0.72
41.08,29.32,202302,8.67,0.44,75.84,2.53
41.08,29.32,202303,10.41,0.38,81.4,2.88
41.08,29.32,202304,15.39,0.45,77.59,3.03
41.08,29.32,202305,18.83,0.48,75.98,1.35
41.08,29.32,202306,23.93,0.57,50.76,1.56
41.08,29.32,202307,25.58,0.63,28.76,0.79
41.08,29.32,202308,21.98,0.61,33.24,0.51
41.08,29.32,202309,17.75,0.6,55.94,0.89
41.08,29.32,202310,11.5,0.52,63.42,1.83
41.08,29.32,202311,6.57,0.42,78.12,6.97
41.08,29.32,202312,4.93,0.38,71.96,2.45
41.08,29.35,202301,5.47,0.38,77.44,0.72
41.08,29.35,202302,8.67,0.44,75.84,2.53
41.08,29.35,202303,10.41,0.38,81.4,2.88
41.08,29.35,202304,15.39,0.45,77.59,3.03
41.08,29.35,202305,18.83,0.48,75.98,1.35
41.08,29.35,202306,23.93,0.57,50.76,1.56
41.08,29.35,202307,25.58,0.63,28.76,0.79
41.08,29.35,202308,21.98,0.61,33.24,0.51
41.08,29.35,202309,17.75,0.6,55.94,0.89
41.08,29.35,202310,11.5,0.52,63.42,1.83
41.08,29.35,202311,6.57,0.42,78.12,6.97
41.08,29.35,202312,4.93,0.38,71.96,2.45
41.08,29.38,202301,5.47,0.38,77.44,0.72
41.08,29.38,202302,8.67,0.44,75.84,2.53
41.08,29.38,202303,10.41,0.38,81.4,2.88
41.08,29.38,202304,15.39,0.45,77.59,3.03
41.08,29.38,202305,18.83,0.48,75.98,1.35
41.08,29.38,202306,23.93,0.57,50.76,1.56
41.08,29.38,202307,25.58,0.63,28.76,0.79
41.08,29.38,202308,21.98,0.61,33.24,0.51
41.08,29.38,202309,17.75,0.6,55.94,0.89
41.08,29.38,202310,11.5,0.52,63.42,1.83
41.08,29.38,202311,6.57,0.42,78.12,6.97
41.08,29.38,202312,4.93,0.38,71.96,2.45
41.08,29.41,202301,5.47,0.38,77.44,0.72
41.08,29.41,202302,8.67,0.44,75.84,2.53
41.08,29.41,202303,10.41,0.38,81.4,2.88
41.08,29.41,202304,15.39,0.45,77.59,3.03
41.08,29.41,202305,18.83,0.48,75.98,1.35
41.08,29.41,202306,23.93,0.57,50.76,1.56
41.08,29.41,202307,25.58,0.63,28.76,0.79
41.08,29.41,202308,21.98,0.61,33.24,0.51
41.08,29.41,202309,17.75,0.6,55.94,0.89
41.08,29.41,202310,11.5,0.52,63.42,1.83
41.08,29.41,202311,6.57,0.42,78.12,6.97
41.08,29.41,202312,4.93,0.38,71.96,2.45
41.08,29.44,202301,5.47,0.38,77.44,0.72
41.08,29.44,202302,8.67,0.44,75.84,2.53
41.08,29.44,202303,10.41,0.38,81.4,2.88
41.08,29.44,202304,15.39,0.45,77.59,3.03
41.08,29.44,202305,18.83,0.48,75.98,1.35
41.08,29.44,202306,23.93,0.57,50.76,1.56
41.08,29.44,202307,25.58,0.63,28.76,0.79
41.08,29.44,202308,21.98,0.61,33.24,0.51
41.08,29.44,202309,17.75,0.6,55.94,0.89
41.08,29.44,202310,11.5,0.52,63.42,1.83
41.08,29.44,202311,6.57,0.42,78.12,6.97
41.08,29.44,202312,4.93,0.38,71.96,2.45
41.08,29.47,202301,5.47,0.38,77.44,0.72
41.08,29.47,202302,8.67,0.44,75.84,2.53
41.08,29.47,202303,10.41,0.38,81.4,2.88
41.08,29.47,202304,15.39,0.45,77.59,3.03
41.08,29.47,202305,18.83,0.48,75.98,1.35
41.08,29.47,202306,23.93,0.57,50.76,1.56
41.08,29.47,202307,25.58,0.63,28.76,0.79
41.08,29.47,202308,21.98,0.61,33.24,0.51
41.08,29.47,202309,17.75,0.6,55.94,0.89
41.08,29.47,202310,11.5,0.52,63.42,1.83
41.08,29.47,202311,6.57,0.42,78.12,6.97
41.08,29.47,202312,4.93,0.38,71.96,2.45
41.08,29.5,202301,5.47,0.38,77.44,0.72
41.08,29.5,202302,8.67,0.44,75.84,2.53
41.08,29.5,202303,10.41,0.38,81.4,2.88
41.08,29.5,202304,15.39,0.45,77.59,3.03
41.08,29.5,202305,18.83,0.48,75.98,1.35
41.08,29.5,202306,23.93,0.57,50.76,1.56
41.08,29.5,202307,25.58,0.63,28.76,0.79
41.08,29.5,202308,21.98,0.61,33.24,0.51
41.08,29.5,202309,17.75,0.6,55.94,0.89
41.08,29.5,202310,11.5,0.52,63.42,1.83
41.08,29.5,202311,6.57,0.42,78.12,6.97
41.08,29.5,202312,4.93,0.38,71.96,2.45
41.08,29.53,202301,5.47,0.38,77.44,0.72
41.08,29.53,202302,8.67,0.44,75.84,2.53
41.08,29.53,202303,10.41,0.38,81.4,2.88
41.08,29.53,202304,15.39,0.45,77.59,3.03
41.08,29.53,202305,18.83,0.48,75.98,1.35
41.08,29.53,202306,23.93,0.57,50.76,1.56
41.08,29.53,202307,25.58,0.63,28.76,0.79
41.08,29.53,202308,21.98,0.61,33.24,0.51
41.08,29.53,202309,17.75,0.6,55.94,0.89
41.08,29.53,202310,11.5,0.52,63.42,1.83
41.08,29.53,202311,6.57,0.42,78.12,6.97
41.08,29.53,202312,4.93,0.38,71.96,2.45
41.08,29.56,202301,5.47,0.38,77.44,0.72
41.08,29.56,202302,8.67,0.44,75.84,2.53
41.08,29.56,202303,10.41,0.38,81.4,2.88
41.08,29.56,202304,15.39,0.45,77.59,3.03
41.08,29.56,202305,18.83,0.48,75.98,1.35
41.08,29.56,202306,23.93,0.57,50.76,1.56
41.08,29.56,202307,25.58,0.63,28.76,0.79
41.08,29.56,202308,21.98,0.61,33.24,0.51
41.08,29.56,202309,17.75,0.6,55.94,0.89
41.08,29.56,202310,11.5,0.52,63.42,1.83
41.08,29.56,202311,6.57,0.42,78.12,6.97
41.08,29.56,202312,4.93,0.38,71.96,2.45
41.08,29.59,202301,5.47,0.38,77.44,0.72
41.08,29.59,202302,8.67,0.44,75.84,2.53
41.08,29.59,202303,10.41,0.38,81.4,2.88
41.08,29.59,202304,15.39,0.45,77.59,3.03
41.08,29.59,202305,18.83,0.48,75.98,1.35
41.08,29.59,202306,23.93,0.57,50.76,1.56
41.08,29.59,202307,25.58,0.63,28.76,0.79
41.08,29.59,202308,21.98,0.61,33.24,0.51
41.08,29.59,202309,17.75,0.6,55.94,0.89
41.08,29.59,202310,11.5,0.52,63.42,1.83
41.08,29.59,202311,6.57,0.42,78.12,6.97
41.08,29.59,202312,4.93,0.38,71.96,2.45
41.08,29.62,202301,5.47,0.38,77.44,0.72
41.08,29.62,202302,8.67,0.44,75.84,2.53
41.08,29.62,202303,10.41,0.38,81.4,2.88
41.08,29.62,202304,15.39,0.45,77.59,3.03
41.08,29.62,202305,18.83,0.48,75.98,1.35
41.08,29.62,202306,23.93,0.57,50.76,1.56
41.08,29.62,202307,25.58,0.63,28.76,0.79
41.08,29.62,202308,21.98,0.61,33.24,0.51
41.08,29.62,202309,17.75,0.6,55.94,0.89
41.08,29.62,202310,11.5,0.52,63.42,1.83
41.08,29.62,202311,6.57,0.42,78.12,6.97
41.08,29.62,202312,4.93,0.38,71.96,2.45
41.08,29.65,202301,5.47,0.38,77.44,0.72
41.08,29.65,202302,8.67,0.44,75.84,2.53
41.08,29.65,202303,10.41,0.38,81.4,2.88
41.08,29.65,202304,15.39,0.45,77.59,3.03
41.08,29.65,202305,18.83,0.48,75.98,1.35
41.08,29.65,202306,23.93,0.57,50.76,1.56
41.08,29.65,202307,25.58,0.63,28.76,0.79
41.08,29.65,202308,21.98,0.61,33.24,0.51
41.08,29.65,202309,17.75,0.6,55.94,0.89
41.08,29.65,202310,11.5,0.52,63.42,1.83
41.08,29.65,202311,6.57,0.42,78.12,6.97
41.08,29.65,202312,4.93,0.38,71.96,2.45
41.08,29.68,202301,5.47,0.38,77.44,0.72
41.08,29.68,202302,8.67,0.44,75.84,2.53
41.08,29.68,202303,10.41,0.38,81.4,2.88
41.08,29.68,202304,15.39,0.45,77.59,3.03
41.08,29.68,202305,18.83,0.48,75.98,1.35
41.08,29.68,202306,23.93,0.57,50.76,1.56
41.08,29.68,202307,25.58,0.63,28.76,0.79
41.08,29.68,202308,21.98,0.61,33.24,0.51
41.08,29.68,202309,17.75,0.6,55.94,0.89
41.08,29.68,202310,11.5,0.52,63.42,1.83
41.08,29.68,202311,6.57,0.42,78.12,6.97
41.08,29.68,202312,4.93,0.38,71.96,2.45
41.08,29.71,202301,5.47,0.38,77.44,0.81
41.08,29.71,202302,8.67,0.44,75.84,3.12
41.08,29.71,202303,10.41,0.38,81.4,3.56
41.08,29.71,202304,15.39,0.45,77.59,3.15
41.08,29.71,202305,18.83,0.48,75.98,1.85
41.08,29.71,202306,23.93,0.57,50.76,3.94
41.08,29.71,202307,25.58,0.63,28.76,2.15
41.08,29.71,202308,21.98,0.61,33.24,0.82
41.08,29.71,202309,17.75,0.6,55.94,0.95
41.08,29.71,202310,11.5,0.52,63.42,2.61
41.08,29.71,202311,6.57,0.42,78.12,6.92
41.08,29.71,202312,4.93,0.38,71.96,2.87
41.08,29.74,202301,5.47,0.38,77.44,0.81
41.08,29.74,202302,8.67,0.44,75.84,3.12
41.08,29.74,202303,10.41,0.38,81.4,3.56
41.08,29.74,202304,15.39,0.45,77.59,3.15
41.08,29.74,202305,18.83,0.48,75.98,1.85
41.08,29.74,202306,23.93,0.57,50.76,3.94
41.08,29.74,202307,25.58,0.63,28.76,2.15
41.08,29.74,202308,21.98,0.61,33.24,0.82
41.08,29.74,202309,17.75,0.6,55.94,0.95
41.08,29.74,202310,11.5,0.52,63.42,2.61
41.08,29.74,202311,6.57,0.42,78.12,6.92
41.08,29.74,202312,4.93,0.38,71.96,2.87
41.08,29.77,202301,5.47,0.38,77.44,0.81
41.08,29.77,202302,8.67,0.44,75.84,3.12
41.08,29.77,202303,10.41,0.38,81.4,3.56
41.08,29.77,202304,15.39,0.45,77.59,3.15
41.08,29.77,202305,18.83,0.48,75.98,1.85
41.08,29.77,202306,23.93,0.57,50.76,3.94
41.08,29.77,202307,25.58,0.63,28.76,2.15
41.08,29.77,202308,21.98,0.61,33.24,0.82
41.08,29.77,202309,17.75,0.6,55.94,0.95
41.08,29.77,202310,11.5,0.52,63.42,2.61
41.08,29.77,202311,6.57,0.42,78.12,6.92
41.08,29.77,202312,4.93,0.38,71.96,2.87
41.08,29.8,202301,5.47,0.38,77.44,0.81
41.08,29.8,202302,8.67,0.44,75.84,3.12
41.08,29.8,202303,10.41,0.38,81.4,3.56
41.08,29.8,202304,15.39,0.45,77.59,3.15
41.08,29.8,202305,18.83,0.48,75.98,1.85
41.08,29.8,202306,23.93,0.57,50.76,3.94
41.08,29.8,202307,25.58,0.63,28.76,2.15
41.08,29.8,202308,21.98,0.61,33.24,0.82
41.08,29.8,202309,17.75,0.6,55.94,0.95
41.08,29.8,202310,11.5,0.52,63.42,2.61
41.08,29.8,202311,6.57,0.42,78.12,6.92
41.08,29.8,202312,4.93,0.38,71.96,2.87
41.08,29.83,202301,5.47,0.38,77.44,0.81
41.08,29.83,202302,8.67,0.44,75.84,3.12
41.08,29.83,202303,10.41,0.38,81.4,3.56
41.08,29.83,202304,15.39,0.45,77.59,3.15
41.08,29.83,202305,18.83,0.48,75.98,1.85
41.08,29.83,202306,23.93,0.57,50.76,3.94
41.08,29.83,202307,25.58,0.63,28.76,2.15
41.08,29.83,202308,21.98,0.61,33.24,0.82
41.08,29.83,202309,17.75,0.6,55.94,0.95
41.08,29.83,202310,11.5,0.52,63.42,2.61
41.08,29.83,202311,6.57,0.42,78.12,6.92
41.08,29.83,202312,4.93,0.38,71.96,2.87
41.08,29.86,202301,5.47,0.38,77.44,0.81
41.08,29.86,202302,8.67,0.44,75.84,3.12
41.08,29.86,202303,10.41,0.38,81.4,3.56
41.08,29.86,202304,15.39,0.45,77.59,3.15
41.08,29.86,202305,18.83,0.48,75.98,1.85
41.08,29.86,202306,23.93,0.57,50.76,3.94
41.08,29.86,202307,25.58,0.63,28.76,2.15
41.08,29.86,202308,21.98,0.61,33.24,0.82
41.08,29.86,202309,17.75,0.6,55.94,0.95
41.08,29.86,202310,11.5,0.52,63.42,2.61
41.08,29.86,202311,6.57,0.42,78.12,6.92
41.08,29.86,202312,4.93,0.38,71.96,2.87
41.08,29.89,202301,5.47,0.38,77.44,0.81
41.08,29.89,202302,8.67,0.44,75.84,3.12
41.08,29.89,202303,10.41,0.38,81.4,3.56
41.08,29.89,202304,15.39,0.45,77.59,3.15
41.08,29.89,202305,18.83,0.48,75.98,1.85
41.08,29.89,202306,23.93,0.57,50.76,3.94
41.08,29.89,202307,25.58,0.63,28.76,2.15
41.08,29.89,202308,21.98,0.61,33.24,0.82
41.08,29.89,202309,17.75,0.6,55.94,0.95
41.08,29.89,202310,11.5,0.52,63.42,2.61
41.08,29.89,202311,6.57,0.42,78.12,6.92
41.08,29.89,202312,4.93,0.38,71.96,2.87
41.1,28.0,202301,5.51,0.38,69.94,0.87
41.1,28.0,202302,8.89,0.45,66.0,1.39
41.1,28.0,202303,11.1,0.41,71.25,2.38
41.1,28.0,202304,15.63,0.45,72.39,3.11
41.1,28.0,202305,18.84,0.48,71.78,1.18
41.1,28.0,202306,24.01,0.58,45.28,0.92
41.1,28.0,202307,26.15,0.65,23.83,0.27
41.1,28.0,202308,21.47,0.59,31.41,0.21
41.1,28.0,202309,16.72,0.56,46.02,0.96
41.1,28.0,202310,11.52,0.52,49.57,0.71
41.1,28.0,202311,6.49,0.41,68.19,6.61
41.1,28.0,202312,4.82,0.38,64.93,2.62
41.1,28.03,202301,5.51,0.38,69.94,0.87
41.1,28.03,202302,8.89,0.45,66.0,1.39
41.1,28.03,202303,11.1,0.41,71.25,2.38
41.1,28.03,202304,15.63,0.45,72.39,3.11
41.1,28.03,202305,18.84,0.48,71.78,1.18
41.1,28.03,202306,24.01,0.58,45.28,0.92
41.1,28.03,202307,26.15,0.65,23.83,0.27
41.1,28.03,202308,21.47,0.59,31.41,0.21
41.1,28.03,202309,16.72,0.56,46.02,0.96
41.1,28.03,202310,11.52,0.52,49.57,0.71
41.1,28.03,202311,6.49,0.41,68.19,6.61
41.1,28.03,202312,4.82,0.38,64.93,2.62
41.1,28.06,202301,5.51,0.38,69.94,0.87
41.1,28.06,202302,8.89,0.45,66.0,1.39
41.1,28.06,202303,11.1,0.41,71.25,2.38
41.1,28.06,202304,15.63,0.45,72.39,3.11
41.1,28.06,202305,18.84,0.48,71.78,1.18
41.1,28.06,202306,24.01,0.58,45.28,0.92
41.1,28.06,202307,26.15,0.65,23.83,0.27
41.1,28.06,202308,21.47,0.59,31.41,0.21
41.1,28.06,202309,16.72,0.56,46.02,0.96
41.1,28.06,202310,11.52,0.52,49.57,0.71
41.1,28.06,202311,6.49,0.41,68.19,6.61
41.1,28.06,202312,4.82,0.38,64.93,2.62
41.1,28.09,202301,5.51,0.38,69.94,0.87
41.1,28.09,202302,8.89,0.45,66.0,1.39
41.1,28.09,202303,11.1,0.41,71.25,2.38
41.1,28.09,202304,15.63,0.45,72.39,3.11
41.1,28.09,202305,18.84,0.48,71.78,1.18
41.1,28.09,202306,24.01,0.58,45.28,0.92
41.1,28.09,202307,26.15,0.65,23.83,0.27
41.1,28.09,202308,21.47,0.59,31.41,0.21
41.1,28.09,202309,16.72,0.56,46.02,0.96
41.1,28.09,202310,11.52,0.52,49.57,0.71
41.1,28.09,202311,6.49,0.41,68.19,6.61
41.1,28.09,202312,4.82,0.38,64.93,2.62
41.1,28.12,202301,5.51,0.38,69.94,0.87
41.1,28.12,202302,8.89,0.45,66.0,1.39
41.1,28.12,202303,11.1,0.41,71.25,2.38
41.1,28.12,202304,15.63,0.45,72.39,3.11
41.1,28.12,202305,18.84,0.48,71.78,1.18
41.1,28.12,202306,24.01,0.58,45.28,0.92
41.1,28.12,202307,26.15,0.65,23.83,0.27
41.1,28.12,202308,21.47,0.59,31.41,0.21
41.1,28.12,202309,16.72,0.56,46.02,0.96
41.1,28.12,202310,11.52,0.52,49.57,0.71
41.1,28.12,202311,6.49,0.41,68.19,6.61
41.1,28.12,202312,4.82,0.38,64.93,2.62
41.1,28.15,202301,5.51,0.38,69.94,0.87
41.1,28.15,202302,8.89,0.45,66.0,1.39
41.1,28.15,202303,11.1,0.41,71.25,2.38
41.1,28.15,202304,15.63,0.45,72.39,3.11
41.1,28.15,202305,18.84,0.48,71.78,1.18
41.1,28.15,202306,24.01,0.58,45.28,0.92
41.1,28.15,202307,26.15,0.65,23.83,0.27
41.1,28.15,202308,21.47,0.59,31.41,0.21
41.1,28.15,202309,16.72,0.56,46.02,0.96
41.1,28.15,202310,11.52,0.52,49.57,0.71
41.1,28.15,202311,6.49,0.41,68.19,6.61
41.1,28.15,202312,4.82,0.38,64.93,2.62
41.1,28.18,202301,5.51,0.38,69.94,0.87
41.1,28.18,202302,8.89,0.45,66.0,1.39
41.1,28.18,202303,11.1,0.41,71.25,2.38
41.1,28.18,202304,15.63,0.45,72.39,3.11
41.1,28.18,202305,18.84,0.48,71.78,1.18
41.1,28.18,202306,24.01,0.58,45.28,0.92
41.1,28.18,202307,26.15,0.65,23.83,0.27
41.1,28.18,202308,21.47,0.59,31.41,0.21
41.1,28.18,202309,16.72,0.56,46.02,0.96
41.1,28.18,202310,11.52,0.52,49.57,0.71
41.1,28.18,202311,6.49,0.41,68.19,6.61
41.1,28.18,202312,4.82,0.38,64.93,2.62
41.1,28.21,202301,5.51,0.38,69.94,0.87
41.1,28.21,202302,8.89,0.45,66.0,1.39
41.1,28.21,202303,11.1,0.41,71.25,2.38
41.1,28.21,202304,15.63,0.45,72.39,3.11
41.1,28.21,202305,18.84,0.48,71.78,1.18
41.1,28.21,202306,24.01,0.58,45.28,0.92
41.1,28.21,202307,26.15,0.65,23.83,0.27
41.1,28.21,202308,21.47,0.59,31.41,0.21
41.1,28.21,202309,16.72,0.56,46.02,0.96
41.1,28.21,202310,11.52,0.52,49.57,0.71
41.1,28.21,202311,6.49,0.41,68.19,6.61
41.1,28.21,202312,4.82,0.38,64.93,2.62
41.1,28.24,202301,5.51,0.38,69.94,0.87
41.1,28.24,202302,8.89,0.45,66.0,1.39
41.1,28.24,202303,11.1,0.41,71.25,2.38
41.1,28.24,202304,15.63,0.45,72.39,3.11
41.1,28.24,202305,18.84,0.48,71.78,1.18
41.1,28.24,202306,24.01,0.58,45.28,0.92
41.1,28.24,202307,26.15,0.65,23.83,0.27
41.1,28.24,202308,21.47,0.59,31.41,0.21
41.1,28.24,202309,16.72,0.56,46.02,0.96
41.1,28.24,202310,11.52,0.52,49.57,0.71
41.1,28.24,202311,6.49,0.41,68.19,6.61
41.1,28.24,202312,4.82,0.38,64.93,2.62
41.1,28.27,202301,5.51,0.38,69.94,0.87
41.1,28.27,202302,8.89,0.45,66.0,1.39
41.1,28.27,202303,11.1,0.41,71.25,2.38
41.1,28.27,202304,15.63,0.45,72.39,3.11
41.1,28.27,202305,18.84,0.48,71.78,1.18
41.1,28.27,202306,24.01,0.58,45.28,0.92
41.1,28.27,202307,26.15,0.65,23.83,0.27
41.1,28.27,202308,21.47,0.59,31.41,0.21
41.1,28.27,202309,16.72,0.56,46.02,0.96
41.1,28.27,202310,11.52,0.52,49.57,0.71
41.1,28.27,202311,6.49,0.41,68.19,6.61
41.1,28.27,202312,4.82,0.38,64.93,2.62
41.1,28.3,202301,5.51,0.38,69.94,0.87
41.1,28.3,202302,8.89,0.45,66.0,1.39
41.1,28.3,202303,11.1,0.41,71.25,2.38
41.1,28.3,202304,15.63,0.45,72.39,3.11
41.1,28.3,202305,18.84,0.48,71.78,1.18
41.1,28.3,202306,24.01,0.58,45.28,0.92
41.1,28.3,202307,26.15,0.65,23.83,0.27
41.1,28.3,202308,21.47,0.59,31.41,0.21
41.1,28.3,202309,16.72,0.56,46.02,0.96
41.1,28.3,202310,11.52,0.52,49.57,0.71
41.1,28.3,202311,6.49,0.41,68.19,6.61
41.1,28.3,202312,4.82,0.38,64.93,2.62
41.1,28.33,202301,5.51,0.38,69.94,0.87
41.1,28.33,202302,8.89,0.45,66.0,1.39
41.1,28.33,202303,11.1,0.41,71.25,2.38
41.1,28.33,202304,15.63,0.45,72.39,3.11
41.1,28.33,202305,18.84,0.48,71.78,1.18
41.1,28.33,202306,24.01,0.58,45.28,0.92
41.1,28.33,202307,26.15,0.65,23.83,0.27
41.1,28.33,202308,21.47,0.59,31.41,0.21
41.1,28.33,202309,16.72,0.56,46.02,0.96
41.1,28.33,202310,11.52,0.52,49.57,0.71
41.1,28.33,202311,6.49,0.41,68.19,6.61
41.1,28.33,202312,4.82,0.38,64.93,2.62
41.1,28.36,202301,5.51,0.38,69.94,0.87
41.1,28.36,202302,8.89,0.45,66.0,1.39
41.1,28.36,202303,11.1,0.41,71.25,2.38
41.1,28.36,202304,15.63,0.45,72.39,3.11
41.1,28.36,202305,18.84,0.48,71.78,1.18
41.1,28.36,202306,24.01,0.58,45.28,0.92
41.1,28.36,202307,26.15,0.65,23.83,0.27
41.1,28.36,202308,21.47,0.59,31.41,0.21
41.1,28.36,202309,16.72,0.56,46.02,0.96
41.1,28.36,202310,11.52,0.52,49.57,0.71
41.1,28.36,202311,6.49,0.41,68.19,6.61
41.1,28.36,202312,4.82,0.38,64.93,2.62
41.1,28.39,202301,5.51,0.38,69.94,0.87
41.1,28.39,202302,8.89,0.45,66.0,1.39
41.1,28.39,202303,11.1,0.41,71.25,2.38
41.1,28.39,202304,15.63,0.45,72.39,3.11
41.1,28.39,202305,18.84,0.48,71.78,1.18
41.1,28.39,202306,24.01,0.58,45.28,0.92
41.1,28.39,202307,26.15,0.65,23.83,0.27
41.1,28.39,202308,21.47,0.59,31.41,0.21
41.1,28.39,202309,16.72,0.56,46.02,0.96
41.1,28.39,202310,11.52,0.52,49.57,0.71
41.1,28.39,202311,6.49,0.41,68.19,6.61
41.1,28.39,202312,4.82,0.38,64.93,2.62
41.1,28.42,202301,5.51,0.38,69.94,0.87
41.1,28.42,202302,8.89,0.45,66.0,1.39
41.1,28.42,202303,11.1,0.41,71.25,2.38
41.1,28.42,202304,15.63,0.45,72.39,3.11
41.1,28.42,202305,18.84,0.48,71.78,1.18
41.1,28.42,202306,24.01,0.58,45.28,0.92
41.1,28.42,202307,26.15,0.65,23.83,0.27
41.1,28.42,202308,21.47,0.59,31.41,0.21
41.1,28.42,202309,16.72,0.56,46.02,0.96
41.1,28.42,202310,11.52,0.52,49.57,0.71
41.1,28.42,202311,6.49,0.41,68.19,6.61
41.1,28.42,202312,4.82,0.38,64.93,2.62
41.1,28.45,202301,5.51,0.38,69.94,0.72
41.1,28.45,202302,8.89,0.45,66.0,1.83
41.1,28.45,202303,11.1,0.41,71.25,2.49
41.1,28.45,202304,15.63,0.45,72.39,3.07
41.1,28.45,202305,18.84,0.48,71.78,1.24
41.1,28.45,202306,24.01,0.58,45.28,0.86
41.1,28.45,202307,26.15,0.65,23.83,0.33
41.1,28.45,202308,21.47,0.59,31.41,0.3
41.1,28.45,202309,16.72,0.56,46.02,0.71
41.1,28.45,202310,11.52,0.52,49.57,1.15
41.1,28.45,202311,6.49,0.41,68.19,6.37
41.1,28.45,202312,4.82,0.38,64.93,2.3
41.1,28.48,202301,5.51,0.38,69.94,0.72
41.1,28.48,202302,8.89,0.45,66.0,1.83
41.1,28.48,202303,11.1,0.41,71.25,2.49
41.1,28.48,202304,15.63,0.45,72.39,3.07
41.1,28.48,202305,18.84,0.48,71.78,1.24
41.1,28.48,202306,24.01,0.58,45.28,0.86
41.1,28.48,202307,26.15,0.65,23.83,0.33
41.1,28.48,202308,21.47,0.59,31.41,0.3
41.1,28.48,202309,16.72,0.56,46.02,0.71
41.1,28.48,202310,11.52,0.52,49.57,1.15
41.1,28.48,202311,6.49,0.41,68.19,6.37
41.1,28.48,202312,4.82,0.38,64.93,2.3
41.1,28.51,202301,5.51,0.38,69.94,0.72
41.1,28.51,202302,8.89,0.45,66.0,1.83
41.1,28.51,202303,11.1,0.41,71.25,2.49
41.1,28.51,202304,15.63,0.45,72.39,3.07
41.1,28.51,202305,18.84,0.48,71.78,1.24
41.1,28.51,202306,24.01,0.58,45.28,0.86
41.1,28.51,202307,26.15,0.65,23.83,0.33
41.1,28.51,202308,21.47,0.59,31.41,0.3
41.1,28.51,202309,16.72,0.56,46.02,0.71
41.1,28.51,202310,11.52,0.52,49.57,1.15
41.1,28.51,202311,6.49,0.41,68.19,6.37
41.1,28.51,202312,4.82,0.38,64.93,2.3
41.1,28.54,202301,5.51,0.38,69.94,0.72
41.1,28.54,202302,8.89,0.45,66.0,1.83
41.1,28.54,202303,11.1,0.41,71.25,2.49
41.1,28.54,202304,15.63,0.45,72.39,3.07
41.1,28.54,202305,18.84,0.48,71.78,1.24
41.1,28.54,202306,24.01,0.58,45.28,0.86
41.1,28.54,202307,26.15,0.65,23.83,0.33
41.1,28.54,202308,21.47,0.59,31.41,0.3
41.1,28.54,202309,16.72,0.56,46.02,0.71
41.1,28.54,202310,11.52,0.52,49.57,1.15
41.1,28.54,202311,6.49,0.41,68.19,6.37
41.1,28.54,202312,4.82,0.38,64.93,2.3
41.1,28.57,202301,5.51,0.38,69.94,0.72
41.1,28.57,202302,8.89,0.45,66.0,1.83
41.1,28.57,202303,11.1,0.41,71.25,2.49
41.1,28.57,202304,15.63,0.45,72.39,3.07
41.1,28.57,202305,18.84,0.48,71.78,1.24
41.1,28.57,202306,24.01,0.58,45.28,0.86
41.1,28.57,202307,26.15,0.65,23.83,0.33
41.1,28.57,202308,21.47,0.59,31.41,0.3
41.1,28.57,202309,16.72,0.56,46.02,0.71
41.1,28.57,202310,11.52,0.52,49.57,1.15
41.1,28.57,202311,6.49,0.41,68.19,6.37
41.1,28.57,202312,4.82,0.38,64.93,2.3
41.1,28.6,202301,5.51,0.38,69.94,0.72
41.1,28.6,202302,8.89,0.45,66.0,1.83
41.1,28.6,202303,11.1,0.41,71.25,2.49
41.1,28.6,202304,15.63,0.45,72.39,3.07
41.1,28.6,202305,18.84,0.48,71.78,1.24
41.1,28.6,202306,24.01,0.58,45.28,0.86
41.1,28.6,202307,26.15,0.65,23.83,0.33
41.1,28.6,202308,21.47,0.59,31.41,0.3
41.1,28.6,202309,16.72,0.56,46.02,0.71
41.1,28.6,202310,11.52,0.52,49.57,1.15
41.1,28.6,202311,6.49,0.41,68.19,6.37
41.1,28.6,202312,4.82,0.38,64.93,2.3
41.1,28.63,202301,5.51,0.38,69.94,0.72
41.1,28.63,202302,8.89,0.45,66.0,1.83
41.1,28.63,202303,11.1,0.41,71.25,2.49
41.1,28.63,202304,15.63,0.45,72.39,3.07
41.1,28.63,202305,18.84,0.48,71.78,1.24
41.1,28.63,202306,24.01,0.58,45.28,0.86
41.1,28.63,202307,26.15,0.65,23.83,0.33
41.1,28.63,202308,21.47,0.59,31.41,0.3
41.1,28.63,202309,16.72,0.56,46.02,0.71
41.1,28.63,202310,11.52,0.52,49.57,1.15
41.1,28.63,202311,6.49,0.41,68.19,6.37
41.1,28.63,202312,4.82,0.38,64.93,2.3
41.1,28.66,202301,5.51,0.38,69.94,0.72
41.1,28.66,202302,8.89,0.45,66.0,1.83
41.1,28.66,202303,11.1,0.41,71.25,2.49
41.1,28.66,202304,15.63,0.45,72.39,3.07
41.1,28.66,202305,18.84,0.48,71.78,1.24
41.1,28.66,202306,24.01,0.58,45.28,0.86
41.1,28.66,202307,26.15,0.65,23.83,0.33
41.1,28.66,202308,21.47,0.59,31.41,0.3
41.1,28.66,202309,16.72,0.56,46.02,0.71
41.1,28.66,202310,11.52,0.52,49.57,1.15
41.1,28.66,202311,6.49,0.41,68.19,6.37
41.1,28.66,202312,4.82,0.38,64.93,2.3
41.1,28.69,202301,5.51,0.38,69.94,0.72
41.1,28.69,202302,8.89,0.45,66.0,1.83
41.1,28.69,202303,11.1,0.41,71.25,2.49
41.1,28.69,202304,15.63,0.45,72.39,3.07
41.1,28.69,202305,18.84,0.48,71.78,1.24
41.1,28.69,202306,24.01,0.58,45.28,0.86
41.1,28.69,202307,26.15,0.65,23.83,0.33
41.1,28.69,202308,21.47,0.59,31.41,0.3
41.1,28.69,202309,16.72,0.56,46.02,0.71
41.1,28.69,202310,11.52,0.52,49.57,1.15
41.1,28.69,202311,6.49,0.41,68.19,6.37
41.1,28.69,202312,4.82,0.38,64.93,2.3
41.1,28.72,202301,5.51,0.38,69.94,0.72
41.1,28.72,202302,8.89,0.45,66.0,1.83
41.1,28.72,202303,11.1,0.41,71.25,2.49
41.1,28.72,202304,15.63,0.45,72.39,3.07
41.1,28.72,202305,18.84,0.48,71.78,1.24
41.1,28.72,202306,24.01,0.58,45.28,0.86
41.1,28.72,202307,26.15,0.65,23.83,0.33
41.1,28.72,202308,21.47,0.59,31.41,0.3
41.1,28.72,202309,16.72,0.56,46.02,0.71
41.1,28.72,202310,11.52,0.52,49.57,1.15
41.1,28.72,202311,6.49,0.41,68.19,6.37
41.1,28.72,202312,4.82,0.38,64.93,2.3
41.1,28.75,202301,5.51,0.38,69.94,0.72
41.1,28.75,202302,8.89,0.45,66.0,1.83
41.1,28.75,202303,11.1,0.41,71.25,2.49
41.1,28.75,202304,15.63,0.45,72.39,3.07
41.1,28.75,202305,18.84,0.48,71.78,1.24
41.1,28.75,202306,24.01,0.58,45.28,0.86
41.1,28.75,202307,26.15,0.65,23.83,0.33
41.1,28.75,202308,21.47,0.59,31.41,0.3
41.1,28.75,202309,16.72,0.56,46.02,0.71
41.1,28.75,202310,11.52,0.52,49.57,1.15
41.1,28.75,202311,6.49,0.41,68.19,6.37
41.1,28.75,202312,4.82,0.38,64.93,2.3
41.1,28.78,202301,5.51,0.38,69.94,0.72
41.1,28.78,202302,8.89,0.45,66.0,1.83
41.1,28.78,202303,11.1,0.41,71.25,2.49
41.1,28.78,202304,15.63,0.45,72.39,3.07
41.1,28.78,202305,18.84,0.48,71.78,1.24
41.1,28.78,202306,24.01,0.58,45.28,0.86
41.1,28.78,202307,26.15,0.65,23.83,0.33
41.1,28.78,202308,21.47,0.59,31.41,0.3
41.1,28.78,202309,16.72,0.56,46.02,0.71
41.1,28.78,202310,11.52,0.52,49.57,1.15
41.1,28.78,202311,6.49,0.41,68.19,6.37
41.1,28.78,202312,4.82,0.38,64.93,2.3
41.1,28.81,202301,5.51,0.38,69.94,0.72
41.1,28.81,202302,8.89,0.45,66.0,1.83
41.1,28.81,202303,11.1,0.41,71.25,2.49
41.1,28.81,202304,15.63,0.45,72.39,3.07
41.1,28.81,202305,18.84,0.48,71.78,1.24
41.1,28.81,202306,24.01,0.58,45.28,0.86
41.1,28.81,202307,26.15,0.65,23.83,0.33
41.1,28.81,202308,21.47,0.59,31.41,0.3
41.1,28.81,202309,16.72,0.56,46.02,0.71
41.1,28.81,202310,11.52,0.52,49.57,1.15
41.1,28.81,202311,6.49,0.41,68.19,6.37
41.1,28.81,202312,4.82,0.38,64.93,2.3
41.1,28.84,202301,5.51,0.38,69.94,0.72
41.1,28.84,202302,8.89,0.45,66.0,1.83
41.1,28.84,202303,11.1,0.41,71.25,2.49
41.1,28.84,202304,15.63,0.45,72.39,3.07
41.1,28.84,202305,18.84,0.48,71.78,1.24
41.1,28.84,202306,24.01,0.58,45.28,0.86
41.1,28.84,202307,26.15,0.65,23.83,0.33
41.1,28.84,202308,21.47,0.59,31.41,0.3
41.1,28.84,202309,16.72,0.56,46.02,0.71
41.1,28.84,202310,11.52,0.52,49.57,1.15
41.1,28.84,202311,6.49,0.41,68.19,6.37
41.1,28.84,202312,4.82,0.38,64.93,2.3
41.1,28.87,202301,5.51,0.38,69.94,0.72
41.1,28.87,202302,8.89,0.45,66.0,1.83
41.1,28.87,202303,11.1,0.41,71.25,2.49
41.1,28.87,202304,15.63,0.45,72.39,3.07
41.1,28.87,202305,18.84,0.48,71.78,1.24
41.1,28.87,202306,24.01,0.58,45.28,0.86
41.1,28.87,202307,26.15,0.65,23.83,0.33
41.1,28.87,202308,21.47,0.59,31.41,0.3
41.1,28.87,202309,16.72,0.56,46.02,0.71
41.1,28.87,202310,11.52,0.52,49.57,1.15
41.1,28.87,202311,6.49,0.41,68.19,6.37
41.1,28.87,202312,4.82,0.38,64.93,2.3
41.1,28.9,202301,5.51,0.38,69.94,0.72
41.1,28.9,202302,8.89,0.45,66.0,1.83
41.1,28.9,202303,11.1,0.41,71.25,2.49
41.1,28.9,202304,15.63,0.45,72.39,3.07
41.1,28.9,202305,18.84,0.48,71.78,1.24
41.1,28.9,202306,24.01,0.58,45.28,0.86
41.1,28.9,202307,26.15,0.65,23.83,0.33
41.1,28.9,202308,21.47,0.59,31.41,0.3
41.1,28.9,202309,16.72,0.56,46.02,0.71
41.1,28.9,202310,11.52,0.52,49.57,1.15
41.1,28.9,202311,6.49,0.41,68.19,6.37
41.1,28.9,202312,4.82,0.38,64.93,2.3
41.1,28.93,202301,5.51,0.38,69.94,0.72
41.1,28.93,202302,8.89,0.45,66.0,1.83
41.1,28.93,202303,11.1,0.41,71.25,2.49
41.1,28.93,202304,15.63,0.45,72.39,3.07
41.1,28.93,202305,18.84,0.48,71.78,1.24
41.1,28.93,202306,24.01,0.58,45.28,0.86
41.1,28.93,202307,26.15,0.65,23.83,0.33
41.1,28.93,202308,21.47,0.59,31.41,0.3
41.1,28.93,202309,16.72,0.56,46.02,0.71
41.1,28.93,202310,11.52,0.52,49.57,1.15
41.1,28.93,202311,6.49,0.41,68.19,6.37
41.1,28.93,202312,4.82,0.38,64.93,2.3
41.1,28.96,202301,5.51,0.38,69.94,0.72
41.1,28.96,202302,8.89,0.45,66.0,1.83
41.1,28.96,202303,11.1,0.41,71.25,2.49
41.1,28.96,202304,15.63,0.45,72.39,3.07
41.1,28.96,202305,18.84,0.48,71.78,1.24
41.1,28.96,202306,24.01,0.58,45.28,0.86
41.1,28.96,202307,26.15,0.65,23.83,0.33
41.1,28.96,202308,21.47,0.59,31.41,0.3
41.1,28.96,202309,16.72,0.56,46.02,0.71
41.1,28.96,202310,11.52,0.52,49.57,1.15
41.1,28.96,202311,6.49,0.41,68.19,6.37
41.1,28.96,202312,4.82,0.38,64.93,2.3
41.1,28.99,202301,5.51,0.38,69.94,0.72
41.1,28.99,202302,8.89,0.45,66.0,1.83
41.1,28.99,202303,11.1,0.41,71.25,2.49
41.1,28.99,202304,15.63,0.45,72.39,3.07
41.1,28.99,202305,18.84,0.48,71.78,1.24
41.1,28.99,202306,24.01,0.58,45.28,0.86
41.1,28.99,202307,26.15,0.65,23.83,0.33
41.1,28.99,202308,21.47,0.59,31.41,0.3
41.1,28.99,202309,16.72,0.56,46.02,0.71
41.1,28.99,202310,11.52,0.52,49.57,1.15
41.1,28.99,202311,6.49,0.41,68.19,6.37
41.1,28.99,202312,4.82,0.38,64.93,2.3
41.1,29.02,202301,5.47,0.38,77.44,0.72
41.1,29.02,202302,8.67,0.44,75.84,1.83
41.1,29.02,202303,10.41,0.38,81.4,2.49
41.1,29.02,202304,15.39,0.45,77.59,3.07
41.1,29.02,202305,18.83,0.48,75.98,1.24
41.1,29.02,202306,23.93,0.57,50.76,0.86
41.1,29.02,202307,25.58,0.63,28.76,0.33
41.1,29.02,202308,21.98,0.61,33.24,0.3
41.1,29.02,202309,17.75,0.6,55.94,0.71
41.1,29.02,202310,11.5,0.52,63.42,1.15
41.1,29.02,202311,6.57,0.42,78.12,6.37
41.1,29.02,202312,4.93,0.38,71.96,2.3
41.1,29.05,202301,5.47,0.38,77.44,0.72
41.1,29.05,202302,8.67,0.44,75.84,1.83
41.1,29.05,202303,10.41,0.38,81.4,2.49
41.1,29.05,202304,15.39,0.45,77.59,3.07
41.1,29.05,202305,18.83,0.48,75.98,1.24
41.1,29.05,202306,23.93,0.57,50.76,0.86
41.1,29.05,202307,25.58,0.63,28.76,0.33
41.1,29.05,202308,21.98,0.61,33.24,0.3
41.1,29.05,202309,17.75,0.6,55.94,0.71
41.1,29.05,202310,11.5,0.52,63.42,1.15
41.1,29.05,202311,6.57,0.42,78.12,6.37
41.1,29.05,202312,4.93,0.38,71.96,2.3
41.1,29.08,202301,5.47,0.38,77.44,0.72
41.1,29.08,202302,8.67,0.44,75.84,2.53
41.1,29.08,202303,10.41,0.38,81.4,2.88
41.1,29.08,202304,15.39,0.45,77.59,3.03
41.1,29.08,202305,18.83,0.48,75.98,1.35
41.1,29.08,202306,23.93,0.57,50.76,1.56
41.1,29.08,202307,25.58,0.63,28.76,0.79
41.1,29.08,202308,21.98,0.61,33.24,0.51
41.1,29.08,202309,17.75,0.6,55.94,0.89
41.1,29.08,202310,11.5,0.52,63.42,1.83
41.1,29.08,202311,6.57,0.42,78.12,6.97
41.1,29.08,202312,4.93,0.38,71.96,2.45
41.1,29.11,202301,5.47,0.38,77.44,0.72
41.1,29.11,202302,8.67,0.44,75.84,2.53
41.1,29.11,202303,10.41,0.38,81.4,2.88
41.1,29.11,202304,15.39,0.45,77.59,3.03
41.1,29.11,202305,18.83,0.48,75.98,1.35
41.1,29.11,202306,23.93,0.57,50.76,1.56
41.1,29.11,202307,25.58,0.63,28.76,0.79
41.1,29.11,202308,21.98,0.61,33.24,0.51
41.1,29.11,202309,17.75,0.6,55.94,0.89
41.1,29.11,202310,11.5,0.52,63.42,1.83
41.1,29.11,202311,6.57,0.42,78.12,6.97
41.1,29.11,202312,4.93,0.38,71.96,2.45
41.1,29.14,202301,5.47,0.38,77.44,0.72
41.1,29.14,202302,8.67,0.44,75.84,2.53
41.1,29.14,202303,10.41,0.38,81.4,2.88
41.1,29.14,202304,15.39,0.45,77.59,3.03
41.1,29.14,202305,18.83,0.48,75.98,1.35
41.1,29.14,202306,23.93,0.57,50.76,1.56
41.1,29.14,202307,25.58,0.63,28.76,0.79
41.1,29.14,202308,21.98,0.61,33.24,0.51
41.1,29.14,202309,17.75,0.6,55.94,0.89
41.1,29.14,202310,11.5,0.52,63.42,1.83
41.1,29.14,202311,6.57,0.42,78.12,6.97
41.1,29.14,202312,4.93,0.38,71.96,2.45
41.1,29.17,202301,5.47,0.38,77.44,0.72
41.1,29.17,202302,8.67,0.44,75.84,2.53
41.1,29.17,202303,10.41,0.38,81.4,2.88
41.1,29.17,202304,15.39,0.45,77.59,3.03
41.1,29.17,202305,18.83,0.48,75.98,1.35
41.1,29.17,202306,23.93,0.57,50.76,1.56
41.1,29.17,202307,25.58,0.63,28.76,0.79
41.1,29.17,202308,21.98,0.61,33.24,0.51
41.1,29.17,202309,17.75,0.6,55.94,0.89
41.1,29.17,202310,11.5,0.52,63.42,1.83
41.1,29.17,202311,6.57,0.42,78.12,6.97
41.1,29.17,202312,4.93,0.38,71.96,2.45
41.1,29.2,202301,5.47,0.38,77.44,0.72
41.1,29.2,202302,8.67,0.44,75.84,2.53
41.1,29.2,202303,10.41,0.38,81.4,2.88
41.1,29.2,202304,15.39,0.45,77.59,3.03
41.1,29.2,202305,18.83,0.48,75.98,1.35
41.1,29.2,202306,23.93,0.57,50.76,1.56
41.1,29.2,202307,25.58,0.63,28.76,0.79
41.1,29.2,202308,21.98,0.61,33.24,0.51
41.1,29.2,202309,17.75,0.6,55.94,0.89
41.1,29.2,202310,11.5,0.52,63.42,1.83
41.1,29.2,202311,6.57,0.42,78.12,6.97
41.1,29.2,202312,4.93,0.38,71.96,2.45
41.1,29.23,202301,5.47,0.38,77.44,0.72
41.1,29.23,202302,8.67,0.44,75.84,2.53
41.1,29.23,202303,10.41,0.38,81.4,2.88
41.1,29.23,202304,15.39,0.45,77.59,3.03
41.1,29.23,202305,18.83,0.48,75.98,1.35
41.1,29.23,202306,23.93,0.57,50.76,1.56
41.1,29.23,202307,25.58,0.63,28.76,0.79
41.1,29.23,202308,21.98,0.61,33.24,0.51
41.1,29.23,202309,17.75,0.6,55.94,0.89
41.1,29.23,202310,11.5,0.52,63.42,1.83
41.1,29.23,202311,6.57,0.42,78.12,6.97
41.1,29.23,202312,4.93,0.38,71.96,2.45
41.1,29.26,202301,5.47,0.38,77.44,0.72
41.1,29.26,202302,8.67,0.44,75.84,2.53
41.1,29.26,202303,10.41,0.38,81.4,2.88
41.1,29.26,202304,15.39,0.45,77.59,3.03
41.1,29.26,202305,18.83,0.48,75.98,1.35
41.1,29.26,202306,23.93,0.57,50.76,1.56
41.1,29.26,202307,25.58,0.63,28.76,0.79
41.1,29.26,202308,21.98,0.61,33.24,0.51
41.1,29.26,202309,17.75,0.6,55.94,0.89
41.1,29.26,202310,11.5,0.52,63.42,1.83
41.1,29.26,202311,6.57,0.42,78.12,6.97
41.1,29.26,202312,4.93,0.38,71.96,2.45
41.1,29.29,202301,5.47,0.38,77.44,0.72
41.1,29.29,202302,8.67,0.44,75.84,2.53
41.1,29.29,202303,10.41,0.38,81.4,2.88
41.1,29.29,202304,15.39,0.45,77.59,3.03
41.1,29.29,202305,18.83,0.48,75.98,1.35
41.1,29.29,202306,23.93,0.57,50.76,1.56
41.1,29.29,202307,25.58,0.63,28.76,0.79
41.1,29.29,202308,21.98,0.61,33.24,0.51
41.1,29.29,202309,17.75,0.6,55.94,0.89
41.1,29.29,202310,11.5,0.52,63.42,1.83
41.1,29.29,202311,6.57,0.42,78.12,6.97
41.1,29.29,202312,4.93,0.38,71.96,2.45
41.1,29.32,202301,5.47,0.38,77.44,0.72
41.1,29.32,202302,8.67,0.44,75.84,2.53
41.1,29.32,202303,10.41,0.38,81.4,2.88
41.1,29.32,202304,15.39,0.45,77.59,3.03
41.1,29.32,202305,18.83,0.48,75.98,1.35
41.1,29.32,202306,23.93,0.57,50.76,1.56
41.1,29.32,202307,25.58,0.63,28.76,0.79
41.1,29.32,202308,21.98,0.61,33.24,0.51
41.1,29.32,202309,17.75,0.6,55.94,0.89
41.1,29.32,202310,11.5,0.52,63.42,1.83
41.1,29.32,202311,6.57,0.42,78.12,6.97
41.1,29.32,202312,4.93,0.38,71.96,2.45
41.1,29.35,202301,5.47,0.38,77.44,0.72
41.1,29.35,202302,8.67,0.44,75.84,2.53
41.1,29.35,202303,10.41,0.38,81.4,2.88
41.1,29.35,202304,15.39,0.45,77.59,3.03
41.1,29.35,202305,18.83,0.48,75.98,1.35
41.1,29.35,202306,23.93,0.57,50.76,1.56
41.1,29.35,202307,25.58,0.63,28.76,0.79
41.1,29.35,202308,21.98,0.61,33.24,0.51
41.1,29.35,202309,17.75,0.6,55.94,0.89
41.1,29.35,202310,11.5,0.52,63.42,1.83
41.1,29.35,202311,6.57,0.42,78.12,6.97
41.1,29.35,202312,4.93,0.38,71.96,2.45
41.1,29.38,202301,5.47,0.38,77.44,0.72
41.1,29.38,202302,8.67,0.44,75.84,2.53
41.1,29.38,202303,10.41,0.38,81.4,2.88
41.1,29.38,202304,15.39,0.45,77.59,3.03
41.1,29.38,202305,18.83,0.48,75.98,1.35
41.1,29.38,202306,23.93,0.57,50.76,1.56
41.1,29.38,202307,25.58,0.63,28.76,0.79
41.1,29.38,202308,21.98,0.61,33.24,0.51
41.1,29.38,202309,17.75,0.6,55.94,0.89
41.1,29.38,202310,11.5,0.52,63.42,1.83
41.1,29.38,202311,6.57,0.42,78.12,6.97
41.1,29.38,202312,4.93,0.38,71.96,2.45
41.1,29.41,202301,5.47,0.38,77.44,0.72
41.1,29.41,202302,8.67,0.44,75.84,2.53
41.1,29.41,202303,10.41,0.38,81.4,2.88
41.1,29.41,202304,15.39,0.45,77.59,3.03
41.1,29.41,202305,18.83,0.48,75.98,1.35
41.1,29.41,202306,23.93,0.57,50.76,1.56
41.1,29.41,202307,25.58,0.63,28.76,0.79
41.1,29.41,202308,21.98,0.61,33.24,0.51
41.1,29.41,202309,17.75,0.6,55.94,0.89
41.1,29.41,202310,11.5,0.52,63.42,1.83
41.1,29.41,202311,6.57,0.42,78.12,6.97
41.1,29.41,202312,4.93,0.38,71.96,2.45
41.1,29.44,202301,5.47,0.38,77.44,0.72
41.1,29.44,202302,8.67,0.44,75.84,2.53
41.1,29.44,202303,10.41,0.38,81.4,2.88
41.1,29.44,202304,15.39,0.45,77.59,3.03
41.1,29.44,202305,18.83,0.48,75.98,1.35
41.1,29.44,202306,23.93,0.57,50.76,1.56
41.1,29.44,202307,25.58,0.63,28.76,0.79
41.1,29.44,202308,21.98,0.61,33.24,0.51
41.1,29.44,202309,17.75,0.6,55.94,0.89
41.1,29.44,202310,11.5,0.52,63.42,1.83
41.1,29.44,202311,6.57,0.42,78.12,6.97
41.1,29.44,202312,4.93,0.38,71.96,2.45
41.1,29.47,202301,5.47,0.38,77.44,0.72
41.1,29.47,202302,8.67,0.44,75.84,2.53
41.1,29.47,202303,10.41,0.38,81.4,2.88
41.1,29.47,202304,15.39,0.45,77.59,3.03
41.1,29.47,202305,18.83,0.48,75.98,1.35
41.1,29.47,202306,23.93,0.57,50.76,1.56
41.1,29.47,202307,25.58,0.63,28.76,0.79
41.1,29.47,202308,21.98,0.61,33.24,0.51
41.1,29.47,202309,17.75,0.6,55.94,0.89
41.1,29.47,202310,11.5,0.52,63.42,1.83
41.1,29.47,202311,6.57,0.42,78.12,6.97
41.1,29.47,202312,4.93,0.38,71.96,2.45
41.1,29.5,202301,5.47,0.38,77.44,0.72
41.1,29.5,202302,8.67,0.44,75.84,2.53
41.1,29.5,202303,10.41,0.38,81.4,2.88
41.1,29.5,202304,15.39,0.45,77.59,3.03
41.1,29.5,202305,18.83,0.48,75.98,1.35
41.1,29.5,202306,23.93,0.57,50.76,1.56
41.1,29.5,202307,25.58,0.63,28.76,0.79
41.1,29.5,202308,21.98,0.61,33.24,0.51
41.1,29.5,202309,17.75,0.6,55.94,0.89
41.1,29.5,202310,11.5,0.52,63.42,1.83
41.1,29.5,202311,6.57,0.42,78.12,6.97
41.1,29.5,202312,4.93,0.38,71.96,2.45
41.1,29.53,202301,5.47,0.38,77.44,0.72
41.1,29.53,202302,8.67,0.44,75.84,2.53
41.1,29.53,202303,10.41,0.38,81.4,2.88
41.1,29.53,202304,15.39,0.45,77.59,3.03
41.1,29.53,202305,18.83,0.48,75.98,1.35
41.1,29.53,202306,23.93,0.57,50.76,1.56
41.1,29.53,202307,25.58,0.63,28.76,0.79
41.1,29.53,202308,21.98,0.61,33.24,0.51
41.1,29.53,202309,17.75,0.6,55.94,0.89
41.1,29.53,202310,11.5,0.52,63.42,1.83
41.1,29.53,202311,6.57,0.42,78.12,6.97
41.1,29.53,202312,4.93,0.38,71.96,2.45
41.1,29.56,202301,5.47,0.38,77.44,0.72
41.1,29.56,202302,8.67,0.44,75.84,2.53
41.1,29.56,202303,10.41,0.38,81.4,2.88
41.1,29.56,202304,15.39,0.45,77.59,3.03
41.1,29.56,202305,18.83,0.48,75.98,1.35
41.1,29.56,202306,23.93,0.57,50.76,1.56
41.1,29.56,202307,25.58,0.63,28.76,0.79
41.1,29.56,202308,21.98,0.61,33.24,0.51
41.1,29.56,202309,17.75,0.6,55.94,0.89
41.1,29.56,202310,11.5,0.52,63.42,1.83
41.1,29.56,202311,6.57,0.42,78.12,6.97
41.1,29.56,202312,4.93,0.38,71.96,2.45
41.1,29.59,202301,5.47,0.38,77.44,0.72
41.1,29.59,202302,8.67,0.44,75.84,2.53
41.1,29.59,202303,10.41,0.38,81.4,2.88
41.1,29.59,202304,15.39,0.45,77.59,3.03
41.1,29.59,202305,18.83,0.48,75.98,1.35
41.1,29.59,202306,23.93,0.57,50.76,1.56
41.1,29.59,202307,25.58,0.63,28.76,0.79
41.1,29.59,202308,21.98,0.61,33.24,0.51
41.1,29.59,202309,17.75,0.6,55.94,0.89
41.1,29.59,202310,11.5,0.52,63.42,1.83
41.1,29.59,202311,6.57,0.42,78.12,6.97
41.1,29.59,202312,4.93,0.38,71.96,2.45
41.1,29.62,202301,5.47,0.38,77.44,0.72
41.1,29.62,202302,8.67,0.44,75.84,2.53
41.1,29.62,202303,10.41,0.38,81.4,2.88
41.1,29.62,202304,15.39,0.45,77.59,3.03
41.1,29.62,202305,18.83,0.48,75.98,1.35
41.1,29.62,202306,23.93,0.57,50.76,1.56
41.1,29.62,202307,25.58,0.63,28.76,0.79
41.1,29.62,202308,21.98,0.61,33.24,0.51
41.1,29.62,202309,17.75,0.6,55.94,0.89
41.1,29.62,202310,11.5,0.52,63.42,1.83
41.1,29.62,202311,6.57,0.42,78.12,6.97
41.1,29.62,202312,4.93,0.38,71.96,2.45
41.1,29.65,202301,5.47,0.38,77.44,0.72
41.1,29.65,202302,8.67,0.44,75.84,2.53
41.1,29.65,202303,10.41,0.38,81.4,2.88
41.1,29.65,202304,15.39,0.45,77.59,3.03
41.1,29.65,202305,18.83,0.48,75.98,1.35
41.1,29.65,202306,23.93,0.57,50.76,1.56
41.1,29.65,202307,25.58,0.63,28.76,0.79
41.1,29.65,202308,21.98,0.61,33.24,0.51
41.1,29.65,202309,17.75,0.6,55.94,0.89
41.1,29.65,202310,11.5,0.52,63.42,1.83
41.1,29.65,202311,6.57,0.42,78.12,6.97
41.1,29.65,202312,4.93,0.38,71.96,2.45
41.1,29.68,202301,5.47,0.38,77.44,0.72
41.1,29.68,202302,8.67,0.44,75.84,2.53
41.1,29.68,202303,10.41,0.38,81.4,2.88
41.1,29.68,202304,15.39,0.45,77.59,3.03
41.1,29.68,202305,18.83,0.48,75.98,1.35
41.1,29.68,202306,23.93,0.57,50.76,1.56
41.1,29.68,202307,25.58,0.63,28.76,0.79
41.1,29.68,202308,21.98,0.61,33.24,0.51
41.1,29.68,202309,17.75,0.6,55.94,0.89
41.1,29.68,202310,11.5,0.52,63.42,1.83
41.1,29.68,202311,6.57,0.42,78.12,6.97
41.1,29.68,202312,4.93,0.38,71.96,2.45
41.1,29.71,202301,5.47,0.38,77.44,0.81
41.1,29.71,202302,8.67,0.44,75.84,3.12
41.1,29.71,202303,10.41,0.38,81.4,3.56
41.1,29.71,202304,15.39,0.45,77.59,3.15
41.1,29.71,202305,18.83,0.48,75.98,1.85
41.1,29.71,202306,23.93,0.57,50.76,3.94
41.1,29.71,202307,25.58,0.63,28.76,2.15
41.1,29.71,202308,21.98,0.61,33.24,0.82
41.1,29.71,202309,17.75,0.6,55.94,0.95
41.1,29.71,202310,11.5,0.52,63.42,2.61
41.1,29.71,202311,6.57,0.42,78.12,6.92
41.1,29.71,202312,4.93,0.38,71.96,2.87
41.1,29.74,202301,5.47,0.38,77.44,0.81
41.1,29.74,202302,8.67,0.44,75.84,3.12
41.1,29.74,202303,10.41,0.38,81.4,3.56
41.1,29.74,202304,15.39,0.45,77.59,3.15
41.1,29.74,202305,18.83,0.48,75.98,1.85
41.1,29.74,202306,23.93,0.57,50.76,3.94
41.1,29.74,202307,25.58,0.63,28.76,2.15
41.1,29.74,202308,21.98,0.61,33.24,0.82
41.1,29.74,202309,17.75,0.6,55.94,0.95
41.1,29.74,202310,11.5,0.52,63.42,2.61
41.1,29.74,202311,6.57,0.42,78.12,6.92
41.1,29.74,202312,4.93,0.38,71.96,2.87
41.1,29.77,202301,5.47,0.38,77.44,0.81
41.1,29.77,202302,8.67,0.44,75.84,3.12
41.1,29.77,202303,10.41,0.38,81.4,3.56
41.1,29.77,202304,15.39,0.45,77.59,3.15
41.1,29.77,202305,18.83,0.48,75.98,1.85
41.1,29.77,202306,23.93,0.57,50.76,3.94
41.1,29.77,202307,25.58,0.63,28.76,2.15
41.1,29.77,202308,21.98,0.61,33.24,0.82
41.1,29.77,202309,17.75,0.6,55.94,0.95
41.1,29.77,202310,11.5,0.52,63.42,2.61
41.1,29.77,202311,6.57,0.42,78.12,6.92
41.1,29.77,202312,4.93,0.38,71.96,2.87
41.1,29.8,202301,5.47,0.38,77.44,0.81
41.1,29.8,202302,8.67,0.44,75.84,3.12
41.1,29.8,202303,10.41,0.38,81.4,3.56
41.1,29.8,202304,15.39,0.45,77.59,3.15
41.1,29.8,202305,18.83,0.48,75.98,1.85
41.1,29.8,202306,23.93,0.57,50.76,3.94
41.1,29.8,202307,25.58,0.63,28.76,2.15
41.1,29.8,202308,21.98,0.61,33.24,0.82
41.1,29.8,202309,17.75,0.6,55.94,0.95
41.1,29.8,202310,11.5,0.52,63.42,2.61
41.1,29.8,202311,6.57,0.42,78.12,6.92
41.1,29.8,202312,4.93,0.38,71.96,2.87
41.1,29.83,202301,5.47,0.38,77.44,0.81
41.1,29.83,202302,8.67,0.44,75.84,3.12
41.1,29.83,202303,10.41,0.38,81.4,3.56
41.1,29.83,202304,15.39,0.45,77.59,3.15
41.1,29.83,202305,18.83,0.48,75.98,1.85
41.1,29.83,202306,23.93,0.57,50.76,3.94
41.1,29.83,202307,25.58,0.63,28.76,2.15
41.1,29.83,202308,21.98,0.61,33.24,0.82
41.1,29.83,202309,17.75,0.6,55.94,0.95
41.1,29.83,202310,11.5,0.52,63.42,2.61
41.1,29.83,202311,6.57,0.42,78.12,6.92
41.1,29.83,202312,4.93,0.38,71.96,2.87
41.1,29.86,202301,5.47,0.38,77.44,0.81
41.1,29.86,202302,8.67,0.44,75.84,3.12
41.1,29.86,202303,10.41,0.38,81.4,3.56
41.1,29.86,202304,15.39,0.45,77.59,3.15
41.1,29.86,202305,18.83,0.48,75.98,1.85
41.1,29.86,202306,23.93,0.57,50.76,3.94
41.1,29.86,202307,25.58,0.63,28.76,2.15
41.1,29.86,202308,21.98,0.61,33.24,0.82
41.1,29.86,202309,17.75,0.6,55.94,0.95
41.1,29.86,202310,11.5,0.52,63.42,2.61
41.1,29.86,202311,6.57,0.42,78.12,6.92
41.1,29.86,202312,4.93,0.38,71.96,2.87
41.1,29.89,202301,5.47,0.38,77.44,0.81
41.1,29.89,202302,8.67,0.44,75.84,3.12
41.1,29.89,202303,10.41,0.38,81.4,3.56
41.1,29.89,202304,15.39,0.45,77.59,3.15
41.1,29.89,202305,18.83,0.48,75.98,1.85
41.1,29.89,202306,23.93,0.57,50.76,3.94
41.1,29.89,202307,25.58,0.63,28.76,2.15
41.1,29.89,202308,21.98,0.61,33.24,0.82
41.1,29.89,202309,17.75,0.6,55.94,0.95
41.1,29.89,202310,11.5,0.52,63.42,2.61
41.1,29.89,202311,6.57,0.42,78.12,6.92
41.1,29.89,202312,4.93,0.38,71.96,2.87
41.12,28.0,202301,5.51,0.38,69.94,0.87
41.12,28.0,202302,8.89,0.45,66.0,1.39
41.12,28.0,202303,11.1,0.41,71.25,2.38
41.12,28.0,202304,15.63,0.45,72.39,3.11
41.12,28.0,202305,18.84,0.48,71.78,1.18
41.12,28.0,202306,24.01,0.58,45.28,0.92
41.12,28.0,202307,26.15,0.65,23.83,0.27
41.12,28.0,202308,21.47,0.59,31.41,0.21
41.12,28.0,202309,16.72,0.56,46.02,0.96
41.12,28.0,202310,11.52,0.52,49.57,0.71
41.12,28.0,202311,6.49,0.41,68.19,6.61
41.12,28.0,202312,4.82,0.38,64.93,2.62
41.12,28.03,202301,5.51,0.38,69.94,0.87
41.12,28.03,202302,8.89,0.45,66.0,1.39
41.12,28.03,202303,11.1,0.41,71.25,2.38
41.12,28.03,202304,15.63,0.45,72.39,3.11
41.12,28.03,202305,18.84,0.48,71.78,1.18
41.12,28.03,202306,24.01,0.58,45.28,0.92
41.12,28.03,202307,26.15,0.65,23.83,0.27
41.12,28.03,202308,21.47,0.59,31.41,0.21
41.12,28.03,202309,16.72,0.56,46.02,0.96
41.12,28.03,202310,11.52,0.52,49.57,0.71
41.12,28.03,202311,6.49,0.41,68.19,6.61
41.12,28.03,202312,4.82,0.38,64.93,2.62
41.12,28.06,202301,5.51,0.38,69.94,0.87
41.12,28.06,202302,8.89,0.45,66.0,1.39
41.12,28.06,202303,11.1,0.41,71.25,2.38
41.12,28.06,202304,15.63,0.45,72.39,3.11
41.12,28.06,202305,18.84,0.48,71.78,1.18
41.12,28.06,202306,24.01,0.58,45.28,0.92
41.12,28.06,202307,26.15,0.65,23.83,0.27
41.12,28.06,202308,21.47,0.59,31.41,0.21
41.12,28.06,202309,16.72,0.56,46.02,0.96
41.12,28.06,202310,11.52,0.52,49.57,0.71
41.12,28.06,202311,6.49,0.41,68.19,6.61
41.12,28.06,202312,4.82,0.38,64.93,2.62
41.12,28.09,202301,5.51,0.38,69.94,0.87
41.12,28.09,202302,8.89,0.45,66.0,1.39
41.12,28.09,202303,11.1,0.41,71.25,2.38
41.12,28.09,202304,15.63,0.45,72.39,3.11
41.12,28.09,202305,18.84,0.48,71.78,1.18
41.12,28.09,202306,24.01,0.58,45.28,0.92
41.12,28.09,202307,26.15,0.65,23.83,0.27
41.12,28.09,202308,21.47,0.59,31.41,0.21
41.12,28.09,202309,16.72,0.56,46.02,0.96
41.12,28.09,202310,11.52,0.52,49.57,0.71
41.12,28.09,202311,6.49,0.41,68.19,6.61
41.12,28.09,202312,4.82,0.38,64.93,2.62
41.12,28.12,202301,5.51,0.38,69.94,0.87
41.12,28.12,202302,8.89,0.45,66.0,1.39
41.12,28.12,202303,11.1,0.41,71.25,2.38
41.12,28.12,202304,15.63,0.45,72.39,3.11
41.12,28.12,202305,18.84,0.48,71.78,1.18
41.12,28.12,202306,24.01,0.58,45.28,0.92
41.12,28.12,202307,26.15,0.65,23.83,0.27
41.12,28.12,202308,21.47,0.59,31.41,0.21
41.12,28.12,202309,16.72,0.56,46.02,0.96
41.12,28.12,202310,11.52,0.52,49.57,0.71
41.12,28.12,202311,6.49,0.41,68.19,6.61
41.12,28.12,202312,4.82,0.38,64.93,2.62
41.12,28.15,202301,5.51,0.38,69.94,0.87
41.12,28.15,202302,8.89,0.45,66.0,1.39
41.12,28.15,202303,11.1,0.41,71.25,2.38
41.12,28.15,202304,15.63,0.45,72.39,3.11
41.12,28.15,202305,18.84,0.48,71.78,1.18
41.12,28.15,202306,24.01,0.58,45.28,0.92
41.12,28.15,202307,26.15,0.65,23.83,0.27
41.12,28.15,202308,21.47,0.59,31.41,0.21
41.12,28.15,202309,16.72,0.56,46.02,0.96
41.12,28.15,202310,11.52,0.52,49.57,0.71
41.12,28.15,202311,6.49,0.41,68.19,6.61
41.12,28.15,202312,4.82,0.38,64.93,2.62
41.12,28.18,202301,5.51,0.38,69.94,0.87
41.12,28.18,202302,8.89,0.45,66.0,1.39
41.12,28.18,202303,11.1,0.41,71.25,2.38
41.12,28.18,202304,15.63,0.45,72.39,3.11
41.12,28.18,202305,18.84,0.48,71.78,1.18
41.12,28.18,202306,24.01,0.58,45.28,0.92
41.12,28.18,202307,26.15,0.65,23.83,0.27
41.12,28.18,202308,21.47,0.59,31.41,0.21
41.12,28.18,202309,16.72,0.56,46.02,0.96
41.12,28.18,202310,11.52,0.52,49.57,0.71
41.12,28.18,202311,6.49,0.41,68.19,6.61
41.12,28.18,202312,4.82,0.38,64.93,2.62
41.12,28.21,202301,5.51,0.38,69.94,0.87
41.12,28.21,202302,8.89,0.45,66.0,1.39
41.12,28.21,202303,11.1,0.41,71.25,2.38
41.12,28.21,202304,15.63,0.45,72.39,3.11
41.12,28.21,202305,18.84,0.48,71.78,1.18
41.12,28.21,202306,24.01,0.58,45.28,0.92
41.12,28.21,202307,26.15,0.65,23.83,0.27
41.12,28.21,202308,21.47,0.59,31.41,0.21
41.12,28.21,202309,16.72,0.56,46.02,0.96
41.12,28.21,202310,11.52,0.52,49.57,0.71
41.12,28.21,202311,6.49,0.41,68.19,6.61
41.12,28.21,202312,4.82,0.38,64.93,2.62
41.12,28.24,202301,5.51,0.38,69.94,0.87
41.12,28.24,202302,8.89,0.45,66.0,1.39
41.12,28.24,202303,11.1,0.41,71.25,2.38
41.12,28.24,202304,15.63,0.45,72.39,3.11
41.12,28.24,202305,18.84,0.48,71.78,1.18
41.12,28.24,202306,24.01,0.58,45.28,0.92
41.12,28.24,202307,26.15,0.65,23.83,0.27
41.12,28.24,202308,21.47,0.59,31.41,0.21
41.12,28.24,202309,16.72,0.56,46.02,0.96
41.12,28.24,202310,11.52,0.52,49.57,0.71
41.12,28.24,202311,6.49,0.41,68.19,6.61
41.12,28.24,202312,4.82,0.38,64.93,2.62
41.12,28.27,202301,5.51,0.38,69.94,0.87
41.12,28.27,202302,8.89,0.45,66.0,1.39
41.12,28.27,202303,11.1,0.41,71.25,2.38
41.12,28.27,202304,15.63,0.45,72.39,3.11
41.12,28.27,202305,18.84,0.48,71.78,1.18
41.12,28.27,202306,24.01,0.58,45.28,0.92
41.12,28.27,202307,26.15,0.65,23.83,0.27
41.12,28.27,202308,21.47,0.59,31.41,0.21
41.12,28.27,202309,16.72,0.56,46.02,0.96
41.12,28.27,202310,11.52,0.52,49.57,0.71
41.12,28.27,202311,6.49,0.41,68.19,6.61
41.12,28.27,202312,4.82,0.38,64.93,2.62
41.12,28.3,202301,5.51,0.38,69.94,0.87
41.12,28.3,202302,8.89,0.45,66.0,1.39
41.12,28.3,202303,11.1,0.41,71.25,2.38
41.12,28.3,202304,15.63,0.45,72.39,3.11
41.12,28.3,202305,18.84,0.48,71.78,1.18
41.12,28.3,202306,24.01,0.58,45.28,0.92
41.12,28.3,202307,26.15,0.65,23.83,0.27
41.12,28.3,202308,21.47,0.59,31.41,0.21
41.12,28.3,202309,16.72,0.56,46.02,0.96
41.12,28.3,202310,11.52,0.52,49.57,0.71
41.12,28.3,202311,6.49,0.41,68.19,6.61
41.12,28.3,202312,4.82,0.38,64.93,2.62
41.12,28.33,202301,5.51,0.38,69.94,0.87
41.12,28.33,202302,8.89,0.45,66.0,1.39
41.12,28.33,202303,11.1,0.41,71.25,2.38
41.12,28.33,202304,15.63,0.45,72.39,3.11
41.12,28.33,202305,18.84,0.48,71.78,1.18
41.12,28.33,202306,24.01,0.58,45.28,0.92
41.12,28.33,202307,26.15,0.65,23.83,0.27
41.12,28.33,202308,21.47,0.59,31.41,0.21
41.12,28.33,202309,16.72,0.56,46.02,0.96
41.12,28.33,202310,11.52,0.52,49.57,0.71
41.12,28.33,202311,6.49,0.41,68.19,6.61
41.12,28.33,202312,4.82,0.38,64.93,2.62
41.12,28.36,202301,5.51,0.38,69.94,0.87
41.12,28.36,202302,8.89,0.45,66.0,1.39
41.12,28.36,202303,11.1,0.41,71.25,2.38
41.12,28.36,202304,15.63,0.45,72.39,3.11
41.12,28.36,202305,18.84,0.48,71.78,1.18
41.12,28.36,202306,24.01,0.58,45.28,0.92
41.12,28.36,202307,26.15,0.65,23.83,0.27
41.12,28.36,202308,21.47,0.59,31.41,0.21
41.12,28.36,202309,16.72,0.56,46.02,0.96
41.12,28.36,202310,11.52,0.52,49.57,0.71
41.12,28.36,202311,6.49,0.41,68.19,6.61
41.12,28.36,202312,4.82,0.38,64.93,2.62
41.12,28.39,202301,5.51,0.38,69.94,0.87
41.12,28.39,202302,8.89,0.45,66.0,1.39
41.12,28.39,202303,11.1,0.41,71.25,2.38
41.12,28.39,202304,15.63,0.45,72.39,3.11
41.12,28.39,202305,18.84,0.48,71.78,1.18
41.12,28.39,202306,24.01,0.58,45.28,0.92
41.12,28.39,202307,26.15,0.65,23.83,0.27
41.12,28.39,202308,21.47,0.59,31.41,0.21
41.12,28.39,202309,16.72,0.56,46.02,0.96
41.12,28.39,202310,11.52,0.52,49.57,0.71
41.12,28.39,202311,6.49,0.41,68.19,6.61
41.12,28.39,202312,4.82,0.38,64.93,2.62
41.12,28.42,202301,5.51,0.38,69.94,0.87
41.12,28.42,202302,8.89,0.45,66.0,1.39
41.12,28.42,202303,11.1,0.41,71.25,2.38
41.12,28.42,202304,15.63,0.45,72.39,3.11
41.12,28.42,202305,18.84,0.48,71.78,1.18
41.12,28.42,202306,24.01,0.58,45.28,0.92
41.12,28.42,202307,26.15,0.65,23.83,0.27
41.12,28.42,202308,21.47,0.59,31.41,0.21
41.12,28.42,202309,16.72,0.56,46.02,0.96
41.12,28.42,202310,11.52,0.52,49.57,0.71
41.12,28.42,202311,6.49,0.41,68.19,6.61
41.12,28.42,202312,4.82,0.38,64.93,2.62
41.12,28.45,202301,5.51,0.38,69.94,0.72
41.12,28.45,202302,8.89,0.45,66.0,1.83
41.12,28.45,202303,11.1,0.41,71.25,2.49
41.12,28.45,202304,15.63,0.45,72.39,3.07
41.12,28.45,202305,18.84,0.48,71.78,1.24
41.12,28.45,202306,24.01,0.58,45.28,0.86
41.12,28.45,202307,26.15,0.65,23.83,0.33
41.12,28.45,202308,21.47,0.59,31.41,0.3
41.12,28.45,202309,16.72,0.56,46.02,0.71
41.12,28.45,202310,11.52,0.52,49.57,1.15
41.12,28.45,202311,6.49,0.41,68.19,6.37
41.12,28.45,202312,4.82,0.38,64.93,2.3
41.12,28.48,202301,5.51,0.38,69.94,0.72
41.12,28.48,202302,8.89,0.45,66.0,1.83
41.12,28.48,202303,11.1,0.41,71.25,2.49
41.12,28.48,202304,15.63,0.45,72.39,3.07
41.12,28.48,202305,18.84,0.48,71.78,1.24
41.12,28.48,202306,24.01,0.58,45.28,0.86
41.12,28.48,202307,26.15,0.65,23.83,0.33
41.12,28.48,202308,21.47,0.59,31.41,0.3
41.12,28.48,202309,16.72,0.56,46.02,0.71
41.12,28.48,202310,11.52,0.52,49.57,1.15
41.12,28.48,202311,6.49,0.41,68.19,6.37
41.12,28.48,202312,4.82,0.38,64.93,2.3
41.12,28.51,202301,5.51,0.38,69.94,0.72
41.12,28.51,202302,8.89,0.45,66.0,1.83
41.12,28.51,202303,11.1,0.41,71.25,2.49
41.12,28.51,202304,15.63,0.45,72.39,3.07
41.12,28.51,202305,18.84,0.48,71.78,1.24
41.12,28.51,202306,24.01,0.58,45.28,0.86
41.12,28.51,202307,26.15,0.65,23.83,0.33
41.12,28.51,202308,21.47,0.59,31.41,0.3
41.12,28.51,202309,16.72,0.56,46.02,0.71
41.12,28.51,202310,11.52,0.52,49.57,1.15
41.12,28.51,202311,6.49,0.41,68.19,6.37
41.12,28.51,202312,4.82,0.38,64.93,2.3
41.12,28.54,202301,5.51,0.38,69.94,0.72
41.12,28.54,202302,8.89,0.45,66.0,1.83
41.12,28.54,202303,11.1,0.41,71.25,2.49
41.12,28.54,202304,15.63,0.45,72.39,3.07
41.12,28.54,202305,18.84,0.48,71.78,1.24
41.12,28.54,202306,24.01,0.58,45.28,0.86
41.12,28.54,202307,26.15,0.65,23.83,0.33
41.12,28.54,202308,21.47,0.59,31.41,0.3
41.12,28.54,202309,16.72,0.56,46.02,0.71
41.12,28.54,202310,11.52,0.52,49.57,1.15
41.12,28.54,202311,6.49,0.41,68.19,6.37
41.12,28.54,202312,4.82,0.38,64.93,2.3
41.12,28.57,202301,5.51,0.38,69.94,0.72
41.12,28.57,202302,8.89,0.45,66.0,1.83
41.12,28.57,202303,11.1,0.41,71.25,2.49
41.12,28.57,202304,15.63,0.45,72.39,3.07
41.12,28.57,202305,18.84,0.48,71.78,1.24
41.12,28.57,202306,24.01,0.58,45.28,0.86
41.12,28.57,202307,26.15,0.65,23.83,0.33
41.12,28.57,202308,21.47,0.59,31.41,0.3
41.12,28.57,202309,16.72,0.56,46.02,0.71
41.12,28.57,202310,11.52,0.52,49.57,1.15
41.12,28.57,202311,6.49,0.41,68.19,6.37
41.12,28.57,202312,4.82,0.38,64.93,2.3
41.12,28.6,202301,5.51,0.38,69.94,0.72
41.12,28.6,202302,8.89,0.45,66.0,1.83
41.12,28.6,202303,11.1,0.41,71.25,2.49
41.12,28.6,202304,15.63,0.45,72.39,3.07
41.12,28.6,202305,18.84,0.48,71.78,1.24
41.12,28.6,202306,24.01,0.58,45.28,0.86
41.12,28.6,202307,26.15,0.65,23.83,0.33
41.12,28.6,202308,21.47,0.59,31.41,0.3
41.12,28.6,202309,16.72,0.56,46.02,0.71
41.12,28.6,202310,11.52,0.52,49.57,1.15
41.12,28.6,202311,6.49,0.41,68.19,6.37
41.12,28.6,202312,4.82,0.38,64.93,2.3
41.12,28.63,202301,5.51,0.38,69.94,0.72
41.12,28.63,202302,8.89,0.45,66.0,1.83
41.12,28.63,202303,11.1,0.41,71.25,2.49
41.12,28.63,202304,15.63,0.45,72.39,3.07
41.12,28.63,202305,18.84,0.48,71.78,1.24
41.12,28.63,202306,24.01,0.58,45.28,0.86
41.12,28.63,202307,26.15,0.65,23.83,0.33
41.12,28.63,202308,21.47,0.59,31.41,0.3
41.12,28.63,202309,16.72,0.56,46.02,0.71
41.12,28.63,202310,11.52,0.52,49.57,1.15
41.12,28.63,202311,6.49,0.41,68.19,6.37
41.12,28.63,202312,4.82,0.38,64.93,2.3
41.12,28.66,202301,5.51,0.38,69.94,0.72
41.12,28.66,202302,8.89,0.45,66.0,1.83
41.12,28.66,202303,11.1,0.41,71.25,2.49
41.12,28.66,202304,15.63,0.45,72.39,3.07
41.12,28.66,202305,18.84,0.48,71.78,1.24
41.12,28.66,202306,24.01,0.58,45.28,0.86
41.12,28.66,202307,26.15,0.65,23.83,0.33
41.12,28.66,202308,21.47,0.59,31.41,0.3
41.12,28.66,202309,16.72,0.56,46.02,0.71
41.12,28.66,202310,11.52,0.52,49.57,1.15
41.12,28.66,202311,6.49,0.41,68.19,6.37
41.12,28.66,202312,4.82,0.38,64.93,2.3
41.12,28.69,202301,5.51,0.38,69.94,0.72
41.12,28.69,202302,8.89,0.45,66.0,1.83
41.12,28.69,202303,11.1,0.41,71.25,2.49
41.12,28.69,202304,15.63,0.45,72.39,3.07
41.12,28.69,202305,18.84,0.48,71.78,1.24
41.12,28.69,202306,24.01,0.58,45.28,0.86
41.12,28.69,202307,26.15,0.65,23.83,0.33
41.12,28.69,202308,21.47,0.59,31.41,0.3
41.12,28.69,202309,16.72,0.56,46.02,0.71
41.12,28.69,202310,11.52,0.52,49.57,1.15
41.12,28.69,202311,6.49,0.41,68.19,6.37
41.12,28.69,202312,4.82,0.38,64.93,2.3
41.12,28.72,202301,5.51,0.38,69.94,0.72
41.12,28.72,202302,8.89,0.45,66.0,1.83
41.12,28.72,202303,11.1,0.41,71.25,2.49
41.12,28.72,202304,15.63,0.45,72.39,3.07
41.12,28.72,202305,18.84,0.48,71.78,1.24
41.12,28.72,202306,24.01,0.58,45.28,0.86
41.12,28.72,202307,26.15,0.65,23.83,0.33
41.12,28.72,202308,21.47,0.59,31.41,0.3
41.12,28.72,202309,16.72,0.56,46.02,0.71
41.12,28.72,202310,11.52,0.52,49.57,1.15
41.12,28.72,202311,6.49,0.41,68.19,6.37
41.12,28.72,202312,4.82,0.38,64.93,2.3
41.12,28.75,202301,5.51,0.38,69.94,0.72
41.12,28.75,202302,8.89,0.45,66.0,1.83
41.12,28.75,202303,11.1,0.41,71.25,2.49
41.12,28.75,202304,15.63,0.45,72.39,3.07
41.12,28.75,202305,18.84,0.48,71.78,1.24
41.12,28.75,202306,24.01,0.58,45.28,0.86
41.12,28.75,202307,26.15,0.65,23.83,0.33
41.12,28.75,202308,21.47,0.59,31.41,0.3
41.12,28.75,202309,16.72,0.56,46.02,0.71
41.12,28.75,202310,11.52,0.52,49.57,1.15
41.12,28.75,202311,6.49,0.41,68.19,6.37
41.12,28.75,202312,4.82,0.38,64.93,2.3
41.12,28.78,202301,5.51,0.38,69.94,0.72
41.12,28.78,202302,8.89,0.45,66.0,1.83
41.12,28.78,202303,11.1,0.41,71.25,2.49
41.12,28.78,202304,15.63,0.45,72.39,3.07
41.12,28.78,202305,18.84,0.48,71.78,1.24
41.12,28.78,202306,24.01,0.58,45.28,0.86
41.12,28.78,202307,26.15,0.65,23.83,0.33
41.12,28.78,202308,21.47,0.59,31.41,0.3
41.12,28.78,202309,16.72,0.56,46.02,0.71
41.12,28.78,202310,11.52,0.52,49.57,1.15
41.12,28.78,202311,6.49,0.41,68.19,6.37
41.12,28.78,202312,4.82,0.38,64.93,2.3
41.12,28.81,202301,5.51,0.38,69.94,0.72
41.12,28.81,202302,8.89,0.45,66.0,1.83
41.12,28.81,202303,11.1,0.41,71.25,2.49
41.12,28.81,202304,15.63,0.45,72.39,3.07
41.12,28.81,202305,18.84,0.48,71.78,1.24
41.12,28.81,202306,24.01,0.58,45.28,0.86
41.12,28.81,202307,26.15,0.65,23.83,0.33
41.12,28.81,202308,21.47,0.59,31.41,0.3
41.12,28.81,202309,16.72,0.56,46.02,0.71
41.12,28.81,202310,11.52,0.52,49.57,1.15
41.12,28.81,202311,6.49,0.41,68.19,6.37
41.12,28.81,202312,4.82,0.38,64.93,2.3
41.12,28.84,202301,5.51,0.38,69.94,0.72
41.12,28.84,202302,8.89,0.45,66.0,1.83
41.12,28.84,202303,11.1,0.41,71.25,2.49
41.12,28.84,202304,15.63,0.45,72.39,3.07
41.12,28.84,202305,18.84,0.48,71.78,1.24
41.12,28.84,202306,24.01,0.58,45.28,0.86
41.12,28.84,202307,26.15,0.65,23.83,0.33
41.12,28.84,202308,21.47,0.59,31.41,0.3
41.12,28.84,202309,16.72,0.56,46.02,0.71
41.12,28.84,202310,11.52,0.52,49.57,1.15
41.12,28.84,202311,6.49,0.41,68.19,6.37
41.12,28.84,202312,4.82,0.38,64.93,2.3
41.12,28.87,202301,5.51,0.38,69.94,0.72
41.12,28.87,202302,8.89,0.45,66.0,1.83
41.12,28.87,202303,11.1,0.41,71.25,2.49
41.12,28.87,202304,15.63,0.45,72.39,3.07
41.12,28.87,202305,18.84,0.48,71.78,1.24
41.12,28.87,202306,24.01,0.58,45.28,0.86
41.12,28.87,202307,26.15,0.65,23.83,0.33
41.12,28.87,202308,21.47,0.59,31.41,0.3
41.12,28.87,202309,16.72,0.56,46.02,0.71
41.12,28.87,202310,11.52,0.52,49.57,1.15
41.12,28.87,202311,6.49,0.41,68.19,6.37
41.12,28.87,202312,4.82,0.38,64.93,2.3
41.12,28.9,202301,5.51,0.38,69.94,0.72
41.12,28.9,202302,8.89,0.45,66.0,1.83
41.12,28.9,202303,11.1,0.41,71.25,2.49
41.12,28.9,202304,15.63,0.45,72.39,3.07
41.12,28.9,202305,18.84,0.48,71.78,1.24
41.12,28.9,202306,24.01,0.58,45.28,0.86
41.12,28.9,202307,26.15,0.65,23.83,0.33
41.12,28.9,202308,21.47,0.59,31.41,0.3
41.12,28.9,202309,16.72,0.56,46.02,0.71
41.12,28.9,202310,11.52,0.52,49.57,1.15
41.12,28.9,202311,6.49,0.41,68.19,6.37
41.12,28.9,202312,4.82,0.38,64.93,2.3
41.12,28.93,202301,5.51,0.38,69.94,0.72
41.12,28.93,202302,8.89,0.45,66.0,1.83
41.12,28.93,202303,11.1,0.41,71.25,2.49
41.12,28.93,202304,15.63,0.45,72.39,3.07
41.12,28.93,202305,18.84,0.48,71.78,1.24
41.12,28.93,202306,24.01,0.58,45.28,0.86
41.12,28.93,202307,26.15,0.65,23.83,0.33
41.12,28.93,202308,21.47,0.59,31.41,0.3
41.12,28.93,202309,16.72,0.56,46.02,0.71
41.12,28.93,202310,11.52,0.52,49.57,1.15
41.12,28.93,202311,6.49,0.41,68.19,6.37
41.12,28.93,202312,4.82,0.38,64.93,2.3
41.12,28.96,202301,5.51,0.38,69.94,0.72
41.12,28.96,202302,8.89,0.45,66.0,1.83
41.12,28.96,202303,11.1,0.41,71.25,2.49
41.12,28.96,202304,15.63,0.45,72.39,3.07
41.12,28.96,202305,18.84,0.48,71.78,1.24
41.12,28.96,202306,24.01,0.58,45.28,0.86
41.12,28.96,202307,26.15,0.65,23.83,0.33
41.12,28.96,202308,21.47,0.59,31.41,0.3
41.12,28.96,202309,16.72,0.56,46.02,0.71
41.12,28.96,202310,11.52,0.52,49.57,1.15
41.12,28.96,202311,6.49,0.41,68.19,6.37
41.12,28.96,202312,4.82,0.38,64.93,2.3
41.12,28.99,202301,5.51,0.38,69.94,0.72
41.12,28.99,202302,8.89,0.45,66.0,1.83
41.12,28.99,202303,11.1,0.41,71.25,2.49
41.12,28.99,202304,15.63,0.45,72.39,3.07
41.12,28.99,202305,18.84,0.48,71.78,1.24
41.12,28.99,202306,24.01,0.58,45.28,0.86
41.12,28.99,202307,26.15,0.65,23.83,0.33
41.12,28.99,202308,21.47,0.59,31.41,0.3
41.12,28.99,202309,16.72,0.56,46.02,0.71
41.12,28.99,202310,11.52,0.52,49.57,1.15
41.12,28.99,202311,6.49,0.41,68.19,6.37
41.12,28.99,202312,4.82,0.38,64.93,2.3
41.12,29.02,202301,5.47,0.38,77.44,0.72
41.12,29.02,202302,8.67,0.44,75.84,1.83
41.12,29.02,202303,10.41,0.38,81.4,2.49
41.12,29.02,202304,15.39,0.45,77.59,3.07
41.12,29.02,202305,18.83,0.48,75.98,1.24
41.12,29.02,202306,23.93,0.57,50.76,0.86
41.12,29.02,202307,25.58,0.63,28.76,0.33
41.12,29.02,202308,21.98,0.61,33.24,0.3
41.12,29.02,202309,17.75,0.6,55.94,0.71
41.12,29.02,202310,11.5,0.52,63.42,1.15
41.12,29.02,202311,6.57,0.42,78.12,6.37
41.12,29.02,202312,4.93,0.38,71.96,2.3
41.12,29.05,202301,5.47,0.38,77.44,0.72
41.12,29.05,202302,8.67,0.44,75.84,1.83
41.12,29.05,202303,10.41,0.38,81.4,2.49
41.12,29.05,202304,15.39,0.45,77.59,3.07
41.12,29.05,202305,18.83,0.48,75.98,1.24
41.12,29.05,202306,23.93,0.57,50.76,0.86
41.12,29.05,202307,25.58,0.63,28.76,0.33
41.12,29.05,202308,21.98,0.61,33.24,0.3
41.12,29.05,202309,17.75,0.6,55.94,0.71
41.12,29.05,202310,11.5,0.52,63.42,1.15
41.12,29.05,202311,6.57,0.42,78.12,6.37
41.12,29.05,202312,4.93,0.38,71.96,2.3
41.12,29.11,202301,5.47,0.38,77.44,0.72
41.12,29.11,202302,8.67,0.44,75.84,2.53
41.12,29.11,202303,10.41,0.38,81.4,2.88
41.12,29.11,202304,15.39,0.45,77.59,3.03
41.12,29.11,202305,18.83,0.48,75.98,1.35
41.12,29.11,202306,23.93,0.57,50.76,1.56
41.12,29.11,202307,25.58,0.63,28.76,0.79
41.12,29.11,202308,21.98,0.61,33.24,0.51
41.12,29.11,202309,17.75,0.6,55.94,0.89
41.12,29.11,202310,11.5,0.52,63.42,1.83
41.12,29.11,202311,6.57,0.42,78.12,6.97
41.12,29.11,202312,4.93,0.38,71.96,2.45
41.12,29.14,202301,5.47,0.38,77.44,0.72
41.12,29.14,202302,8.67,0.44,75.84,2.53
41.12,29.14,202303,10.41,0.38,81.4,2.88
41.12,29.14,202304,15.39,0.45,77.59,3.03
41.12,29.14,202305,18.83,0.48,75.98,1.35
41.12,29.14,202306,23.93,0.57,50.76,1.56
41.12,29.14,202307,25.58,0.63,28.76,0.79
41.12,29.14,202308,21.98,0.61,33.24,0.51
41.12,29.14,202309,17.75,0.6,55.94,0.89
41.12,29.14,202310,11.5,0.52,63.42,1.83
41.12,29.14,202311,6.57,0.42,78.12,6.97
41.12,29.14,202312,4.93,0.38,71.96,2.45
41.12,29.17,202301,5.47,0.38,77.44,0.72
41.12,29.17,202302,8.67,0.44,75.84,2.53
41.12,29.17,202303,10.41,0.38,81.4,2.88
41.12,29.17,202304,15.39,0.45,77.59,3.03
41.12,29.17,202305,18.83,0.48,75.98,1.35
41.12,29.17,202306,23.93,0.57,50.76,1.56
41.12,29.17,202307,25.58,0.63,28.76,0.79
41.12,29.17,202308,21.98,0.61,33.24,0.51
41.12,29.17,202309,17.75,0.6,55.94,0.89
41.12,29.17,202310,11.5,0.52,63.42,1.83
41.12,29.17,202311,6.57,0.42,78.12,6.97
41.12,29.17,202312,4.93,0.38,71.96,2.45
41.12,29.2,202301,5.47,0.38,77.44,0.72
41.12,29.2,202302,8.67,0.44,75.84,2.53
41.12,29.2,202303,10.41,0.38,81.4,2.88
41.12,29.2,202304,15.39,0.45,77.59,3.03
41.12,29.2,202305,18.83,0.48,75.98,1.35
41.12,29.2,202306,23.93,0.57,50.76,1.56
41.12,29.2,202307,25.58,0.63,28.76,0.79
41.12,29.2,202308,21.98,0.61,33.24,0.51
41.12,29.2,202309,17.75,0.6,55.94,0.89
41.12,29.2,202310,11.5,0.52,63.42,1.83
41.12,29.2,202311,6.57,0.42,78.12,6.97
41.12,29.2,202312,4.93,0.38,71.96,2.45
41.12,29.23,202301,5.47,0.38,77.44,0.72
41.12,29.23,202302,8.67,0.44,75.84,2.53
41.12,29.23,202303,10.41,0.38,81.4,2.88
41.12,29.23,202304,15.39,0.45,77.59,3.03
41.12,29.23,202305,18.83,0.48,75.98,1.35
41.12,29.23,202306,23.93,0.57,50.76,1.56
41.12,29.23,202307,25.58,0.63,28.76,0.79
41.12,29.23,202308,21.98,0.61,33.24,0.51
41.12,29.23,202309,17.75,0.6,55.94,0.89
41.12,29.23,202310,11.5,0.52,63.42,1.83
41.12,29.23,202311,6.57,0.42,78.12,6.97
41.12,29.23,202312,4.93,0.38,71.96,2.45
41.12,29.26,202301,5.47,0.38,77.44,0.72
41.12,29.26,202302,8.67,0.44,75.84,2.53
41.12,29.26,202303,10.41,0.38,81.4,2.88
41.12,29.26,202304,15.39,0.45,77.59,3.03
41.12,29.26,202305,18.83,0.48,75.98,1.35
41.12,29.26,202306,23.93,0.57,50.76,1.56
41.12,29.26,202307,25.58,0.63,28.76,0.79
41.12,29.26,202308,21.98,0.61,33.24,0.51
41.12,29.26,202309,17.75,0.6,55.94,0.89
41.12,29.26,202310,11.5,0.52,63.42,1.83
41.12,29.26,202311,6.57,0.42,78.12,6.97
41.12,29.26,202312,4.93,0.38,71.96,2.45
41.12,29.29,202301,5.47,0.38,77.44,0.72
41.12,29.29,202302,8.67,0.44,75.84,2.53
41.12,29.29,202303,10.41,0.38,81.4,2.88
41.12,29.29,202304,15.39,0.45,77.59,3.03
41.12,29.29,202305,18.83,0.48,75.98,1.35
41.12,29.29,202306,23.93,0.57,50.76,1.56
41.12,29.29,202307,25.58,0.63,28.76,0.79
41.12,29.29,202308,21.98,0.61,33.24,0.51
41.12,29.29,202309,17.75,0.6,55.94,0.89
41.12,29.29,202310,11.5,0.52,63.42,1.83
41.12,29.29,202311,6.57,0.42,78.12,6.97
41.12,29.29,202312,4.93,0.38,71.96,2.45
41.12,29.32,202301,5.47,0.38,77.44,0.72
41.12,29.32,202302,8.67,0.44,75.84,2.53
41.12,29.32,202303,10.41,0.38,81.4,2.88
41.12,29.32,202304,15.39,0.45,77.59,3.03
41.12,29.32,202305,18.83,0.48,75.98,1.35
41.12,29.32,202306,23.93,0.57,50.76,1.56
41.12,29.32,202307,25.58,0.63,28.76,0.79
41.12,29.32,202308,21.98,0.61,33.24,0.51
41.12,29.32,202309,17.75,0.6,55.94,0.89
41.12,29.32,202310,11.5,0.52,63.42,1.83
41.12,29.32,202311,6.57,0.42,78.12,6.97
41.12,29.32,202312,4.93,0.38,71.96,2.45
41.12,29.35,202301,5.47,0.38,77.44,0.72
41.12,29.35,202302,8.67,0.44,75.84,2.53
41.12,29.35,202303,10.41,0.38,81.4,2.88
41.12,29.35,202304,15.39,0.45,77.59,3.03
41.12,29.35,202305,18.83,0.48,75.98,1.35
41.12,29.35,202306,23.93,0.57,50.76,1.56
41.12,29.35,202307,25.58,0.63,28.76,0.79
41.12,29.35,202308,21.98,0.61,33.24,0.51
41.12,29.35,202309,17.75,0.6,55.94,0.89
41.12,29.35,202310,11.5,0.52,63.42,1.83
41.12,29.35,202311,6.57,0.42,78.12,6.97
41.12,29.35,202312,4.93,0.38,71.96,2.45
41.12,29.38,202301,5.47,0.38,77.44,0.72
41.12,29.38,202302,8.67,0.44,75.84,2.53
41.12,29.38,202303,10.41,0.38,81.4,2.88
41.12,29.38,202304,15.39,0.45,77.59,3.03
41.12,29.38,202305,18.83,0.48,75.98,1.35
41.12,29.38,202306,23.93,0.57,50.76,1.56
41.12,29.38,202307,25.58,0.63,28.76,0.79
41.12,29.38,202308,21.98,0.61,33.24,0.51
41.12,29.38,202309,17.75,0.6,55.94,0.89
41.12,29.38,202310,11.5,0.52,63.42,1.83
41.12,29.38,202311,6.57,0.42,78.12,6.97
41.12,29.38,202312,4.93,0.38,71.96,2.45
41.12,29.41,202301,5.47,0.38,77.44,0.72
41.12,29.41,202302,8.67,0.44,75.84,2.53
41.12,29.41,202303,10.41,0.38,81.4,2.88
41.12,29.41,202304,15.39,0.45,77.59,3.03
41.12,29.41,202305,18.83,0.48,75.98,1.35
41.12,29.41,202306,23.93,0.57,50.76,1.56
41.12,29.41,202307,25.58,0.63,28.76,0.79
41.12,29.41,202308,21.98,0.61,33.24,0.51
41.12,29.41,202309,17.75,0.6,55.94,0.89
41.12,29.41,202310,11.5,0.52,63.42,1.83
41.12,29.41,202311,6.57,0.42,78.12,6.97
41.12,29.41,202312,4.93,0.38,71.96,2.45
41.12,29.44,202301,5.47,0.38,77.44,0.72
41.12,29.44,202302,8.67,0.44,75.84,2.53
41.12,29.44,202303,10.41,0.38,81.4,2.88
41.12,29.44,202304,15.39,0.45,77.59,3.03
41.12,29.44,202305,18.83,0.48,75.98,1.35
41.12,29.44,202306,23.93,0.57,50.76,1.56
41.12,29.44,202307,25.58,0.63,28.76,0.79
41.12,29.44,202308,21.98,0.61,33.24,0.51
41.12,29.44,202309,17.75,0.6,55.94,0.89
41.12,29.44,202310,11.5,0.52,63.42,1.83
41.12,29.44,202311,6.57,0.42,78.12,6.97
41.12,29.44,202312,4.93,0.38,71.96,2.45
41.12,29.47,202301,5.47,0.38,77.44,0.72
41.12,29.47,202302,8.67,0.44,75.84,2.53
41.12,29.47,202303,10.41,0.38,81.4,2.88
41.12,29.47,202304,15.39,0.45,77.59,3.03
41.12,29.47,202305,18.83,0.48,75.98,1.35
41.12,29.47,202306,23.93,0.57,50.76,1.56
41.12,29.47,202307,25.58,0.63,28.76,0.79
41.12,29.47,202308,21.98,0.61,33.24,0.51
41.12,29.47,202309,17.75,0.6,55.94,0.89
41.12,29.47,202310,11.5,0.52,63.42,1.83
41.12,29.47,202311,6.57,0.42,78.12,6.97
41.12,29.47,202312,4.93,0.38,71.96,2.45
41.12,29.5,202301,5.47,0.38,77.44,0.72
41.12,29.5,202302,8.67,0.44,75.84,2.53
41.12,29.5,202303,10.41,0.38,81.4,2.88
41.12,29.5,202304,15.39,0.45,77.59,3.03
41.12,29.5,202305,18.83,0.48,75.98,1.35
41.12,29.5,202306,23.93,0.57,50.76,1.56
41.12,29.5,202307,25.58,0.63,28.76,0.79
41.12,29.5,202308,21.98,0.61,33.24,0.51
41.12,29.5,202309,17.75,0.6,55.94,0.89
41.12,29.5,202310,11.5,0.52,63.42,1.83
41.12,29.5,202311,6.57,0.42,78.12,6.97
41.12,29.5,202312,4.93,0.38,71.96,2.45
41.12,29.53,202301,5.47,0.38,77.44,0.72
41.12,29.53,202302,8.67,0.44,75.84,2.53
41.12,29.53,202303,10.41,0.38,81.4,2.88
41.12,29.53,202304,15.39,0.45,77.59,3.03
41.12,29.53,202305,18.83,0.48,75.98,1.35
41.12,29.53,202306,23.93,0.57,50.76,1.56
41.12,29.53,202307,25.58,0.63,28.76,0.79
41.12,29.53,202308,21.98,0.61,33.24,0.51
41.12,29.53,202309,17.75,0.6,55.94,0.89
41.12,29.53,202310,11.5,0.52,63.42,1.83
41.12,29.53,202311,6.57,0.42,78.12,6.97
41.12,29.53,202312,4.93,0.38,71.96,2.45
41.12,29.56,202301,5.47,0.38,77.44,0.72
41.12,29.56,202302,8.67,0.44,75.84,2.53
41.12,29.56,202303,10.41,0.38,81.4,2.88
41.12,29.56,202304,15.39,0.45,77.59,3.03
41.12,29.56,202305,18.83,0.48,75.98,1.35
41.12,29.56,202306,23.93,0.57,50.76,1.56
41.12,29.56,202307,25.58,0.63,28.76,0.79
41.12,29.56,202308,21.98,0.61,33.24,0.51
41.12,29.56,202309,17.75,0.6,55.94,0.89
41.12,29.56,202310,11.5,0.52,63.42,1.83
41.12,29.56,202311,6.57,0.42,78.12,6.97
41.12,29.56,202312,4.93,0.38,71.96,2.45
41.12,29.59,202301,5.47,0.38,77.44,0.72
41.12,29.59,202302,8.67,0.44,75.84,2.53
41.12,29.59,202303,10.41,0.38,81.4,2.88
41.12,29.59,202304,15.39,0.45,77.59,3.03
41.12,29.59,202305,18.83,0.48,75.98,1.35
41.12,29.59,202306,23.93,0.57,50.76,1.56
41.12,29.59,202307,25.58,0.63,28.76,0.79
41.12,29.59,202308,21.98,0.61,33.24,0.51
41.12,29.59,202309,17.75,0.6,55.94,0.89
41.12,29.59,202310,11.5,0.52,63.42,1.83
41.12,29.59,202311,6.57,0.42,78.12,6.97
41.12,29.59,202312,4.93,0.38,71.96,2.45
41.12,29.62,202301,5.47,0.38,77.44,0.72
41.12,29.62,202302,8.67,0.44,75.84,2.53
41.12,29.62,202303,10.41,0.38,81.4,2.88
41.12,29.62,202304,15.39,0.45,77.59,3.03
41.12,29.62,202305,18.83,0.48,75.98,1.35
41.12,29.62,202306,23.93,0.57,50.76,1.56
41.12,29.62,202307,25.58,0.63,28.76,0.79
41.12,29.62,202308,21.98,0.61,33.24,0.51
41.12,29.62,202309,17.75,0.6,55.94,0.89
41.12,29.62,202310,11.5,0.52,63.42,1.83
41.12,29.62,202311,6.57,0.42,78.12,6.97
41.12,29.62,202312,4.93,0.38,71.96,2.45
41.12,29.65,202301,5.47,0.38,77.44,0.72
41.12,29.65,202302,8.67,0.44,75.84,2.53
41.12,29.65,202303,10.41,0.38,81.4,2.88
41.12,29.65,202304,15.39,0.45,77.59,3.03
41.12,29.65,202305,18.83,0.48,75.98,1.35
41.12,29.65,202306,23.93,0.57,50.76,1.56
41.12,29.65,202307,25.58,0.63,28.76,0.79
41.12,29.65,202308,21.98,0.61,33.24,0.51
41.12,29.65,202309,17.75,0.6,55.94,0.89
41.12,29.65,202310,11.5,0.52,63.42,1.83
41.12,29.65,202311,6.57,0.42,78.12,6.97
41.12,29.65,202312,4.93,0.38,71.96,2.45
41.12,29.68,202301,5.47,0.38,77.44,0.72
41.12,29.68,202302,8.67,0.44,75.84,2.53
41.12,29.68,202303,10.41,0.38,81.4,2.88
41.12,29.68,202304,15.39,0.45,77.59,3.03
41.12,29.68,202305,18.83,0.48,75.98,1.35
41.12,29.68,202306,23.93,0.57,50.76,1.56
41.12,29.68,202307,25.58,0.63,28.76,0.79
41.12,29.68,202308,21.98,0.61,33.24,0.51
41.12,29.68,202309,17.75,0.6,55.94,0.89
41.12,29.68,202310,11.5,0.52,63.42,1.83
41.12,29.68,202311,6.57,0.42,78.12,6.97
41.12,29.68,202312,4.93,0.38,71.96,2.45
41.12,29.71,202301,5.47,0.38,77.44,0.81
41.12,29.71,202302,8.67,0.44,75.84,3.12
41.12,29.71,202303,10.41,0.38,81.4,3.56
41.12,29.71,202304,15.39,0.45,77.59,3.15
41.12,29.71,202305,18.83,0.48,75.98,1.85
41.12,29.71,202306,23.93,0.57,50.76,3.94
41.12,29.71,202307,25.58,0.63,28.76,2.15
41.12,29.71,202308,21.98,0.61,33.24,0.82
41.12,29.71,202309,17.75,0.6,55.94,0.95
41.12,29.71,202310,11.5,0.52,63.42,2.61
41.12,29.71,202311,6.57,0.42,78.12,6.92
41.12,29.71,202312,4.93,0.38,71.96,2.87
41.12,29.74,202301,5.47,0.38,77.44,0.81
41.12,29.74,202302,8.67,0.44,75.84,3.12
41.12,29.74,202303,10.41,0.38,81.4,3.56
41.12,29.74,202304,15.39,0.45,77.59,3.15
41.12,29.74,202305,18.83,0.48,75.98,1.85
41.12,29.74,202306,23.93,0.57,50.76,3.94
41.12,29.74,202307,25.58,0.63,28.76,2.15
41.12,29.74,202308,21.98,0.61,33.24,0.82
41.12,29.74,202309,17.75,0.6,55.94,0.95
41.12,29.74,202310,11.5,0.52,63.42,2.61
41.12,29.74,202311,6.57,0.42,78.12,6.92
41.12,29.74,202312,4.93,0.38,71.96,2.87
41.12,29.77,202301,5.47,0.38,77.44,0.81
41.12,29.77,202302,8.67,0.44,75.84,3.12
41.12,29.77,202303,10.41,0.38,81.4,3.56
41.12,29.77,202304,15.39,0.45,77.59,3.15
41.12,29.77,202305,18.83,0.48,75.98,1.85
41.12,29.77,202306,23.93,0.57,50.76,3.94
41.12,29.77,202307,25.58,0.63,28.76,2.15
41.12,29.77,202308,21.98,0.61,33.24,0.82
41.12,29.77,202309,17.75,0.6,55.94,0.95
41.12,29.77,202310,11.5,0.52,63.42,2.61
41.12,29.77,202311,6.57,0.42,78.12,6.92
41.12,29.77,202312,4.93,0.38,71.96,2.87
41.12,29.8,202301,5.47,0.38,77.44,0.81
41.12,29.8,202302,8.67,0.44,75.84,3.12
41.12,29.8,202303,10.41,0.38,81.4,3.56
41.12,29.8,202304,15.39,0.45,77.59,3.15
41.12,29.8,202305,18.83,0.48,75.98,1.85
41.12,29.8,202306,23.93,0.57,50.76,3.94
41.12,29.8,202307,25.58,0.63,28.76,2.15
41.12,29.8,202308,21.98,0.61,33.24,0.82
41.12,29.8,202309,17.75,0.6,55.94,0.95
41.12,29.8,202310,11.5,0.52,63.42,2.61
41.12,29.8,202311,6.57,0.42,78.12,6.92
41.12,29.8,202312,4.93,0.38,71.96,2.87
41.12,29.83,202301,5.47,0.38,77.44,0.81
41.12,29.83,202302,8.67,0.44,75.84,3.12
41.12,29.83,202303,10.41,0.38,81.4,3.56
41.12,29.83,202304,15.39,0.45,77.59,3.15
41.12,29.83,202305,18.83,0.48,75.98,1.85
41.12,29.83,202306,23.93,0.57,50.76,3.94
41.12,29.83,202307,25.58,0.63,28.76,2.15
41.12,29.83,202308,21.98,0.61,33.24,0.82
41.12,29.83,202309,17.75,0.6,55.94,0.95
41.12,29.83,202310,11.5,0.52,63.42,2.61
41.12,29.83,202311,6.57,0.42,78.12,6.92
41.12,29.83,202312,4.93,0.38,71.96,2.87
41.12,29.86,202301,5.47,0.38,77.44,0.81
41.12,29.86,202302,8.67,0.44,75.84,3.12
41.12,29.86,202303,10.41,0.38,81.4,3.56
41.12,29.86,202304,15.39,0.45,77.59,3.15
41.12,29.86,202305,18.83,0.48,75.98,1.85
41.12,29.86,202306,23.93,0.57,50.76,3.94
41.12,29.86,202307,25.58,0.63,28.76,2.15
41.12,29.86,202308,21.98,0.61,33.24,0.82
41.12,29.86,202309,17.75,0.6,55.94,0.95
41.12,29.86,202310,11.5,0.52,63.42,2.61
41.12,29.86,202311,6.57,0.42,78.12,6.92
41.12,29.86,202312,4.93,0.38,71.96,2.87
41.12,29.89,202301,5.47,0.38,77.44,0.81
41.12,29.89,202302,8.67,0.44,75.84,3.12
41.12,29.89,202303,10.41,0.38,81.4,3.56
41.12,29.89,202304,15.39,0.45,77.59,3.15
41.12,29.89,202305,18.83,0.48,75.98,1.85
41.12,29.89,202306,23.93,0.57,50.76,3.94
41.12,29.89,202307,25.58,0.63,28.76,2.15
41.12,29.89,202308,21.98,0.61,33.24,0.82
41.12,29.89,202309,17.75,0.6,55.94,0.95
41.12,29.89,202310,11.5,0.52,63.42,2.61
41.12,29.89,202311,6.57,0.42,78.12,6.92
41.12,29.89,202312,4.93,0.38,71.96,2.87
41.14,28.0,202301,5.51,0.38,69.94,0.87
41.14,28.0,202302,8.89,0.45,66.0,1.39
41.14,28.0,202303,11.1,0.41,71.25,2.38
41.14,28.0,202304,15.63,0.45,72.39,3.11
41.14,28.0,202305,18.84,0.48,71.78,1.18
41.14,28.0,202306,24.01,0.58,45.28,0.92
41.14,28.0,202307,26.15,0.65,23.83,0.27
41.14,28.0,202308,21.47,0.59,31.41,0.21
41.14,28.0,202309,16.72,0.56,46.02,0.96
41.14,28.0,202310,11.52,0.52,49.57,0.71
41.14,28.0,202311,6.49,0.41,68.19,6.61
41.14,28.0,202312,4.82,0.38,64.93,2.62
41.14,28.03,202301,5.51,0.38,69.94,0.87
41.14,28.03,202302,8.89,0.45,66.0,1.39
41.14,28.03,202303,11.1,0.41,71.25,2.38
41.14,28.03,202304,15.63,0.45,72.39,3.11
41.14,28.03,202305,18.84,0.48,71.78,1.18
41.14,28.03,202306,24.01,0.58,45.28,0.92
41.14,28.03,202307,26.15,0.65,23.83,0.27
41.14,28.03,202308,21.47,0.59,31.41,0.21
41.14,28.03,202309,16.72,0.56,46.02,0.96
41.14,28.03,202310,11.52,0.52,49.57,0.71
41.14,28.03,202311,6.49,0.41,68.19,6.61
41.14,28.03,202312,4.82,0.38,64.93,2.62
41.14,28.06,202301,5.51,0.38,69.94,0.87
41.14,28.06,202302,8.89,0.45,66.0,1.39
41.14,28.06,202303,11.1,0.41,71.25,2.38
41.14,28.06,202304,15.63,0.45,72.39,3.11
41.14,28.06,202305,18.84,0.48,71.78,1.18
41.14,28.06,202306,24.01,0.58,45.28,0.92
41.14,28.06,202307,26.15,0.65,23.83,0.27
41.14,28.06,202308,21.47,0.59,31.41,0.21
41.14,28.06,202309,16.72,0.56,46.02,0.96
41.14,28.06,202310,11.52,0.52,49.57,0.71
41.14,28.06,202311,6.49,0.41,68.19,6.61
41.14,28.06,202312,4.82,0.38,64.93,2.62
41.14,28.09,202301,5.51,0.38,69.94,0.87
41.14,28.09,202302,8.89,0.45,66.0,1.39
41.14,28.09,202303,11.1,0.41,71.25,2.38
41.14,28.09,202304,15.63,0.45,72.39,3.11
41.14,28.09,202305,18.84,0.48,71.78,1.18
41.14,28.09,202306,24.01,0.58,45.28,0.92
41.14,28.09,202307,26.15,0.65,23.83,0.27
41.14,28.09,202308,21.47,0.59,31.41,0.21
41.14,28.09,202309,16.72,0.56,46.02,0.96
41.14,28.09,202310,11.52,0.52,49.57,0.71
41.14,28.09,202311,6.49,0.41,68.19,6.61
41.14,28.09,202312,4.82,0.38,64.93,2.62
41.14,28.12,202301,5.51,0.38,69.94,0.87
41.14,28.12,202302,8.89,0.45,66.0,1.39
41.14,28.12,202303,11.1,0.41,71.25,2.38
41.14,28.12,202304,15.63,0.45,72.39,3.11
41.14,28.12,202305,18.84,0.48,71.78,1.18
41.14,28.12,202306,24.01,0.58,45.28,0.92
41.14,28.12,202307,26.15,0.65,23.83,0.27
41.14,28.12,202308,21.47,0.59,31.41,0.21
41.14,28.12,202309,16.72,0.56,46.02,0.96
41.14,28.12,202310,11.52,0.52,49.57,0.71
41.14,28.12,202311,6.49,0.41,68.19,6.61
41.14,28.12,202312,4.82,0.38,64.93,2.62
41.14,28.15,202301,5.51,0.38,69.94,0.87
41.14,28.15,202302,8.89,0.45,66.0,1.39
41.14,28.15,202303,11.1,0.41,71.25,2.38
41.14,28.15,202304,15.63,0.45,72.39,3.11
41.14,28.15,202305,18.84,0.48,71.78,1.18
41.14,28.15,202306,24.01,0.58,45.28,0.92
41.14,28.15,202307,26.15,0.65,23.83,0.27
41.14,28.15,202308,21.47,0.59,31.41,0.21
41.14,28.15,202309,16.72,0.56,46.02,0.96
41.14,28.15,202310,11.52,0.52,49.57,0.71
41.14,28.15,202311,6.49,0.41,68.19,6.61
41.14,28.15,202312,4.82,0.38,64.93,2.62
41.14,28.18,202301,5.51,0.38,69.94,0.87
41.14,28.18,202302,8.89,0.45,66.0,1.39
41.14,28.18,202303,11.1,0.41,71.25,2.38
41.14,28.18,202304,15.63,0.45,72.39,3.11
41.14,28.18,202305,18.84,0.48,71.78,1.18
41.14,28.18,202306,24.01,0.58,45.28,0.92
41.14,28.18,202307,26.15,0.65,23.83,0.27
41.14,28.18,202308,21.47,0.59,31.41,0.21
41.14,28.18,202309,16.72,0.56,46.02,0.96
41.14,28.18,202310,11.52,0.52,49.57,0.71
41.14,28.18,202311,6.49,0.41,68.19,6.61
41.14,28.18,202312,4.82,0.38,64.93,2.62
41.14,28.21,202301,5.51,0.38,69.94,0.87
41.14,28.21,202302,8.89,0.45,66.0,1.39
41.14,28.21,202303,11.1,0.41,71.25,2.38
41.14,28.21,202304,15.63,0.45,72.39,3.11
41.14,28.21,202305,18.84,0.48,71.78,1.18
41.14,28.21,202306,24.01,0.58,45.28,0.92
41.14,28.21,202307,26.15,0.65,23.83,0.27
41.14,28.21,202308,21.47,0.59,31.41,0.21
41.14,28.21,202309,16.72,0.56,46.02,0.96
41.14,28.21,202310,11.52,0.52,49.57,0.71
41.14,28.21,202311,6.49,0.41,68.19,6.61
41.14,28.21,202312,4.82,0.38,64.93,2.62
41.14,28.24,202301,5.51,0.38,69.94,0.87
41.14,28.24,202302,8.89,0.45,66.0,1.39
41.14,28.24,202303,11.1,0.41,71.25,2.38
41.14,28.24,202304,15.63,0.45,72.39,3.11
41.14,28.24,202305,18.84,0.48,71.78,1.18
41.14,28.24,202306,24.01,0.58,45.28,0.92
41.14,28.24,202307,26.15,0.65,23.83,0.27
41.14,28.24,202308,21.47,0.59,31.41,0.21
41.14,28.24,202309,16.72,0.56,46.02,0.96
41.14,28.24,202310,11.52,0.52,49.57,0.71
41.14,28.24,202311,6.49,0.41,68.19,6.61
41.14,28.24,202312,4.82,0.38,64.93,2.62
41.14,28.27,202301,5.51,0.38,69.94,0.87
41.14,28.27,202302,8.89,0.45,66.0,1.39
41.14,28.27,202303,11.1,0.41,71.25,2.38
41.14,28.27,202304,15.63,0.45,72.39,3.11
41.14,28.27,202305,18.84,0.48,71.78,1.18
41.14,28.27,202306,24.01,0.58,45.28,0.92
41.14,28.27,202307,26.15,0.65,23.83,0.27
41.14,28.27,202308,21.47,0.59,31.41,0.21
41.14,28.27,202309,16.72,0.56,46.02,0.96
41.14,28.27,202310,11.52,0.52,49.57,0.71
41.14,28.27,202311,6.49,0.41,68.19,6.61
41.14,28.27,202312,4.82,0.38,64.93,2.62
41.14,28.3,202301,5.51,0.38,69.94,0.87
41.14,28.3,202302,8.89,0.45,66.0,1.39
41.14,28.3,202303,11.1,0.41,71.25,2.38
41.14,28.3,202304,15.63,0.45,72.39,3.11
41.14,28.3,202305,18.84,0.48,71.78,1.18
41.14,28.3,202306,24.01,0.58,45.28,0.92
41.14,28.3,202307,26.15,0.65,23.83,0.27
41.14,28.3,202308,21.47,0.59,31.41,0.21
41.14,28.3,202309,16.72,0.56,46.02,0.96
41.14,28.3,202310,11.52,0.52,49.57,0.71
41.14,28.3,202311,6.49,0.41,68.19,6.61
41.14,28.3,202312,4.82,0.38,64.93,2.62
41.14,28.33,202301,5.51,0.38,69.94,0.87
41.14,28.33,202302,8.89,0.45,66.0,1.39
41.14,28.33,202303,11.1,0.41,71.25,2.38
41.14,28.33,202304,15.63,0.45,72.39,3.11
41.14,28.33,202305,18.84,0.48,71.78,1.18
41.14,28.33,202306,24.01,0.58,45.28,0.92
41.14,28.33,202307,26.15,0.65,23.83,0.27
41.14,28.33,202308,21.47,0.59,31.41,0.21
41.14,28.33,202309,16.72,0.56,46.02,0.96
41.14,28.33,202310,11.52,0.52,49.57,0.71
41.14,28.33,202311,6.49,0.41,68.19,6.61
41.14,28.33,202312,4.82,0.38,64.93,2.62
41.14,28.36,202301,5.51,0.38,69.94,0.87
41.14,28.36,202302,8.89,0.45,66.0,1.39
41.14,28.36,202303,11.1,0.41,71.25,2.38
41.14,28.36,202304,15.63,0.45,72.39,3.11
41.14,28.36,202305,18.84,0.48,71.78,1.18
41.14,28.36,202306,24.01,0.58,45.28,0.92
41.14,28.36,202307,26.15,0.65,23.83,0.27
41.14,28.36,202308,21.47,0.59,31.41,0.21
41.14,28.36,202309,16.72,0.56,46.02,0.96
41.14,28.36,202310,11.52,0.52,49.57,0.71
41.14,28.36,202311,6.49,0.41,68.19,6.61
41.14,28.36,202312,4.82,0.38,64.93,2.62
41.14,28.39,202301,5.51,0.38,69.94,0.87
41.14,28.39,202302,8.89,0.45,66.0,1.39
41.14,28.39,202303,11.1,0.41,71.25,2.38
41.14,28.39,202304,15.63,0.45,72.39,3.11
41.14,28.39,202305,18.84,0.48,71.78,1.18
41.14,28.39,202306,24.01,0.58,45.28,0.92
41.14,28.39,202307,26.15,0.65,23.83,0.27
41.14,28.39,202308,21.47,0.59,31.41,0.21
41.14,28.39,202309,16.72,0.56,46.02,0.96
41.14,28.39,202310,11.52,0.52,49.57,0.71
41.14,28.39,202311,6.49,0.41,68.19,6.61
41.14,28.39,202312,4.82,0.38,64.93,2.62
41.14,28.42,202301,5.51,0.38,69.94,0.87
41.14,28.42,202302,8.89,0.45,66.0,1.39
41.14,28.42,202303,11.1,0.41,71.25,2.38
41.14,28.42,202304,15.63,0.45,72.39,3.11
41.14,28.42,202305,18.84,0.48,71.78,1.18
41.14,28.42,202306,24.01,0.58,45.28,0.92
41.14,28.42,202307,26.15,0.65,23.83,0.27
41.14,28.42,202308,21.47,0.59,31.41,0.21
41.14,28.42,202309,16.72,0.56,46.02,0.96
41.14,28.42,202310,11.52,0.52,49.57,0.71
41.14,28.42,202311,6.49,0.41,68.19,6.61
41.14,28.42,202312,4.82,0.38,64.93,2.62
41.14,28.45,202301,5.51,0.38,69.94,0.72
41.14,28.45,202302,8.89,0.45,66.0,1.83
41.14,28.45,202303,11.1,0.41,71.25,2.49
41.14,28.45,202304,15.63,0.45,72.39,3.07
41.14,28.45,202305,18.84,0.48,71.78,1.24
41.14,28.45,202306,24.01,0.58,45.28,0.86
41.14,28.45,202307,26.15,0.65,23.83,0.33
41.14,28.45,202308,21.47,0.59,31.41,0.3
41.14,28.45,202309,16.72,0.56,46.02,0.71
41.14,28.45,202310,11.52,0.52,49.57,1.15
41.14,28.45,202311,6.49,0.41,68.19,6.37
41.14,28.45,202312,4.82,0.38,64.93,2.3
41.14,28.48,202301,5.51,0.38,69.94,0.72
41.14,28.48,202302,8.89,0.45,66.0,1.83
41.14,28.48,202303,11.1,0.41,71.25,2.49
41.14,28.48,202304,15.63,0.45,72.39,3.07
41.14,28.48,202305,18.84,0.48,71.78,1.24
41.14,28.48,202306,24.01,0.58,45.28,0.86
41.14,28.48,202307,26.15,0.65,23.83,0.33
41.14,28.48,202308,21.47,0.59,31.41,0.3
41.14,28.48,202309,16.72,0.56,46.02,0.71
41.14,28.48,202310,11.52,0.52,49.57,1.15
41.14,28.48,202311,6.49,0.41,68.19,6.37
41.14,28.48,202312,4.82,0.38,64.93,2.3
41.14,28.51,202301,5.51,0.38,69.94,0.72
41.14,28.51,202302,8.89,0.45,66.0,1.83
41.14,28.51,202303,11.1,0.41,71.25,2.49
41.14,28.51,202304,15.63,0.45,72.39,3.07
41.14,28.51,202305,18.84,0.48,71.78,1.24
41.14,28.51,202306,24.01,0.58,45.28,0.86
41.14,28.51,202307,26.15,0.65,23.83,0.33
41.14,28.51,202308,21.47,0.59,31.41,0.3
41.14,28.51,202309,16.72,0.56,46.02,0.71
41.14,28.51,202310,11.52,0.52,49.57,1.15
41.14,28.51,202311,6.49,0.41,68.19,6.37
41.14,28.51,202312,4.82,0.38,64.93,2.3
41.14,28.54,202301,5.51,0.38,69.94,0.72
41.14,28.54,202302,8.89,0.45,66.0,1.83
41.14,28.54,202303,11.1,0.41,71.25,2.49
41.14,28.54,202304,15.63,0.45,72.39,3.07
41.14,28.54,202305,18.84,0.48,71.78,1.24
41.14,28.54,202306,24.01,0.58,45.28,0.86
41.14,28.54,202307,26.15,0.65,23.83,0.33
41.14,28.54,202308,21.47,0.59,31.41,0.3
41.14,28.54,202309,16.72,0.56,46.02,0.71
41.14,28.54,202310,11.52,0.52,49.57,1.15
41.14,28.54,202311,6.49,0.41,68.19,6.37
41.14,28.54,202312,4.82,0.38,64.93,2.3
41.14,28.57,202301,5.51,0.38,69.94,0.72
41.14,28.57,202302,8.89,0.45,66.0,1.83
41.14,28.57,202303,11.1,0.41,71.25,2.49
41.14,28.57,202304,15.63,0.45,72.39,3.07
41.14,28.57,202305,18.84,0.48,71.78,1.24
41.14,28.57,202306,24.01,0.58,45.28,0.86
41.14,28.57,202307,26.15,0.65,23.83,0.33
41.14,28.57,202308,21.47,0.59,31.41,0.3
41.14,28.57,202309,16.72,0.56,46.02,0.71
41.14,28.57,202310,11.52,0.52,49.57,1.15
41.14,28.57,202311,6.49,0.41,68.19,6.37
41.14,28.57,202312,4.82,0.38,64.93,2.3
41.14,28.6,202301,5.51,0.38,69.94,0.72
41.14,28.6,202302,8.89,0.45,66.0,1.83
41.14,28.6,202303,11.1,0.41,71.25,2.49
41.14,28.6,202304,15.63,0.45,72.39,3.07
41.14,28.6,202305,18.84,0.48,71.78,1.24
41.14,28.6,202306,24.01,0.58,45.28,0.86
41.14,28.6,202307,26.15,0.65,23.83,0.33
41.14,28.6,202308,21.47,0.59,31.41,0.3
41.14,28.6,202309,16.72,0.56,46.02,0.71
41.14,28.6,202310,11.52,0.52,49.57,1.15
41.14,28.6,202311,6.49,0.41,68.19,6.37
41.14,28.6,202312,4.82,0.38,64.93,2.3
41.14,28.63,202301,5.51,0.38,69.94,0.72
41.14,28.63,202302,8.89,0.45,66.0,1.83
41.14,28.63,202303,11.1,0.41,71.25,2.49
41.14,28.63,202304,15.63,0.45,72.39,3.07
41.14,28.63,202305,18.84,0.48,71.78,1.24
41.14,28.63,202306,24.01,0.58,45.28,0.86
41.14,28.63,202307,26.15,0.65,23.83,0.33
41.14,28.63,202308,21.47,0.59,31.41,0.3
41.14,28.63,202309,16.72,0.56,46.02,0.71
41.14,28.63,202310,11.52,0.52,49.57,1.15
41.14,28.63,202311,6.49,0.41,68.19,6.37
41.14,28.63,202312,4.82,0.38,64.93,2.3
41.14,28.66,202301,5.51,0.38,69.94,0.72
41.14,28.66,202302,8.89,0.45,66.0,1.83
41.14,28.66,202303,11.1,0.41,71.25,2.49
41.14,28.66,202304,15.63,0.45,72.39,3.07
41.14,28.66,202305,18.84,0.48,71.78,1.24
41.14,28.66,202306,24.01,0.58,45.28,0.86
41.14,28.66,202307,26.15,0.65,23.83,0.33
41.14,28.66,202308,21.47,0.59,31.41,0.3
41.14,28.66,202309,16.72,0.56,46.02,0.71
41.14,28.66,202310,11.52,0.52,49.57,1.15
41.14,28.66,202311,6.49,0.41,68.19,6.37
41.14,28.66,202312,4.82,0.38,64.93,2.3
41.14,28.69,202301,5.51,0.38,69.94,0.72
41.14,28.69,202302,8.89,0.45,66.0,1.83
41.14,28.69,202303,11.1,0.41,71.25,2.49
41.14,28.69,202304,15.63,0.45,72.39,3.07
41.14,28.69,202305,18.84,0.48,71.78,1.24
41.14,28.69,202306,24.01,0.58,45.28,0.86
41.14,28.69,202307,26.15,0.65,23.83,0.33
41.14,28.69,202308,21.47,0.59,31.41,0.3
41.14,28.69,202309,16.72,0.56,46.02,0.71
41.14,28.69,202310,11.52,0.52,49.57,1.15
41.14,28.69,202311,6.49,0.41,68.19,6.37
41.14,28.69,202312,4.82,0.38,64.93,2.3
41.14,28.72,202301,5.51,0.38,69.94,0.72
41.14,28.72,202302,8.89,0.45,66.0,1.83
41.14,28.72,202303,11.1,0.41,71.25,2.49
41.14,28.72,202304,15.63,0.45,72.39,3.07
41.14,28.72,202305,18.84,0.48,71.78,1.24
41.14,28.72,202306,24.01,0.58,45.28,0.86
41.14,28.72,202307,26.15,0.65,23.83,0.33
41.14,28.72,202308,21.47,0.59,31.41,0.3
41.14,28.72,202309,16.72,0.56,46.02,0.71
41.14,28.72,202310,11.52,0.52,49.57,1.15
41.14,28.72,202311,6.49,0.41,68.19,6.37
41.14,28.72,202312,4.82,0.38,64.93,2.3
41.14,28.75,202301,5.51,0.38,69.94,0.72
41.14,28.75,202302,8.89,0.45,66.0,1.83
41.14,28.75,202303,11.1,0.41,71.25,2.49
41.14,28.75,202304,15.63,0.45,72.39,3.07
41.14,28.75,202305,18.84,0.48,71.78,1.24
41.14,28.75,202306,24.01,0.58,45.28,0.86
41.14,28.75,202307,26.15,0.65,23.83,0.33
41.14,28.75,202308,21.47,0.59,31.41,0.3
41.14,28.75,202309,16.72,0.56,46.02,0.71
41.14,28.75,202310,11.52,0.52,49.57,1.15
41.14,28.75,202311,6.49,0.41,68.19,6.37
41.14,28.75,202312,4.82,0.38,64.93,2.3
41.14,28.78,202301,5.51,0.38,69.94,0.72
41.14,28.78,202302,8.89,0.45,66.0,1.83
41.14,28.78,202303,11.1,0.41,71.25,2.49
41.14,28.78,202304,15.63,0.45,72.39,3.07
41.14,28.78,202305,18.84,0.48,71.78,1.24
41.14,28.78,202306,24.01,0.58,45.28,0.86
41.14,28.78,202307,26.15,0.65,23.83,0.33
41.14,28.78,202308,21.47,0.59,31.41,0.3
41.14,28.78,202309,16.72,0.56,46.02,0.71
41.14,28.78,202310,11.52,0.52,49.57,1.15
41.14,28.78,202311,6.49,0.41,68.19,6.37
41.14,28.78,202312,4.82,0.38,64.93,2.3
41.14,28.81,202301,5.51,0.38,69.94,0.72
41.14,28.81,202302,8.89,0.45,66.0,1.83
41.14,28.81,202303,11.1,0.41,71.25,2.49
41.14,28.81,202304,15.63,0.45,72.39,3.07
41.14,28.81,202305,18.84,0.48,71.78,1.24
41.14,28.81,202306,24.01,0.58,45.28,0.86
41.14,28.81,202307,26.15,0.65,23.83,0.33
41.14,28.81,202308,21.47,0.59,31.41,0.3
41.14,28.81,202309,16.72,0.56,46.02,0.71
41.14,28.81,202310,11.52,0.52,49.57,1.15
41.14,28.81,202311,6.49,0.41,68.19,6.37
41.14,28.81,202312,4.82,0.38,64.93,2.3
41.14,28.84,202301,5.51,0.38,69.94,0.72
41.14,28.84,202302,8.89,0.45,66.0,1.83
41.14,28.84,202303,11.1,0.41,71.25,2.49
41.14,28.84,202304,15.63,0.45,72.39,3.07
41.14,28.84,202305,18.84,0.48,71.78,1.24
41.14,28.84,202306,24.01,0.58,45.28,0.86
41.14,28.84,202307,26.15,0.65,23.83,0.33
41.14,28.84,202308,21.47,0.59,31.41,0.3
41.14,28.84,202309,16.72,0.56,46.02,0.71
41.14,28.84,202310,11.52,0.52,49.57,1.15
41.14,28.84,202311,6.49,0.41,68.19,6.37
41.14,28.84,202312,4.82,0.38,64.93,2.3
41.14,28.87,202301,5.51,0.38,69.94,0.72
41.14,28.87,202302,8.89,0.45,66.0,1.83
41.14,28.87,202303,11.1,0.41,71.25,2.49
41.14,28.87,202304,15.63,0.45,72.39,3.07
41.14,28.87,202305,18.84,0.48,71.78,1.24
41.14,28.87,202306,24.01,0.58,45.28,0.86
41.14,28.87,202307,26.15,0.65,23.83,0.33
41.14,28.87,202308,21.47,0.59,31.41,0.3
41.14,28.87,202309,16.72,0.56,46.02,0.71
41.14,28.87,202310,11.52,0.52,49.57,1.15
41.14,28.87,202311,6.49,0.41,68.19,6.37
41.14,28.87,202312,4.82,0.38,64.93,2.3
41.14,28.9,202301,5.51,0.38,69.94,0.72
41.14,28.9,202302,8.89,0.45,66.0,1.83
41.14,28.9,202303,11.1,0.41,71.25,2.49
41.14,28.9,202304,15.63,0.45,72.39,3.07
41.14,28.9,202305,18.84,0.48,71.78,1.24
41.14,28.9,202306,24.01,0.58,45.28,0.86
41.14,28.9,202307,26.15,0.65,23.83,0.33
41.14,28.9,202308,21.47,0.59,31.41,0.3
41.14,28.9,202309,16.72,0.56,46.02,0.71
41.14,28.9,202310,11.52,0.52,49.57,1.15
41.14,28.9,202311,6.49,0.41,68.19,6.37
41.14,28.9,202312,4.82,0.38,64.93,2.3
41.14,28.93,202301,5.51,0.38,69.94,0.72
41.14,28.93,202302,8.89,0.45,66.0,1.83
41.14,28.93,202303,11.1,0.41,71.25,2.49
41.14,28.93,202304,15.63,0.45,72.39,3.07
41.14,28.93,202305,18.84,0.48,71.78,1.24
41.14,28.93,202306,24.01,0.58,45.28,0.86
41.14,28.93,202307,26.15,0.65,23.83,0.33
41.14,28.93,202308,21.47,0.59,31.41,0.3
41.14,28.93,202309,16.72,0.56,46.02,0.71
41.14,28.93,202310,11.52,0.52,49.57,1.15
41.14,28.93,202311,6.49,0.41,68.19,6.37
41.14,28.93,202312,4.82,0.38,64.93,2.3
41.14,28.96,202301,5.51,0.38,69.94,0.72
41.14,28.96,202302,8.89,0.45,66.0,1.83
41.14,28.96,202303,11.1,0.41,71.25,2.49
41.14,28.96,202304,15.63,0.45,72.39,3.07
41.14,28.96,202305,18.84,0.48,71.78,1.24
41.14,28.96,202306,24.01,0.58,45.28,0.86
41.14,28.96,202307,26.15,0.65,23.83,0.33
41.14,28.96,202308,21.47,0.59,31.41,0.3
41.14,28.96,202309,16.72,0.56,46.02,0.71
41.14,28.96,202310,11.52,0.52,49.57,1.15
41.14,28.96,202311,6.49,0.41,68.19,6.37
41.14,28.96,202312,4.82,0.38,64.93,2.3
41.14,28.99,202301,5.51,0.38,69.94,0.72
41.14,28.99,202302,8.89,0.45,66.0,1.83
41.14,28.99,202303,11.1,0.41,71.25,2.49
41.14,28.99,202304,15.63,0.45,72.39,3.07
41.14,28.99,202305,18.84,0.48,71.78,1.24
41.14,28.99,202306,24.01,0.58,45.28,0.86
41.14,28.99,202307,26.15,0.65,23.83,0.33
41.14,28.99,202308,21.47,0.59,31.41,0.3
41.14,28.99,202309,16.72,0.56,46.02,0.71
41.14,28.99,202310,11.52,0.52,49.57,1.15
41.14,28.99,202311,6.49,0.41,68.19,6.37
41.14,28.99,202312,4.82,0.38,64.93,2.3
41.14,29.02,202301,5.47,0.38,77.44,0.72
41.14,29.02,202302,8.67,0.44,75.84,1.83
41.14,29.02,202303,10.41,0.38,81.4,2.49
41.14,29.02,202304,15.39,0.45,77.59,3.07
41.14,29.02,202305,18.83,0.48,75.98,1.24
41.14,29.02,202306,23.93,0.57,50.76,0.86
41.14,29.02,202307,25.58,0.63,28.76,0.33
41.14,29.02,202308,21.98,0.61,33.24,0.3
41.14,29.02,202309,17.75,0.6,55.94,0.71
41.14,29.02,202310,11.5,0.52,63.42,1.15
41.14,29.02,202311,6.57,0.42,78.12,6.37
41.14,29.02,202312,4.93,0.38,71.96,2.3
41.14,29.05,202301,5.47,0.38,77.44,0.72
41.14,29.05,202302,8.67,0.44,75.84,1.83
41.14,29.05,202303,10.41,0.38,81.4,2.49
41.14,29.05,202304,15.39,0.45,77.59,3.07
41.14,29.05,202305,18.83,0.48,75.98,1.24
41.14,29.05,202306,23.93,0.57,50.76,0.86
41.14,29.05,202307,25.58,0.63,28.76,0.33
41.14,29.05,202308,21.98,0.61,33.24,0.3
41.14,29.05,202309,17.75,0.6,55.94,0.71
41.14,29.05,202310,11.5,0.52,63.42,1.15
41.14,29.05,202311,6.57,0.42,78.12,6.37
41.14,29.05,202312,4.93,0.38,71.96,2.3
41.14,29.08,202301,5.47,0.38,77.44,0.72
41.14,29.08,202302,8.67,0.44,75.84,2.53
41.14,29.08,202303,10.41,0.38,81.4,2.88
41.14,29.08,202304,15.39,0.45,77.59,3.03
41.14,29.08,202305,18.83,0.48,75.98,1.35
41.14,29.08,202306,23.93,0.57,50.76,1.56
41.14,29.08,202307,25.58,0.63,28.76,0.79
41.14,29.08,202308,21.98,0.61,33.24,0.51
41.14,29.08,202309,17.75,0.6,55.94,0.89
41.14,29.08,202310,11.5,0.52,63.42,1.83
41.14,29.08,202311,6.57,0.42,78.12,6.97
41.14,29.08,202312,4.93,0.38,71.96,2.45
41.14,29.11,202301,5.47,0.38,77.44,0.72
41.14,29.11,202302,8.67,0.44,75.84,2.53
41.14,29.11,202303,10.41,0.38,81.4,2.88
41.14,29.11,202304,15.39,0.45,77.59,3.03
41.14,29.11,202305,18.83,0.48,75.98,1.35
41.14,29.11,202306,23.93,0.57,50.76,1.56
41.14,29.11,202307,25.58,0.63,28.76,0.79
41.14,29.11,202308,21.98,0.61,33.24,0.51
41.14,29.11,202309,17.75,0.6,55.94,0.89
41.14,29.11,202310,11.5,0.52,63.42,1.83
41.14,29.11,202311,6.57,0.42,78.12,6.97
41.14,29.11,202312,4.93,0.38,71.96,2.45
41.14,29.14,202301,5.47,0.38,77.44,0.72
41.14,29.14,202302,8.67,0.44,75.84,2.53
41.14,29.14,202303,10.41,0.38,81.4,2.88
41.14,29.14,202304,15.39,0.45,77.59,3.03
41.14,29.14,202305,18.83,0.48,75.98,1.35
41.14,29.14,202306,23.93,0.57,50.76,1.56
41.14,29.14,202307,25.58,0.63,28.76,0.79
41.14,29.14,202308,21.98,0.61,33.24,0.51
41.14,29.14,202309,17.75,0.6,55.94,0.89
41.14,29.14,202310,11.5,0.52,63.42,1.83
41.14,29.14,202311,6.57,0.42,78.12,6.97
41.14,29.14,202312,4.93,0.38,71.96,2.45
41.14,29.17,202301,5.47,0.38,77.44,0.72
41.14,29.17,202302,8.67,0.44,75.84,2.53
41.14,29.17,202303,10.41,0.38,81.4,2.88
41.14,29.17,202304,15.39,0.45,77.59,3.03
41.14,29.17,202305,18.83,0.48,75.98,1.35
41.14,29.17,202306,23.93,0.57,50.76,1.56
41.14,29.17,202307,25.58,0.63,28.76,0.79
41.14,29.17,202308,21.98,0.61,33.24,0.51
41.14,29.17,202309,17.75,0.6,55.94,0.89
41.14,29.17,202310,11.5,0.52,63.42,1.83
41.14,29.17,202311,6.57,0.42,78.12,6.97
41.14,29.17,202312,4.93,0.38,71.96,2.45
41.14,29.2,202301,5.47,0.38,77.44,0.72
41.14,29.2,202302,8.67,0.44,75.84,2.53
41.14,29.2,202303,10.41,0.38,81.4,2.88
41.14,29.2,202304,15.39,0.45,77.59,3.03
41.14,29.2,202305,18.83,0.48,75.98,1.35
41.14,29.2,202306,23.93,0.57,50.76,1.56
41.14,29.2,202307,25.58,0.63,28.76,0.79
41.14,29.2,202308,21.98,0.61,33.24,0.51
41.14,29.2,202309,17.75,0.6,55.94,0.89
41.14,29.2,202310,11.5,0.52,63.42,1.83
41.14,29.2,202311,6.57,0.42,78.12,6.97
41.14,29.2,202312,4.93,0.38,71.96,2.45
41.14,29.23,202301,5.47,0.38,77.44,0.72
41.14,29.23,202302,8.67,0.44,75.84,2.53
41.14,29.23,202303,10.41,0.38,81.4,2.88
41.14,29.23,202304,15.39,0.45,77.59,3.03
41.14,29.23,202305,18.83,0.48,75.98,1.35
41.14,29.23,202306,23.93,0.57,50.76,1.56
41.14,29.23,202307,25.58,0.63,28.76,0.79
41.14,29.23,202308,21.98,0.61,33.24,0.51
41.14,29.23,202309,17.75,0.6,55.94,0.89
41.14,29.23,202310,11.5,0.52,63.42,1.83
41.14,29.23,202311,6.57,0.42,78.12,6.97
41.14,29.23,202312,4.93,0.38,71.96,2.45
41.14,29.26,202301,5.47,0.38,77.44,0.72
41.14,29.26,202302,8.67,0.44,75.84,2.53
41.14,29.26,202303,10.41,0.38,81.4,2.88
41.14,29.26,202304,15.39,0.45,77.59,3.03
41.14,29.26,202305,18.83,0.48,75.98,1.35
41.14,29.26,202306,23.93,0.57,50.76,1.56
41.14,29.26,202307,25.58,0.63,28.76,0.79
41.14,29.26,202308,21.98,0.61,33.24,0.51
41.14,29.26,202309,17.75,0.6,55.94,0.89
41.14,29.26,202310,11.5,0.52,63.42,1.83
41.14,29.26,202311,6.57,0.42,78.12,6.97
41.14,29.26,202312,4.93,0.38,71.96,2.45
41.14,29.29,202301,5.47,0.38,77.44,0.72
41.14,29.29,202302,8.67,0.44,75.84,2.53
41.14,29.29,202303,10.41,0.38,81.4,2.88
41.14,29.29,202304,15.39,0.45,77.59,3.03
41.14,29.29,202305,18.83,0.48,75.98,1.35
41.14,29.29,202306,23.93,0.57,50.76,1.56
41.14,29.29,202307,25.58,0.63,28.76,0.79
41.14,29.29,202308,21.98,0.61,33.24,0.51
41.14,29.29,202309,17.75,0.6,55.94,0.89
41.14,29.29,202310,11.5,0.52,63.42,1.83
41.14,29.29,202311,6.57,0.42,78.12,6.97
41.14,29.29,202312,4.93,0.38,71.96,2.45
41.14,29.32,202301,5.47,0.38,77.44,0.72
41.14,29.32,202302,8.67,0.44,75.84,2.53
41.14,29.32,202303,10.41,0.38,81.4,2.88
41.14,29.32,202304,15.39,0.45,77.59,3.03
41.14,29.32,202305,18.83,0.48,75.98,1.35
41.14,29.32,202306,23.93,0.57,50.76,1.56
41.14,29.32,202307,25.58,0.63,28.76,0.79
41.14,29.32,202308,21.98,0.61,33.24,0.51
41.14,29.32,202309,17.75,0.6,55.94,0.89
41.14,29.32,202310,11.5,0.52,63.42,1.83
41.14,29.32,202311,6.57,0.42,78.12,6.97
41.14,29.32,202312,4.93,0.38,71.96,2.45
41.14,29.35,202301,5.47,0.38,77.44,0.72
41.14,29.35,202302,8.67,0.44,75.84,2.53
41.14,29.35,202303,10.41,0.38,81.4,2.88
41.14,29.35,202304,15.39,0.45,77.59,3.03
41.14,29.35,202305,18.83,0.48,75.98,1.35
41.14,29.35,202306,23.93,0.57,50.76,1.56
41.14,29.35,202307,25.58,0.63,28.76,0.79
41.14,29.35,202308,21.98,0.61,33.24,0.51
41.14,29.35,202309,17.75,0.6,55.94,0.89
41.14,29.35,202310,11.5,0.52,63.42,1.83
41.14,29.35,202311,6.57,0.42,78.12,6.97
41.14,29.35,202312,4.93,0.38,71.96,2.45
41.14,29.38,202301,5.47,0.38,77.44,0.72
41.14,29.38,202302,8.67,0.44,75.84,2.53
41.14,29.38,202303,10.41,0.38,81.4,2.88
41.14,29.38,202304,15.39,0.45,77.59,3.03
41.14,29.38,202305,18.83,0.48,75.98,1.35
41.14,29.38,202306,23.93,0.57,50.76,1.56
41.14,29.38,202307,25.58,0.63,28.76,0.79
41.14,29.38,202308,21.98,0.61,33.24,0.51
41.14,29.38,202309,17.75,0.6,55.94,0.89
41.14,29.38,202310,11.5,0.52,63.42,1.83
41.14,29.38,202311,6.57,0.42,78.12,6.97
41.14,29.38,202312,4.93,0.38,71.96,2.45
41.14,29.41,202301,5.47,0.38,77.44,0.72
41.14,29.41,202302,8.67,0.44,75.84,2.53
41.14,29.41,202303,10.41,0.38,81.4,2.88
41.14,29.41,202304,15.39,0.45,77.59,3.03
41.14,29.41,202305,18.83,0.48,75.98,1.35
41.14,29.41,202306,23.93,0.57,50.76,1.56
41.14,29.41,202307,25.58,0.63,28.76,0.79
41.14,29.41,202308,21.98,0.61,33.24,0.51
41.14,29.41,202309,17.75,0.6,55.94,0.89
41.14,29.41,202310,11.5,0.52,63.42,1.83
41.14,29.41,202311,6.57,0.42,78.12,6.97
41.14,29.41,202312,4.93,0.38,71.96,2.45
41.14,29.44,202301,5.47,0.38,77.44,0.72
41.14,29.44,202302,8.67,0.44,75.84,2.53
41.14,29.44,202303,10.41,0.38,81.4,2.88
41.14,29.44,202304,15.39,0.45,77.59,3.03
41.14,29.44,202305,18.83,0.48,75.98,1.35
41.14,29.44,202306,23.93,0.57,50.76,1.56
41.14,29.44,202307,25.58,0.63,28.76,0.79
41.14,29.44,202308,21.98,0.61,33.24,0.51
41.14,29.44,202309,17.75,0.6,55.94,0.89
41.14,29.44,202310,11.5,0.52,63.42,1.83
41.14,29.44,202311,6.57,0.42,78.12,6.97
41.14,29.44,202312,4.93,0.38,71.96,2.45
41.14,29.47,202301,5.47,0.38,77.44,0.72
41.14,29.47,202302,8.67,0.44,75.84,2.53
41.14,29.47,202303,10.41,0.38,81.4,2.88
41.14,29.47,202304,15.39,0.45,77.59,3.03
41.14,29.47,202305,18.83,0.48,75.98,1.35
41.14,29.47,202306,23.93,0.57,50.76,1.56
41.14,29.47,202307,25.58,0.63,28.76,0.79
41.14,29.47,202308,21.98,0.61,33.24,0.51
41.14,29.47,202309,17.75,0.6,55.94,0.89
41.14,29.47,202310,11.5,0.52,63.42,1.83
41.14,29.47,202311,6.57,0.42,78.12,6.97
41.14,29.47,202312,4.93,0.38,71.96,2.45
41.14,29.5,202301,5.47,0.38,77.44,0.72
41.14,29.5,202302,8.67,0.44,75.84,2.53
41.14,29.5,202303,10.41,0.38,81.4,2.88
41.14,29.5,202304,15.39,0.45,77.59,3.03
41.14,29.5,202305,18.83,0.48,75.98,1.35
41.14,29.5,202306,23.93,0.57,50.76,1.56
41.14,29.5,202307,25.58,0.63,28.76,0.79
41.14,29.5,202308,21.98,0.61,33.24,0.51
41.14,29.5,202309,17.75,0.6,55.94,0.89
41.14,29.5,202310,11.5,0.52,63.42,1.83
41.14,29.5,202311,6.57,0.42,78.12,6.97
41.14,29.5,202312,4.93,0.38,71.96,2.45
41.14,29.53,202301,5.47,0.38,77.44,0.72
41.14,29.53,202302,8.67,0.44,75.84,2.53
41.14,29.53,202303,10.41,0.38,81.4,2.88
41.14,29.53,202304,15.39,0.45,77.59,3.03
41.14,29.53,202305,18.83,0.48,75.98,1.35
41.14,29.53,202306,23.93,0.57,50.76,1.56
41.14,29.53,202307,25.58,0.63,28.76,0.79
41.14,29.53,202308,21.98,0.61,33.24,0.51
41.14,29.53,202309,17.75,0.6,55.94,0.89
41.14,29.53,202310,11.5,0.52,63.42,1.83
41.14,29.53,202311,6.57,0.42,78.12,6.97
41.14,29.53,202312,4.93,0.38,71.96,2.45
41.14,29.56,202301,5.47,0.38,77.44,0.72
41.14,29.56,202302,8.67,0.44,75.84,2.53
41.14,29.56,202303,10.41,0.38,81.4,2.88
41.14,29.56,202304,15.39,0.45,77.59,3.03
41.14,29.56,202305,18.83,0.48,75.98,1.35
41.14,29.56,202306,23.93,0.57,50.76,1.56
41.14,29.56,202307,25.58,0.63,28.76,0.79
41.14,29.56,202308,21.98,0.61,33.24,0.51
41.14,29.56,202309,17.75,0.6,55.94,0.89
41.14,29.56,202310,11.5,0.52,63.42,1.83
41.14,29.56,202311,6.57,0.42,78.12,6.97
41.14,29.56,202312,4.93,0.38,71.96,2.45
41.14,29.59,202301,5.47,0.38,77.44,0.72
41.14,29.59,202302,8.67,0.44,75.84,2.53
41.14,29.59,202303,10.41,0.38,81.4,2.88
41.14,29.59,202304,15.39,0.45,77.59,3.03
41.14,29.59,202305,18.83,0.48,75.98,1.35
41.14,29.59,202306,23.93,0.57,50.76,1.56
41.14,29.59,202307,25.58,0.63,28.76,0.79
41.14,29.59,202308,21.98,0.61,33.24,0.51
41.14,29.59,202309,17.75,0.6,55.94,0.89
41.14,29.59,202310,11.5,0.52,63.42,1.83
41.14,29.59,202311,6.57,0.42,78.12,6.97
41.14,29.59,202312,4.93,0.38,71.96,2.45
41.14,29.62,202301,5.47,0.38,77.44,0.72
41.14,29.62,202302,8.67,0.44,75.84,2.53
41.14,29.62,202303,10.41,0.38,81.4,2.88
41.14,29.62,202304,15.39,0.45,77.59,3.03
41.14,29.62,202305,18.83,0.48,75.98,1.35
41.14,29.62,202306,23.93,0.57,50.76,1.56
41.14,29.62,202307,25.58,0.63,28.76,0.79
41.14,29.62,202308,21.98,0.61,33.24,0.51
41.14,29.62,202309,17.75,0.6,55.94,0.89
41.14,29.62,202310,11.5,0.52,63.42,1.83
41.14,29.62,202311,6.57,0.42,78.12,6.97
41.14,29.62,202312,4.93,0.38,71.96,2.45
41.14,29.65,202301,5.47,0.38,77.44,0.72
41.14,29.65,202302,8.67,0.44,75.84,2.53
41.14,29.65,202303,10.41,0.38,81.4,2.88
41.14,29.65,202304,15.39,0.45,77.59,3.03
41.14,29.65,202305,18.83,0.48,75.98,1.35
41.14,29.65,202306,23.93,0.57,50.76,1.56
41.14,29.65,202307,25.58,0.63,28.76,0.79
41.14,29.65,202308,21.98,0.61,33.24,0.51
41.14,29.65,202309,17.75,0.6,55.94,0.89
41.14,29.65,202310,11.5,0.52,63.42,1.83
41.14,29.65,202311,6.57,0.42,78.12,6.97
41.14,29.65,202312,4.93,0.38,71.96,2.45
41.14,29.68,202301,5.47,0.38,77.44,0.72
41.14,29.68,202302,8.67,0.44,75.84,2.53
41.14,29.68,202303,10.41,0.38,81.4,2.88
41.14,29.68,202304,15.39,0.45,77.59,3.03
41.14,29.68,202305,18.83,0.48,75.98,1.35
41.14,29.68,202306,23.93,0.57,50.76,1.56
41.14,29.68,202307,25.58,0.63,28.76,0.79
41.14,29.68,202308,21.98,0.61,33.24,0.51
41.14,29.68,202309,17.75,0.6,55.94,0.89
41.14,29.68,202310,11.5,0.52,63.42,1.83
41.14,29.68,202311,6.57,0.42,78.12,6.97
41.14,29.68,202312,4.93,0.38,71.96,2.45
41.14,29.71,202301,5.47,0.38,77.44,0.81
41.14,29.71,202302,8.67,0.44,75.84,3.12
41.14,29.71,202303,10.41,0.38,81.4,3.56
41.14,29.71,202304,15.39,0.45,77.59,3.15
41.14,29.71,202305,18.83,0.48,75.98,1.85
41.14,29.71,202306,23.93,0.57,50.76,3.94
41.14,29.71,202307,25.58,0.63,28.76,2.15
41.14,29.71,202308,21.98,0.61,33.24,0.82
41.14,29.71,202309,17.75,0.6,55.94,0.95
41.14,29.71,202310,11.5,0.52,63.42,2.61
41.14,29.71,202311,6.57,0.42,78.12,6.92
41.14,29.71,202312,4.93,0.38,71.96,2.87
41.14,29.74,202301,5.47,0.38,77.44,0.81
41.14,29.74,202302,8.67,0.44,75.84,3.12
41.14,29.74,202303,10.41,0.38,81.4,3.56
41.14,29.74,202304,15.39,0.45,77.59,3.15
41.14,29.74,202305,18.83,0.48,75.98,1.85
41.14,29.74,202306,23.93,0.57,50.76,3.94
41.14,29.74,202307,25.58,0.63,28.76,2.15
41.14,29.74,202308,21.98,0.61,33.24,0.82
41.14,29.74,202309,17.75,0.6,55.94,0.95
41.14,29.74,202310,11.5,0.52,63.42,2.61
41.14,29.74,202311,6.57,0.42,78.12,6.92
41.14,29.74,202312,4.93,0.38,71.96,2.87
41.14,29.77,202301,5.47,0.38,77.44,0.81
41.14,29.77,202302,8.67,0.44,75.84,3.12
41.14,29.77,202303,10.41,0.38,81.4,3.56
41.14,29.77,202304,15.39,0.45,77.59,3.15
41.14,29.77,202305,18.83,0.48,75.98,1.85
41.14,29.77,202306,23.93,0.57,50.76,3.94
41.14,29.77,202307,25.58,0.63,28.76,2.15
41.14,29.77,202308,21.98,0.61,33.24,0.82
41.14,29.77,202309,17.75,0.6,55.94,0.95
41.14,29.77,202310,11.5,0.52,63.42,2.61
41.14,29.77,202311,6.57,0.42,78.12,6.92
41.14,29.77,202312,4.93,0.38,71.96,2.87
41.14,29.8,202301,5.47,0.38,77.44,0.81
41.14,29.8,202302,8.67,0.44,75.84,3.12
41.14,29.8,202303,10.41,0.38,81.4,3.56
41.14,29.8,202304,15.39,0.45,77.59,3.15
41.14,29.8,202305,18.83,0.48,75.98,1.85
41.14,29.8,202306,23.93,0.57,50.76,3.94
41.14,29.8,202307,25.58,0.63,28.76,2.15
41.14,29.8,202308,21.98,0.61,33.24,0.82
41.14,29.8,202309,17.75,0.6,55.94,0.95
41.14,29.8,202310,11.5,0.52,63.42,2.61
41.14,29.8,202311,6.57,0.42,78.12,6.92
41.14,29.8,202312,4.93,0.38,71.96,2.87
41.14,29.86,202301,5.47,0.38,77.44,0.81
41.14,29.86,202302,8.67,0.44,75.84,3.12
41.14,29.86,202303,10.41,0.38,81.4,3.56
41.14,29.86,202304,15.39,0.45,77.59,3.15
41.14,29.86,202305,18.83,0.48,75.98,1.85
41.14,29.86,202306,23.93,0.57,50.76,3.94
41.14,29.86,202307,25.58,0.63,28.76,2.15
41.14,29.86,202308,21.98,0.61,33.24,0.82
41.14,29.86,202309,17.75,0.6,55.94,0.95
41.14,29.86,202310,11.5,0.52,63.42,2.61
41.14,29.86,202311,6.57,0.42,78.12,6.92
41.14,29.86,202312,4.93,0.38,71.96,2.87
41.14,29.89,202301,5.47,0.38,77.44,0.81
41.14,29.89,202302,8.67,0.44,75.84,3.12
41.14,29.89,202303,10.41,0.38,81.4,3.56
41.14,29.89,202304,15.39,0.45,77.59,3.15
41.14,29.89,202305,18.83,0.48,75.98,1.85
41.14,29.89,202306,23.93,0.57,50.76,3.94
41.14,29.89,202307,25.58,0.63,28.76,2.15
41.14,29.89,202308,21.98,0.61,33.24,0.82
41.14,29.89,202309,17.75,0.6,55.94,0.95
41.14,29.89,202310,11.5,0.52,63.42,2.61
41.14,29.89,202311,6.57,0.42,78.12,6.92
41.14,29.89,202312,4.93,0.38,71.96,2.87
41.16,28.0,202301,5.51,0.38,69.94,0.87
41.16,28.0,202302,8.89,0.45,66.0,1.39
41.16,28.0,202303,11.1,0.41,71.25,2.38
41.16,28.0,202304,15.63,0.45,72.39,3.11
41.16,28.0,202305,18.84,0.48,71.78,1.18
41.16,28.0,202306,24.01,0.58,45.28,0.92
41.16,28.0,202307,26.15,0.65,23.83,0.27
41.16,28.0,202308,21.47,0.59,31.41,0.21
41.16,28.0,202309,16.72,0.56,46.02,0.96
41.16,28.0,202310,11.52,0.52,49.57,0.71
41.16,28.0,202311,6.49,0.41,68.19,6.61
41.16,28.0,202312,4.82,0.38,64.93,2.62
41.16,28.03,202301,5.51,0.38,69.94,0.87
41.16,28.03,202302,8.89,0.45,66.0,1.39
41.16,28.03,202303,11.1,0.41,71.25,2.38
41.16,28.03,202304,15.63,0.45,72.39,3.11
41.16,28.03,202305,18.84,0.48,71.78,1.18
41.16,28.03,202306,24.01,0.58,45.28,0.92
41.16,28.03,202307,26.15,0.65,23.83,0.27
41.16,28.03,202308,21.47,0.59,31.41,0.21
41.16,28.03,202309,16.72,0.56,46.02,0.96
41.16,28.03,202310,11.52,0.52,49.57,0.71
41.16,28.03,202311,6.49,0.41,68.19,6.61
41.16,28.03,202312,4.82,0.38,64.93,2.62
41.16,28.06,202301,5.51,0.38,69.94,0.87
41.16,28.06,202302,8.89,0.45,66.0,1.39
41.16,28.06,202303,11.1,0.41,71.25,2.38
41.16,28.06,202304,15.63,0.45,72.39,3.11
41.16,28.06,202305,18.84,0.48,71.78,1.18
41.16,28.06,202306,24.01,0.58,45.28,0.92
41.16,28.06,202307,26.15,0.65,23.83,0.27
41.16,28.06,202308,21.47,0.59,31.41,0.21
41.16,28.06,202309,16.72,0.56,46.02,0.96
41.16,28.06,202310,11.52,0.52,49.57,0.71
41.16,28.06,202311,6.49,0.41,68.19,6.61
41.16,28.06,202312,4.82,0.38,64.93,2.62
41.16,28.09,202301,5.51,0.38,69.94,0.87
41.16,28.09,202302,8.89,0.45,66.0,1.39
41.16,28.09,202303,11.1,0.41,71.25,2.38
41.16,28.09,202304,15.63,0.45,72.39,3.11
41.16,28.09,202305,18.84,0.48,71.78,1.18
41.16,28.09,202306,24.01,0.58,45.28,0.92
41.16,28.09,202307,26.15,0.65,23.83,0.27
41.16,28.09,202308,21.47,0.59,31.41,0.21
41.16,28.09,202309,16.72,0.56,46.02,0.96
41.16,28.09,202310,11.52,0.52,49.57,0.71
41.16,28.09,202311,6.49,0.41,68.19,6.61
41.16,28.09,202312,4.82,0.38,64.93,2.62
41.16,28.12,202301,5.51,0.38,69.94,0.87
41.16,28.12,202302,8.89,0.45,66.0,1.39
41.16,28.12,202303,11.1,0.41,71.25,2.38
41.16,28.12,202304,15.63,0.45,72.39,3.11
41.16,28.12,202305,18.84,0.48,71.78,1.18
41.16,28.12,202306,24.01,0.58,45.28,0.92
41.16,28.12,202307,26.15,0.65,23.83,0.27
41.16,28.12,202308,21.47,0.59,31.41,0.21
41.16,28.12,202309,16.72,0.56,46.02,0.96
41.16,28.12,202310,11.52,0.52,49.57,0.71
41.16,28.12,202311,6.49,0.41,68.19,6.61
41.16,28.12,202312,4.82,0.38,64.93,2.62
41.16,28.15,202301,5.51,0.38,69.94,0.87
41.16,28.15,202302,8.89,0.45,66.0,1.39
41.16,28.15,202303,11.1,0.41,71.25,2.38
41.16,28.15,202304,15.63,0.45,72.39,3.11
41.16,28.15,202305,18.84,0.48,71.78,1.18
41.16,28.15,202306,24.01,0.58,45.28,0.92
41.16,28.15,202307,26.15,0.65,23.83,0.27
41.16,28.15,202308,21.47,0.59,31.41,0.21
41.16,28.15,202309,16.72,0.56,46.02,0.96
41.16,28.15,202310,11.52,0.52,49.57,0.71
41.16,28.15,202311,6.49,0.41,68.19,6.61
41.16,28.15,202312,4.82,0.38,64.93,2.62
41.16,28.18,202301,5.51,0.38,69.94,0.87
41.16,28.18,202302,8.89,0.45,66.0,1.39
41.16,28.18,202303,11.1,0.41,71.25,2.38
41.16,28.18,202304,15.63,0.45,72.39,3.11
41.16,28.18,202305,18.84,0.48,71.78,1.18
41.16,28.18,202306,24.01,0.58,45.28,0.92
41.16,28.18,202307,26.15,0.65,23.83,0.27
41.16,28.18,202308,21.47,0.59,31.41,0.21
41.16,28.18,202309,16.72,0.56,46.02,0.96
41.16,28.18,202310,11.52,0.52,49.57,0.71
41.16,28.18,202311,6.49,0.41,68.19,6.61
41.16,28.18,202312,4.82,0.38,64.93,2.62
41.16,28.21,202301,5.51,0.38,69.94,0.87
41.16,28.21,202302,8.89,0.45,66.0,1.39
41.16,28.21,202303,11.1,0.41,71.25,2.38
41.16,28.21,202304,15.63,0.45,72.39,3.11
41.16,28.21,202305,18.84,0.48,71.78,1.18
41.16,28.21,202306,24.01,0.58,45.28,0.92
41.16,28.21,202307,26.15,0.65,23.83,0.27
41.16,28.21,202308,21.47,0.59,31.41,0.21
41.16,28.21,202309,16.72,0.56,46.02,0.96
41.16,28.21,202310,11.52,0.52,49.57,0.71
41.16,28.21,202311,6.49,0.41,68.19,6.61
41.16,28.21,202312,4.82,0.38,64.93,2.62
41.16,28.24,202301,5.51,0.38,69.94,0.87
41.16,28.24,202302,8.89,0.45,66.0,1.39
41.16,28.24,202303,11.1,0.41,71.25,2.38
41.16,28.24,202304,15.63,0.45,72.39,3.11
41.16,28.24,202305,18.84,0.48,71.78,1.18
41.16,28.24,202306,24.01,0.58,45.28,0.92
41.16,28.24,202307,26.15,0.65,23.83,0.27
41.16,28.24,202308,21.47,0.59,31.41,0.21
41.16,28.24,202309,16.72,0.56,46.02,0.96
41.16,28.24,202310,11.52,0.52,49.57,0.71
41.16,28.24,202311,6.49,0.41,68.19,6.61
41.16,28.24,202312,4.82,0.38,64.93,2.62
41.16,28.27,202301,5.51,0.38,69.94,0.87
41.16,28.27,202302,8.89,0.45,66.0,1.39
41.16,28.27,202303,11.1,0.41,71.25,2.38
41.16,28.27,202304,15.63,0.45,72.39,3.11
41.16,28.27,202305,18.84,0.48,71.78,1.18
41.16,28.27,202306,24.01,0.58,45.28,0.92
41.16,28.27,202307,26.15,0.65,23.83,0.27
41.16,28.27,202308,21.47,0.59,31.41,0.21
41.16,28.27,202309,16.72,0.56,46.02,0.96
41.16,28.27,202310,11.52,0.52,49.57,0.71
41.16,28.27,202311,6.49,0.41,68.19,6.61
41.16,28.27,202312,4.82,0.38,64.93,2.62
41.16,28.3,202301,5.51,0.38,69.94,0.87
41.16,28.3,202302,8.89,0.45,66.0,1.39
41.16,28.3,202303,11.1,0.41,71.25,2.38
41.16,28.3,202304,15.63,0.45,72.39,3.11
41.16,28.3,202305,18.84,0.48,71.78,1.18
41.16,28.3,202306,24.01,0.58,45.28,0.92
41.16,28.3,202307,26.15,0.65,23.83,0.27
41.16,28.3,202308,21.47,0.59,31.41,0.21
41.16,28.3,202309,16.72,0.56,46.02,0.96
41.16,28.3,202310,11.52,0.52,49.57,0.71
41.16,28.3,202311,6.49,0.41,68.19,6.61
41.16,28.3,202312,4.82,0.38,64.93,2.62
41.16,28.33,202301,5.51,0.38,69.94,0.87
41.16,28.33,202302,8.89,0.45,66.0,1.39
41.16,28.33,202303,11.1,0.41,71.25,2.38
41.16,28.33,202304,15.63,0.45,72.39,3.11
41.16,28.33,202305,18.84,0.48,71.78,1.18
41.16,28.33,202306,24.01,0.58,45.28,0.92
41.16,28.33,202307,26.15,0.65,23.83,0.27
41.16,28.33,202308,21.47,0.59,31.41,0.21
41.16,28.33,202309,16.72,0.56,46.02,0.96
41.16,28.33,202310,11.52,0.52,49.57,0.71
41.16,28.33,202311,6.49,0.41,68.19,6.61
41.16,28.33,202312,4.82,0.38,64.93,2.62
41.16,28.36,202301,5.51,0.38,69.94,0.87
41.16,28.36,202302,8.89,0.45,66.0,1.39
41.16,28.36,202303,11.1,0.41,71.25,2.38
41.16,28.36,202304,15.63,0.45,72.39,3.11
41.16,28.36,202305,18.84,0.48,71.78,1.18
41.16,28.36,202306,24.01,0.58,45.28,0.92
41.16,28.36,202307,26.15,0.65,23.83,0.27
41.16,28.36,202308,21.47,0.59,31.41,0.21
41.16,28.36,202309,16.72,0.56,46.02,0.96
41.16,28.36,202310,11.52,0.52,49.57,0.71
41.16,28.36,202311,6.49,0.41,68.19,6.61
41.16,28.36,202312,4.82,0.38,64.93,2.62
41.16,28.39,202301,5.51,0.38,69.94,0.87
41.16,28.39,202302,8.89,0.45,66.0,1.39
41.16,28.39,202303,11.1,0.41,71.25,2.38
41.16,28.39,202304,15.63,0.45,72.39,3.11
41.16,28.39,202305,18.84,0.48,71.78,1.18
41.16,28.39,202306,24.01,0.58,45.28,0.92
41.16,28.39,202307,26.15,0.65,23.83,0.27
41.16,28.39,202308,21.47,0.59,31.41,0.21
41.16,28.39,202309,16.72,0.56,46.02,0.96
41.16,28.39,202310,11.52,0.52,49.57,0.71
41.16,28.39,202311,6.49,0.41,68.19,6.61
41.16,28.39,202312,4.82,0.38,64.93,2.62
41.16,28.42,202301,5.51,0.38,69.94,0.87
41.16,28.42,202302,8.89,0.45,66.0,1.39
41.16,28.42,202303,11.1,0.41,71.25,2.38
41.16,28.42,202304,15.63,0.45,72.39,3.11
41.16,28.42,202305,18.84,0.48,71.78,1.18
41.16,28.42,202306,24.01,0.58,45.28,0.92
41.16,28.42,202307,26.15,0.65,23.83,0.27
41.16,28.42,202308,21.47,0.59,31.41,0.21
41.16,28.42,202309,16.72,0.56,46.02,0.96
41.16,28.42,202310,11.52,0.52,49.57,0.71
41.16,28.42,202311,6.49,0.41,68.19,6.61
41.16,28.42,202312,4.82,0.38,64.93,2.62
41.16,28.45,202301,5.51,0.38,69.94,0.72
41.16,28.45,202302,8.89,0.45,66.0,1.83
41.16,28.45,202303,11.1,0.41,71.25,2.49
41.16,28.45,202304,15.63,0.45,72.39,3.07
41.16,28.45,202305,18.84,0.48,71.78,1.24
41.16,28.45,202306,24.01,0.58,45.28,0.86
41.16,28.45,202307,26.15,0.65,23.83,0.33
41.16,28.45,202308,21.47,0.59,31.41,0.3
41.16,28.45,202309,16.72,0.56,46.02,0.71
41.16,28.45,202310,11.52,0.52,49.57,1.15
41.16,28.45,202311,6.49,0.41,68.19,6.37
41.16,28.45,202312,4.82,0.38,64.93,2.3
41.16,28.48,202301,5.51,0.38,69.94,0.72
41.16,28.48,202302,8.89,0.45,66.0,1.83
41.16,28.48,202303,11.1,0.41,71.25,2.49
41.16,28.48,202304,15.63,0.45,72.39,3.07
41.16,28.48,202305,18.84,0.48,71.78,1.24
41.16,28.48,202306,24.01,0.58,45.28,0.86
41.16,28.48,202307,26.15,0.65,23.83,0.33
41.16,28.48,202308,21.47,0.59,31.41,0.3
41.16,28.48,202309,16.72,0.56,46.02,0.71
41.16,28.48,202310,11.52,0.52,49.57,1.15
41.16,28.48,202311,6.49,0.41,68.19,6.37
41.16,28.48,202312,4.82,0.38,64.93,2.3
41.16,28.51,202301,5.51,0.38,69.94,0.72
41.16,28.51,202302,8.89,0.45,66.0,1.83
41.16,28.51,202303,11.1,0.41,71.25,2.49
41.16,28.51,202304,15.63,0.45,72.39,3.07
41.16,28.51,202305,18.84,0.48,71.78,1.24
41.16,28.51,202306,24.01,0.58,45.28,0.86
41.16,28.51,202307,26.15,0.65,23.83,0.33
41.16,28.51,202308,21.47,0.59,31.41,0.3
41.16,28.51,202309,16.72,0.56,46.02,0.71
41.16,28.51,202310,11.52,0.52,49.57,1.15
41.16,28.51,202311,6.49,0.41,68.19,6.37
41.16,28.51,202312,4.82,0.38,64.93,2.3
41.16,28.54,202301,5.51,0.38,69.94,0.72
41.16,28.54,202302,8.89,0.45,66.0,1.83
41.16,28.54,202303,11.1,0.41,71.25,2.49
41.16,28.54,202304,15.63,0.45,72.39,3.07
41.16,28.54,202305,18.84,0.48,71.78,1.24
41.16,28.54,202306,24.01,0.58,45.28,0.86
41.16,28.54,202307,26.15,0.65,23.83,0.33
41.16,28.54,202308,21.47,0.59,31.41,0.3
41.16,28.54,202309,16.72,0.56,46.02,0.71
41.16,28.54,202310,11.52,0.52,49.57,1.15
41.16,28.54,202311,6.49,0.41,68.19,6.37
41.16,28.54,202312,4.82,0.38,64.93,2.3
41.16,28.57,202301,5.51,0.38,69.94,0.72
41.16,28.57,202302,8.89,0.45,66.0,1.83
41.16,28.57,202303,11.1,0.41,71.25,2.49
41.16,28.57,202304,15.63,0.45,72.39,3.07
41.16,28.57,202305,18.84,0.48,71.78,1.24
41.16,28.57,202306,24.01,0.58,45.28,0.86
41.16,28.57,202307,26.15,0.65,23.83,0.33
41.16,28.57,202308,21.47,0.59,31.41,0.3
41.16,28.57,202309,16.72,0.56,46.02,0.71
41.16,28.57,202310,11.52,0.52,49.57,1.15
41.16,28.57,202311,6.49,0.41,68.19,6.37
41.16,28.57,202312,4.82,0.38,64.93,2.3
41.16,28.6,202301,5.51,0.38,69.94,0.72
41.16,28.6,202302,8.89,0.45,66.0,1.83
41.16,28.6,202303,11.1,0.41,71.25,2.49
41.16,28.6,202304,15.63,0.45,72.39,3.07
41.16,28.6,202305,18.84,0.48,71.78,1.24
41.16,28.6,202306,24.01,0.58,45.28,0.86
41.16,28.6,202307,26.15,0.65,23.83,0.33
41.16,28.6,202308,21.47,0.59,31.41,0.3
41.16,28.6,202309,16.72,0.56,46.02,0.71
41.16,28.6,202310,11.52,0.52,49.57,1.15
41.16,28.6,202311,6.49,0.41,68.19,6.37
41.16,28.6,202312,4.82,0.38,64.93,2.3
41.16,28.63,202301,5.51,0.38,69.94,0.72
41.16,28.63,202302,8.89,0.45,66.0,1.83
41.16,28.63,202303,11.1,0.41,71.25,2.49
41.16,28.63,202304,15.63,0.45,72.39,3.07
41.16,28.63,202305,18.84,0.48,71.78,1.24
41.16,28.63,202306,24.01,0.58,45.28,0.86
41.16,28.63,202307,26.15,0.65,23.83,0.33
41.16,28.63,202308,21.47,0.59,31.41,0.3
41.16,28.63,202309,16.72,0.56,46.02,0.71
41.16,28.63,202310,11.52,0.52,49.57,1.15
41.16,28.63,202311,6.49,0.41,68.19,6.37
41.16,28.63,202312,4.82,0.38,64.93,2.3
41.16,28.66,202301,5.51,0.38,69.94,0.72
41.16,28.66,202302,8.89,0.45,66.0,1.83
41.16,28.66,202303,11.1,0.41,71.25,2.49
41.16,28.66,202304,15.63,0.45,72.39,3.07
41.16,28.66,202305,18.84,0.48,71.78,1.24
41.16,28.66,202306,24.01,0.58,45.28,0.86
41.16,28.66,202307,26.15,0.65,23.83,0.33
41.16,28.66,202308,21.47,0.59,31.41,0.3
41.16,28.66,202309,16.72,0.56,46.02,0.71
41.16,28.66,202310,11.52,0.52,49.57,1.15
41.16,28.66,202311,6.49,0.41,68.19,6.37
41.16,28.66,202312,4.82,0.38,64.93,2.3
41.16,28.69,202301,5.51,0.38,69.94,0.72
41.16,28.69,202302,8.89,0.45,66.0,1.83
41.16,28.69,202303,11.1,0.41,71.25,2.49
41.16,28.69,202304,15.63,0.45,72.39,3.07
41.16,28.69,202305,18.84,0.48,71.78,1.24
41.16,28.69,202306,24.01,0.58,45.28,0.86
41.16,28.69,202307,26.15,0.65,23.83,0.33
41.16,28.69,202308,21.47,0.59,31.41,0.3
41.16,28.69,202309,16.72,0.56,46.02,0.71
41.16,28.69,202310,11.52,0.52,49.57,1.15
41.16,28.69,202311,6.49,0.41,68.19,6.37
41.16,28.69,202312,4.82,0.38,64.93,2.3
41.16,28.72,202301,5.51,0.38,69.94,0.72
41.16,28.72,202302,8.89,0.45,66.0,1.83
41.16,28.72,202303,11.1,0.41,71.25,2.49
41.16,28.72,202304,15.63,0.45,72.39,3.07
41.16,28.72,202305,18.84,0.48,71.78,1.24
41.16,28.72,202306,24.01,0.58,45.28,0.86
41.16,28.72,202307,26.15,0.65,23.83,0.33
41.16,28.72,202308,21.47,0.59,31.41,0.3
41.16,28.72,202309,16.72,0.56,46.02,0.71
41.16,28.72,202310,11.52,0.52,49.57,1.15
41.16,28.72,202311,6.49,0.41,68.19,6.37
41.16,28.72,202312,4.82,0.38,64.93,2.3
41.16,28.75,202301,5.51,0.38,69.94,0.72
41.16,28.75,202302,8.89,0.45,66.0,1.83
41.16,28.75,202303,11.1,0.41,71.25,2.49
41.16,28.75,202304,15.63,0.45,72.39,3.07
41.16,28.75,202305,18.84,0.48,71.78,1.24
41.16,28.75,202306,24.01,0.58,45.28,0.86
41.16,28.75,202307,26.15,0.65,23.83,0.33
41.16,28.75,202308,21.47,0.59,31.41,0.3
41.16,28.75,202309,16.72,0.56,46.02,0.71
41.16,28.75,202310,11.52,0.52,49.57,1.15
41.16,28.75,202311,6.49,0.41,68.19,6.37
41.16,28.75,202312,4.82,0.38,64.93,2.3
41.16,28.78,202301,5.51,0.38,69.94,0.72
41.16,28.78,202302,8.89,0.45,66.0,1.83
41.16,28.78,202303,11.1,0.41,71.25,2.49
41.16,28.78,202304,15.63,0.45,72.39,3.07
41.16,28.78,202305,18.84,0.48,71.78,1.24
41.16,28.78,202306,24.01,0.58,45.28,0.86
41.16,28.78,202307,26.15,0.65,23.83,0.33
41.16,28.78,202308,21.47,0.59,31.41,0.3
41.16,28.78,202309,16.72,0.56,46.02,0.71
41.16,28.78,202310,11.52,0.52,49.57,1.15
41.16,28.78,202311,6.49,0.41,68.19,6.37
41.16,28.78,202312,4.82,0.38,64.93,2.3
41.16,28.81,202301,5.51,0.38,69.94,0.72
41.16,28.81,202302,8.89,0.45,66.0,1.83
41.16,28.81,202303,11.1,0.41,71.25,2.49
41.16,28.81,202304,15.63,0.45,72.39,3.07
41.16,28.81,202305,18.84,0.48,71.78,1.24
41.16,28.81,202306,24.01,0.58,45.28,0.86
41.16,28.81,202307,26.15,0.65,23.83,0.33
41.16,28.81,202308,21.47,0.59,31.41,0.3
41.16,28.81,202309,16.72,0.56,46.02,0.71
41.16,28.81,202310,11.52,0.52,49.57,1.15
41.16,28.81,202311,6.49,0.41,68.19,6.37
41.16,28.81,202312,4.82,0.38,64.93,2.3
41.16,28.84,202301,5.51,0.38,69.94,0.72
41.16,28.84,202302,8.89,0.45,66.0,1.83
41.16,28.84,202303,11.1,0.41,71.25,2.49
41.16,28.84,202304,15.63,0.45,72.39,3.07
41.16,28.84,202305,18.84,0.48,71.78,1.24
41.16,28.84,202306,24.01,0.58,45.28,0.86
41.16,28.84,202307,26.15,0.65,23.83,0.33
41.16,28.84,202308,21.47,0.59,31.41,0.3
41.16,28.84,202309,16.72,0.56,46.02,0.71
41.16,28.84,202310,11.52,0.52,49.57,1.15
41.16,28.84,202311,6.49,0.41,68.19,6.37
41.16,28.84,202312,4.82,0.38,64.93,2.3
41.16,28.87,202301,5.51,0.38,69.94,0.72
41.16,28.87,202302,8.89,0.45,66.0,1.83
41.16,28.87,202303,11.1,0.41,71.25,2.49
41.16,28.87,202304,15.63,0.45,72.39,3.07
41.16,28.87,202305,18.84,0.48,71.78,1.24
41.16,28.87,202306,24.01,0.58,45.28,0.86
41.16,28.87,202307,26.15,0.65,23.83,0.33
41.16,28.87,202308,21.47,0.59,31.41,0.3
41.16,28.87,202309,16.72,0.56,46.02,0.71
41.16,28.87,202310,11.52,0.52,49.57,1.15
41.16,28.87,202311,6.49,0.41,68.19,6.37
41.16,28.87,202312,4.82,0.38,64.93,2.3
41.16,28.9,202301,5.51,0.38,69.94,0.72
41.16,28.9,202302,8.89,0.45,66.0,1.83
41.16,28.9,202303,11.1,0.41,71.25,2.49
41.16,28.9,202304,15.63,0.45,72.39,3.07
41.16,28.9,202305,18.84,0.48,71.78,1.24
41.16,28.9,202306,24.01,0.58,45.28,0.86
41.16,28.9,202307,26.15,0.65,23.83,0.33
41.16,28.9,202308,21.47,0.59,31.41,0.3
41.16,28.9,202309,16.72,0.56,46.02,0.71
41.16,28.9,202310,11.52,0.52,49.57,1.15
41.16,28.9,202311,6.49,0.41,68.19,6.37
41.16,28.9,202312,4.82,0.38,64.93,2.3
41.16,28.93,202301,5.51,0.38,69.94,0.72
41.16,28.93,202302,8.89,0.45,66.0,1.83
41.16,28.93,202303,11.1,0.41,71.25,2.49
41.16,28.93,202304,15.63,0.45,72.39,3.07
41.16,28.93,202305,18.84,0.48,71.78,1.24
41.16,28.93,202306,24.01,0.58,45.28,0.86
41.16,28.93,202307,26.15,0.65,23.83,0.33
41.16,28.93,202308,21.47,0.59,31.41,0.3
41.16,28.93,202309,16.72,0.56,46.02,0.71
41.16,28.93,202310,11.52,0.52,49.57,1.15
41.16,28.93,202311,6.49,0.41,68.19,6.37
41.16,28.93,202312,4.82,0.38,64.93,2.3
41.16,28.96,202301,5.51,0.38,69.94,0.72
41.16,28.96,202302,8.89,0.45,66.0,1.83
41.16,28.96,202303,11.1,0.41,71.25,2.49
41.16,28.96,202304,15.63,0.45,72.39,3.07
41.16,28.96,202305,18.84,0.48,71.78,1.24
41.16,28.96,202306,24.01,0.58,45.28,0.86
41.16,28.96,202307,26.15,0.65,23.83,0.33
41.16,28.96,202308,21.47,0.59,31.41,0.3
41.16,28.96,202309,16.72,0.56,46.02,0.71
41.16,28.96,202310,11.52,0.52,49.57,1.15
41.16,28.96,202311,6.49,0.41,68.19,6.37
41.16,28.96,202312,4.82,0.38,64.93,2.3
41.16,28.99,202301,5.51,0.38,69.94,0.72
41.16,28.99,202302,8.89,0.45,66.0,1.83
41.16,28.99,202303,11.1,0.41,71.25,2.49
41.16,28.99,202304,15.63,0.45,72.39,3.07
41.16,28.99,202305,18.84,0.48,71.78,1.24
41.16,28.99,202306,24.01,0.58,45.28,0.86
41.16,28.99,202307,26.15,0.65,23.83,0.33
41.16,28.99,202308,21.47,0.59,31.41,0.3
41.16,28.99,202309,16.72,0.56,46.02,0.71
41.16,28.99,202310,11.52,0.52,49.57,1.15
41.16,28.99,202311,6.49,0.41,68.19,6.37
41.16,28.99,202312,4.82,0.38,64.93,2.3
41.16,29.02,202301,5.47,0.38,77.44,0.72
41.16,29.02,202302,8.67,0.44,75.84,1.83
41.16,29.02,202303,10.41,0.38,81.4,2.49
41.16,29.02,202304,15.39,0.45,77.59,3.07
41.16,29.02,202305,18.83,0.48,75.98,1.24
41.16,29.02,202306,23.93,0.57,50.76,0.86
41.16,29.02,202307,25.58,0.63,28.76,0.33
41.16,29.02,202308,21.98,0.61,33.24,0.3
41.16,29.02,202309,17.75,0.6,55.94,0.71
41.16,29.02,202310,11.5,0.52,63.42,1.15
41.16,29.02,202311,6.57,0.42,78.12,6.37
41.16,29.02,202312,4.93,0.38,71.96,2.3
41.16,29.08,202301,5.47,0.38,77.44,0.72
41.16,29.08,202302,8.67,0.44,75.84,2.53
41.16,29.08,202303,10.41,0.38,81.4,2.88
41.16,29.08,202304,15.39,0.45,77.59,3.03
41.16,29.08,202305,18.83,0.48,75.98,1.35
41.16,29.08,202306,23.93,0.57,50.76,1.56
41.16,29.08,202307,25.58,0.63,28.76,0.79
41.16,29.08,202308,21.98,0.61,33.24,0.51
41.16,29.08,202309,17.75,0.6,55.94,0.89
41.16,29.08,202310,11.5,0.52,63.42,1.83
41.16,29.08,202311,6.57,0.42,78.12,6.97
41.16,29.08,202312,4.93,0.38,71.96,2.45
41.16,29.11,202301,5.47,0.38,77.44,0.72
41.16,29.11,202302,8.67,0.44,75.84,2.53
41.16,29.11,202303,10.41,0.38,81.4,2.88
41.16,29.11,202304,15.39,0.45,77.59,3.03
41.16,29.11,202305,18.83,0.48,75.98,1.35
41.16,29.11,202306,23.93,0.57,50.76,1.56
41.16,29.11,202307,25.58,0.63,28.76,0.79
41.16,29.11,202308,21.98,0.61,33.24,0.51
41.16,29.11,202309,17.75,0.6,55.94,0.89
41.16,29.11,202310,11.5,0.52,63.42,1.83
41.16,29.11,202311,6.57,0.42,78.12,6.97
41.16,29.11,202312,4.93,0.38,71.96,2.45
41.16,29.14,202301,5.47,0.38,77.44,0.72
41.16,29.14,202302,8.67,0.44,75.84,2.53
41.16,29.14,202303,10.41,0.38,81.4,2.88
41.16,29.14,202304,15.39,0.45,77.59,3.03
41.16,29.14,202305,18.83,0.48,75.98,1.35
41.16,29.14,202306,23.93,0.57,50.76,1.56
41.16,29.14,202307,25.58,0.63,28.76,0.79
41.16,29.14,202308,21.98,0.61,33.24,0.51
41.16,29.14,202309,17.75,0.6,55.94,0.89
41.16,29.14,202310,11.5,0.52,63.42,1.83
41.16,29.14,202311,6.57,0.42,78.12,6.97
41.16,29.14,202312,4.93,0.38,71.96,2.45
41.16,29.17,202301,5.47,0.38,77.44,0.72
41.16,29.17,202302,8.67,0.44,75.84,2.53
41.16,29.17,202303,10.41,0.38,81.4,2.88
41.16,29.17,202304,15.39,0.45,77.59,3.03
41.16,29.17,202305,18.83,0.48,75.98,1.35
41.16,29.17,202306,23.93,0.57,50.76,1.56
41.16,29.17,202307,25.58,0.63,28.76,0.79
41.16,29.17,202308,21.98,0.61,33.24,0.51
41.16,29.17,202309,17.75,0.6,55.94,0.89
41.16,29.17,202310,11.5,0.52,63.42,1.83
41.16,29.17,202311,6.57,0.42,78.12,6.97
41.16,29.17,202312,4.93,0.38,71.96,2.45
41.16,29.2,202301,5.47,0.38,77.44,0.72
41.16,29.2,202302,8.67,0.44,75.84,2.53
41.16,29.2,202303,10.41,0.38,81.4,2.88
41.16,29.2,202304,15.39,0.45,77.59,3.03
41.16,29.2,202305,18.83,0.48,75.98,1.35
41.16,29.2,202306,23.93,0.57,50.76,1.56
41.16,29.2,202307,25.58,0.63,28.76,0.79
41.16,29.2,202308,21.98,0.61,33.24,0.51
41.16,29.2,202309,17.75,0.6,55.94,0.89
41.16,29.2,202310,11.5,0.52,63.42,1.83
41.16,29.2,202311,6.57,0.42,78.12,6.97
41.16,29.2,202312,4.93,0.38,71.96,2.45
41.16,29.23,202301,5.47,0.38,77.44,0.72
41.16,29.23,202302,8.67,0.44,75.84,2.53
41.16,29.23,202303,10.41,0.38,81.4,2.88
41.16,29.23,202304,15.39,0.45,77.59,3.03
41.16,29.23,202305,18.83,0.48,75.98,1.35
41.16,29.23,202306,23.93,0.57,50.76,1.56
41.16,29.23,202307,25.58,0.63,28.76,0.79
41.16,29.23,202308,21.98,0.61,33.24,0.51
41.16,29.23,202309,17.75,0.6,55.94,0.89
41.16,29.23,202310,11.5,0.52,63.42,1.83
41.16,29.23,202311,6.57,0.42,78.12,6.97
41.16,29.23,202312,4.93,0.38,71.96,2.45
41.16,29.26,202301,5.47,0.38,77.44,0.72
41.16,29.26,202302,8.67,0.44,75.84,2.53
41.16,29.26,202303,10.41,0.38,81.4,2.88
41.16,29.26,202304,15.39,0.45,77.59,3.03
41.16,29.26,202305,18.83,0.48,75.98,1.35
41.16,29.26,202306,23.93,0.57,50.76,1.56
41.16,29.26,202307,25.58,0.63,28.76,0.79
41.16,29.26,202308,21.98,0.61,33.24,0.51
41.16,29.26,202309,17.75,0.6,55.94,0.89
41.16,29.26,202310,11.5,0.52,63.42,1.83
41.16,29.26,202311,6.57,0.42,78.12,6.97
41.16,29.26,202312,4.93,0.38,71.96,2.45
41.16,29.29,202301,5.47,0.38,77.44,0.72
41.16,29.29,202302,8.67,0.44,75.84,2.53
41.16,29.29,202303,10.41,0.38,81.4,2.88
41.16,29.29,202304,15.39,0.45,77.59,3.03
41.16,29.29,202305,18.83,0.48,75.98,1.35
41.16,29.29,202306,23.93,0.57,50.76,1.56
41.16,29.29,202307,25.58,0.63,28.76,0.79
41.16,29.29,202308,21.98,0.61,33.24,0.51
41.16,29.29,202309,17.75,0.6,55.94,0.89
41.16,29.29,202310,11.5,0.52,63.42,1.83
41.16,29.29,202311,6.57,0.42,78.12,6.97
41.16,29.29,202312,4.93,0.38,71.96,2.45
41.16,29.32,202301,5.47,0.38,77.44,0.72
41.16,29.32,202302,8.67,0.44,75.84,2.53
41.16,29.32,202303,10.41,0.38,81.4,2.88
41.16,29.32,202304,15.39,0.45,77.59,3.03
41.16,29.32,202305,18.83,0.48,75.98,1.35
41.16,29.32,202306,23.93,0.57,50.76,1.56
41.16,29.32,202307,25.58,0.63,28.76,0.79
41.16,29.32,202308,21.98,0.61,33.24,0.51
41.16,29.32,202309,17.75,0.6,55.94,0.89
41.16,29.32,202310,11.5,0.52,63.42,1.83
41.16,29.32,202311,6.57,0.42,78.12,6.97
41.16,29.32,202312,4.93,0.38,71.96,2.45
41.16,29.35,202301,5.47,0.38,77.44,0.72
41.16,29.35,202302,8.67,0.44,75.84,2.53
41.16,29.35,202303,10.41,0.38,81.4,2.88
41.16,29.35,202304,15.39,0.45,77.59,3.03
41.16,29.35,202305,18.83,0.48,75.98,1.35
41.16,29.35,202306,23.93,0.57,50.76,1.56
41.16,29.35,202307,25.58,0.63,28.76,0.79
41.16,29.35,202308,21.98,0.61,33.24,0.51
41.16,29.35,202309,17.75,0.6,55.94,0.89
41.16,29.35,202310,11.5,0.52,63.42,1.83
41.16,29.35,202311,6.57,0.42,78.12,6.97
41.16,29.35,202312,4.93,0.38,71.96,2.45
41.16,29.38,202301,5.47,0.38,77.44,0.72
41.16,29.38,202302,8.67,0.44,75.84,2.53
41.16,29.38,202303,10.41,0.38,81.4,2.88
41.16,29.38,202304,15.39,0.45,77.59,3.03
41.16,29.38,202305,18.83,0.48,75.98,1.35
41.16,29.38,202306,23.93,0.57,50.76,1.56
41.16,29.38,202307,25.58,0.63,28.76,0.79
41.16,29.38,202308,21.98,0.61,33.24,0.51
41.16,29.38,202309,17.75,0.6,55.94,0.89
41.16,29.38,202310,11.5,0.52,63.42,1.83
41.16,29.38,202311,6.57,0.42,78.12,6.97
41.16,29.38,202312,4.93,0.38,71.96,2.45
41.16,29.41,202301,5.47,0.38,77.44,0.72
41.16,29.41,202302,8.67,0.44,75.84,2.53
41.16,29.41,202303,10.41,0.38,81.4,2.88
41.16,29.41,202304,15.39,0.45,77.59,3.03
41.16,29.41,202305,18.83,0.48,75.98,1.35
41.16,29.41,202306,23.93,0.57,50.76,1.56
41.16,29.41,202307,25.58,0.63,28.76,0.79
41.16,29.41,202308,21.98,0.61,33.24,0.51
41.16,29.41,202309,17.75,0.6,55.94,0.89
41.16,29.41,202310,11.5,0.52,63.42,1.83
41.16,29.41,202311,6.57,0.42,78.12,6.97
41.16,29.41,202312,4.93,0.38,71.96,2.45
41.16,29.44,202301,5.47,0.38,77.44,0.72
41.16,29.44,202302,8.67,0.44,75.84,2.53
41.16,29.44,202303,10.41,0.38,81.4,2.88
41.16,29.44,202304,15.39,0.45,77.59,3.03
41.16,29.44,202305,18.83,0.48,75.98,1.35
41.16,29.44,202306,23.93,0.57,50.76,1.56
41.16,29.44,202307,25.58,0.63,28.76,0.79
41.16,29.44,202308,21.98,0.61,33.24,0.51
41.16,29.44,202309,17.75,0.6,55.94,0.89
41.16,29.44,202310,11.5,0.52,63.42,1.83
41.16,29.44,202311,6.57,0.42,78.12,6.97
41.16,29.44,202312,4.93,0.38,71.96,2.45
41.16,29.47,202301,5.47,0.38,77.44,0.72
41.16,29.47,202302,8.67,0.44,75.84,2.53
41.16,29.47,202303,10.41,0.38,81.4,2.88
41.16,29.47,202304,15.39,0.45,77.59,3.03
41.16,29.47,202305,18.83,0.48,75.98,1.35
41.16,29.47,202306,23.93,0.57,50.76,1.56
41.16,29.47,202307,25.58,0.63,28.76,0.79
41.16,29.47,202308,21.98,0.61,33.24,0.51
41.16,29.47,202309,17.75,0.6,55.94,0.89
41.16,29.47,202310,11.5,0.52,63.42,1.83
41.16,29.47,202311,6.57,0.42,78.12,6.97
41.16,29.47,202312,4.93,0.38,71.96,2.45
41.16,29.5,202301,5.47,0.38,77.44,0.72
41.16,29.5,202302,8.67,0.44,75.84,2.53
41.16,29.5,202303,10.41,0.38,81.4,2.88
41.16,29.5,202304,15.39,0.45,77.59,3.03
41.16,29.5,202305,18.83,0.48,75.98,1.35
41.16,29.5,202306,23.93,0.57,50.76,1.56
41.16,29.5,202307,25.58,0.63,28.76,0.79
41.16,29.5,202308,21.98,0.61,33.24,0.51
41.16,29.5,202309,17.75,0.6,55.94,0.89
41.16,29.5,202310,11.5,0.52,63.42,1.83
41.16,29.5,202311,6.57,0.42,78.12,6.97
41.16,29.5,202312,4.93,0.38,71.96,2.45
41.16,29.53,202301,5.47,0.38,77.44,0.72
41.16,29.53,202302,8.67,0.44,75.84,2.53
41.16,29.53,202303,10.41,0.38,81.4,2.88
41.16,29.53,202304,15.39,0.45,77.59,3.03
41.16,29.53,202305,18.83,0.48,75.98,1.35
41.16,29.53,202306,23.93,0.57,50.76,1.56
41.16,29.53,202307,25.58,0.63,28.76,0.79
41.16,29.53,202308,21.98,0.61,33.24,0.51
41.16,29.53,202309,17.75,0.6,55.94,0.89
41.16,29.53,202310,11.5,0.52,63.42,1.83
41.16,29.53,202311,6.57,0.42,78.12,6.97
41.16,29.53,202312,4.93,0.38,71.96,2.45
41.16,29.56,202301,5.47,0.38,77.44,0.72
41.16,29.56,202302,8.67,0.44,75.84,2.53
41.16,29.56,202303,10.41,0.38,81.4,2.88
41.16,29.56,202304,15.39,0.45,77.59,3.03
41.16,29.56,202305,18.83,0.48,75.98,1.35
41.16,29.56,202306,23.93,0.57,50.76,1.56
41.16,29.56,202307,25.58,0.63,28.76,0.79
41.16,29.56,202308,21.98,0.61,33.24,0.51
41.16,29.56,202309,17.75,0.6,55.94,0.89
41.16,29.56,202310,11.5,0.52,63.42,1.83
41.16,29.56,202311,6.57,0.42,78.12,6.97
41.16,29.56,202312,4.93,0.38,71.96,2.45
41.16,29.59,202301,5.47,0.38,77.44,0.72
41.16,29.59,202302,8.67,0.44,75.84,2.53
41.16,29.59,202303,10.41,0.38,81.4,2.88
41.16,29.59,202304,15.39,0.45,77.59,3.03
41.16,29.59,202305,18.83,0.48,75.98,1.35
41.16,29.59,202306,23.93,0.57,50.76,1.56
41.16,29.59,202307,25.58,0.63,28.76,0.79
41.16,29.59,202308,21.98,0.61,33.24,0.51
41.16,29.59,202309,17.75,0.6,55.94,0.89
41.16,29.59,202310,11.5,0.52,63.42,1.83
41.16,29.59,202311,6.57,0.42,78.12,6.97
41.16,29.59,202312,4.93,0.38,71.96,2.45
41.16,29.62,202301,5.47,0.38,77.44,0.72
41.16,29.62,202302,8.67,0.44,75.84,2.53
41.16,29.62,202303,10.41,0.38,81.4,2.88
41.16,29.62,202304,15.39,0.45,77.59,3.03
41.16,29.62,202305,18.83,0.48,75.98,1.35
41.16,29.62,202306,23.93,0.57,50.76,1.56
41.16,29.62,202307,25.58,0.63,28.76,0.79
41.16,29.62,202308,21.98,0.61,33.24,0.51
41.16,29.62,202309,17.75,0.6,55.94,0.89
41.16,29.62,202310,11.5,0.52,63.42,1.83
41.16,29.62,202311,6.57,0.42,78.12,6.97
41.16,29.62,202312,4.93,0.38,71.96,2.45
41.16,29.65,202301,5.47,0.38,77.44,0.72
41.16,29.65,202302,8.67,0.44,75.84,2.53
41.16,29.65,202303,10.41,0.38,81.4,2.88
41.16,29.65,202304,15.39,0.45,77.59,3.03
41.16,29.65,202305,18.83,0.48,75.98,1.35
41.16,29.65,202306,23.93,0.57,50.76,1.56
41.16,29.65,202307,25.58,0.63,28.76,0.79
41.16,29.65,202308,21.98,0.61,33.24,0.51
41.16,29.65,202309,17.75,0.6,55.94,0.89
41.16,29.65,202310,11.5,0.52,63.42,1.83
41.16,29.65,202311,6.57,0.42,78.12,6.97
41.16,29.65,202312,4.93,0.38,71.96,2.45
41.16,29.68,202301,5.47,0.38,77.44,0.72
41.16,29.68,202302,8.67,0.44,75.84,2.53
41.16,29.68,202303,10.41,0.38,81.4,2.88
41.16,29.68,202304,15.39,0.45,77.59,3.03
41.16,29.68,202305,18.83,0.48,75.98,1.35
41.16,29.68,202306,23.93,0.57,50.76,1.56
41.16,29.68,202307,25.58,0.63,28.76,0.79
41.16,29.68,202308,21.98,0.61,33.24,0.51
41.16,29.68,202309,17.75,0.6,55.94,0.89
41.16,29.68,202310,11.5,0.52,63.42,1.83
41.16,29.68,202311,6.57,0.42,78.12,6.97
41.16,29.68,202312,4.93,0.38,71.96,2.45
41.18,28.03,202301,5.51,0.38,69.94,0.87
41.18,28.03,202302,8.89,0.45,66.0,1.39
41.18,28.03,202303,11.1,0.41,71.25,2.38
41.18,28.03,202304,15.63,0.45,72.39,3.11
41.18,28.03,202305,18.84,0.48,71.78,1.18
41.18,28.03,202306,24.01,0.58,45.28,0.92
41.18,28.03,202307,26.15,0.65,23.83,0.27
41.18,28.03,202308,21.47,0.59,31.41,0.21
41.18,28.03,202309,16.72,0.56,46.02,0.96
41.18,28.03,202310,11.52,0.52,49.57,0.71
41.18,28.03,202311,6.49,0.41,68.19,6.61
41.18,28.03,202312,4.82,0.38,64.93,2.62
41.18,28.06,202301,5.51,0.38,69.94,0.87
41.18,28.06,202302,8.89,0.45,66.0,1.39
41.18,28.06,202303,11.1,0.41,71.25,2.38
41.18,28.06,202304,15.63,0.45,72.39,3.11
41.18,28.06,202305,18.84,0.48,71.78,1.18
41.18,28.06,202306,24.01,0.58,45.28,0.92
41.18,28.06,202307,26.15,0.65,23.83,0.27
41.18,28.06,202308,21.47,0.59,31.41,0.21
41.18,28.06,202309,16.72,0.56,46.02,0.96
41.18,28.06,202310,11.52,0.52,49.57,0.71
41.18,28.06,202311,6.49,0.41,68.19,6.61
41.18,28.06,202312,4.82,0.38,64.93,2.62
41.18,28.09,202301,5.51,0.38,69.94,0.87
41.18,28.09,202302,8.89,0.45,66.0,1.39
41.18,28.09,202303,11.1,0.41,71.25,2.38
41.18,28.09,202304,15.63,0.45,72.39,3.11
41.18,28.09,202305,18.84,0.48,71.78,1.18
41.18,28.09,202306,24.01,0.58,45.28,0.92
41.18,28.09,202307,26.15,0.65,23.83,0.27
41.18,28.09,202308,21.47,0.59,31.41,0.21
41.18,28.09,202309,16.72,0.56,46.02,0.96
41.18,28.09,202310,11.52,0.52,49.57,0.71
41.18,28.09,202311,6.49,0.41,68.19,6.61
41.18,28.09,202312,4.82,0.38,64.93,2.62
41.18,28.12,202301,5.51,0.38,69.94,0.87
41.18,28.12,202302,8.89,0.45,66.0,1.39
41.18,28.12,202303,11.1,0.41,71.25,2.38
41.18,28.12,202304,15.63,0.45,72.39,3.11
41.18,28.12,202305,18.84,0.48,71.78,1.18
41.18,28.12,202306,24.01,0.58,45.28,0.92
41.18,28.12,202307,26.15,0.65,23.83,0.27
41.18,28.12,202308,21.47,0.59,31.41,0.21
41.18,28.12,202309,16.72,0.56,46.02,0.96
41.18,28.12,202310,11.52,0.52,49.57,0.71
41.18,28.12,202311,6.49,0.41,68.19,6.61
41.18,28.12,202312,4.82,0.38,64.93,2.62
41.18,28.15,202301,5.51,0.38,69.94,0.87
41.18,28.15,202302,8.89,0.45,66.0,1.39
41.18,28.15,202303,11.1,0.41,71.25,2.38
41.18,28.15,202304,15.63,0.45,72.39,3.11
41.18,28.15,202305,18.84,0.48,71.78,1.18
41.18,28.15,202306,24.01,0.58,45.28,0.92
41.18,28.15,202307,26.15,0.65,23.83,0.27
41.18,28.15,202308,21.47,0.59,31.41,0.21
41.18,28.15,202309,16.72,0.56,46.02,0.96
41.18,28.15,202310,11.52,0.52,49.57,0.71
41.18,28.15,202311,6.49,0.41,68.19,6.61
41.18,28.15,202312,4.82,0.38,64.93,2.62
41.18,28.18,202301,5.51,0.38,69.94,0.87
41.18,28.18,202302,8.89,0.45,66.0,1.39
41.18,28.18,202303,11.1,0.41,71.25,2.38
41.18,28.18,202304,15.63,0.45,72.39,3.11
41.18,28.18,202305,18.84,0.48,71.78,1.18
41.18,28.18,202306,24.01,0.58,45.28,0.92
41.18,28.18,202307,26.15,0.65,23.83,0.27
41.18,28.18,202308,21.47,0.59,31.41,0.21
41.18,28.18,202309,16.72,0.56,46.02,0.96
41.18,28.18,202310,11.52,0.52,49.57,0.71
41.18,28.18,202311,6.49,0.41,68.19,6.61
41.18,28.18,202312,4.82,0.38,64.93,2.62
41.18,28.21,202301,5.51,0.38,69.94,0.87
41.18,28.21,202302,8.89,0.45,66.0,1.39
41.18,28.21,202303,11.1,0.41,71.25,2.38
41.18,28.21,202304,15.63,0.45,72.39,3.11
41.18,28.21,202305,18.84,0.48,71.78,1.18
41.18,28.21,202306,24.01,0.58,45.28,0.92
41.18,28.21,202307,26.15,0.65,23.83,0.27
41.18,28.21,202308,21.47,0.59,31.41,0.21
41.18,28.21,202309,16.72,0.56,46.02,0.96
41.18,28.21,202310,11.52,0.52,49.57,0.71
41.18,28.21,202311,6.49,0.41,68.19,6.61
41.18,28.21,202312,4.82,0.38,64.93,2.62
41.18,28.24,202301,5.51,0.38,69.94,0.87
41.18,28.24,202302,8.89,0.45,66.0,1.39
41.18,28.24,202303,11.1,0.41,71.25,2.38
41.18,28.24,202304,15.63,0.45,72.39,3.11
41.18,28.24,202305,18.84,0.48,71.78,1.18
41.18,28.24,202306,24.01,0.58,45.28,0.92
41.18,28.24,202307,26.15,0.65,23.83,0.27
41.18,28.24,202308,21.47,0.59,31.41,0.21
41.18,28.24,202309,16.72,0.56,46.02,0.96
41.18,28.24,202310,11.52,0.52,49.57,0.71
41.18,28.24,202311,6.49,0.41,68.19,6.61
41.18,28.24,202312,4.82,0.38,64.93,2.62
41.18,28.27,202301,5.51,0.38,69.94,0.87
41.18,28.27,202302,8.89,0.45,66.0,1.39
41.18,28.27,202303,11.1,0.41,71.25,2.38
41.18,28.27,202304,15.63,0.45,72.39,3.11
41.18,28.27,202305,18.84,0.48,71.78,1.18
41.18,28.27,202306,24.01,0.58,45.28,0.92
41.18,28.27,202307,26.15,0.65,23.83,0.27
41.18,28.27,202308,21.47,0.59,31.41,0.21
41.18,28.27,202309,16.72,0.56,46.02,0.96
41.18,28.27,202310,11.52,0.52,49.57,0.71
41.18,28.27,202311,6.49,0.41,68.19,6.61
41.18,28.27,202312,4.82,0.38,64.93,2.62
41.18,28.3,202301,5.51,0.38,69.94,0.87
41.18,28.3,202302,8.89,0.45,66.0,1.39
41.18,28.3,202303,11.1,0.41,71.25,2.38
41.18,28.3,202304,15.63,0.45,72.39,3.11
41.18,28.3,202305,18.84,0.48,71.78,1.18
41.18,28.3,202306,24.01,0.58,45.28,0.92
41.18,28.3,202307,26.15,0.65,23.83,0.27
41.18,28.3,202308,21.47,0.59,31.41,0.21
41.18,28.3,202309,16.72,0.56,46.02,0.96
41.18,28.3,202310,11.52,0.52,49.57,0.71
41.18,28.3,202311,6.49,0.41,68.19,6.61
41.18,28.3,202312,4.82,0.38,64.93,2.62
41.18,28.33,202301,5.51,0.38,69.94,0.87
41.18,28.33,202302,8.89,0.45,66.0,1.39
41.18,28.33,202303,11.1,0.41,71.25,2.38
41.18,28.33,202304,15.63,0.45,72.39,3.11
41.18,28.33,202305,18.84,0.48,71.78,1.18
41.18,28.33,202306,24.01,0.58,45.28,0.92
41.18,28.33,202307,26.15,0.65,23.83,0.27
41.18,28.33,202308,21.47,0.59,31.41,0.21
41.18,28.33,202309,16.72,0.56,46.02,0.96
41.18,28.33,202310,11.52,0.52,49.57,0.71
41.18,28.33,202311,6.49,0.41,68.19,6.61
41.18,28.33,202312,4.82,0.38,64.93,2.62
41.18,28.36,202301,5.51,0.38,69.94,0.87
41.18,28.36,202302,8.89,0.45,66.0,1.39
41.18,28.36,202303,11.1,0.41,71.25,2.38
41.18,28.36,202304,15.63,0.45,72.39,3.11
41.18,28.36,202305,18.84,0.48,71.78,1.18
41.18,28.36,202306,24.01,0.58,45.28,0.92
41.18,28.36,202307,26.15,0.65,23.83,0.27
41.18,28.36,202308,21.47,0.59,31.41,0.21
41.18,28.36,202309,16.72,0.56,46.02,0.96
41.18,28.36,202310,11.52,0.52,49.57,0.71
41.18,28.36,202311,6.49,0.41,68.19,6.61
41.18,28.36,202312,4.82,0.38,64.93,2.62
41.18,28.39,202301,5.51,0.38,69.94,0.87
41.18,28.39,202302,8.89,0.45,66.0,1.39
41.18,28.39,202303,11.1,0.41,71.25,2.38
41.18,28.39,202304,15.63,0.45,72.39,3.11
41.18,28.39,202305,18.84,0.48,71.78,1.18
41.18,28.39,202306,24.01,0.58,45.28,0.92
41.18,28.39,202307,26.15,0.65,23.83,0.27
41.18,28.39,202308,21.47,0.59,31.41,0.21
41.18,28.39,202309,16.72,0.56,46.02,0.96
41.18,28.39,202310,11.52,0.52,49.57,0.71
41.18,28.39,202311,6.49,0.41,68.19,6.61
41.18,28.39,202312,4.82,0.38,64.93,2.62
41.18,28.42,202301,5.51,0.38,69.94,0.87
41.18,28.42,202302,8.89,0.45,66.0,1.39
41.18,28.42,202303,11.1,0.41,71.25,2.38
41.18,28.42,202304,15.63,0.45,72.39,3.11
41.18,28.42,202305,18.84,0.48,71.78,1.18
41.18,28.42,202306,24.01,0.58,45.28,0.92
41.18,28.42,202307,26.15,0.65,23.83,0.27
41.18,28.42,202308,21.47,0.59,31.41,0.21
41.18,28.42,202309,16.72,0.56,46.02,0.96
41.18,28.42,202310,11.52,0.52,49.57,0.71
41.18,28.42,202311,6.49,0.41,68.19,6.61
41.18,28.42,202312,4.82,0.38,64.93,2.62
41.18,28.45,202301,5.51,0.38,69.94,0.72
41.18,28.45,202302,8.89,0.45,66.0,1.83
41.18,28.45,202303,11.1,0.41,71.25,2.49
41.18,28.45,202304,15.63,0.45,72.39,3.07
41.18,28.45,202305,18.84,0.48,71.78,1.24
41.18,28.45,202306,24.01,0.58,45.28,0.86
41.18,28.45,202307,26.15,0.65,23.83,0.33
41.18,28.45,202308,21.47,0.59,31.41,0.3
41.18,28.45,202309,16.72,0.56,46.02,0.71
41.18,28.45,202310,11.52,0.52,49.57,1.15
41.18,28.45,202311,6.49,0.41,68.19,6.37
41.18,28.45,202312,4.82,0.38,64.93,2.3
41.18,28.48,202301,5.51,0.38,69.94,0.72
41.18,28.48,202302,8.89,0.45,66.0,1.83
41.18,28.48,202303,11.1,0.41,71.25,2.49
41.18,28.48,202304,15.63,0.45,72.39,3.07
41.18,28.48,202305,18.84,0.48,71.78,1.24
41.18,28.48,202306,24.01,0.58,45.28,0.86
41.18,28.48,202307,26.15,0.65,23.83,0.33
41.18,28.48,202308,21.47,0.59,31.41,0.3
41.18,28.48,202309,16.72,0.56,46.02,0.71
41.18,28.48,202310,11.52,0.52,49.57,1.15
41.18,28.48,202311,6.49,0.41,68.19,6.37
41.18,28.48,202312,4.82,0.38,64.93,2.3
41.18,28.51,202301,5.51,0.38,69.94,0.72
41.18,28.51,202302,8.89,0.45,66.0,1.83
41.18,28.51,202303,11.1,0.41,71.25,2.49
41.18,28.51,202304,15.63,0.45,72.39,3.07
41.18,28.51,202305,18.84,0.48,71.78,1.24
41.18,28.51,202306,24.01,0.58,45.28,0.86
41.18,28.51,202307,26.15,0.65,23.83,0.33
41.18,28.51,202308,21.47,0.59,31.41,0.3
41.18,28.51,202309,16.72,0.56,46.02,0.71
41.18,28.51,202310,11.52,0.52,49.57,1.15
41.18,28.51,202311,6.49,0.41,68.19,6.37
41.18,28.51,202312,4.82,0.38,64.93,2.3
41.18,28.54,202301,5.51,0.38,69.94,0.72
41.18,28.54,202302,8.89,0.45,66.0,1.83
41.18,28.54,202303,11.1,0.41,71.25,2.49
41.18,28.54,202304,15.63,0.45,72.39,3.07
41.18,28.54,202305,18.84,0.48,71.78,1.24
41.18,28.54,202306,24.01,0.58,45.28,0.86
41.18,28.54,202307,26.15,0.65,23.83,0.33
41.18,28.54,202308,21.47,0.59,31.41,0.3
41.18,28.54,202309,16.72,0.56,46.02,0.71
41.18,28.54,202310,11.52,0.52,49.57,1.15
41.18,28.54,202311,6.49,0.41,68.19,6.37
41.18,28.54,202312,4.82,0.38,64.93,2.3
41.18,28.57,202301,5.51,0.38,69.94,0.72
41.18,28.57,202302,8.89,0.45,66.0,1.83
41.18,28.57,202303,11.1,0.41,71.25,2.49
41.18,28.57,202304,15.63,0.45,72.39,3.07
41.18,28.57,202305,18.84,0.48,71.78,1.24
41.18,28.57,202306,24.01,0.58,45.28,0.86
41.18,28.57,202307,26.15,0.65,23.83,0.33
41.18,28.57,202308,21.47,0.59,31.41,0.3
41.18,28.57,202309,16.72,0.56,46.02,0.71
41.18,28.57,202310,11.52,0.52,49.57,1.15
41.18,28.57,202311,6.49,0.41,68.19,6.37
41.18,28.57,202312,4.82,0.38,64.93,2.3
41.18,28.6,202301,5.51,0.38,69.94,0.72
41.18,28.6,202302,8.89,0.45,66.0,1.83
41.18,28.6,202303,11.1,0.41,71.25,2.49
41.18,28.6,202304,15.63,0.45,72.39,3.07
41.18,28.6,202305,18.84,0.48,71.78,1.24
41.18,28.6,202306,24.01,0.58,45.28,0.86
41.18,28.6,202307,26.15,0.65,23.83,0.33
41.18,28.6,202308,21.47,0.59,31.41,0.3
41.18,28.6,202309,16.72,0.56,46.02,0.71
41.18,28.6,202310,11.52,0.52,49.57,1.15
41.18,28.6,202311,6.49,0.41,68.19,6.37
41.18,28.6,202312,4.82,0.38,64.93,2.3
41.18,28.63,202301,5.51,0.38,69.94,0.72
41.18,28.63,202302,8.89,0.45,66.0,1.83
41.18,28.63,202303,11.1,0.41,71.25,2.49
41.18,28.63,202304,15.63,0.45,72.39,3.07
41.18,28.63,202305,18.84,0.48,71.78,1.24
41.18,28.63,202306,24.01,0.58,45.28,0.86
41.18,28.63,202307,26.15,0.65,23.83,0.33
41.18,28.63,202308,21.47,0.59,31.41,0.3
41.18,28.63,202309,16.72,0.56,46.02,0.71
41.18,28.63,202310,11.52,0.52,49.57,1.15
41.18,28.63,202311,6.49,0.41,68.19,6.37
41.18,28.63,202312,4.82,0.38,64.93,2.3
41.18,28.66,202301,5.51,0.38,69.94,0.72
41.18,28.66,202302,8.89,0.45,66.0,1.83
41.18,28.66,202303,11.1,0.41,71.25,2.49
41.18,28.66,202304,15.63,0.45,72.39,3.07
41.18,28.66,202305,18.84,0.48,71.78,1.24
41.18,28.66,202306,24.01,0.58,45.28,0.86
41.18,28.66,202307,26.15,0.65,23.83,0.33
41.18,28.66,202308,21.47,0.59,31.41,0.3
41.18,28.66,202309,16.72,0.56,46.02,0.71
41.18,28.66,202310,11.52,0.52,49.57,1.15
41.18,28.66,202311,6.49,0.41,68.19,6.37
41.18,28.66,202312,4.82,0.38,64.93,2.3
41.18,28.69,202301,5.51,0.38,69.94,0.72
41.18,28.69,202302,8.89,0.45,66.0,1.83
41.18,28.69,202303,11.1,0.41,71.25,2.49
41.18,28.69,202304,15.63,0.45,72.39,3.07
41.18,28.69,202305,18.84,0.48,71.78,1.24
41.18,28.69,202306,24.01,0.58,45.28,0.86
41.18,28.69,202307,26.15,0.65,23.83,0.33
41.18,28.69,202308,21.47,0.59,31.41,0.3
41.18,28.69,202309,16.72,0.56,46.02,0.71
41.18,28.69,202310,11.52,0.52,49.57,1.15
41.18,28.69,202311,6.49,0.41,68.19,6.37
41.18,28.69,202312,4.82,0.38,64.93,2.3
41.18,28.72,202301,5.51,0.38,69.94,0.72
41.18,28.72,202302,8.89,0.45,66.0,1.83
41.18,28.72,202303,11.1,0.41,71.25,2.49
41.18,28.72,202304,15.63,0.45,72.39,3.07
41.18,28.72,202305,18.84,0.48,71.78,1.24
41.18,28.72,202306,24.01,0.58,45.28,0.86
41.18,28.72,202307,26.15,0.65,23.83,0.33
41.18,28.72,202308,21.47,0.59,31.41,0.3
41.18,28.72,202309,16.72,0.56,46.02,0.71
41.18,28.72,202310,11.52,0.52,49.57,1.15
41.18,28.72,202311,6.49,0.41,68.19,6.37
41.18,28.72,202312,4.82,0.38,64.93,2.3
41.18,28.75,202301,5.51,0.38,69.94,0.72
41.18,28.75,202302,8.89,0.45,66.0,1.83
41.18,28.75,202303,11.1,0.41,71.25,2.49
41.18,28.75,202304,15.63,0.45,72.39,3.07
41.18,28.75,202305,18.84,0.48,71.78,1.24
41.18,28.75,202306,24.01,0.58,45.28,0.86
41.18,28.75,202307,26.15,0.65,23.83,0.33
41.18,28.75,202308,21.47,0.59,31.41,0.3
41.18,28.75,202309,16.72,0.56,46.02,0.71
41.18,28.75,202310,11.52,0.52,49.57,1.15
41.18,28.75,202311,6.49,0.41,68.19,6.37
41.18,28.75,202312,4.82,0.38,64.93,2.3
41.18,28.78,202301,5.51,0.38,69.94,0.72
41.18,28.78,202302,8.89,0.45,66.0,1.83
41.18,28.78,202303,11.1,0.41,71.25,2.49
41.18,28.78,202304,15.63,0.45,72.39,3.07
41.18,28.78,202305,18.84,0.48,71.78,1.24
41.18,28.78,202306,24.01,0.58,45.28,0.86
41.18,28.78,202307,26.15,0.65,23.83,0.33
41.18,28.78,202308,21.47,0.59,31.41,0.3
41.18,28.78,202309,16.72,0.56,46.02,0.71
41.18,28.78,202310,11.52,0.52,49.57,1.15
41.18,28.78,202311,6.49,0.41,68.19,6.37
41.18,28.78,202312,4.82,0.38,64.93,2.3
41.18,28.81,202301,5.51,0.38,69.94,0.72
41.18,28.81,202302,8.89,0.45,66.0,1.83
41.18,28.81,202303,11.1,0.41,71.25,2.49
41.18,28.81,202304,15.63,0.45,72.39,3.07
41.18,28.81,202305,18.84,0.48,71.78,1.24
41.18,28.81,202306,24.01,0.58,45.28,0.86
41.18,28.81,202307,26.15,0.65,23.83,0.33
41.18,28.81,202308,21.47,0.59,31.41,0.3
41.18,28.81,202309,16.72,0.56,46.02,0.71
41.18,28.81,202310,11.52,0.52,49.57,1.15
41.18,28.81,202311,6.49,0.41,68.19,6.37
41.18,28.81,202312,4.82,0.38,64.93,2.3
41.18,28.84,202301,5.51,0.38,69.94,0.72
41.18,28.84,202302,8.89,0.45,66.0,1.83
41.18,28.84,202303,11.1,0.41,71.25,2.49
41.18,28.84,202304,15.63,0.45,72.39,3.07
41.18,28.84,202305,18.84,0.48,71.78,1.24
41.18,28.84,202306,24.01,0.58,45.28,0.86
41.18,28.84,202307,26.15,0.65,23.83,0.33
41.18,28.84,202308,21.47,0.59,31.41,0.3
41.18,28.84,202309,16.72,0.56,46.02,0.71
41.18,28.84,202310,11.52,0.52,49.57,1.15
41.18,28.84,202311,6.49,0.41,68.19,6.37
41.18,28.84,202312,4.82,0.38,64.93,2.3
41.18,28.87,202301,5.51,0.38,69.94,0.72
41.18,28.87,202302,8.89,0.45,66.0,1.83
41.18,28.87,202303,11.1,0.41,71.25,2.49
41.18,28.87,202304,15.63,0.45,72.39,3.07
41.18,28.87,202305,18.84,0.48,71.78,1.24
41.18,28.87,202306,24.01,0.58,45.28,0.86
41.18,28.87,202307,26.15,0.65,23.83,0.33
41.18,28.87,202308,21.47,0.59,31.41,0.3
41.18,28.87,202309,16.72,0.56,46.02,0.71
41.18,28.87,202310,11.52,0.52,49.57,1.15
41.18,28.87,202311,6.49,0.41,68.19,6.37
41.18,28.87,202312,4.82,0.38,64.93,2.3
41.18,28.9,202301,5.51,0.38,69.94,0.72
41.18,28.9,202302,8.89,0.45,66.0,1.83
41.18,28.9,202303,11.1,0.41,71.25,2.49
41.18,28.9,202304,15.63,0.45,72.39,3.07
41.18,28.9,202305,18.84,0.48,71.78,1.24
41.18,28.9,202306,24.01,0.58,45.28,0.86
41.18,28.9,202307,26.15,0.65,23.83,0.33
41.18,28.9,202308,21.47,0.59,31.41,0.3
41.18,28.9,202309,16.72,0.56,46.02,0.71
41.18,28.9,202310,11.52,0.52,49.57,1.15
41.18,28.9,202311,6.49,0.41,68.19,6.37
41.18,28.9,202312,4.82,0.38,64.93,2.3
41.18,28.93,202301,5.51,0.38,69.94,0.72
41.18,28.93,202302,8.89,0.45,66.0,1.83
41.18,28.93,202303,11.1,0.41,71.25,2.49
41.18,28.93,202304,15.63,0.45,72.39,3.07
41.18,28.93,202305,18.84,0.48,71.78,1.24
41.18,28.93,202306,24.01,0.58,45.28,0.86
41.18,28.93,202307,26.15,0.65,23.83,0.33
41.18,28.93,202308,21.47,0.59,31.41,0.3
41.18,28.93,202309,16.72,0.56,46.02,0.71
41.18,28.93,202310,11.52,0.52,49.57,1.15
41.18,28.93,202311,6.49,0.41,68.19,6.37
41.18,28.93,202312,4.82,0.38,64.93,2.3
41.18,28.96,202301,5.51,0.38,69.94,0.72
41.18,28.96,202302,8.89,0.45,66.0,1.83
41.18,28.96,202303,11.1,0.41,71.25,2.49
41.18,28.96,202304,15.63,0.45,72.39,3.07
41.18,28.96,202305,18.84,0.48,71.78,1.24
41.18,28.96,202306,24.01,0.58,45.28,0.86
41.18,28.96,202307,26.15,0.65,23.83,0.33
41.18,28.96,202308,21.47,0.59,31.41,0.3
41.18,28.96,202309,16.72,0.56,46.02,0.71
41.18,28.96,202310,11.52,0.52,49.57,1.15
41.18,28.96,202311,6.49,0.41,68.19,6.37
41.18,28.96,202312,4.82,0.38,64.93,2.3
41.18,28.99,202301,5.51,0.38,69.94,0.72
41.18,28.99,202302,8.89,0.45,66.0,1.83
41.18,28.99,202303,11.1,0.41,71.25,2.49
41.18,28.99,202304,15.63,0.45,72.39,3.07
41.18,28.99,202305,18.84,0.48,71.78,1.24
41.18,28.99,202306,24.01,0.58,45.28,0.86
41.18,28.99,202307,26.15,0.65,23.83,0.33
41.18,28.99,202308,21.47,0.59,31.41,0.3
41.18,28.99,202309,16.72,0.56,46.02,0.71
41.18,28.99,202310,11.52,0.52,49.57,1.15
41.18,28.99,202311,6.49,0.41,68.19,6.37
41.18,28.99,202312,4.82,0.38,64.93,2.3
41.18,29.02,202301,5.47,0.38,77.44,0.72
41.18,29.02,202302,8.67,0.44,75.84,1.83
41.18,29.02,202303,10.41,0.38,81.4,2.49
41.18,29.02,202304,15.39,0.45,77.59,3.07
41.18,29.02,202305,18.83,0.48,75.98,1.24
41.18,29.02,202306,23.93,0.57,50.76,0.86
41.18,29.02,202307,25.58,0.63,28.76,0.33
41.18,29.02,202308,21.98,0.61,33.24,0.3
41.18,29.02,202309,17.75,0.6,55.94,0.71
41.18,29.02,202310,11.5,0.52,63.42,1.15
41.18,29.02,202311,6.57,0.42,78.12,6.37
41.18,29.02,202312,4.93,0.38,71.96,2.3
41.18,29.05,202301,5.47,0.38,77.44,0.72
41.18,29.05,202302,8.67,0.44,75.84,1.83
41.18,29.05,202303,10.41,0.38,81.4,2.49
41.18,29.05,202304,15.39,0.45,77.59,3.07
41.18,29.05,202305,18.83,0.48,75.98,1.24
41.18,29.05,202306,23.93,0.57,50.76,0.86
41.18,29.05,202307,25.58,0.63,28.76,0.33
41.18,29.05,202308,21.98,0.61,33.24,0.3
41.18,29.05,202309,17.75,0.6,55.94,0.71
41.18,29.05,202310,11.5,0.52,63.42,1.15
41.18,29.05,202311,6.57,0.42,78.12,6.37
41.18,29.05,202312,4.93,0.38,71.96,2.3
41.18,29.11,202301,5.47,0.38,77.44,0.72
41.18,29.11,202302,8.67,0.44,75.84,2.53
41.18,29.11,202303,10.41,0.38,81.4,2.88
41.18,29.11,202304,15.39,0.45,77.59,3.03
41.18,29.11,202305,18.83,0.48,75.98,1.35
41.18,29.11,202306,23.93,0.57,50.76,1.56
41.18,29.11,202307,25.58,0.63,28.76,0.79
41.18,29.11,202308,21.98,0.61,33.24,0.51
41.18,29.11,202309,17.75,0.6,55.94,0.89
41.18,29.11,202310,11.5,0.52,63.42,1.83
41.18,29.11,202311,6.57,0.42,78.12,6.97
41.18,29.11,202312,4.93,0.38,71.96,2.45
41.18,29.14,202301,5.47,0.38,77.44,0.72
41.18,29.14,202302,8.67,0.44,75.84,2.53
41.18,29.14,202303,10.41,0.38,81.4,2.88
41.18,29.14,202304,15.39,0.45,77.59,3.03
41.18,29.14,202305,18.83,0.48,75.98,1.35
41.18,29.14,202306,23.93,0.57,50.76,1.56
41.18,29.14,202307,25.58,0.63,28.76,0.79
41.18,29.14,202308,21.98,0.61,33.24,0.51
41.18,29.14,202309,17.75,0.6,55.94,0.89
41.18,29.14,202310,11.5,0.52,63.42,1.83
41.18,29.14,202311,6.57,0.42,78.12,6.97
41.18,29.14,202312,4.93,0.38,71.96,2.45
41.18,29.17,202301,5.47,0.38,77.44,0.72
41.18,29.17,202302,8.67,0.44,75.84,2.53
41.18,29.17,202303,10.41,0.38,81.4,2.88
41.18,29.17,202304,15.39,0.45,77.59,3.03
41.18,29.17,202305,18.83,0.48,75.98,1.35
41.18,29.17,202306,23.93,0.57,50.76,1.56
41.18,29.17,202307,25.58,0.63,28.76,0.79
41.18,29.17,202308,21.98,0.61,33.24,0.51
41.18,29.17,202309,17.75,0.6,55.94,0.89
41.18,29.17,202310,11.5,0.52,63.42,1.83
41.18,29.17,202311,6.57,0.42,78.12,6.97
41.18,29.17,202312,4.93,0.38,71.96,2.45
41.18,29.2,202301,5.47,0.38,77.44,0.72
41.18,29.2,202302,8.67,0.44,75.84,2.53
41.18,29.2,202303,10.41,0.38,81.4,2.88
41.18,29.2,202304,15.39,0.45,77.59,3.03
41.18,29.2,202305,18.83,0.48,75.98,1.35
41.18,29.2,202306,23.93,0.57,50.76,1.56
41.18,29.2,202307,25.58,0.63,28.76,0.79
41.18,29.2,202308,21.98,0.61,33.24,0.51
41.18,29.2,202309,17.75,0.6,55.94,0.89
41.18,29.2,202310,11.5,0.52,63.42,1.83
41.18,29.2,202311,6.57,0.42,78.12,6.97
41.18,29.2,202312,4.93,0.38,71.96,2.45
41.18,29.23,202301,5.47,0.38,77.44,0.72
41.18,29.23,202302,8.67,0.44,75.84,2.53
41.18,29.23,202303,10.41,0.38,81.4,2.88
41.18,29.23,202304,15.39,0.45,77.59,3.03
41.18,29.23,202305,18.83,0.48,75.98,1.35
41.18,29.23,202306,23.93,0.57,50.76,1.56
41.18,29.23,202307,25.58,0.63,28.76,0.79
41.18,29.23,202308,21.98,0.61,33.24,0.51
41.18,29.23,202309,17.75,0.6,55.94,0.89
41.18,29.23,202310,11.5,0.52,63.42,1.83
41.18,29.23,202311,6.57,0.42,78.12,6.97
41.18,29.23,202312,4.93,0.38,71.96,2.45
41.18,29.26,202301,5.47,0.38,77.44,0.72
41.18,29.26,202302,8.67,0.44,75.84,2.53
41.18,29.26,202303,10.41,0.38,81.4,2.88
41.18,29.26,202304,15.39,0.45,77.59,3.03
41.18,29.26,202305,18.83,0.48,75.98,1.35
41.18,29.26,202306,23.93,0.57,50.76,1.56
41.18,29.26,202307,25.58,0.63,28.76,0.79
41.18,29.26,202308,21.98,0.61,33.24,0.51
41.18,29.26,202309,17.75,0.6,55.94,0.89
41.18,29.26,202310,11.5,0.52,63.42,1.83
41.18,29.26,202311,6.57,0.42,78.12,6.97
41.18,29.26,202312,4.93,0.38,71.96,2.45
41.18,29.29,202301,5.47,0.38,77.44,0.72
41.18,29.29,202302,8.67,0.44,75.84,2.53
41.18,29.29,202303,10.41,0.38,81.4,2.88
41.18,29.29,202304,15.39,0.45,77.59,3.03
41.18,29.29,202305,18.83,0.48,75.98,1.35
41.18,29.29,202306,23.93,0.57,50.76,1.56
41.18,29.29,202307,25.58,0.63,28.76,0.79
41.18,29.29,202308,21.98,0.61,33.24,0.51
41.18,29.29,202309,17.75,0.6,55.94,0.89
41.18,29.29,202310,11.5,0.52,63.42,1.83
41.18,29.29,202311,6.57,0.42,78.12,6.97
41.18,29.29,202312,4.93,0.38,71.96,2.45
41.18,29.32,202301,5.47,0.38,77.44,0.72
41.18,29.32,202302,8.67,0.44,75.84,2.53
41.18,29.32,202303,10.41,0.38,81.4,2.88
41.18,29.32,202304,15.39,0.45,77.59,3.03
41.18,29.32,202305,18.83,0.48,75.98,1.35
41.18,29.32,202306,23.93,0.57,50.76,1.56
41.18,29.32,202307,25.58,0.63,28.76,0.79
41.18,29.32,202308,21.98,0.61,33.24,0.51
41.18,29.32,202309,17.75,0.6,55.94,0.89
41.18,29.32,202310,11.5,0.52,63.42,1.83
41.18,29.32,202311,6.57,0.42,78.12,6.97
41.18,29.32,202312,4.93,0.38,71.96,2.45
41.18,29.35,202301,5.47,0.38,77.44,0.72
41.18,29.35,202302,8.67,0.44,75.84,2.53
41.18,29.35,202303,10.41,0.38,81.4,2.88
41.18,29.35,202304,15.39,0.45,77.59,3.03
41.18,29.35,202305,18.83,0.48,75.98,1.35
41.18,29.35,202306,23.93,0.57,50.76,1.56
41.18,29.35,202307,25.58,0.63,28.76,0.79
41.18,29.35,202308,21.98,0.61,33.24,0.51
41.18,29.35,202309,17.75,0.6,55.94,0.89
41.18,29.35,202310,11.5,0.52,63.42,1.83
41.18,29.35,202311,6.57,0.42,78.12,6.97
41.18,29.35,202312,4.93,0.38,71.96,2.45
41.18,29.38,202301,5.47,0.38,77.44,0.72
41.18,29.38,202302,8.67,0.44,75.84,2.53
41.18,29.38,202303,10.41,0.38,81.4,2.88
41.18,29.38,202304,15.39,0.45,77.59,3.03
41.18,29.38,202305,18.83,0.48,75.98,1.35
41.18,29.38,202306,23.93,0.57,50.76,1.56
41.18,29.38,202307,25.58,0.63,28.76,0.79
41.18,29.38,202308,21.98,0.61,33.24,0.51
41.18,29.38,202309,17.75,0.6,55.94,0.89
41.18,29.38,202310,11.5,0.52,63.42,1.83
41.18,29.38,202311,6.57,0.42,78.12,6.97
41.18,29.38,202312,4.93,0.38,71.96,2.45
41.18,29.41,202301,5.47,0.38,77.44,0.72
41.18,29.41,202302,8.67,0.44,75.84,2.53
41.18,29.41,202303,10.41,0.38,81.4,2.88
41.18,29.41,202304,15.39,0.45,77.59,3.03
41.18,29.41,202305,18.83,0.48,75.98,1.35
41.18,29.41,202306,23.93,0.57,50.76,1.56
41.18,29.41,202307,25.58,0.63,28.76,0.79
41.18,29.41,202308,21.98,0.61,33.24,0.51
41.18,29.41,202309,17.75,0.6,55.94,0.89
41.18,29.41,202310,11.5,0.52,63.42,1.83
41.18,29.41,202311,6.57,0.42,78.12,6.97
41.18,29.41,202312,4.93,0.38,71.96,2.45
41.18,29.44,202301,5.47,0.38,77.44,0.72
41.18,29.44,202302,8.67,0.44,75.84,2.53
41.18,29.44,202303,10.41,0.38,81.4,2.88
41.18,29.44,202304,15.39,0.45,77.59,3.03
41.18,29.44,202305,18.83,0.48,75.98,1.35
41.18,29.44,202306,23.93,0.57,50.76,1.56
41.18,29.44,202307,25.58,0.63,28.76,0.79
41.18,29.44,202308,21.98,0.61,33.24,0.51
41.18,29.44,202309,17.75,0.6,55.94,0.89
41.18,29.44,202310,11.5,0.52,63.42,1.83
41.18,29.44,202311,6.57,0.42,78.12,6.97
41.18,29.44,202312,4.93,0.38,71.96,2.45
41.18,29.47,202301,5.47,0.38,77.44,0.72
41.18,29.47,202302,8.67,0.44,75.84,2.53
41.18,29.47,202303,10.41,0.38,81.4,2.88
41.18,29.47,202304,15.39,0.45,77.59,3.03
41.18,29.47,202305,18.83,0.48,75.98,1.35
41.18,29.47,202306,23.93,0.57,50.76,1.56
41.18,29.47,202307,25.58,0.63,28.76,0.79
41.18,29.47,202308,21.98,0.61,33.24,0.51
41.18,29.47,202309,17.75,0.6,55.94,0.89
41.18,29.47,202310,11.5,0.52,63.42,1.83
41.18,29.47,202311,6.57,0.42,78.12,6.97
41.18,29.47,202312,4.93,0.38,71.96,2.45
41.18,29.5,202301,5.47,0.38,77.44,0.72
41.18,29.5,202302,8.67,0.44,75.84,2.53
41.18,29.5,202303,10.41,0.38,81.4,2.88
41.18,29.5,202304,15.39,0.45,77.59,3.03
41.18,29.5,202305,18.83,0.48,75.98,1.35
41.18,29.5,202306,23.93,0.57,50.76,1.56
41.18,29.5,202307,25.58,0.63,28.76,0.79
41.18,29.5,202308,21.98,0.61,33.24,0.51
41.18,29.5,202309,17.75,0.6,55.94,0.89
41.18,29.5,202310,11.5,0.52,63.42,1.83
41.18,29.5,202311,6.57,0.42,78.12,6.97
41.18,29.5,202312,4.93,0.38,71.96,2.45
41.2,28.03,202301,5.51,0.38,69.94,0.87
41.2,28.03,202302,8.89,0.45,66.0,1.39
41.2,28.03,202303,11.1,0.41,71.25,2.38
41.2,28.03,202304,15.63,0.45,72.39,3.11
41.2,28.03,202305,18.84,0.48,71.78,1.18
41.2,28.03,202306,24.01,0.58,45.28,0.92
41.2,28.03,202307,26.15,0.65,23.83,0.27
41.2,28.03,202308,21.47,0.59,31.41,0.21
41.2,28.03,202309,16.72,0.56,46.02,0.96
41.2,28.03,202310,11.52,0.52,49.57,0.71
41.2,28.03,202311,6.49,0.41,68.19,6.61
41.2,28.03,202312,4.82,0.38,64.93,2.62
41.2,28.06,202301,5.51,0.38,69.94,0.87
41.2,28.06,202302,8.89,0.45,66.0,1.39
41.2,28.06,202303,11.1,0.41,71.25,2.38
41.2,28.06,202304,15.63,0.45,72.39,3.11
41.2,28.06,202305,18.84,0.48,71.78,1.18
41.2,28.06,202306,24.01,0.58,45.28,0.92
41.2,28.06,202307,26.15,0.65,23.83,0.27
41.2,28.06,202308,21.47,0.59,31.41,0.21
41.2,28.06,202309,16.72,0.56,46.02,0.96
41.2,28.06,202310,11.52,0.52,49.57,0.71
41.2,28.06,202311,6.49,0.41,68.19,6.61
41.2,28.06,202312,4.82,0.38,64.93,2.62
41.2,28.09,202301,5.51,0.38,69.94,0.87
41.2,28.09,202302,8.89,0.45,66.0,1.39
41.2,28.09,202303,11.1,0.41,71.25,2.38
41.2,28.09,202304,15.63,0.45,72.39,3.11
41.2,28.09,202305,18.84,0.48,71.78,1.18
41.2,28.09,202306,24.01,0.58,45.28,0.92
41.2,28.09,202307,26.15,0.65,23.83,0.27
41.2,28.09,202308,21.47,0.59,31.41,0.21
41.2,28.09,202309,16.72,0.56,46.02,0.96
41.2,28.09,202310,11.52,0.52,49.57,0.71
41.2,28.09,202311,6.49,0.41,68.19,6.61
41.2,28.09,202312,4.82,0.38,64.93,2.62
41.2,28.12,202301,5.51,0.38,69.94,0.87
41.2,28.12,202302,8.89,0.45,66.0,1.39
41.2,28.12,202303,11.1,0.41,71.25,2.38
41.2,28.12,202304,15.63,0.45,72.39,3.11
41.2,28.12,202305,18.84,0.48,71.78,1.18
41.2,28.12,202306,24.01,0.58,45.28,0.92
41.2,28.12,202307,26.15,0.65,23.83,0.27
41.2,28.12,202308,21.47,0.59,31.41,0.21
41.2,28.12,202309,16.72,0.56,46.02,0.96
41.2,28.12,202310,11.52,0.52,49.57,0.71
41.2,28.12,202311,6.49,0.41,68.19,6.61
41.2,28.12,202312,4.82,0.38,64.93,2.62
41.2,28.15,202301,5.51,0.38,69.94,0.87
41.2,28.15,202302,8.89,0.45,66.0,1.39
41.2,28.15,202303,11.1,0.41,71.25,2.38
41.2,28.15,202304,15.63,0.45,72.39,3.11
41.2,28.15,202305,18.84,0.48,71.78,1.18
41.2,28.15,202306,24.01,0.58,45.28,0.92
41.2,28.15,202307,26.15,0.65,23.83,0.27
41.2,28.15,202308,21.47,0.59,31.41,0.21
41.2,28.15,202309,16.72,0.56,46.02,0.96
41.2,28.15,202310,11.52,0.52,49.57,0.71
41.2,28.15,202311,6.49,0.41,68.19,6.61
41.2,28.15,202312,4.82,0.38,64.93,2.62
41.2,28.18,202301,5.51,0.38,69.94,0.87
41.2,28.18,202302,8.89,0.45,66.0,1.39
41.2,28.18,202303,11.1,0.41,71.25,2.38
41.2,28.18,202304,15.63,0.45,72.39,3.11
41.2,28.18,202305,18.84,0.48,71.78,1.18
41.2,28.18,202306,24.01,0.58,45.28,0.92
41.2,28.18,202307,26.15,0.65,23.83,0.27
41.2,28.18,202308,21.47,0.59,31.41,0.21
41.2,28.18,202309,16.72,0.56,46.02,0.96
41.2,28.18,202310,11.52,0.52,49.57,0.71
41.2,28.18,202311,6.49,0.41,68.19,6.61
41.2,28.18,202312,4.82,0.38,64.93,2.62
41.2,28.21,202301,5.51,0.38,69.94,0.87
41.2,28.21,202302,8.89,0.45,66.0,1.39
41.2,28.21,202303,11.1,0.41,71.25,2.38
41.2,28.21,202304,15.63,0.45,72.39,3.11
41.2,28.21,202305,18.84,0.48,71.78,1.18
41.2,28.21,202306,24.01,0.58,45.28,0.92
41.2,28.21,202307,26.15,0.65,23.83,0.27
41.2,28.21,202308,21.47,0.59,31.41,0.21
41.2,28.21,202309,16.72,0.56,46.02,0.96
41.2,28.21,202310,11.52,0.52,49.57,0.71
41.2,28.21,202311,6.49,0.41,68.19,6.61
41.2,28.21,202312,4.82,0.38,64.93,2.62
41.2,28.24,202301,5.51,0.38,69.94,0.87
41.2,28.24,202302,8.89,0.45,66.0,1.39
41.2,28.24,202303,11.1,0.41,71.25,2.38
41.2,28.24,202304,15.63,0.45,72.39,3.11
41.2,28.24,202305,18.84,0.48,71.78,1.18
41.2,28.24,202306,24.01,0.58,45.28,0.92
41.2,28.24,202307,26.15,0.65,23.83,0.27
41.2,28.24,202308,21.47,0.59,31.41,0.21
41.2,28.24,202309,16.72,0.56,46.02,0.96
41.2,28.24,202310,11.52,0.52,49.57,0.71
41.2,28.24,202311,6.49,0.41,68.19,6.61
41.2,28.24,202312,4.82,0.38,64.93,2.62
41.2,28.27,202301,5.51,0.38,69.94,0.87
41.2,28.27,202302,8.89,0.45,66.0,1.39
41.2,28.27,202303,11.1,0.41,71.25,2.38
41.2,28.27,202304,15.63,0.45,72.39,3.11
41.2,28.27,202305,18.84,0.48,71.78,1.18
41.2,28.27,202306,24.01,0.58,45.28,0.92
41.2,28.27,202307,26.15,0.65,23.83,0.27
41.2,28.27,202308,21.47,0.59,31.41,0.21
41.2,28.27,202309,16.72,0.56,46.02,0.96
41.2,28.27,202310,11.52,0.52,49.57,0.71
41.2,28.27,202311,6.49,0.41,68.19,6.61
41.2,28.27,202312,4.82,0.38,64.93,2.62
41.2,28.3,202301,5.51,0.38,69.94,0.87
41.2,28.3,202302,8.89,0.45,66.0,1.39
41.2,28.3,202303,11.1,0.41,71.25,2.38
41.2,28.3,202304,15.63,0.45,72.39,3.11
41.2,28.3,202305,18.84,0.48,71.78,1.18
41.2,28.3,202306,24.01,0.58,45.28,0.92
41.2,28.3,202307,26.15,0.65,23.83,0.27
41.2,28.3,202308,21.47,0.59,31.41,0.21
41.2,28.3,202309,16.72,0.56,46.02,0.96
41.2,28.3,202310,11.52,0.52,49.57,0.71
41.2,28.3,202311,6.49,0.41,68.19,6.61
41.2,28.3,202312,4.82,0.38,64.93,2.62
41.2,28.33,202301,5.51,0.38,69.94,0.87
41.2,28.33,202302,8.89,0.45,66.0,1.39
41.2,28.33,202303,11.1,0.41,71.25,2.38
41.2,28.33,202304,15.63,0.45,72.39,3.11
41.2,28.33,202305,18.84,0.48,71.78,1.18
41.2,28.33,202306,24.01,0.58,45.28,0.92
41.2,28.33,202307,26.15,0.65,23.83,0.27
41.2,28.33,202308,21.47,0.59,31.41,0.21
41.2,28.33,202309,16.72,0.56,46.02,0.96
41.2,28.33,202310,11.52,0.52,49.57,0.71
41.2,28.33,202311,6.49,0.41,68.19,6.61
41.2,28.33,202312,4.82,0.38,64.93,2.62
41.2,28.36,202301,5.51,0.38,69.94,0.87
41.2,28.36,202302,8.89,0.45,66.0,1.39
41.2,28.36,202303,11.1,0.41,71.25,2.38
41.2,28.36,202304,15.63,0.45,72.39,3.11
41.2,28.36,202305,18.84,0.48,71.78,1.18
41.2,28.36,202306,24.01,0.58,45.28,0.92
41.2,28.36,202307,26.15,0.65,23.83,0.27
41.2,28.36,202308,21.47,0.59,31.41,0.21
41.2,28.36,202309,16.72,0.56,46.02,0.96
41.2,28.36,202310,11.52,0.52,49.57,0.71
41.2,28.36,202311,6.49,0.41,68.19,6.61
41.2,28.36,202312,4.82,0.38,64.93,2.62
41.2,28.39,202301,5.51,0.38,69.94,0.87
41.2,28.39,202302,8.89,0.45,66.0,1.39
41.2,28.39,202303,11.1,0.41,71.25,2.38
41.2,28.39,202304,15.63,0.45,72.39,3.11
41.2,28.39,202305,18.84,0.48,71.78,1.18
41.2,28.39,202306,24.01,0.58,45.28,0.92
41.2,28.39,202307,26.15,0.65,23.83,0.27
41.2,28.39,202308,21.47,0.59,31.41,0.21
41.2,28.39,202309,16.72,0.56,46.02,0.96
41.2,28.39,202310,11.52,0.52,49.57,0.71
41.2,28.39,202311,6.49,0.41,68.19,6.61
41.2,28.39,202312,4.82,0.38,64.93,2.62
41.2,28.42,202301,5.51,0.38,69.94,0.87
41.2,28.42,202302,8.89,0.45,66.0,1.39
41.2,28.42,202303,11.1,0.41,71.25,2.38
41.2,28.42,202304,15.63,0.45,72.39,3.11
41.2,28.42,202305,18.84,0.48,71.78,1.18
41.2,28.42,202306,24.01,0.58,45.28,0.92
41.2,28.42,202307,26.15,0.65,23.83,0.27
41.2,28.42,202308,21.47,0.59,31.41,0.21
41.2,28.42,202309,16.72,0.56,46.02,0.96
41.2,28.42,202310,11.52,0.52,49.57,0.71
41.2,28.42,202311,6.49,0.41,68.19,6.61
41.2,28.42,202312,4.82,0.38,64.93,2.62
41.2,28.45,202301,5.51,0.38,69.94,0.72
41.2,28.45,202302,8.89,0.45,66.0,1.83
41.2,28.45,202303,11.1,0.41,71.25,2.49
41.2,28.45,202304,15.63,0.45,72.39,3.07
41.2,28.45,202305,18.84,0.48,71.78,1.24
41.2,28.45,202306,24.01,0.58,45.28,0.86
41.2,28.45,202307,26.15,0.65,23.83,0.33
41.2,28.45,202308,21.47,0.59,31.41,0.3
41.2,28.45,202309,16.72,0.56,46.02,0.71
41.2,28.45,202310,11.52,0.52,49.57,1.15
41.2,28.45,202311,6.49,0.41,68.19,6.37
41.2,28.45,202312,4.82,0.38,64.93,2.3
41.2,28.48,202301,5.51,0.38,69.94,0.72
41.2,28.48,202302,8.89,0.45,66.0,1.83
41.2,28.48,202303,11.1,0.41,71.25,2.49
41.2,28.48,202304,15.63,0.45,72.39,3.07
41.2,28.48,202305,18.84,0.48,71.78,1.24
41.2,28.48,202306,24.01,0.58,45.28,0.86
41.2,28.48,202307,26.15,0.65,23.83,0.33
41.2,28.48,202308,21.47,0.59,31.41,0.3
41.2,28.48,202309,16.72,0.56,46.02,0.71
41.2,28.48,202310,11.52,0.52,49.57,1.15
41.2,28.48,202311,6.49,0.41,68.19,6.37
41.2,28.48,202312,4.82,0.38,64.93,2.3
41.2,28.51,202301,5.51,0.38,69.94,0.72
41.2,28.51,202302,8.89,0.45,66.0,1.83
41.2,28.51,202303,11.1,0.41,71.25,2.49
41.2,28.51,202304,15.63,0.45,72.39,3.07
41.2,28.51,202305,18.84,0.48,71.78,1.24
41.2,28.51,202306,24.01,0.58,45.28,0.86
41.2,28.51,202307,26.15,0.65,23.83,0.33
41.2,28.51,202308,21.47,0.59,31.41,0.3
41.2,28.51,202309,16.72,0.56,46.02,0.71
41.2,28.51,202310,11.52,0.52,49.57,1.15
41.2,28.51,202311,6.49,0.41,68.19,6.37
41.2,28.51,202312,4.82,0.38,64.93,2.3
41.2,28.54,202301,5.51,0.38,69.94,0.72
41.2,28.54,202302,8.89,0.45,66.0,1.83
41.2,28.54,202303,11.1,0.41,71.25,2.49
41.2,28.54,202304,15.63,0.45,72.39,3.07
41.2,28.54,202305,18.84,0.48,71.78,1.24
41.2,28.54,202306,24.01,0.58,45.28,0.86
41.2,28.54,202307,26.15,0.65,23.83,0.33
41.2,28.54,202308,21.47,0.59,31.41,0.3
41.2,28.54,202309,16.72,0.56,46.02,0.71
41.2,28.54,202310,11.52,0.52,49.57,1.15
41.2,28.54,202311,6.49,0.41,68.19,6.37
41.2,28.54,202312,4.82,0.38,64.93,2.3
41.2,28.57,202301,5.51,0.38,69.94,0.72
41.2,28.57,202302,8.89,0.45,66.0,1.83
41.2,28.57,202303,11.1,0.41,71.25,2.49
41.2,28.57,202304,15.63,0.45,72.39,3.07
41.2,28.57,202305,18.84,0.48,71.78,1.24
41.2,28.57,202306,24.01,0.58,45.28,0.86
41.2,28.57,202307,26.15,0.65,23.83,0.33
41.2,28.57,202308,21.47,0.59,31.41,0.3
41.2,28.57,202309,16.72,0.56,46.02,0.71
41.2,28.57,202310,11.52,0.52,49.57,1.15
41.2,28.57,202311,6.49,0.41,68.19,6.37
41.2,28.57,202312,4.82,0.38,64.93,2.3
41.2,28.6,202301,5.51,0.38,69.94,0.72
41.2,28.6,202302,8.89,0.45,66.0,1.83
41.2,28.6,202303,11.1,0.41,71.25,2.49
41.2,28.6,202304,15.63,0.45,72.39,3.07
41.2,28.6,202305,18.84,0.48,71.78,1.24
41.2,28.6,202306,24.01,0.58,45.28,0.86
41.2,28.6,202307,26.15,0.65,23.83,0.33
41.2,28.6,202308,21.47,0.59,31.41,0.3
41.2,28.6,202309,16.72,0.56,46.02,0.71
41.2,28.6,202310,11.52,0.52,49.57,1.15
41.2,28.6,202311,6.49,0.41,68.19,6.37
41.2,28.6,202312,4.82,0.38,64.93,2.3
41.2,28.63,202301,5.51,0.38,69.94,0.72
41.2,28.63,202302,8.89,0.45,66.0,1.83
41.2,28.63,202303,11.1,0.41,71.25,2.49
41.2,28.63,202304,15.63,0.45,72.39,3.07
41.2,28.63,202305,18.84,0.48,71.78,1.24
41.2,28.63,202306,24.01,0.58,45.28,0.86
41.2,28.63,202307,26.15,0.65,23.83,0.33
41.2,28.63,202308,21.47,0.59,31.41,0.3
41.2,28.63,202309,16.72,0.56,46.02,0.71
41.2,28.63,202310,11.52,0.52,49.57,1.15
41.2,28.63,202311,6.49,0.41,68.19,6.37
41.2,28.63,202312,4.82,0.38,64.93,2.3
41.2,28.66,202301,5.51,0.38,69.94,0.72
41.2,28.66,202302,8.89,0.45,66.0,1.83
41.2,28.66,202303,11.1,0.41,71.25,2.49
41.2,28.66,202304,15.63,0.45,72.39,3.07
41.2,28.66,202305,18.84,0.48,71.78,1.24
41.2,28.66,202306,24.01,0.58,45.28,0.86
41.2,28.66,202307,26.15,0.65,23.83,0.33
41.2,28.66,202308,21.47,0.59,31.41,0.3
41.2,28.66,202309,16.72,0.56,46.02,0.71
41.2,28.66,202310,11.52,0.52,49.57,1.15
41.2,28.66,202311,6.49,0.41,68.19,6.37
41.2,28.66,202312,4.82,0.38,64.93,2.3
41.2,28.69,202301,5.51,0.38,69.94,0.72
41.2,28.69,202302,8.89,0.45,66.0,1.83
41.2,28.69,202303,11.1,0.41,71.25,2.49
41.2,28.69,202304,15.63,0.45,72.39,3.07
41.2,28.69,202305,18.84,0.48,71.78,1.24
41.2,28.69,202306,24.01,0.58,45.28,0.86
41.2,28.69,202307,26.15,0.65,23.83,0.33
41.2,28.69,202308,21.47,0.59,31.41,0.3
41.2,28.69,202309,16.72,0.56,46.02,0.71
41.2,28.69,202310,11.52,0.52,49.57,1.15
41.2,28.69,202311,6.49,0.41,68.19,6.37
41.2,28.69,202312,4.82,0.38,64.93,2.3
41.2,28.72,202301,5.51,0.38,69.94,0.72
41.2,28.72,202302,8.89,0.45,66.0,1.83
41.2,28.72,202303,11.1,0.41,71.25,2.49
41.2,28.72,202304,15.63,0.45,72.39,3.07
41.2,28.72,202305,18.84,0.48,71.78,1.24
41.2,28.72,202306,24.01,0.58,45.28,0.86
41.2,28.72,202307,26.15,0.65,23.83,0.33
41.2,28.72,202308,21.47,0.59,31.41,0.3
41.2,28.72,202309,16.72,0.56,46.02,0.71
41.2,28.72,202310,11.52,0.52,49.57,1.15
41.2,28.72,202311,6.49,0.41,68.19,6.37
41.2,28.72,202312,4.82,0.38,64.93,2.3
41.2,28.75,202301,5.51,0.38,69.94,0.72
41.2,28.75,202302,8.89,0.45,66.0,1.83
41.2,28.75,202303,11.1,0.41,71.25,2.49
41.2,28.75,202304,15.63,0.45,72.39,3.07
41.2,28.75,202305,18.84,0.48,71.78,1.24
41.2,28.75,202306,24.01,0.58,45.28,0.86
41.2,28.75,202307,26.15,0.65,23.83,0.33
41.2,28.75,202308,21.47,0.59,31.41,0.3
41.2,28.75,202309,16.72,0.56,46.02,0.71
41.2,28.75,202310,11.52,0.52,49.57,1.15
41.2,28.75,202311,6.49,0.41,68.19,6.37
41.2,28.75,202312,4.82,0.38,64.93,2.3
41.2,28.78,202301,5.51,0.38,69.94,0.72
41.2,28.78,202302,8.89,0.45,66.0,1.83
41.2,28.78,202303,11.1,0.41,71.25,2.49
41.2,28.78,202304,15.63,0.45,72.39,3.07
41.2,28.78,202305,18.84,0.48,71.78,1.24
41.2,28.78,202306,24.01,0.58,45.28,0.86
41.2,28.78,202307,26.15,0.65,23.83,0.33
41.2,28.78,202308,21.47,0.59,31.41,0.3
41.2,28.78,202309,16.72,0.56,46.02,0.71
41.2,28.78,202310,11.52,0.52,49.57,1.15
41.2,28.78,202311,6.49,0.41,68.19,6.37
41.2,28.78,202312,4.82,0.38,64.93,2.3
41.2,28.81,202301,5.51,0.38,69.94,0.72
41.2,28.81,202302,8.89,0.45,66.0,1.83
41.2,28.81,202303,11.1,0.41,71.25,2.49
41.2,28.81,202304,15.63,0.45,72.39,3.07
41.2,28.81,202305,18.84,0.48,71.78,1.24
41.2,28.81,202306,24.01,0.58,45.28,0.86
41.2,28.81,202307,26.15,0.65,23.83,0.33
41.2,28.81,202308,21.47,0.59,31.41,0.3
41.2,28.81,202309,16.72,0.56,46.02,0.71
41.2,28.81,202310,11.52,0.52,49.57,1.15
41.2,28.81,202311,6.49,0.41,68.19,6.37
41.2,28.81,202312,4.82,0.38,64.93,2.3
41.2,28.84,202301,5.51,0.38,69.94,0.72
41.2,28.84,202302,8.89,0.45,66.0,1.83
41.2,28.84,202303,11.1,0.41,71.25,2.49
41.2,28.84,202304,15.63,0.45,72.39,3.07
41.2,28.84,202305,18.84,0.48,71.78,1.24
41.2,28.84,202306,24.01,0.58,45.28,0.86
41.2,28.84,202307,26.15,0.65,23.83,0.33
41.2,28.84,202308,21.47,0.59,31.41,0.3
41.2,28.84,202309,16.72,0.56,46.02,0.71
41.2,28.84,202310,11.52,0.52,49.57,1.15
41.2,28.84,202311,6.49,0.41,68.19,6.37
41.2,28.84,202312,4.82,0.38,64.93,2.3
41.2,28.87,202301,5.51,0.38,69.94,0.72
41.2,28.87,202302,8.89,0.45,66.0,1.83
41.2,28.87,202303,11.1,0.41,71.25,2.49
41.2,28.87,202304,15.63,0.45,72.39,3.07
41.2,28.87,202305,18.84,0.48,71.78,1.24
41.2,28.87,202306,24.01,0.58,45.28,0.86
41.2,28.87,202307,26.15,0.65,23.83,0.33
41.2,28.87,202308,21.47,0.59,31.41,0.3
41.2,28.87,202309,16.72,0.56,46.02,0.71
41.2,28.87,202310,11.52,0.52,49.57,1.15
41.2,28.87,202311,6.49,0.41,68.19,6.37
41.2,28.87,202312,4.82,0.38,64.93,2.3
41.2,28.9,202301,5.51,0.38,69.94,0.72
41.2,28.9,202302,8.89,0.45,66.0,1.83
41.2,28.9,202303,11.1,0.41,71.25,2.49
41.2,28.9,202304,15.63,0.45,72.39,3.07
41.2,28.9,202305,18.84,0.48,71.78,1.24
41.2,28.9,202306,24.01,0.58,45.28,0.86
41.2,28.9,202307,26.15,0.65,23.83,0.33
41.2,28.9,202308,21.47,0.59,31.41,0.3
41.2,28.9,202309,16.72,0.56,46.02,0.71
41.2,28.9,202310,11.52,0.52,49.57,1.15
41.2,28.9,202311,6.49,0.41,68.19,6.37
41.2,28.9,202312,4.82,0.38,64.93,2.3
41.2,28.93,202301,5.51,0.38,69.94,0.72
41.2,28.93,202302,8.89,0.45,66.0,1.83
41.2,28.93,202303,11.1,0.41,71.25,2.49
41.2,28.93,202304,15.63,0.45,72.39,3.07
41.2,28.93,202305,18.84,0.48,71.78,1.24
41.2,28.93,202306,24.01,0.58,45.28,0.86
41.2,28.93,202307,26.15,0.65,23.83,0.33
41.2,28.93,202308,21.47,0.59,31.41,0.3
41.2,28.93,202309,16.72,0.56,46.02,0.71
41.2,28.93,202310,11.52,0.52,49.57,1.15
41.2,28.93,202311,6.49,0.41,68.19,6.37
41.2,28.93,202312,4.82,0.38,64.93,2.3
41.2,28.96,202301,5.51,0.38,69.94,0.72
41.2,28.96,202302,8.89,0.45,66.0,1.83
41.2,28.96,202303,11.1,0.41,71.25,2.49
41.2,28.96,202304,15.63,0.45,72.39,3.07
41.2,28.96,202305,18.84,0.48,71.78,1.24
41.2,28.96,202306,24.01,0.58,45.28,0.86
41.2,28.96,202307,26.15,0.65,23.83,0.33
41.2,28.96,202308,21.47,0.59,31.41,0.3
41.2,28.96,202309,16.72,0.56,46.02,0.71
41.2,28.96,202310,11.52,0.52,49.57,1.15
41.2,28.96,202311,6.49,0.41,68.19,6.37
41.2,28.96,202312,4.82,0.38,64.93,2.3
41.2,28.99,202301,5.51,0.38,69.94,0.72
41.2,28.99,202302,8.89,0.45,66.0,1.83
41.2,28.99,202303,11.1,0.41,71.25,2.49
41.2,28.99,202304,15.63,0.45,72.39,3.07
41.2,28.99,202305,18.84,0.48,71.78,1.24
41.2,28.99,202306,24.01,0.58,45.28,0.86
41.2,28.99,202307,26.15,0.65,23.83,0.33
41.2,28.99,202308,21.47,0.59,31.41,0.3
41.2,28.99,202309,16.72,0.56,46.02,0.71
41.2,28.99,202310,11.52,0.52,49.57,1.15
41.2,28.99,202311,6.49,0.41,68.19,6.37
41.2,28.99,202312,4.82,0.38,64.93,2.3
41.2,29.02,202301,5.47,0.38,77.44,0.72
41.2,29.02,202302,8.67,0.44,75.84,1.83
41.2,29.02,202303,10.41,0.38,81.4,2.49
41.2,29.02,202304,15.39,0.45,77.59,3.07
41.2,29.02,202305,18.83,0.48,75.98,1.24
41.2,29.02,202306,23.93,0.57,50.76,0.86
41.2,29.02,202307,25.58,0.63,28.76,0.33
41.2,29.02,202308,21.98,0.61,33.24,0.3
41.2,29.02,202309,17.75,0.6,55.94,0.71
41.2,29.02,202310,11.5,0.52,63.42,1.15
41.2,29.02,202311,6.57,0.42,78.12,6.37
41.2,29.02,202312,4.93,0.38,71.96,2.3
41.2,29.05,202301,5.47,0.38,77.44,0.72
41.2,29.05,202302,8.67,0.44,75.84,1.83
41.2,29.05,202303,10.41,0.38,81.4,2.49
41.2,29.05,202304,15.39,0.45,77.59,3.07
41.2,29.05,202305,18.83,0.48,75.98,1.24
41.2,29.05,202306,23.93,0.57,50.76,0.86
41.2,29.05,202307,25.58,0.63,28.76,0.33
41.2,29.05,202308,21.98,0.61,33.24,0.3
41.2,29.05,202309,17.75,0.6,55.94,0.71
41.2,29.05,202310,11.5,0.52,63.42,1.15
41.2,29.05,202311,6.57,0.42,78.12,6.37
41.2,29.05,202312,4.93,0.38,71.96,2.3
41.2,29.08,202301,5.47,0.38,77.44,0.72
41.2,29.08,202302,8.67,0.44,75.84,2.53
41.2,29.08,202303,10.41,0.38,81.4,2.88
41.2,29.08,202304,15.39,0.45,77.59,3.03
41.2,29.08,202305,18.83,0.48,75.98,1.35
41.2,29.08,202306,23.93,0.57,50.76,1.56
41.2,29.08,202307,25.58,0.63,28.76,0.79
41.2,29.08,202308,21.98,0.61,33.24,0.51
41.2,29.08,202309,17.75,0.6,55.94,0.89
41.2,29.08,202310,11.5,0.52,63.42,1.83
41.2,29.08,202311,6.57,0.42,78.12,6.97
41.2,29.08,202312,4.93,0.38,71.96,2.45
41.2,29.14,202301,5.47,0.38,77.44,0.72
41.2,29.14,202302,8.67,0.44,75.84,2.53
41.2,29.14,202303,10.41,0.38,81.4,2.88
41.2,29.14,202304,15.39,0.45,77.59,3.03
41.2,29.14,202305,18.83,0.48,75.98,1.35
41.2,29.14,202306,23.93,0.57,50.76,1.56
41.2,29.14,202307,25.58,0.63,28.76,0.79
41.2,29.14,202308,21.98,0.61,33.24,0.51
41.2,29.14,202309,17.75,0.6,55.94,0.89
41.2,29.14,202310,11.5,0.52,63.42,1.83
41.2,29.14,202311,6.57,0.42,78.12,6.97
41.2,29.14,202312,4.93,0.38,71.96,2.45
41.2,29.17,202301,5.47,0.38,77.44,0.72
41.2,29.17,202302,8.67,0.44,75.84,2.53
41.2,29.17,202303,10.41,0.38,81.4,2.88
41.2,29.17,202304,15.39,0.45,77.59,3.03
41.2,29.17,202305,18.83,0.48,75.98,1.35
41.2,29.17,202306,23.93,0.57,50.76,1.56
41.2,29.17,202307,25.58,0.63,28.76,0.79
41.2,29.17,202308,21.98,0.61,33.24,0.51
41.2,29.17,202309,17.75,0.6,55.94,0.89
41.2,29.17,202310,11.5,0.52,63.42,1.83
41.2,29.17,202311,6.57,0.42,78.12,6.97
41.2,29.17,202312,4.93,0.38,71.96,2.45
41.2,29.2,202301,5.47,0.38,77.44,0.72
41.2,29.2,202302,8.67,0.44,75.84,2.53
41.2,29.2,202303,10.41,0.38,81.4,2.88
41.2,29.2,202304,15.39,0.45,77.59,3.03
41.2,29.2,202305,18.83,0.48,75.98,1.35
41.2,29.2,202306,23.93,0.57,50.76,1.56
41.2,29.2,202307,25.58,0.63,28.76,0.79
41.2,29.2,202308,21.98,0.61,33.24,0.51
41.2,29.2,202309,17.75,0.6,55.94,0.89
41.2,29.2,202310,11.5,0.52,63.42,1.83
41.2,29.2,202311,6.57,0.42,78.12,6.97
41.2,29.2,202312,4.93,0.38,71.96,2.45
41.2,29.23,202301,5.47,0.38,77.44,0.72
41.2,29.23,202302,8.67,0.44,75.84,2.53
41.2,29.23,202303,10.41,0.38,81.4,2.88
41.2,29.23,202304,15.39,0.45,77.59,3.03
41.2,29.23,202305,18.83,0.48,75.98,1.35
41.2,29.23,202306,23.93,0.57,50.76,1.56
41.2,29.23,202307,25.58,0.63,28.76,0.79
41.2,29.23,202308,21.98,0.61,33.24,0.51
41.2,29.23,202309,17.75,0.6,55.94,0.89
41.2,29.23,202310,11.5,0.52,63.42,1.83
41.2,29.23,202311,6.57,0.42,78.12,6.97
41.2,29.23,202312,4.93,0.38,71.96,2.45
41.2,29.26,202301,5.47,0.38,77.44,0.72
41.2,29.26,202302,8.67,0.44,75.84,2.53
41.2,29.26,202303,10.41,0.38,81.4,2.88
41.2,29.26,202304,15.39,0.45,77.59,3.03
41.2,29.26,202305,18.83,0.48,75.98,1.35
41.2,29.26,202306,23.93,0.57,50.76,1.56
41.2,29.26,202307,25.58,0.63,28.76,0.79
41.2,29.26,202308,21.98,0.61,33.24,0.51
41.2,29.26,202309,17.75,0.6,55.94,0.89
41.2,29.26,202310,11.5,0.52,63.42,1.83
41.2,29.26,202311,6.57,0.42,78.12,6.97
41.2,29.26,202312,4.93,0.38,71.96,2.45
41.2,29.29,202301,5.47,0.38,77.44,0.72
41.2,29.29,202302,8.67,0.44,75.84,2.53
41.2,29.29,202303,10.41,0.38,81.4,2.88
41.2,29.29,202304,15.39,0.45,77.59,3.03
41.2,29.29,202305,18.83,0.48,75.98,1.35
41.2,29.29,202306,23.93,0.57,50.76,1.56
41.2,29.29,202307,25.58,0.63,28.76,0.79
41.2,29.29,202308,21.98,0.61,33.24,0.51
41.2,29.29,202309,17.75,0.6,55.94,0.89
41.2,29.29,202310,11.5,0.52,63.42,1.83
41.2,29.29,202311,6.57,0.42,78.12,6.97
41.2,29.29,202312,4.93,0.38,71.96,2.45
41.2,29.32,202301,5.47,0.38,77.44,0.72
41.2,29.32,202302,8.67,0.44,75.84,2.53
41.2,29.32,202303,10.41,0.38,81.4,2.88
41.2,29.32,202304,15.39,0.45,77.59,3.03
41.2,29.32,202305,18.83,0.48,75.98,1.35
41.2,29.32,202306,23.93,0.57,50.76,1.56
41.2,29.32,202307,25.58,0.63,28.76,0.79
41.2,29.32,202308,21.98,0.61,33.24,0.51
41.2,29.32,202309,17.75,0.6,55.94,0.89
41.2,29.32,202310,11.5,0.52,63.42,1.83
41.2,29.32,202311,6.57,0.42,78.12,6.97
41.2,29.32,202312,4.93,0.38,71.96,2.45
41.2,29.35,202301,5.47,0.38,77.44,0.72
41.2,29.35,202302,8.67,0.44,75.84,2.53
41.2,29.35,202303,10.41,0.38,81.4,2.88
41.2,29.35,202304,15.39,0.45,77.59,3.03
41.2,29.35,202305,18.83,0.48,75.98,1.35
41.2,29.35,202306,23.93,0.57,50.76,1.56
41.2,29.35,202307,25.58,0.63,28.76,0.79
41.2,29.35,202308,21.98,0.61,33.24,0.51
41.2,29.35,202309,17.75,0.6,55.94,0.89
41.2,29.35,202310,11.5,0.52,63.42,1.83
41.2,29.35,202311,6.57,0.42,78.12,6.97
41.2,29.35,202312,4.93,0.38,71.96,2.45
41.2,29.38,202301,5.47,0.38,77.44,0.72
41.2,29.38,202302,8.67,0.44,75.84,2.53
41.2,29.38,202303,10.41,0.38,81.4,2.88
41.2,29.38,202304,15.39,0.45,77.59,3.03
41.2,29.38,202305,18.83,0.48,75.98,1.35
41.2,29.38,202306,23.93,0.57,50.76,1.56
41.2,29.38,202307,25.58,0.63,28.76,0.79
41.2,29.38,202308,21.98,0.61,33.24,0.51
41.2,29.38,202309,17.75,0.6,55.94,0.89
41.2,29.38,202310,11.5,0.52,63.42,1.83
41.2,29.38,202311,6.57,0.42,78.12,6.97
41.2,29.38,202312,4.93,0.38,71.96,2.45
41.2,29.41,202301,5.47,0.38,77.44,0.72
41.2,29.41,202302,8.67,0.44,75.84,2.53
41.2,29.41,202303,10.41,0.38,81.4,2.88
41.2,29.41,202304,15.39,0.45,77.59,3.03
41.2,29.41,202305,18.83,0.48,75.98,1.35
41.2,29.41,202306,23.93,0.57,50.76,1.56
41.2,29.41,202307,25.58,0.63,28.76,0.79
41.2,29.41,202308,21.98,0.61,33.24,0.51
41.2,29.41,202309,17.75,0.6,55.94,0.89
41.2,29.41,202310,11.5,0.52,63.42,1.83
41.2,29.41,202311,6.57,0.42,78.12,6.97
41.2,29.41,202312,4.93,0.38,71.96,2.45
41.22,28.0,202301,5.51,0.38,69.94,0.87
41.22,28.0,202302,8.89,0.45,66.0,1.39
41.22,28.0,202303,11.1,0.41,71.25,2.38
41.22,28.0,202304,15.63,0.45,72.39,3.11
41.22,28.0,202305,18.84,0.48,71.78,1.18
41.22,28.0,202306,24.01,0.58,45.28,0.92
41.22,28.0,202307,26.15,0.65,23.83,0.27
41.22,28.0,202308,21.47,0.59,31.41,0.21
41.22,28.0,202309,16.72,0.56,46.02,0.96
41.22,28.0,202310,11.52,0.52,49.57,0.71
41.22,28.0,202311,6.49,0.41,68.19,6.61
41.22,28.0,202312,4.82,0.38,64.93,2.62
41.22,28.03,202301,5.51,0.38,69.94,0.87
41.22,28.03,202302,8.89,0.45,66.0,1.39
41.22,28.03,202303,11.1,0.41,71.25,2.38
41.22,28.03,202304,15.63,0.45,72.39,3.11
41.22,28.03,202305,18.84,0.48,71.78,1.18
41.22,28.03,202306,24.01,0.58,45.28,0.92
41.22,28.03,202307,26.15,0.65,23.83,0.27
41.22,28.03,202308,21.47,0.59,31.41,0.21
41.22,28.03,202309,16.72,0.56,46.02,0.96
41.22,28.03,202310,11.52,0.52,49.57,0.71
41.22,28.03,202311,6.49,0.41,68.19,6.61
41.22,28.03,202312,4.82,0.38,64.93,2.62
41.22,28.06,202301,5.51,0.38,69.94,0.87
41.22,28.06,202302,8.89,0.45,66.0,1.39
41.22,28.06,202303,11.1,0.41,71.25,2.38
41.22,28.06,202304,15.63,0.45,72.39,3.11
41.22,28.06,202305,18.84,0.48,71.78,1.18
41.22,28.06,202306,24.01,0.58,45.28,0.92
41.22,28.06,202307,26.15,0.65,23.83,0.27
41.22,28.06,202308,21.47,0.59,31.41,0.21
41.22,28.06,202309,16.72,0.56,46.02,0.96
41.22,28.06,202310,11.52,0.52,49.57,0.71
41.22,28.06,202311,6.49,0.41,68.19,6.61
41.22,28.06,202312,4.82,0.38,64.93,2.62
41.22,28.09,202301,5.51,0.38,69.94,0.87
41.22,28.09,202302,8.89,0.45,66.0,1.39
41.22,28.09,202303,11.1,0.41,71.25,2.38
41.22,28.09,202304,15.63,0.45,72.39,3.11
41.22,28.09,202305,18.84,0.48,71.78,1.18
41.22,28.09,202306,24.01,0.58,45.28,0.92
41.22,28.09,202307,26.15,0.65,23.83,0.27
41.22,28.09,202308,21.47,0.59,31.41,0.21
41.22,28.09,202309,16.72,0.56,46.02,0.96
41.22,28.09,202310,11.52,0.52,49.57,0.71
41.22,28.09,202311,6.49,0.41,68.19,6.61
41.22,28.09,202312,4.82,0.38,64.93,2.62
41.22,28.12,202301,5.51,0.38,69.94,0.87
41.22,28.12,202302,8.89,0.45,66.0,1.39
41.22,28.12,202303,11.1,0.41,71.25,2.38
41.22,28.12,202304,15.63,0.45,72.39,3.11
41.22,28.12,202305,18.84,0.48,71.78,1.18
41.22,28.12,202306,24.01,0.58,45.28,0.92
41.22,28.12,202307,26.15,0.65,23.83,0.27
41.22,28.12,202308,21.47,0.59,31.41,0.21
41.22,28.12,202309,16.72,0.56,46.02,0.96
41.22,28.12,202310,11.52,0.52,49.57,0.71
41.22,28.12,202311,6.49,0.41,68.19,6.61
41.22,28.12,202312,4.82,0.38,64.93,2.62
41.22,28.15,202301,5.51,0.38,69.94,0.87
41.22,28.15,202302,8.89,0.45,66.0,1.39
41.22,28.15,202303,11.1,0.41,71.25,2.38
41.22,28.15,202304,15.63,0.45,72.39,3.11
41.22,28.15,202305,18.84,0.48,71.78,1.18
41.22,28.15,202306,24.01,0.58,45.28,0.92
41.22,28.15,202307,26.15,0.65,23.83,0.27
41.22,28.15,202308,21.47,0.59,31.41,0.21
41.22,28.15,202309,16.72,0.56,46.02,0.96
41.22,28.15,202310,11.52,0.52,49.57,0.71
41.22,28.15,202311,6.49,0.41,68.19,6.61
41.22,28.15,202312,4.82,0.38,64.93,2.62
41.22,28.18,202301,5.51,0.38,69.94,0.87
41.22,28.18,202302,8.89,0.45,66.0,1.39
41.22,28.18,202303,11.1,0.41,71.25,2.38
41.22,28.18,202304,15.63,0.45,72.39,3.11
41.22,28.18,202305,18.84,0.48,71.78,1.18
41.22,28.18,202306,24.01,0.58,45.28,0.92
41.22,28.18,202307,26.15,0.65,23.83,0.27
41.22,28.18,202308,21.47,0.59,31.41,0.21
41.22,28.18,202309,16.72,0.56,46.02,0.96
41.22,28.18,202310,11.52,0.52,49.57,0.71
41.22,28.18,202311,6.49,0.41,68.19,6.61
41.22,28.18,202312,4.82,0.38,64.93,2.62
41.22,28.21,202301,5.51,0.38,69.94,0.87
41.22,28.21,202302,8.89,0.45,66.0,1.39
41.22,28.21,202303,11.1,0.41,71.25,2.38
41.22,28.21,202304,15.63,0.45,72.39,3.11
41.22,28.21,202305,18.84,0.48,71.78,1.18
41.22,28.21,202306,24.01,0.58,45.28,0.92
41.22,28.21,202307,26.15,0.65,23.83,0.27
41.22,28.21,202308,21.47,0.59,31.41,0.21
41.22,28.21,202309,16.72,0.56,46.02,0.96
41.22,28.21,202310,11.52,0.52,49.57,0.71
41.22,28.21,202311,6.49,0.41,68.19,6.61
41.22,28.21,202312,4.82,0.38,64.93,2.62
41.22,28.24,202301,5.51,0.38,69.94,0.87
41.22,28.24,202302,8.89,0.45,66.0,1.39
41.22,28.24,202303,11.1,0.41,71.25,2.38
41.22,28.24,202304,15.63,0.45,72.39,3.11
41.22,28.24,202305,18.84,0.48,71.78,1.18
41.22,28.24,202306,24.01,0.58,45.28,0.92
41.22,28.24,202307,26.15,0.65,23.83,0.27
41.22,28.24,202308,21.47,0.59,31.41,0.21
41.22,28.24,202309,16.72,0.56,46.02,0.96
41.22,28.24,202310,11.52,0.52,49.57,0.71
41.22,28.24,202311,6.49,0.41,68.19,6.61
41.22,28.24,202312,4.82,0.38,64.93,2.62
41.22,28.27,202301,5.51,0.38,69.94,0.87
41.22,28.27,202302,8.89,0.45,66.0,1.39
41.22,28.27,202303,11.1,0.41,71.25,2.38
41.22,28.27,202304,15.63,0.45,72.39,3.11
41.22,28.27,202305,18.84,0.48,71.78,1.18
41.22,28.27,202306,24.01,0.58,45.28,0.92
41.22,28.27,202307,26.15,0.65,23.83,0.27
41.22,28.27,202308,21.47,0.59,31.41,0.21
41.22,28.27,202309,16.72,0.56,46.02,0.96
41.22,28.27,202310,11.52,0.52,49.57,0.71
41.22,28.27,202311,6.49,0.41,68.19,6.61
41.22,28.27,202312,4.82,0.38,64.93,2.62
41.22,28.3,202301,5.51,0.38,69.94,0.87
41.22,28.3,202302,8.89,0.45,66.0,1.39
41.22,28.3,202303,11.1,0.41,71.25,2.38
41.22,28.3,202304,15.63,0.45,72.39,3.11
41.22,28.3,202305,18.84,0.48,71.78,1.18
41.22,28.3,202306,24.01,0.58,45.28,0.92
41.22,28.3,202307,26.15,0.65,23.83,0.27
41.22,28.3,202308,21.47,0.59,31.41,0.21
41.22,28.3,202309,16.72,0.56,46.02,0.96
41.22,28.3,202310,11.52,0.52,49.57,0.71
41.22,28.3,202311,6.49,0.41,68.19,6.61
41.22,28.3,202312,4.82,0.38,64.93,2.62
41.22,28.33,202301,5.51,0.38,69.94,0.87
41.22,28.33,202302,8.89,0.45,66.0,1.39
41.22,28.33,202303,11.1,0.41,71.25,2.38
41.22,28.33,202304,15.63,0.45,72.39,3.11
41.22,28.33,202305,18.84,0.48,71.78,1.18
41.22,28.33,202306,24.01,0.58,45.28,0.92
41.22,28.33,202307,26.15,0.65,23.83,0.27
41.22,28.33,202308,21.47,0.59,31.41,0.21
41.22,28.33,202309,16.72,0.56,46.02,0.96
41.22,28.33,202310,11.52,0.52,49.57,0.71
41.22,28.33,202311,6.49,0.41,68.19,6.61
41.22,28.33,202312,4.82,0.38,64.93,2.62
41.22,28.36,202301,5.51,0.38,69.94,0.87
41.22,28.36,202302,8.89,0.45,66.0,1.39
41.22,28.36,202303,11.1,0.41,71.25,2.38
41.22,28.36,202304,15.63,0.45,72.39,3.11
41.22,28.36,202305,18.84,0.48,71.78,1.18
41.22,28.36,202306,24.01,0.58,45.28,0.92
41.22,28.36,202307,26.15,0.65,23.83,0.27
41.22,28.36,202308,21.47,0.59,31.41,0.21
41.22,28.36,202309,16.72,0.56,46.02,0.96
41.22,28.36,202310,11.52,0.52,49.57,0.71
41.22,28.36,202311,6.49,0.41,68.19,6.61
41.22,28.36,202312,4.82,0.38,64.93,2.62
41.22,28.39,202301,5.51,0.38,69.94,0.87
41.22,28.39,202302,8.89,0.45,66.0,1.39
41.22,28.39,202303,11.1,0.41,71.25,2.38
41.22,28.39,202304,15.63,0.45,72.39,3.11
41.22,28.39,202305,18.84,0.48,71.78,1.18
41.22,28.39,202306,24.01,0.58,45.28,0.92
41.22,28.39,202307,26.15,0.65,23.83,0.27
41.22,28.39,202308,21.47,0.59,31.41,0.21
41.22,28.39,202309,16.72,0.56,46.02,0.96
41.22,28.39,202310,11.52,0.52,49.57,0.71
41.22,28.39,202311,6.49,0.41,68.19,6.61
41.22,28.39,202312,4.82,0.38,64.93,2.62
41.22,28.42,202301,5.51,0.38,69.94,0.87
41.22,28.42,202302,8.89,0.45,66.0,1.39
41.22,28.42,202303,11.1,0.41,71.25,2.38
41.22,28.42,202304,15.63,0.45,72.39,3.11
41.22,28.42,202305,18.84,0.48,71.78,1.18
41.22,28.42,202306,24.01,0.58,45.28,0.92
41.22,28.42,202307,26.15,0.65,23.83,0.27
41.22,28.42,202308,21.47,0.59,31.41,0.21
41.22,28.42,202309,16.72,0.56,46.02,0.96
41.22,28.42,202310,11.52,0.52,49.57,0.71
41.22,28.42,202311,6.49,0.41,68.19,6.61
41.22,28.42,202312,4.82,0.38,64.93,2.62
41.22,28.45,202301,5.51,0.38,69.94,0.72
41.22,28.45,202302,8.89,0.45,66.0,1.83
41.22,28.45,202303,11.1,0.41,71.25,2.49
41.22,28.45,202304,15.63,0.45,72.39,3.07
41.22,28.45,202305,18.84,0.48,71.78,1.24
41.22,28.45,202306,24.01,0.58,45.28,0.86
41.22,28.45,202307,26.15,0.65,23.83,0.33
41.22,28.45,202308,21.47,0.59,31.41,0.3
41.22,28.45,202309,16.72,0.56,46.02,0.71
41.22,28.45,202310,11.52,0.52,49.57,1.15
41.22,28.45,202311,6.49,0.41,68.19,6.37
41.22,28.45,202312,4.82,0.38,64.93,2.3
41.22,28.48,202301,5.51,0.38,69.94,0.72
41.22,28.48,202302,8.89,0.45,66.0,1.83
41.22,28.48,202303,11.1,0.41,71.25,2.49
41.22,28.48,202304,15.63,0.45,72.39,3.07
41.22,28.48,202305,18.84,0.48,71.78,1.24
41.22,28.48,202306,24.01,0.58,45.28,0.86
41.22,28.48,202307,26.15,0.65,23.83,0.33
41.22,28.48,202308,21.47,0.59,31.41,0.3
41.22,28.48,202309,16.72,0.56,46.02,0.71
41.22,28.48,202310,11.52,0.52,49.57,1.15
41.22,28.48,202311,6.49,0.41,68.19,6.37
41.22,28.48,202312,4.82,0.38,64.93,2.3
41.22,28.51,202301,5.51,0.38,69.94,0.72
41.22,28.51,202302,8.89,0.45,66.0,1.83
41.22,28.51,202303,11.1,0.41,71.25,2.49
41.22,28.51,202304,15.63,0.45,72.39,3.07
41.22,28.51,202305,18.84,0.48,71.78,1.24
41.22,28.51,202306,24.01,0.58,45.28,0.86
41.22,28.51,202307,26.15,0.65,23.83,0.33
41.22,28.51,202308,21.47,0.59,31.41,0.3
41.22,28.51,202309,16.72,0.56,46.02,0.71
41.22,28.51,202310,11.52,0.52,49.57,1.15
41.22,28.51,202311,6.49,0.41,68.19,6.37
41.22,28.51,202312,4.82,0.38,64.93,2.3
41.22,28.54,202301,5.51,0.38,69.94,0.72
41.22,28.54,202302,8.89,0.45,66.0,1.83
41.22,28.54,202303,11.1,0.41,71.25,2.49
41.22,28.54,202304,15.63,0.45,72.39,3.07
41.22,28.54,202305,18.84,0.48,71.78,1.24
41.22,28.54,202306,24.01,0.58,45.28,0.86
41.22,28.54,202307,26.15,0.65,23.83,0.33
41.22,28.54,202308,21.47,0.59,31.41,0.3
41.22,28.54,202309,16.72,0.56,46.02,0.71
41.22,28.54,202310,11.52,0.52,49.57,1.15
41.22,28.54,202311,6.49,0.41,68.19,6.37
41.22,28.54,202312,4.82,0.38,64.93,2.3
41.22,28.57,202301,5.51,0.38,69.94,0.72
41.22,28.57,202302,8.89,0.45,66.0,1.83
41.22,28.57,202303,11.1,0.41,71.25,2.49
41.22,28.57,202304,15.63,0.45,72.39,3.07
41.22,28.57,202305,18.84,0.48,71.78,1.24
41.22,28.57,202306,24.01,0.58,45.28,0.86
41.22,28.57,202307,26.15,0.65,23.83,0.33
41.22,28.57,202308,21.47,0.59,31.41,0.3
41.22,28.57,202309,16.72,0.56,46.02,0.71
41.22,28.57,202310,11.52,0.52,49.57,1.15
41.22,28.57,202311,6.49,0.41,68.19,6.37
41.22,28.57,202312,4.82,0.38,64.93,2.3
41.22,28.6,202301,5.51,0.38,69.94,0.72
41.22,28.6,202302,8.89,0.45,66.0,1.83
41.22,28.6,202303,11.1,0.41,71.25,2.49
41.22,28.6,202304,15.63,0.45,72.39,3.07
41.22,28.6,202305,18.84,0.48,71.78,1.24
41.22,28.6,202306,24.01,0.58,45.28,0.86
41.22,28.6,202307,26.15,0.65,23.83,0.33
41.22,28.6,202308,21.47,0.59,31.41,0.3
41.22,28.6,202309,16.72,0.56,46.02,0.71
41.22,28.6,202310,11.52,0.52,49.57,1.15
41.22,28.6,202311,6.49,0.41,68.19,6.37
41.22,28.6,202312,4.82,0.38,64.93,2.3
41.22,28.63,202301,5.51,0.38,69.94,0.72
41.22,28.63,202302,8.89,0.45,66.0,1.83
41.22,28.63,202303,11.1,0.41,71.25,2.49
41.22,28.63,202304,15.63,0.45,72.39,3.07
41.22,28.63,202305,18.84,0.48,71.78,1.24
41.22,28.63,202306,24.01,0.58,45.28,0.86
41.22,28.63,202307,26.15,0.65,23.83,0.33
41.22,28.63,202308,21.47,0.59,31.41,0.3
41.22,28.63,202309,16.72,0.56,46.02,0.71
41.22,28.63,202310,11.52,0.52,49.57,1.15
41.22,28.63,202311,6.49,0.41,68.19,6.37
41.22,28.63,202312,4.82,0.38,64.93,2.3
41.22,28.66,202301,5.51,0.38,69.94,0.72
41.22,28.66,202302,8.89,0.45,66.0,1.83
41.22,28.66,202303,11.1,0.41,71.25,2.49
41.22,28.66,202304,15.63,0.45,72.39,3.07
41.22,28.66,202305,18.84,0.48,71.78,1.24
41.22,28.66,202306,24.01,0.58,45.28,0.86
41.22,28.66,202307,26.15,0.65,23.83,0.33
41.22,28.66,202308,21.47,0.59,31.41,0.3
41.22,28.66,202309,16.72,0.56,46.02,0.71
41.22,28.66,202310,11.52,0.52,49.57,1.15
41.22,28.66,202311,6.49,0.41,68.19,6.37
41.22,28.66,202312,4.82,0.38,64.93,2.3
41.22,28.69,202301,5.51,0.38,69.94,0.72
41.22,28.69,202302,8.89,0.45,66.0,1.83
41.22,28.69,202303,11.1,0.41,71.25,2.49
41.22,28.69,202304,15.63,0.45,72.39,3.07
41.22,28.69,202305,18.84,0.48,71.78,1.24
41.22,28.69,202306,24.01,0.58,45.28,0.86
41.22,28.69,202307,26.15,0.65,23.83,0.33
41.22,28.69,202308,21.47,0.59,31.41,0.3
41.22,28.69,202309,16.72,0.56,46.02,0.71
41.22,28.69,202310,11.52,0.52,49.57,1.15
41.22,28.69,202311,6.49,0.41,68.19,6.37
41.22,28.69,202312,4.82,0.38,64.93,2.3
41.22,28.72,202301,5.51,0.38,69.94,0.72
41.22,28.72,202302,8.89,0.45,66.0,1.83
41.22,28.72,202303,11.1,0.41,71.25,2.49
41.22,28.72,202304,15.63,0.45,72.39,3.07
41.22,28.72,202305,18.84,0.48,71.78,1.24
41.22,28.72,202306,24.01,0.58,45.28,0.86
41.22,28.72,202307,26.15,0.65,23.83,0.33
41.22,28.72,202308,21.47,0.59,31.41,0.3
41.22,28.72,202309,16.72,0.56,46.02,0.71
41.22,28.72,202310,11.52,0.52,49.57,1.15
41.22,28.72,202311,6.49,0.41,68.19,6.37
41.22,28.72,202312,4.82,0.38,64.93,2.3
41.22,28.75,202301,5.51,0.38,69.94,0.72
41.22,28.75,202302,8.89,0.45,66.0,1.83
41.22,28.75,202303,11.1,0.41,71.25,2.49
41.22,28.75,202304,15.63,0.45,72.39,3.07
41.22,28.75,202305,18.84,0.48,71.78,1.24
41.22,28.75,202306,24.01,0.58,45.28,0.86
41.22,28.75,202307,26.15,0.65,23.83,0.33
41.22,28.75,202308,21.47,0.59,31.41,0.3
41.22,28.75,202309,16.72,0.56,46.02,0.71
41.22,28.75,202310,11.52,0.52,49.57,1.15
41.22,28.75,202311,6.49,0.41,68.19,6.37
41.22,28.75,202312,4.82,0.38,64.93,2.3
41.22,28.78,202301,5.51,0.38,69.94,0.72
41.22,28.78,202302,8.89,0.45,66.0,1.83
41.22,28.78,202303,11.1,0.41,71.25,2.49
41.22,28.78,202304,15.63,0.45,72.39,3.07
41.22,28.78,202305,18.84,0.48,71.78,1.24
41.22,28.78,202306,24.01,0.58,45.28,0.86
41.22,28.78,202307,26.15,0.65,23.83,0.33
41.22,28.78,202308,21.47,0.59,31.41,0.3
41.22,28.78,202309,16.72,0.56,46.02,0.71
41.22,28.78,202310,11.52,0.52,49.57,1.15
41.22,28.78,202311,6.49,0.41,68.19,6.37
41.22,28.78,202312,4.82,0.38,64.93,2.3
41.22,28.81,202301,5.51,0.38,69.94,0.72
41.22,28.81,202302,8.89,0.45,66.0,1.83
41.22,28.81,202303,11.1,0.41,71.25,2.49
41.22,28.81,202304,15.63,0.45,72.39,3.07
41.22,28.81,202305,18.84,0.48,71.78,1.24
41.22,28.81,202306,24.01,0.58,45.28,0.86
41.22,28.81,202307,26.15,0.65,23.83,0.33
41.22,28.81,202308,21.47,0.59,31.41,0.3
41.22,28.81,202309,16.72,0.56,46.02,0.71
41.22,28.81,202310,11.52,0.52,49.57,1.15
41.22,28.81,202311,6.49,0.41,68.19,6.37
41.22,28.81,202312,4.82,0.38,64.93,2.3
41.22,28.84,202301,5.51,0.38,69.94,0.72
41.22,28.84,202302,8.89,0.45,66.0,1.83
41.22,28.84,202303,11.1,0.41,71.25,2.49
41.22,28.84,202304,15.63,0.45,72.39,3.07
41.22,28.84,202305,18.84,0.48,71.78,1.24
41.22,28.84,202306,24.01,0.58,45.28,0.86
41.22,28.84,202307,26.15,0.65,23.83,0.33
41.22,28.84,202308,21.47,0.59,31.41,0.3
41.22,28.84,202309,16.72,0.56,46.02,0.71
41.22,28.84,202310,11.52,0.52,49.57,1.15
41.22,28.84,202311,6.49,0.41,68.19,6.37
41.22,28.84,202312,4.82,0.38,64.93,2.3
41.22,28.87,202301,5.51,0.38,69.94,0.72
41.22,28.87,202302,8.89,0.45,66.0,1.83
41.22,28.87,202303,11.1,0.41,71.25,2.49
41.22,28.87,202304,15.63,0.45,72.39,3.07
41.22,28.87,202305,18.84,0.48,71.78,1.24
41.22,28.87,202306,24.01,0.58,45.28,0.86
41.22,28.87,202307,26.15,0.65,23.83,0.33
41.22,28.87,202308,21.47,0.59,31.41,0.3
41.22,28.87,202309,16.72,0.56,46.02,0.71
41.22,28.87,202310,11.52,0.52,49.57,1.15
41.22,28.87,202311,6.49,0.41,68.19,6.37
41.22,28.87,202312,4.82,0.38,64.93,2.3
41.22,28.9,202301,5.51,0.38,69.94,0.72
41.22,28.9,202302,8.89,0.45,66.0,1.83
41.22,28.9,202303,11.1,0.41,71.25,2.49
41.22,28.9,202304,15.63,0.45,72.39,3.07
41.22,28.9,202305,18.84,0.48,71.78,1.24
41.22,28.9,202306,24.01,0.58,45.28,0.86
41.22,28.9,202307,26.15,0.65,23.83,0.33
41.22,28.9,202308,21.47,0.59,31.41,0.3
41.22,28.9,202309,16.72,0.56,46.02,0.71
41.22,28.9,202310,11.52,0.52,49.57,1.15
41.22,28.9,202311,6.49,0.41,68.19,6.37
41.22,28.9,202312,4.82,0.38,64.93,2.3
41.22,28.93,202301,5.51,0.38,69.94,0.72
41.22,28.93,202302,8.89,0.45,66.0,1.83
41.22,28.93,202303,11.1,0.41,71.25,2.49
41.22,28.93,202304,15.63,0.45,72.39,3.07
41.22,28.93,202305,18.84,0.48,71.78,1.24
41.22,28.93,202306,24.01,0.58,45.28,0.86
41.22,28.93,202307,26.15,0.65,23.83,0.33
41.22,28.93,202308,21.47,0.59,31.41,0.3
41.22,28.93,202309,16.72,0.56,46.02,0.71
41.22,28.93,202310,11.52,0.52,49.57,1.15
41.22,28.93,202311,6.49,0.41,68.19,6.37
41.22,28.93,202312,4.82,0.38,64.93,2.3
41.22,28.96,202301,5.51,0.38,69.94,0.72
41.22,28.96,202302,8.89,0.45,66.0,1.83
41.22,28.96,202303,11.1,0.41,71.25,2.49
41.22,28.96,202304,15.63,0.45,72.39,3.07
41.22,28.96,202305,18.84,0.48,71.78,1.24
41.22,28.96,202306,24.01,0.58,45.28,0.86
41.22,28.96,202307,26.15,0.65,23.83,0.33
41.22,28.96,202308,21.47,0.59,31.41,0.3
41.22,28.96,202309,16.72,0.56,46.02,0.71
41.22,28.96,202310,11.52,0.52,49.57,1.15
41.22,28.96,202311,6.49,0.41,68.19,6.37
41.22,28.96,202312,4.82,0.38,64.93,2.3
41.22,28.99,202301,5.51,0.38,69.94,0.72
41.22,28.99,202302,8.89,0.45,66.0,1.83
41.22,28.99,202303,11.1,0.41,71.25,2.49
41.22,28.99,202304,15.63,0.45,72.39,3.07
41.22,28.99,202305,18.84,0.48,71.78,1.24
41.22,28.99,202306,24.01,0.58,45.28,0.86
41.22,28.99,202307,26.15,0.65,23.83,0.33
41.22,28.99,202308,21.47,0.59,31.41,0.3
41.22,28.99,202309,16.72,0.56,46.02,0.71
41.22,28.99,202310,11.52,0.52,49.57,1.15
41.22,28.99,202311,6.49,0.41,68.19,6.37
41.22,28.99,202312,4.82,0.38,64.93,2.3
41.22,29.02,202301,5.47,0.38,77.44,0.72
41.22,29.02,202302,8.67,0.44,75.84,1.83
41.22,29.02,202303,10.41,0.38,81.4,2.49
41.22,29.02,202304,15.39,0.45,77.59,3.07
41.22,29.02,202305,18.83,0.48,75.98,1.24
41.22,29.02,202306,23.93,0.57,50.76,0.86
41.22,29.02,202307,25.58,0.63,28.76,0.33
41.22,29.02,202308,21.98,0.61,33.24,0.3
41.22,29.02,202309,17.75,0.6,55.94,0.71
41.22,29.02,202310,11.5,0.52,63.42,1.15
41.22,29.02,202311,6.57,0.42,78.12,6.37
41.22,29.02,202312,4.93,0.38,71.96,2.3
41.22,29.05,202301,5.47,0.38,77.44,0.72
41.22,29.05,202302,8.67,0.44,75.84,1.83
41.22,29.05,202303,10.41,0.38,81.4,2.49
41.22,29.05,202304,15.39,0.45,77.59,3.07
41.22,29.05,202305,18.83,0.48,75.98,1.24
41.22,29.05,202306,23.93,0.57,50.76,0.86
41.22,29.05,202307,25.58,0.63,28.76,0.33
41.22,29.05,202308,21.98,0.61,33.24,0.3
41.22,29.05,202309,17.75,0.6,55.94,0.71
41.22,29.05,202310,11.5,0.52,63.42,1.15
41.22,29.05,202311,6.57,0.42,78.12,6.37
41.22,29.05,202312,4.93,0.38,71.96,2.3
41.22,29.08,202301,5.47,0.38,77.44,0.72
41.22,29.08,202302,8.67,0.44,75.84,2.53
41.22,29.08,202303,10.41,0.38,81.4,2.88
41.22,29.08,202304,15.39,0.45,77.59,3.03
41.22,29.08,202305,18.83,0.48,75.98,1.35
41.22,29.08,202306,23.93,0.57,50.76,1.56
41.22,29.08,202307,25.58,0.63,28.76,0.79
41.22,29.08,202308,21.98,0.61,33.24,0.51
41.22,29.08,202309,17.75,0.6,55.94,0.89
41.22,29.08,202310,11.5,0.52,63.42,1.83
41.22,29.08,202311,6.57,0.42,78.12,6.97
41.22,29.08,202312,4.93,0.38,71.96,2.45
41.22,29.23,202301,5.47,0.38,77.44,0.72
41.22,29.23,202302,8.67,0.44,75.84,2.53
41.22,29.23,202303,10.41,0.38,81.4,2.88
41.22,29.23,202304,15.39,0.45,77.59,3.03
41.22,29.23,202305,18.83,0.48,75.98,1.35
41.22,29.23,202306,23.93,0.57,50.76,1.56
41.22,29.23,202307,25.58,0.63,28.76,0.79
41.22,29.23,202308,21.98,0.61,33.24,0.51
41.22,29.23,202309,17.75,0.6,55.94,0.89
41.22,29.23,202310,11.5,0.52,63.42,1.83
41.22,29.23,202311,6.57,0.42,78.12,6.97
41.22,29.23,202312,4.93,0.38,71.96,2.45
41.22,29.26,202301,5.47,0.38,77.44,0.72
41.22,29.26,202302,8.67,0.44,75.84,2.53
41.22,29.26,202303,10.41,0.38,81.4,2.88
41.22,29.26,202304,15.39,0.45,77.59,3.03
41.22,29.26,202305,18.83,0.48,75.98,1.35
41.22,29.26,202306,23.93,0.57,50.76,1.56
41.22,29.26,202307,25.58,0.63,28.76,0.79
41.22,29.26,202308,21.98,0.61,33.24,0.51
41.22,29.26,202309,17.75,0.6,55.94,0.89
41.22,29.26,202310,11.5,0.52,63.42,1.83
41.22,29.26,202311,6.57,0.42,78.12,6.97
41.22,29.26,202312,4.93,0.38,71.96,2.45
41.24,28.0,202301,5.51,0.38,69.94,0.87
41.24,28.0,202302,8.89,0.45,66.0,1.39
41.24,28.0,202303,11.1,0.41,71.25,2.38
41.24,28.0,202304,15.63,0.45,72.39,3.11
41.24,28.0,202305,18.84,0.48,71.78,1.18
41.24,28.0,202306,24.01,0.58,45.28,0.92
41.24,28.0,202307,26.15,0.65,23.83,0.27
41.24,28.0,202308,21.47,0.59,31.41,0.21
41.24,28.0,202309,16.72,0.56,46.02,0.96
41.24,28.0,202310,11.52,0.52,49.57,0.71
41.24,28.0,202311,6.49,0.41,68.19,6.61
41.24,28.0,202312,4.82,0.38,64.93,2.62
41.24,28.03,202301,5.51,0.38,69.94,0.87
41.24,28.03,202302,8.89,0.45,66.0,1.39
41.24,28.03,202303,11.1,0.41,71.25,2.38
41.24,28.03,202304,15.63,0.45,72.39,3.11
41.24,28.03,202305,18.84,0.48,71.78,1.18
41.24,28.03,202306,24.01,0.58,45.28,0.92
41.24,28.03,202307,26.15,0.65,23.83,0.27
41.24,28.03,202308,21.47,0.59,31.41,0.21
41.24,28.03,202309,16.72,0.56,46.02,0.96
41.24,28.03,202310,11.52,0.52,49.57,0.71
41.24,28.03,202311,6.49,0.41,68.19,6.61
41.24,28.03,202312,4.82,0.38,64.93,2.62
41.24,28.06,202301,5.51,0.38,69.94,0.87
41.24,28.06,202302,8.89,0.45,66.0,1.39
41.24,28.06,202303,11.1,0.41,71.25,2.38
41.24,28.06,202304,15.63,0.45,72.39,3.11
41.24,28.06,202305,18.84,0.48,71.78,1.18
41.24,28.06,202306,24.01,0.58,45.28,0.92
41.24,28.06,202307,26.15,0.65,23.83,0.27
41.24,28.06,202308,21.47,0.59,31.41,0.21
41.24,28.06,202309,16.72,0.56,46.02,0.96
41.24,28.06,202310,11.52,0.52,49.57,0.71
41.24,28.06,202311,6.49,0.41,68.19,6.61
41.24,28.06,202312,4.82,0.38,64.93,2.62
41.24,28.09,202301,5.51,0.38,69.94,0.87
41.24,28.09,202302,8.89,0.45,66.0,1.39
41.24,28.09,202303,11.1,0.41,71.25,2.38
41.24,28.09,202304,15.63,0.45,72.39,3.11
41.24,28.09,202305,18.84,0.48,71.78,1.18
41.24,28.09,202306,24.01,0.58,45.28,0.92
41.24,28.09,202307,26.15,0.65,23.83,0.27
41.24,28.09,202308,21.47,0.59,31.41,0.21
41.24,28.09,202309,16.72,0.56,46.02,0.96
41.24,28.09,202310,11.52,0.52,49.57,0.71
41.24,28.09,202311,6.49,0.41,68.19,6.61
41.24,28.09,202312,4.82,0.38,64.93,2.62
41.24,28.12,202301,5.51,0.38,69.94,0.87
41.24,28.12,202302,8.89,0.45,66.0,1.39
41.24,28.12,202303,11.1,0.41,71.25,2.38
41.24,28.12,202304,15.63,0.45,72.39,3.11
41.24,28.12,202305,18.84,0.48,71.78,1.18
41.24,28.12,202306,24.01,0.58,45.28,0.92
41.24,28.12,202307,26.15,0.65,23.83,0.27
41.24,28.12,202308,21.47,0.59,31.41,0.21
41.24,28.12,202309,16.72,0.56,46.02,0.96
41.24,28.12,202310,11.52,0.52,49.57,0.71
41.24,28.12,202311,6.49,0.41,68.19,6.61
41.24,28.12,202312,4.82,0.38,64.93,2.62
41.24,28.15,202301,5.51,0.38,69.94,0.87
41.24,28.15,202302,8.89,0.45,66.0,1.39
41.24,28.15,202303,11.1,0.41,71.25,2.38
41.24,28.15,202304,15.63,0.45,72.39,3.11
41.24,28.15,202305,18.84,0.48,71.78,1.18
41.24,28.15,202306,24.01,0.58,45.28,0.92
41.24,28.15,202307,26.15,0.65,23.83,0.27
41.24,28.15,202308,21.47,0.59,31.41,0.21
41.24,28.15,202309,16.72,0.56,46.02,0.96
41.24,28.15,202310,11.52,0.52,49.57,0.71
41.24,28.15,202311,6.49,0.41,68.19,6.61
41.24,28.15,202312,4.82,0.38,64.93,2.62
41.24,28.18,202301,5.51,0.38,69.94,0.87
41.24,28.18,202302,8.89,0.45,66.0,1.39
41.24,28.18,202303,11.1,0.41,71.25,2.38
41.24,28.18,202304,15.63,0.45,72.39,3.11
41.24,28.18,202305,18.84,0.48,71.78,1.18
41.24,28.18,202306,24.01,0.58,45.28,0.92
41.24,28.18,202307,26.15,0.65,23.83,0.27
41.24,28.18,202308,21.47,0.59,31.41,0.21
41.24,28.18,202309,16.72,0.56,46.02,0.96
41.24,28.18,202310,11.52,0.52,49.57,0.71
41.24,28.18,202311,6.49,0.41,68.19,6.61
41.24,28.18,202312,4.82,0.38,64.93,2.62
41.24,28.21,202301,5.51,0.38,69.94,0.87
41.24,28.21,202302,8.89,0.45,66.0,1.39
41.24,28.21,202303,11.1,0.41,71.25,2.38
41.24,28.21,202304,15.63,0.45,72.39,3.11
41.24,28.21,202305,18.84,0.48,71.78,1.18
41.24,28.21,202306,24.01,0.58,45.28,0.92
41.24,28.21,202307,26.15,0.65,23.83,0.27
41.24,28.21,202308,21.47,0.59,31.41,0.21
41.24,28.21,202309,16.72,0.56,46.02,0.96
41.24,28.21,202310,11.52,0.52,49.57,0.71
41.24,28.21,202311,6.49,0.41,68.19,6.61
41.24,28.21,202312,4.82,0.38,64.93,2.62
41.24,28.24,202301,5.51,0.38,69.94,0.87
41.24,28.24,202302,8.89,0.45,66.0,1.39
41.24,28.24,202303,11.1,0.41,71.25,2.38
41.24,28.24,202304,15.63,0.45,72.39,3.11
41.24,28.24,202305,18.84,0.48,71.78,1.18
41.24,28.24,202306,24.01,0.58,45.28,0.92
41.24,28.24,202307,26.15,0.65,23.83,0.27
41.24,28.24,202308,21.47,0.59,31.41,0.21
41.24,28.24,202309,16.72,0.56,46.02,0.96
41.24,28.24,202310,11.52,0.52,49.57,0.71
41.24,28.24,202311,6.49,0.41,68.19,6.61
41.24,28.24,202312,4.82,0.38,64.93,2.62
41.24,28.27,202301,5.51,0.38,69.94,0.87
41.24,28.27,202302,8.89,0.45,66.0,1.39
41.24,28.27,202303,11.1,0.41,71.25,2.38
41.24,28.27,202304,15.63,0.45,72.39,3.11
41.24,28.27,202305,18.84,0.48,71.78,1.18
41.24,28.27,202306,24.01,0.58,45.28,0.92
41.24,28.27,202307,26.15,0.65,23.83,0.27
41.24,28.27,202308,21.47,0.59,31.41,0.21
41.24,28.27,202309,16.72,0.56,46.02,0.96
41.24,28.27,202310,11.52,0.52,49.57,0.71
41.24,28.27,202311,6.49,0.41,68.19,6.61
41.24,28.27,202312,4.82,0.38,64.93,2.62
41.24,28.3,202301,5.51,0.38,69.94,0.87
41.24,28.3,202302,8.89,0.45,66.0,1.39
41.24,28.3,202303,11.1,0.41,71.25,2.38
41.24,28.3,202304,15.63,0.45,72.39,3.11
41.24,28.3,202305,18.84,0.48,71.78,1.18
41.24,28.3,202306,24.01,0.58,45.28,0.92
41.24,28.3,202307,26.15,0.65,23.83,0.27
41.24,28.3,202308,21.47,0.59,31.41,0.21
41.24,28.3,202309,16.72,0.56,46.02,0.96
41.24,28.3,202310,11.52,0.52,49.57,0.71
41.24,28.3,202311,6.49,0.41,68.19,6.61
41.24,28.3,202312,4.82,0.38,64.93,2.62
41.24,28.33,202301,5.51,0.38,69.94,0.87
41.24,28.33,202302,8.89,0.45,66.0,1.39
41.24,28.33,202303,11.1,0.41,71.25,2.38
41.24,28.33,202304,15.63,0.45,72.39,3.11
41.24,28.33,202305,18.84,0.48,71.78,1.18
41.24,28.33,202306,24.01,0.58,45.28,0.92
41.24,28.33,202307,26.15,0.65,23.83,0.27
41.24,28.33,202308,21.47,0.59,31.41,0.21
41.24,28.33,202309,16.72,0.56,46.02,0.96
41.24,28.33,202310,11.52,0.52,49.57,0.71
41.24,28.33,202311,6.49,0.41,68.19,6.61
41.24,28.33,202312,4.82,0.38,64.93,2.62
41.24,28.36,202301,5.51,0.38,69.94,0.87
41.24,28.36,202302,8.89,0.45,66.0,1.39
41.24,28.36,202303,11.1,0.41,71.25,2.38
41.24,28.36,202304,15.63,0.45,72.39,3.11
41.24,28.36,202305,18.84,0.48,71.78,1.18
41.24,28.36,202306,24.01,0.58,45.28,0.92
41.24,28.36,202307,26.15,0.65,23.83,0.27
41.24,28.36,202308,21.47,0.59,31.41,0.21
41.24,28.36,202309,16.72,0.56,46.02,0.96
41.24,28.36,202310,11.52,0.52,49.57,0.71
41.24,28.36,202311,6.49,0.41,68.19,6.61
41.24,28.36,202312,4.82,0.38,64.93,2.62
41.24,28.39,202301,5.51,0.38,69.94,0.87
41.24,28.39,202302,8.89,0.45,66.0,1.39
41.24,28.39,202303,11.1,0.41,71.25,2.38
41.24,28.39,202304,15.63,0.45,72.39,3.11
41.24,28.39,202305,18.84,0.48,71.78,1.18
41.24,28.39,202306,24.01,0.58,45.28,0.92
41.24,28.39,202307,26.15,0.65,23.83,0.27
41.24,28.39,202308,21.47,0.59,31.41,0.21
41.24,28.39,202309,16.72,0.56,46.02,0.96
41.24,28.39,202310,11.52,0.52,49.57,0.71
41.24,28.39,202311,6.49,0.41,68.19,6.61
41.24,28.39,202312,4.82,0.38,64.93,2.62
41.24,28.42,202301,5.51,0.38,69.94,0.87
41.24,28.42,202302,8.89,0.45,66.0,1.39
41.24,28.42,202303,11.1,0.41,71.25,2.38
41.24,28.42,202304,15.63,0.45,72.39,3.11
41.24,28.42,202305,18.84,0.48,71.78,1.18
41.24,28.42,202306,24.01,0.58,45.28,0.92
41.24,28.42,202307,26.15,0.65,23.83,0.27
41.24,28.42,202308,21.47,0.59,31.41,0.21
41.24,28.42,202309,16.72,0.56,46.02,0.96
41.24,28.42,202310,11.52,0.52,49.57,0.71
41.24,28.42,202311,6.49,0.41,68.19,6.61
41.24,28.42,202312,4.82,0.38,64.93,2.62
41.24,28.45,202301,5.51,0.38,69.94,0.72
41.24,28.45,202302,8.89,0.45,66.0,1.83
41.24,28.45,202303,11.1,0.41,71.25,2.49
41.24,28.45,202304,15.63,0.45,72.39,3.07
41.24,28.45,202305,18.84,0.48,71.78,1.24
41.24,28.45,202306,24.01,0.58,45.28,0.86
41.24,28.45,202307,26.15,0.65,23.83,0.33
41.24,28.45,202308,21.47,0.59,31.41,0.3
41.24,28.45,202309,16.72,0.56,46.02,0.71
41.24,28.45,202310,11.52,0.52,49.57,1.15
41.24,28.45,202311,6.49,0.41,68.19,6.37
41.24,28.45,202312,4.82,0.38,64.93,2.3
41.24,28.48,202301,5.51,0.38,69.94,0.72
41.24,28.48,202302,8.89,0.45,66.0,1.83
41.24,28.48,202303,11.1,0.41,71.25,2.49
41.24,28.48,202304,15.63,0.45,72.39,3.07
41.24,28.48,202305,18.84,0.48,71.78,1.24
41.24,28.48,202306,24.01,0.58,45.28,0.86
41.24,28.48,202307,26.15,0.65,23.83,0.33
41.24,28.48,202308,21.47,0.59,31.41,0.3
41.24,28.48,202309,16.72,0.56,46.02,0.71
41.24,28.48,202310,11.52,0.52,49.57,1.15
41.24,28.48,202311,6.49,0.41,68.19,6.37
41.24,28.48,202312,4.82,0.38,64.93,2.3
41.24,28.51,202301,5.51,0.38,69.94,0.72
41.24,28.51,202302,8.89,0.45,66.0,1.83
41.24,28.51,202303,11.1,0.41,71.25,2.49
41.24,28.51,202304,15.63,0.45,72.39,3.07
41.24,28.51,202305,18.84,0.48,71.78,1.24
41.24,28.51,202306,24.01,0.58,45.28,0.86
41.24,28.51,202307,26.15,0.65,23.83,0.33
41.24,28.51,202308,21.47,0.59,31.41,0.3
41.24,28.51,202309,16.72,0.56,46.02,0.71
41.24,28.51,202310,11.52,0.52,49.57,1.15
41.24,28.51,202311,6.49,0.41,68.19,6.37
41.24,28.51,202312,4.82,0.38,64.93,2.3
41.24,28.54,202301,5.51,0.38,69.94,0.72
41.24,28.54,202302,8.89,0.45,66.0,1.83
41.24,28.54,202303,11.1,0.41,71.25,2.49
41.24,28.54,202304,15.63,0.45,72.39,3.07
41.24,28.54,202305,18.84,0.48,71.78,1.24
41.24,28.54,202306,24.01,0.58,45.28,0.86
41.24,28.54,202307,26.15,0.65,23.83,0.33
41.24,28.54,202308,21.47,0.59,31.41,0.3
41.24,28.54,202309,16.72,0.56,46.02,0.71
41.24,28.54,202310,11.52,0.52,49.57,1.15
41.24,28.54,202311,6.49,0.41,68.19,6.37
41.24,28.54,202312,4.82,0.38,64.93,2.3
41.24,28.57,202301,5.51,0.38,69.94,0.72
41.24,28.57,202302,8.89,0.45,66.0,1.83
41.24,28.57,202303,11.1,0.41,71.25,2.49
41.24,28.57,202304,15.63,0.45,72.39,3.07
41.24,28.57,202305,18.84,0.48,71.78,1.24
41.24,28.57,202306,24.01,0.58,45.28,0.86
41.24,28.57,202307,26.15,0.65,23.83,0.33
41.24,28.57,202308,21.47,0.59,31.41,0.3
41.24,28.57,202309,16.72,0.56,46.02,0.71
41.24,28.57,202310,11.52,0.52,49.57,1.15
41.24,28.57,202311,6.49,0.41,68.19,6.37
41.24,28.57,202312,4.82,0.38,64.93,2.3
41.24,28.6,202301,5.51,0.38,69.94,0.72
41.24,28.6,202302,8.89,0.45,66.0,1.83
41.24,28.6,202303,11.1,0.41,71.25,2.49
41.24,28.6,202304,15.63,0.45,72.39,3.07
41.24,28.6,202305,18.84,0.48,71.78,1.24
41.24,28.6,202306,24.01,0.58,45.28,0.86
41.24,28.6,202307,26.15,0.65,23.83,0.33
41.24,28.6,202308,21.47,0.59,31.41,0.3
41.24,28.6,202309,16.72,0.56,46.02,0.71
41.24,28.6,202310,11.52,0.52,49.57,1.15
41.24,28.6,202311,6.49,0.41,68.19,6.37
41.24,28.6,202312,4.82,0.38,64.93,2.3
41.24,28.63,202301,5.51,0.38,69.94,0.72
41.24,28.63,202302,8.89,0.45,66.0,1.83
41.24,28.63,202303,11.1,0.41,71.25,2.49
41.24,28.63,202304,15.63,0.45,72.39,3.07
41.24,28.63,202305,18.84,0.48,71.78,1.24
41.24,28.63,202306,24.01,0.58,45.28,0.86
41.24,28.63,202307,26.15,0.65,23.83,0.33
41.24,28.63,202308,21.47,0.59,31.41,0.3
41.24,28.63,202309,16.72,0.56,46.02,0.71
41.24,28.63,202310,11.52,0.52,49.57,1.15
41.24,28.63,202311,6.49,0.41,68.19,6.37
41.24,28.63,202312,4.82,0.38,64.93,2.3
41.24,28.66,202301,5.51,0.38,69.94,0.72
41.24,28.66,202302,8.89,0.45,66.0,1.83
41.24,28.66,202303,11.1,0.41,71.25,2.49
41.24,28.66,202304,15.63,0.45,72.39,3.07
41.24,28.66,202305,18.84,0.48,71.78,1.24
41.24,28.66,202306,24.01,0.58,45.28,0.86
41.24,28.66,202307,26.15,0.65,23.83,0.33
41.24,28.66,202308,21.47,0.59,31.41,0.3
41.24,28.66,202309,16.72,0.56,46.02,0.71
41.24,28.66,202310,11.52,0.52,49.57,1.15
41.24,28.66,202311,6.49,0.41,68.19,6.37
41.24,28.66,202312,4.82,0.38,64.93,2.3
41.24,28.69,202301,5.51,0.38,69.94,0.72
41.24,28.69,202302,8.89,0.45,66.0,1.83
41.24,28.69,202303,11.1,0.41,71.25,2.49
41.24,28.69,202304,15.63,0.45,72.39,3.07
41.24,28.69,202305,18.84,0.48,71.78,1.24
41.24,28.69,202306,24.01,0.58,45.28,0.86
41.24,28.69,202307,26.15,0.65,23.83,0.33
41.24,28.69,202308,21.47,0.59,31.41,0.3
41.24,28.69,202309,16.72,0.56,46.02,0.71
41.24,28.69,202310,11.52,0.52,49.57,1.15
41.24,28.69,202311,6.49,0.41,68.19,6.37
41.24,28.69,202312,4.82,0.38,64.93,2.3
41.24,28.72,202301,5.51,0.38,69.94,0.72
41.24,28.72,202302,8.89,0.45,66.0,1.83
41.24,28.72,202303,11.1,0.41,71.25,2.49
41.24,28.72,202304,15.63,0.45,72.39,3.07
41.24,28.72,202305,18.84,0.48,71.78,1.24
41.24,28.72,202306,24.01,0.58,45.28,0.86
41.24,28.72,202307,26.15,0.65,23.83,0.33
41.24,28.72,202308,21.47,0.59,31.41,0.3
41.24,28.72,202309,16.72,0.56,46.02,0.71
41.24,28.72,202310,11.52,0.52,49.57,1.15
41.24,28.72,202311,6.49,0.41,68.19,6.37
41.24,28.72,202312,4.82,0.38,64.93,2.3
41.24,28.75,202301,5.51,0.38,69.94,0.72
41.24,28.75,202302,8.89,0.45,66.0,1.83
41.24,28.75,202303,11.1,0.41,71.25,2.49
41.24,28.75,202304,15.63,0.45,72.39,3.07
41.24,28.75,202305,18.84,0.48,71.78,1.24
41.24,28.75,202306,24.01,0.58,45.28,0.86
41.24,28.75,202307,26.15,0.65,23.83,0.33
41.24,28.75,202308,21.47,0.59,31.41,0.3
41.24,28.75,202309,16.72,0.56,46.02,0.71
41.24,28.75,202310,11.52,0.52,49.57,1.15
41.24,28.75,202311,6.49,0.41,68.19,6.37
41.24,28.75,202312,4.82,0.38,64.93,2.3
41.24,28.78,202301,5.51,0.38,69.94,0.72
41.24,28.78,202302,8.89,0.45,66.0,1.83
41.24,28.78,202303,11.1,0.41,71.25,2.49
41.24,28.78,202304,15.63,0.45,72.39,3.07
41.24,28.78,202305,18.84,0.48,71.78,1.24
41.24,28.78,202306,24.01,0.58,45.28,0.86
41.24,28.78,202307,26.15,0.65,23.83,0.33
41.24,28.78,202308,21.47,0.59,31.41,0.3
41.24,28.78,202309,16.72,0.56,46.02,0.71
41.24,28.78,202310,11.52,0.52,49.57,1.15
41.24,28.78,202311,6.49,0.41,68.19,6.37
41.24,28.78,202312,4.82,0.38,64.93,2.3
41.24,28.81,202301,5.51,0.38,69.94,0.72
41.24,28.81,202302,8.89,0.45,66.0,1.83
41.24,28.81,202303,11.1,0.41,71.25,2.49
41.24,28.81,202304,15.63,0.45,72.39,3.07
41.24,28.81,202305,18.84,0.48,71.78,1.24
41.24,28.81,202306,24.01,0.58,45.28,0.86
41.24,28.81,202307,26.15,0.65,23.83,0.33
41.24,28.81,202308,21.47,0.59,31.41,0.3
41.24,28.81,202309,16.72,0.56,46.02,0.71
41.24,28.81,202310,11.52,0.52,49.57,1.15
41.24,28.81,202311,6.49,0.41,68.19,6.37
41.24,28.81,202312,4.82,0.38,64.93,2.3
41.24,28.84,202301,5.51,0.38,69.94,0.72
41.24,28.84,202302,8.89,0.45,66.0,1.83
41.24,28.84,202303,11.1,0.41,71.25,2.49
41.24,28.84,202304,15.63,0.45,72.39,3.07
41.24,28.84,202305,18.84,0.48,71.78,1.24
41.24,28.84,202306,24.01,0.58,45.28,0.86
41.24,28.84,202307,26.15,0.65,23.83,0.33
41.24,28.84,202308,21.47,0.59,31.41,0.3
41.24,28.84,202309,16.72,0.56,46.02,0.71
41.24,28.84,202310,11.52,0.52,49.57,1.15
41.24,28.84,202311,6.49,0.41,68.19,6.37
41.24,28.84,202312,4.82,0.38,64.93,2.3
41.24,28.87,202301,5.51,0.38,69.94,0.72
41.24,28.87,202302,8.89,0.45,66.0,1.83
41.24,28.87,202303,11.1,0.41,71.25,2.49
41.24,28.87,202304,15.63,0.45,72.39,3.07
41.24,28.87,202305,18.84,0.48,71.78,1.24
41.24,28.87,202306,24.01,0.58,45.28,0.86
41.24,28.87,202307,26.15,0.65,23.83,0.33
41.24,28.87,202308,21.47,0.59,31.41,0.3
41.24,28.87,202309,16.72,0.56,46.02,0.71
41.24,28.87,202310,11.52,0.52,49.57,1.15
41.24,28.87,202311,6.49,0.41,68.19,6.37
41.24,28.87,202312,4.82,0.38,64.93,2.3
41.24,28.9,202301,5.51,0.38,69.94,0.72
41.24,28.9,202302,8.89,0.45,66.0,1.83
41.24,28.9,202303,11.1,0.41,71.25,2.49
41.24,28.9,202304,15.63,0.45,72.39,3.07
41.24,28.9,202305,18.84,0.48,71.78,1.24
41.24,28.9,202306,24.01,0.58,45.28,0.86
41.24,28.9,202307,26.15,0.65,23.83,0.33
41.24,28.9,202308,21.47,0.59,31.41,0.3
41.24,28.9,202309,16.72,0.56,46.02,0.71
41.24,28.9,202310,11.52,0.52,49.57,1.15
41.24,28.9,202311,6.49,0.41,68.19,6.37
41.24,28.9,202312,4.82,0.38,64.93,2.3
41.24,28.93,202301,5.51,0.38,69.94,0.72
41.24,28.93,202302,8.89,0.45,66.0,1.83
41.24,28.93,202303,11.1,0.41,71.25,2.49
41.24,28.93,202304,15.63,0.45,72.39,3.07
41.24,28.93,202305,18.84,0.48,71.78,1.24
41.24,28.93,202306,24.01,0.58,45.28,0.86
41.24,28.93,202307,26.15,0.65,23.83,0.33
41.24,28.93,202308,21.47,0.59,31.41,0.3
41.24,28.93,202309,16.72,0.56,46.02,0.71
41.24,28.93,202310,11.52,0.52,49.57,1.15
41.24,28.93,202311,6.49,0.41,68.19,6.37
41.24,28.93,202312,4.82,0.38,64.93,2.3
41.24,28.96,202301,5.51,0.38,69.94,0.72
41.24,28.96,202302,8.89,0.45,66.0,1.83
41.24,28.96,202303,11.1,0.41,71.25,2.49
41.24,28.96,202304,15.63,0.45,72.39,3.07
41.24,28.96,202305,18.84,0.48,71.78,1.24
41.24,28.96,202306,24.01,0.58,45.28,0.86
41.24,28.96,202307,26.15,0.65,23.83,0.33
41.24,28.96,202308,21.47,0.59,31.41,0.3
41.24,28.96,202309,16.72,0.56,46.02,0.71
41.24,28.96,202310,11.52,0.52,49.57,1.15
41.24,28.96,202311,6.49,0.41,68.19,6.37
41.24,28.96,202312,4.82,0.38,64.93,2.3
41.24,28.99,202301,5.51,0.38,69.94,0.72
41.24,28.99,202302,8.89,0.45,66.0,1.83
41.24,28.99,202303,11.1,0.41,71.25,2.49
41.24,28.99,202304,15.63,0.45,72.39,3.07
41.24,28.99,202305,18.84,0.48,71.78,1.24
41.24,28.99,202306,24.01,0.58,45.28,0.86
41.24,28.99,202307,26.15,0.65,23.83,0.33
41.24,28.99,202308,21.47,0.59,31.41,0.3
41.24,28.99,202309,16.72,0.56,46.02,0.71
41.24,28.99,202310,11.52,0.52,49.57,1.15
41.24,28.99,202311,6.49,0.41,68.19,6.37
41.24,28.99,202312,4.82,0.38,64.93,2.3
41.24,29.02,202301,5.47,0.38,77.44,0.72
41.24,29.02,202302,8.67,0.44,75.84,1.83
41.24,29.02,202303,10.41,0.38,81.4,2.49
41.24,29.02,202304,15.39,0.45,77.59,3.07
41.24,29.02,202305,18.83,0.48,75.98,1.24
41.24,29.02,202306,23.93,0.57,50.76,0.86
41.24,29.02,202307,25.58,0.63,28.76,0.33
41.24,29.02,202308,21.98,0.61,33.24,0.3
41.24,29.02,202309,17.75,0.6,55.94,0.71
41.24,29.02,202310,11.5,0.52,63.42,1.15
41.24,29.02,202311,6.57,0.42,78.12,6.37
41.24,29.02,202312,4.93,0.38,71.96,2.3
41.24,29.05,202301,5.47,0.38,77.44,0.72
41.24,29.05,202302,8.67,0.44,75.84,1.83
41.24,29.05,202303,10.41,0.38,81.4,2.49
41.24,29.05,202304,15.39,0.45,77.59,3.07
41.24,29.05,202305,18.83,0.48,75.98,1.24
41.24,29.05,202306,23.93,0.57,50.76,0.86
41.24,29.05,202307,25.58,0.63,28.76,0.33
41.24,29.05,202308,21.98,0.61,33.24,0.3
41.24,29.05,202309,17.75,0.6,55.94,0.71
41.24,29.05,202310,11.5,0.52,63.42,1.15
41.24,29.05,202311,6.57,0.42,78.12,6.37
41.24,29.05,202312,4.93,0.38,71.96,2.3
41.24,29.08,202301,5.47,0.38,77.44,0.72
41.24,29.08,202302,8.67,0.44,75.84,2.53
41.24,29.08,202303,10.41,0.38,81.4,2.88
41.24,29.08,202304,15.39,0.45,77.59,3.03
41.24,29.08,202305,18.83,0.48,75.98,1.35
41.24,29.08,202306,23.93,0.57,50.76,1.56
41.24,29.08,202307,25.58,0.63,28.76,0.79
41.24,29.08,202308,21.98,0.61,33.24,0.51
41.24,29.08,202309,17.75,0.6,55.94,0.89
41.24,29.08,202310,11.5,0.52,63.42,1.83
41.24,29.08,202311,6.57,0.42,78.12,6.97
41.24,29.08,202312,4.93,0.38,71.96,2.45
41.26,28.06,202301,5.51,0.38,69.94,0.94
41.26,28.06,202302,8.89,0.45,66.0,1.2
41.26,28.06,202303,11.1,0.41,71.25,2.13
41.26,28.06,202304,15.63,0.45,72.39,2.93
41.26,28.06,202305,18.84,0.48,71.78,1.08
41.26,28.06,202306,24.01,0.58,45.28,0.72
41.26,28.06,202307,26.15,0.65,23.83,0.41
41.26,28.06,202308,21.47,0.59,31.41,0.23
41.26,28.06,202309,16.72,0.56,46.02,1.46
41.26,28.06,202310,11.52,0.52,49.57,0.39
41.26,28.06,202311,6.49,0.41,68.19,6.69
41.26,28.06,202312,4.82,0.38,64.93,2.67
41.26,28.09,202301,5.51,0.38,69.94,0.94
41.26,28.09,202302,8.89,0.45,66.0,1.2
41.26,28.09,202303,11.1,0.41,71.25,2.13
41.26,28.09,202304,15.63,0.45,72.39,2.93
41.26,28.09,202305,18.84,0.48,71.78,1.08
41.26,28.09,202306,24.01,0.58,45.28,0.72
41.26,28.09,202307,26.15,0.65,23.83,0.41
41.26,28.09,202308,21.47,0.59,31.41,0.23
41.26,28.09,202309,16.72,0.56,46.02,1.46
41.26,28.09,202310,11.52,0.52,49.57,0.39
41.26,28.09,202311,6.49,0.41,68.19,6.69
41.26,28.09,202312,4.82,0.38,64.93,2.67
41.26,28.12,202301,5.51,0.38,69.94,0.94
41.26,28.12,202302,8.89,0.45,66.0,1.2
41.26,28.12,202303,11.1,0.41,71.25,2.13
41.26,28.12,202304,15.63,0.45,72.39,2.93
41.26,28.12,202305,18.84,0.48,71.78,1.08
41.26,28.12,202306,24.01,0.58,45.28,0.72
41.26,28.12,202307,26.15,0.65,23.83,0.41
41.26,28.12,202308,21.47,0.59,31.41,0.23
41.26,28.12,202309,16.72,0.56,46.02,1.46
41.26,28.12,202310,11.52,0.52,49.57,0.39
41.26,28.12,202311,6.49,0.41,68.19,6.69
41.26,28.12,202312,4.82,0.38,64.93,2.67
41.26,28.15,202301,5.51,0.38,69.94,0.94
41.26,28.15,202302,8.89,0.45,66.0,1.2
41.26,28.15,202303,11.1,0.41,71.25,2.13
41.26,28.15,202304,15.63,0.45,72.39,2.93
41.26,28.15,202305,18.84,0.48,71.78,1.08
41.26,28.15,202306,24.01,0.58,45.28,0.72
41.26,28.15,202307,26.15,0.65,23.83,0.41
41.26,28.15,202308,21.47,0.59,31.41,0.23
41.26,28.15,202309,16.72,0.56,46.02,1.46
41.26,28.15,202310,11.52,0.52,49.57,0.39
41.26,28.15,202311,6.49,0.41,68.19,6.69
41.26,28.15,202312,4.82,0.38,64.93,2.67
41.26,28.18,202301,5.51,0.38,69.94,0.94
41.26,28.18,202302,8.89,0.45,66.0,1.2
41.26,28.18,202303,11.1,0.41,71.25,2.13
41.26,28.18,202304,15.63,0.45,72.39,2.93
41.26,28.18,202305,18.84,0.48,71.78,1.08
41.26,28.18,202306,24.01,0.58,45.28,0.72
41.26,28.18,202307,26.15,0.65,23.83,0.41
41.26,28.18,202308,21.47,0.59,31.41,0.23
41.26,28.18,202309,16.72,0.56,46.02,1.46
41.26,28.18,202310,11.52,0.52,49.57,0.39
41.26,28.18,202311,6.49,0.41,68.19,6.69
41.26,28.18,202312,4.82,0.38,64.93,2.67
41.26,28.21,202301,5.51,0.38,69.94,0.94
41.26,28.21,202302,8.89,0.45,66.0,1.2
41.26,28.21,202303,11.1,0.41,71.25,2.13
41.26,28.21,202304,15.63,0.45,72.39,2.93
41.26,28.21,202305,18.84,0.48,71.78,1.08
41.26,28.21,202306,24.01,0.58,45.28,0.72
41.26,28.21,202307,26.15,0.65,23.83,0.41
41.26,28.21,202308,21.47,0.59,31.41,0.23
41.26,28.21,202309,16.72,0.56,46.02,1.46
41.26,28.21,202310,11.52,0.52,49.57,0.39
41.26,28.21,202311,6.49,0.41,68.19,6.69
41.26,28.21,202312,4.82,0.38,64.93,2.67
41.26,28.24,202301,5.51,0.38,69.94,0.94
41.26,28.24,202302,8.89,0.45,66.0,1.2
41.26,28.24,202303,11.1,0.41,71.25,2.13
41.26,28.24,202304,15.63,0.45,72.39,2.93
41.26,28.24,202305,18.84,0.48,71.78,1.08
41.26,28.24,202306,24.01,0.58,45.28,0.72
41.26,28.24,202307,26.15,0.65,23.83,0.41
41.26,28.24,202308,21.47,0.59,31.41,0.23
41.26,28.24,202309,16.72,0.56,46.02,1.46
41.26,28.24,202310,11.52,0.52,49.57,0.39
41.26,28.24,202311,6.49,0.41,68.19,6.69
41.26,28.24,202312,4.82,0.38,64.93,2.67
41.26,28.27,202301,5.51,0.38,69.94,0.94
41.26,28.27,202302,8.89,0.45,66.0,1.2
41.26,28.27,202303,11.1,0.41,71.25,2.13
41.26,28.27,202304,15.63,0.45,72.39,2.93
41.26,28.27,202305,18.84,0.48,71.78,1.08
41.26,28.27,202306,24.01,0.58,45.28,0.72
41.26,28.27,202307,26.15,0.65,23.83,0.41
41.26,28.27,202308,21.47,0.59,31.41,0.23
41.26,28.27,202309,16.72,0.56,46.02,1.46
41.26,28.27,202310,11.52,0.52,49.57,0.39
41.26,28.27,202311,6.49,0.41,68.19,6.69
41.26,28.27,202312,4.82,0.38,64.93,2.67
41.26,28.3,202301,5.51,0.38,69.94,0.94
41.26,28.3,202302,8.89,0.45,66.0,1.2
41.26,28.3,202303,11.1,0.41,71.25,2.13
41.26,28.3,202304,15.63,0.45,72.39,2.93
41.26,28.3,202305,18.84,0.48,71.78,1.08
41.26,28.3,202306,24.01,0.58,45.28,0.72
41.26,28.3,202307,26.15,0.65,23.83,0.41
41.26,28.3,202308,21.47,0.59,31.41,0.23
41.26,28.3,202309,16.72,0.56,46.02,1.46
41.26,28.3,202310,11.52,0.52,49.57,0.39
41.26,28.3,202311,6.49,0.41,68.19,6.69
41.26,28.3,202312,4.82,0.38,64.93,2.67
41.26,28.33,202301,5.51,0.38,69.94,0.94
41.26,28.33,202302,8.89,0.45,66.0,1.2
41.26,28.33,202303,11.1,0.41,71.25,2.13
41.26,28.33,202304,15.63,0.45,72.39,2.93
41.26,28.33,202305,18.84,0.48,71.78,1.08
41.26,28.33,202306,24.01,0.58,45.28,0.72
41.26,28.33,202307,26.15,0.65,23.83,0.41
41.26,28.33,202308,21.47,0.59,31.41,0.23
41.26,28.33,202309,16.72,0.56,46.02,1.46
41.26,28.33,202310,11.52,0.52,49.57,0.39
41.26,28.33,202311,6.49,0.41,68.19,6.69
41.26,28.33,202312,4.82,0.38,64.93,2.67
41.26,28.36,202301,5.51,0.38,69.94,0.94
41.26,28.36,202302,8.89,0.45,66.0,1.2
41.26,28.36,202303,11.1,0.41,71.25,2.13
41.26,28.36,202304,15.63,0.45,72.39,2.93
41.26,28.36,202305,18.84,0.48,71.78,1.08
41.26,28.36,202306,24.01,0.58,45.28,0.72
41.26,28.36,202307,26.15,0.65,23.83,0.41
41.26,28.36,202308,21.47,0.59,31.41,0.23
41.26,28.36,202309,16.72,0.56,46.02,1.46
41.26,28.36,202310,11.52,0.52,49.57,0.39
41.26,28.36,202311,6.49,0.41,68.19,6.69
41.26,28.36,202312,4.82,0.38,64.93,2.67
41.26,28.39,202301,5.51,0.38,69.94,0.94
41.26,28.39,202302,8.89,0.45,66.0,1.2
41.26,28.39,202303,11.1,0.41,71.25,2.13
41.26,28.39,202304,15.63,0.45,72.39,2.93
41.26,28.39,202305,18.84,0.48,71.78,1.08
41.26,28.39,202306,24.01,0.58,45.28,0.72
41.26,28.39,202307,26.15,0.65,23.83,0.41
41.26,28.39,202308,21.47,0.59,31.41,0.23
41.26,28.39,202309,16.72,0.56,46.02,1.46
41.26,28.39,202310,11.52,0.52,49.57,0.39
41.26,28.39,202311,6.49,0.41,68.19,6.69
41.26,28.39,202312,4.82,0.38,64.93,2.67
41.26,28.42,202301,5.51,0.38,69.94,0.94
41.26,28.42,202302,8.89,0.45,66.0,1.2
41.26,28.42,202303,11.1,0.41,71.25,2.13
41.26,28.42,202304,15.63,0.45,72.39,2.93
41.26,28.42,202305,18.84,0.48,71.78,1.08
41.26,28.42,202306,24.01,0.58,45.28,0.72
41.26,28.42,202307,26.15,0.65,23.83,0.41
41.26,28.42,202308,21.47,0.59,31.41,0.23
41.26,28.42,202309,16.72,0.56,46.02,1.46
41.26,28.42,202310,11.52,0.52,49.57,0.39
41.26,28.42,202311,6.49,0.41,68.19,6.69
41.26,28.42,202312,4.82,0.38,64.93,2.67
41.26,28.45,202301,5.51,0.38,69.94,1.04
41.26,28.45,202302,8.89,0.45,66.0,1.93
41.26,28.45,202303,11.1,0.41,71.25,2.63
41.26,28.45,202304,15.63,0.45,72.39,2.79
41.26,28.45,202305,18.84,0.48,71.78,1.09
41.26,28.45,202306,24.01,0.58,45.28,0.55
41.26,28.45,202307,26.15,0.65,23.83,0.34
41.26,28.45,202308,21.47,0.59,31.41,0.25
41.26,28.45,202309,16.72,0.56,46.02,2.03
41.26,28.45,202310,11.52,0.52,49.57,0.64
41.26,28.45,202311,6.49,0.41,68.19,8.01
41.26,28.45,202312,4.82,0.38,64.93,2.73
41.26,28.48,202301,5.51,0.38,69.94,1.04
41.26,28.48,202302,8.89,0.45,66.0,1.93
41.26,28.48,202303,11.1,0.41,71.25,2.63
41.26,28.48,202304,15.63,0.45,72.39,2.79
41.26,28.48,202305,18.84,0.48,71.78,1.09
41.26,28.48,202306,24.01,0.58,45.28,0.55
41.26,28.48,202307,26.15,0.65,23.83,0.34
41.26,28.48,202308,21.47,0.59,31.41,0.25
41.26,28.48,202309,16.72,0.56,46.02,2.03
41.26,28.48,202310,11.52,0.52,49.57,0.64
41.26,28.48,202311,6.49,0.41,68.19,8.01
41.26,28.48,202312,4.82,0.38,64.93,2.73
41.26,28.51,202301,5.51,0.38,69.94,1.04
41.26,28.51,202302,8.89,0.45,66.0,1.93
41.26,28.51,202303,11.1,0.41,71.25,2.63
41.26,28.51,202304,15.63,0.45,72.39,2.79
41.26,28.51,202305,18.84,0.48,71.78,1.09
41.26,28.51,202306,24.01,0.58,45.28,0.55
41.26,28.51,202307,26.15,0.65,23.83,0.34
41.26,28.51,202308,21.47,0.59,31.41,0.25
41.26,28.51,202309,16.72,0.56,46.02,2.03
41.26,28.51,202310,11.52,0.52,49.57,0.64
41.26,28.51,202311,6.49,0.41,68.19,8.01
41.26,28.51,202312,4.82,0.38,64.93,2.73
41.26,28.54,202301,5.51,0.38,69.94,1.04
41.26,28.54,202302,8.89,0.45,66.0,1.93
41.26,28.54,202303,11.1,0.41,71.25,2.63
41.26,28.54,202304,15.63,0.45,72.39,2.79
41.26,28.54,202305,18.84,0.48,71.78,1.09
41.26,28.54,202306,24.01,0.58,45.28,0.55
41.26,28.54,202307,26.15,0.65,23.83,0.34
41.26,28.54,202308,21.47,0.59,31.41,0.25
41.26,28.54,202309,16.72,0.56,46.02,2.03
41.26,28.54,202310,11.52,0.52,49.57,0.64
41.26,28.54,202311,6.49,0.41,68.19,8.01
41.26,28.54,202312,4.82,0.38,64.93,2.73
41.26,28.57,202301,5.51,0.38,69.94,1.04
41.26,28.57,202302,8.89,0.45,66.0,1.93
41.26,28.57,202303,11.1,0.41,71.25,2.63
41.26,28.57,202304,15.63,0.45,72.39,2.79
41.26,28.57,202305,18.84,0.48,71.78,1.09
41.26,28.57,202306,24.01,0.58,45.28,0.55
41.26,28.57,202307,26.15,0.65,23.83,0.34
41.26,28.57,202308,21.47,0.59,31.41,0.25
41.26,28.57,202309,16.72,0.56,46.02,2.03
41.26,28.57,202310,11.52,0.52,49.57,0.64
41.26,28.57,202311,6.49,0.41,68.19,8.01
41.26,28.57,202312,4.82,0.38,64.93,2.73
41.26,28.6,202301,5.51,0.38,69.94,1.04
41.26,28.6,202302,8.89,0.45,66.0,1.93
41.26,28.6,202303,11.1,0.41,71.25,2.63
41.26,28.6,202304,15.63,0.45,72.39,2.79
41.26,28.6,202305,18.84,0.48,71.78,1.09
41.26,28.6,202306,24.01,0.58,45.28,0.55
41.26,28.6,202307,26.15,0.65,23.83,0.34
41.26,28.6,202308,21.47,0.59,31.41,0.25
41.26,28.6,202309,16.72,0.56,46.02,2.03
41.26,28.6,202310,11.52,0.52,49.57,0.64
41.26,28.6,202311,6.49,0.41,68.19,8.01
41.26,28.6,202312,4.82,0.38,64.93,2.73
41.26,28.63,202301,5.51,0.38,69.94,1.04
41.26,28.63,202302,8.89,0.45,66.0,1.93
41.26,28.63,202303,11.1,0.41,71.25,2.63
41.26,28.63,202304,15.63,0.45,72.39,2.79
41.26,28.63,202305,18.84,0.48,71.78,1.09
41.26,28.63,202306,24.01,0.58,45.28,0.55
41.26,28.63,202307,26.15,0.65,23.83,0.34
41.26,28.63,202308,21.47,0.59,31.41,0.25
41.26,28.63,202309,16.72,0.56,46.02,2.03
41.26,28.63,202310,11.52,0.52,49.57,0.64
41.26,28.63,202311,6.49,0.41,68.19,8.01
41.26,28.63,202312,4.82,0.38,64.93,2.73
41.26,28.66,202301,5.51,0.38,69.94,1.04
41.26,28.66,202302,8.89,0.45,66.0,1.93
41.26,28.66,202303,11.1,0.41,71.25,2.63
41.26,28.66,202304,15.63,0.45,72.39,2.79
41.26,28.66,202305,18.84,0.48,71.78,1.09
41.26,28.66,202306,24.01,0.58,45.28,0.55
41.26,28.66,202307,26.15,0.65,23.83,0.34
41.26,28.66,202308,21.47,0.59,31.41,0.25
41.26,28.66,202309,16.72,0.56,46.02,2.03
41.26,28.66,202310,11.52,0.52,49.57,0.64
41.26,28.66,202311,6.49,0.41,68.19,8.01
41.26,28.66,202312,4.82,0.38,64.93,2.73
41.26,28.69,202301,5.51,0.38,69.94,1.04
41.26,28.69,202302,8.89,0.45,66.0,1.93
41.26,28.69,202303,11.1,0.41,71.25,2.63
41.26,28.69,202304,15.63,0.45,72.39,2.79
41.26,28.69,202305,18.84,0.48,71.78,1.09
41.26,28.69,202306,24.01,0.58,45.28,0.55
41.26,28.69,202307,26.15,0.65,23.83,0.34
41.26,28.69,202308,21.47,0.59,31.41,0.25
41.26,28.69,202309,16.72,0.56,46.02,2.03
41.26,28.69,202310,11.52,0.52,49.57,0.64
41.26,28.69,202311,6.49,0.41,68.19,8.01
41.26,28.69,202312,4.82,0.38,64.93,2.73
41.26,28.72,202301,5.51,0.38,69.94,1.04
41.26,28.72,202302,8.89,0.45,66.0,1.93
41.26,28.72,202303,11.1,0.41,71.25,2.63
41.26,28.72,202304,15.63,0.45,72.39,2.79
41.26,28.72,202305,18.84,0.48,71.78,1.09
41.26,28.72,202306,24.01,0.58,45.28,0.55
41.26,28.72,202307,26.15,0.65,23.83,0.34
41.26,28.72,202308,21.47,0.59,31.41,0.25
41.26,28.72,202309,16.72,0.56,46.02,2.03
41.26,28.72,202310,11.52,0.52,49.57,0.64
41.26,28.72,202311,6.49,0.41,68.19,8.01
41.26,28.72,202312,4.82,0.38,64.93,2.73
41.26,28.75,202301,5.51,0.38,69.94,1.04
41.26,28.75,202302,8.89,0.45,66.0,1.93
41.26,28.75,202303,11.1,0.41,71.25,2.63
41.26,28.75,202304,15.63,0.45,72.39,2.79
41.26,28.75,202305,18.84,0.48,71.78,1.09
41.26,28.75,202306,24.01,0.58,45.28,0.55
41.26,28.75,202307,26.15,0.65,23.83,0.34
41.26,28.75,202308,21.47,0.59,31.41,0.25
41.26,28.75,202309,16.72,0.56,46.02,2.03
41.26,28.75,202310,11.52,0.52,49.57,0.64
41.26,28.75,202311,6.49,0.41,68.19,8.01
41.26,28.75,202312,4.82,0.38,64.93,2.73
41.26,28.78,202301,5.51,0.38,69.94,1.04
41.26,28.78,202302,8.89,0.45,66.0,1.93
41.26,28.78,202303,11.1,0.41,71.25,2.63
41.26,28.78,202304,15.63,0.45,72.39,2.79
41.26,28.78,202305,18.84,0.48,71.78,1.09
41.26,28.78,202306,24.01,0.58,45.28,0.55
41.26,28.78,202307,26.15,0.65,23.83,0.34
41.26,28.78,202308,21.47,0.59,31.41,0.25
41.26,28.78,202309,16.72,0.56,46.02,2.03
41.26,28.78,202310,11.52,0.52,49.57,0.64
41.26,28.78,202311,6.49,0.41,68.19,8.01
41.26,28.78,202312,4.82,0.38,64.93,2.73
41.26,28.81,202301,5.51,0.38,69.94,1.04
41.26,28.81,202302,8.89,0.45,66.0,1.93
41.26,28.81,202303,11.1,0.41,71.25,2.63
41.26,28.81,202304,15.63,0.45,72.39,2.79
41.26,28.81,202305,18.84,0.48,71.78,1.09
41.26,28.81,202306,24.01,0.58,45.28,0.55
41.26,28.81,202307,26.15,0.65,23.83,0.34
41.26,28.81,202308,21.47,0.59,31.41,0.25
41.26,28.81,202309,16.72,0.56,46.02,2.03
41.26,28.81,202310,11.52,0.52,49.57,0.64
41.26,28.81,202311,6.49,0.41,68.19,8.01
41.26,28.81,202312,4.82,0.38,64.93,2.73
41.26,28.84,202301,5.51,0.38,69.94,1.04
41.26,28.84,202302,8.89,0.45,66.0,1.93
41.26,28.84,202303,11.1,0.41,71.25,2.63
41.26,28.84,202304,15.63,0.45,72.39,2.79
41.26,28.84,202305,18.84,0.48,71.78,1.09
41.26,28.84,202306,24.01,0.58,45.28,0.55
41.26,28.84,202307,26.15,0.65,23.83,0.34
41.26,28.84,202308,21.47,0.59,31.41,0.25
41.26,28.84,202309,16.72,0.56,46.02,2.03
41.26,28.84,202310,11.52,0.52,49.57,0.64
41.26,28.84,202311,6.49,0.41,68.19,8.01
41.26,28.84,202312,4.82,0.38,64.93,2.73
41.26,28.87,202301,5.51,0.38,69.94,1.04
41.26,28.87,202302,8.89,0.45,66.0,1.93
41.26,28.87,202303,11.1,0.41,71.25,2.63
41.26,28.87,202304,15.63,0.45,72.39,2.79
41.26,28.87,202305,18.84,0.48,71.78,1.09
41.26,28.87,202306,24.01,0.58,45.28,0.55
41.26,28.87,202307,26.15,0.65,23.83,0.34
41.26,28.87,202308,21.47,0.59,31.41,0.25
41.26,28.87,202309,16.72,0.56,46.02,2.03
41.26,28.87,202310,11.52,0.52,49.57,0.64
41.26,28.87,202311,6.49,0.41,68.19,8.01
41.26,28.87,202312,4.82,0.38,64.93,2.73
41.26,28.9,202301,5.51,0.38,69.94,1.04
41.26,28.9,202302,8.89,0.45,66.0,1.93
41.26,28.9,202303,11.1,0.41,71.25,2.63
41.26,28.9,202304,15.63,0.45,72.39,2.79
41.26,28.9,202305,18.84,0.48,71.78,1.09
41.26,28.9,202306,24.01,0.58,45.28,0.55
41.26,28.9,202307,26.15,0.65,23.83,0.34
41.26,28.9,202308,21.47,0.59,31.41,0.25
41.26,28.9,202309,16.72,0.56,46.02,2.03
41.26,28.9,202310,11.52,0.52,49.57,0.64
41.26,28.9,202311,6.49,0.41,68.19,8.01
41.26,28.9,202312,4.82,0.38,64.93,2.73
41.28,28.09,202301,5.51,0.38,69.94,0.94
41.28,28.09,202302,8.89,0.45,66.0,1.2
41.28,28.09,202303,11.1,0.41,71.25,2.13
41.28,28.09,202304,15.63,0.45,72.39,2.93
41.28,28.09,202305,18.84,0.48,71.78,1.08
41.28,28.09,202306,24.01,0.58,45.28,0.72
41.28,28.09,202307,26.15,0.65,23.83,0.41
41.28,28.09,202308,21.47,0.59,31.41,0.23
41.28,28.09,202309,16.72,0.56,46.02,1.46
41.28,28.09,202310,11.52,0.52,49.57,0.39
41.28,28.09,202311,6.49,0.41,68.19,6.69
41.28,28.09,202312,4.82,0.38,64.93,2.67
41.28,28.12,202301,5.51,0.38,69.94,0.94
41.28,28.12,202302,8.89,0.45,66.0,1.2
41.28,28.12,202303,11.1,0.41,71.25,2.13
41.28,28.12,202304,15.63,0.45,72.39,2.93
41.28,28.12,202305,18.84,0.48,71.78,1.08
41.28,28.12,202306,24.01,0.58,45.28,0.72
41.28,28.12,202307,26.15,0.65,23.83,0.41
41.28,28.12,202308,21.47,0.59,31.41,0.23
41.28,28.12,202309,16.72,0.56,46.02,1.46
41.28,28.12,202310,11.52,0.52,49.57,0.39
41.28,28.12,202311,6.49,0.41,68.19,6.69
41.28,28.12,202312,4.82,0.38,64.93,2.67
41.28,28.15,202301,5.51,0.38,69.94,0.94
41.28,28.15,202302,8.89,0.45,66.0,1.2
41.28,28.15,202303,11.1,0.41,71.25,2.13
41.28,28.15,202304,15.63,0.45,72.39,2.93
41.28,28.15,202305,18.84,0.48,71.78,1.08
41.28,28.15,202306,24.01,0.58,45.28,0.72
41.28,28.15,202307,26.15,0.65,23.83,0.41
41.28,28.15,202308,21.47,0.59,31.41,0.23
41.28,28.15,202309,16.72,0.56,46.02,1.46
41.28,28.15,202310,11.52,0.52,49.57,0.39
41.28,28.15,202311,6.49,0.41,68.19,6.69
41.28,28.15,202312,4.82,0.38,64.93,2.67
41.28,28.18,202301,5.51,0.38,69.94,0.94
41.28,28.18,202302,8.89,0.45,66.0,1.2
41.28,28.18,202303,11.1,0.41,71.25,2.13
41.28,28.18,202304,15.63,0.45,72.39,2.93
41.28,28.18,202305,18.84,0.48,71.78,1.08
41.28,28.18,202306,24.01,0.58,45.28,0.72
41.28,28.18,202307,26.15,0.65,23.83,0.41
41.28,28.18,202308,21.47,0.59,31.41,0.23
41.28,28.18,202309,16.72,0.56,46.02,1.46
41.28,28.18,202310,11.52,0.52,49.57,0.39
41.28,28.18,202311,6.49,0.41,68.19,6.69
41.28,28.18,202312,4.82,0.38,64.93,2.67
41.28,28.21,202301,5.51,0.38,69.94,0.94
41.28,28.21,202302,8.89,0.45,66.0,1.2
41.28,28.21,202303,11.1,0.41,71.25,2.13
41.28,28.21,202304,15.63,0.45,72.39,2.93
41.28,28.21,202305,18.84,0.48,71.78,1.08
41.28,28.21,202306,24.01,0.58,45.28,0.72
41.28,28.21,202307,26.15,0.65,23.83,0.41
41.28,28.21,202308,21.47,0.59,31.41,0.23
41.28,28.21,202309,16.72,0.56,46.02,1.46
41.28,28.21,202310,11.52,0.52,49.57,0.39
41.28,28.21,202311,6.49,0.41,68.19,6.69
41.28,28.21,202312,4.82,0.38,64.93,2.67
41.28,28.24,202301,5.51,0.38,69.94,0.94
41.28,28.24,202302,8.89,0.45,66.0,1.2
41.28,28.24,202303,11.1,0.41,71.25,2.13
41.28,28.24,202304,15.63,0.45,72.39,2.93
41.28,28.24,202305,18.84,0.48,71.78,1.08
41.28,28.24,202306,24.01,0.58,45.28,0.72
41.28,28.24,202307,26.15,0.65,23.83,0.41
41.28,28.24,202308,21.47,0.59,31.41,0.23
41.28,28.24,202309,16.72,0.56,46.02,1.46
41.28,28.24,202310,11.52,0.52,49.57,0.39
41.28,28.24,202311,6.49,0.41,68.19,6.69
41.28,28.24,202312,4.82,0.38,64.93,2.67
41.28,28.27,202301,5.51,0.38,69.94,0.94
41.28,28.27,202302,8.89,0.45,66.0,1.2
41.28,28.27,202303,11.1,0.41,71.25,2.13
41.28,28.27,202304,15.63,0.45,72.39,2.93
41.28,28.27,202305,18.84,0.48,71.78,1.08
41.28,28.27,202306,24.01,0.58,45.28,0.72
41.28,28.27,202307,26.15,0.65,23.83,0.41
41.28,28.27,202308,21.47,0.59,31.41,0.23
41.28,28.27,202309,16.72,0.56,46.02,1.46
41.28,28.27,202310,11.52,0.52,49.57,0.39
41.28,28.27,202311,6.49,0.41,68.19,6.69
41.28,28.27,202312,4.82,0.38,64.93,2.67
41.28,28.3,202301,5.51,0.38,69.94,0.94
41.28,28.3,202302,8.89,0.45,66.0,1.2
41.28,28.3,202303,11.1,0.41,71.25,2.13
41.28,28.3,202304,15.63,0.45,72.39,2.93
41.28,28.3,202305,18.84,0.48,71.78,1.08
41.28,28.3,202306,24.01,0.58,45.28,0.72
41.28,28.3,202307,26.15,0.65,23.83,0.41
41.28,28.3,202308,21.47,0.59,31.41,0.23
41.28,28.3,202309,16.72,0.56,46.02,1.46
41.28,28.3,202310,11.52,0.52,49.57,0.39
41.28,28.3,202311,6.49,0.41,68.19,6.69
41.28,28.3,202312,4.82,0.38,64.93,2.67
41.28,28.33,202301,5.51,0.38,69.94,0.94
41.28,28.33,202302,8.89,0.45,66.0,1.2
41.28,28.33,202303,11.1,0.41,71.25,2.13
41.28,28.33,202304,15.63,0.45,72.39,2.93
41.28,28.33,202305,18.84,0.48,71.78,1.08
41.28,28.33,202306,24.01,0.58,45.28,0.72
41.28,28.33,202307,26.15,0.65,23.83,0.41
41.28,28.33,202308,21.47,0.59,31.41,0.23
41.28,28.33,202309,16.72,0.56,46.02,1.46
41.28,28.33,202310,11.52,0.52,49.57,0.39
41.28,28.33,202311,6.49,0.41,68.19,6.69
41.28,28.33,202312,4.82,0.38,64.93,2.67
41.28,28.36,202301,5.51,0.38,69.94,0.94
41.28,28.36,202302,8.89,0.45,66.0,1.2
41.28,28.36,202303,11.1,0.41,71.25,2.13
41.28,28.36,202304,15.63,0.45,72.39,2.93
41.28,28.36,202305,18.84,0.48,71.78,1.08
41.28,28.36,202306,24.01,0.58,45.28,0.72
41.28,28.36,202307,26.15,0.65,23.83,0.41
41.28,28.36,202308,21.47,0.59,31.41,0.23
41.28,28.36,202309,16.72,0.56,46.02,1.46
41.28,28.36,202310,11.52,0.52,49.57,0.39
41.28,28.36,202311,6.49,0.41,68.19,6.69
41.28,28.36,202312,4.82,0.38,64.93,2.67
41.28,28.39,202301,5.51,0.38,69.94,0.94
41.28,28.39,202302,8.89,0.45,66.0,1.2
41.28,28.39,202303,11.1,0.41,71.25,2.13
41.28,28.39,202304,15.63,0.45,72.39,2.93
41.28,28.39,202305,18.84,0.48,71.78,1.08
41.28,28.39,202306,24.01,0.58,45.28,0.72
41.28,28.39,202307,26.15,0.65,23.83,0.41
41.28,28.39,202308,21.47,0.59,31.41,0.23
41.28,28.39,202309,16.72,0.56,46.02,1.46
41.28,28.39,202310,11.52,0.52,49.57,0.39
41.28,28.39,202311,6.49,0.41,68.19,6.69
41.28,28.39,202312,4.82,0.38,64.93,2.67
41.28,28.42,202301,5.51,0.38,69.94,0.94
41.28,28.42,202302,8.89,0.45,66.0,1.2
41.28,28.42,202303,11.1,0.41,71.25,2.13
41.28,28.42,202304,15.63,0.45,72.39,2.93
41.28,28.42,202305,18.84,0.48,71.78,1.08
41.28,28.42,202306,24.01,0.58,45.28,0.72
41.28,28.42,202307,26.15,0.65,23.83,0.41
41.28,28.42,202308,21.47,0.59,31.41,0.23
41.28,28.42,202309,16.72,0.56,46.02,1.46
41.28,28.42,202310,11.52,0.52,49.57,0.39
41.28,28.42,202311,6.49,0.41,68.19,6.69
41.28,28.42,202312,4.82,0.38,64.93,2.67
41.28,28.45,202301,5.51,0.38,69.94,1.04
41.28,28.45,202302,8.89,0.45,66.0,1.93
41.28,28.45,202303,11.1,0.41,71.25,2.63
41.28,28.45,202304,15.63,0.45,72.39,2.79
41.28,28.45,202305,18.84,0.48,71.78,1.09
41.28,28.45,202306,24.01,0.58,45.28,0.55
41.28,28.45,202307,26.15,0.65,23.83,0.34
41.28,28.45,202308,21.47,0.59,31.41,0.25
41.28,28.45,202309,16.72,0.56,46.02,2.03
41.28,28.45,202310,11.52,0.52,49.57,0.64
41.28,28.45,202311,6.49,0.41,68.19,8.01
41.28,28.45,202312,4.82,0.38,64.93,2.73
41.28,28.48,202301,5.51,0.38,69.94,1.04
41.28,28.48,202302,8.89,0.45,66.0,1.93
41.28,28.48,202303,11.1,0.41,71.25,2.63
41.28,28.48,202304,15.63,0.45,72.39,2.79
41.28,28.48,202305,18.84,0.48,71.78,1.09
41.28,28.48,202306,24.01,0.58,45.28,0.55
41.28,28.48,202307,26.15,0.65,23.83,0.34
41.28,28.48,202308,21.47,0.59,31.41,0.25
41.28,28.48,202309,16.72,0.56,46.02,2.03
41.28,28.48,202310,11.52,0.52,49.57,0.64
41.28,28.48,202311,6.49,0.41,68.19,8.01
41.28,28.48,202312,4.82,0.38,64.93,2.73
41.28,28.51,202301,5.51,0.38,69.94,1.04
41.28,28.51,202302,8.89,0.45,66.0,1.93
41.28,28.51,202303,11.1,0.41,71.25,2.63
41.28,28.51,202304,15.63,0.45,72.39,2.79
41.28,28.51,202305,18.84,0.48,71.78,1.09
41.28,28.51,202306,24.01,0.58,45.28,0.55
41.28,28.51,202307,26.15,0.65,23.83,0.34
41.28,28.51,202308,21.47,0.59,31.41,0.25
41.28,28.51,202309,16.72,0.56,46.02,2.03
41.28,28.51,202310,11.52,0.52,49.57,0.64
41.28,28.51,202311,6.49,0.41,68.19,8.01
41.28,28.51,202312,4.82,0.38,64.93,2.73
41.28,28.54,202301,5.51,0.38,69.94,1.04
41.28,28.54,202302,8.89,0.45,66.0,1.93
41.28,28.54,202303,11.1,0.41,71.25,2.63
41.28,28.54,202304,15.63,0.45,72.39,2.79
41.28,28.54,202305,18.84,0.48,71.78,1.09
41.28,28.54,202306,24.01,0.58,45.28,0.55
41.28,28.54,202307,26.15,0.65,23.83,0.34
41.28,28.54,202308,21.47,0.59,31.41,0.25
41.28,28.54,202309,16.72,0.56,46.02,2.03
41.28,28.54,202310,11.52,0.52,49.57,0.64
41.28,28.54,202311,6.49,0.41,68.19,8.01
41.28,28.54,202312,4.82,0.38,64.93,2.73
41.28,28.57,202301,5.51,0.38,69.94,1.04
41.28,28.57,202302,8.89,0.45,66.0,1.93
41.28,28.57,202303,11.1,0.41,71.25,2.63
41.28,28.57,202304,15.63,0.45,72.39,2.79
41.28,28.57,202305,18.84,0.48,71.78,1.09
41.28,28.57,202306,24.01,0.58,45.28,0.55
41.28,28.57,202307,26.15,0.65,23.83,0.34
41.28,28.57,202308,21.47,0.59,31.41,0.25
41.28,28.57,202309,16.72,0.56,46.02,2.03
41.28,28.57,202310,11.52,0.52,49.57,0.64
41.28,28.57,202311,6.49,0.41,68.19,8.01
41.28,28.57,202312,4.82,0.38,64.93,2.73
41.28,28.6,202301,5.51,0.38,69.94,1.04
41.28,28.6,202302,8.89,0.45,66.0,1.93
41.28,28.6,202303,11.1,0.41,71.25,2.63
41.28,28.6,202304,15.63,0.45,72.39,2.79
41.28,28.6,202305,18.84,0.48,71.78,1.09
41.28,28.6,202306,24.01,0.58,45.28,0.55
41.28,28.6,202307,26.15,0.65,23.83,0.34
41.28,28.6,202308,21.47,0.59,31.41,0.25
41.28,28.6,202309,16.72,0.56,46.02,2.03
41.28,28.6,202310,11.52,0.52,49.57,0.64
41.28,28.6,202311,6.49,0.41,68.19,8.01
41.28,28.6,202312,4.82,0.38,64.93,2.73
41.28,28.63,202301,5.51,0.38,69.94,1.04
41.28,28.63,202302,8.89,0.45,66.0,1.93
41.28,28.63,202303,11.1,0.41,71.25,2.63
41.28,28.63,202304,15.63,0.45,72.39,2.79
41.28,28.63,202305,18.84,0.48,71.78,1.09
41.28,28.63,202306,24.01,0.58,45.28,0.55
41.28,28.63,202307,26.15,0.65,23.83,0.34
41.28,28.63,202308,21.47,0.59,31.41,0.25
41.28,28.63,202309,16.72,0.56,46.02,2.03
41.28,28.63,202310,11.52,0.52,49.57,0.64
41.28,28.63,202311,6.49,0.41,68.19,8.01
41.28,28.63,202312,4.82,0.38,64.93,2.73
41.28,28.66,202301,5.51,0.38,69.94,1.04
41.28,28.66,202302,8.89,0.45,66.0,1.93
41.28,28.66,202303,11.1,0.41,71.25,2.63
41.28,28.66,202304,15.63,0.45,72.39,2.79
41.28,28.66,202305,18.84,0.48,71.78,1.09
41.28,28.66,202306,24.01,0.58,45.28,0.55
41.28,28.66,202307,26.15,0.65,23.83,0.34
41.28,28.66,202308,21.47,0.59,31.41,0.25
41.28,28.66,202309,16.72,0.56,46.02,2.03
41.28,28.66,202310,11.52,0.52,49.57,0.64
41.28,28.66,202311,6.49,0.41,68.19,8.01
41.28,28.66,202312,4.82,0.38,64.93,2.73
41.28,28.69,202301,5.51,0.38,69.94,1.04
41.28,28.69,202302,8.89,0.45,66.0,1.93
41.28,28.69,202303,11.1,0.41,71.25,2.63
41.28,28.69,202304,15.63,0.45,72.39,2.79
41.28,28.69,202305,18.84,0.48,71.78,1.09
41.28,28.69,202306,24.01,0.58,45.28,0.55
41.28,28.69,202307,26.15,0.65,23.83,0.34
41.28,28.69,202308,21.47,0.59,31.41,0.25
41.28,28.69,202309,16.72,0.56,46.02,2.03
41.28,28.69,202310,11.52,0.52,49.57,0.64
41.28,28.69,202311,6.49,0.41,68.19,8.01
41.28,28.69,202312,4.82,0.38,64.93,2.73
41.28,28.72,202301,5.51,0.38,69.94,1.04
41.28,28.72,202302,8.89,0.45,66.0,1.93
41.28,28.72,202303,11.1,0.41,71.25,2.63
41.28,28.72,202304,15.63,0.45,72.39,2.79
41.28,28.72,202305,18.84,0.48,71.78,1.09
41.28,28.72,202306,24.01,0.58,45.28,0.55
41.28,28.72,202307,26.15,0.65,23.83,0.34
41.28,28.72,202308,21.47,0.59,31.41,0.25
41.28,28.72,202309,16.72,0.56,46.02,2.03
41.28,28.72,202310,11.52,0.52,49.57,0.64
41.28,28.72,202311,6.49,0.41,68.19,8.01
41.28,28.72,202312,4.82,0.38,64.93,2.73
41.28,28.75,202301,5.51,0.38,69.94,1.04
41.28,28.75,202302,8.89,0.45,66.0,1.93
41.28,28.75,202303,11.1,0.41,71.25,2.63
41.28,28.75,202304,15.63,0.45,72.39,2.79
41.28,28.75,202305,18.84,0.48,71.78,1.09
41.28,28.75,202306,24.01,0.58,45.28,0.55
41.28,28.75,202307,26.15,0.65,23.83,0.34
41.28,28.75,202308,21.47,0.59,31.41,0.25
41.28,28.75,202309,16.72,0.56,46.02,2.03
41.28,28.75,202310,11.52,0.52,49.57,0.64
41.28,28.75,202311,6.49,0.41,68.19,8.01
41.28,28.75,202312,4.82,0.38,64.93,2.73
41.28,28.78,202301,5.51,0.38,69.94,1.04
41.28,28.78,202302,8.89,0.45,66.0,1.93
41.28,28.78,202303,11.1,0.41,71.25,2.63
41.28,28.78,202304,15.63,0.45,72.39,2.79
41.28,28.78,202305,18.84,0.48,71.78,1.09
41.28,28.78,202306,24.01,0.58,45.28,0.55
41.28,28.78,202307,26.15,0.65,23.83,0.34
41.28,28.78,202308,21.47,0.59,31.41,0.25
41.28,28.78,202309,16.72,0.56,46.02,2.03
41.28,28.78,202310,11.52,0.52,49.57,0.64
41.28,28.78,202311,6.49,0.41,68.19,8.01
41.28,28.78,202312,4.82,0.38,64.93,2.73
41.28,28.81,202301,5.51,0.38,69.94,1.04
41.28,28.81,202302,8.89,0.45,66.0,1.93
41.28,28.81,202303,11.1,0.41,71.25,2.63
41.28,28.81,202304,15.63,0.45,72.39,2.79
41.28,28.81,202305,18.84,0.48,71.78,1.09
41.28,28.81,202306,24.01,0.58,45.28,0.55
41.28,28.81,202307,26.15,0.65,23.83,0.34
41.28,28.81,202308,21.47,0.59,31.41,0.25
41.28,28.81,202309,16.72,0.56,46.02,2.03
41.28,28.81,202310,11.52,0.52,49.57,0.64
41.28,28.81,202311,6.49,0.41,68.19,8.01
41.28,28.81,202312,4.82,0.38,64.93,2.73
41.28,28.84,202301,5.51,0.38,69.94,1.04
41.28,28.84,202302,8.89,0.45,66.0,1.93
41.28,28.84,202303,11.1,0.41,71.25,2.63
41.28,28.84,202304,15.63,0.45,72.39,2.79
41.28,28.84,202305,18.84,0.48,71.78,1.09
41.28,28.84,202306,24.01,0.58,45.28,0.55
41.28,28.84,202307,26.15,0.65,23.83,0.34
41.28,28.84,202308,21.47,0.59,31.41,0.25
41.28,28.84,202309,16.72,0.56,46.02,2.03
41.28,28.84,202310,11.52,0.52,49.57,0.64
41.28,28.84,202311,6.49,0.41,68.19,8.01
41.28,28.84,202312,4.82,0.38,64.93,2.73
41.3,28.09,202301,5.51,0.38,69.94,0.94
41.3,28.09,202302,8.89,0.45,66.0,1.2
41.3,28.09,202303,11.1,0.41,71.25,2.13
41.3,28.09,202304,15.63,0.45,72.39,2.93
41.3,28.09,202305,18.84,0.48,71.78,1.08
41.3,28.09,202306,24.01,0.58,45.28,0.72
41.3,28.09,202307,26.15,0.65,23.83,0.41
41.3,28.09,202308,21.47,0.59,31.41,0.23
41.3,28.09,202309,16.72,0.56,46.02,1.46
41.3,28.09,202310,11.52,0.52,49.57,0.39
41.3,28.09,202311,6.49,0.41,68.19,6.69
41.3,28.09,202312,4.82,0.38,64.93,2.67
41.3,28.12,202301,5.51,0.38,69.94,0.94
41.3,28.12,202302,8.89,0.45,66.0,1.2
41.3,28.12,202303,11.1,0.41,71.25,2.13
41.3,28.12,202304,15.63,0.45,72.39,2.93
41.3,28.12,202305,18.84,0.48,71.78,1.08
41.3,28.12,202306,24.01,0.58,45.28,0.72
41.3,28.12,202307,26.15,0.65,23.83,0.41
41.3,28.12,202308,21.47,0.59,31.41,0.23
41.3,28.12,202309,16.72,0.56,46.02,1.46
41.3,28.12,202310,11.52,0.52,49.57,0.39
41.3,28.12,202311,6.49,0.41,68.19,6.69
41.3,28.12,202312,4.82,0.38,64.93,2.67
41.3,28.15,202301,5.51,0.38,69.94,0.94
41.3,28.15,202302,8.89,0.45,66.0,1.2
41.3,28.15,202303,11.1,0.41,71.25,2.13
41.3,28.15,202304,15.63,0.45,72.39,2.93
41.3,28.15,202305,18.84,0.48,71.78,1.08
41.3,28.15,202306,24.01,0.58,45.28,0.72
41.3,28.15,202307,26.15,0.65,23.83,0.41
41.3,28.15,202308,21.47,0.59,31.41,0.23
41.3,28.15,202309,16.72,0.56,46.02,1.46
41.3,28.15,202310,11.52,0.52,49.57,0.39
41.3,28.15,202311,6.49,0.41,68.19,6.69
41.3,28.15,202312,4.82,0.38,64.93,2.67
41.3,28.18,202301,5.51,0.38,69.94,0.94
41.3,28.18,202302,8.89,0.45,66.0,1.2
41.3,28.18,202303,11.1,0.41,71.25,2.13
41.3,28.18,202304,15.63,0.45,72.39,2.93
41.3,28.18,202305,18.84,0.48,71.78,1.08
41.3,28.18,202306,24.01,0.58,45.28,0.72
41.3,28.18,202307,26.15,0.65,23.83,0.41
41.3,28.18,202308,21.47,0.59,31.41,0.23
41.3,28.18,202309,16.72,0.56,46.02,1.46
41.3,28.18,202310,11.52,0.52,49.57,0.39
41.3,28.18,202311,6.49,0.41,68.19,6.69
41.3,28.18,202312,4.82,0.38,64.93,2.67
41.3,28.21,202301,5.51,0.38,69.94,0.94
41.3,28.21,202302,8.89,0.45,66.0,1.2
41.3,28.21,202303,11.1,0.41,71.25,2.13
41.3,28.21,202304,15.63,0.45,72.39,2.93
41.3,28.21,202305,18.84,0.48,71.78,1.08
41.3,28.21,202306,24.01,0.58,45.28,0.72
41.3,28.21,202307,26.15,0.65,23.83,0.41
41.3,28.21,202308,21.47,0.59,31.41,0.23
41.3,28.21,202309,16.72,0.56,46.02,1.46
41.3,28.21,202310,11.52,0.52,49.57,0.39
41.3,28.21,202311,6.49,0.41,68.19,6.69
41.3,28.21,202312,4.82,0.38,64.93,2.67
41.3,28.24,202301,5.51,0.38,69.94,0.94
41.3,28.24,202302,8.89,0.45,66.0,1.2
41.3,28.24,202303,11.1,0.41,71.25,2.13
41.3,28.24,202304,15.63,0.45,72.39,2.93
41.3,28.24,202305,18.84,0.48,71.78,1.08
41.3,28.24,202306,24.01,0.58,45.28,0.72
41.3,28.24,202307,26.15,0.65,23.83,0.41
41.3,28.24,202308,21.47,0.59,31.41,0.23
41.3,28.24,202309,16.72,0.56,46.02,1.46
41.3,28.24,202310,11.52,0.52,49.57,0.39
41.3,28.24,202311,6.49,0.41,68.19,6.69
41.3,28.24,202312,4.82,0.38,64.93,2.67
41.3,28.27,202301,5.51,0.38,69.94,0.94
41.3,28.27,202302,8.89,0.45,66.0,1.2
41.3,28.27,202303,11.1,0.41,71.25,2.13
41.3,28.27,202304,15.63,0.45,72.39,2.93
41.3,28.27,202305,18.84,0.48,71.78,1.08
41.3,28.27,202306,24.01,0.58,45.28,0.72
41.3,28.27,202307,26.15,0.65,23.83,0.41
41.3,28.27,202308,21.47,0.59,31.41,0.23
41.3,28.27,202309,16.72,0.56,46.02,1.46
41.3,28.27,202310,11.52,0.52,49.57,0.39
41.3,28.27,202311,6.49,0.41,68.19,6.69
41.3,28.27,202312,4.82,0.38,64.93,2.67
41.3,28.3,202301,5.51,0.38,69.94,0.94
41.3,28.3,202302,8.89,0.45,66.0,1.2
41.3,28.3,202303,11.1,0.41,71.25,2.13
41.3,28.3,202304,15.63,0.45,72.39,2.93
41.3,28.3,202305,18.84,0.48,71.78,1.08
41.3,28.3,202306,24.01,0.58,45.28,0.72
41.3,28.3,202307,26.15,0.65,23.83,0.41
41.3,28.3,202308,21.47,0.59,31.41,0.23
41.3,28.3,202309,16.72,0.56,46.02,1.46
41.3,28.3,202310,11.52,0.52,49.57,0.39
41.3,28.3,202311,6.49,0.41,68.19,6.69
41.3,28.3,202312,4.82,0.38,64.93,2.67
41.3,28.33,202301,5.51,0.38,69.94,0.94
41.3,28.33,202302,8.89,0.45,66.0,1.2
41.3,28.33,202303,11.1,0.41,71.25,2.13
41.3,28.33,202304,15.63,0.45,72.39,2.93
41.3,28.33,202305,18.84,0.48,71.78,1.08
41.3,28.33,202306,24.01,0.58,45.28,0.72
41.3,28.33,202307,26.15,0.65,23.83,0.41
41.3,28.33,202308,21.47,0.59,31.41,0.23
41.3,28.33,202309,16.72,0.56,46.02,1.46
41.3,28.33,202310,11.52,0.52,49.57,0.39
41.3,28.33,202311,6.49,0.41,68.19,6.69
41.3,28.33,202312,4.82,0.38,64.93,2.67
41.3,28.36,202301,5.51,0.38,69.94,0.94
41.3,28.36,202302,8.89,0.45,66.0,1.2
41.3,28.36,202303,11.1,0.41,71.25,2.13
41.3,28.36,202304,15.63,0.45,72.39,2.93
41.3,28.36,202305,18.84,0.48,71.78,1.08
41.3,28.36,202306,24.01,0.58,45.28,0.72
41.3,28.36,202307,26.15,0.65,23.83,0.41
41.3,28.36,202308,21.47,0.59,31.41,0.23
41.3,28.36,202309,16.72,0.56,46.02,1.46
41.3,28.36,202310,11.52,0.52,49.57,0.39
41.3,28.36,202311,6.49,0.41,68.19,6.69
41.3,28.36,202312,4.82,0.38,64.93,2.67
41.3,28.39,202301,5.51,0.38,69.94,0.94
41.3,28.39,202302,8.89,0.45,66.0,1.2
41.3,28.39,202303,11.1,0.41,71.25,2.13
41.3,28.39,202304,15.63,0.45,72.39,2.93
41.3,28.39,202305,18.84,0.48,71.78,1.08
41.3,28.39,202306,24.01,0.58,45.28,0.72
41.3,28.39,202307,26.15,0.65,23.83,0.41
41.3,28.39,202308,21.47,0.59,31.41,0.23
41.3,28.39,202309,16.72,0.56,46.02,1.46
41.3,28.39,202310,11.52,0.52,49.57,0.39
41.3,28.39,202311,6.49,0.41,68.19,6.69
41.3,28.39,202312,4.82,0.38,64.93,2.67
41.3,28.42,202301,5.51,0.38,69.94,0.94
41.3,28.42,202302,8.89,0.45,66.0,1.2
41.3,28.42,202303,11.1,0.41,71.25,2.13
41.3,28.42,202304,15.63,0.45,72.39,2.93
41.3,28.42,202305,18.84,0.48,71.78,1.08
41.3,28.42,202306,24.01,0.58,45.28,0.72
41.3,28.42,202307,26.15,0.65,23.83,0.41
41.3,28.42,202308,21.47,0.59,31.41,0.23
41.3,28.42,202309,16.72,0.56,46.02,1.46
41.3,28.42,202310,11.52,0.52,49.57,0.39
41.3,28.42,202311,6.49,0.41,68.19,6.69
41.3,28.42,202312,4.82,0.38,64.93,2.67
41.3,28.45,202301,5.51,0.38,69.94,1.04
41.3,28.45,202302,8.89,0.45,66.0,1.93
41.3,28.45,202303,11.1,0.41,71.25,2.63
41.3,28.45,202304,15.63,0.45,72.39,2.79
41.3,28.45,202305,18.84,0.48,71.78,1.09
41.3,28.45,202306,24.01,0.58,45.28,0.55
41.3,28.45,202307,26.15,0.65,23.83,0.34
41.3,28.45,202308,21.47,0.59,31.41,0.25
41.3,28.45,202309,16.72,0.56,46.02,2.03
41.3,28.45,202310,11.52,0.52,49.57,0.64
41.3,28.45,202311,6.49,0.41,68.19,8.01
41.3,28.45,202312,4.82,0.38,64.93,2.73
41.3,28.48,202301,5.51,0.38,69.94,1.04
41.3,28.48,202302,8.89,0.45,66.0,1.93
41.3,28.48,202303,11.1,0.41,71.25,2.63
41.3,28.48,202304,15.63,0.45,72.39,2.79
41.3,28.48,202305,18.84,0.48,71.78,1.09
41.3,28.48,202306,24.01,0.58,45.28,0.55
41.3,28.48,202307,26.15,0.65,23.83,0.34
41.3,28.48,202308,21.47,0.59,31.41,0.25
41.3,28.48,202309,16.72,0.56,46.02,2.03
41.3,28.48,202310,11.52,0.52,49.57,0.64
41.3,28.48,202311,6.49,0.41,68.19,8.01
41.3,28.48,202312,4.82,0.38,64.93,2.73
41.3,28.51,202301,5.51,0.38,69.94,1.04
41.3,28.51,202302,8.89,0.45,66.0,1.93
41.3,28.51,202303,11.1,0.41,71.25,2.63
41.3,28.51,202304,15.63,0.45,72.39,2.79
41.3,28.51,202305,18.84,0.48,71.78,1.09
41.3,28.51,202306,24.01,0.58,45.28,0.55
41.3,28.51,202307,26.15,0.65,23.83,0.34
41.3,28.51,202308,21.47,0.59,31.41,0.25
41.3,28.51,202309,16.72,0.56,46.02,2.03
41.3,28.51,202310,11.52,0.52,49.57,0.64
41.3,28.51,202311,6.49,0.41,68.19,8.01
41.3,28.51,202312,4.82,0.38,64.93,2.73
41.3,28.54,202301,5.51,0.38,69.94,1.04
41.3,28.54,202302,8.89,0.45,66.0,1.93
41.3,28.54,202303,11.1,0.41,71.25,2.63
41.3,28.54,202304,15.63,0.45,72.39,2.79
41.3,28.54,202305,18.84,0.48,71.78,1.09
41.3,28.54,202306,24.01,0.58,45.28,0.55
41.3,28.54,202307,26.15,0.65,23.83,0.34
41.3,28.54,202308,21.47,0.59,31.41,0.25
41.3,28.54,202309,16.72,0.56,46.02,2.03
41.3,28.54,202310,11.52,0.52,49.57,0.64
41.3,28.54,202311,6.49,0.41,68.19,8.01
41.3,28.54,202312,4.82,0.38,64.93,2.73
41.3,28.57,202301,5.51,0.38,69.94,1.04
41.3,28.57,202302,8.89,0.45,66.0,1.93
41.3,28.57,202303,11.1,0.41,71.25,2.63
41.3,28.57,202304,15.63,0.45,72.39,2.79
41.3,28.57,202305,18.84,0.48,71.78,1.09
41.3,28.57,202306,24.01,0.58,45.28,0.55
41.3,28.57,202307,26.15,0.65,23.83,0.34
41.3,28.57,202308,21.47,0.59,31.41,0.25
41.3,28.57,202309,16.72,0.56,46.02,2.03
41.3,28.57,202310,11.52,0.52,49.57,0.64
41.3,28.57,202311,6.49,0.41,68.19,8.01
41.3,28.57,202312,4.82,0.38,64.93,2.73
41.3,28.6,202301,5.51,0.38,69.94,1.04
41.3,28.6,202302,8.89,0.45,66.0,1.93
41.3,28.6,202303,11.1,0.41,71.25,2.63
41.3,28.6,202304,15.63,0.45,72.39,2.79
41.3,28.6,202305,18.84,0.48,71.78,1.09
41.3,28.6,202306,24.01,0.58,45.28,0.55
41.3,28.6,202307,26.15,0.65,23.83,0.34
41.3,28.6,202308,21.47,0.59,31.41,0.25
41.3,28.6,202309,16.72,0.56,46.02,2.03
41.3,28.6,202310,11.52,0.52,49.57,0.64
41.3,28.6,202311,6.49,0.41,68.19,8.01
41.3,28.6,202312,4.82,0.38,64.93,2.73
41.3,28.63,202301,5.51,0.38,69.94,1.04
41.3,28.63,202302,8.89,0.45,66.0,1.93
41.3,28.63,202303,11.1,0.41,71.25,2.63
41.3,28.63,202304,15.63,0.45,72.39,2.79
41.3,28.63,202305,18.84,0.48,71.78,1.09
41.3,28.63,202306,24.01,0.58,45.28,0.55
41.3,28.63,202307,26.15,0.65,23.83,0.34
41.3,28.63,202308,21.47,0.59,31.41,0.25
41.3,28.63,202309,16.72,0.56,46.02,2.03
41.3,28.63,202310,11.52,0.52,49.57,0.64
41.3,28.63,202311,6.49,0.41,68.19,8.01
41.3,28.63,202312,4.82,0.38,64.93,2.73
41.3,28.66,202301,5.51,0.38,69.94,1.04
41.3,28.66,202302,8.89,0.45,66.0,1.93
41.3,28.66,202303,11.1,0.41,71.25,2.63
41.3,28.66,202304,15.63,0.45,72.39,2.79
41.3,28.66,202305,18.84,0.48,71.78,1.09
41.3,28.66,202306,24.01,0.58,45.28,0.55
41.3,28.66,202307,26.15,0.65,23.83,0.34
41.3,28.66,202308,21.47,0.59,31.41,0.25
41.3,28.66,202309,16.72,0.56,46.02,2.03
41.3,28.66,202310,11.52,0.52,49.57,0.64
41.3,28.66,202311,6.49,0.41,68.19,8.01
41.3,28.66,202312,4.82,0.38,64.93,2.73
41.3,28.69,202301,5.51,0.38,69.94,1.04
41.3,28.69,202302,8.89,0.45,66.0,1.93
41.3,28.69,202303,11.1,0.41,71.25,2.63
41.3,28.69,202304,15.63,0.45,72.39,2.79
41.3,28.69,202305,18.84,0.48,71.78,1.09
41.3,28.69,202306,24.01,0.58,45.28,0.55
41.3,28.69,202307,26.15,0.65,23.83,0.34
41.3,28.69,202308,21.47,0.59,31.41,0.25
41.3,28.69,202309,16.72,0.56,46.02,2.03
41.3,28.69,202310,11.52,0.52,49.57,0.64
41.3,28.69,202311,6.49,0.41,68.19,8.01
41.3,28.69,202312,4.82,0.38,64.93,2.73
41.3,28.72,202301,5.51,0.38,69.94,1.04
41.3,28.72,202302,8.89,0.45,66.0,1.93
41.3,28.72,202303,11.1,0.41,71.25,2.63
41.3,28.72,202304,15.63,0.45,72.39,2.79
41.3,28.72,202305,18.84,0.48,71.78,1.09
41.3,28.72,202306,24.01,0.58,45.28,0.55
41.3,28.72,202307,26.15,0.65,23.83,0.34
41.3,28.72,202308,21.47,0.59,31.41,0.25
41.3,28.72,202309,16.72,0.56,46.02,2.03
41.3,28.72,202310,11.52,0.52,49.57,0.64
41.3,28.72,202311,6.49,0.41,68.19,8.01
41.3,28.72,202312,4.82,0.38,64.93,2.73
41.3,28.75,202301,5.51,0.38,69.94,1.04
41.3,28.75,202302,8.89,0.45,66.0,1.93
41.3,28.75,202303,11.1,0.41,71.25,2.63
41.3,28.75,202304,15.63,0.45,72.39,2.79
41.3,28.75,202305,18.84,0.48,71.78,1.09
41.3,28.75,202306,24.01,0.58,45.28,0.55
41.3,28.75,202307,26.15,0.65,23.83,0.34
41.3,28.75,202308,21.47,0.59,31.41,0.25
41.3,28.75,202309,16.72,0.56,46.02,2.03
41.3,28.75,202310,11.52,0.52,49.57,0.64
41.3,28.75,202311,6.49,0.41,68.19,8.01
41.3,28.75,202312,4.82,0.38,64.93,2.73
41.3,28.78,202301,5.51,0.38,69.94,1.04
41.3,28.78,202302,8.89,0.45,66.0,1.93
41.3,28.78,202303,11.1,0.41,71.25,2.63
41.3,28.78,202304,15.63,0.45,72.39,2.79
41.3,28.78,202305,18.84,0.48,71.78,1.09
41.3,28.78,202306,24.01,0.58,45.28,0.55
41.3,28.78,202307,26.15,0.65,23.83,0.34
41.3,28.78,202308,21.47,0.59,31.41,0.25
41.3,28.78,202309,16.72,0.56,46.02,2.03
41.3,28.78,202310,11.52,0.52,49.57,0.64
41.3,28.78,202311,6.49,0.41,68.19,8.01
41.3,28.78,202312,4.82,0.38,64.93,2.73
41.32,28.09,202301,5.51,0.38,69.94,0.94
41.32,28.09,202302,8.89,0.45,66.0,1.2
41.32,28.09,202303,11.1,0.41,71.25,2.13
41.32,28.09,202304,15.63,0.45,72.39,2.93
41.32,28.09,202305,18.84,0.48,71.78,1.08
41.32,28.09,202306,24.01,0.58,45.28,0.72
41.32,28.09,202307,26.15,0.65,23.83,0.41
41.32,28.09,202308,21.47,0.59,31.41,0.23
41.32,28.09,202309,16.72,0.56,46.02,1.46
41.32,28.09,202310,11.52,0.52,49.57,0.39
41.32,28.09,202311,6.49,0.41,68.19,6.69
41.32,28.09,202312,4.82,0.38,64.93,2.67
41.32,28.12,202301,5.51,0.38,69.94,0.94
41.32,28.12,202302,8.89,0.45,66.0,1.2
41.32,28.12,202303,11.1,0.41,71.25,2.13
41.32,28.12,202304,15.63,0.45,72.39,2.93
41.32,28.12,202305,18.84,0.48,71.78,1.08
41.32,28.12,202306,24.01,0.58,45.28,0.72
41.32,28.12,202307,26.15,0.65,23.83,0.41
41.32,28.12,202308,21.47,0.59,31.41,0.23
41.32,28.12,202309,16.72,0.56,46.02,1.46
41.32,28.12,202310,11.52,0.52,49.57,0.39
41.32,28.12,202311,6.49,0.41,68.19,6.69
41.32,28.12,202312,4.82,0.38,64.93,2.67
41.32,28.15,202301,5.51,0.38,69.94,0.94
41.32,28.15,202302,8.89,0.45,66.0,1.2
41.32,28.15,202303,11.1,0.41,71.25,2.13
41.32,28.15,202304,15.63,0.45,72.39,2.93
41.32,28.15,202305,18.84,0.48,71.78,1.08
41.32,28.15,202306,24.01,0.58,45.28,0.72
41.32,28.15,202307,26.15,0.65,23.83,0.41
41.32,28.15,202308,21.47,0.59,31.41,0.23
41.32,28.15,202309,16.72,0.56,46.02,1.46
41.32,28.15,202310,11.52,0.52,49.57,0.39
41.32,28.15,202311,6.49,0.41,68.19,6.69
41.32,28.15,202312,4.82,0.38,64.93,2.67
41.32,28.18,202301,5.51,0.38,69.94,0.94
41.32,28.18,202302,8.89,0.45,66.0,1.2
41.32,28.18,202303,11.1,0.41,71.25,2.13
41.32,28.18,202304,15.63,0.45,72.39,2.93
41.32,28.18,202305,18.84,0.48,71.78,1.08
41.32,28.18,202306,24.01,0.58,45.28,0.72
41.32,28.18,202307,26.15,0.65,23.83,0.41
41.32,28.18,202308,21.47,0.59,31.41,0.23
41.32,28.18,202309,16.72,0.56,46.02,1.46
41.32,28.18,202310,11.52,0.52,49.57,0.39
41.32,28.18,202311,6.49,0.41,68.19,6.69
41.32,28.18,202312,4.82,0.38,64.93,2.67
41.32,28.21,202301,5.51,0.38,69.94,0.94
41.32,28.21,202302,8.89,0.45,66.0,1.2
41.32,28.21,202303,11.1,0.41,71.25,2.13
41.32,28.21,202304,15.63,0.45,72.39,2.93
41.32,28.21,202305,18.84,0.48,71.78,1.08
41.32,28.21,202306,24.01,0.58,45.28,0.72
41.32,28.21,202307,26.15,0.65,23.83,0.41
41.32,28.21,202308,21.47,0.59,31.41,0.23
41.32,28.21,202309,16.72,0.56,46.02,1.46
41.32,28.21,202310,11.52,0.52,49.57,0.39
41.32,28.21,202311,6.49,0.41,68.19,6.69
41.32,28.21,202312,4.82,0.38,64.93,2.67
41.32,28.24,202301,5.51,0.38,69.94,0.94
41.32,28.24,202302,8.89,0.45,66.0,1.2
41.32,28.24,202303,11.1,0.41,71.25,2.13
41.32,28.24,202304,15.63,0.45,72.39,2.93
41.32,28.24,202305,18.84,0.48,71.78,1.08
41.32,28.24,202306,24.01,0.58,45.28,0.72
41.32,28.24,202307,26.15,0.65,23.83,0.41
41.32,28.24,202308,21.47,0.59,31.41,0.23
41.32,28.24,202309,16.72,0.56,46.02,1.46
41.32,28.24,202310,11.52,0.52,49.57,0.39
41.32,28.24,202311,6.49,0.41,68.19,6.69
41.32,28.24,202312,4.82,0.38,64.93,2.67
41.32,28.27,202301,5.51,0.38,69.94,0.94
41.32,28.27,202302,8.89,0.45,66.0,1.2
41.32,28.27,202303,11.1,0.41,71.25,2.13
41.32,28.27,202304,15.63,0.45,72.39,2.93
41.32,28.27,202305,18.84,0.48,71.78,1.08
41.32,28.27,202306,24.01,0.58,45.28,0.72
41.32,28.27,202307,26.15,0.65,23.83,0.41
41.32,28.27,202308,21.47,0.59,31.41,0.23
41.32,28.27,202309,16.72,0.56,46.02,1.46
41.32,28.27,202310,11.52,0.52,49.57,0.39
41.32,28.27,202311,6.49,0.41,68.19,6.69
41.32,28.27,202312,4.82,0.38,64.93,2.67
41.32,28.3,202301,5.51,0.38,69.94,0.94
41.32,28.3,202302,8.89,0.45,66.0,1.2
41.32,28.3,202303,11.1,0.41,71.25,2.13
41.32,28.3,202304,15.63,0.45,72.39,2.93
41.32,28.3,202305,18.84,0.48,71.78,1.08
41.32,28.3,202306,24.01,0.58,45.28,0.72
41.32,28.3,202307,26.15,0.65,23.83,0.41
41.32,28.3,202308,21.47,0.59,31.41,0.23
41.32,28.3,202309,16.72,0.56,46.02,1.46
41.32,28.3,202310,11.52,0.52,49.57,0.39
41.32,28.3,202311,6.49,0.41,68.19,6.69
41.32,28.3,202312,4.82,0.38,64.93,2.67
41.32,28.33,202301,5.51,0.38,69.94,0.94
41.32,28.33,202302,8.89,0.45,66.0,1.2
41.32,28.33,202303,11.1,0.41,71.25,2.13
41.32,28.33,202304,15.63,0.45,72.39,2.93
41.32,28.33,202305,18.84,0.48,71.78,1.08
41.32,28.33,202306,24.01,0.58,45.28,0.72
41.32,28.33,202307,26.15,0.65,23.83,0.41
41.32,28.33,202308,21.47,0.59,31.41,0.23
41.32,28.33,202309,16.72,0.56,46.02,1.46
41.32,28.33,202310,11.52,0.52,49.57,0.39
41.32,28.33,202311,6.49,0.41,68.19,6.69
41.32,28.33,202312,4.82,0.38,64.93,2.67
41.32,28.36,202301,5.51,0.38,69.94,0.94
41.32,28.36,202302,8.89,0.45,66.0,1.2
41.32,28.36,202303,11.1,0.41,71.25,2.13
41.32,28.36,202304,15.63,0.45,72.39,2.93
41.32,28.36,202305,18.84,0.48,71.78,1.08
41.32,28.36,202306,24.01,0.58,45.28,0.72
41.32,28.36,202307,26.15,0.65,23.83,0.41
41.32,28.36,202308,21.47,0.59,31.41,0.23
41.32,28.36,202309,16.72,0.56,46.02,1.46
41.32,28.36,202310,11.52,0.52,49.57,0.39
41.32,28.36,202311,6.49,0.41,68.19,6.69
41.32,28.36,202312,4.82,0.38,64.93,2.67
41.32,28.39,202301,5.51,0.38,69.94,0.94
41.32,28.39,202302,8.89,0.45,66.0,1.2
41.32,28.39,202303,11.1,0.41,71.25,2.13
41.32,28.39,202304,15.63,0.45,72.39,2.93
41.32,28.39,202305,18.84,0.48,71.78,1.08
41.32,28.39,202306,24.01,0.58,45.28,0.72
41.32,28.39,202307,26.15,0.65,23.83,0.41
41.32,28.39,202308,21.47,0.59,31.41,0.23
41.32,28.39,202309,16.72,0.56,46.02,1.46
41.32,28.39,202310,11.52,0.52,49.57,0.39
41.32,28.39,202311,6.49,0.41,68.19,6.69
41.32,28.39,202312,4.82,0.38,64.93,2.67
41.32,28.42,202301,5.51,0.38,69.94,0.94
41.32,28.42,202302,8.89,0.45,66.0,1.2
41.32,28.42,202303,11.1,0.41,71.25,2.13
41.32,28.42,202304,15.63,0.45,72.39,2.93
41.32,28.42,202305,18.84,0.48,71.78,1.08
41.32,28.42,202306,24.01,0.58,45.28,0.72
41.32,28.42,202307,26.15,0.65,23.83,0.41
41.32,28.42,202308,21.47,0.59,31.41,0.23
41.32,28.42,202309,16.72,0.56,46.02,1.46
41.32,28.42,202310,11.52,0.52,49.57,0.39
41.32,28.42,202311,6.49,0.41,68.19,6.69
41.32,28.42,202312,4.82,0.38,64.93,2.67
41.32,28.45,202301,5.51,0.38,69.94,1.04
41.32,28.45,202302,8.89,0.45,66.0,1.93
41.32,28.45,202303,11.1,0.41,71.25,2.63
41.32,28.45,202304,15.63,0.45,72.39,2.79
41.32,28.45,202305,18.84,0.48,71.78,1.09
41.32,28.45,202306,24.01,0.58,45.28,0.55
41.32,28.45,202307,26.15,0.65,23.83,0.34
41.32,28.45,202308,21.47,0.59,31.41,0.25
41.32,28.45,202309,16.72,0.56,46.02,2.03
41.32,28.45,202310,11.52,0.52,49.57,0.64
41.32,28.45,202311,6.49,0.41,68.19,8.01
41.32,28.45,202312,4.82,0.38,64.93,2.73
41.32,28.48,202301,5.51,0.38,69.94,1.04
41.32,28.48,202302,8.89,0.45,66.0,1.93
41.32,28.48,202303,11.1,0.41,71.25,2.63
41.32,28.48,202304,15.63,0.45,72.39,2.79
41.32,28.48,202305,18.84,0.48,71.78,1.09
41.32,28.48,202306,24.01,0.58,45.28,0.55
41.32,28.48,202307,26.15,0.65,23.83,0.34
41.32,28.48,202308,21.47,0.59,31.41,0.25
41.32,28.48,202309,16.72,0.56,46.02,2.03
41.32,28.48,202310,11.52,0.52,49.57,0.64
41.32,28.48,202311,6.49,0.41,68.19,8.01
41.32,28.48,202312,4.82,0.38,64.93,2.73
41.32,28.51,202301,5.51,0.38,69.94,1.04
41.32,28.51,202302,8.89,0.45,66.0,1.93
41.32,28.51,202303,11.1,0.41,71.25,2.63
41.32,28.51,202304,15.63,0.45,72.39,2.79
41.32,28.51,202305,18.84,0.48,71.78,1.09
41.32,28.51,202306,24.01,0.58,45.28,0.55
41.32,28.51,202307,26.15,0.65,23.83,0.34
41.32,28.51,202308,21.47,0.59,31.41,0.25
41.32,28.51,202309,16.72,0.56,46.02,2.03
41.32,28.51,202310,11.52,0.52,49.57,0.64
41.32,28.51,202311,6.49,0.41,68.19,8.01
41.32,28.51,202312,4.82,0.38,64.93,2.73
41.32,28.54,202301,5.51,0.38,69.94,1.04
41.32,28.54,202302,8.89,0.45,66.0,1.93
41.32,28.54,202303,11.1,0.41,71.25,2.63
41.32,28.54,202304,15.63,0.45,72.39,2.79
41.32,28.54,202305,18.84,0.48,71.78,1.09
41.32,28.54,202306,24.01,0.58,45.28,0.55
41.32,28.54,202307,26.15,0.65,23.83,0.34
41.32,28.54,202308,21.47,0.59,31.41,0.25
41.32,28.54,202309,16.72,0.56,46.02,2.03
41.32,28.54,202310,11.52,0.52,49.57,0.64
41.32,28.54,202311,6.49,0.41,68.19,8.01
41.32,28.54,202312,4.82,0.38,64.93,2.73
41.32,28.57,202301,5.51,0.38,69.94,1.04
41.32,28.57,202302,8.89,0.45,66.0,1.93
41.32,28.57,202303,11.1,0.41,71.25,2.63
41.32,28.57,202304,15.63,0.45,72.39,2.79
41.32,28.57,202305,18.84,0.48,71.78,1.09
41.32,28.57,202306,24.01,0.58,45.28,0.55
41.32,28.57,202307,26.15,0.65,23.83,0.34
41.32,28.57,202308,21.47,0.59,31.41,0.25
41.32,28.57,202309,16.72,0.56,46.02,2.03
41.32,28.57,202310,11.52,0.52,49.57,0.64
41.32,28.57,202311,6.49,0.41,68.19,8.01
41.32,28.57,202312,4.82,0.38,64.93,2.73
41.32,28.6,202301,5.51,0.38,69.94,1.04
41.32,28.6,202302,8.89,0.45,66.0,1.93
41.32,28.6,202303,11.1,0.41,71.25,2.63
41.32,28.6,202304,15.63,0.45,72.39,2.79
41.32,28.6,202305,18.84,0.48,71.78,1.09
41.32,28.6,202306,24.01,0.58,45.28,0.55
41.32,28.6,202307,26.15,0.65,23.83,0.34
41.32,28.6,202308,21.47,0.59,31.41,0.25
41.32,28.6,202309,16.72,0.56,46.02,2.03
41.32,28.6,202310,11.52,0.52,49.57,0.64
41.32,28.6,202311,6.49,0.41,68.19,8.01
41.32,28.6,202312,4.82,0.38,64.93,2.73
41.32,28.63,202301,5.51,0.38,69.94,1.04
41.32,28.63,202302,8.89,0.45,66.0,1.93
41.32,28.63,202303,11.1,0.41,71.25,2.63
41.32,28.63,202304,15.63,0.45,72.39,2.79
41.32,28.63,202305,18.84,0.48,71.78,1.09
41.32,28.63,202306,24.01,0.58,45.28,0.55
41.32,28.63,202307,26.15,0.65,23.83,0.34
41.32,28.63,202308,21.47,0.59,31.41,0.25
41.32,28.63,202309,16.72,0.56,46.02,2.03
41.32,28.63,202310,11.52,0.52,49.57,0.64
41.32,28.63,202311,6.49,0.41,68.19,8.01
41.32,28.63,202312,4.82,0.38,64.93,2.73
41.32,28.66,202301,5.51,0.38,69.94,1.04
41.32,28.66,202302,8.89,0.45,66.0,1.93
41.32,28.66,202303,11.1,0.41,71.25,2.63
41.32,28.66,202304,15.63,0.45,72.39,2.79
41.32,28.66,202305,18.84,0.48,71.78,1.09
41.32,28.66,202306,24.01,0.58,45.28,0.55
41.32,28.66,202307,26.15,0.65,23.83,0.34
41.32,28.66,202308,21.47,0.59,31.41,0.25
41.32,28.66,202309,16.72,0.56,46.02,2.03
41.32,28.66,202310,11.52,0.52,49.57,0.64
41.32,28.66,202311,6.49,0.41,68.19,8.01
41.32,28.66,202312,4.82,0.38,64.93,2.73
41.32,28.69,202301,5.51,0.38,69.94,1.04
41.32,28.69,202302,8.89,0.45,66.0,1.93
41.32,28.69,202303,11.1,0.41,71.25,2.63
41.32,28.69,202304,15.63,0.45,72.39,2.79
41.32,28.69,202305,18.84,0.48,71.78,1.09
41.32,28.69,202306,24.01,0.58,45.28,0.55
41.32,28.69,202307,26.15,0.65,23.83,0.34
41.32,28.69,202308,21.47,0.59,31.41,0.25
41.32,28.69,202309,16.72,0.56,46.02,2.03
41.32,28.69,202310,11.52,0.52,49.57,0.64
41.32,28.69,202311,6.49,0.41,68.19,8.01
41.32,28.69,202312,4.82,0.38,64.93,2.73
41.32,28.72,202301,5.51,0.38,69.94,1.04
41.32,28.72,202302,8.89,0.45,66.0,1.93
41.32,28.72,202303,11.1,0.41,71.25,2.63
41.32,28.72,202304,15.63,0.45,72.39,2.79
41.32,28.72,202305,18.84,0.48,71.78,1.09
41.32,28.72,202306,24.01,0.58,45.28,0.55
41.32,28.72,202307,26.15,0.65,23.83,0.34
41.32,28.72,202308,21.47,0.59,31.41,0.25
41.32,28.72,202309,16.72,0.56,46.02,2.03
41.32,28.72,202310,11.52,0.52,49.57,0.64
41.32,28.72,202311,6.49,0.41,68.19,8.01
41.32,28.72,202312,4.82,0.38,64.93,2.73
41.34,28.09,202301,5.51,0.38,69.94,0.94
41.34,28.09,202302,8.89,0.45,66.0,1.2
41.34,28.09,202303,11.1,0.41,71.25,2.13
41.34,28.09,202304,15.63,0.45,72.39,2.93
41.34,28.09,202305,18.84,0.48,71.78,1.08
41.34,28.09,202306,24.01,0.58,45.28,0.72
41.34,28.09,202307,26.15,0.65,23.83,0.41
41.34,28.09,202308,21.47,0.59,31.41,0.23
41.34,28.09,202309,16.72,0.56,46.02,1.46
41.34,28.09,202310,11.52,0.52,49.57,0.39
41.34,28.09,202311,6.49,0.41,68.19,6.69
41.34,28.09,202312,4.82,0.38,64.93,2.67
41.34,28.12,202301,5.51,0.38,69.94,0.94
41.34,28.12,202302,8.89,0.45,66.0,1.2
41.34,28.12,202303,11.1,0.41,71.25,2.13
41.34,28.12,202304,15.63,0.45,72.39,2.93
41.34,28.12,202305,18.84,0.48,71.78,1.08
41.34,28.12,202306,24.01,0.58,45.28,0.72
41.34,28.12,202307,26.15,0.65,23.83,0.41
41.34,28.12,202308,21.47,0.59,31.41,0.23
41.34,28.12,202309,16.72,0.56,46.02,1.46
41.34,28.12,202310,11.52,0.52,49.57,0.39
41.34,28.12,202311,6.49,0.41,68.19,6.69
41.34,28.12,202312,4.82,0.38,64.93,2.67
41.34,28.15,202301,5.51,0.38,69.94,0.94
41.34,28.15,202302,8.89,0.45,66.0,1.2
41.34,28.15,202303,11.1,0.41,71.25,2.13
41.34,28.15,202304,15.63,0.45,72.39,2.93
41.34,28.15,202305,18.84,0.48,71.78,1.08
41.34,28.15,202306,24.01,0.58,45.28,0.72
41.34,28.15,202307,26.15,0.65,23.83,0.41
41.34,28.15,202308,21.47,0.59,31.41,0.23
41.34,28.15,202309,16.72,0.56,46.02,1.46
41.34,28.15,202310,11.52,0.52,49.57,0.39
41.34,28.15,202311,6.49,0.41,68.19,6.69
41.34,28.15,202312,4.82,0.38,64.93,2.67
41.34,28.18,202301,5.51,0.38,69.94,0.94
41.34,28.18,202302,8.89,0.45,66.0,1.2
41.34,28.18,202303,11.1,0.41,71.25,2.13
41.34,28.18,202304,15.63,0.45,72.39,2.93
41.34,28.18,202305,18.84,0.48,71.78,1.08
41.34,28.18,202306,24.01,0.58,45.28,0.72
41.34,28.18,202307,26.15,0.65,23.83,0.41
41.34,28.18,202308,21.47,0.59,31.41,0.23
41.34,28.18,202309,16.72,0.56,46.02,1.46
41.34,28.18,202310,11.52,0.52,49.57,0.39
41.34,28.18,202311,6.49,0.41,68.19,6.69
41.34,28.18,202312,4.82,0.38,64.93,2.67
41.34,28.21,202301,5.51,0.38,69.94,0.94
41.34,28.21,202302,8.89,0.45,66.0,1.2
41.34,28.21,202303,11.1,0.41,71.25,2.13
41.34,28.21,202304,15.63,0.45,72.39,2.93
41.34,28.21,202305,18.84,0.48,71.78,1.08
41.34,28.21,202306,24.01,0.58,45.28,0.72
41.34,28.21,202307,26.15,0.65,23.83,0.41
41.34,28.21,202308,21.47,0.59,31.41,0.23
41.34,28.21,202309,16.72,0.56,46.02,1.46
41.34,28.21,202310,11.52,0.52,49.57,0.39
41.34,28.21,202311,6.49,0.41,68.19,6.69
41.34,28.21,202312,4.82,0.38,64.93,2.67
41.34,28.24,202301,5.51,0.38,69.94,0.94
41.34,28.24,202302,8.89,0.45,66.0,1.2
41.34,28.24,202303,11.1,0.41,71.25,2.13
41.34,28.24,202304,15.63,0.45,72.39,2.93
41.34,28.24,202305,18.84,0.48,71.78,1.08
41.34,28.24,202306,24.01,0.58,45.28,0.72
41.34,28.24,202307,26.15,0.65,23.83,0.41
41.34,28.24,202308,21.47,0.59,31.41,0.23
41.34,28.24,202309,16.72,0.56,46.02,1.46
41.34,28.24,202310,11.52,0.52,49.57,0.39
41.34,28.24,202311,6.49,0.41,68.19,6.69
41.34,28.24,202312,4.82,0.38,64.93,2.67
41.34,28.27,202301,5.51,0.38,69.94,0.94
41.34,28.27,202302,8.89,0.45,66.0,1.2
41.34,28.27,202303,11.1,0.41,71.25,2.13
41.34,28.27,202304,15.63,0.45,72.39,2.93
41.34,28.27,202305,18.84,0.48,71.78,1.08
41.34,28.27,202306,24.01,0.58,45.28,0.72
41.34,28.27,202307,26.15,0.65,23.83,0.41
41.34,28.27,202308,21.47,0.59,31.41,0.23
41.34,28.27,202309,16.72,0.56,46.02,1.46
41.34,28.27,202310,11.52,0.52,49.57,0.39
41.34,28.27,202311,6.49,0.41,68.19,6.69
41.34,28.27,202312,4.82,0.38,64.93,2.67
41.34,28.3,202301,5.51,0.38,69.94,0.94
41.34,28.3,202302,8.89,0.45,66.0,1.2
41.34,28.3,202303,11.1,0.41,71.25,2.13
41.34,28.3,202304,15.63,0.45,72.39,2.93
41.34,28.3,202305,18.84,0.48,71.78,1.08
41.34,28.3,202306,24.01,0.58,45.28,0.72
41.34,28.3,202307,26.15,0.65,23.83,0.41
41.34,28.3,202308,21.47,0.59,31.41,0.23
41.34,28.3,202309,16.72,0.56,46.02,1.46
41.34,28.3,202310,11.52,0.52,49.57,0.39
41.34,28.3,202311,6.49,0.41,68.19,6.69
41.34,28.3,202312,4.82,0.38,64.93,2.67
41.34,28.33,202301,5.51,0.38,69.94,0.94
41.34,28.33,202302,8.89,0.45,66.0,1.2
41.34,28.33,202303,11.1,0.41,71.25,2.13
41.34,28.33,202304,15.63,0.45,72.39,2.93
41.34,28.33,202305,18.84,0.48,71.78,1.08
41.34,28.33,202306,24.01,0.58,45.28,0.72
41.34,28.33,202307,26.15,0.65,23.83,0.41
41.34,28.33,202308,21.47,0.59,31.41,0.23
41.34,28.33,202309,16.72,0.56,46.02,1.46
41.34,28.33,202310,11.52,0.52,49.57,0.39
41.34,28.33,202311,6.49,0.41,68.19,6.69
41.34,28.33,202312,4.82,0.38,64.93,2.67
41.34,28.36,202301,5.51,0.38,69.94,0.94
41.34,28.36,202302,8.89,0.45,66.0,1.2
41.34,28.36,202303,11.1,0.41,71.25,2.13
41.34,28.36,202304,15.63,0.45,72.39,2.93
41.34,28.36,202305,18.84,0.48,71.78,1.08
41.34,28.36,202306,24.01,0.58,45.28,0.72
41.34,28.36,202307,26.15,0.65,23.83,0.41
41.34,28.36,202308,21.47,0.59,31.41,0.23
41.34,28.36,202309,16.72,0.56,46.02,1.46
41.34,28.36,202310,11.52,0.52,49.57,0.39
41.34,28.36,202311,6.49,0.41,68.19,6.69
41.34,28.36,202312,4.82,0.38,64.93,2.67
41.34,28.39,202301,5.51,0.38,69.94,0.94
41.34,28.39,202302,8.89,0.45,66.0,1.2
41.34,28.39,202303,11.1,0.41,71.25,2.13
41.34,28.39,202304,15.63,0.45,72.39,2.93
41.34,28.39,202305,18.84,0.48,71.78,1.08
41.34,28.39,202306,24.01,0.58,45.28,0.72
41.34,28.39,202307,26.15,0.65,23.83,0.41
41.34,28.39,202308,21.47,0.59,31.41,0.23
41.34,28.39,202309,16.72,0.56,46.02,1.46
41.34,28.39,202310,11.52,0.52,49.57,0.39
41.34,28.39,202311,6.49,0.41,68.19,6.69
41.34,28.39,202312,4.82,0.38,64.93,2.67
41.34,28.42,202301,5.51,0.38,69.94,0.94
41.34,28.42,202302,8.89,0.45,66.0,1.2
41.34,28.42,202303,11.1,0.41,71.25,2.13
41.34,28.42,202304,15.63,0.45,72.39,2.93
41.34,28.42,202305,18.84,0.48,71.78,1.08
41.34,28.42,202306,24.01,0.58,45.28,0.72
41.34,28.42,202307,26.15,0.65,23.83,0.41
41.34,28.42,202308,21.47,0.59,31.41,0.23
41.34,28.42,202309,16.72,0.56,46.02,1.46
41.34,28.42,202310,11.52,0.52,49.57,0.39
41.34,28.42,202311,6.49,0.41,68.19,6.69
41.34,28.42,202312,4.82,0.38,64.93,2.67
41.34,28.45,202301,5.51,0.38,69.94,1.04
41.34,28.45,202302,8.89,0.45,66.0,1.93
41.34,28.45,202303,11.1,0.41,71.25,2.63
41.34,28.45,202304,15.63,0.45,72.39,2.79
41.34,28.45,202305,18.84,0.48,71.78,1.09
41.34,28.45,202306,24.01,0.58,45.28,0.55
41.34,28.45,202307,26.15,0.65,23.83,0.34
41.34,28.45,202308,21.47,0.59,31.41,0.25
41.34,28.45,202309,16.72,0.56,46.02,2.03
41.34,28.45,202310,11.52,0.52,49.57,0.64
41.34,28.45,202311,6.49,0.41,68.19,8.01
41.34,28.45,202312,4.82,0.38,64.93,2.73
41.34,28.48,202301,5.51,0.38,69.94,1.04
41.34,28.48,202302,8.89,0.45,66.0,1.93
41.34,28.48,202303,11.1,0.41,71.25,2.63
41.34,28.48,202304,15.63,0.45,72.39,2.79
41.34,28.48,202305,18.84,0.48,71.78,1.09
41.34,28.48,202306,24.01,0.58,45.28,0.55
41.34,28.48,202307,26.15,0.65,23.83,0.34
41.34,28.48,202308,21.47,0.59,31.41,0.25
41.34,28.48,202309,16.72,0.56,46.02,2.03
41.34,28.48,202310,11.52,0.52,49.57,0.64
41.34,28.48,202311,6.49,0.41,68.19,8.01
41.34,28.48,202312,4.82,0.38,64.93,2.73
41.34,28.51,202301,5.51,0.38,69.94,1.04
41.34,28.51,202302,8.89,0.45,66.0,1.93
41.34,28.51,202303,11.1,0.41,71.25,2.63
41.34,28.51,202304,15.63,0.45,72.39,2.79
41.34,28.51,202305,18.84,0.48,71.78,1.09
41.34,28.51,202306,24.01,0.58,45.28,0.55
41.34,28.51,202307,26.15,0.65,23.83,0.34
41.34,28.51,202308,21.47,0.59,31.41,0.25
41.34,28.51,202309,16.72,0.56,46.02,2.03
41.34,28.51,202310,11.52,0.52,49.57,0.64
41.34,28.51,202311,6.49,0.41,68.19,8.01
41.34,28.51,202312,4.82,0.38,64.93,2.73
41.34,28.54,202301,5.51,0.38,69.94,1.04
41.34,28.54,202302,8.89,0.45,66.0,1.93
41.34,28.54,202303,11.1,0.41,71.25,2.63
41.34,28.54,202304,15.63,0.45,72.39,2.79
41.34,28.54,202305,18.84,0.48,71.78,1.09
41.34,28.54,202306,24.01,0.58,45.28,0.55
41.34,28.54,202307,26.15,0.65,23.83,0.34
41.34,28.54,202308,21.47,0.59,31.41,0.25
41.34,28.54,202309,16.72,0.56,46.02,2.03
41.34,28.54,202310,11.52,0.52,49.57,0.64
41.34,28.54,202311,6.49,0.41,68.19,8.01
41.34,28.54,202312,4.82,0.38,64.93,2.73
41.34,28.57,202301,5.51,0.38,69.94,1.04
41.34,28.57,202302,8.89,0.45,66.0,1.93
41.34,28.57,202303,11.1,0.41,71.25,2.63
41.34,28.57,202304,15.63,0.45,72.39,2.79
41.34,28.57,202305,18.84,0.48,71.78,1.09
41.34,28.57,202306,24.01,0.58,45.28,0.55
41.34,28.57,202307,26.15,0.65,23.83,0.34
41.34,28.57,202308,21.47,0.59,31.41,0.25
41.34,28.57,202309,16.72,0.56,46.02,2.03
41.34,28.57,202310,11.52,0.52,49.57,0.64
41.34,28.57,202311,6.49,0.41,68.19,8.01
41.34,28.57,202312,4.82,0.38,64.93,2.73
41.34,28.6,202301,5.51,0.38,69.94,1.04
41.34,28.6,202302,8.89,0.45,66.0,1.93
41.34,28.6,202303,11.1,0.41,71.25,2.63
41.34,28.6,202304,15.63,0.45,72.39,2.79
41.34,28.6,202305,18.84,0.48,71.78,1.09
41.34,28.6,202306,24.01,0.58,45.28,0.55
41.34,28.6,202307,26.15,0.65,23.83,0.34
41.34,28.6,202308,21.47,0.59,31.41,0.25
41.34,28.6,202309,16.72,0.56,46.02,2.03
41.34,28.6,202310,11.52,0.52,49.57,0.64
41.34,28.6,202311,6.49,0.41,68.19,8.01
41.34,28.6,202312,4.82,0.38,64.93,2.73
41.34,28.63,202301,5.51,0.38,69.94,1.04
41.34,28.63,202302,8.89,0.45,66.0,1.93
41.34,28.63,202303,11.1,0.41,71.25,2.63
41.34,28.63,202304,15.63,0.45,72.39,2.79
41.34,28.63,202305,18.84,0.48,71.78,1.09
41.34,28.63,202306,24.01,0.58,45.28,0.55
41.34,28.63,202307,26.15,0.65,23.83,0.34
41.34,28.63,202308,21.47,0.59,31.41,0.25
41.34,28.63,202309,16.72,0.56,46.02,2.03
41.34,28.63,202310,11.52,0.52,49.57,0.64
41.34,28.63,202311,6.49,0.41,68.19,8.01
41.34,28.63,202312,4.82,0.38,64.93,2.73
41.34,28.66,202301,5.51,0.38,69.94,1.04
41.34,28.66,202302,8.89,0.45,66.0,1.93
41.34,28.66,202303,11.1,0.41,71.25,2.63
41.34,28.66,202304,15.63,0.45,72.39,2.79
41.34,28.66,202305,18.84,0.48,71.78,1.09
41.34,28.66,202306,24.01,0.58,45.28,0.55
41.34,28.66,202307,26.15,0.65,23.83,0.34
41.34,28.66,202308,21.47,0.59,31.41,0.25
41.34,28.66,202309,16.72,0.56,46.02,2.03
41.34,28.66,202310,11.52,0.52,49.57,0.64
41.34,28.66,202311,6.49,0.41,68.19,8.01
41.34,28.66,202312,4.82,0.38,64.93,2.73
41.36,28.09,202301,5.51,0.38,69.94,0.94
41.36,28.09,202302,8.89,0.45,66.0,1.2
41.36,28.09,202303,11.1,0.41,71.25,2.13
41.36,28.09,202304,15.63,0.45,72.39,2.93
41.36,28.09,202305,18.84,0.48,71.78,1.08
41.36,28.09,202306,24.01,0.58,45.28,0.72
41.36,28.09,202307,26.15,0.65,23.83,0.41
41.36,28.09,202308,21.47,0.59,31.41,0.23
41.36,28.09,202309,16.72,0.56,46.02,1.46
41.36,28.09,202310,11.52,0.52,49.57,0.39
41.36,28.09,202311,6.49,0.41,68.19,6.69
41.36,28.09,202312,4.82,0.38,64.93,2.67
41.36,28.12,202301,5.51,0.38,69.94,0.94
41.36,28.12,202302,8.89,0.45,66.0,1.2
41.36,28.12,202303,11.1,0.41,71.25,2.13
41.36,28.12,202304,15.63,0.45,72.39,2.93
41.36,28.12,202305,18.84,0.48,71.78,1.08
41.36,28.12,202306,24.01,0.58,45.28,0.72
41.36,28.12,202307,26.15,0.65,23.83,0.41
41.36,28.12,202308,21.47,0.59,31.41,0.23
41.36,28.12,202309,16.72,0.56,46.02,1.46
41.36,28.12,202310,11.52,0.52,49.57,0.39
41.36,28.12,202311,6.49,0.41,68.19,6.69
41.36,28.12,202312,4.82,0.38,64.93,2.67
41.36,28.15,202301,5.51,0.38,69.94,0.94
41.36,28.15,202302,8.89,0.45,66.0,1.2
41.36,28.15,202303,11.1,0.41,71.25,2.13
41.36,28.15,202304,15.63,0.45,72.39,2.93
41.36,28.15,202305,18.84,0.48,71.78,1.08
41.36,28.15,202306,24.01,0.58,45.28,0.72
41.36,28.15,202307,26.15,0.65,23.83,0.41
41.36,28.15,202308,21.47,0.59,31.41,0.23
41.36,28.15,202309,16.72,0.56,46.02,1.46
41.36,28.15,202310,11.52,0.52,49.57,0.39
41.36,28.15,202311,6.49,0.41,68.19,6.69
41.36,28.15,202312,4.82,0.38,64.93,2.67
41.36,28.18,202301,5.51,0.38,69.94,0.94
41.36,28.18,202302,8.89,0.45,66.0,1.2
41.36,28.18,202303,11.1,0.41,71.25,2.13
41.36,28.18,202304,15.63,0.45,72.39,2.93
41.36,28.18,202305,18.84,0.48,71.78,1.08
41.36,28.18,202306,24.01,0.58,45.28,0.72
41.36,28.18,202307,26.15,0.65,23.83,0.41
41.36,28.18,202308,21.47,0.59,31.41,0.23
41.36,28.18,202309,16.72,0.56,46.02,1.46
41.36,28.18,202310,11.52,0.52,49.57,0.39
41.36,28.18,202311,6.49,0.41,68.19,6.69
41.36,28.18,202312,4.82,0.38,64.93,2.67
41.36,28.21,202301,5.51,0.38,69.94,0.94
41.36,28.21,202302,8.89,0.45,66.0,1.2
41.36,28.21,202303,11.1,0.41,71.25,2.13
41.36,28.21,202304,15.63,0.45,72.39,2.93
41.36,28.21,202305,18.84,0.48,71.78,1.08
41.36,28.21,202306,24.01,0.58,45.28,0.72
41.36,28.21,202307,26.15,0.65,23.83,0.41
41.36,28.21,202308,21.47,0.59,31.41,0.23
41.36,28.21,202309,16.72,0.56,46.02,1.46
41.36,28.21,202310,11.52,0.52,49.57,0.39
41.36,28.21,202311,6.49,0.41,68.19,6.69
41.36,28.21,202312,4.82,0.38,64.93,2.67
41.36,28.24,202301,5.51,0.38,69.94,0.94
41.36,28.24,202302,8.89,0.45,66.0,1.2
41.36,28.24,202303,11.1,0.41,71.25,2.13
41.36,28.24,202304,15.63,0.45,72.39,2.93
41.36,28.24,202305,18.84,0.48,71.78,1.08
41.36,28.24,202306,24.01,0.58,45.28,0.72
41.36,28.24,202307,26.15,0.65,23.83,0.41
41.36,28.24,202308,21.47,0.59,31.41,0.23
41.36,28.24,202309,16.72,0.56,46.02,1.46
41.36,28.24,202310,11.52,0.52,49.57,0.39
41.36,28.24,202311,6.49,0.41,68.19,6.69
41.36,28.24,202312,4.82,0.38,64.93,2.67
41.36,28.27,202301,5.51,0.38,69.94,0.94
41.36,28.27,202302,8.89,0.45,66.0,1.2
41.36,28.27,202303,11.1,0.41,71.25,2.13
41.36,28.27,202304,15.63,0.45,72.39,2.93
41.36,28.27,202305,18.84,0.48,71.78,1.08
41.36,28.27,202306,24.01,0.58,45.28,0.72
41.36,28.27,202307,26.15,0.65,23.83,0.41
41.36,28.27,202308,21.47,0.59,31.41,0.23
41.36,28.27,202309,16.72,0.56,46.02,1.46
41.36,28.27,202310,11.52,0.52,49.57,0.39
41.36,28.27,202311,6.49,0.41,68.19,6.69
41.36,28.27,202312,4.82,0.38,64.93,2.67
41.36,28.3,202301,5.51,0.38,69.94,0.94
41.36,28.3,202302,8.89,0.45,66.0,1.2
41.36,28.3,202303,11.1,0.41,71.25,2.13
41.36,28.3,202304,15.63,0.45,72.39,2.93
41.36,28.3,202305,18.84,0.48,71.78,1.08
41.36,28.3,202306,24.01,0.58,45.28,0.72
41.36,28.3,202307,26.15,0.65,23.83,0.41
41.36,28.3,202308,21.47,0.59,31.41,0.23
41.36,28.3,202309,16.72,0.56,46.02,1.46
41.36,28.3,202310,11.52,0.52,49.57,0.39
41.36,28.3,202311,6.49,0.41,68.19,6.69
41.36,28.3,202312,4.82,0.38,64.93,2.67
41.36,28.33,202301,5.51,0.38,69.94,0.94
41.36,28.33,202302,8.89,0.45,66.0,1.2
41.36,28.33,202303,11.1,0.41,71.25,2.13
41.36,28.33,202304,15.63,0.45,72.39,2.93
41.36,28.33,202305,18.84,0.48,71.78,1.08
41.36,28.33,202306,24.01,0.58,45.28,0.72
41.36,28.33,202307,26.15,0.65,23.83,0.41
41.36,28.33,202308,21.47,0.59,31.41,0.23
41.36,28.33,202309,16.72,0.56,46.02,1.46
41.36,28.33,202310,11.52,0.52,49.57,0.39
41.36,28.33,202311,6.49,0.41,68.19,6.69
41.36,28.33,202312,4.82,0.38,64.93,2.67
41.36,28.36,202301,5.51,0.38,69.94,0.94
41.36,28.36,202302,8.89,0.45,66.0,1.2
41.36,28.36,202303,11.1,0.41,71.25,2.13
41.36,28.36,202304,15.63,0.45,72.39,2.93
41.36,28.36,202305,18.84,0.48,71.78,1.08
41.36,28.36,202306,24.01,0.58,45.28,0.72
41.36,28.36,202307,26.15,0.65,23.83,0.41
41.36,28.36,202308,21.47,0.59,31.41,0.23
41.36,28.36,202309,16.72,0.56,46.02,1.46
41.36,28.36,202310,11.52,0.52,49.57,0.39
41.36,28.36,202311,6.49,0.41,68.19,6.69
41.36,28.36,202312,4.82,0.38,64.93,2.67
41.36,28.39,202301,5.51,0.38,69.94,0.94
41.36,28.39,202302,8.89,0.45,66.0,1.2
41.36,28.39,202303,11.1,0.41,71.25,2.13
41.36,28.39,202304,15.63,0.45,72.39,2.93
41.36,28.39,202305,18.84,0.48,71.78,1.08
41.36,28.39,202306,24.01,0.58,45.28,0.72
41.36,28.39,202307,26.15,0.65,23.83,0.41
41.36,28.39,202308,21.47,0.59,31.41,0.23
41.36,28.39,202309,16.72,0.56,46.02,1.46
41.36,28.39,202310,11.52,0.52,49.57,0.39
41.36,28.39,202311,6.49,0.41,68.19,6.69
41.36,28.39,202312,4.82,0.38,64.93,2.67
41.36,28.42,202301,5.51,0.38,69.94,0.94
41.36,28.42,202302,8.89,0.45,66.0,1.2
41.36,28.42,202303,11.1,0.41,71.25,2.13
41.36,28.42,202304,15.63,0.45,72.39,2.93
41.36,28.42,202305,18.84,0.48,71.78,1.08
41.36,28.42,202306,24.01,0.58,45.28,0.72
41.36,28.42,202307,26.15,0.65,23.83,0.41
41.36,28.42,202308,21.47,0.59,31.41,0.23
41.36,28.42,202309,16.72,0.56,46.02,1.46
41.36,28.42,202310,11.52,0.52,49.57,0.39
41.36,28.42,202311,6.49,0.41,68.19,6.69
41.36,28.42,202312,4.82,0.38,64.93,2.67
41.36,28.45,202301,5.51,0.38,69.94,1.04
41.36,28.45,202302,8.89,0.45,66.0,1.93
41.36,28.45,202303,11.1,0.41,71.25,2.63
41.36,28.45,202304,15.63,0.45,72.39,2.79
41.36,28.45,202305,18.84,0.48,71.78,1.09
41.36,28.45,202306,24.01,0.58,45.28,0.55
41.36,28.45,202307,26.15,0.65,23.83,0.34
41.36,28.45,202308,21.47,0.59,31.41,0.25
41.36,28.45,202309,16.72,0.56,46.02,2.03
41.36,28.45,202310,11.52,0.52,49.57,0.64
41.36,28.45,202311,6.49,0.41,68.19,8.01
41.36,28.45,202312,4.82,0.38,64.93,2.73
41.36,28.48,202301,5.51,0.38,69.94,1.04
41.36,28.48,202302,8.89,0.45,66.0,1.93
41.36,28.48,202303,11.1,0.41,71.25,2.63
41.36,28.48,202304,15.63,0.45,72.39,2.79
41.36,28.48,202305,18.84,0.48,71.78,1.09
41.36,28.48,202306,24.01,0.58,45.28,0.55
41.36,28.48,202307,26.15,0.65,23.83,0.34
41.36,28.48,202308,21.47,0.59,31.41,0.25
41.36,28.48,202309,16.72,0.56,46.02,2.03
41.36,28.48,202310,11.52,0.52,49.57,0.64
41.36,28.48,202311,6.49,0.41,68.19,8.01
41.36,28.48,202312,4.82,0.38,64.93,2.73
41.36,28.51,202301,5.51,0.38,69.94,1.04
41.36,28.51,202302,8.89,0.45,66.0,1.93
41.36,28.51,202303,11.1,0.41,71.25,2.63
41.36,28.51,202304,15.63,0.45,72.39,2.79
41.36,28.51,202305,18.84,0.48,71.78,1.09
41.36,28.51,202306,24.01,0.58,45.28,0.55
41.36,28.51,202307,26.15,0.65,23.83,0.34
41.36,28.51,202308,21.47,0.59,31.41,0.25
41.36,28.51,202309,16.72,0.56,46.02,2.03
41.36,28.51,202310,11.52,0.52,49.57,0.64
41.36,28.51,202311,6.49,0.41,68.19,8.01
41.36,28.51,202312,4.82,0.38,64.93,2.73
41.36,28.54,202301,5.51,0.38,69.94,1.04
41.36,28.54,202302,8.89,0.45,66.0,1.93
41.36,28.54,202303,11.1,0.41,71.25,2.63
41.36,28.54,202304,15.63,0.45,72.39,2.79
41.36,28.54,202305,18.84,0.48,71.78,1.09
41.36,28.54,202306,24.01,0.58,45.28,0.55
41.36,28.54,202307,26.15,0.65,23.83,0.34
41.36,28.54,202308,21.47,0.59,31.41,0.25
41.36,28.54,202309,16.72,0.56,46.02,2.03
41.36,28.54,202310,11.52,0.52,49.57,0.64
41.36,28.54,202311,6.49,0.41,68.19,8.01
41.36,28.54,202312,4.82,0.38,64.93,2.73
41.36,28.57,202301,5.51,0.38,69.94,1.04
41.36,28.57,202302,8.89,0.45,66.0,1.93
41.36,28.57,202303,11.1,0.41,71.25,2.63
41.36,28.57,202304,15.63,0.45,72.39,2.79
41.36,28.57,202305,18.84,0.48,71.78,1.09
41.36,28.57,202306,24.01,0.58,45.28,0.55
41.36,28.57,202307,26.15,0.65,23.83,0.34
41.36,28.57,202308,21.47,0.59,31.41,0.25
41.36,28.57,202309,16.72,0.56,46.02,2.03
41.36,28.57,202310,11.52,0.52,49.57,0.64
41.36,28.57,202311,6.49,0.41,68.19,8.01
41.36,28.57,202312,4.82,0.38,64.93,2.73
41.36,28.6,202301,5.51,0.38,69.94,1.04
41.36,28.6,202302,8.89,0.45,66.0,1.93
41.36,28.6,202303,11.1,0.41,71.25,2.63
41.36,28.6,202304,15.63,0.45,72.39,2.79
41.36,28.6,202305,18.84,0.48,71.78,1.09
41.36,28.6,202306,24.01,0.58,45.28,0.55
41.36,28.6,202307,26.15,0.65,23.83,0.34
41.36,28.6,202308,21.47,0.59,31.41,0.25
41.36,28.6,202309,16.72,0.56,46.02,2.03
41.36,28.6,202310,11.52,0.52,49.57,0.64
41.36,28.6,202311,6.49,0.41,68.19,8.01
41.36,28.6,202312,4.82,0.38,64.93,2.73
41.38,28.12,202301,5.51,0.38,69.94,0.94
41.38,28.12,202302,8.89,0.45,66.0,1.2
41.38,28.12,202303,11.1,0.41,71.25,2.13
41.38,28.12,202304,15.63,0.45,72.39,2.93
41.38,28.12,202305,18.84,0.48,71.78,1.08
41.38,28.12,202306,24.01,0.58,45.28,0.72
41.38,28.12,202307,26.15,0.65,23.83,0.41
41.38,28.12,202308,21.47,0.59,31.41,0.23
41.38,28.12,202309,16.72,0.56,46.02,1.46
41.38,28.12,202310,11.52,0.52,49.57,0.39
41.38,28.12,202311,6.49,0.41,68.19,6.69
41.38,28.12,202312,4.82,0.38,64.93,2.67
41.38,28.15,202301,5.51,0.38,69.94,0.94
41.38,28.15,202302,8.89,0.45,66.0,1.2
41.38,28.15,202303,11.1,0.41,71.25,2.13
41.38,28.15,202304,15.63,0.45,72.39,2.93
41.38,28.15,202305,18.84,0.48,71.78,1.08
41.38,28.15,202306,24.01,0.58,45.28,0.72
41.38,28.15,202307,26.15,0.65,23.83,0.41
41.38,28.15,202308,21.47,0.59,31.41,0.23
41.38,28.15,202309,16.72,0.56,46.02,1.46
41.38,28.15,202310,11.52,0.52,49.57,0.39
41.38,28.15,202311,6.49,0.41,68.19,6.69
41.38,28.15,202312,4.82,0.38,64.93,2.67
41.38,28.18,202301,5.51,0.38,69.94,0.94
41.38,28.18,202302,8.89,0.45,66.0,1.2
41.38,28.18,202303,11.1,0.41,71.25,2.13
41.38,28.18,202304,15.63,0.45,72.39,2.93
41.38,28.18,202305,18.84,0.48,71.78,1.08
41.38,28.18,202306,24.01,0.58,45.28,0.72
41.38,28.18,202307,26.15,0.65,23.83,0.41
41.38,28.18,202308,21.47,0.59,31.41,0.23
41.38,28.18,202309,16.72,0.56,46.02,1.46
41.38,28.18,202310,11.52,0.52,49.57,0.39
41.38,28.18,202311,6.49,0.41,68.19,6.69
41.38,28.18,202312,4.82,0.38,64.93,2.67
41.38,28.21,202301,5.51,0.38,69.94,0.94
41.38,28.21,202302,8.89,0.45,66.0,1.2
41.38,28.21,202303,11.1,0.41,71.25,2.13
41.38,28.21,202304,15.63,0.45,72.39,2.93
41.38,28.21,202305,18.84,0.48,71.78,1.08
41.38,28.21,202306,24.01,0.58,45.28,0.72
41.38,28.21,202307,26.15,0.65,23.83,0.41
41.38,28.21,202308,21.47,0.59,31.41,0.23
41.38,28.21,202309,16.72,0.56,46.02,1.46
41.38,28.21,202310,11.52,0.52,49.57,0.39
41.38,28.21,202311,6.49,0.41,68.19,6.69
41.38,28.21,202312,4.82,0.38,64.93,2.67
41.38,28.24,202301,5.51,0.38,69.94,0.94
41.38,28.24,202302,8.89,0.45,66.0,1.2
41.38,28.24,202303,11.1,0.41,71.25,2.13
41.38,28.24,202304,15.63,0.45,72.39,2.93
41.38,28.24,202305,18.84,0.48,71.78,1.08
41.38,28.24,202306,24.01,0.58,45.28,0.72
41.38,28.24,202307,26.15,0.65,23.83,0.41
41.38,28.24,202308,21.47,0.59,31.41,0.23
41.38,28.24,202309,16.72,0.56,46.02,1.46
41.38,28.24,202310,11.52,0.52,49.57,0.39
41.38,28.24,202311,6.49,0.41,68.19,6.69
41.38,28.24,202312,4.82,0.38,64.93,2.67
41.38,28.27,202301,5.51,0.38,69.94,0.94
41.38,28.27,202302,8.89,0.45,66.0,1.2
41.38,28.27,202303,11.1,0.41,71.25,2.13
41.38,28.27,202304,15.63,0.45,72.39,2.93
41.38,28.27,202305,18.84,0.48,71.78,1.08
41.38,28.27,202306,24.01,0.58,45.28,0.72
41.38,28.27,202307,26.15,0.65,23.83,0.41
41.38,28.27,202308,21.47,0.59,31.41,0.23
41.38,28.27,202309,16.72,0.56,46.02,1.46
41.38,28.27,202310,11.52,0.52,49.57,0.39
41.38,28.27,202311,6.49,0.41,68.19,6.69
41.38,28.27,202312,4.82,0.38,64.93,2.67
41.38,28.3,202301,5.51,0.38,69.94,0.94
41.38,28.3,202302,8.89,0.45,66.0,1.2
41.38,28.3,202303,11.1,0.41,71.25,2.13
41.38,28.3,202304,15.63,0.45,72.39,2.93
41.38,28.3,202305,18.84,0.48,71.78,1.08
41.38,28.3,202306,24.01,0.58,45.28,0.72
41.38,28.3,202307,26.15,0.65,23.83,0.41
41.38,28.3,202308,21.47,0.59,31.41,0.23
41.38,28.3,202309,16.72,0.56,46.02,1.46
41.38,28.3,202310,11.52,0.52,49.57,0.39
41.38,28.3,202311,6.49,0.41,68.19,6.69
41.38,28.3,202312,4.82,0.38,64.93,2.67
41.38,28.33,202301,5.51,0.38,69.94,0.94
41.38,28.33,202302,8.89,0.45,66.0,1.2
41.38,28.33,202303,11.1,0.41,71.25,2.13
41.38,28.33,202304,15.63,0.45,72.39,2.93
41.38,28.33,202305,18.84,0.48,71.78,1.08
41.38,28.33,202306,24.01,0.58,45.28,0.72
41.38,28.33,202307,26.15,0.65,23.83,0.41
41.38,28.33,202308,21.47,0.59,31.41,0.23
41.38,28.33,202309,16.72,0.56,46.02,1.46
41.38,28.33,202310,11.52,0.52,49.57,0.39
41.38,28.33,202311,6.49,0.41,68.19,6.69
41.38,28.33,202312,4.82,0.38,64.93,2.67
41.38,28.36,202301,5.51,0.38,69.94,0.94
41.38,28.36,202302,8.89,0.45,66.0,1.2
41.38,28.36,202303,11.1,0.41,71.25,2.13
41.38,28.36,202304,15.63,0.45,72.39,2.93
41.38,28.36,202305,18.84,0.48,71.78,1.08
41.38,28.36,202306,24.01,0.58,45.28,0.72
41.38,28.36,202307,26.15,0.65,23.83,0.41
41.38,28.36,202308,21.47,0.59,31.41,0.23
41.38,28.36,202309,16.72,0.56,46.02,1.46
41.38,28.36,202310,11.52,0.52,49.57,0.39
41.38,28.36,202311,6.49,0.41,68.19,6.69
41.38,28.36,202312,4.82,0.38,64.93,2.67
41.38,28.39,202301,5.51,0.38,69.94,0.94
41.38,28.39,202302,8.89,0.45,66.0,1.2
41.38,28.39,202303,11.1,0.41,71.25,2.13
41.38,28.39,202304,15.63,0.45,72.39,2.93
41.38,28.39,202305,18.84,0.48,71.78,1.08
41.38,28.39,202306,24.01,0.58,45.28,0.72
41.38,28.39,202307,26.15,0.65,23.83,0.41
41.38,28.39,202308,21.47,0.59,31.41,0.23
41.38,28.39,202309,16.72,0.56,46.02,1.46
41.38,28.39,202310,11.52,0.52,49.57,0.39
41.38,28.39,202311,6.49,0.41,68.19,6.69
41.38,28.39,202312,4.82,0.38,64.93,2.67
41.38,28.42,202301,5.51,0.38,69.94,0.94
41.38,28.42,202302,8.89,0.45,66.0,1.2
41.38,28.42,202303,11.1,0.41,71.25,2.13
41.38,28.42,202304,15.63,0.45,72.39,2.93
41.38,28.42,202305,18.84,0.48,71.78,1.08
41.38,28.42,202306,24.01,0.58,45.28,0.72
41.38,28.42,202307,26.15,0.65,23.83,0.41
41.38,28.42,202308,21.47,0.59,31.41,0.23
41.38,28.42,202309,16.72,0.56,46.02,1.46
41.38,28.42,202310,11.52,0.52,49.57,0.39
41.38,28.42,202311,6.49,0.41,68.19,6.69
41.38,28.42,202312,4.82,0.38,64.93,2.67
41.38,28.45,202301,5.51,0.38,69.94,1.04
41.38,28.45,202302,8.89,0.45,66.0,1.93
41.38,28.45,202303,11.1,0.41,71.25,2.63
41.38,28.45,202304,15.63,0.45,72.39,2.79
41.38,28.45,202305,18.84,0.48,71.78,1.09
41.38,28.45,202306,24.01,0.58,45.28,0.55
41.38,28.45,202307,26.15,0.65,23.83,0.34
41.38,28.45,202308,21.47,0.59,31.41,0.25
41.38,28.45,202309,16.72,0.56,46.02,2.03
41.38,28.45,202310,11.52,0.52,49.57,0.64
41.38,28.45,202311,6.49,0.41,68.19,8.01
41.38,28.45,202312,4.82,0.38,64.93,2.73
41.38,28.48,202301,5.51,0.38,69.94,1.04
41.38,28.48,202302,8.89,0.45,66.0,1.93
41.38,28.48,202303,11.1,0.41,71.25,2.63
41.38,28.48,202304,15.63,0.45,72.39,2.79
41.38,28.48,202305,18.84,0.48,71.78,1.09
41.38,28.48,202306,24.01,0.58,45.28,0.55
41.38,28.48,202307,26.15,0.65,23.83,0.34
41.38,28.48,202308,21.47,0.59,31.41,0.25
41.38,28.48,202309,16.72,0.56,46.02,2.03
41.38,28.48,202310,11.52,0.52,49.57,0.64
41.38,28.48,202311,6.49,0.41,68.19,8.01
41.38,28.48,202312,4.82,0.38,64.93,2.73
41.38,28.51,202301,5.51,0.38,69.94,1.04
41.38,28.51,202302,8.89,0.45,66.0,1.93
41.38,28.51,202303,11.1,0.41,71.25,2.63
41.38,28.51,202304,15.63,0.45,72.39,2.79
41.38,28.51,202305,18.84,0.48,71.78,1.09
41.38,28.51,202306,24.01,0.58,45.28,0.55
41.38,28.51,202307,26.15,0.65,23.83,0.34
41.38,28.51,202308,21.47,0.59,31.41,0.25
41.38,28.51,202309,16.72,0.56,46.02,2.03
41.38,28.51,202310,11.52,0.52,49.57,0.64
41.38,28.51,202311,6.49,0.41,68.19,8.01
41.38,28.51,202312,4.82,0.38,64.93,2.73
41.38,28.54,202301,5.51,0.38,69.94,1.04
41.38,28.54,202302,8.89,0.45,66.0,1.93
41.38,28.54,202303,11.1,0.41,71.25,2.63
41.38,28.54,202304,15.63,0.45,72.39,2.79
41.38,28.54,202305,18.84,0.48,71.78,1.09
41.38,28.54,202306,24.01,0.58,45.28,0.55
41.38,28.54,202307,26.15,0.65,23.83,0.34
41.38,28.54,202308,21.47,0.59,31.41,0.25
41.38,28.54,202309,16.72,0.56,46.02,2.03
41.38,28.54,202310,11.52,0.52,49.57,0.64
41.38,28.54,202311,6.49,0.41,68.19,8.01
41.38,28.54,202312,4.82,0.38,64.93,2.73
41.4,28.12,202301,5.51,0.38,69.94,0.94
41.4,28.12,202302,8.89,0.45,66.0,1.2
41.4,28.12,202303,11.1,0.41,71.25,2.13
41.4,28.12,202304,15.63,0.45,72.39,2.93
41.4,28.12,202305,18.84,0.48,71.78,1.08
41.4,28.12,202306,24.01,0.58,45.28,0.72
41.4,28.12,202307,26.15,0.65,23.83,0.41
41.4,28.12,202308,21.47,0.59,31.41,0.23
41.4,28.12,202309,16.72,0.56,46.02,1.46
41.4,28.12,202310,11.52,0.52,49.57,0.39
41.4,28.12,202311,6.49,0.41,68.19,6.69
41.4,28.12,202312,4.82,0.38,64.93,2.67
41.4,28.15,202301,5.51,0.38,69.94,0.94
41.4,28.15,202302,8.89,0.45,66.0,1.2
41.4,28.15,202303,11.1,0.41,71.25,2.13
41.4,28.15,202304,15.63,0.45,72.39,2.93
41.4,28.15,202305,18.84,0.48,71.78,1.08
41.4,28.15,202306,24.01,0.58,45.28,0.72
41.4,28.15,202307,26.15,0.65,23.83,0.41
41.4,28.15,202308,21.47,0.59,31.41,0.23
41.4,28.15,202309,16.72,0.56,46.02,1.46
41.4,28.15,202310,11.52,0.52,49.57,0.39
41.4,28.15,202311,6.49,0.41,68.19,6.69
41.4,28.15,202312,4.82,0.38,64.93,2.67
41.4,28.18,202301,5.51,0.38,69.94,0.94
41.4,28.18,202302,8.89,0.45,66.0,1.2
41.4,28.18,202303,11.1,0.41,71.25,2.13
41.4,28.18,202304,15.63,0.45,72.39,2.93
41.4,28.18,202305,18.84,0.48,71.78,1.08
41.4,28.18,202306,24.01,0.58,45.28,0.72
41.4,28.18,202307,26.15,0.65,23.83,0.41
41.4,28.18,202308,21.47,0.59,31.41,0.23
41.4,28.18,202309,16.72,0.56,46.02,1.46
41.4,28.18,202310,11.52,0.52,49.57,0.39
41.4,28.18,202311,6.49,0.41,68.19,6.69
41.4,28.18,202312,4.82,0.38,64.93,2.67
41.4,28.21,202301,5.51,0.38,69.94,0.94
41.4,28.21,202302,8.89,0.45,66.0,1.2
41.4,28.21,202303,11.1,0.41,71.25,2.13
41.4,28.21,202304,15.63,0.45,72.39,2.93
41.4,28.21,202305,18.84,0.48,71.78,1.08
41.4,28.21,202306,24.01,0.58,45.28,0.72
41.4,28.21,202307,26.15,0.65,23.83,0.41
41.4,28.21,202308,21.47,0.59,31.41,0.23
41.4,28.21,202309,16.72,0.56,46.02,1.46
41.4,28.21,202310,11.52,0.52,49.57,0.39
41.4,28.21,202311,6.49,0.41,68.19,6.69
41.4,28.21,202312,4.82,0.38,64.93,2.67
41.4,28.24,202301,5.51,0.38,69.94,0.94
41.4,28.24,202302,8.89,0.45,66.0,1.2
41.4,28.24,202303,11.1,0.41,71.25,2.13
41.4,28.24,202304,15.63,0.45,72.39,2.93
41.4,28.24,202305,18.84,0.48,71.78,1.08
41.4,28.24,202306,24.01,0.58,45.28,0.72
41.4,28.24,202307,26.15,0.65,23.83,0.41
41.4,28.24,202308,21.47,0.59,31.41,0.23
41.4,28.24,202309,16.72,0.56,46.02,1.46
41.4,28.24,202310,11.52,0.52,49.57,0.39
41.4,28.24,202311,6.49,0.41,68.19,6.69
41.4,28.24,202312,4.82,0.38,64.93,2.67
41.4,28.27,202301,5.51,0.38,69.94,0.94
41.4,28.27,202302,8.89,0.45,66.0,1.2
41.4,28.27,202303,11.1,0.41,71.25,2.13
41.4,28.27,202304,15.63,0.45,72.39,2.93
41.4,28.27,202305,18.84,0.48,71.78,1.08
41.4,28.27,202306,24.01,0.58,45.28,0.72
41.4,28.27,202307,26.15,0.65,23.83,0.41
41.4,28.27,202308,21.47,0.59,31.41,0.23
41.4,28.27,202309,16.72,0.56,46.02,1.46
41.4,28.27,202310,11.52,0.52,49.57,0.39
41.4,28.27,202311,6.49,0.41,68.19,6.69
41.4,28.27,202312,4.82,0.38,64.93,2.67
41.4,28.3,202301,5.51,0.38,69.94,0.94
41.4,28.3,202302,8.89,0.45,66.0,1.2
41.4,28.3,202303,11.1,0.41,71.25,2.13
41.4,28.3,202304,15.63,0.45,72.39,2.93
41.4,28.3,202305,18.84,0.48,71.78,1.08
41.4,28.3,202306,24.01,0.58,45.28,0.72
41.4,28.3,202307,26.15,0.65,23.83,0.41
41.4,28.3,202308,21.47,0.59,31.41,0.23
41.4,28.3,202309,16.72,0.56,46.02,1.46
41.4,28.3,202310,11.52,0.52,49.57,0.39
41.4,28.3,202311,6.49,0.41,68.19,6.69
41.4,28.3,202312,4.82,0.38,64.93,2.67
41.4,28.33,202301,5.51,0.38,69.94,0.94
41.4,28.33,202302,8.89,0.45,66.0,1.2
41.4,28.33,202303,11.1,0.41,71.25,2.13
41.4,28.33,202304,15.63,0.45,72.39,2.93
41.4,28.33,202305,18.84,0.48,71.78,1.08
41.4,28.33,202306,24.01,0.58,45.28,0.72
41.4,28.33,202307,26.15,0.65,23.83,0.41
41.4,28.33,202308,21.47,0.59,31.41,0.23
41.4,28.33,202309,16.72,0.56,46.02,1.46
41.4,28.33,202310,11.52,0.52,49.57,0.39
41.4,28.33,202311,6.49,0.41,68.19,6.69
41.4,28.33,202312,4.82,0.38,64.93,2.67
41.4,28.36,202301,5.51,0.38,69.94,0.94
41.4,28.36,202302,8.89,0.45,66.0,1.2
41.4,28.36,202303,11.1,0.41,71.25,2.13
41.4,28.36,202304,15.63,0.45,72.39,2.93
41.4,28.36,202305,18.84,0.48,71.78,1.08
41.4,28.36,202306,24.01,0.58,45.28,0.72
41.4,28.36,202307,26.15,0.65,23.83,0.41
41.4,28.36,202308,21.47,0.59,31.41,0.23
41.4,28.36,202309,16.72,0.56,46.02,1.46
41.4,28.36,202310,11.52,0.52,49.57,0.39
41.4,28.36,202311,6.49,0.41,68.19,6.69
41.4,28.36,202312,4.82,0.38,64.93,2.67
41.4,28.39,202301,5.51,0.38,69.94,0.94
41.4,28.39,202302,8.89,0.45,66.0,1.2
41.4,28.39,202303,11.1,0.41,71.25,2.13
41.4,28.39,202304,15.63,0.45,72.39,2.93
41.4,28.39,202305,18.84,0.48,71.78,1.08
41.4,28.39,202306,24.01,0.58,45.28,0.72
41.4,28.39,202307,26.15,0.65,23.83,0.41
41.4,28.39,202308,21.47,0.59,31.41,0.23
41.4,28.39,202309,16.72,0.56,46.02,1.46
41.4,28.39,202310,11.52,0.52,49.57,0.39
41.4,28.39,202311,6.49,0.41,68.19,6.69
41.4,28.39,202312,4.82,0.38,64.93,2.67
41.4,28.42,202301,5.51,0.38,69.94,0.94
41.4,28.42,202302,8.89,0.45,66.0,1.2
41.4,28.42,202303,11.1,0.41,71.25,2.13
41.4,28.42,202304,15.63,0.45,72.39,2.93
41.4,28.42,202305,18.84,0.48,71.78,1.08
41.4,28.42,202306,24.01,0.58,45.28,0.72
41.4,28.42,202307,26.15,0.65,23.83,0.41
41.4,28.42,202308,21.47,0.59,31.41,0.23
41.4,28.42,202309,16.72,0.56,46.02,1.46
41.4,28.42,202310,11.52,0.52,49.57,0.39
41.4,28.42,202311,6.49,0.41,68.19,6.69
41.4,28.42,202312,4.82,0.38,64.93,2.67
41.4,28.45,202301,5.51,0.38,69.94,1.04
41.4,28.45,202302,8.89,0.45,66.0,1.93
41.4,28.45,202303,11.1,0.41,71.25,2.63
41.4,28.45,202304,15.63,0.45,72.39,2.79
41.4,28.45,202305,18.84,0.48,71.78,1.09
41.4,28.45,202306,24.01,0.58,45.28,0.55
41.4,28.45,202307,26.15,0.65,23.83,0.34
41.4,28.45,202308,21.47,0.59,31.41,0.25
41.4,28.45,202309,16.72,0.56,46.02,2.03
41.4,28.45,202310,11.52,0.52,49.57,0.64
41.4,28.45,202311,6.49,0.41,68.19,8.01
41.4,28.45,202312,4.82,0.38,64.93,2.73
41.4,28.48,202301,5.51,0.38,69.94,1.04
41.4,28.48,202302,8.89,0.45,66.0,1.93
41.4,28.48,202303,11.1,0.41,71.25,2.63
41.4,28.48,202304,15.63,0.45,72.39,2.79
41.4,28.48,202305,18.84,0.48,71.78,1.09
41.4,28.48,202306,24.01,0.58,45.28,0.55
41.4,28.48,202307,26.15,0.65,23.83,0.34
41.4,28.48,202308,21.47,0.59,31.41,0.25
41.4,28.48,202309,16.72,0.56,46.02,2.03
41.4,28.48,202310,11.52,0.52,49.57,0.64
41.4,28.48,202311,6.49,0.41,68.19,8.01
41.4,28.48,202312,4.82,0.38,64.93,2.73
41.42,28.12,202301,5.51,0.38,69.94,0.94
41.42,28.12,202302,8.89,0.45,66.0,1.2
41.42,28.12,202303,11.1,0.41,71.25,2.13
41.42,28.12,202304,15.63,0.45,72.39,2.93
41.42,28.12,202305,18.84,0.48,71.78,1.08
41.42,28.12,202306,24.01,0.58,45.28,0.72
41.42,28.12,202307,26.15,0.65,23.83,0.41
41.42,28.12,202308,21.47,0.59,31.41,0.23
41.42,28.12,202309,16.72,0.56,46.02,1.46
41.42,28.12,202310,11.52,0.52,49.57,0.39
41.42,28.12,202311,6.49,0.41,68.19,6.69
41.42,28.12,202312,4.82,0.38,64.93,2.67
41.42,28.15,202301,5.51,0.38,69.94,0.94
41.42,28.15,202302,8.89,0.45,66.0,1.2
41.42,28.15,202303,11.1,0.41,71.25,2.13
41.42,28.15,202304,15.63,0.45,72.39,2.93
41.42,28.15,202305,18.84,0.48,71.78,1.08
41.42,28.15,202306,24.01,0.58,45.28,0.72
41.42,28.15,202307,26.15,0.65,23.83,0.41
41.42,28.15,202308,21.47,0.59,31.41,0.23
41.42,28.15,202309,16.72,0.56,46.02,1.46
41.42,28.15,202310,11.52,0.52,49.57,0.39
41.42,28.15,202311,6.49,0.41,68.19,6.69
41.42,28.15,202312,4.82,0.38,64.93,2.67
41.42,28.18,202301,5.51,0.38,69.94,0.94
41.42,28.18,202302,8.89,0.45,66.0,1.2
41.42,28.18,202303,11.1,0.41,71.25,2.13
41.42,28.18,202304,15.63,0.45,72.39,2.93
41.42,28.18,202305,18.84,0.48,71.78,1.08
41.42,28.18,202306,24.01,0.58,45.28,0.72
41.42,28.18,202307,26.15,0.65,23.83,0.41
41.42,28.18,202308,21.47,0.59,31.41,0.23
41.42,28.18,202309,16.72,0.56,46.02,1.46
41.42,28.18,202310,11.52,0.52,49.57,0.39
41.42,28.18,202311,6.49,0.41,68.19,6.69
41.42,28.18,202312,4.82,0.38,64.93,2.67
41.42,28.21,202301,5.51,0.38,69.94,0.94
41.42,28.21,202302,8.89,0.45,66.0,1.2
41.42,28.21,202303,11.1,0.41,71.25,2.13
41.42,28.21,202304,15.63,0.45,72.39,2.93
41.42,28.21,202305,18.84,0.48,71.78,1.08
41.42,28.21,202306,24.01,0.58,45.28,0.72
41.42,28.21,202307,26.15,0.65,23.83,0.41
41.42,28.21,202308,21.47,0.59,31.41,0.23
41.42,28.21,202309,16.72,0.56,46.02,1.46
41.42,28.21,202310,11.52,0.52,49.57,0.39
41.42,28.21,202311,6.49,0.41,68.19,6.69
41.42,28.21,202312,4.82,0.38,64.93,2.67
41.42,28.24,202301,5.51,0.38,69.94,0.94
41.42,28.24,202302,8.89,0.45,66.0,1.2
41.42,28.24,202303,11.1,0.41,71.25,2.13
41.42,28.24,202304,15.63,0.45,72.39,2.93
41.42,28.24,202305,18.84,0.48,71.78,1.08
41.42,28.24,202306,24.01,0.58,45.28,0.72
41.42,28.24,202307,26.15,0.65,23.83,0.41
41.42,28.24,202308,21.47,0.59,31.41,0.23
41.42,28.24,202309,16.72,0.56,46.02,1.46
41.42,28.24,202310,11.52,0.52,49.57,0.39
41.42,28.24,202311,6.49,0.41,68.19,6.69
41.42,28.24,202312,4.82,0.38,64.93,2.67
41.42,28.27,202301,5.51,0.38,69.94,0.94
41.42,28.27,202302,8.89,0.45,66.0,1.2
41.42,28.27,202303,11.1,0.41,71.25,2.13
41.42,28.27,202304,15.63,0.45,72.39,2.93
41.42,28.27,202305,18.84,0.48,71.78,1.08
41.42,28.27,202306,24.01,0.58,45.28,0.72
41.42,28.27,202307,26.15,0.65,23.83,0.41
41.42,28.27,202308,21.47,0.59,31.41,0.23
41.42,28.27,202309,16.72,0.56,46.02,1.46
41.42,28.27,202310,11.52,0.52,49.57,0.39
41.42,28.27,202311,6.49,0.41,68.19,6.69
41.42,28.27,202312,4.82,0.38,64.93,2.67
41.42,28.3,202301,5.51,0.38,69.94,0.94
41.42,28.3,202302,8.89,0.45,66.0,1.2
41.42,28.3,202303,11.1,0.41,71.25,2.13
41.42,28.3,202304,15.63,0.45,72.39,2.93
41.42,28.3,202305,18.84,0.48,71.78,1.08
41.42,28.3,202306,24.01,0.58,45.28,0.72
41.42,28.3,202307,26.15,0.65,23.83,0.41
41.42,28.3,202308,21.47,0.59,31.41,0.23
41.42,28.3,202309,16.72,0.56,46.02,1.46
41.42,28.3,202310,11.52,0.52,49.57,0.39
41.42,28.3,202311,6.49,0.41,68.19,6.69
41.42,28.3,202312,4.82,0.38,64.93,2.67
41.42,28.33,202301,5.51,0.38,69.94,0.94
41.42,28.33,202302,8.89,0.45,66.0,1.2
41.42,28.33,202303,11.1,0.41,71.25,2.13
41.42,28.33,202304,15.63,0.45,72.39,2.93
41.42,28.33,202305,18.84,0.48,71.78,1.08
41.42,28.33,202306,24.01,0.58,45.28,0.72
41.42,28.33,202307,26.15,0.65,23.83,0.41
41.42,28.33,202308,21.47,0.59,31.41,0.23
41.42,28.33,202309,16.72,0.56,46.02,1.46
41.42,28.33,202310,11.52,0.52,49.57,0.39
41.42,28.33,202311,6.49,0.41,68.19,6.69
41.42,28.33,202312,4.82,0.38,64.93,2.67
41.42,28.36,202301,5.51,0.38,69.94,0.94
41.42,28.36,202302,8.89,0.45,66.0,1.2
41.42,28.36,202303,11.1,0.41,71.25,2.13
41.42,28.36,202304,15.63,0.45,72.39,2.93
41.42,28.36,202305,18.84,0.48,71.78,1.08
41.42,28.36,202306,24.01,0.58,45.28,0.72
41.42,28.36,202307,26.15,0.65,23.83,0.41
41.42,28.36,202308,21.47,0.59,31.41,0.23
41.42,28.36,202309,16.72,0.56,46.02,1.46
41.42,28.36,202310,11.52,0.52,49.57,0.39
41.42,28.36,202311,6.49,0.41,68.19,6.69
41.42,28.36,202312,4.82,0.38,64.93,2.67
41.42,28.39,202301,5.51,0.38,69.94,0.94
41.42,28.39,202302,8.89,0.45,66.0,1.2
41.42,28.39,202303,11.1,0.41,71.25,2.13
41.42,28.39,202304,15.63,0.45,72.39,2.93
41.42,28.39,202305,18.84,0.48,71.78,1.08
41.42,28.39,202306,24.01,0.58,45.28,0.72
41.42,28.39,202307,26.15,0.65,23.83,0.41
41.42,28.39,202308,21.47,0.59,31.41,0.23
41.42,28.39,202309,16.72,0.56,46.02,1.46
41.42,28.39,202310,11.52,0.52,49.57,0.39
41.42,28.39,202311,6.49,0.41,68.19,6.69
41.42,28.39,202312,4.82,0.38,64.93,2.67
41.42,28.42,202301,5.51,0.38,69.94,0.94
41.42,28.42,202302,8.89,0.45,66.0,1.2
41.42,28.42,202303,11.1,0.41,71.25,2.13
41.42,28.42,202304,15.63,0.45,72.39,2.93
41.42,28.42,202305,18.84,0.48,71.78,1.08
41.42,28.42,202306,24.01,0.58,45.28,0.72
41.42,28.42,202307,26.15,0.65,23.83,0.41
41.42,28.42,202308,21.47,0.59,31.41,0.23
41.42,28.42,202309,16.72,0.56,46.02,1.46
41.42,28.42,202310,11.52,0.52,49.57,0.39
41.42,28.42,202311,6.49,0.41,68.19,6.69
41.42,28.42,202312,4.82,0.38,64.93,2.67
41.42,28.45,202301,5.51,0.38,69.94,1.04
41.42,28.45,202302,8.89,0.45,66.0,1.93
41.42,28.45,202303,11.1,0.41,71.25,2.63
41.42,28.45,202304,15.63,0.45,72.39,2.79
41.42,28.45,202305,18.84,0.48,71.78,1.09
41.42,28.45,202306,24.01,0.58,45.28,0.55
41.42,28.45,202307,26.15,0.65,23.83,0.34
41.42,28.45,202308,21.47,0.59,31.41,0.25
41.42,28.45,202309,16.72,0.56,46.02,2.03
41.42,28.45,202310,11.52,0.52,49.57,0.64
41.42,28.45,202311,6.49,0.41,68.19,8.01
41.42,28.45,202312,4.82,0.38,64.93,2.73
41.44,28.12,202301,5.51,0.38,69.94,0.94
41.44,28.12,202302,8.89,0.45,66.0,1.2
41.44,28.12,202303,11.1,0.41,71.25,2.13
41.44,28.12,202304,15.63,0.45,72.39,2.93
41.44,28.12,202305,18.84,0.48,71.78,1.08
41.44,28.12,202306,24.01,0.58,45.28,0.72
41.44,28.12,202307,26.15,0.65,23.83,0.41
41.44,28.12,202308,21.47,0.59,31.41,0.23
41.44,28.12,202309,16.72,0.56,46.02,1.46
41.44,28.12,202310,11.52,0.52,49.57,0.39
41.44,28.12,202311,6.49,0.41,68.19,6.69
41.44,28.12,202312,4.82,0.38,64.93,2.67
41.44,28.15,202301,5.51,0.38,69.94,0.94
41.44,28.15,202302,8.89,0.45,66.0,1.2
41.44,28.15,202303,11.1,0.41,71.25,2.13
41.44,28.15,202304,15.63,0.45,72.39,2.93
41.44,28.15,202305,18.84,0.48,71.78,1.08
41.44,28.15,202306,24.01,0.58,45.28,0.72
41.44,28.15,202307,26.15,0.65,23.83,0.41
41.44,28.15,202308,21.47,0.59,31.41,0.23
41.44,28.15,202309,16.72,0.56,46.02,1.46
41.44,28.15,202310,11.52,0.52,49.57,0.39
41.44,28.15,202311,6.49,0.41,68.19,6.69
41.44,28.15,202312,4.82,0.38,64.93,2.67
41.44,28.18,202301,5.51,0.38,69.94,0.94
41.44,28.18,202302,8.89,0.45,66.0,1.2
41.44,28.18,202303,11.1,0.41,71.25,2.13
41.44,28.18,202304,15.63,0.45,72.39,2.93
41.44,28.18,202305,18.84,0.48,71.78,1.08
41.44,28.18,202306,24.01,0.58,45.28,0.72
41.44,28.18,202307,26.15,0.65,23.83,0.41
41.44,28.18,202308,21.47,0.59,31.41,0.23
41.44,28.18,202309,16.72,0.56,46.02,1.46
41.44,28.18,202310,11.52,0.52,49.57,0.39
41.44,28.18,202311,6.49,0.41,68.19,6.69
41.44,28.18,202312,4.82,0.38,64.93,2.67
41.44,28.21,202301,5.51,0.38,69.94,0.94
41.44,28.21,202302,8.89,0.45,66.0,1.2
41.44,28.21,202303,11.1,0.41,71.25,2.13
41.44,28.21,202304,15.63,0.45,72.39,2.93
41.44,28.21,202305,18.84,0.48,71.78,1.08
41.44,28.21,202306,24.01,0.58,45.28,0.72
41.44,28.21,202307,26.15,0.65,23.83,0.41
41.44,28.21,202308,21.47,0.59,31.41,0.23
41.44,28.21,202309,16.72,0.56,46.02,1.46
41.44,28.21,202310,11.52,0.52,49.57,0.39
41.44,28.21,202311,6.49,0.41,68.19,6.69
41.44,28.21,202312,4.82,0.38,64.93,2.67
41.44,28.24,202301,5.51,0.38,69.94,0.94
41.44,28.24,202302,8.89,0.45,66.0,1.2
41.44,28.24,202303,11.1,0.41,71.25,2.13
41.44,28.24,202304,15.63,0.45,72.39,2.93
41.44,28.24,202305,18.84,0.48,71.78,1.08
41.44,28.24,202306,24.01,0.58,45.28,0.72
41.44,28.24,202307,26.15,0.65,23.83,0.41
41.44,28.24,202308,21.47,0.59,31.41,0.23
41.44,28.24,202309,16.72,0.56,46.02,1.46
41.44,28.24,202310,11.52,0.52,49.57,0.39
41.44,28.24,202311,6.49,0.41,68.19,6.69
41.44,28.24,202312,4.82,0.38,64.93,2.67
41.44,28.27,202301,5.51,0.38,69.94,0.94
41.44,28.27,202302,8.89,0.45,66.0,1.2
41.44,28.27,202303,11.1,0.41,71.25,2.13
41.44,28.27,202304,15.63,0.45,72.39,2.93
41.44,28.27,202305,18.84,0.48,71.78,1.08
41.44,28.27,202306,24.01,0.58,45.28,0.72
41.44,28.27,202307,26.15,0.65,23.83,0.41
41.44,28.27,202308,21.47,0.59,31.41,0.23
41.44,28.27,202309,16.72,0.56,46.02,1.46
41.44,28.27,202310,11.52,0.52,49.57,0.39
41.44,28.27,202311,6.49,0.41,68.19,6.69
41.44,28.27,202312,4.82,0.38,64.93,2.67
41.44,28.3,202301,5.51,0.38,69.94,0.94
41.44,28.3,202302,8.89,0.45,66.0,1.2
41.44,28.3,202303,11.1,0.41,71.25,2.13
41.44,28.3,202304,15.63,0.45,72.39,2.93
41.44,28.3,202305,18.84,0.48,71.78,1.08
41.44,28.3,202306,24.01,0.58,45.28,0.72
41.44,28.3,202307,26.15,0.65,23.83,0.41
41.44,28.3,202308,21.47,0.59,31.41,0.23
41.44,28.3,202309,16.72,0.56,46.02,1.46
41.44,28.3,202310,11.52,0.52,49.57,0.39
41.44,28.3,202311,6.49,0.41,68.19,6.69
41.44,28.3,202312,4.82,0.38,64.93,2.67
41.44,28.33,202301,5.51,0.38,69.94,0.94
41.44,28.33,202302,8.89,0.45,66.0,1.2
41.44,28.33,202303,11.1,0.41,71.25,2.13
41.44,28.33,202304,15.63,0.45,72.39,2.93
41.44,28.33,202305,18.84,0.48,71.78,1.08
41.44,28.33,202306,24.01,0.58,45.28,0.72
41.44,28.33,202307,26.15,0.65,23.83,0.41
41.44,28.33,202308,21.47,0.59,31.41,0.23
41.44,28.33,202309,16.72,0.56,46.02,1.46
41.44,28.33,202310,11.52,0.52,49.57,0.39
41.44,28.33,202311,6.49,0.41,68.19,6.69
41.44,28.33,202312,4.82,0.38,64.93,2.67
41.44,28.36,202301,5.51,0.38,69.94,0.94
41.44,28.36,202302,8.89,0.45,66.0,1.2
41.44,28.36,202303,11.1,0.41,71.25,2.13
41.44,28.36,202304,15.63,0.45,72.39,2.93
41.44,28.36,202305,18.84,0.48,71.78,1.08
41.44,28.36,202306,24.01,0.58,45.28,0.72
41.44,28.36,202307,26.15,0.65,23.83,0.41
41.44,28.36,202308,21.47,0.59,31.41,0.23
41.44,28.36,202309,16.72,0.56,46.02,1.46
41.44,28.36,202310,11.52,0.52,49.57,0.39
41.44,28.36,202311,6.49,0.41,68.19,6.69
41.44,28.36,202312,4.82,0.38,64.93,2.67
41.44,28.39,202301,5.51,0.38,69.94,0.94
41.44,28.39,202302,8.89,0.45,66.0,1.2
41.44,28.39,202303,11.1,0.41,71.25,2.13
41.44,28.39,202304,15.63,0.45,72.39,2.93
41.44,28.39,202305,18.84,0.48,71.78,1.08
41.44,28.39,202306,24.01,0.58,45.28,0.72
41.44,28.39,202307,26.15,0.65,23.83,0.41
41.44,28.39,202308,21.47,0.59,31.41,0.23
41.44,28.39,202309,16.72,0.56,46.02,1.46
41.44,28.39,202310,11.52,0.52,49.57,0.39
41.44,28.39,202311,6.49,0.41,68.19,6.69
41.44,28.39,202312,4.82,0.38,64.93,2.67
41.46,28.12,202301,5.51,0.38,69.94,0.94
41.46,28.12,202302,8.89,0.45,66.0,1.2
41.46,28.12,202303,11.1,0.41,71.25,2.13
41.46,28.12,202304,15.63,0.45,72.39,2.93
41.46,28.12,202305,18.84,0.48,71.78,1.08
41.46,28.12,202306,24.01,0.58,45.28,0.72
41.46,28.12,202307,26.15,0.65,23.83,0.41
41.46,28.12,202308,21.47,0.59,31.41,0.23
41.46,28.12,202309,16.72,0.56,46.02,1.46
41.46,28.12,202310,11.52,0.52,49.57,0.39
41.46,28.12,202311,6.49,0.41,68.19,6.69
41.46,28.12,202312,4.82,0.38,64.93,2.67
41.46,28.15,202301,5.51,0.38,69.94,0.94
41.46,28.15,202302,8.89,0.45,66.0,1.2
41.46,28.15,202303,11.1,0.41,71.25,2.13
41.46,28.15,202304,15.63,0.45,72.39,2.93
41.46,28.15,202305,18.84,0.48,71.78,1.08
41.46,28.15,202306,24.01,0.58,45.28,0.72
41.46,28.15,202307,26.15,0.65,23.83,0.41
41.46,28.15,202308,21.47,0.59,31.41,0.23
41.46,28.15,202309,16.72,0.56,46.02,1.46
41.46,28.15,202310,11.52,0.52,49.57,0.39
41.46,28.15,202311,6.49,0.41,68.19,6.69
41.46,28.15,202312,4.82,0.38,64.93,2.67
41.46,28.18,202301,5.51,0.38,69.94,0.94
41.46,28.18,202302,8.89,0.45,66.0,1.2
41.46,28.18,202303,11.1,0.41,71.25,2.13
41.46,28.18,202304,15.63,0.45,72.39,2.93
41.46,28.18,202305,18.84,0.48,71.78,1.08
41.46,28.18,202306,24.01,0.58,45.28,0.72
41.46,28.18,202307,26.15,0.65,23.83,0.41
41.46,28.18,202308,21.47,0.59,31.41,0.23
41.46,28.18,202309,16.72,0.56,46.02,1.46
41.46,28.18,202310,11.52,0.52,49.57,0.39
41.46,28.18,202311,6.49,0.41,68.19,6.69
41.46,28.18,202312,4.82,0.38,64.93,2.67
41.46,28.21,202301,5.51,0.38,69.94,0.94
41.46,28.21,202302,8.89,0.45,66.0,1.2
41.46,28.21,202303,11.1,0.41,71.25,2.13
41.46,28.21,202304,15.63,0.45,72.39,2.93
41.46,28.21,202305,18.84,0.48,71.78,1.08
41.46,28.21,202306,24.01,0.58,45.28,0.72
41.46,28.21,202307,26.15,0.65,23.83,0.41
41.46,28.21,202308,21.47,0.59,31.41,0.23
41.46,28.21,202309,16.72,0.56,46.02,1.46
41.46,28.21,202310,11.52,0.52,49.57,0.39
41.46,28.21,202311,6.49,0.41,68.19,6.69
41.46,28.21,202312,4.82,0.38,64.93,2.67
41.46,28.24,202301,5.51,0.38,69.94,0.94
41.46,28.24,202302,8.89,0.45,66.0,1.2
41.46,28.24,202303,11.1,0.41,71.25,2.13
41.46,28.24,202304,15.63,0.45,72.39,2.93
41.46,28.24,202305,18.84,0.48,71.78,1.08
41.46,28.24,202306,24.01,0.58,45.28,0.72
41.46,28.24,202307,26.15,0.65,23.83,0.41
41.46,28.24,202308,21.47,0.59,31.41,0.23
41.46,28.24,202309,16.72,0.56,46.02,1.46
41.46,28.24,202310,11.52,0.52,49.57,0.39
41.46,28.24,202311,6.49,0.41,68.19,6.69
41.46,28.24,202312,4.82,0.38,64.93,2.67
41.46,28.27,202301,5.51,0.38,69.94,0.94
41.46,28.27,202302,8.89,0.45,66.0,1.2
41.46,28.27,202303,11.1,0.41,71.25,2.13
41.46,28.27,202304,15.63,0.45,72.39,2.93
41.46,28.27,202305,18.84,0.48,71.78,1.08
41.46,28.27,202306,24.01,0.58,45.28,0.72
41.46,28.27,202307,26.15,0.65,23.83,0.41
41.46,28.27,202308,21.47,0.59,31.41,0.23
41.46,28.27,202309,16.72,0.56,46.02,1.46
41.46,28.27,202310,11.52,0.52,49.57,0.39
41.46,28.27,202311,6.49,0.41,68.19,6.69
41.46,28.27,202312,4.82,0.38,64.93,2.67
41.46,28.3,202301,5.51,0.38,69.94,0.94
41.46,28.3,202302,8.89,0.45,66.0,1.2
41.46,28.3,202303,11.1,0.41,71.25,2.13
41.46,28.3,202304,15.63,0.45,72.39,2.93
41.46,28.3,202305,18.84,0.48,71.78,1.08
41.46,28.3,202306,24.01,0.58,45.28,0.72
41.46,28.3,202307,26.15,0.65,23.83,0.41
41.46,28.3,202308,21.47,0.59,31.41,0.23
41.46,28.3,202309,16.72,0.56,46.02,1.46
41.46,28.3,202310,11.52,0.52,49.57,0.39
41.46,28.3,202311,6.49,0.41,68.19,6.69
41.46,28.3,202312,4.82,0.38,64.93,2.67
41.46,28.33,202301,5.51,0.38,69.94,0.94
41.46,28.33,202302,8.89,0.45,66.0,1.2
41.46,28.33,202303,11.1,0.41,71.25,2.13
41.46,28.33,202304,15.63,0.45,72.39,2.93
41.46,28.33,202305,18.84,0.48,71.78,1.08
41.46,28.33,202306,24.01,0.58,45.28,0.72
41.46,28.33,202307,26.15,0.65,23.83,0.41
41.46,28.33,202308,21.47,0.59,31.41,0.23
41.46,28.33,202309,16.72,0.56,46.02,1.46
41.46,28.33,202310,11.52,0.52,49.57,0.39
41.46,28.33,202311,6.49,0.41,68.19,6.69
41.46,28.33,202312,4.82,0.38,64.93,2.67
41.48,28.12,202301,5.51,0.38,69.94,0.94
41.48,28.12,202302,8.89,0.45,66.0,1.2
41.48,28.12,202303,11.1,0.41,71.25,2.13
41.48,28.12,202304,15.63,0.45,72.39,2.93
41.48,28.12,202305,18.84,0.48,71.78,1.08
41.48,28.12,202306,24.01,0.58,45.28,0.72
41.48,28.12,202307,26.15,0.65,23.83,0.41
41.48,28.12,202308,21.47,0.59,31.41,0.23
41.48,28.12,202309,16.72,0.56,46.02,1.46
41.48,28.12,202310,11.52,0.52,49.57,0.39
41.48,28.12,202311,6.49,0.41,68.19,6.69
41.48,28.12,202312,4.82,0.38,64.93,2.67
41.48,28.15,202301,5.51,0.38,69.94,0.94
41.48,28.15,202302,8.89,0.45,66.0,1.2
41.48,28.15,202303,11.1,0.41,71.25,2.13
41.48,28.15,202304,15.63,0.45,72.39,2.93
41.48,28.15,202305,18.84,0.48,71.78,1.08
41.48,28.15,202306,24.01,0.58,45.28,0.72
41.48,28.15,202307,26.15,0.65,23.83,0.41
41.48,28.15,202308,21.47,0.59,31.41,0.23
41.48,28.15,202309,16.72,0.56,46.02,1.46
41.48,28.15,202310,11.52,0.52,49.57,0.39
41.48,28.15,202311,6.49,0.41,68.19,6.69
41.48,28.15,202312,4.82,0.38,64.93,2.67
41.48,28.18,202301,5.51,0.38,69.94,0.94
41.48,28.18,202302,8.89,0.45,66.0,1.2
41.48,28.18,202303,11.1,0.41,71.25,2.13
41.48,28.18,202304,15.63,0.45,72.39,2.93
41.48,28.18,202305,18.84,0.48,71.78,1.08
41.48,28.18,202306,24.01,0.58,45.28,0.72
41.48,28.18,202307,26.15,0.65,23.83,0.41
41.48,28.18,202308,21.47,0.59,31.41,0.23
41.48,28.18,202309,16.72,0.56,46.02,1.46
41.48,28.18,202310,11.52,0.52,49.57,0.39
41.48,28.18,202311,6.49,0.41,68.19,6.69
41.48,28.18,202312,4.82,0.38,64.93,2.67
41.48,28.21,202301,5.51,0.38,69.94,0.94
41.48,28.21,202302,8.89,0.45,66.0,1.2
41.48,28.21,202303,11.1,0.41,71.25,2.13
41.48,28.21,202304,15.63,0.45,72.39,2.93
41.48,28.21,202305,18.84,0.48,71.78,1.08
41.48,28.21,202306,24.01,0.58,45.28,0.72
41.48,28.21,202307,26.15,0.65,23.83,0.41
41.48,28.21,202308,21.47,0.59,31.41,0.23
41.48,28.21,202309,16.72,0.56,46.02,1.46
41.48,28.21,202310,11.52,0.52,49.57,0.39
41.48,28.21,202311,6.49,0.41,68.19,6.69
41.48,28.21,202312,4.82,0.38,64.93,2.67
41.48,28.24,202301,5.51,0.38,69.94,0.94
41.48,28.24,202302,8.89,0.45,66.0,1.2
41.48,28.24,202303,11.1,0.41,71.25,2.13
41.48,28.24,202304,15.63,0.45,72.39,2.93
41.48,28.24,202305,18.84,0.48,71.78,1.08
41.48,28.24,202306,24.01,0.58,45.28,0.72
41.48,28.24,202307,26.15,0.65,23.83,0.41
41.48,28.24,202308,21.47,0.59,31.41,0.23
41.48,28.24,202309,16.72,0.56,46.02,1.46
41.48,28.24,202310,11.52,0.52,49.57,0.39
41.48,28.24,202311,6.49,0.41,68.19,6.69
41.48,28.24,202312,4.82,0.38,64.93,2.67
41.48,28.27,202301,5.51,0.38,69.94,0.94
41.48,28.27,202302,8.89,0.45,66.0,1.2
41.48,28.27,202303,11.1,0.41,71.25,2.13
41.48,28.27,202304,15.63,0.45,72.39,2.93
41.48,28.27,202305,18.84,0.48,71.78,1.08
41.48,28.27,202306,24.01,0.58,45.28,0.72
41.48,28.27,202307,26.15,0.65,23.83,0.41
41.48,28.27,202308,21.47,0.59,31.41,0.23
41.48,28.27,202309,16.72,0.56,46.02,1.46
41.48,28.27,202310,11.52,0.52,49.57,0.39
41.48,28.27,202311,6.49,0.41,68.19,6.69
41.48,28.27,202312,4.82,0.38,64.93,2.67
41.48,28.3,202301,5.51,0.38,69.94,0.94
41.48,28.3,202302,8.89,0.45,66.0,1.2
41.48,28.3,202303,11.1,0.41,71.25,2.13
41.48,28.3,202304,15.63,0.45,72.39,2.93
41.48,28.3,202305,18.84,0.48,71.78,1.08
41.48,28.3,202306,24.01,0.58,45.28,0.72
41.48,28.3,202307,26.15,0.65,23.83,0.41
41.48,28.3,202308,21.47,0.59,31.41,0.23
41.48,28.3,202309,16.72,0.56,46.02,1.46
41.48,28.3,202310,11.52,0.52,49.57,0.39
41.48,28.3,202311,6.49,0.41,68.19,6.69
41.48,28.3,202312,4.82,0.38,64.93,2.67
41.5,28.09,202301,5.51,0.38,69.94,0.94
41.5,28.09,202302,8.89,0.45,66.0,1.2
41.5,28.09,202303,11.1,0.41,71.25,2.13
41.5,28.09,202304,15.63,0.45,72.39,2.93
41.5,28.09,202305,18.84,0.48,71.78,1.08
41.5,28.09,202306,24.01,0.58,45.28,0.72
41.5,28.09,202307,26.15,0.65,23.83,0.41
41.5,28.09,202308,21.47,0.59,31.41,0.23
41.5,28.09,202309,16.72,0.56,46.02,1.46
41.5,28.09,202310,11.52,0.52,49.57,0.39
41.5,28.09,202311,6.49,0.41,68.19,6.69
41.5,28.09,202312,4.82,0.38,64.93,2.67
41.5,28.12,202301,5.51,0.38,69.94,0.94
41.5,28.12,202302,8.89,0.45,66.0,1.2
41.5,28.12,202303,11.1,0.41,71.25,2.13
41.5,28.12,202304,15.63,0.45,72.39,2.93
41.5,28.12,202305,18.84,0.48,71.78,1.08
41.5,28.12,202306,24.01,0.58,45.28,0.72
41.5,28.12,202307,26.15,0.65,23.83,0.41
41.5,28.12,202308,21.47,0.59,31.41,0.23
41.5,28.12,202309,16.72,0.56,46.02,1.46
41.5,28.12,202310,11.52,0.52,49.57,0.39
41.5,28.12,202311,6.49,0.41,68.19,6.69
41.5,28.12,202312,4.82,0.38,64.93,2.67
41.5,28.15,202301,5.51,0.38,69.94,0.94
41.5,28.15,202302,8.89,0.45,66.0,1.2
41.5,28.15,202303,11.1,0.41,71.25,2.13
41.5,28.15,202304,15.63,0.45,72.39,2.93
41.5,28.15,202305,18.84,0.48,71.78,1.08
41.5,28.15,202306,24.01,0.58,45.28,0.72
41.5,28.15,202307,26.15,0.65,23.83,0.41
41.5,28.15,202308,21.47,0.59,31.41,0.23
41.5,28.15,202309,16.72,0.56,46.02,1.46
41.5,28.15,202310,11.52,0.52,49.57,0.39
41.5,28.15,202311,6.49,0.41,68.19,6.69
41.5,28.15,202312,4.82,0.38,64.93,2.67
41.5,28.18,202301,5.51,0.38,69.94,0.94
41.5,28.18,202302,8.89,0.45,66.0,1.2
41.5,28.18,202303,11.1,0.41,71.25,2.13
41.5,28.18,202304,15.63,0.45,72.39,2.93
41.5,28.18,202305,18.84,0.48,71.78,1.08
41.5,28.18,202306,24.01,0.58,45.28,0.72
41.5,28.18,202307,26.15,0.65,23.83,0.41
41.5,28.18,202308,21.47,0.59,31.41,0.23
41.5,28.18,202309,16.72,0.56,46.02,1.46
41.5,28.18,202310,11.52,0.52,49.57,0.39
41.5,28.18,202311,6.49,0.41,68.19,6.69
41.5,28.18,202312,4.82,0.38,64.93,2.67
41.5,28.21,202301,5.51,0.38,69.94,0.94
41.5,28.21,202302,8.89,0.45,66.0,1.2
41.5,28.21,202303,11.1,0.41,71.25,2.13
41.5,28.21,202304,15.63,0.45,72.39,2.93
41.5,28.21,202305,18.84,0.48,71.78,1.08
41.5,28.21,202306,24.01,0.58,45.28,0.72
41.5,28.21,202307,26.15,0.65,23.83,0.41
41.5,28.21,202308,21.47,0.59,31.41,0.23
41.5,28.21,202309,16.72,0.56,46.02,1.46
41.5,28.21,202310,11.52,0.52,49.57,0.39
41.5,28.21,202311,6.49,0.41,68.19,6.69
41.5,28.21,202312,4.82,0.38,64.93,2.67
41.5,28.24,202301,5.51,0.38,69.94,0.94
41.5,28.24,202302,8.89,0.45,66.0,1.2
41.5,28.24,202303,11.1,0.41,71.25,2.13
41.5,28.24,202304,15.63,0.45,72.39,2.93
41.5,28.24,202305,18.84,0.48,71.78,1.08
41.5,28.24,202306,24.01,0.58,45.28,0.72
41.5,28.24,202307,26.15,0.65,23.83,0.41
41.5,28.24,202308,21.47,0.59,31.41,0.23
41.5,28.24,202309,16.72,0.56,46.02,1.46
41.5,28.24,202310,11.52,0.52,49.57,0.39
41.5,28.24,202311,6.49,0.41,68.19,6.69
41.5,28.24,202312,4.82,0.38,64.93,2.67
41.52,28.12,202301,5.51,0.38,69.94,0.94
41.52,28.12,202302,8.89,0.45,66.0,1.2
41.52,28.12,202303,11.1,0.41,71.25,2.13
41.52,28.12,202304,15.63,0.45,72.39,2.93
41.52,28.12,202305,18.84,0.48,71.78,1.08
41.52,28.12,202306,24.01,0.58,45.28,0.72
41.52,28.12,202307,26.15,0.65,23.83,0.41
41.52,28.12,202308,21.47,0.59,31.41,0.23
41.52,28.12,202309,16.72,0.56,46.02,1.46
41.52,28.12,202310,11.52,0.52,49.57,0.39
41.52,28.12,202311,6.49,0.41,68.19,6.69
41.52,28.12,202312,4.82,0.38,64.93,2.67
41.52,28.15,202301,5.51,0.38,69.94,0.94
41.52,28.15,202302,8.89,0.45,66.0,1.2
41.52,28.15,202303,11.1,0.41,71.25,2.13
41.52,28.15,202304,15.63,0.45,72.39,2.93
41.52,28.15,202305,18.84,0.48,71.78,1.08
41.52,28.15,202306,24.01,0.58,45.28,0.72
41.52,28.15,202307,26.15,0.65,23.83,0.41
41.52,28.15,202308,21.47,0.59,31.41,0.23
41.52,28.15,202309,16.72,0.56,46.02,1.46
41.52,28.15,202310,11.52,0.52,49.57,0.39
41.52,28.15,202311,6.49,0.41,68.19,6.69
41.52,28.15,202312,4.82,0.38,64.93,2.67
41.52,28.18,202301,5.51,0.38,69.94,0.94
41.52,28.18,202302,8.89,0.45,66.0,1.2
41.52,28.18,202303,11.1,0.41,71.25,2.13
41.52,28.18,202304,15.63,0.45,72.39,2.93
41.52,28.18,202305,18.84,0.48,71.78,1.08
41.52,28.18,202306,24.01,0.58,45.28,0.72
41.52,28.18,202307,26.15,0.65,23.83,0.41
41.52,28.18,202308,21.47,0.59,31.41,0.23
41.52,28.18,202309,16.72,0.56,46.02,1.46
41.52,28.18,202310,11.52,0.52,49.57,0.39
41.52,28.18,202311,6.49,0.41,68.19,6.69
41.52,28.18,202312,4.82,0.38,64.93,2.67
41.52,28.21,202301,5.51,0.38,69.94,0.94
41.52,28.21,202302,8.89,0.45,66.0,1.2
41.52,28.21,202303,11.1,0.41,71.25,2.13
41.52,28.21,202304,15.63,0.45,72.39,2.93
41.52,28.21,202305,18.84,0.48,71.78,1.08
41.52,28.21,202306,24.01,0.58,45.28,0.72
41.52,28.21,202307,26.15,0.65,23.83,0.41
41.52,28.21,202308,21.47,0.59,31.41,0.23
41.52,28.21,202309,16.72,0.56,46.02,1.46
41.52,28.21,202310,11.52,0.52,49.57,0.39
41.52,28.21,202311,6.49,0.41,68.19,6.69
41.52,28.21,202312,4.82,0.38,64.93,2.67
41.54,28.15,202301,5.51,0.38,69.94,0.94
41.54,28.15,202302,8.89,0.45,66.0,1.2
41.54,28.15,202303,11.1,0.41,71.25,2.13
41.54,28.15,202304,15.63,0.45,72.39,2.93
41.54,28.15,202305,18.84,0.48,71.78,1.08
41.54,28.15,202306,24.01,0.58,45.28,0.72
41.54,28.15,202307,26.15,0.65,23.83,0.41
41.54,28.15,202308,21.47,0.59,31.41,0.23
41.54,28.15,202309,16.72,0.56,46.02,1.46
41.54,28.15,202310,11.52,0.52,49.57,0.39
41.54,28.15,202311,6.49,0.41,68.19,6.69
41.54,28.15,202312,4.82,0.38,64.93,2.67
41.54,28.18,202301,5.51,0.38,69.94,0.94
41.54,28.18,202302,8.89,0.45,66.0,1.2
41.54,28.18,202303,11.1,0.41,71.25,2.13
41.54,28.18,202304,15.63,0.45,72.39,2.93
41.54,28.18,202305,18.84,0.48,71.78,1.08
41.54,28.18,202306,24.01,0.58,45.28,0.72
41.54,28.18,202307,26.15,0.65,23.83,0.41
41.54,28.18,202308,21.47,0.59,31.41,0.23
41.54,28.18,202309,16.72,0.56,46.02,1.46
41.54,28.18,202310,11.52,0.52,49.57,0.39
41.54,28.18,202311,6.49,0.41,68.19,6.69
41.54,28.18,202312,4.82,0.38,64.93,2.67
41.56,28.15,202301,5.51,0.38,69.94,0.94
41.56,28.15,202302,8.89,0.45,66.0,1.2
41.56,28.15,202303,11.1,0.41,71.25,2.13
41.56,28.15,202304,15.63,0.45,72.39,2.93
41.56,28.15,202305,18.84,0.48,71.78,1.08
41.56,28.15,202306,24.01,0.58,45.28,0.72
41.56,28.15,202307,26.15,0.65,23.83,0.41
41.56,28.15,202308,21.47,0.59,31.41,0.23
41.56,28.15,202309,16.72,0.56,46.02,1.46
41.56,28.15,202310,11.52,0.52,49.57,0.39
41.56,28.15,202311,6.49,0.41,68.19,6.69
41.56,28.15,202312,4.82,0.38,64.93,2.67
41.56,28.18,202301,5.51,0.38,69.94,0.94
41.56,28.18,202302,8.89,0.45,66.0,1.2
41.56,28.18,202303,11.1,0.41,71.25,2.13
41.56,28.18,202304,15.63,0.45,72.39,2.93
41.56,28.18,202305,18.84,0.48,71.78,1.08
41.56,28.18,202306,24.01,0.58,45.28,0.72
41.56,28.18,202307,26.15,0.65,23.83,0.41
41.56,28.18,202308,21.47,0.59,31.41,0.23
41.56,28.18,202309,16.72,0.56,46.02,1.46
41.56,28.18,202310,11.52,0.52,49.57,0.39
41.56,28.18,202311,6.49,0.41,68.19,6.69
41.56,28.18,202312,4.82,0.38,64.93,2.67
41.58,28.15,202301,5.51,0.38,69.94,0.94
41.58,28.15,202302,8.89,0.45,66.0,1.2
41.58,28.15,202303,11.1,0.41,71.25,2.13
41.58,28.15,202304,15.63,0.45,72.39,2.93
41.58,28.15,202305,18.84,0.48,71.78,1.08
41.58,28.15,202306,24.01,0.58,45.28,0.72
41.58,28.15,202307,26.15,0.65,23.83,0.41
41.58,28.15,202308,21.47,0.59,31.41,0.23
41.58,28.15,202309,16.72,0.56,46.02,1.46
41.58,28.15,202310,11.52,0.52,49.57,0.39
41.58,28.15,202311,6.49,0.41,68.19,6.69
41.58,28.15,202312,4.82,0.38,64.93,2.67
