lat,lon,ALLSKY_SFC_SW_DWN,ALLSKY_KT,CLOUD_AMT,PRECTOTCORR
40.82,29.29,0.0391,0.45,0.0863,0.0258
40.82,29.29,0.0506,0.43,0.1011,0.0906
40.82,29.29,0.0622,0.39,0.1091,0.1031
40.82,29.29,0.0893,0.44,0.1135,0.1085
40.82,29.29,0.0992,0.43,0.1122,0.0483
40.82,29.29,0.1358,0.56,0.0717,0.0559
40.82,29.29,0.1555,0.66,0.0283,0.0283
40.82,29.29,0.1287,0.61,0.0472,0.0183
40.82,29.29,0.106,0.61,0.0534,0.0319
40.82,29.29,0.0724,0.55,0.0631,0.0655
40.82,29.29,0.0382,0.4,0.1011,0.2496
40.82,29.29,0.0355,0.45,0.0926,0.0877
40.82,29.32,0.0391,0.45,0.0863,0.0258
40.82,29.32,0.0506,0.43,0.1011,0.0906
40.82,29.32,0.0622,0.39,0.1091,0.1031
40.82,29.32,0.0893,0.44,0.1135,0.1085
40.82,29.32,0.0992,0.43,0.1122,0.0483
40.82,29.32,0.1358,0.56,0.0717,0.0559
40.82,29.32,0.1555,0.66,0.0283,0.0283
40.82,29.32,0.1287,0.61,0.0472,0.0183
40.82,29.32,0.106,0.61,0.0534,0.0319
40.82,29.32,0.0724,0.55,0.0631,0.0655
40.82,29.32,0.0382,0.4,0.1011,0.2496
40.82,29.32,0.0355,0.45,0.0926,0.0877
40.84,29.29,0.0391,0.45,0.0863,0.0258
40.84,29.29,0.0506,0.43,0.1011,0.0906
40.84,29.29,0.0622,0.39,0.1091,0.1031
40.84,29.29,0.0893,0.44,0.1135,0.1085
40.84,29.29,0.0992,0.43,0.1122,0.0483
40.84,29.29,0.1358,0.56,0.0717,0.0559
40.84,29.29,0.1555,0.66,0.0283,0.0283
40.84,29.29,0.1287,0.61,0.0472,0.0183
40.84,29.29,0.106,0.61,0.0534,0.0319
40.84,29.29,0.0724,0.55,0.0631,0.0655
40.84,29.29,0.0382,0.4,0.1011,0.2496
40.84,29.29,0.0355,0.45,0.0926,0.0877
40.84,29.32,0.0391,0.45,0.0863,0.0258
40.84,29.32,0.0506,0.43,0.1011,0.0906
40.84,29.32,0.0622,0.39,0.1091,0.1031
40.84,29.32,0.0893,0.44,0.1135,0.1085
40.84,29.32,0.0992,0.43,0.1122,0.0483
40.84,29.32,0.1358,0.56,0.0717,0.0559
40.84,29.32,0.1555,0.66,0.0283,0.0283
40.84,29.32,0.1287,0.61,0.0472,0.0183
40.84,29.32,0.106,0.61,0.0534,0.0319
40.84,29.32,0.0724,0.55,0.0631,0.0655
40.84,29.32,0.0382,0.4,0.1011,0.2496
40.84,29.32,0.0355,0.45,0.0926,0.0877
40.84,29.35,0.0391,0.45,0.0863,0.0258
40.84,29.35,0.0506,0.43,0.1011,0.0906
40.84,29.35,0.0622,0.39,0.1091,0.1031
40.84,29.35,0.0893,0.44,0.1135,0.1085
40.84,29.35,0.0992,0.43,0.1122,0.0483
40.84,29.35,0.1358,0.56,0.0717,0.0559
40.84,29.35,0.1555,0.66,0.0283,0.0283
40.84,29.35,0.1287,0.61,0.0472,0.0183
40.84,29.35,0.106,0.61,0.0534,0.0319
40.84,29.35,0.0724,0.55,0.0631,0.0655
40.84,29.35,0.0382,0.4,0.1011,0.2496
40.84,29.35,0.0355,0.45,0.0926,0.0877
40.86,29.26,0.0391,0.45,0.0863,0.0258
40.86,29.26,0.0506,0.43,0.1011,0.0906
40.86,29.26,0.0622,0.39,0.1091,0.1031
40.86,29.26,0.0893,0.44,0.1135,0.1085
40.86,29.26,0.0992,0.43,0.1122,0.0483
40.86,29.26,0.1358,0.56,0.0717,0.0559
40.86,29.26,0.1555,0.66,0.0283,0.0283
40.86,29.26,0.1287,0.61,0.0472,0.0183
40.86,29.26,0.106,0.61,0.0534,0.0319
40.86,29.26,0.0724,0.55,0.0631,0.0655
40.86,29.26,0.0382,0.4,0.1011,0.2496
40.86,29.26,0.0355,0.45,0.0926,0.0877
40.86,29.29,0.0391,0.45,0.0863,0.0258
40.86,29.29,0.0506,0.43,0.1011,0.0906
40.86,29.29,0.0622,0.39,0.1091,0.1031
40.86,29.29,0.0893,0.44,0.1135,0.1085
40.86,29.29,0.0992,0.43,0.1122,0.0483
40.86,29.29,0.1358,0.56,0.0717,0.0559
40.86,29.29,0.1555,0.66,0.0283,0.0283
40.86,29.29,0.1287,0.61,0.0472,0.0183
40.86,29.29,0.106,0.61,0.0534,0.0319
40.86,29.29,0.0724,0.55,0.0631,0.0655
40.86,29.29,0.0382,0.4,0.1011,0.2496
40.86,29.29,0.0355,0.45,0.0926,0.0877
40.86,29.32,0.0391,0.45,0.0863,0.0258
40.86,29.32,0.0506,0.43,0.1011,0.0906
40.86,29.32,0.0622,0.39,0.1091,0.1031
40.86,29.32,0.0893,0.44,0.1135,0.1085
40.86,29.32,0.0992,0.43,0.1122,0.0483
40.86,29.32,0.1358,0.56,0.0717,0.0559
40.86,29.32,0.1555,0.66,0.0283,0.0283
40.86,29.32,0.1287,0.61,0.0472,0.0183
40.86,29.32,0.106,0.61,0.0534,0.0319
40.86,29.32,0.0724,0.55,0.0631,0.0655
40.86,29.32,0.0382,0.4,0.1011,0.2496
40.86,29.32,0.0355,0.45,0.0926,0.0877
40.86,29.35,0.0391,0.45,0.0863,0.0258
40.86,29.35,0.0506,0.43,0.1011,0.0906
40.86,29.35,0.0622,0.39,0.1091,0.1031
40.86,29.35,0.0893,0.44,0.1135,0.1085
40.86,29.35,0.0992,0.43,0.1122,0.0483
40.86,29.35,0.1358,0.56,0.0717,0.0559
40.86,29.35,0.1555,0.66,0.0283,0.0283
40.86,29.35,0.1287,0.61,0.0472,0.0183
40.86,29.35,0.106,0.61,0.0534,0.0319
40.86,29.35,0.0724,0.55,0.0631,0.0655
40.86,29.35,0.0382,0.4,0.1011,0.2496
40.86,29.35,0.0355,0.45,0.0926,0.0877
40.88,29.2,0.0391,0.45,0.0863,0.0258
40.88,29.2,0.0506,0.43,0.1011,0.0906
40.88,29.2,0.0622,0.39,0.1091,0.1031
40.88,29.2,0.0893,0.44,0.1135,0.1085
40.88,29.2,0.0992,0.43,0.1122,0.0483
40.88,29.2,0.1358,0.56,0.0717,0.0559
40.88,29.2,0.1555,0.66,0.0283,0.0283
40.88,29.2,0.1287,0.61,0.0472,0.0183
40.88,29.2,0.106,0.61,0.0534,0.0319
40.88,29.2,0.0724,0.55,0.0631,0.0655
40.88,29.2,0.0382,0.4,0.1011,0.2496
40.88,29.2,0.0355,0.45,0.0926,0.0877
40.88,29.23,0.0391,0.45,0.0863,0.0258
40.88,29.23,0.0506,0.43,0.1011,0.0906
40.88,29.23,0.0622,0.39,0.1091,0.1031
40.88,29.23,0.0893,0.44,0.1135,0.1085
40.88,29.23,0.0992,0.43,0.1122,0.0483
40.88,29.23,0.1358,0.56,0.0717,0.0559
40.88,29.23,0.1555,0.66,0.0283,0.0283
40.88,29.23,0.1287,0.61,0.0472,0.0183
40.88,29.23,0.106,0.61,0.0534,0.0319
40.88,29.23,0.0724,0.55,0.0631,0.0655
40.88,29.23,0.0382,0.4,0.1011,0.2496
40.88,29.23,0.0355,0.45,0.0926,0.0877
40.88,29.26,0.0391,0.45,0.0863,0.0258
40.88,29.26,0.0506,0.43,0.1011,0.0906
40.88,29.26,0.0622,0.39,0.1091,0.1031
40.88,29.26,0.0893,0.44,0.1135,0.1085
40.88,29.26,0.0992,0.43,0.1122,0.0483
40.88,29.26,0.1358,0.56,0.0717,0.0559
40.88,29.26,0.1555,0.66,0.0283,0.0283
40.88,29.26,0.1287,0.61,0.0472,0.0183
40.88,29.26,0.106,0.61,0.0534,0.0319
40.88,29.26,0.0724,0.55,0.0631,0.0655
40.88,29.26,0.0382,0.4,0.1011,0.2496
40.88,29.26,0.0355,0.45,0.0926,0.0877
40.88,29.29,0.0391,0.45,0.0863,0.0258
40.88,29.29,0.0506,0.43,0.1011,0.0906
40.88,29.29,0.0622,0.39,0.1091,0.1031
40.88,29.29,0.0893,0.44,0.1135,0.1085
40.88,29.29,0.0992,0.43,0.1122,0.0483
40.88,29.29,0.1358,0.56,0.0717,0.0559
40.88,29.29,0.1555,0.66,0.0283,0.0283
40.88,29.29,0.1287,0.61,0.0472,0.0183
40.88,29.29,0.106,0.61,0.0534,0.0319
40.88,29.29,0.0724,0.55,0.0631,0.0655
40.88,29.29,0.0382,0.4,0.1011,0.2496
40.88,29.29,0.0355,0.45,0.0926,0.0877
40.88,29.32,0.0391,0.45,0.0863,0.0258
40.88,29.32,0.0506,0.43,0.1011,0.0906
40.88,29.32,0.0622,0.39,0.1091,0.1031
40.88,29.32,0.0893,0.44,0.1135,0.1085
40.88,29.32,0.0992,0.43,0.1122,0.0483
40.88,29.32,0.1358,0.56,0.0717,0.0559
40.88,29.32,0.1555,0.66,0.0283,0.0283
40.88,29.32,0.1287,0.61,0.0472,0.0183
40.88,29.32,0.106,0.61,0.0534,0.0319
40.88,29.32,0.0724,0.55,0.0631,0.0655
40.88,29.32,0.0382,0.4,0.1011,0.2496
40.88,29.32,0.0355,0.45,0.0926,0.0877
40.88,29.35,0.0391,0.45,0.0863,0.0258
40.88,29.35,0.0506,0.43,0.1011,0.0906
40.88,29.35,0.0622,0.39,0.1091,0.1031
40.88,29.35,0.0893,0.44,0.1135,0.1085
40.88,29.35,0.0992,0.43,0.1122,0.0483
40.88,29.35,0.1358,0.56,0.0717,0.0559
40.88,29.35,0.1555,0.66,0.0283,0.0283
40.88,29.35,0.1287,0.61,0.0472,0.0183
40.88,29.35,0.106,0.61,0.0534,0.0319
40.88,29.35,0.0724,0.55,0.0631,0.0655
40.88,29.35,0.0382,0.4,0.1011,0.2496
40.88,29.35,0.0355,0.45,0.0926,0.0877
40.88,29.38,0.0391,0.45,0.0863,0.0258
40.88,29.38,0.0506,0.43,0.1011,0.0906
40.88,29.38,0.0622,0.39,0.1091,0.1031
40.88,29.38,0.0893,0.44,0.1135,0.1085
40.88,29.38,0.0992,0.43,0.1122,0.0483
40.88,29.38,0.1358,0.56,0.0717,0.0559
40.88,29.38,0.1555,0.66,0.0283,0.0283
40.88,29.38,0.1287,0.61,0.0472,0.0183
40.88,29.38,0.106,0.61,0.0534,0.0319
40.88,29.38,0.0724,0.55,0.0631,0.0655
40.88,29.38,0.0382,0.4,0.1011,0.2496
40.88,29.38,0.0355,0.45,0.0926,0.0877
40.88,29.41,0.0391,0.45,0.0863,0.0258
40.88,29.41,0.0506,0.43,0.1011,0.0906
40.88,29.41,0.0622,0.39,0.1091,0.1031
40.88,29.41,0.0893,0.44,0.1135,0.1085
40.88,29.41,0.0992,0.43,0.1122,0.0483
40.88,29.41,0.1358,0.56,0.0717,0.0559
40.88,29.41,0.1555,0.66,0.0283,0.0283
40.88,29.41,0.1287,0.61,0.0472,0.0183
40.88,29.41,0.106,0.61,0.0534,0.0319
40.88,29.41,0.0724,0.55,0.0631,0.0655
40.88,29.41,0.0382,0.4,0.1011,0.2496
40.88,29.41,0.0355,0.45,0.0926,0.0877
40.9,29.14,0.0391,0.45,0.0863,0.0258
40.9,29.14,0.0506,0.43,0.1011,0.0906
40.9,29.14,0.0622,0.39,0.1091,0.1031
40.9,29.14,0.0893,0.44,0.1135,0.1085
40.9,29.14,0.0992,0.43,0.1122,0.0483
40.9,29.14,0.1358,0.56,0.0717,0.0559
40.9,29.14,0.1555,0.66,0.0283,0.0283
40.9,29.14,0.1287,0.61,0.0472,0.0183
40.9,29.14,0.106,0.61,0.0534,0.0319
40.9,29.14,0.0724,0.55,0.0631,0.0655
40.9,29.14,0.0382,0.4,0.1011,0.2496
40.9,29.14,0.0355,0.45,0.0926,0.0877
40.9,29.17,0.0391,0.45,0.0863,0.0258
40.9,29.17,0.0506,0.43,0.1011,0.0906
40.9,29.17,0.0622,0.39,0.1091,0.1031
40.9,29.17,0.0893,0.44,0.1135,0.1085
40.9,29.17,0.0992,0.43,0.1122,0.0483
40.9,29.17,0.1358,0.56,0.0717,0.0559
40.9,29.17,0.1555,0.66,0.0283,0.0283
40.9,29.17,0.1287,0.61,0.0472,0.0183
40.9,29.17,0.106,0.61,0.0534,0.0319
40.9,29.17,0.0724,0.55,0.0631,0.0655
40.9,29.17,0.0382,0.4,0.1011,0.2496
40.9,29.17,0.0355,0.45,0.0926,0.0877
40.9,29.2,0.0391,0.45,0.0863,0.0258
40.9,29.2,0.0506,0.43,0.1011,0.0906
40.9,29.2,0.0622,0.39,0.1091,0.1031
40.9,29.2,0.0893,0.44,0.1135,0.1085
40.9,29.2,0.0992,0.43,0.1122,0.0483
40.9,29.2,0.1358,0.56,0.0717,0.0559
40.9,29.2,0.1555,0.66,0.0283,0.0283
40.9,29.2,0.1287,0.61,0.0472,0.0183
40.9,29.2,0.106,0.61,0.0534,0.0319
40.9,29.2,0.0724,0.55,0.0631,0.0655
40.9,29.2,0.0382,0.4,0.1011,0.2496
40.9,29.2,0.0355,0.45,0.0926,0.0877
40.9,29.23,0.0391,0.45,0.0863,0.0258
40.9,29.23,0.0506,0.43,0.1011,0.0906
40.9,29.23,0.0622,0.39,0.1091,0.1031
40.9,29.23,0.0893,0.44,0.1135,0.1085
40.9,29.23,0.0992,0.43,0.1122,0.0483
40.9,29.23,0.1358,0.56,0.0717,0.0559
40.9,29.23,0.1555,0.66,0.0283,0.0283
40.9,29.23,0.1287,0.61,0.0472,0.0183
40.9,29.23,0.106,0.61,0.0534,0.0319
40.9,29.23,0.0724,0.55,0.0631,0.0655
40.9,29.23,0.0382,0.4,0.1011,0.2496
40.9,29.23,0.0355,0.45,0.0926,0.0877
40.9,29.26,0.0391,0.45,0.0863,0.0258
40.9,29.26,0.0506,0.43,0.1011,0.0906
40.9,29.26,0.0622,0.39,0.1091,0.1031
40.9,29.26,0.0893,0.44,0.1135,0.1085
40.9,29.26,0.0992,0.43,0.1122,0.0483
40.9,29.26,0.1358,0.56,0.0717,0.0559
40.9,29.26,0.1555,0.66,0.0283,0.0283
40.9,29.26,0.1287,0.61,0.0472,0.0183
40.9,29.26,0.106,0.61,0.0534,0.0319
40.9,29.26,0.0724,0.55,0.0631,0.0655
40.9,29.26,0.0382,0.4,0.1011,0.2496
40.9,29.26,0.0355,0.45,0.0926,0.0877
40.9,29.29,0.0391,0.45,0.0863,0.0258
40.9,29.29,0.0506,0.43,0.1011,0.0906
40.9,29.29,0.0622,0.39,0.1091,0.1031
40.9,29.29,0.0893,0.44,0.1135,0.1085
40.9,29.29,0.0992,0.43,0.1122,0.0483
40.9,29.29,0.1358,0.56,0.0717,0.0559
40.9,29.29,0.1555,0.66,0.0283,0.0283
40.9,29.29,0.1287,0.61,0.0472,0.0183
40.9,29.29,0.106,0.61,0.0534,0.0319
40.9,29.29,0.0724,0.55,0.0631,0.0655
40.9,29.29,0.0382,0.4,0.1011,0.2496
40.9,29.29,0.0355,0.45,0.0926,0.0877
40.9,29.32,0.0391,0.45,0.0863,0.0258
40.9,29.32,0.0506,0.43,0.1011,0.0906
40.9,29.32,0.0622,0.39,0.1091,0.1031
40.9,29.32,0.0893,0.44,0.1135,0.1085
40.9,29.32,0.0992,0.43,0.1122,0.0483
40.9,29.32,0.1358,0.56,0.0717,0.0559
40.9,29.32,0.1555,0.66,0.0283,0.0283
40.9,29.32,0.1287,0.61,0.0472,0.0183
40.9,29.32,0.106,0.61,0.0534,0.0319
40.9,29.32,0.0724,0.55,0.0631,0.0655
40.9,29.32,0.0382,0.4,0.1011,0.2496
40.9,29.32,0.0355,0.45,0.0926,0.0877
40.9,29.35,0.0391,0.45,0.0863,0.0258
40.9,29.35,0.0506,0.43,0.1011,0.0906
40.9,29.35,0.0622,0.39,0.1091,0.1031
40.9,29.35,0.0893,0.44,0.1135,0.1085
40.9,29.35,0.0992,0.43,0.1122,0.0483
40.9,29.35,0.1358,0.56,0.0717,0.0559
40.9,29.35,0.1555,0.66,0.0283,0.0283
40.9,29.35,0.1287,0.61,0.0472,0.0183
40.9,29.35,0.106,0.61,0.0534,0.0319
40.9,29.35,0.0724,0.55,0.0631,0.0655
40.9,29.35,0.0382,0.4,0.1011,0.2496
40.9,29.35,0.0355,0.45,0.0926,0.0877
40.9,29.38,0.0391,0.45,0.0863,0.0258
40.9,29.38,0.0506,0.43,0.1011,0.0906
40.9,29.38,0.0622,0.39,0.1091,0.1031
40.9,29.38,0.0893,0.44,0.1135,0.1085
40.9,29.38,0.0992,0.43,0.1122,0.0483
40.9,29.38,0.1358,0.56,0.0717,0.0559
40.9,29.38,0.1555,0.66,0.0283,0.0283
40.9,29.38,0.1287,0.61,0.0472,0.0183
40.9,29.38,0.106,0.61,0.0534,0.0319
40.9,29.38,0.0724,0.55,0.0631,0.0655
40.9,29.38,0.0382,0.4,0.1011,0.2496
40.9,29.38,0.0355,0.45,0.0926,0.0877
40.9,29.41,0.0391,0.45,0.0863,0.0258
40.9,29.41,0.0506,0.43,0.1011,0.0906
40.9,29.41,0.0622,0.39,0.1091,0.1031
40.9,29.41,0.0893,0.44,0.1135,0.1085
40.9,29.41,0.0992,0.43,0.1122,0.0483
40.9,29.41,0.1358,0.56,0.0717,0.0559
40.9,29.41,0.1555,0.66,0.0283,0.0283
40.9,29.41,0.1287,0.61,0.0472,0.0183
40.9,29.41,0.106,0.61,0.0534,0.0319
40.9,29.41,0.0724,0.55,0.0631,0.0655
40.9,29.41,0.0382,0.4,0.1011,0.2496
40.9,29.41,0.0355,0.45,0.0926,0.0877
40.92,29.14,0.0391,0.45,0.0863,0.0258
40.92,29.14,0.0506,0.43,0.1011,0.0906
40.92,29.14,0.0622,0.39,0.1091,0.1031
40.92,29.14,0.0893,0.44,0.1135,0.1085
40.92,29.14,0.0992,0.43,0.1122,0.0483
40.92,29.14,0.1358,0.56,0.0717,0.0559
40.92,29.14,0.1555,0.66,0.0283,0.0283
40.92,29.14,0.1287,0.61,0.0472,0.0183
40.92,29.14,0.106,0.61,0.0534,0.0319
40.92,29.14,0.0724,0.55,0.0631,0.0655
40.92,29.14,0.0382,0.4,0.1011,0.2496
40.92,29.14,0.0355,0.45,0.0926,0.0877
40.92,29.17,0.0391,0.45,0.0863,0.0258
40.92,29.17,0.0506,0.43,0.1011,0.0906
40.92,29.17,0.0622,0.39,0.1091,0.1031
40.92,29.17,0.0893,0.44,0.1135,0.1085
40.92,29.17,0.0992,0.43,0.1122,0.0483
40.92,29.17,0.1358,0.56,0.0717,0.0559
40.92,29.17,0.1555,0.66,0.0283,0.0283
40.92,29.17,0.1287,0.61,0.0472,0.0183
40.92,29.17,0.106,0.61,0.0534,0.0319
40.92,29.17,0.0724,0.55,0.0631,0.0655
40.92,29.17,0.0382,0.4,0.1011,0.2496
40.92,29.17,0.0355,0.45,0.0926,0.0877
40.92,29.2,0.0391,0.45,0.0863,0.0258
40.92,29.2,0.0506,0.43,0.1011,0.0906
40.92,29.2,0.0622,0.39,0.1091,0.1031
40.92,29.2,0.0893,0.44,0.1135,0.1085
40.92,29.2,0.0992,0.43,0.1122,0.0483
40.92,29.2,0.1358,0.56,0.0717,0.0559
40.92,29.2,0.1555,0.66,0.0283,0.0283
40.92,29.2,0.1287,0.61,0.0472,0.0183
40.92,29.2,0.106,0.61,0.0534,0.0319
40.92,29.2,0.0724,0.55,0.0631,0.0655
40.92,29.2,0.0382,0.4,0.1011,0.2496
40.92,29.2,0.0355,0.45,0.0926,0.0877
40.92,29.23,0.0391,0.45,0.0863,0.0258
40.92,29.23,0.0506,0.43,0.1011,0.0906
40.92,29.23,0.0622,0.39,0.1091,0.1031
40.92,29.23,0.0893,0.44,0.1135,0.1085
40.92,29.23,0.0992,0.43,0.1122,0.0483
40.92,29.23,0.1358,0.56,0.0717,0.0559
40.92,29.23,0.1555,0.66,0.0283,0.0283
40.92,29.23,0.1287,0.61,0.0472,0.0183
40.92,29.23,0.106,0.61,0.0534,0.0319
40.92,29.23,0.0724,0.55,0.0631,0.0655
40.92,29.23,0.0382,0.4,0.1011,0.2496
40.92,29.23,0.0355,0.45,0.0926,0.0877
40.92,29.26,0.0391,0.45,0.0863,0.0258
40.92,29.26,0.0506,0.43,0.1011,0.0906
40.92,29.26,0.0622,0.39,0.1091,0.1031
40.92,29.26,0.0893,0.44,0.1135,0.1085
40.92,29.26,0.0992,0.43,0.1122,0.0483
40.92,29.26,0.1358,0.56,0.0717,0.0559
40.92,29.26,0.1555,0.66,0.0283,0.0283
40.92,29.26,0.1287,0.61,0.0472,0.0183
40.92,29.26,0.106,0.61,0.0534,0.0319
40.92,29.26,0.0724,0.55,0.0631,0.0655
40.92,29.26,0.0382,0.4,0.1011,0.2496
40.92,29.26,0.0355,0.45,0.0926,0.0877
40.92,29.29,0.0391,0.45,0.0863,0.0258
40.92,29.29,0.0506,0.43,0.1011,0.0906
40.92,29.29,0.0622,0.39,0.1091,0.1031
40.92,29.29,0.0893,0.44,0.1135,0.1085
40.92,29.29,0.0992,0.43,0.1122,0.0483
40.92,29.29,0.1358,0.56,0.0717,0.0559
40.92,29.29,0.1555,0.66,0.0283,0.0283
40.92,29.29,0.1287,0.61,0.0472,0.0183
40.92,29.29,0.106,0.61,0.0534,0.0319
40.92,29.29,0.0724,0.55,0.0631,0.0655
40.92,29.29,0.0382,0.4,0.1011,0.2496
40.92,29.29,0.0355,0.45,0.0926,0.0877
40.92,29.32,0.0391,0.45,0.0863,0.0258
40.92,29.32,0.0506,0.43,0.1011,0.0906
40.92,29.32,0.0622,0.39,0.1091,0.1031
40.92,29.32,0.0893,0.44,0.1135,0.1085
40.92,29.32,0.0992,0.43,0.1122,0.0483
40.92,29.32,0.1358,0.56,0.0717,0.0559
40.92,29.32,0.1555,0.66,0.0283,0.0283
40.92,29.32,0.1287,0.61,0.0472,0.0183
40.92,29.32,0.106,0.61,0.0534,0.0319
40.92,29.32,0.0724,0.55,0.0631,0.0655
40.92,29.32,0.0382,0.4,0.1011,0.2496
40.92,29.32,0.0355,0.45,0.0926,0.0877
40.92,29.35,0.0391,0.45,0.0863,0.0258
40.92,29.35,0.0506,0.43,0.1011,0.0906
40.92,29.35,0.0622,0.39,0.1091,0.1031
40.92,29.35,0.0893,0.44,0.1135,0.1085
40.92,29.35,0.0992,0.43,0.1122,0.0483
40.92,29.35,0.1358,0.56,0.0717,0.0559
40.92,29.35,0.1555,0.66,0.0283,0.0283
40.92,29.35,0.1287,0.61,0.0472,0.0183
40.92,29.35,0.106,0.61,0.0534,0.0319
40.92,29.35,0.0724,0.55,0.0631,0.0655
40.92,29.35,0.0382,0.4,0.1011,0.2496
40.92,29.35,0.0355,0.45,0.0926,0.0877
40.92,29.38,0.0391,0.45,0.0863,0.0258
40.92,29.38,0.0506,0.43,0.1011,0.0906
40.92,29.38,0.0622,0.39,0.1091,0.1031
40.92,29.38,0.0893,0.44,0.1135,0.1085
40.92,29.38,0.0992,0.43,0.1122,0.0483
40.92,29.38,0.1358,0.56,0.0717,0.0559
40.92,29.38,0.1555,0.66,0.0283,0.0283
40.92,29.38,0.1287,0.61,0.0472,0.0183
40.92,29.38,0.106,0.61,0.0534,0.0319
40.92,29.38,0.0724,0.55,0.0631,0.0655
40.92,29.38,0.0382,0.4,0.1011,0.2496
40.92,29.38,0.0355,0.45,0.0926,0.0877
40.92,29.41,0.0391,0.45,0.0863,0.0258
40.92,29.41,0.0506,0.43,0.1011,0.0906
40.92,29.41,0.0622,0.39,0.1091,0.1031
40.92,29.41,0.0893,0.44,0.1135,0.1085
40.92,29.41,0.0992,0.43,0.1122,0.0483
40.92,29.41,0.1358,0.56,0.0717,0.0559
40.92,29.41,0.1555,0.66,0.0283,0.0283
40.92,29.41,0.1287,0.61,0.0472,0.0183
40.92,29.41,0.106,0.61,0.0534,0.0319
40.92,29.41,0.0724,0.55,0.0631,0.0655
40.92,29.41,0.0382,0.4,0.1011,0.2496
40.92,29.41,0.0355,0.45,0.0926,0.0877
40.94,29.11,0.0391,0.45,0.0863,0.0258
40.94,29.11,0.0506,0.43,0.1011,0.0906
40.94,29.11,0.0622,0.39,0.1091,0.1031
40.94,29.11,0.0893,0.44,0.1135,0.1085
40.94,29.11,0.0992,0.43,0.1122,0.0483
40.94,29.11,0.1358,0.56,0.0717,0.0559
40.94,29.11,0.1555,0.66,0.0283,0.0283
40.94,29.11,0.1287,0.61,0.0472,0.0183
40.94,29.11,0.106,0.61,0.0534,0.0319
40.94,29.11,0.0724,0.55,0.0631,0.0655
40.94,29.11,0.0382,0.4,0.1011,0.2496
40.94,29.11,0.0355,0.45,0.0926,0.0877
40.94,29.14,0.0391,0.45,0.0863,0.0258
40.94,29.14,0.0506,0.43,0.1011,0.0906
40.94,29.14,0.0622,0.39,0.1091,0.1031
40.94,29.14,0.0893,0.44,0.1135,0.1085
40.94,29.14,0.0992,0.43,0.1122,0.0483
40.94,29.14,0.1358,0.56,0.0717,0.0559
40.94,29.14,0.1555,0.66,0.0283,0.0283
40.94,29.14,0.1287,0.61,0.0472,0.0183
40.94,29.14,0.106,0.61,0.0534,0.0319
40.94,29.14,0.0724,0.55,0.0631,0.0655
40.94,29.14,0.0382,0.4,0.1011,0.2496
40.94,29.14,0.0355,0.45,0.0926,0.0877
40.94,29.17,0.0391,0.45,0.0863,0.0258
40.94,29.17,0.0506,0.43,0.1011,0.0906
40.94,29.17,0.0622,0.39,0.1091,0.1031
40.94,29.17,0.0893,0.44,0.1135,0.1085
40.94,29.17,0.0992,0.43,0.1122,0.0483
40.94,29.17,0.1358,0.56,0.0717,0.0559
40.94,29.17,0.1555,0.66,0.0283,0.0283
40.94,29.17,0.1287,0.61,0.0472,0.0183
40.94,29.17,0.106,0.61,0.0534,0.0319
40.94,29.17,0.0724,0.55,0.0631,0.0655
40.94,29.17,0.0382,0.4,0.1011,0.2496
40.94,29.17,0.0355,0.45,0.0926,0.0877
40.94,29.2,0.0391,0.45,0.0863,0.0258
40.94,29.2,0.0506,0.43,0.1011,0.0906
40.94,29.2,0.0622,0.39,0.1091,0.1031
40.94,29.2,0.0893,0.44,0.1135,0.1085
40.94,29.2,0.0992,0.43,0.1122,0.0483
40.94,29.2,0.1358,0.56,0.0717,0.0559
40.94,29.2,0.1555,0.66,0.0283,0.0283
40.94,29.2,0.1287,0.61,0.0472,0.0183
40.94,29.2,0.106,0.61,0.0534,0.0319
40.94,29.2,0.0724,0.55,0.0631,0.0655
40.94,29.2,0.0382,0.4,0.1011,0.2496
40.94,29.2,0.0355,0.45,0.0926,0.0877
40.94,29.23,0.0391,0.45,0.0863,0.0258
40.94,29.23,0.0506,0.43,0.1011,0.0906
40.94,29.23,0.0622,0.39,0.1091,0.1031
40.94,29.23,0.0893,0.44,0.1135,0.1085
40.94,29.23,0.0992,0.43,0.1122,0.0483
40.94,29.23,0.1358,0.56,0.0717,0.0559
40.94,29.23,0.1555,0.66,0.0283,0.0283
40.94,29.23,0.1287,0.61,0.0472,0.0183
40.94,29.23,0.106,0.61,0.0534,0.0319
40.94,29.23,0.0724,0.55,0.0631,0.0655
40.94,29.23,0.0382,0.4,0.1011,0.2496
40.94,29.23,0.0355,0.45,0.0926,0.0877
40.94,29.26,0.0391,0.45,0.0863,0.0258
40.94,29.26,0.0506,0.43,0.1011,0.0906
40.94,29.26,0.0622,0.39,0.1091,0.1031
40.94,29.26,0.0893,0.44,0.1135,0.1085
40.94,29.26,0.0992,0.43,0.1122,0.0483
40.94,29.26,0.1358,0.56,0.0717,0.0559
40.94,29.26,0.1555,0.66,0.0283,0.0283
40.94,29.26,0.1287,0.61,0.0472,0.0183
40.94,29.26,0.106,0.61,0.0534,0.0319
40.94,29.26,0.0724,0.55,0.0631,0.0655
40.94,29.26,0.0382,0.4,0.1011,0.2496
40.94,29.26,0.0355,0.45,0.0926,0.0877
40.94,29.29,0.0391,0.45,0.0863,0.0258
40.94,29.29,0.0506,0.43,0.1011,0.0906
40.94,29.29,0.0622,0.39,0.1091,0.1031
40.94,29.29,0.0893,0.44,0.1135,0.1085
40.94,29.29,0.0992,0.43,0.1122,0.0483
40.94,29.29,0.1358,0.56,0.0717,0.0559
40.94,29.29,0.1555,0.66,0.0283,0.0283
40.94,29.29,0.1287,0.61,0.0472,0.0183
40.94,29.29,0.106,0.61,0.0534,0.0319
40.94,29.29,0.0724,0.55,0.0631,0.0655
40.94,29.29,0.0382,0.4,0.1011,0.2496
40.94,29.29,0.0355,0.45,0.0926,0.0877
40.94,29.32,0.0391,0.45,0.0863,0.0258
40.94,29.32,0.0506,0.43,0.1011,0.0906
40.94,29.32,0.0622,0.39,0.1091,0.1031
40.94,29.32,0.0893,0.44,0.1135,0.1085
40.94,29.32,0.0992,0.43,0.1122,0.0483
40.94,29.32,0.1358,0.56,0.0717,0.0559
40.94,29.32,0.1555,0.66,0.0283,0.0283
40.94,29.32,0.1287,0.61,0.0472,0.0183
40.94,29.32,0.106,0.61,0.0534,0.0319
40.94,29.32,0.0724,0.55,0.0631,0.0655
40.94,29.32,0.0382,0.4,0.1011,0.2496
40.94,29.32,0.0355,0.45,0.0926,0.0877
40.94,29.35,0.0391,0.45,0.0863,0.0258
40.94,29.35,0.0506,0.43,0.1011,0.0906
40.94,29.35,0.0622,0.39,0.1091,0.1031
40.94,29.35,0.0893,0.44,0.1135,0.1085
40.94,29.35,0.0992,0.43,0.1122,0.0483
40.94,29.35,0.1358,0.56,0.0717,0.0559
40.94,29.35,0.1555,0.66,0.0283,0.0283
40.94,29.35,0.1287,0.61,0.0472,0.0183
40.94,29.35,0.106,0.61,0.0534,0.0319
40.94,29.35,0.0724,0.55,0.0631,0.0655
40.94,29.35,0.0382,0.4,0.1011,0.2496
40.94,29.35,0.0355,0.45,0.0926,0.0877
40.94,29.38,0.0391,0.45,0.0863,0.0258
40.94,29.38,0.0506,0.43,0.1011,0.0906
40.94,29.38,0.0622,0.39,0.1091,0.1031
40.94,29.38,0.0893,0.44,0.1135,0.1085
40.94,29.38,0.0992,0.43,0.1122,0.0483
40.94,29.38,0.1358,0.56,0.0717,0.0559
40.94,29.38,0.1555,0.66,0.0283,0.0283
40.94,29.38,0.1287,0.61,0.0472,0.0183
40.94,29.38,0.106,0.61,0.0534,0.0319
40.94,29.38,0.0724,0.55,0.0631,0.0655
40.94,29.38,0.0382,0.4,0.1011,0.2496
40.94,29.38,0.0355,0.45,0.0926,0.0877
40.94,29.41,0.0391,0.45,0.0863,0.0258
40.94,29.41,0.0506,0.43,0.1011,0.0906
40.94,29.41,0.0622,0.39,0.1091,0.1031
40.94,29.41,0.0893,0.44,0.1135,0.1085
40.94,29.41,0.0992,0.43,0.1122,0.0483
40.94,29.41,0.1358,0.56,0.0717,0.0559
40.94,29.41,0.1555,0.66,0.0283,0.0283
40.94,29.41,0.1287,0.61,0.0472,0.0183
40.94,29.41,0.106,0.61,0.0534,0.0319
40.94,29.41,0.0724,0.55,0.0631,0.0655
40.94,29.41,0.0382,0.4,0.1011,0.2496
40.94,29.41,0.0355,0.45,0.0926,0.0877
40.96,28.63,0.0352,0.4,0.1136,0.0258
40.96,28.63,0.0564,0.48,0.1068,0.0655
40.96,28.63,0.0632,0.39,0.1204,0.0892
40.96,28.63,0.0941,0.47,0.1193,0.1099
40.96,28.63,0.1097,0.48,0.1136,0.0444
40.96,28.63,0.1414,0.58,0.0776,0.0308
40.96,28.63,0.1582,0.67,0.0433,0.0118
40.96,28.63,0.127,0.6,0.06,0.0107
40.96,28.63,0.1071,0.61,0.0711,0.0254
40.96,28.63,0.072,0.55,0.0835,0.0412
40.96,28.63,0.0385,0.4,0.1155,0.2281
40.96,28.63,0.0327,0.42,0.1087,0.0824
40.96,28.81,0.0352,0.4,0.1136,0.0258
40.96,28.81,0.0564,0.48,0.1068,0.0655
40.96,28.81,0.0632,0.39,0.1204,0.0892
40.96,28.81,0.0941,0.47,0.1193,0.1099
40.96,28.81,0.1097,0.48,0.1136,0.0444
40.96,28.81,0.1414,0.58,0.0776,0.0308
40.96,28.81,0.1582,0.67,0.0433,0.0118
40.96,28.81,0.127,0.6,0.06,0.0107
40.96,28.81,0.1071,0.61,0.0711,0.0254
40.96,28.81,0.072,0.55,0.0835,0.0412
40.96,28.81,0.0385,0.4,0.1155,0.2281
40.96,28.81,0.0327,0.42,0.1087,0.0824
40.96,28.84,0.0352,0.4,0.1136,0.0258
40.96,28.84,0.0564,0.48,0.1068,0.0655
40.96,28.84,0.0632,0.39,0.1204,0.0892
40.96,28.84,0.0941,0.47,0.1193,0.1099
40.96,28.84,0.1097,0.48,0.1136,0.0444
40.96,28.84,0.1414,0.58,0.0776,0.0308
40.96,28.84,0.1582,0.67,0.0433,0.0118
40.96,28.84,0.127,0.6,0.06,0.0107
40.96,28.84,0.1071,0.61,0.0711,0.0254
40.96,28.84,0.072,0.55,0.0835,0.0412
40.96,28.84,0.0385,0.4,0.1155,0.2281
40.96,28.84,0.0327,0.42,0.1087,0.0824
40.96,29.08,0.0391,0.45,0.0863,0.0258
40.96,29.08,0.0506,0.43,0.1011,0.0906
40.96,29.08,0.0622,0.39,0.1091,0.1031
40.96,29.08,0.0893,0.44,0.1135,0.1085
40.96,29.08,0.0992,0.43,0.1122,0.0483
40.96,29.08,0.1358,0.56,0.0717,0.0559
40.96,29.08,0.1555,0.66,0.0283,0.0283
40.96,29.08,0.1287,0.61,0.0472,0.0183
40.96,29.08,0.106,0.61,0.0534,0.0319
40.96,29.08,0.0724,0.55,0.0631,0.0655
40.96,29.08,0.0382,0.4,0.1011,0.2496
40.96,29.08,0.0355,0.45,0.0926,0.0877
40.96,29.11,0.0391,0.45,0.0863,0.0258
40.96,29.11,0.0506,0.43,0.1011,0.0906
40.96,29.11,0.0622,0.39,0.1091,0.1031
40.96,29.11,0.0893,0.44,0.1135,0.1085
40.96,29.11,0.0992,0.43,0.1122,0.0483
40.96,29.11,0.1358,0.56,0.0717,0.0559
40.96,29.11,0.1555,0.66,0.0283,0.0283
40.96,29.11,0.1287,0.61,0.0472,0.0183
40.96,29.11,0.106,0.61,0.0534,0.0319
40.96,29.11,0.0724,0.55,0.0631,0.0655
40.96,29.11,0.0382,0.4,0.1011,0.2496
40.96,29.11,0.0355,0.45,0.0926,0.0877
40.96,29.14,0.0391,0.45,0.0863,0.0258
40.96,29.14,0.0506,0.43,0.1011,0.0906
40.96,29.14,0.0622,0.39,0.1091,0.1031
40.96,29.14,0.0893,0.44,0.1135,0.1085
40.96,29.14,0.0992,0.43,0.1122,0.0483
40.96,29.14,0.1358,0.56,0.0717,0.0559
40.96,29.14,0.1555,0.66,0.0283,0.0283
40.96,29.14,0.1287,0.61,0.0472,0.0183
40.96,29.14,0.106,0.61,0.0534,0.0319
40.96,29.14,0.0724,0.55,0.0631,0.0655
40.96,29.14,0.0382,0.4,0.1011,0.2496
40.96,29.14,0.0355,0.45,0.0926,0.0877
40.96,29.17,0.0391,0.45,0.0863,0.0258
40.96,29.17,0.0506,0.43,0.1011,0.0906
40.96,29.17,0.0622,0.39,0.1091,0.1031
40.96,29.17,0.0893,0.44,0.1135,0.1085
40.96,29.17,0.0992,0.43,0.1122,0.0483
40.96,29.17,0.1358,0.56,0.0717,0.0559
40.96,29.17,0.1555,0.66,0.0283,0.0283
40.96,29.17,0.1287,0.61,0.0472,0.0183
40.96,29.17,0.106,0.61,0.0534,0.0319
40.96,29.17,0.0724,0.55,0.0631,0.0655
40.96,29.17,0.0382,0.4,0.1011,0.2496
40.96,29.17,0.0355,0.45,0.0926,0.0877
40.96,29.2,0.0391,0.45,0.0863,0.0258
40.96,29.2,0.0506,0.43,0.1011,0.0906
40.96,29.2,0.0622,0.39,0.1091,0.1031
40.96,29.2,0.0893,0.44,0.1135,0.1085
40.96,29.2,0.0992,0.43,0.1122,0.0483
40.96,29.2,0.1358,0.56,0.0717,0.0559
40.96,29.2,0.1555,0.66,0.0283,0.0283
40.96,29.2,0.1287,0.61,0.0472,0.0183
40.96,29.2,0.106,0.61,0.0534,0.0319
40.96,29.2,0.0724,0.55,0.0631,0.0655
40.96,29.2,0.0382,0.4,0.1011,0.2496
40.96,29.2,0.0355,0.45,0.0926,0.0877
40.96,29.23,0.0391,0.45,0.0863,0.0258
40.96,29.23,0.0506,0.43,0.1011,0.0906
40.96,29.23,0.0622,0.39,0.1091,0.1031
40.96,29.23,0.0893,0.44,0.1135,0.1085
40.96,29.23,0.0992,0.43,0.1122,0.0483
40.96,29.23,0.1358,0.56,0.0717,0.0559
40.96,29.23,0.1555,0.66,0.0283,0.0283
40.96,29.23,0.1287,0.61,0.0472,0.0183
40.96,29.23,0.106,0.61,0.0534,0.0319
40.96,29.23,0.0724,0.55,0.0631,0.0655
40.96,29.23,0.0382,0.4,0.1011,0.2496
40.96,29.23,0.0355,0.45,0.0926,0.0877
40.96,29.26,0.0391,0.45,0.0863,0.0258
40.96,29.26,0.0506,0.43,0.1011,0.0906
40.96,29.26,0.0622,0.39,0.1091,0.1031
40.96,29.26,0.0893,0.44,0.1135,0.1085
40.96,29.26,0.0992,0.43,0.1122,0.0483
40.96,29.26,0.1358,0.56,0.0717,0.0559
40.96,29.26,0.1555,0.66,0.0283,0.0283
40.96,29.26,0.1287,0.61,0.0472,0.0183
40.96,29.26,0.106,0.61,0.0534,0.0319
40.96,29.26,0.0724,0.55,0.0631,0.0655
40.96,29.26,0.0382,0.4,0.1011,0.2496
40.96,29.26,0.0355,0.45,0.0926,0.0877
40.96,29.29,0.0391,0.45,0.0863,0.0258
40.96,29.29,0.0506,0.43,0.1011,0.0906
40.96,29.29,0.0622,0.39,0.1091,0.1031
40.96,29.29,0.0893,0.44,0.1135,0.1085
40.96,29.29,0.0992,0.43,0.1122,0.0483
40.96,29.29,0.1358,0.56,0.0717,0.0559
40.96,29.29,0.1555,0.66,0.0283,0.0283
40.96,29.29,0.1287,0.61,0.0472,0.0183
40.96,29.29,0.106,0.61,0.0534,0.0319
40.96,29.29,0.0724,0.55,0.0631,0.0655
40.96,29.29,0.0382,0.4,0.1011,0.2496
40.96,29.29,0.0355,0.45,0.0926,0.0877
40.96,29.32,0.0391,0.45,0.0863,0.0258
40.96,29.32,0.0506,0.43,0.1011,0.0906
40.96,29.32,0.0622,0.39,0.1091,0.1031
40.96,29.32,0.0893,0.44,0.1135,0.1085
40.96,29.32,0.0992,0.43,0.1122,0.0483
40.96,29.32,0.1358,0.56,0.0717,0.0559
40.96,29.32,0.1555,0.66,0.0283,0.0283
40.96,29.32,0.1287,0.61,0.0472,0.0183
40.96,29.32,0.106,0.61,0.0534,0.0319
40.96,29.32,0.0724,0.55,0.0631,0.0655
40.96,29.32,0.0382,0.4,0.1011,0.2496
40.96,29.32,0.0355,0.45,0.0926,0.0877
40.96,29.35,0.0391,0.45,0.0863,0.0258
40.96,29.35,0.0506,0.43,0.1011,0.0906
40.96,29.35,0.0622,0.39,0.1091,0.1031
40.96,29.35,0.0893,0.44,0.1135,0.1085
40.96,29.35,0.0992,0.43,0.1122,0.0483
40.96,29.35,0.1358,0.56,0.0717,0.0559
40.96,29.35,0.1555,0.66,0.0283,0.0283
40.96,29.35,0.1287,0.61,0.0472,0.0183
40.96,29.35,0.106,0.61,0.0534,0.0319
40.96,29.35,0.0724,0.55,0.0631,0.0655
40.96,29.35,0.0382,0.4,0.1011,0.2496
40.96,29.35,0.0355,0.45,0.0926,0.0877
40.96,29.38,0.0391,0.45,0.0863,0.0258
40.96,29.38,0.0506,0.43,0.1011,0.0906
40.96,29.38,0.0622,0.39,0.1091,0.1031
40.96,29.38,0.0893,0.44,0.1135,0.1085
40.96,29.38,0.0992,0.43,0.1122,0.0483
40.96,29.38,0.1358,0.56,0.0717,0.0559
40.96,29.38,0.1555,0.66,0.0283,0.0283
40.96,29.38,0.1287,0.61,0.0472,0.0183
40.96,29.38,0.106,0.61,0.0534,0.0319
40.96,29.38,0.0724,0.55,0.0631,0.0655
40.96,29.38,0.0382,0.4,0.1011,0.2496
40.96,29.38,0.0355,0.45,0.0926,0.0877
40.96,29.41,0.0391,0.45,0.0863,0.0258
40.96,29.41,0.0506,0.43,0.1011,0.0906
40.96,29.41,0.0622,0.39,0.1091,0.1031
40.96,29.41,0.0893,0.44,0.1135,0.1085
40.96,29.41,0.0992,0.43,0.1122,0.0483
40.96,29.41,0.1358,0.56,0.0717,0.0559
40.96,29.41,0.1555,0.66,0.0283,0.0283
40.96,29.41,0.1287,0.61,0.0472,0.0183
40.96,29.41,0.106,0.61,0.0534,0.0319
40.96,29.41,0.0724,0.55,0.0631,0.0655
40.96,29.41,0.0382,0.4,0.1011,0.2496
40.96,29.41,0.0355,0.45,0.0926,0.0877
40.96,29.44,0.0391,0.45,0.0863,0.0258
40.96,29.44,0.0506,0.43,0.1011,0.0906
40.96,29.44,0.0622,0.39,0.1091,0.1031
40.96,29.44,0.0893,0.44,0.1135,0.1085
40.96,29.44,0.0992,0.43,0.1122,0.0483
40.96,29.44,0.1358,0.56,0.0717,0.0559
40.96,29.44,0.1555,0.66,0.0283,0.0283
40.96,29.44,0.1287,0.61,0.0472,0.0183
40.96,29.44,0.106,0.61,0.0534,0.0319
40.96,29.44,0.0724,0.55,0.0631,0.0655
40.96,29.44,0.0382,0.4,0.1011,0.2496
40.96,29.44,0.0355,0.45,0.0926,0.0877
40.96,29.47,0.0391,0.45,0.0863,0.0258
40.96,29.47,0.0506,0.43,0.1011,0.0906
40.96,29.47,0.0622,0.39,0.1091,0.1031
40.96,29.47,0.0893,0.44,0.1135,0.1085
40.96,29.47,0.0992,0.43,0.1122,0.0483
40.96,29.47,0.1358,0.56,0.0717,0.0559
40.96,29.47,0.1555,0.66,0.0283,0.0283
40.96,29.47,0.1287,0.61,0.0472,0.0183
40.96,29.47,0.106,0.61,0.0534,0.0319
40.96,29.47,0.0724,0.55,0.0631,0.0655
40.96,29.47,0.0382,0.4,0.1011,0.2496
40.96,29.47,0.0355,0.45,0.0926,0.0877
40.98,28.6,0.0352,0.4,0.1136,0.0258
40.98,28.6,0.0564,0.48,0.1068,0.0655
40.98,28.6,0.0632,0.39,0.1204,0.0892
40.98,28.6,0.0941,0.47,0.1193,0.1099
40.98,28.6,0.1097,0.48,0.1136,0.0444
40.98,28.6,0.1414,0.58,0.0776,0.0308
40.98,28.6,0.1582,0.67,0.0433,0.0118
40.98,28.6,0.127,0.6,0.06,0.0107
40.98,28.6,0.1071,0.61,0.0711,0.0254
40.98,28.6,0.072,0.55,0.0835,0.0412
40.98,28.6,0.0385,0.4,0.1155,0.2281
40.98,28.6,0.0327,0.42,0.1087,0.0824
40.98,28.63,0.0352,0.4,0.1136,0.0258
40.98,28.63,0.0564,0.48,0.1068,0.0655
40.98,28.63,0.0632,0.39,0.1204,0.0892
40.98,28.63,0.0941,0.47,0.1193,0.1099
40.98,28.63,0.1097,0.48,0.1136,0.0444
40.98,28.63,0.1414,0.58,0.0776,0.0308
40.98,28.63,0.1582,0.67,0.0433,0.0118
40.98,28.63,0.127,0.6,0.06,0.0107
40.98,28.63,0.1071,0.61,0.0711,0.0254
40.98,28.63,0.072,0.55,0.0835,0.0412
40.98,28.63,0.0385,0.4,0.1155,0.2281
40.98,28.63,0.0327,0.42,0.1087,0.0824
40.98,28.66,0.0352,0.4,0.1136,0.0258
40.98,28.66,0.0564,0.48,0.1068,0.0655
40.98,28.66,0.0632,0.39,0.1204,0.0892
40.98,28.66,0.0941,0.47,0.1193,0.1099
40.98,28.66,0.1097,0.48,0.1136,0.0444
40.98,28.66,0.1414,0.58,0.0776,0.0308
40.98,28.66,0.1582,0.67,0.0433,0.0118
40.98,28.66,0.127,0.6,0.06,0.0107
40.98,28.66,0.1071,0.61,0.0711,0.0254
40.98,28.66,0.072,0.55,0.0835,0.0412
40.98,28.66,0.0385,0.4,0.1155,0.2281
40.98,28.66,0.0327,0.42,0.1087,0.0824
40.98,28.69,0.0352,0.4,0.1136,0.0258
40.98,28.69,0.0564,0.48,0.1068,0.0655
40.98,28.69,0.0632,0.39,0.1204,0.0892
40.98,28.69,0.0941,0.47,0.1193,0.1099
40.98,28.69,0.1097,0.48,0.1136,0.0444
40.98,28.69,0.1414,0.58,0.0776,0.0308
40.98,28.69,0.1582,0.67,0.0433,0.0118
40.98,28.69,0.127,0.6,0.06,0.0107
40.98,28.69,0.1071,0.61,0.0711,0.0254
40.98,28.69,0.072,0.55,0.0835,0.0412
40.98,28.69,0.0385,0.4,0.1155,0.2281
40.98,28.69,0.0327,0.42,0.1087,0.0824
40.98,28.72,0.0352,0.4,0.1136,0.0258
40.98,28.72,0.0564,0.48,0.1068,0.0655
40.98,28.72,0.0632,0.39,0.1204,0.0892
40.98,28.72,0.0941,0.47,0.1193,0.1099
40.98,28.72,0.1097,0.48,0.1136,0.0444
40.98,28.72,0.1414,0.58,0.0776,0.0308
40.98,28.72,0.1582,0.67,0.0433,0.0118
40.98,28.72,0.127,0.6,0.06,0.0107
40.98,28.72,0.1071,0.61,0.0711,0.0254
40.98,28.72,0.072,0.55,0.0835,0.0412
40.98,28.72,0.0385,0.4,0.1155,0.2281
40.98,28.72,0.0327,0.42,0.1087,0.0824
40.98,28.75,0.0352,0.4,0.1136,0.0258
40.98,28.75,0.0564,0.48,0.1068,0.0655
40.98,28.75,0.0632,0.39,0.1204,0.0892
40.98,28.75,0.0941,0.47,0.1193,0.1099
40.98,28.75,0.1097,0.48,0.1136,0.0444
40.98,28.75,0.1414,0.58,0.0776,0.0308
40.98,28.75,0.1582,0.67,0.0433,0.0118
40.98,28.75,0.127,0.6,0.06,0.0107
40.98,28.75,0.1071,0.61,0.0711,0.0254
40.98,28.75,0.072,0.55,0.0835,0.0412
40.98,28.75,0.0385,0.4,0.1155,0.2281
40.98,28.75,0.0327,0.42,0.1087,0.0824
40.98,28.78,0.0352,0.4,0.1136,0.0258
40.98,28.78,0.0564,0.48,0.1068,0.0655
40.98,28.78,0.0632,0.39,0.1204,0.0892
40.98,28.78,0.0941,0.47,0.1193,0.1099
40.98,28.78,0.1097,0.48,0.1136,0.0444
40.98,28.78,0.1414,0.58,0.0776,0.0308
40.98,28.78,0.1582,0.67,0.0433,0.0118
40.98,28.78,0.127,0.6,0.06,0.0107
40.98,28.78,0.1071,0.61,0.0711,0.0254
40.98,28.78,0.072,0.55,0.0835,0.0412
40.98,28.78,0.0385,0.4,0.1155,0.2281
40.98,28.78,0.0327,0.42,0.1087,0.0824
40.98,28.81,0.0352,0.4,0.1136,0.0258
40.98,28.81,0.0564,0.48,0.1068,0.0655
40.98,28.81,0.0632,0.39,0.1204,0.0892
40.98,28.81,0.0941,0.47,0.1193,0.1099
40.98,28.81,0.1097,0.48,0.1136,0.0444
40.98,28.81,0.1414,0.58,0.0776,0.0308
40.98,28.81,0.1582,0.67,0.0433,0.0118
40.98,28.81,0.127,0.6,0.06,0.0107
40.98,28.81,0.1071,0.61,0.0711,0.0254
40.98,28.81,0.072,0.55,0.0835,0.0412
40.98,28.81,0.0385,0.4,0.1155,0.2281
40.98,28.81,0.0327,0.42,0.1087,0.0824
40.98,28.84,0.0352,0.4,0.1136,0.0258
40.98,28.84,0.0564,0.48,0.1068,0.0655
40.98,28.84,0.0632,0.39,0.1204,0.0892
40.98,28.84,0.0941,0.47,0.1193,0.1099
40.98,28.84,0.1097,0.48,0.1136,0.0444
40.98,28.84,0.1414,0.58,0.0776,0.0308
40.98,28.84,0.1582,0.67,0.0433,0.0118
40.98,28.84,0.127,0.6,0.06,0.0107
40.98,28.84,0.1071,0.61,0.0711,0.0254
40.98,28.84,0.072,0.55,0.0835,0.0412
40.98,28.84,0.0385,0.4,0.1155,0.2281
40.98,28.84,0.0327,0.42,0.1087,0.0824
40.98,28.87,0.0352,0.4,0.1136,0.0258
40.98,28.87,0.0564,0.48,0.1068,0.0655
40.98,28.87,0.0632,0.39,0.1204,0.0892
40.98,28.87,0.0941,0.47,0.1193,0.1099
40.98,28.87,0.1097,0.48,0.1136,0.0444
40.98,28.87,0.1414,0.58,0.0776,0.0308
40.98,28.87,0.1582,0.67,0.0433,0.0118
40.98,28.87,0.127,0.6,0.06,0.0107
40.98,28.87,0.1071,0.61,0.0711,0.0254
40.98,28.87,0.072,0.55,0.0835,0.0412
40.98,28.87,0.0385,0.4,0.1155,0.2281
40.98,28.87,0.0327,0.42,0.1087,0.0824
40.98,28.9,0.0352,0.4,0.1136,0.0258
40.98,28.9,0.0564,0.48,0.1068,0.0655
40.98,28.9,0.0632,0.39,0.1204,0.0892
40.98,28.9,0.0941,0.47,0.1193,0.1099
40.98,28.9,0.1097,0.48,0.1136,0.0444
40.98,28.9,0.1414,0.58,0.0776,0.0308
40.98,28.9,0.1582,0.67,0.0433,0.0118
40.98,28.9,0.127,0.6,0.06,0.0107
40.98,28.9,0.1071,0.61,0.0711,0.0254
40.98,28.9,0.072,0.55,0.0835,0.0412
40.98,28.9,0.0385,0.4,0.1155,0.2281
40.98,28.9,0.0327,0.42,0.1087,0.0824
40.98,29.02,0.0391,0.45,0.0863,0.0258
40.98,29.02,0.0506,0.43,0.1011,0.0655
40.98,29.02,0.0622,0.39,0.1091,0.0892
40.98,29.02,0.0893,0.44,0.1135,0.1099
40.98,29.02,0.0992,0.43,0.1122,0.0444
40.98,29.02,0.1358,0.56,0.0717,0.0308
40.98,29.02,0.1555,0.66,0.0283,0.0118
40.98,29.02,0.1287,0.61,0.0472,0.0107
40.98,29.02,0.106,0.61,0.0534,0.0254
40.98,29.02,0.0724,0.55,0.0631,0.0412
40.98,29.02,0.0382,0.4,0.1011,0.2281
40.98,29.02,0.0355,0.45,0.0926,0.0824
40.98,29.05,0.0391,0.45,0.0863,0.0258
40.98,29.05,0.0506,0.43,0.1011,0.0655
40.98,29.05,0.0622,0.39,0.1091,0.0892
40.98,29.05,0.0893,0.44,0.1135,0.1099
40.98,29.05,0.0992,0.43,0.1122,0.0444
40.98,29.05,0.1358,0.56,0.0717,0.0308
40.98,29.05,0.1555,0.66,0.0283,0.0118
40.98,29.05,0.1287,0.61,0.0472,0.0107
40.98,29.05,0.106,0.61,0.0534,0.0254
40.98,29.05,0.0724,0.55,0.0631,0.0412
40.98,29.05,0.0382,0.4,0.1011,0.2281
40.98,29.05,0.0355,0.45,0.0926,0.0824
40.98,29.08,0.0391,0.45,0.0863,0.0258
40.98,29.08,0.0506,0.43,0.1011,0.0906
40.98,29.08,0.0622,0.39,0.1091,0.1031
40.98,29.08,0.0893,0.44,0.1135,0.1085
40.98,29.08,0.0992,0.43,0.1122,0.0483
40.98,29.08,0.1358,0.56,0.0717,0.0559
40.98,29.08,0.1555,0.66,0.0283,0.0283
40.98,29.08,0.1287,0.61,0.0472,0.0183
40.98,29.08,0.106,0.61,0.0534,0.0319
40.98,29.08,0.0724,0.55,0.0631,0.0655
40.98,29.08,0.0382,0.4,0.1011,0.2496
40.98,29.08,0.0355,0.45,0.0926,0.0877
40.98,29.11,0.0391,0.45,0.0863,0.0258
40.98,29.11,0.0506,0.43,0.1011,0.0906
40.98,29.11,0.0622,0.39,0.1091,0.1031
40.98,29.11,0.0893,0.44,0.1135,0.1085
40.98,29.11,0.0992,0.43,0.1122,0.0483
40.98,29.11,0.1358,0.56,0.0717,0.0559
40.98,29.11,0.1555,0.66,0.0283,0.0283
40.98,29.11,0.1287,0.61,0.0472,0.0183
40.98,29.11,0.106,0.61,0.0534,0.0319
40.98,29.11,0.0724,0.55,0.0631,0.0655
40.98,29.11,0.0382,0.4,0.1011,0.2496
40.98,29.11,0.0355,0.45,0.0926,0.0877
40.98,29.14,0.0391,0.45,0.0863,0.0258
40.98,29.14,0.0506,0.43,0.1011,0.0906
40.98,29.14,0.0622,0.39,0.1091,0.1031
40.98,29.14,0.0893,0.44,0.1135,0.1085
40.98,29.14,0.0992,0.43,0.1122,0.0483
40.98,29.14,0.1358,0.56,0.0717,0.0559
40.98,29.14,0.1555,0.66,0.0283,0.0283
40.98,29.14,0.1287,0.61,0.0472,0.0183
40.98,29.14,0.106,0.61,0.0534,0.0319
40.98,29.14,0.0724,0.55,0.0631,0.0655
40.98,29.14,0.0382,0.4,0.1011,0.2496
40.98,29.14,0.0355,0.45,0.0926,0.0877
40.98,29.17,0.0391,0.45,0.0863,0.0258
40.98,29.17,0.0506,0.43,0.1011,0.0906
40.98,29.17,0.0622,0.39,0.1091,0.1031
40.98,29.17,0.0893,0.44,0.1135,0.1085
40.98,29.17,0.0992,0.43,0.1122,0.0483
40.98,29.17,0.1358,0.56,0.0717,0.0559
40.98,29.17,0.1555,0.66,0.0283,0.0283
40.98,29.17,0.1287,0.61,0.0472,0.0183
40.98,29.17,0.106,0.61,0.0534,0.0319
40.98,29.17,0.0724,0.55,0.0631,0.0655
40.98,29.17,0.0382,0.4,0.1011,0.2496
40.98,29.17,0.0355,0.45,0.0926,0.0877
40.98,29.2,0.0391,0.45,0.0863,0.0258
40.98,29.2,0.0506,0.43,0.1011,0.0906
40.98,29.2,0.0622,0.39,0.1091,0.1031
40.98,29.2,0.0893,0.44,0.1135,0.1085
40.98,29.2,0.0992,0.43,0.1122,0.0483
40.98,29.2,0.1358,0.56,0.0717,0.0559
40.98,29.2,0.1555,0.66,0.0283,0.0283
40.98,29.2,0.1287,0.61,0.0472,0.0183
40.98,29.2,0.106,0.61,0.0534,0.0319
40.98,29.2,0.0724,0.55,0.0631,0.0655
40.98,29.2,0.0382,0.4,0.1011,0.2496
40.98,29.2,0.0355,0.45,0.0926,0.0877
40.98,29.23,0.0391,0.45,0.0863,0.0258
40.98,29.23,0.0506,0.43,0.1011,0.0906
40.98,29.23,0.0622,0.39,0.1091,0.1031
40.98,29.23,0.0893,0.44,0.1135,0.1085
40.98,29.23,0.0992,0.43,0.1122,0.0483
40.98,29.23,0.1358,0.56,0.0717,0.0559
40.98,29.23,0.1555,0.66,0.0283,0.0283
40.98,29.23,0.1287,0.61,0.0472,0.0183
40.98,29.23,0.106,0.61,0.0534,0.0319
40.98,29.23,0.0724,0.55,0.0631,0.0655
40.98,29.23,0.0382,0.4,0.1011,0.2496
40.98,29.23,0.0355,0.45,0.0926,0.0877
40.98,29.26,0.0391,0.45,0.0863,0.0258
40.98,29.26,0.0506,0.43,0.1011,0.0906
40.98,29.26,0.0622,0.39,0.1091,0.1031
40.98,29.26,0.0893,0.44,0.1135,0.1085
40.98,29.26,0.0992,0.43,0.1122,0.0483
40.98,29.26,0.1358,0.56,0.0717,0.0559
40.98,29.26,0.1555,0.66,0.0283,0.0283
40.98,29.26,0.1287,0.61,0.0472,0.0183
40.98,29.26,0.106,0.61,0.0534,0.0319
40.98,29.26,0.0724,0.55,0.0631,0.0655
40.98,29.26,0.0382,0.4,0.1011,0.2496
40.98,29.26,0.0355,0.45,0.0926,0.0877
40.98,29.29,0.0391,0.45,0.0863,0.0258
40.98,29.29,0.0506,0.43,0.1011,0.0906
40.98,29.29,0.0622,0.39,0.1091,0.1031
40.98,29.29,0.0893,0.44,0.1135,0.1085
40.98,29.29,0.0992,0.43,0.1122,0.0483
40.98,29.29,0.1358,0.56,0.0717,0.0559
40.98,29.29,0.1555,0.66,0.0283,0.0283
40.98,29.29,0.1287,0.61,0.0472,0.0183
40.98,29.29,0.106,0.61,0.0534,0.0319
40.98,29.29,0.0724,0.55,0.0631,0.0655
40.98,29.29,0.0382,0.4,0.1011,0.2496
40.98,29.29,0.0355,0.45,0.0926,0.0877
40.98,29.32,0.0391,0.45,0.0863,0.0258
40.98,29.32,0.0506,0.43,0.1011,0.0906
40.98,29.32,0.0622,0.39,0.1091,0.1031
40.98,29.32,0.0893,0.44,0.1135,0.1085
40.98,29.32,0.0992,0.43,0.1122,0.0483
40.98,29.32,0.1358,0.56,0.0717,0.0559
40.98,29.32,0.1555,0.66,0.0283,0.0283
40.98,29.32,0.1287,0.61,0.0472,0.0183
40.98,29.32,0.106,0.61,0.0534,0.0319
40.98,29.32,0.0724,0.55,0.0631,0.0655
40.98,29.32,0.0382,0.4,0.1011,0.2496
40.98,29.32,0.0355,0.45,0.0926,0.0877
40.98,29.35,0.0391,0.45,0.0863,0.0258
40.98,29.35,0.0506,0.43,0.1011,0.0906
40.98,29.35,0.0622,0.39,0.1091,0.1031
40.98,29.35,0.0893,0.44,0.1135,0.1085
40.98,29.35,0.0992,0.43,0.1122,0.0483
40.98,29.35,0.1358,0.56,0.0717,0.0559
40.98,29.35,0.1555,0.66,0.0283,0.0283
40.98,29.35,0.1287,0.61,0.0472,0.0183
40.98,29.35,0.106,0.61,0.0534,0.0319
40.98,29.35,0.0724,0.55,0.0631,0.0655
40.98,29.35,0.0382,0.4,0.1011,0.2496
40.98,29.35,0.0355,0.45,0.0926,0.0877
40.98,29.38,0.0391,0.45,0.0863,0.0258
40.98,29.38,0.0506,0.43,0.1011,0.0906
40.98,29.38,0.0622,0.39,0.1091,0.1031
40.98,29.38,0.0893,0.44,0.1135,0.1085
40.98,29.38,0.0992,0.43,0.1122,0.0483
40.98,29.38,0.1358,0.56,0.0717,0.0559
40.98,29.38,0.1555,0.66,0.0283,0.0283
40.98,29.38,0.1287,0.61,0.0472,0.0183
40.98,29.38,0.106,0.61,0.0534,0.0319
40.98,29.38,0.0724,0.55,0.0631,0.0655
40.98,29.38,0.0382,0.4,0.1011,0.2496
40.98,29.38,0.0355,0.45,0.0926,0.0877
40.98,29.41,0.0391,0.45,0.0863,0.0258
40.98,29.41,0.0506,0.43,0.1011,0.0906
40.98,29.41,0.0622,0.39,0.1091,0.1031
40.98,29.41,0.0893,0.44,0.1135,0.1085
40.98,29.41,0.0992,0.43,0.1122,0.0483
40.98,29.41,0.1358,0.56,0.0717,0.0559
40.98,29.41,0.1555,0.66,0.0283,0.0283
40.98,29.41,0.1287,0.61,0.0472,0.0183
40.98,29.41,0.106,0.61,0.0534,0.0319
40.98,29.41,0.0724,0.55,0.0631,0.0655
40.98,29.41,0.0382,0.4,0.1011,0.2496
40.98,29.41,0.0355,0.45,0.0926,0.0877
40.98,29.44,0.0391,0.45,0.0863,0.0258
40.98,29.44,0.0506,0.43,0.1011,0.0906
40.98,29.44,0.0622,0.39,0.1091,0.1031
40.98,29.44,0.0893,0.44,0.1135,0.1085
40.98,29.44,0.0992,0.43,0.1122,0.0483
40.98,29.44,0.1358,0.56,0.0717,0.0559
40.98,29.44,0.1555,0.66,0.0283,0.0283
40.98,29.44,0.1287,0.61,0.0472,0.0183
40.98,29.44,0.106,0.61,0.0534,0.0319
40.98,29.44,0.0724,0.55,0.0631,0.0655
40.98,29.44,0.0382,0.4,0.1011,0.2496
40.98,29.44,0.0355,0.45,0.0926,0.0877
40.98,29.47,0.0391,0.45,0.0863,0.0258
40.98,29.47,0.0506,0.43,0.1011,0.0906
40.98,29.47,0.0622,0.39,0.1091,0.1031
40.98,29.47,0.0893,0.44,0.1135,0.1085
40.98,29.47,0.0992,0.43,0.1122,0.0483
40.98,29.47,0.1358,0.56,0.0717,0.0559
40.98,29.47,0.1555,0.66,0.0283,0.0283
40.98,29.47,0.1287,0.61,0.0472,0.0183
40.98,29.47,0.106,0.61,0.0534,0.0319
40.98,29.47,0.0724,0.55,0.0631,0.0655
40.98,29.47,0.0382,0.4,0.1011,0.2496
40.98,29.47,0.0355,0.45,0.0926,0.0877
40.98,29.62,0.0391,0.45,0.0863,0.0258
40.98,29.62,0.0506,0.43,0.1011,0.0906
40.98,29.62,0.0622,0.39,0.1091,0.1031
40.98,29.62,0.0893,0.44,0.1135,0.1085
40.98,29.62,0.0992,0.43,0.1122,0.0483
40.98,29.62,0.1358,0.56,0.0717,0.0559
40.98,29.62,0.1555,0.66,0.0283,0.0283
40.98,29.62,0.1287,0.61,0.0472,0.0183
40.98,29.62,0.106,0.61,0.0534,0.0319
40.98,29.62,0.0724,0.55,0.0631,0.0655
40.98,29.62,0.0382,0.4,0.1011,0.2496
40.98,29.62,0.0355,0.45,0.0926,0.0877
40.98,29.65,0.0391,0.45,0.0863,0.0258
40.98,29.65,0.0506,0.43,0.1011,0.0906
40.98,29.65,0.0622,0.39,0.1091,0.1031
40.98,29.65,0.0893,0.44,0.1135,0.1085
40.98,29.65,0.0992,0.43,0.1122,0.0483
40.98,29.65,0.1358,0.56,0.0717,0.0559
40.98,29.65,0.1555,0.66,0.0283,0.0283
40.98,29.65,0.1287,0.61,0.0472,0.0183
40.98,29.65,0.106,0.61,0.0534,0.0319
40.98,29.65,0.0724,0.55,0.0631,0.0655
40.98,29.65,0.0382,0.4,0.1011,0.2496
40.98,29.65,0.0355,0.45,0.0926,0.0877
40.98,29.68,0.0391,0.45,0.0863,0.0258
40.98,29.68,0.0506,0.43,0.1011,0.0906
40.98,29.68,0.0622,0.39,0.1091,0.1031
40.98,29.68,0.0893,0.44,0.1135,0.1085
40.98,29.68,0.0992,0.43,0.1122,0.0483
40.98,29.68,0.1358,0.56,0.0717,0.0559
40.98,29.68,0.1555,0.66,0.0283,0.0283
40.98,29.68,0.1287,0.61,0.0472,0.0183
40.98,29.68,0.106,0.61,0.0534,0.0319
40.98,29.68,0.0724,0.55,0.0631,0.0655
40.98,29.68,0.0382,0.4,0.1011,0.2496
40.98,29.68,0.0355,0.45,0.0926,0.0877
41.0,28.51,0.0321,0.38,0.1059,0.0258
41.0,28.51,0.0517,0.45,0.0999,0.0655
41.0,28.51,0.0646,0.41,0.1079,0.0892
41.0,28.51,0.0909,0.45,0.1096,0.1099
41.0,28.51,0.1096,0.48,0.1087,0.0444
41.0,28.51,0.1397,0.58,0.0686,0.0308
41.0,28.51,0.1521,0.65,0.0361,0.0118
41.0,28.51,0.1249,0.59,0.0476,0.0107
41.0,28.51,0.0973,0.56,0.0697,0.0254
41.0,28.51,0.067,0.52,0.075,0.0412
41.0,28.51,0.0378,0.41,0.1032,0.2281
41.0,28.51,0.028,0.38,0.0983,0.0824
41.0,28.54,0.0321,0.38,0.1059,0.0258
41.0,28.54,0.0517,0.45,0.0999,0.0655
41.0,28.54,0.0646,0.41,0.1079,0.0892
41.0,28.54,0.0909,0.45,0.1096,0.1099
41.0,28.54,0.1096,0.48,0.1087,0.0444
41.0,28.54,0.1397,0.58,0.0686,0.0308
41.0,28.54,0.1521,0.65,0.0361,0.0118
41.0,28.54,0.1249,0.59,0.0476,0.0107
41.0,28.54,0.0973,0.56,0.0697,0.0254
41.0,28.54,0.067,0.52,0.075,0.0412
41.0,28.54,0.0378,0.41,0.1032,0.2281
41.0,28.54,0.028,0.38,0.0983,0.0824
41.0,28.6,0.0321,0.38,0.1059,0.0258
41.0,28.6,0.0517,0.45,0.0999,0.0655
41.0,28.6,0.0646,0.41,0.1079,0.0892
41.0,28.6,0.0909,0.45,0.1096,0.1099
41.0,28.6,0.1096,0.48,0.1087,0.0444
41.0,28.6,0.1397,0.58,0.0686,0.0308
41.0,28.6,0.1521,0.65,0.0361,0.0118
41.0,28.6,0.1249,0.59,0.0476,0.0107
41.0,28.6,0.0973,0.56,0.0697,0.0254
41.0,28.6,0.067,0.52,0.075,0.0412
41.0,28.6,0.0378,0.41,0.1032,0.2281
41.0,28.6,0.028,0.38,0.0983,0.0824
41.0,28.63,0.0321,0.38,0.1059,0.0258
41.0,28.63,0.0517,0.45,0.0999,0.0655
41.0,28.63,0.0646,0.41,0.1079,0.0892
41.0,28.63,0.0909,0.45,0.1096,0.1099
41.0,28.63,0.1096,0.48,0.1087,0.0444
41.0,28.63,0.1397,0.58,0.0686,0.0308
41.0,28.63,0.1521,0.65,0.0361,0.0118
41.0,28.63,0.1249,0.59,0.0476,0.0107
41.0,28.63,0.0973,0.56,0.0697,0.0254
41.0,28.63,0.067,0.52,0.075,0.0412
41.0,28.63,0.0378,0.41,0.1032,0.2281
41.0,28.63,0.028,0.38,0.0983,0.0824
41.0,28.66,0.0321,0.38,0.1059,0.0258
41.0,28.66,0.0517,0.45,0.0999,0.0655
41.0,28.66,0.0646,0.41,0.1079,0.0892
41.0,28.66,0.0909,0.45,0.1096,0.1099
41.0,28.66,0.1096,0.48,0.1087,0.0444
41.0,28.66,0.1397,0.58,0.0686,0.0308
41.0,28.66,0.1521,0.65,0.0361,0.0118
41.0,28.66,0.1249,0.59,0.0476,0.0107
41.0,28.66,0.0973,0.56,0.0697,0.0254
41.0,28.66,0.067,0.52,0.075,0.0412
41.0,28.66,0.0378,0.41,0.1032,0.2281
41.0,28.66,0.028,0.38,0.0983,0.0824
41.0,28.69,0.0321,0.38,0.1059,0.0258
41.0,28.69,0.0517,0.45,0.0999,0.0655
41.0,28.69,0.0646,0.41,0.1079,0.0892
41.0,28.69,0.0909,0.45,0.1096,0.1099
41.0,28.69,0.1096,0.48,0.1087,0.0444
41.0,28.69,0.1397,0.58,0.0686,0.0308
41.0,28.69,0.1521,0.65,0.0361,0.0118
41.0,28.69,0.1249,0.59,0.0476,0.0107
41.0,28.69,0.0973,0.56,0.0697,0.0254
41.0,28.69,0.067,0.52,0.075,0.0412
41.0,28.69,0.0378,0.41,0.1032,0.2281
41.0,28.69,0.028,0.38,0.0983,0.0824
41.0,28.72,0.0321,0.38,0.1059,0.0258
41.0,28.72,0.0517,0.45,0.0999,0.0655
41.0,28.72,0.0646,0.41,0.1079,0.0892
41.0,28.72,0.0909,0.45,0.1096,0.1099
41.0,28.72,0.1096,0.48,0.1087,0.0444
41.0,28.72,0.1397,0.58,0.0686,0.0308
41.0,28.72,0.1521,0.65,0.0361,0.0118
41.0,28.72,0.1249,0.59,0.0476,0.0107
41.0,28.72,0.0973,0.56,0.0697,0.0254
41.0,28.72,0.067,0.52,0.075,0.0412
41.0,28.72,0.0378,0.41,0.1032,0.2281
41.0,28.72,0.028,0.38,0.0983,0.0824
41.0,28.75,0.0321,0.38,0.1059,0.0258
41.0,28.75,0.0517,0.45,0.0999,0.0655
41.0,28.75,0.0646,0.41,0.1079,0.0892
41.0,28.75,0.0909,0.45,0.1096,0.1099
41.0,28.75,0.1096,0.48,0.1087,0.0444
41.0,28.75,0.1397,0.58,0.0686,0.0308
41.0,28.75,0.1521,0.65,0.0361,0.0118
41.0,28.75,0.1249,0.59,0.0476,0.0107
41.0,28.75,0.0973,0.56,0.0697,0.0254
41.0,28.75,0.067,0.52,0.075,0.0412
41.0,28.75,0.0378,0.41,0.1032,0.2281
41.0,28.75,0.028,0.38,0.0983,0.0824
41.0,28.78,0.0321,0.38,0.1059,0.0258
41.0,28.78,0.0517,0.45,0.0999,0.0655
41.0,28.78,0.0646,0.41,0.1079,0.0892
41.0,28.78,0.0909,0.45,0.1096,0.1099
41.0,28.78,0.1096,0.48,0.1087,0.0444
41.0,28.78,0.1397,0.58,0.0686,0.0308
41.0,28.78,0.1521,0.65,0.0361,0.0118
41.0,28.78,0.1249,0.59,0.0476,0.0107
41.0,28.78,0.0973,0.56,0.0697,0.0254
41.0,28.78,0.067,0.52,0.075,0.0412
41.0,28.78,0.0378,0.41,0.1032,0.2281
41.0,28.78,0.028,0.38,0.0983,0.0824
41.0,28.81,0.0321,0.38,0.1059,0.0258
41.0,28.81,0.0517,0.45,0.0999,0.0655
41.0,28.81,0.0646,0.41,0.1079,0.0892
41.0,28.81,0.0909,0.45,0.1096,0.1099
41.0,28.81,0.1096,0.48,0.1087,0.0444
41.0,28.81,0.1397,0.58,0.0686,0.0308
41.0,28.81,0.1521,0.65,0.0361,0.0118
41.0,28.81,0.1249,0.59,0.0476,0.0107
41.0,28.81,0.0973,0.56,0.0697,0.0254
41.0,28.81,0.067,0.52,0.075,0.0412
41.0,28.81,0.0378,0.41,0.1032,0.2281
41.0,28.81,0.028,0.38,0.0983,0.0824
41.0,28.84,0.0321,0.38,0.1059,0.0258
41.0,28.84,0.0517,0.45,0.0999,0.0655
41.0,28.84,0.0646,0.41,0.1079,0.0892
41.0,28.84,0.0909,0.45,0.1096,0.1099
41.0,28.84,0.1096,0.48,0.1087,0.0444
41.0,28.84,0.1397,0.58,0.0686,0.0308
41.0,28.84,0.1521,0.65,0.0361,0.0118
41.0,28.84,0.1249,0.59,0.0476,0.0107
41.0,28.84,0.0973,0.56,0.0697,0.0254
41.0,28.84,0.067,0.52,0.075,0.0412
41.0,28.84,0.0378,0.41,0.1032,0.2281
41.0,28.84,0.028,0.38,0.0983,0.0824
41.0,28.87,0.0321,0.38,0.1059,0.0258
41.0,28.87,0.0517,0.45,0.0999,0.0655
41.0,28.87,0.0646,0.41,0.1079,0.0892
41.0,28.87,0.0909,0.45,0.1096,0.1099
41.0,28.87,0.1096,0.48,0.1087,0.0444
41.0,28.87,0.1397,0.58,0.0686,0.0308
41.0,28.87,0.1521,0.65,0.0361,0.0118
41.0,28.87,0.1249,0.59,0.0476,0.0107
41.0,28.87,0.0973,0.56,0.0697,0.0254
41.0,28.87,0.067,0.52,0.075,0.0412
41.0,28.87,0.0378,0.41,0.1032,0.2281
41.0,28.87,0.028,0.38,0.0983,0.0824
41.0,28.9,0.0321,0.38,0.1059,0.0258
41.0,28.9,0.0517,0.45,0.0999,0.0655
41.0,28.9,0.0646,0.41,0.1079,0.0892
41.0,28.9,0.0909,0.45,0.1096,0.1099
41.0,28.9,0.1096,0.48,0.1087,0.0444
41.0,28.9,0.1397,0.58,0.0686,0.0308
41.0,28.9,0.1521,0.65,0.0361,0.0118
41.0,28.9,0.1249,0.59,0.0476,0.0107
41.0,28.9,0.0973,0.56,0.0697,0.0254
41.0,28.9,0.067,0.52,0.075,0.0412
41.0,28.9,0.0378,0.41,0.1032,0.2281
41.0,28.9,0.028,0.38,0.0983,0.0824
41.0,28.93,0.0321,0.38,0.1059,0.0258
41.0,28.93,0.0517,0.45,0.0999,0.0655
41.0,28.93,0.0646,0.41,0.1079,0.0892
41.0,28.93,0.0909,0.45,0.1096,0.1099
41.0,28.93,0.1096,0.48,0.1087,0.0444
41.0,28.93,0.1397,0.58,0.0686,0.0308
41.0,28.93,0.1521,0.65,0.0361,0.0118
41.0,28.93,0.1249,0.59,0.0476,0.0107
41.0,28.93,0.0973,0.56,0.0697,0.0254
41.0,28.93,0.067,0.52,0.075,0.0412
41.0,28.93,0.0378,0.41,0.1032,0.2281
41.0,28.93,0.028,0.38,0.0983,0.0824
41.0,28.96,0.0321,0.38,0.1059,0.0258
41.0,28.96,0.0517,0.45,0.0999,0.0655
41.0,28.96,0.0646,0.41,0.1079,0.0892
41.0,28.96,0.0909,0.45,0.1096,0.1099
41.0,28.96,0.1096,0.48,0.1087,0.0444
41.0,28.96,0.1397,0.58,0.0686,0.0308
41.0,28.96,0.1521,0.65,0.0361,0.0118
41.0,28.96,0.1249,0.59,0.0476,0.0107
41.0,28.96,0.0973,0.56,0.0697,0.0254
41.0,28.96,0.067,0.52,0.075,0.0412
41.0,28.96,0.0378,0.41,0.1032,0.2281
41.0,28.96,0.028,0.38,0.0983,0.0824
41.0,29.02,0.0318,0.38,0.1172,0.0258
41.0,29.02,0.0504,0.44,0.1148,0.0655
41.0,29.02,0.0606,0.38,0.1232,0.0892
41.0,29.02,0.0895,0.45,0.1175,0.1099
41.0,29.02,0.1095,0.48,0.115,0.0444
41.0,29.02,0.1392,0.57,0.0768,0.0308
41.0,29.02,0.1488,0.63,0.0435,0.0118
41.0,29.02,0.1279,0.61,0.0503,0.0107
41.0,29.02,0.1032,0.6,0.0847,0.0254
41.0,29.02,0.0669,0.52,0.096,0.0412
41.0,29.02,0.0382,0.42,0.1183,0.2281
41.0,29.02,0.0287,0.38,0.1089,0.0824
41.0,29.05,0.0318,0.38,0.1172,0.0258
41.0,29.05,0.0504,0.44,0.1148,0.0655
41.0,29.05,0.0606,0.38,0.1232,0.0892
41.0,29.05,0.0895,0.45,0.1175,0.1099
41.0,29.05,0.1095,0.48,0.115,0.0444
41.0,29.05,0.1392,0.57,0.0768,0.0308
41.0,29.05,0.1488,0.63,0.0435,0.0118
41.0,29.05,0.1279,0.61,0.0503,0.0107
41.0,29.05,0.1032,0.6,0.0847,0.0254
41.0,29.05,0.0669,0.52,0.096,0.0412
41.0,29.05,0.0382,0.42,0.1183,0.2281
41.0,29.05,0.0287,0.38,0.1089,0.0824
41.0,29.08,0.0318,0.38,0.1172,0.0258
41.0,29.08,0.0504,0.44,0.1148,0.0906
41.0,29.08,0.0606,0.38,0.1232,0.1031
41.0,29.08,0.0895,0.45,0.1175,0.1085
41.0,29.08,0.1095,0.48,0.115,0.0483
41.0,29.08,0.1392,0.57,0.0768,0.0559
41.0,29.08,0.1488,0.63,0.0435,0.0283
41.0,29.08,0.1279,0.61,0.0503,0.0183
41.0,29.08,0.1032,0.6,0.0847,0.0319
41.0,29.08,0.0669,0.52,0.096,0.0655
41.0,29.08,0.0382,0.42,0.1183,0.2496
41.0,29.08,0.0287,0.38,0.1089,0.0877
41.0,29.11,0.0318,0.38,0.1172,0.0258
41.0,29.11,0.0504,0.44,0.1148,0.0906
41.0,29.11,0.0606,0.38,0.1232,0.1031
41.0,29.11,0.0895,0.45,0.1175,0.1085
41.0,29.11,0.1095,0.48,0.115,0.0483
41.0,29.11,0.1392,0.57,0.0768,0.0559
41.0,29.11,0.1488,0.63,0.0435,0.0283
41.0,29.11,0.1279,0.61,0.0503,0.0183
41.0,29.11,0.1032,0.6,0.0847,0.0319
41.0,29.11,0.0669,0.52,0.096,0.0655
41.0,29.11,0.0382,0.42,0.1183,0.2496
41.0,29.11,0.0287,0.38,0.1089,0.0877
41.0,29.14,0.0318,0.38,0.1172,0.0258
41.0,29.14,0.0504,0.44,0.1148,0.0906
41.0,29.14,0.0606,0.38,0.1232,0.1031
41.0,29.14,0.0895,0.45,0.1175,0.1085
41.0,29.14,0.1095,0.48,0.115,0.0483
41.0,29.14,0.1392,0.57,0.0768,0.0559
41.0,29.14,0.1488,0.63,0.0435,0.0283
41.0,29.14,0.1279,0.61,0.0503,0.0183
41.0,29.14,0.1032,0.6,0.0847,0.0319
41.0,29.14,0.0669,0.52,0.096,0.0655
41.0,29.14,0.0382,0.42,0.1183,0.2496
41.0,29.14,0.0287,0.38,0.1089,0.0877
41.0,29.17,0.0318,0.38,0.1172,0.0258
41.0,29.17,0.0504,0.44,0.1148,0.0906
41.0,29.17,0.0606,0.38,0.1232,0.1031
41.0,29.17,0.0895,0.45,0.1175,0.1085
41.0,29.17,0.1095,0.48,0.115,0.0483
41.0,29.17,0.1392,0.57,0.0768,0.0559
41.0,29.17,0.1488,0.63,0.0435,0.0283
41.0,29.17,0.1279,0.61,0.0503,0.0183
41.0,29.17,0.1032,0.6,0.0847,0.0319
41.0,29.17,0.0669,0.52,0.096,0.0655
41.0,29.17,0.0382,0.42,0.1183,0.2496
41.0,29.17,0.0287,0.38,0.1089,0.0877
41.0,29.2,0.0318,0.38,0.1172,0.0258
41.0,29.2,0.0504,0.44,0.1148,0.0906
41.0,29.2,0.0606,0.38,0.1232,0.1031
41.0,29.2,0.0895,0.45,0.1175,0.1085
41.0,29.2,0.1095,0.48,0.115,0.0483
41.0,29.2,0.1392,0.57,0.0768,0.0559
41.0,29.2,0.1488,0.63,0.0435,0.0283
41.0,29.2,0.1279,0.61,0.0503,0.0183
41.0,29.2,0.1032,0.6,0.0847,0.0319
41.0,29.2,0.0669,0.52,0.096,0.0655
41.0,29.2,0.0382,0.42,0.1183,0.2496
41.0,29.2,0.0287,0.38,0.1089,0.0877
41.0,29.23,0.0318,0.38,0.1172,0.0258
41.0,29.23,0.0504,0.44,0.1148,0.0906
41.0,29.23,0.0606,0.38,0.1232,0.1031
41.0,29.23,0.0895,0.45,0.1175,0.1085
41.0,29.23,0.1095,0.48,0.115,0.0483
41.0,29.23,0.1392,0.57,0.0768,0.0559
41.0,29.23,0.1488,0.63,0.0435,0.0283
41.0,29.23,0.1279,0.61,0.0503,0.0183
41.0,29.23,0.1032,0.6,0.0847,0.0319
41.0,29.23,0.0669,0.52,0.096,0.0655
41.0,29.23,0.0382,0.42,0.1183,0.2496
41.0,29.23,0.0287,0.38,0.1089,0.0877
41.0,29.26,0.0318,0.38,0.1172,0.0258
41.0,29.26,0.0504,0.44,0.1148,0.0906
41.0,29.26,0.0606,0.38,0.1232,0.1031
41.0,29.26,0.0895,0.45,0.1175,0.1085
41.0,29.26,0.1095,0.48,0.115,0.0483
41.0,29.26,0.1392,0.57,0.0768,0.0559
41.0,29.26,0.1488,0.63,0.0435,0.0283
41.0,29.26,0.1279,0.61,0.0503,0.0183
41.0,29.26,0.1032,0.6,0.0847,0.0319
41.0,29.26,0.0669,0.52,0.096,0.0655
41.0,29.26,0.0382,0.42,0.1183,0.2496
41.0,29.26,0.0287,0.38,0.1089,0.0877
41.0,29.29,0.0318,0.38,0.1172,0.0258
41.0,29.29,0.0504,0.44,0.1148,0.0906
41.0,29.29,0.0606,0.38,0.1232,0.1031
41.0,29.29,0.0895,0.45,0.1175,0.1085
41.0,29.29,0.1095,0.48,0.115,0.0483
41.0,29.29,0.1392,0.57,0.0768,0.0559
41.0,29.29,0.1488,0.63,0.0435,0.0283
41.0,29.29,0.1279,0.61,0.0503,0.0183
41.0,29.29,0.1032,0.6,0.0847,0.0319
41.0,29.29,0.0669,0.52,0.096,0.0655
41.0,29.29,0.0382,0.42,0.1183,0.2496
41.0,29.29,0.0287,0.38,0.1089,0.0877
41.0,29.32,0.0318,0.38,0.1172,0.0258
41.0,29.32,0.0504,0.44,0.1148,0.0906
41.0,29.32,0.0606,0.38,0.1232,0.1031
41.0,29.32,0.0895,0.45,0.1175,0.1085
41.0,29.32,0.1095,0.48,0.115,0.0483
41.0,29.32,0.1392,0.57,0.0768,0.0559
41.0,29.32,0.1488,0.63,0.0435,0.0283
41.0,29.32,0.1279,0.61,0.0503,0.0183
41.0,29.32,0.1032,0.6,0.0847,0.0319
41.0,29.32,0.0669,0.52,0.096,0.0655
41.0,29.32,0.0382,0.42,0.1183,0.2496
41.0,29.32,0.0287,0.38,0.1089,0.0877
41.0,29.35,0.0318,0.38,0.1172,0.0258
41.0,29.35,0.0504,0.44,0.1148,0.0906
41.0,29.35,0.0606,0.38,0.1232,0.1031
41.0,29.35,0.0895,0.45,0.1175,0.1085
41.0,29.35,0.1095,0.48,0.115,0.0483
41.0,29.35,0.1392,0.57,0.0768,0.0559
41.0,29.35,0.1488,0.63,0.0435,0.0283
41.0,29.35,0.1279,0.61,0.0503,0.0183
41.0,29.35,0.1032,0.6,0.0847,0.0319
41.0,29.35,0.0669,0.52,0.096,0.0655
41.0,29.35,0.0382,0.42,0.1183,0.2496
41.0,29.35,0.0287,0.38,0.1089,0.0877
41.0,29.38,0.0318,0.38,0.1172,0.0258
41.0,29.38,0.0504,0.44,0.1148,0.0906
41.0,29.38,0.0606,0.38,0.1232,0.1031
41.0,29.38,0.0895,0.45,0.1175,0.1085
41.0,29.38,0.1095,0.48,0.115,0.0483
41.0,29.38,0.1392,0.57,0.0768,0.0559
41.0,29.38,0.1488,0.63,0.0435,0.0283
41.0,29.38,0.1279,0.61,0.0503,0.0183
41.0,29.38,0.1032,0.6,0.0847,0.0319
41.0,29.38,0.0669,0.52,0.096,0.0655
41.0,29.38,0.0382,0.42,0.1183,0.2496
41.0,29.38,0.0287,0.38,0.1089,0.0877
41.0,29.41,0.0318,0.38,0.1172,0.0258
41.0,29.41,0.0504,0.44,0.1148,0.0906
41.0,29.41,0.0606,0.38,0.1232,0.1031
41.0,29.41,0.0895,0.45,0.1175,0.1085
41.0,29.41,0.1095,0.48,0.115,0.0483
41.0,29.41,0.1392,0.57,0.0768,0.0559
41.0,29.41,0.1488,0.63,0.0435,0.0283
41.0,29.41,0.1279,0.61,0.0503,0.0183
41.0,29.41,0.1032,0.6,0.0847,0.0319
41.0,29.41,0.0669,0.52,0.096,0.0655
41.0,29.41,0.0382,0.42,0.1183,0.2496
41.0,29.41,0.0287,0.38,0.1089,0.0877
41.0,29.44,0.0318,0.38,0.1172,0.0258
41.0,29.44,0.0504,0.44,0.1148,0.0906
41.0,29.44,0.0606,0.38,0.1232,0.1031
41.0,29.44,0.0895,0.45,0.1175,0.1085
41.0,29.44,0.1095,0.48,0.115,0.0483
41.0,29.44,0.1392,0.57,0.0768,0.0559
41.0,29.44,0.1488,0.63,0.0435,0.0283
41.0,29.44,0.1279,0.61,0.0503,0.0183
41.0,29.44,0.1032,0.6,0.0847,0.0319
41.0,29.44,0.0669,0.52,0.096,0.0655
41.0,29.44,0.0382,0.42,0.1183,0.2496
41.0,29.44,0.0287,0.38,0.1089,0.0877
41.0,29.47,0.0318,0.38,0.1172,0.0258
41.0,29.47,0.0504,0.44,0.1148,0.0906
41.0,29.47,0.0606,0.38,0.1232,0.1031
41.0,29.47,0.0895,0.45,0.1175,0.1085
41.0,29.47,0.1095,0.48,0.115,0.0483
41.0,29.47,0.1392,0.57,0.0768,0.0559
41.0,29.47,0.1488,0.63,0.0435,0.0283
41.0,29.47,0.1279,0.61,0.0503,0.0183
41.0,29.47,0.1032,0.6,0.0847,0.0319
41.0,29.47,0.0669,0.52,0.096,0.0655
41.0,29.47,0.0382,0.42,0.1183,0.2496
41.0,29.47,0.0287,0.38,0.1089,0.0877
41.0,29.5,0.0318,0.38,0.1172,0.0258
41.0,29.5,0.0504,0.44,0.1148,0.0906
41.0,29.5,0.0606,0.38,0.1232,0.1031
41.0,29.5,0.0895,0.45,0.1175,0.1085
41.0,29.5,0.1095,0.48,0.115,0.0483
41.0,29.5,0.1392,0.57,0.0768,0.0559
41.0,29.5,0.1488,0.63,0.0435,0.0283
41.0,29.5,0.1279,0.61,0.0503,0.0183
41.0,29.5,0.1032,0.6,0.0847,0.0319
41.0,29.5,0.0669,0.52,0.096,0.0655
41.0,29.5,0.0382,0.42,0.1183,0.2496
41.0,29.5,0.0287,0.38,0.1089,0.0877
41.0,29.62,0.0318,0.38,0.1172,0.0258
41.0,29.62,0.0504,0.44,0.1148,0.0906
41.0,29.62,0.0606,0.38,0.1232,0.1031
41.0,29.62,0.0895,0.45,0.1175,0.1085
41.0,29.62,0.1095,0.48,0.115,0.0483
41.0,29.62,0.1392,0.57,0.0768,0.0559
41.0,29.62,0.1488,0.63,0.0435,0.0283
41.0,29.62,0.1279,0.61,0.0503,0.0183
41.0,29.62,0.1032,0.6,0.0847,0.0319
41.0,29.62,0.0669,0.52,0.096,0.0655
41.0,29.62,0.0382,0.42,0.1183,0.2496
41.0,29.62,0.0287,0.38,0.1089,0.0877
41.0,29.65,0.0318,0.38,0.1172,0.0258
41.0,29.65,0.0504,0.44,0.1148,0.0906
41.0,29.65,0.0606,0.38,0.1232,0.1031
41.0,29.65,0.0895,0.45,0.1175,0.1085
41.0,29.65,0.1095,0.48,0.115,0.0483
41.0,29.65,0.1392,0.57,0.0768,0.0559
41.0,29.65,0.1488,0.63,0.0435,0.0283
41.0,29.65,0.1279,0.61,0.0503,0.0183
41.0,29.65,0.1032,0.6,0.0847,0.0319
41.0,29.65,0.0669,0.52,0.096,0.0655
41.0,29.65,0.0382,0.42,0.1183,0.2496
41.0,29.65,0.0287,0.38,0.1089,0.0877
41.0,29.68,0.0318,0.38,0.1172,0.0258
41.0,29.68,0.0504,0.44,0.1148,0.0906
41.0,29.68,0.0606,0.38,0.1232,0.1031
41.0,29.68,0.0895,0.45,0.1175,0.1085
41.0,29.68,0.1095,0.48,0.115,0.0483
41.0,29.68,0.1392,0.57,0.0768,0.0559
41.0,29.68,0.1488,0.63,0.0435,0.0283
41.0,29.68,0.1279,0.61,0.0503,0.0183
41.0,29.68,0.1032,0.6,0.0847,0.0319
41.0,29.68,0.0669,0.52,0.096,0.0655
41.0,29.68,0.0382,0.42,0.1183,0.2496
41.0,29.68,0.0287,0.38,0.1089,0.0877
41.0,29.71,0.0318,0.38,0.1172,0.029
41.0,29.71,0.0504,0.44,0.1148,0.1117
41.0,29.71,0.0606,0.38,0.1232,0.1275
41.0,29.71,0.0895,0.45,0.1175,0.1128
41.0,29.71,0.1095,0.48,0.115,0.0663
41.0,29.71,0.1392,0.57,0.0768,0.1411
41.0,29.71,0.1488,0.63,0.0435,0.077
41.0,29.71,0.1279,0.61,0.0503,0.0294
41.0,29.71,0.1032,0.6,0.0847,0.034
41.0,29.71,0.0669,0.52,0.096,0.0935
41.0,29.71,0.0382,0.42,0.1183,0.2478
41.0,29.71,0.0287,0.38,0.1089,0.1028
41.02,28.48,0.0321,0.38,0.1059,0.0258
41.02,28.48,0.0517,0.45,0.0999,0.0655
41.02,28.48,0.0646,0.41,0.1079,0.0892
41.02,28.48,0.0909,0.45,0.1096,0.1099
41.02,28.48,0.1096,0.48,0.1087,0.0444
41.02,28.48,0.1397,0.58,0.0686,0.0308
41.02,28.48,0.1521,0.65,0.0361,0.0118
41.02,28.48,0.1249,0.59,0.0476,0.0107
41.02,28.48,0.0973,0.56,0.0697,0.0254
41.02,28.48,0.067,0.52,0.075,0.0412
41.02,28.48,0.0378,0.41,0.1032,0.2281
41.02,28.48,0.028,0.38,0.0983,0.0824
41.02,28.51,0.0321,0.38,0.1059,0.0258
41.02,28.51,0.0517,0.45,0.0999,0.0655
41.02,28.51,0.0646,0.41,0.1079,0.0892
41.02,28.51,0.0909,0.45,0.1096,0.1099
41.02,28.51,0.1096,0.48,0.1087,0.0444
41.02,28.51,0.1397,0.58,0.0686,0.0308
41.02,28.51,0.1521,0.65,0.0361,0.0118
41.02,28.51,0.1249,0.59,0.0476,0.0107
41.02,28.51,0.0973,0.56,0.0697,0.0254
41.02,28.51,0.067,0.52,0.075,0.0412
41.02,28.51,0.0378,0.41,0.1032,0.2281
41.02,28.51,0.028,0.38,0.0983,0.0824
41.02,28.54,0.0321,0.38,0.1059,0.0258
41.02,28.54,0.0517,0.45,0.0999,0.0655
41.02,28.54,0.0646,0.41,0.1079,0.0892
41.02,28.54,0.0909,0.45,0.1096,0.1099
41.02,28.54,0.1096,0.48,0.1087,0.0444
41.02,28.54,0.1397,0.58,0.0686,0.0308
41.02,28.54,0.1521,0.65,0.0361,0.0118
41.02,28.54,0.1249,0.59,0.0476,0.0107
41.02,28.54,0.0973,0.56,0.0697,0.0254
41.02,28.54,0.067,0.52,0.075,0.0412
41.02,28.54,0.0378,0.41,0.1032,0.2281
41.02,28.54,0.028,0.38,0.0983,0.0824
41.02,28.6,0.0321,0.38,0.1059,0.0258
41.02,28.6,0.0517,0.45,0.0999,0.0655
41.02,28.6,0.0646,0.41,0.1079,0.0892
41.02,28.6,0.0909,0.45,0.1096,0.1099
41.02,28.6,0.1096,0.48,0.1087,0.0444
41.02,28.6,0.1397,0.58,0.0686,0.0308
41.02,28.6,0.1521,0.65,0.0361,0.0118
41.02,28.6,0.1249,0.59,0.0476,0.0107
41.02,28.6,0.0973,0.56,0.0697,0.0254
41.02,28.6,0.067,0.52,0.075,0.0412
41.02,28.6,0.0378,0.41,0.1032,0.2281
41.02,28.6,0.028,0.38,0.0983,0.0824
41.02,28.63,0.0321,0.38,0.1059,0.0258
41.02,28.63,0.0517,0.45,0.0999,0.0655
41.02,28.63,0.0646,0.41,0.1079,0.0892
41.02,28.63,0.0909,0.45,0.1096,0.1099
41.02,28.63,0.1096,0.48,0.1087,0.0444
41.02,28.63,0.1397,0.58,0.0686,0.0308
41.02,28.63,0.1521,0.65,0.0361,0.0118
41.02,28.63,0.1249,0.59,0.0476,0.0107
41.02,28.63,0.0973,0.56,0.0697,0.0254
41.02,28.63,0.067,0.52,0.075,0.0412
41.02,28.63,0.0378,0.41,0.1032,0.2281
41.02,28.63,0.028,0.38,0.0983,0.0824
41.02,28.66,0.0321,0.38,0.1059,0.0258
41.02,28.66,0.0517,0.45,0.0999,0.0655
41.02,28.66,0.0646,0.41,0.1079,0.0892
41.02,28.66,0.0909,0.45,0.1096,0.1099
41.02,28.66,0.1096,0.48,0.1087,0.0444
41.02,28.66,0.1397,0.58,0.0686,0.0308
41.02,28.66,0.1521,0.65,0.0361,0.0118
41.02,28.66,0.1249,0.59,0.0476,0.0107
41.02,28.66,0.0973,0.56,0.0697,0.0254
41.02,28.66,0.067,0.52,0.075,0.0412
41.02,28.66,0.0378,0.41,0.1032,0.2281
41.02,28.66,0.028,0.38,0.0983,0.0824
41.02,28.69,0.0321,0.38,0.1059,0.0258
41.02,28.69,0.0517,0.45,0.0999,0.0655
41.02,28.69,0.0646,0.41,0.1079,0.0892
41.02,28.69,0.0909,0.45,0.1096,0.1099
41.02,28.69,0.1096,0.48,0.1087,0.0444
41.02,28.69,0.1397,0.58,0.0686,0.0308
41.02,28.69,0.1521,0.65,0.0361,0.0118
41.02,28.69,0.1249,0.59,0.0476,0.0107
41.02,28.69,0.0973,0.56,0.0697,0.0254
41.02,28.69,0.067,0.52,0.075,0.0412
41.02,28.69,0.0378,0.41,0.1032,0.2281
41.02,28.69,0.028,0.38,0.0983,0.0824
41.02,28.72,0.0321,0.38,0.1059,0.0258
41.02,28.72,0.0517,0.45,0.0999,0.0655
41.02,28.72,0.0646,0.41,0.1079,0.0892
41.02,28.72,0.0909,0.45,0.1096,0.1099
41.02,28.72,0.1096,0.48,0.1087,0.0444
41.02,28.72,0.1397,0.58,0.0686,0.0308
41.02,28.72,0.1521,0.65,0.0361,0.0118
41.02,28.72,0.1249,0.59,0.0476,0.0107
41.02,28.72,0.0973,0.56,0.0697,0.0254
41.02,28.72,0.067,0.52,0.075,0.0412
41.02,28.72,0.0378,0.41,0.1032,0.2281
41.02,28.72,0.028,0.38,0.0983,0.0824
41.02,28.75,0.0321,0.38,0.1059,0.0258
41.02,28.75,0.0517,0.45,0.0999,0.0655
41.02,28.75,0.0646,0.41,0.1079,0.0892
41.02,28.75,0.0909,0.45,0.1096,0.1099
41.02,28.75,0.1096,0.48,0.1087,0.0444
41.02,28.75,0.1397,0.58,0.0686,0.0308
41.02,28.75,0.1521,0.65,0.0361,0.0118
41.02,28.75,0.1249,0.59,0.0476,0.0107
41.02,28.75,0.0973,0.56,0.0697,0.0254
41.02,28.75,0.067,0.52,0.075,0.0412
41.02,28.75,0.0378,0.41,0.1032,0.2281
41.02,28.75,0.028,0.38,0.0983,0.0824
41.02,28.78,0.0321,0.38,0.1059,0.0258
41.02,28.78,0.0517,0.45,0.0999,0.0655
41.02,28.78,0.0646,0.41,0.1079,0.0892
41.02,28.78,0.0909,0.45,0.1096,0.1099
41.02,28.78,0.1096,0.48,0.1087,0.0444
41.02,28.78,0.1397,0.58,0.0686,0.0308
41.02,28.78,0.1521,0.65,0.0361,0.0118
41.02,28.78,0.1249,0.59,0.0476,0.0107
41.02,28.78,0.0973,0.56,0.0697,0.0254
41.02,28.78,0.067,0.52,0.075,0.0412
41.02,28.78,0.0378,0.41,0.1032,0.2281
41.02,28.78,0.028,0.38,0.0983,0.0824
41.02,28.81,0.0321,0.38,0.1059,0.0258
41.02,28.81,0.0517,0.45,0.0999,0.0655
41.02,28.81,0.0646,0.41,0.1079,0.0892
41.02,28.81,0.0909,0.45,0.1096,0.1099
41.02,28.81,0.1096,0.48,0.1087,0.0444
41.02,28.81,0.1397,0.58,0.0686,0.0308
41.02,28.81,0.1521,0.65,0.0361,0.0118
41.02,28.81,0.1249,0.59,0.0476,0.0107
41.02,28.81,0.0973,0.56,0.0697,0.0254
41.02,28.81,0.067,0.52,0.075,0.0412
41.02,28.81,0.0378,0.41,0.1032,0.2281
41.02,28.81,0.028,0.38,0.0983,0.0824
41.02,28.84,0.0321,0.38,0.1059,0.0258
41.02,28.84,0.0517,0.45,0.0999,0.0655
41.02,28.84,0.0646,0.41,0.1079,0.0892
41.02,28.84,0.0909,0.45,0.1096,0.1099
41.02,28.84,0.1096,0.48,0.1087,0.0444
41.02,28.84,0.1397,0.58,0.0686,0.0308
41.02,28.84,0.1521,0.65,0.0361,0.0118
41.02,28.84,0.1249,0.59,0.0476,0.0107
41.02,28.84,0.0973,0.56,0.0697,0.0254
41.02,28.84,0.067,0.52,0.075,0.0412
41.02,28.84,0.0378,0.41,0.1032,0.2281
41.02,28.84,0.028,0.38,0.0983,0.0824
41.02,28.87,0.0321,0.38,0.1059,0.0258
41.02,28.87,0.0517,0.45,0.0999,0.0655
41.02,28.87,0.0646,0.41,0.1079,0.0892
41.02,28.87,0.0909,0.45,0.1096,0.1099
41.02,28.87,0.1096,0.48,0.1087,0.0444
41.02,28.87,0.1397,0.58,0.0686,0.0308
41.02,28.87,0.1521,0.65,0.0361,0.0118
41.02,28.87,0.1249,0.59,0.0476,0.0107
41.02,28.87,0.0973,0.56,0.0697,0.0254
41.02,28.87,0.067,0.52,0.075,0.0412
41.02,28.87,0.0378,0.41,0.1032,0.2281
41.02,28.87,0.028,0.38,0.0983,0.0824
41.02,28.9,0.0321,0.38,0.1059,0.0258
41.02,28.9,0.0517,0.45,0.0999,0.0655
41.02,28.9,0.0646,0.41,0.1079,0.0892
41.02,28.9,0.0909,0.45,0.1096,0.1099
41.02,28.9,0.1096,0.48,0.1087,0.0444
41.02,28.9,0.1397,0.58,0.0686,0.0308
41.02,28.9,0.1521,0.65,0.0361,0.0118
41.02,28.9,0.1249,0.59,0.0476,0.0107
41.02,28.9,0.0973,0.56,0.0697,0.0254
41.02,28.9,0.067,0.52,0.075,0.0412
41.02,28.9,0.0378,0.41,0.1032,0.2281
41.02,28.9,0.028,0.38,0.0983,0.0824
41.02,28.93,0.0321,0.38,0.1059,0.0258
41.02,28.93,0.0517,0.45,0.0999,0.0655
41.02,28.93,0.0646,0.41,0.1079,0.0892
41.02,28.93,0.0909,0.45,0.1096,0.1099
41.02,28.93,0.1096,0.48,0.1087,0.0444
41.02,28.93,0.1397,0.58,0.0686,0.0308
41.02,28.93,0.1521,0.65,0.0361,0.0118
41.02,28.93,0.1249,0.59,0.0476,0.0107
41.02,28.93,0.0973,0.56,0.0697,0.0254
41.02,28.93,0.067,0.52,0.075,0.0412
41.02,28.93,0.0378,0.41,0.1032,0.2281
41.02,28.93,0.028,0.38,0.0983,0.0824
41.02,28.96,0.0321,0.38,0.1059,0.0258
41.02,28.96,0.0517,0.45,0.0999,0.0655
41.02,28.96,0.0646,0.41,0.1079,0.0892
41.02,28.96,0.0909,0.45,0.1096,0.1099
41.02,28.96,0.1096,0.48,0.1087,0.0444
41.02,28.96,0.1397,0.58,0.0686,0.0308
41.02,28.96,0.1521,0.65,0.0361,0.0118
41.02,28.96,0.1249,0.59,0.0476,0.0107
41.02,28.96,0.0973,0.56,0.0697,0.0254
41.02,28.96,0.067,0.52,0.075,0.0412
41.02,28.96,0.0378,0.41,0.1032,0.2281
41.02,28.96,0.028,0.38,0.0983,0.0824
41.02,29.02,0.0318,0.38,0.1172,0.0258
41.02,29.02,0.0504,0.44,0.1148,0.0655
41.02,29.02,0.0606,0.38,0.1232,0.0892
41.02,29.02,0.0895,0.45,0.1175,0.1099
41.02,29.02,0.1095,0.48,0.115,0.0444
41.02,29.02,0.1392,0.57,0.0768,0.0308
41.02,29.02,0.1488,0.63,0.0435,0.0118
41.02,29.02,0.1279,0.61,0.0503,0.0107
41.02,29.02,0.1032,0.6,0.0847,0.0254
41.02,29.02,0.0669,0.52,0.096,0.0412
41.02,29.02,0.0382,0.42,0.1183,0.2281
41.02,29.02,0.0287,0.38,0.1089,0.0824
41.02,29.05,0.0318,0.38,0.1172,0.0258
41.02,29.05,0.0504,0.44,0.1148,0.0655
41.02,29.05,0.0606,0.38,0.1232,0.0892
41.02,29.05,0.0895,0.45,0.1175,0.1099
41.02,29.05,0.1095,0.48,0.115,0.0444
41.02,29.05,0.1392,0.57,0.0768,0.0308
41.02,29.05,0.1488,0.63,0.0435,0.0118
41.02,29.05,0.1279,0.61,0.0503,0.0107
41.02,29.05,0.1032,0.6,0.0847,0.0254
41.02,29.05,0.0669,0.52,0.096,0.0412
41.02,29.05,0.0382,0.42,0.1183,0.2281
41.02,29.05,0.0287,0.38,0.1089,0.0824
41.02,29.08,0.0318,0.38,0.1172,0.0258
41.02,29.08,0.0504,0.44,0.1148,0.0906
41.02,29.08,0.0606,0.38,0.1232,0.1031
41.02,29.08,0.0895,0.45,0.1175,0.1085
41.02,29.08,0.1095,0.48,0.115,0.0483
41.02,29.08,0.1392,0.57,0.0768,0.0559
41.02,29.08,0.1488,0.63,0.0435,0.0283
41.02,29.08,0.1279,0.61,0.0503,0.0183
41.02,29.08,0.1032,0.6,0.0847,0.0319
41.02,29.08,0.0669,0.52,0.096,0.0655
41.02,29.08,0.0382,0.42,0.1183,0.2496
41.02,29.08,0.0287,0.38,0.1089,0.0877
41.02,29.11,0.0318,0.38,0.1172,0.0258
41.02,29.11,0.0504,0.44,0.1148,0.0906
41.02,29.11,0.0606,0.38,0.1232,0.1031
41.02,29.11,0.0895,0.45,0.1175,0.1085
41.02,29.11,0.1095,0.48,0.115,0.0483
41.02,29.11,0.1392,0.57,0.0768,0.0559
41.02,29.11,0.1488,0.63,0.0435,0.0283
41.02,29.11,0.1279,0.61,0.0503,0.0183
41.02,29.11,0.1032,0.6,0.0847,0.0319
41.02,29.11,0.0669,0.52,0.096,0.0655
41.02,29.11,0.0382,0.42,0.1183,0.2496
41.02,29.11,0.0287,0.38,0.1089,0.0877
41.02,29.14,0.0318,0.38,0.1172,0.0258
41.02,29.14,0.0504,0.44,0.1148,0.0906
41.02,29.14,0.0606,0.38,0.1232,0.1031
41.02,29.14,0.0895,0.45,0.1175,0.1085
41.02,29.14,0.1095,0.48,0.115,0.0483
41.02,29.14,0.1392,0.57,0.0768,0.0559
41.02,29.14,0.1488,0.63,0.0435,0.0283
41.02,29.14,0.1279,0.61,0.0503,0.0183
41.02,29.14,0.1032,0.6,0.0847,0.0319
41.02,29.14,0.0669,0.52,0.096,0.0655
41.02,29.14,0.0382,0.42,0.1183,0.2496
41.02,29.14,0.0287,0.38,0.1089,0.0877
41.02,29.17,0.0318,0.38,0.1172,0.0258
41.02,29.17,0.0504,0.44,0.1148,0.0906
41.02,29.17,0.0606,0.38,0.1232,0.1031
41.02,29.17,0.0895,0.45,0.1175,0.1085
41.02,29.17,0.1095,0.48,0.115,0.0483
41.02,29.17,0.1392,0.57,0.0768,0.0559
41.02,29.17,0.1488,0.63,0.0435,0.0283
41.02,29.17,0.1279,0.61,0.0503,0.0183
41.02,29.17,0.1032,0.6,0.0847,0.0319
41.02,29.17,0.0669,0.52,0.096,0.0655
41.02,29.17,0.0382,0.42,0.1183,0.2496
41.02,29.17,0.0287,0.38,0.1089,0.0877
41.02,29.2,0.0318,0.38,0.1172,0.0258
41.02,29.2,0.0504,0.44,0.1148,0.0906
41.02,29.2,0.0606,0.38,0.1232,0.1031
41.02,29.2,0.0895,0.45,0.1175,0.1085
41.02,29.2,0.1095,0.48,0.115,0.0483
41.02,29.2,0.1392,0.57,0.0768,0.0559
41.02,29.2,0.1488,0.63,0.0435,0.0283
41.02,29.2,0.1279,0.61,0.0503,0.0183
41.02,29.2,0.1032,0.6,0.0847,0.0319
41.02,29.2,0.0669,0.52,0.096,0.0655
41.02,29.2,0.0382,0.42,0.1183,0.2496
41.02,29.2,0.0287,0.38,0.1089,0.0877
41.02,29.23,0.0318,0.38,0.1172,0.0258
41.02,29.23,0.0504,0.44,0.1148,0.0906
41.02,29.23,0.0606,0.38,0.1232,0.1031
41.02,29.23,0.0895,0.45,0.1175,0.1085
41.02,29.23,0.1095,0.48,0.115,0.0483
41.02,29.23,0.1392,0.57,0.0768,0.0559
41.02,29.23,0.1488,0.63,0.0435,0.0283
41.02,29.23,0.1279,0.61,0.0503,0.0183
41.02,29.23,0.1032,0.6,0.0847,0.0319
41.02,29.23,0.0669,0.52,0.096,0.0655
41.02,29.23,0.0382,0.42,0.1183,0.2496
41.02,29.23,0.0287,0.38,0.1089,0.0877
41.02,29.26,0.0318,0.38,0.1172,0.0258
41.02,29.26,0.0504,0.44,0.1148,0.0906
41.02,29.26,0.0606,0.38,0.1232,0.1031
41.02,29.26,0.0895,0.45,0.1175,0.1085
41.02,29.26,0.1095,0.48,0.115,0.0483
41.02,29.26,0.1392,0.57,0.0768,0.0559
41.02,29.26,0.1488,0.63,0.0435,0.0283
41.02,29.26,0.1279,0.61,0.0503,0.0183
41.02,29.26,0.1032,0.6,0.0847,0.0319
41.02,29.26,0.0669,0.52,0.096,0.0655
41.02,29.26,0.0382,0.42,0.1183,0.2496
41.02,29.26,0.0287,0.38,0.1089,0.0877
41.02,29.29,0.0318,0.38,0.1172,0.0258
41.02,29.29,0.0504,0.44,0.1148,0.0906
41.02,29.29,0.0606,0.38,0.1232,0.1031
41.02,29.29,0.0895,0.45,0.1175,0.1085
41.02,29.29,0.1095,0.48,0.115,0.0483
41.02,29.29,0.1392,0.57,0.0768,0.0559
41.02,29.29,0.1488,0.63,0.0435,0.0283
41.02,29.29,0.1279,0.61,0.0503,0.0183
41.02,29.29,0.1032,0.6,0.0847,0.0319
41.02,29.29,0.0669,0.52,0.096,0.0655
41.02,29.29,0.0382,0.42,0.1183,0.2496
41.02,29.29,0.0287,0.38,0.1089,0.0877
41.02,29.32,0.0318,0.38,0.1172,0.0258
41.02,29.32,0.0504,0.44,0.1148,0.0906
41.02,29.32,0.0606,0.38,0.1232,0.1031
41.02,29.32,0.0895,0.45,0.1175,0.1085
41.02,29.32,0.1095,0.48,0.115,0.0483
41.02,29.32,0.1392,0.57,0.0768,0.0559
41.02,29.32,0.1488,0.63,0.0435,0.0283
41.02,29.32,0.1279,0.61,0.0503,0.0183
41.02,29.32,0.1032,0.6,0.0847,0.0319
41.02,29.32,0.0669,0.52,0.096,0.0655
41.02,29.32,0.0382,0.42,0.1183,0.2496
41.02,29.32,0.0287,0.38,0.1089,0.0877
41.02,29.35,0.0318,0.38,0.1172,0.0258
41.02,29.35,0.0504,0.44,0.1148,0.0906
41.02,29.35,0.0606,0.38,0.1232,0.1031
41.02,29.35,0.0895,0.45,0.1175,0.1085
41.02,29.35,0.1095,0.48,0.115,0.0483
41.02,29.35,0.1392,0.57,0.0768,0.0559
41.02,29.35,0.1488,0.63,0.0435,0.0283
41.02,29.35,0.1279,0.61,0.0503,0.0183
41.02,29.35,0.1032,0.6,0.0847,0.0319
41.02,29.35,0.0669,0.52,0.096,0.0655
41.02,29.35,0.0382,0.42,0.1183,0.2496
41.02,29.35,0.0287,0.38,0.1089,0.0877
41.02,29.38,0.0318,0.38,0.1172,0.0258
41.02,29.38,0.0504,0.44,0.1148,0.0906
41.02,29.38,0.0606,0.38,0.1232,0.1031
41.02,29.38,0.0895,0.45,0.1175,0.1085
41.02,29.38,0.1095,0.48,0.115,0.0483
41.02,29.38,0.1392,0.57,0.0768,0.0559
41.02,29.38,0.1488,0.63,0.0435,0.0283
41.02,29.38,0.1279,0.61,0.0503,0.0183
41.02,29.38,0.1032,0.6,0.0847,0.0319
41.02,29.38,0.0669,0.52,0.096,0.0655
41.02,29.38,0.0382,0.42,0.1183,0.2496
41.02,29.38,0.0287,0.38,0.1089,0.0877
41.02,29.41,0.0318,0.38,0.1172,0.0258
41.02,29.41,0.0504,0.44,0.1148,0.0906
41.02,29.41,0.0606,0.38,0.1232,0.1031
41.02,29.41,0.0895,0.45,0.1175,0.1085
41.02,29.41,0.1095,0.48,0.115,0.0483
41.02,29.41,0.1392,0.57,0.0768,0.0559
41.02,29.41,0.1488,0.63,0.0435,0.0283
41.02,29.41,0.1279,0.61,0.0503,0.0183
41.02,29.41,0.1032,0.6,0.0847,0.0319
41.02,29.41,0.0669,0.52,0.096,0.0655
41.02,29.41,0.0382,0.42,0.1183,0.2496
41.02,29.41,0.0287,0.38,0.1089,0.0877
41.02,29.44,0.0318,0.38,0.1172,0.0258
41.02,29.44,0.0504,0.44,0.1148,0.0906
41.02,29.44,0.0606,0.38,0.1232,0.1031
41.02,29.44,0.0895,0.45,0.1175,0.1085
41.02,29.44,0.1095,0.48,0.115,0.0483
41.02,29.44,0.1392,0.57,0.0768,0.0559
41.02,29.44,0.1488,0.63,0.0435,0.0283
41.02,29.44,0.1279,0.61,0.0503,0.0183
41.02,29.44,0.1032,0.6,0.0847,0.0319
41.02,29.44,0.0669,0.52,0.096,0.0655
41.02,29.44,0.0382,0.42,0.1183,0.2496
41.02,29.44,0.0287,0.38,0.1089,0.0877
41.02,29.47,0.0318,0.38,0.1172,0.0258
41.02,29.47,0.0504,0.44,0.1148,0.0906
41.02,29.47,0.0606,0.38,0.1232,0.1031
41.02,29.47,0.0895,0.45,0.1175,0.1085
41.02,29.47,0.1095,0.48,0.115,0.0483
41.02,29.47,0.1392,0.57,0.0768,0.0559
41.02,29.47,0.1488,0.63,0.0435,0.0283
41.02,29.47,0.1279,0.61,0.0503,0.0183
41.02,29.47,0.1032,0.6,0.0847,0.0319
41.02,29.47,0.0669,0.52,0.096,0.0655
41.02,29.47,0.0382,0.42,0.1183,0.2496
41.02,29.47,0.0287,0.38,0.1089,0.0877
41.02,29.5,0.0318,0.38,0.1172,0.0258
41.02,29.5,0.0504,0.44,0.1148,0.0906
41.02,29.5,0.0606,0.38,0.1232,0.1031
41.02,29.5,0.0895,0.45,0.1175,0.1085
41.02,29.5,0.1095,0.48,0.115,0.0483
41.02,29.5,0.1392,0.57,0.0768,0.0559
41.02,29.5,0.1488,0.63,0.0435,0.0283
41.02,29.5,0.1279,0.61,0.0503,0.0183
41.02,29.5,0.1032,0.6,0.0847,0.0319
41.02,29.5,0.0669,0.52,0.096,0.0655
41.02,29.5,0.0382,0.42,0.1183,0.2496
41.02,29.5,0.0287,0.38,0.1089,0.0877
41.02,29.62,0.0318,0.38,0.1172,0.0258
41.02,29.62,0.0504,0.44,0.1148,0.0906
41.02,29.62,0.0606,0.38,0.1232,0.1031
41.02,29.62,0.0895,0.45,0.1175,0.1085
41.02,29.62,0.1095,0.48,0.115,0.0483
41.02,29.62,0.1392,0.57,0.0768,0.0559
41.02,29.62,0.1488,0.63,0.0435,0.0283
41.02,29.62,0.1279,0.61,0.0503,0.0183
41.02,29.62,0.1032,0.6,0.0847,0.0319
41.02,29.62,0.0669,0.52,0.096,0.0655
41.02,29.62,0.0382,0.42,0.1183,0.2496
41.02,29.62,0.0287,0.38,0.1089,0.0877
41.02,29.65,0.0318,0.38,0.1172,0.0258
41.02,29.65,0.0504,0.44,0.1148,0.0906
41.02,29.65,0.0606,0.38,0.1232,0.1031
41.02,29.65,0.0895,0.45,0.1175,0.1085
41.02,29.65,0.1095,0.48,0.115,0.0483
41.02,29.65,0.1392,0.57,0.0768,0.0559
41.02,29.65,0.1488,0.63,0.0435,0.0283
41.02,29.65,0.1279,0.61,0.0503,0.0183
41.02,29.65,0.1032,0.6,0.0847,0.0319
41.02,29.65,0.0669,0.52,0.096,0.0655
41.02,29.65,0.0382,0.42,0.1183,0.2496
41.02,29.65,0.0287,0.38,0.1089,0.0877
41.02,29.68,0.0318,0.38,0.1172,0.0258
41.02,29.68,0.0504,0.44,0.1148,0.0906
41.02,29.68,0.0606,0.38,0.1232,0.1031
41.02,29.68,0.0895,0.45,0.1175,0.1085
41.02,29.68,0.1095,0.48,0.115,0.0483
41.02,29.68,0.1392,0.57,0.0768,0.0559
41.02,29.68,0.1488,0.63,0.0435,0.0283
41.02,29.68,0.1279,0.61,0.0503,0.0183
41.02,29.68,0.1032,0.6,0.0847,0.0319
41.02,29.68,0.0669,0.52,0.096,0.0655
41.02,29.68,0.0382,0.42,0.1183,0.2496
41.02,29.68,0.0287,0.38,0.1089,0.0877
41.02,29.83,0.0318,0.38,0.1172,0.029
41.02,29.83,0.0504,0.44,0.1148,0.1117
41.02,29.83,0.0606,0.38,0.1232,0.1275
41.02,29.83,0.0895,0.45,0.1175,0.1128
41.02,29.83,0.1095,0.48,0.115,0.0663
41.02,29.83,0.1392,0.57,0.0768,0.1411
41.02,29.83,0.1488,0.63,0.0435,0.077
41.02,29.83,0.1279,0.61,0.0503,0.0294
41.02,29.83,0.1032,0.6,0.0847,0.034
41.02,29.83,0.0669,0.52,0.096,0.0935
41.02,29.83,0.0382,0.42,0.1183,0.2478
41.02,29.83,0.0287,0.38,0.1089,0.1028
41.04,28.03,0.0321,0.38,0.1059,0.0312
41.04,28.03,0.0517,0.45,0.0999,0.0498
41.04,28.03,0.0646,0.41,0.1079,0.0852
41.04,28.03,0.0909,0.45,0.1096,0.1114
41.04,28.03,0.1096,0.48,0.1087,0.0423
41.04,28.03,0.1397,0.58,0.0686,0.0329
41.04,28.03,0.1521,0.65,0.0361,0.0097
41.04,28.03,0.1249,0.59,0.0476,0.0075
41.04,28.03,0.0973,0.56,0.0697,0.0344
41.04,28.03,0.067,0.52,0.075,0.0254
41.04,28.03,0.0378,0.41,0.1032,0.2367
41.04,28.03,0.028,0.38,0.0983,0.0938
41.04,28.42,0.0321,0.38,0.1059,0.0312
41.04,28.42,0.0517,0.45,0.0999,0.0498
41.04,28.42,0.0646,0.41,0.1079,0.0852
41.04,28.42,0.0909,0.45,0.1096,0.1114
41.04,28.42,0.1096,0.48,0.1087,0.0423
41.04,28.42,0.1397,0.58,0.0686,0.0329
41.04,28.42,0.1521,0.65,0.0361,0.0097
41.04,28.42,0.1249,0.59,0.0476,0.0075
41.04,28.42,0.0973,0.56,0.0697,0.0344
41.04,28.42,0.067,0.52,0.075,0.0254
41.04,28.42,0.0378,0.41,0.1032,0.2367
41.04,28.42,0.028,0.38,0.0983,0.0938
41.04,28.45,0.0321,0.38,0.1059,0.0258
41.04,28.45,0.0517,0.45,0.0999,0.0655
41.04,28.45,0.0646,0.41,0.1079,0.0892
41.04,28.45,0.0909,0.45,0.1096,0.1099
41.04,28.45,0.1096,0.48,0.1087,0.0444
41.04,28.45,0.1397,0.58,0.0686,0.0308
41.04,28.45,0.1521,0.65,0.0361,0.0118
41.04,28.45,0.1249,0.59,0.0476,0.0107
41.04,28.45,0.0973,0.56,0.0697,0.0254
41.04,28.45,0.067,0.52,0.075,0.0412
41.04,28.45,0.0378,0.41,0.1032,0.2281
41.04,28.45,0.028,0.38,0.0983,0.0824
41.04,28.48,0.0321,0.38,0.1059,0.0258
41.04,28.48,0.0517,0.45,0.0999,0.0655
41.04,28.48,0.0646,0.41,0.1079,0.0892
41.04,28.48,0.0909,0.45,0.1096,0.1099
41.04,28.48,0.1096,0.48,0.1087,0.0444
41.04,28.48,0.1397,0.58,0.0686,0.0308
41.04,28.48,0.1521,0.65,0.0361,0.0118
41.04,28.48,0.1249,0.59,0.0476,0.0107
41.04,28.48,0.0973,0.56,0.0697,0.0254
41.04,28.48,0.067,0.52,0.075,0.0412
41.04,28.48,0.0378,0.41,0.1032,0.2281
41.04,28.48,0.028,0.38,0.0983,0.0824
41.04,28.51,0.0321,0.38,0.1059,0.0258
41.04,28.51,0.0517,0.45,0.0999,0.0655
41.04,28.51,0.0646,0.41,0.1079,0.0892
41.04,28.51,0.0909,0.45,0.1096,0.1099
41.04,28.51,0.1096,0.48,0.1087,0.0444
41.04,28.51,0.1397,0.58,0.0686,0.0308
41.04,28.51,0.1521,0.65,0.0361,0.0118
41.04,28.51,0.1249,0.59,0.0476,0.0107
41.04,28.51,0.0973,0.56,0.0697,0.0254
41.04,28.51,0.067,0.52,0.075,0.0412
41.04,28.51,0.0378,0.41,0.1032,0.2281
41.04,28.51,0.028,0.38,0.0983,0.0824
41.04,28.54,0.0321,0.38,0.1059,0.0258
41.04,28.54,0.0517,0.45,0.0999,0.0655
41.04,28.54,0.0646,0.41,0.1079,0.0892
41.04,28.54,0.0909,0.45,0.1096,0.1099
41.04,28.54,0.1096,0.48,0.1087,0.0444
41.04,28.54,0.1397,0.58,0.0686,0.0308
41.04,28.54,0.1521,0.65,0.0361,0.0118
41.04,28.54,0.1249,0.59,0.0476,0.0107
41.04,28.54,0.0973,0.56,0.0697,0.0254
41.04,28.54,0.067,0.52,0.075,0.0412
41.04,28.54,0.0378,0.41,0.1032,0.2281
41.04,28.54,0.028,0.38,0.0983,0.0824
41.04,28.6,0.0321,0.38,0.1059,0.0258
41.04,28.6,0.0517,0.45,0.0999,0.0655
41.04,28.6,0.0646,0.41,0.1079,0.0892
41.04,28.6,0.0909,0.45,0.1096,0.1099
41.04,28.6,0.1096,0.48,0.1087,0.0444
41.04,28.6,0.1397,0.58,0.0686,0.0308
41.04,28.6,0.1521,0.65,0.0361,0.0118
41.04,28.6,0.1249,0.59,0.0476,0.0107
41.04,28.6,0.0973,0.56,0.0697,0.0254
41.04,28.6,0.067,0.52,0.075,0.0412
41.04,28.6,0.0378,0.41,0.1032,0.2281
41.04,28.6,0.028,0.38,0.0983,0.0824
41.04,28.63,0.0321,0.38,0.1059,0.0258
41.04,28.63,0.0517,0.45,0.0999,0.0655
41.04,28.63,0.0646,0.41,0.1079,0.0892
41.04,28.63,0.0909,0.45,0.1096,0.1099
41.04,28.63,0.1096,0.48,0.1087,0.0444
41.04,28.63,0.1397,0.58,0.0686,0.0308
41.04,28.63,0.1521,0.65,0.0361,0.0118
41.04,28.63,0.1249,0.59,0.0476,0.0107
41.04,28.63,0.0973,0.56,0.0697,0.0254
41.04,28.63,0.067,0.52,0.075,0.0412
41.04,28.63,0.0378,0.41,0.1032,0.2281
41.04,28.63,0.028,0.38,0.0983,0.0824
41.04,28.66,0.0321,0.38,0.1059,0.0258
41.04,28.66,0.0517,0.45,0.0999,0.0655
41.04,28.66,0.0646,0.41,0.1079,0.0892
41.04,28.66,0.0909,0.45,0.1096,0.1099
41.04,28.66,0.1096,0.48,0.1087,0.0444
41.04,28.66,0.1397,0.58,0.0686,0.0308
41.04,28.66,0.1521,0.65,0.0361,0.0118
41.04,28.66,0.1249,0.59,0.0476,0.0107
41.04,28.66,0.0973,0.56,0.0697,0.0254
41.04,28.66,0.067,0.52,0.075,0.0412
41.04,28.66,0.0378,0.41,0.1032,0.2281
41.04,28.66,0.028,0.38,0.0983,0.0824
41.04,28.69,0.0321,0.38,0.1059,0.0258
41.04,28.69,0.0517,0.45,0.0999,0.0655
41.04,28.69,0.0646,0.41,0.1079,0.0892
41.04,28.69,0.0909,0.45,0.1096,0.1099
41.04,28.69,0.1096,0.48,0.1087,0.0444
41.04,28.69,0.1397,0.58,0.0686,0.0308
41.04,28.69,0.1521,0.65,0.0361,0.0118
41.04,28.69,0.1249,0.59,0.0476,0.0107
41.04,28.69,0.0973,0.56,0.0697,0.0254
41.04,28.69,0.067,0.52,0.075,0.0412
41.04,28.69,0.0378,0.41,0.1032,0.2281
41.04,28.69,0.028,0.38,0.0983,0.0824
41.04,28.72,0.0321,0.38,0.1059,0.0258
41.04,28.72,0.0517,0.45,0.0999,0.0655
41.04,28.72,0.0646,0.41,0.1079,0.0892
41.04,28.72,0.0909,0.45,0.1096,0.1099
41.04,28.72,0.1096,0.48,0.1087,0.0444
41.04,28.72,0.1397,0.58,0.0686,0.0308
41.04,28.72,0.1521,0.65,0.0361,0.0118
41.04,28.72,0.1249,0.59,0.0476,0.0107
41.04,28.72,0.0973,0.56,0.0697,0.0254
41.04,28.72,0.067,0.52,0.075,0.0412
41.04,28.72,0.0378,0.41,0.1032,0.2281
41.04,28.72,0.028,0.38,0.0983,0.0824
41.04,28.75,0.0321,0.38,0.1059,0.0258
41.04,28.75,0.0517,0.45,0.0999,0.0655
41.04,28.75,0.0646,0.41,0.1079,0.0892
41.04,28.75,0.0909,0.45,0.1096,0.1099
41.04,28.75,0.1096,0.48,0.1087,0.0444
41.04,28.75,0.1397,0.58,0.0686,0.0308
41.04,28.75,0.1521,0.65,0.0361,0.0118
41.04,28.75,0.1249,0.59,0.0476,0.0107
41.04,28.75,0.0973,0.56,0.0697,0.0254
41.04,28.75,0.067,0.52,0.075,0.0412
41.04,28.75,0.0378,0.41,0.1032,0.2281
41.04,28.75,0.028,0.38,0.0983,0.0824
41.04,28.78,0.0321,0.38,0.1059,0.0258
41.04,28.78,0.0517,0.45,0.0999,0.0655
41.04,28.78,0.0646,0.41,0.1079,0.0892
41.04,28.78,0.0909,0.45,0.1096,0.1099
41.04,28.78,0.1096,0.48,0.1087,0.0444
41.04,28.78,0.1397,0.58,0.0686,0.0308
41.04,28.78,0.1521,0.65,0.0361,0.0118
41.04,28.78,0.1249,0.59,0.0476,0.0107
41.04,28.78,0.0973,0.56,0.0697,0.0254
41.04,28.78,0.067,0.52,0.075,0.0412
41.04,28.78,0.0378,0.41,0.1032,0.2281
41.04,28.78,0.028,0.38,0.0983,0.0824
41.04,28.81,0.0321,0.38,0.1059,0.0258
41.04,28.81,0.0517,0.45,0.0999,0.0655
41.04,28.81,0.0646,0.41,0.1079,0.0892
41.04,28.81,0.0909,0.45,0.1096,0.1099
41.04,28.81,0.1096,0.48,0.1087,0.0444
41.04,28.81,0.1397,0.58,0.0686,0.0308
41.04,28.81,0.1521,0.65,0.0361,0.0118
41.04,28.81,0.1249,0.59,0.0476,0.0107
41.04,28.81,0.0973,0.56,0.0697,0.0254
41.04,28.81,0.067,0.52,0.075,0.0412
41.04,28.81,0.0378,0.41,0.1032,0.2281
41.04,28.81,0.028,0.38,0.0983,0.0824
41.04,28.84,0.0321,0.38,0.1059,0.0258
41.04,28.84,0.0517,0.45,0.0999,0.0655
41.04,28.84,0.0646,0.41,0.1079,0.0892
41.04,28.84,0.0909,0.45,0.1096,0.1099
41.04,28.84,0.1096,0.48,0.1087,0.0444
41.04,28.84,0.1397,0.58,0.0686,0.0308
41.04,28.84,0.1521,0.65,0.0361,0.0118
41.04,28.84,0.1249,0.59,0.0476,0.0107
41.04,28.84,0.0973,0.56,0.0697,0.0254
41.04,28.84,0.067,0.52,0.075,0.0412
41.04,28.84,0.0378,0.41,0.1032,0.2281
41.04,28.84,0.028,0.38,0.0983,0.0824
41.04,28.87,0.0321,0.38,0.1059,0.0258
41.04,28.87,0.0517,0.45,0.0999,0.0655
41.04,28.87,0.0646,0.41,0.1079,0.0892
41.04,28.87,0.0909,0.45,0.1096,0.1099
41.04,28.87,0.1096,0.48,0.1087,0.0444
41.04,28.87,0.1397,0.58,0.0686,0.0308
41.04,28.87,0.1521,0.65,0.0361,0.0118
41.04,28.87,0.1249,0.59,0.0476,0.0107
41.04,28.87,0.0973,0.56,0.0697,0.0254
41.04,28.87,0.067,0.52,0.075,0.0412
41.04,28.87,0.0378,0.41,0.1032,0.2281
41.04,28.87,0.028,0.38,0.0983,0.0824
41.04,28.9,0.0321,0.38,0.1059,0.0258
41.04,28.9,0.0517,0.45,0.0999,0.0655
41.04,28.9,0.0646,0.41,0.1079,0.0892
41.04,28.9,0.0909,0.45,0.1096,0.1099
41.04,28.9,0.1096,0.48,0.1087,0.0444
41.04,28.9,0.1397,0.58,0.0686,0.0308
41.04,28.9,0.1521,0.65,0.0361,0.0118
41.04,28.9,0.1249,0.59,0.0476,0.0107
41.04,28.9,0.0973,0.56,0.0697,0.0254
41.04,28.9,0.067,0.52,0.075,0.0412
41.04,28.9,0.0378,0.41,0.1032,0.2281
41.04,28.9,0.028,0.38,0.0983,0.0824
41.04,28.93,0.0321,0.38,0.1059,0.0258
41.04,28.93,0.0517,0.45,0.0999,0.0655
41.04,28.93,0.0646,0.41,0.1079,0.0892
41.04,28.93,0.0909,0.45,0.1096,0.1099
41.04,28.93,0.1096,0.48,0.1087,0.0444
41.04,28.93,0.1397,0.58,0.0686,0.0308
41.04,28.93,0.1521,0.65,0.0361,0.0118
41.04,28.93,0.1249,0.59,0.0476,0.0107
41.04,28.93,0.0973,0.56,0.0697,0.0254
41.04,28.93,0.067,0.52,0.075,0.0412
41.04,28.93,0.0378,0.41,0.1032,0.2281
41.04,28.93,0.028,0.38,0.0983,0.0824
41.04,28.96,0.0321,0.38,0.1059,0.0258
41.04,28.96,0.0517,0.45,0.0999,0.0655
41.04,28.96,0.0646,0.41,0.1079,0.0892
41.04,28.96,0.0909,0.45,0.1096,0.1099
41.04,28.96,0.1096,0.48,0.1087,0.0444
41.04,28.96,0.1397,0.58,0.0686,0.0308
41.04,28.96,0.1521,0.65,0.0361,0.0118
41.04,28.96,0.1249,0.59,0.0476,0.0107
41.04,28.96,0.0973,0.56,0.0697,0.0254
41.04,28.96,0.067,0.52,0.075,0.0412
41.04,28.96,0.0378,0.41,0.1032,0.2281
41.04,28.96,0.028,0.38,0.0983,0.0824
41.04,28.99,0.0321,0.38,0.1059,0.0258
41.04,28.99,0.0517,0.45,0.0999,0.0655
41.04,28.99,0.0646,0.41,0.1079,0.0892
41.04,28.99,0.0909,0.45,0.1096,0.1099
41.04,28.99,0.1096,0.48,0.1087,0.0444
41.04,28.99,0.1397,0.58,0.0686,0.0308
41.04,28.99,0.1521,0.65,0.0361,0.0118
41.04,28.99,0.1249,0.59,0.0476,0.0107
41.04,28.99,0.0973,0.56,0.0697,0.0254
41.04,28.99,0.067,0.52,0.075,0.0412
41.04,28.99,0.0378,0.41,0.1032,0.2281
41.04,28.99,0.028,0.38,0.0983,0.0824
41.04,29.05,0.0318,0.38,0.1172,0.0258
41.04,29.05,0.0504,0.44,0.1148,0.0655
41.04,29.05,0.0606,0.38,0.1232,0.0892
41.04,29.05,0.0895,0.45,0.1175,0.1099
41.04,29.05,0.1095,0.48,0.115,0.0444
41.04,29.05,0.1392,0.57,0.0768,0.0308
41.04,29.05,0.1488,0.63,0.0435,0.0118
41.04,29.05,0.1279,0.61,0.0503,0.0107
41.04,29.05,0.1032,0.6,0.0847,0.0254
41.04,29.05,0.0669,0.52,0.096,0.0412
41.04,29.05,0.0382,0.42,0.1183,0.2281
41.04,29.05,0.0287,0.38,0.1089,0.0824
41.04,29.08,0.0318,0.38,0.1172,0.0258
41.04,29.08,0.0504,0.44,0.1148,0.0906
41.04,29.08,0.0606,0.38,0.1232,0.1031
41.04,29.08,0.0895,0.45,0.1175,0.1085
41.04,29.08,0.1095,0.48,0.115,0.0483
41.04,29.08,0.1392,0.57,0.0768,0.0559
41.04,29.08,0.1488,0.63,0.0435,0.0283
41.04,29.08,0.1279,0.61,0.0503,0.0183
41.04,29.08,0.1032,0.6,0.0847,0.0319
41.04,29.08,0.0669,0.52,0.096,0.0655
41.04,29.08,0.0382,0.42,0.1183,0.2496
41.04,29.08,0.0287,0.38,0.1089,0.0877
41.04,29.11,0.0318,0.38,0.1172,0.0258
41.04,29.11,0.0504,0.44,0.1148,0.0906
41.04,29.11,0.0606,0.38,0.1232,0.1031
41.04,29.11,0.0895,0.45,0.1175,0.1085
41.04,29.11,0.1095,0.48,0.115,0.0483
41.04,29.11,0.1392,0.57,0.0768,0.0559
41.04,29.11,0.1488,0.63,0.0435,0.0283
41.04,29.11,0.1279,0.61,0.0503,0.0183
41.04,29.11,0.1032,0.6,0.0847,0.0319
41.04,29.11,0.0669,0.52,0.096,0.0655
41.04,29.11,0.0382,0.42,0.1183,0.2496
41.04,29.11,0.0287,0.38,0.1089,0.0877
41.04,29.14,0.0318,0.38,0.1172,0.0258
41.04,29.14,0.0504,0.44,0.1148,0.0906
41.04,29.14,0.0606,0.38,0.1232,0.1031
41.04,29.14,0.0895,0.45,0.1175,0.1085
41.04,29.14,0.1095,0.48,0.115,0.0483
41.04,29.14,0.1392,0.57,0.0768,0.0559
41.04,29.14,0.1488,0.63,0.0435,0.0283
41.04,29.14,0.1279,0.61,0.0503,0.0183
41.04,29.14,0.1032,0.6,0.0847,0.0319
41.04,29.14,0.0669,0.52,0.096,0.0655
41.04,29.14,0.0382,0.42,0.1183,0.2496
41.04,29.14,0.0287,0.38,0.1089,0.0877
41.04,29.17,0.0318,0.38,0.1172,0.0258
41.04,29.17,0.0504,0.44,0.1148,0.0906
41.04,29.17,0.0606,0.38,0.1232,0.1031
41.04,29.17,0.0895,0.45,0.1175,0.1085
41.04,29.17,0.1095,0.48,0.115,0.0483
41.04,29.17,0.1392,0.57,0.0768,0.0559
41.04,29.17,0.1488,0.63,0.0435,0.0283
41.04,29.17,0.1279,0.61,0.0503,0.0183
41.04,29.17,0.1032,0.6,0.0847,0.0319
41.04,29.17,0.0669,0.52,0.096,0.0655
41.04,29.17,0.0382,0.42,0.1183,0.2496
41.04,29.17,0.0287,0.38,0.1089,0.0877
41.04,29.2,0.0318,0.38,0.1172,0.0258
41.04,29.2,0.0504,0.44,0.1148,0.0906
41.04,29.2,0.0606,0.38,0.1232,0.1031
41.04,29.2,0.0895,0.45,0.1175,0.1085
41.04,29.2,0.1095,0.48,0.115,0.0483
41.04,29.2,0.1392,0.57,0.0768,0.0559
41.04,29.2,0.1488,0.63,0.0435,0.0283
41.04,29.2,0.1279,0.61,0.0503,0.0183
41.04,29.2,0.1032,0.6,0.0847,0.0319
41.04,29.2,0.0669,0.52,0.096,0.0655
41.04,29.2,0.0382,0.42,0.1183,0.2496
41.04,29.2,0.0287,0.38,0.1089,0.0877
41.04,29.23,0.0318,0.38,0.1172,0.0258
41.04,29.23,0.0504,0.44,0.1148,0.0906
41.04,29.23,0.0606,0.38,0.1232,0.1031
41.04,29.23,0.0895,0.45,0.1175,0.1085
41.04,29.23,0.1095,0.48,0.115,0.0483
41.04,29.23,0.1392,0.57,0.0768,0.0559
41.04,29.23,0.1488,0.63,0.0435,0.0283
41.04,29.23,0.1279,0.61,0.0503,0.0183
41.04,29.23,0.1032,0.6,0.0847,0.0319
41.04,29.23,0.0669,0.52,0.096,0.0655
41.04,29.23,0.0382,0.42,0.1183,0.2496
41.04,29.23,0.0287,0.38,0.1089,0.0877
41.04,29.26,0.0318,0.38,0.1172,0.0258
41.04,29.26,0.0504,0.44,0.1148,0.0906
41.04,29.26,0.0606,0.38,0.1232,0.1031
41.04,29.26,0.0895,0.45,0.1175,0.1085
41.04,29.26,0.1095,0.48,0.115,0.0483
41.04,29.26,0.1392,0.57,0.0768,0.0559
41.04,29.26,0.1488,0.63,0.0435,0.0283
41.04,29.26,0.1279,0.61,0.0503,0.0183
41.04,29.26,0.1032,0.6,0.0847,0.0319
41.04,29.26,0.0669,0.52,0.096,0.0655
41.04,29.26,0.0382,0.42,0.1183,0.2496
41.04,29.26,0.0287,0.38,0.1089,0.0877
41.04,29.29,0.0318,0.38,0.1172,0.0258
41.04,29.29,0.0504,0.44,0.1148,0.0906
41.04,29.29,0.0606,0.38,0.1232,0.1031
41.04,29.29,0.0895,0.45,0.1175,0.1085
41.04,29.29,0.1095,0.48,0.115,0.0483
41.04,29.29,0.1392,0.57,0.0768,0.0559
41.04,29.29,0.1488,0.63,0.0435,0.0283
41.04,29.29,0.1279,0.61,0.0503,0.0183
41.04,29.29,0.1032,0.6,0.0847,0.0319
41.04,29.29,0.0669,0.52,0.096,0.0655
41.04,29.29,0.0382,0.42,0.1183,0.2496
41.04,29.29,0.0287,0.38,0.1089,0.0877
41.04,29.32,0.0318,0.38,0.1172,0.0258
41.04,29.32,0.0504,0.44,0.1148,0.0906
41.04,29.32,0.0606,0.38,0.1232,0.1031
41.04,29.32,0.0895,0.45,0.1175,0.1085
41.04,29.32,0.1095,0.48,0.115,0.0483
41.04,29.32,0.1392,0.57,0.0768,0.0559
41.04,29.32,0.1488,0.63,0.0435,0.0283
41.04,29.32,0.1279,0.61,0.0503,0.0183
41.04,29.32,0.1032,0.6,0.0847,0.0319
41.04,29.32,0.0669,0.52,0.096,0.0655
41.04,29.32,0.0382,0.42,0.1183,0.2496
41.04,29.32,0.0287,0.38,0.1089,0.0877
41.04,29.35,0.0318,0.38,0.1172,0.0258
41.04,29.35,0.0504,0.44,0.1148,0.0906
41.04,29.35,0.0606,0.38,0.1232,0.1031
41.04,29.35,0.0895,0.45,0.1175,0.1085
41.04,29.35,0.1095,0.48,0.115,0.0483
41.04,29.35,0.1392,0.57,0.0768,0.0559
41.04,29.35,0.1488,0.63,0.0435,0.0283
41.04,29.35,0.1279,0.61,0.0503,0.0183
41.04,29.35,0.1032,0.6,0.0847,0.0319
41.04,29.35,0.0669,0.52,0.096,0.0655
41.04,29.35,0.0382,0.42,0.1183,0.2496
41.04,29.35,0.0287,0.38,0.1089,0.0877
41.04,29.38,0.0318,0.38,0.1172,0.0258
41.04,29.38,0.0504,0.44,0.1148,0.0906
41.04,29.38,0.0606,0.38,0.1232,0.1031
41.04,29.38,0.0895,0.45,0.1175,0.1085
41.04,29.38,0.1095,0.48,0.115,0.0483
41.04,29.38,0.1392,0.57,0.0768,0.0559
41.04,29.38,0.1488,0.63,0.0435,0.0283
41.04,29.38,0.1279,0.61,0.0503,0.0183
41.04,29.38,0.1032,0.6,0.0847,0.0319
41.04,29.38,0.0669,0.52,0.096,0.0655
41.04,29.38,0.0382,0.42,0.1183,0.2496
41.04,29.38,0.0287,0.38,0.1089,0.0877
41.04,29.41,0.0318,0.38,0.1172,0.0258
41.04,29.41,0.0504,0.44,0.1148,0.0906
41.04,29.41,0.0606,0.38,0.1232,0.1031
41.04,29.41,0.0895,0.45,0.1175,0.1085
41.04,29.41,0.1095,0.48,0.115,0.0483
41.04,29.41,0.1392,0.57,0.0768,0.0559
41.04,29.41,0.1488,0.63,0.0435,0.0283
41.04,29.41,0.1279,0.61,0.0503,0.0183
41.04,29.41,0.1032,0.6,0.0847,0.0319
41.04,29.41,0.0669,0.52,0.096,0.0655
41.04,29.41,0.0382,0.42,0.1183,0.2496
41.04,29.41,0.0287,0.38,0.1089,0.0877
41.04,29.44,0.0318,0.38,0.1172,0.0258
41.04,29.44,0.0504,0.44,0.1148,0.0906
41.04,29.44,0.0606,0.38,0.1232,0.1031
41.04,29.44,0.0895,0.45,0.1175,0.1085
41.04,29.44,0.1095,0.48,0.115,0.0483
41.04,29.44,0.1392,0.57,0.0768,0.0559
41.04,29.44,0.1488,0.63,0.0435,0.0283
41.04,29.44,0.1279,0.61,0.0503,0.0183
41.04,29.44,0.1032,0.6,0.0847,0.0319
41.04,29.44,0.0669,0.52,0.096,0.0655
41.04,29.44,0.0382,0.42,0.1183,0.2496
41.04,29.44,0.0287,0.38,0.1089,0.0877
41.04,29.47,0.0318,0.38,0.1172,0.0258
41.04,29.47,0.0504,0.44,0.1148,0.0906
41.04,29.47,0.0606,0.38,0.1232,0.1031
41.04,29.47,0.0895,0.45,0.1175,0.1085
41.04,29.47,0.1095,0.48,0.115,0.0483
41.04,29.47,0.1392,0.57,0.0768,0.0559
41.04,29.47,0.1488,0.63,0.0435,0.0283
41.04,29.47,0.1279,0.61,0.0503,0.0183
41.04,29.47,0.1032,0.6,0.0847,0.0319
41.04,29.47,0.0669,0.52,0.096,0.0655
41.04,29.47,0.0382,0.42,0.1183,0.2496
41.04,29.47,0.0287,0.38,0.1089,0.0877
41.04,29.5,0.0318,0.38,0.1172,0.0258
41.04,29.5,0.0504,0.44,0.1148,0.0906
41.04,29.5,0.0606,0.38,0.1232,0.1031
41.04,29.5,0.0895,0.45,0.1175,0.1085
41.04,29.5,0.1095,0.48,0.115,0.0483
41.04,29.5,0.1392,0.57,0.0768,0.0559
41.04,29.5,0.1488,0.63,0.0435,0.0283
41.04,29.5,0.1279,0.61,0.0503,0.0183
41.04,29.5,0.1032,0.6,0.0847,0.0319
41.04,29.5,0.0669,0.52,0.096,0.0655
41.04,29.5,0.0382,0.42,0.1183,0.2496
41.04,29.5,0.0287,0.38,0.1089,0.0877
41.04,29.53,0.0318,0.38,0.1172,0.0258
41.04,29.53,0.0504,0.44,0.1148,0.0906
41.04,29.53,0.0606,0.38,0.1232,0.1031
41.04,29.53,0.0895,0.45,0.1175,0.1085
41.04,29.53,0.1095,0.48,0.115,0.0483
41.04,29.53,0.1392,0.57,0.0768,0.0559
41.04,29.53,0.1488,0.63,0.0435,0.0283
41.04,29.53,0.1279,0.61,0.0503,0.0183
41.04,29.53,0.1032,0.6,0.0847,0.0319
41.04,29.53,0.0669,0.52,0.096,0.0655
41.04,29.53,0.0382,0.42,0.1183,0.2496
41.04,29.53,0.0287,0.38,0.1089,0.0877
41.04,29.56,0.0318,0.38,0.1172,0.0258
41.04,29.56,0.0504,0.44,0.1148,0.0906
41.04,29.56,0.0606,0.38,0.1232,0.1031
41.04,29.56,0.0895,0.45,0.1175,0.1085
41.04,29.56,0.1095,0.48,0.115,0.0483
41.04,29.56,0.1392,0.57,0.0768,0.0559
41.04,29.56,0.1488,0.63,0.0435,0.0283
41.04,29.56,0.1279,0.61,0.0503,0.0183
41.04,29.56,0.1032,0.6,0.0847,0.0319
41.04,29.56,0.0669,0.52,0.096,0.0655
41.04,29.56,0.0382,0.42,0.1183,0.2496
41.04,29.56,0.0287,0.38,0.1089,0.0877
41.04,29.59,0.0318,0.38,0.1172,0.0258
41.04,29.59,0.0504,0.44,0.1148,0.0906
41.04,29.59,0.0606,0.38,0.1232,0.1031
41.04,29.59,0.0895,0.45,0.1175,0.1085
41.04,29.59,0.1095,0.48,0.115,0.0483
41.04,29.59,0.1392,0.57,0.0768,0.0559
41.04,29.59,0.1488,0.63,0.0435,0.0283
41.04,29.59,0.1279,0.61,0.0503,0.0183
41.04,29.59,0.1032,0.6,0.0847,0.0319
41.04,29.59,0.0669,0.52,0.096,0.0655
41.04,29.59,0.0382,0.42,0.1183,0.2496
41.04,29.59,0.0287,0.38,0.1089,0.0877
41.04,29.62,0.0318,0.38,0.1172,0.0258
41.04,29.62,0.0504,0.44,0.1148,0.0906
41.04,29.62,0.0606,0.38,0.1232,0.1031
41.04,29.62,0.0895,0.45,0.1175,0.1085
41.04,29.62,0.1095,0.48,0.115,0.0483
41.04,29.62,0.1392,0.57,0.0768,0.0559
41.04,29.62,0.1488,0.63,0.0435,0.0283
41.04,29.62,0.1279,0.61,0.0503,0.0183
41.04,29.62,0.1032,0.6,0.0847,0.0319
41.04,29.62,0.0669,0.52,0.096,0.0655
41.04,29.62,0.0382,0.42,0.1183,0.2496
41.04,29.62,0.0287,0.38,0.1089,0.0877
41.04,29.65,0.0318,0.38,0.1172,0.0258
41.04,29.65,0.0504,0.44,0.1148,0.0906
41.04,29.65,0.0606,0.38,0.1232,0.1031
41.04,29.65,0.0895,0.45,0.1175,0.1085
41.04,29.65,0.1095,0.48,0.115,0.0483
41.04,29.65,0.1392,0.57,0.0768,0.0559
41.04,29.65,0.1488,0.63,0.0435,0.0283
41.04,29.65,0.1279,0.61,0.0503,0.0183
41.04,29.65,0.1032,0.6,0.0847,0.0319
41.04,29.65,0.0669,0.52,0.096,0.0655
41.04,29.65,0.0382,0.42,0.1183,0.2496
41.04,29.65,0.0287,0.38,0.1089,0.0877
41.04,29.68,0.0318,0.38,0.1172,0.0258
41.04,29.68,0.0504,0.44,0.1148,0.0906
41.04,29.68,0.0606,0.38,0.1232,0.1031
41.04,29.68,0.0895,0.45,0.1175,0.1085
41.04,29.68,0.1095,0.48,0.115,0.0483
41.04,29.68,0.1392,0.57,0.0768,0.0559
41.04,29.68,0.1488,0.63,0.0435,0.0283
41.04,29.68,0.1279,0.61,0.0503,0.0183
41.04,29.68,0.1032,0.6,0.0847,0.0319
41.04,29.68,0.0669,0.52,0.096,0.0655
41.04,29.68,0.0382,0.42,0.1183,0.2496
41.04,29.68,0.0287,0.38,0.1089,0.0877
41.04,29.71,0.0318,0.38,0.1172,0.029
41.04,29.71,0.0504,0.44,0.1148,0.1117
41.04,29.71,0.0606,0.38,0.1232,0.1275
41.04,29.71,0.0895,0.45,0.1175,0.1128
41.04,29.71,0.1095,0.48,0.115,0.0663
41.04,29.71,0.1392,0.57,0.0768,0.1411
41.04,29.71,0.1488,0.63,0.0435,0.077
41.04,29.71,0.1279,0.61,0.0503,0.0294
41.04,29.71,0.1032,0.6,0.0847,0.034
41.04,29.71,0.0669,0.52,0.096,0.0935
41.04,29.71,0.0382,0.42,0.1183,0.2478
41.04,29.71,0.0287,0.38,0.1089,0.1028
41.04,29.74,0.0318,0.38,0.1172,0.029
41.04,29.74,0.0504,0.44,0.1148,0.1117
41.04,29.74,0.0606,0.38,0.1232,0.1275
41.04,29.74,0.0895,0.45,0.1175,0.1128
41.04,29.74,0.1095,0.48,0.115,0.0663
41.04,29.74,0.1392,0.57,0.0768,0.1411
41.04,29.74,0.1488,0.63,0.0435,0.077
41.04,29.74,0.1279,0.61,0.0503,0.0294
41.04,29.74,0.1032,0.6,0.0847,0.034
41.04,29.74,0.0669,0.52,0.096,0.0935
41.04,29.74,0.0382,0.42,0.1183,0.2478
41.04,29.74,0.0287,0.38,0.1089,0.1028
41.04,29.77,0.0318,0.38,0.1172,0.029
41.04,29.77,0.0504,0.44,0.1148,0.1117
41.04,29.77,0.0606,0.38,0.1232,0.1275
41.04,29.77,0.0895,0.45,0.1175,0.1128
41.04,29.77,0.1095,0.48,0.115,0.0663
41.04,29.77,0.1392,0.57,0.0768,0.1411
41.04,29.77,0.1488,0.63,0.0435,0.077
41.04,29.77,0.1279,0.61,0.0503,0.0294
41.04,29.77,0.1032,0.6,0.0847,0.034
41.04,29.77,0.0669,0.52,0.096,0.0935
41.04,29.77,0.0382,0.42,0.1183,0.2478
41.04,29.77,0.0287,0.38,0.1089,0.1028
41.04,29.8,0.0318,0.38,0.1172,0.029
41.04,29.8,0.0504,0.44,0.1148,0.1117
41.04,29.8,0.0606,0.38,0.1232,0.1275
41.04,29.8,0.0895,0.45,0.1175,0.1128
41.04,29.8,0.1095,0.48,0.115,0.0663
41.04,29.8,0.1392,0.57,0.0768,0.1411
41.04,29.8,0.1488,0.63,0.0435,0.077
41.04,29.8,0.1279,0.61,0.0503,0.0294
41.04,29.8,0.1032,0.6,0.0847,0.034
41.04,29.8,0.0669,0.52,0.096,0.0935
41.04,29.8,0.0382,0.42,0.1183,0.2478
41.04,29.8,0.0287,0.38,0.1089,0.1028
41.04,29.83,0.0318,0.38,0.1172,0.029
41.04,29.83,0.0504,0.44,0.1148,0.1117
41.04,29.83,0.0606,0.38,0.1232,0.1275
41.04,29.83,0.0895,0.45,0.1175,0.1128
41.04,29.83,0.1095,0.48,0.115,0.0663
41.04,29.83,0.1392,0.57,0.0768,0.1411
41.04,29.83,0.1488,0.63,0.0435,0.077
41.04,29.83,0.1279,0.61,0.0503,0.0294
41.04,29.83,0.1032,0.6,0.0847,0.034
41.04,29.83,0.0669,0.52,0.096,0.0935
41.04,29.83,0.0382,0.42,0.1183,0.2478
41.04,29.83,0.0287,0.38,0.1089,0.1028
41.04,29.86,0.0318,0.38,0.1172,0.029
41.04,29.86,0.0504,0.44,0.1148,0.1117
41.04,29.86,0.0606,0.38,0.1232,0.1275
41.04,29.86,0.0895,0.45,0.1175,0.1128
41.04,29.86,0.1095,0.48,0.115,0.0663
41.04,29.86,0.1392,0.57,0.0768,0.1411
41.04,29.86,0.1488,0.63,0.0435,0.077
41.04,29.86,0.1279,0.61,0.0503,0.0294
41.04,29.86,0.1032,0.6,0.0847,0.034
41.04,29.86,0.0669,0.52,0.096,0.0935
41.04,29.86,0.0382,0.42,0.1183,0.2478
41.04,29.86,0.0287,0.38,0.1089,0.1028
41.06,28.0,0.0321,0.38,0.1059,0.0312
41.06,28.0,0.0517,0.45,0.0999,0.0498
41.06,28.0,0.0646,0.41,0.1079,0.0852
41.06,28.0,0.0909,0.45,0.1096,0.1114
41.06,28.0,0.1096,0.48,0.1087,0.0423
41.06,28.0,0.1397,0.58,0.0686,0.0329
41.06,28.0,0.1521,0.65,0.0361,0.0097
41.06,28.0,0.1249,0.59,0.0476,0.0075
41.06,28.0,0.0973,0.56,0.0697,0.0344
41.06,28.0,0.067,0.52,0.075,0.0254
41.06,28.0,0.0378,0.41,0.1032,0.2367
41.06,28.0,0.028,0.38,0.0983,0.0938
41.06,28.03,0.0321,0.38,0.1059,0.0312
41.06,28.03,0.0517,0.45,0.0999,0.0498
41.06,28.03,0.0646,0.41,0.1079,0.0852
41.06,28.03,0.0909,0.45,0.1096,0.1114
41.06,28.03,0.1096,0.48,0.1087,0.0423
41.06,28.03,0.1397,0.58,0.0686,0.0329
41.06,28.03,0.1521,0.65,0.0361,0.0097
41.06,28.03,0.1249,0.59,0.0476,0.0075
41.06,28.03,0.0973,0.56,0.0697,0.0344
41.06,28.03,0.067,0.52,0.075,0.0254
41.06,28.03,0.0378,0.41,0.1032,0.2367
41.06,28.03,0.028,0.38,0.0983,0.0938
41.06,28.06,0.0321,0.38,0.1059,0.0312
41.06,28.06,0.0517,0.45,0.0999,0.0498
41.06,28.06,0.0646,0.41,0.1079,0.0852
41.06,28.06,0.0909,0.45,0.1096,0.1114
41.06,28.06,0.1096,0.48,0.1087,0.0423
41.06,28.06,0.1397,0.58,0.0686,0.0329
41.06,28.06,0.1521,0.65,0.0361,0.0097
41.06,28.06,0.1249,0.59,0.0476,0.0075
41.06,28.06,0.0973,0.56,0.0697,0.0344
41.06,28.06,0.067,0.52,0.075,0.0254
41.06,28.06,0.0378,0.41,0.1032,0.2367
41.06,28.06,0.028,0.38,0.0983,0.0938
41.06,28.09,0.0321,0.38,0.1059,0.0312
41.06,28.09,0.0517,0.45,0.0999,0.0498
41.06,28.09,0.0646,0.41,0.1079,0.0852
41.06,28.09,0.0909,0.45,0.1096,0.1114
41.06,28.09,0.1096,0.48,0.1087,0.0423
41.06,28.09,0.1397,0.58,0.0686,0.0329
41.06,28.09,0.1521,0.65,0.0361,0.0097
41.06,28.09,0.1249,0.59,0.0476,0.0075
41.06,28.09,0.0973,0.56,0.0697,0.0344
41.06,28.09,0.067,0.52,0.075,0.0254
41.06,28.09,0.0378,0.41,0.1032,0.2367
41.06,28.09,0.028,0.38,0.0983,0.0938
41.06,28.12,0.0321,0.38,0.1059,0.0312
41.06,28.12,0.0517,0.45,0.0999,0.0498
41.06,28.12,0.0646,0.41,0.1079,0.0852
41.06,28.12,0.0909,0.45,0.1096,0.1114
41.06,28.12,0.1096,0.48,0.1087,0.0423
41.06,28.12,0.1397,0.58,0.0686,0.0329
41.06,28.12,0.1521,0.65,0.0361,0.0097
41.06,28.12,0.1249,0.59,0.0476,0.0075
41.06,28.12,0.0973,0.56,0.0697,0.0344
41.06,28.12,0.067,0.52,0.075,0.0254
41.06,28.12,0.0378,0.41,0.1032,0.2367
41.06,28.12,0.028,0.38,0.0983,0.0938
41.06,28.3,0.0321,0.38,0.1059,0.0312
41.06,28.3,0.0517,0.45,0.0999,0.0498
41.06,28.3,0.0646,0.41,0.1079,0.0852
41.06,28.3,0.0909,0.45,0.1096,0.1114
41.06,28.3,0.1096,0.48,0.1087,0.0423
41.06,28.3,0.1397,0.58,0.0686,0.0329
41.06,28.3,0.1521,0.65,0.0361,0.0097
41.06,28.3,0.1249,0.59,0.0476,0.0075
41.06,28.3,0.0973,0.56,0.0697,0.0344
41.06,28.3,0.067,0.52,0.075,0.0254
41.06,28.3,0.0378,0.41,0.1032,0.2367
41.06,28.3,0.028,0.38,0.0983,0.0938
41.06,28.33,0.0321,0.38,0.1059,0.0312
41.06,28.33,0.0517,0.45,0.0999,0.0498
41.06,28.33,0.0646,0.41,0.1079,0.0852
41.06,28.33,0.0909,0.45,0.1096,0.1114
41.06,28.33,0.1096,0.48,0.1087,0.0423
41.06,28.33,0.1397,0.58,0.0686,0.0329
41.06,28.33,0.1521,0.65,0.0361,0.0097
41.06,28.33,0.1249,0.59,0.0476,0.0075
41.06,28.33,0.0973,0.56,0.0697,0.0344
41.06,28.33,0.067,0.52,0.075,0.0254
41.06,28.33,0.0378,0.41,0.1032,0.2367
41.06,28.33,0.028,0.38,0.0983,0.0938
41.06,28.36,0.0321,0.38,0.1059,0.0312
41.06,28.36,0.0517,0.45,0.0999,0.0498
41.06,28.36,0.0646,0.41,0.1079,0.0852
41.06,28.36,0.0909,0.45,0.1096,0.1114
41.06,28.36,0.1096,0.48,0.1087,0.0423
41.06,28.36,0.1397,0.58,0.0686,0.0329
41.06,28.36,0.1521,0.65,0.0361,0.0097
41.06,28.36,0.1249,0.59,0.0476,0.0075
41.06,28.36,0.0973,0.56,0.0697,0.0344
41.06,28.36,0.067,0.52,0.075,0.0254
41.06,28.36,0.0378,0.41,0.1032,0.2367
41.06,28.36,0.028,0.38,0.0983,0.0938
41.06,28.39,0.0321,0.38,0.1059,0.0312
41.06,28.39,0.0517,0.45,0.0999,0.0498
41.06,28.39,0.0646,0.41,0.1079,0.0852
41.06,28.39,0.0909,0.45,0.1096,0.1114
41.06,28.39,0.1096,0.48,0.1087,0.0423
41.06,28.39,0.1397,0.58,0.0686,0.0329
41.06,28.39,0.1521,0.65,0.0361,0.0097
41.06,28.39,0.1249,0.59,0.0476,0.0075
41.06,28.39,0.0973,0.56,0.0697,0.0344
41.06,28.39,0.067,0.52,0.075,0.0254
41.06,28.39,0.0378,0.41,0.1032,0.2367
41.06,28.39,0.028,0.38,0.0983,0.0938
41.06,28.42,0.0321,0.38,0.1059,0.0312
41.06,28.42,0.0517,0.45,0.0999,0.0498
41.06,28.42,0.0646,0.41,0.1079,0.0852
41.06,28.42,0.0909,0.45,0.1096,0.1114
41.06,28.42,0.1096,0.48,0.1087,0.0423
41.06,28.42,0.1397,0.58,0.0686,0.0329
41.06,28.42,0.1521,0.65,0.0361,0.0097
41.06,28.42,0.1249,0.59,0.0476,0.0075
41.06,28.42,0.0973,0.56,0.0697,0.0344
41.06,28.42,0.067,0.52,0.075,0.0254
41.06,28.42,0.0378,0.41,0.1032,0.2367
41.06,28.42,0.028,0.38,0.0983,0.0938
41.06,28.45,0.0321,0.38,0.1059,0.0258
41.06,28.45,0.0517,0.45,0.0999,0.0655
41.06,28.45,0.0646,0.41,0.1079,0.0892
41.06,28.45,0.0909,0.45,0.1096,0.1099
41.06,28.45,0.1096,0.48,0.1087,0.0444
41.06,28.45,0.1397,0.58,0.0686,0.0308
41.06,28.45,0.1521,0.65,0.0361,0.0118
41.06,28.45,0.1249,0.59,0.0476,0.0107
41.06,28.45,0.0973,0.56,0.0697,0.0254
41.06,28.45,0.067,0.52,0.075,0.0412
41.06,28.45,0.0378,0.41,0.1032,0.2281
41.06,28.45,0.028,0.38,0.0983,0.0824
41.06,28.48,0.0321,0.38,0.1059,0.0258
41.06,28.48,0.0517,0.45,0.0999,0.0655
41.06,28.48,0.0646,0.41,0.1079,0.0892
41.06,28.48,0.0909,0.45,0.1096,0.1099
41.06,28.48,0.1096,0.48,0.1087,0.0444
41.06,28.48,0.1397,0.58,0.0686,0.0308
41.06,28.48,0.1521,0.65,0.0361,0.0118
41.06,28.48,0.1249,0.59,0.0476,0.0107
41.06,28.48,0.0973,0.56,0.0697,0.0254
41.06,28.48,0.067,0.52,0.075,0.0412
41.06,28.48,0.0378,0.41,0.1032,0.2281
41.06,28.48,0.028,0.38,0.0983,0.0824
41.06,28.51,0.0321,0.38,0.1059,0.0258
41.06,28.51,0.0517,0.45,0.0999,0.0655
41.06,28.51,0.0646,0.41,0.1079,0.0892
41.06,28.51,0.0909,0.45,0.1096,0.1099
41.06,28.51,0.1096,0.48,0.1087,0.0444
41.06,28.51,0.1397,0.58,0.0686,0.0308
41.06,28.51,0.1521,0.65,0.0361,0.0118
41.06,28.51,0.1249,0.59,0.0476,0.0107
41.06,28.51,0.0973,0.56,0.0697,0.0254
41.06,28.51,0.067,0.52,0.075,0.0412
41.06,28.51,0.0378,0.41,0.1032,0.2281
41.06,28.51,0.028,0.38,0.0983,0.0824
41.06,28.54,0.0321,0.38,0.1059,0.0258
41.06,28.54,0.0517,0.45,0.0999,0.0655
41.06,28.54,0.0646,0.41,0.1079,0.0892
41.06,28.54,0.0909,0.45,0.1096,0.1099
41.06,28.54,0.1096,0.48,0.1087,0.0444
41.06,28.54,0.1397,0.58,0.0686,0.0308
41.06,28.54,0.1521,0.65,0.0361,0.0118
41.06,28.54,0.1249,0.59,0.0476,0.0107
41.06,28.54,0.0973,0.56,0.0697,0.0254
41.06,28.54,0.067,0.52,0.075,0.0412
41.06,28.54,0.0378,0.41,0.1032,0.2281
41.06,28.54,0.028,0.38,0.0983,0.0824
41.06,28.57,0.0321,0.38,0.1059,0.0258
41.06,28.57,0.0517,0.45,0.0999,0.0655
41.06,28.57,0.0646,0.41,0.1079,0.0892
41.06,28.57,0.0909,0.45,0.1096,0.1099
41.06,28.57,0.1096,0.48,0.1087,0.0444
41.06,28.57,0.1397,0.58,0.0686,0.0308
41.06,28.57,0.1521,0.65,0.0361,0.0118
41.06,28.57,0.1249,0.59,0.0476,0.0107
41.06,28.57,0.0973,0.56,0.0697,0.0254
41.06,28.57,0.067,0.52,0.075,0.0412
41.06,28.57,0.0378,0.41,0.1032,0.2281
41.06,28.57,0.028,0.38,0.0983,0.0824
41.06,28.6,0.0321,0.38,0.1059,0.0258
41.06,28.6,0.0517,0.45,0.0999,0.0655
41.06,28.6,0.0646,0.41,0.1079,0.0892
41.06,28.6,0.0909,0.45,0.1096,0.1099
41.06,28.6,0.1096,0.48,0.1087,0.0444
41.06,28.6,0.1397,0.58,0.0686,0.0308
41.06,28.6,0.1521,0.65,0.0361,0.0118
41.06,28.6,0.1249,0.59,0.0476,0.0107
41.06,28.6,0.0973,0.56,0.0697,0.0254
41.06,28.6,0.067,0.52,0.075,0.0412
41.06,28.6,0.0378,0.41,0.1032,0.2281
41.06,28.6,0.028,0.38,0.0983,0.0824
41.06,28.63,0.0321,0.38,0.1059,0.0258
41.06,28.63,0.0517,0.45,0.0999,0.0655
41.06,28.63,0.0646,0.41,0.1079,0.0892
41.06,28.63,0.0909,0.45,0.1096,0.1099
41.06,28.63,0.1096,0.48,0.1087,0.0444
41.06,28.63,0.1397,0.58,0.0686,0.0308
41.06,28.63,0.1521,0.65,0.0361,0.0118
41.06,28.63,0.1249,0.59,0.0476,0.0107
41.06,28.63,0.0973,0.56,0.0697,0.0254
41.06,28.63,0.067,0.52,0.075,0.0412
41.06,28.63,0.0378,0.41,0.1032,0.2281
41.06,28.63,0.028,0.38,0.0983,0.0824
41.06,28.66,0.0321,0.38,0.1059,0.0258
41.06,28.66,0.0517,0.45,0.0999,0.0655
41.06,28.66,0.0646,0.41,0.1079,0.0892
41.06,28.66,0.0909,0.45,0.1096,0.1099
41.06,28.66,0.1096,0.48,0.1087,0.0444
41.06,28.66,0.1397,0.58,0.0686,0.0308
41.06,28.66,0.1521,0.65,0.0361,0.0118
41.06,28.66,0.1249,0.59,0.0476,0.0107
41.06,28.66,0.0973,0.56,0.0697,0.0254
41.06,28.66,0.067,0.52,0.075,0.0412
41.06,28.66,0.0378,0.41,0.1032,0.2281
41.06,28.66,0.028,0.38,0.0983,0.0824
41.06,28.69,0.0321,0.38,0.1059,0.0258
41.06,28.69,0.0517,0.45,0.0999,0.0655
41.06,28.69,0.0646,0.41,0.1079,0.0892
41.06,28.69,0.0909,0.45,0.1096,0.1099
41.06,28.69,0.1096,0.48,0.1087,0.0444
41.06,28.69,0.1397,0.58,0.0686,0.0308
41.06,28.69,0.1521,0.65,0.0361,0.0118
41.06,28.69,0.1249,0.59,0.0476,0.0107
41.06,28.69,0.0973,0.56,0.0697,0.0254
41.06,28.69,0.067,0.52,0.075,0.0412
41.06,28.69,0.0378,0.41,0.1032,0.2281
41.06,28.69,0.028,0.38,0.0983,0.0824
41.06,28.72,0.0321,0.38,0.1059,0.0258
41.06,28.72,0.0517,0.45,0.0999,0.0655
41.06,28.72,0.0646,0.41,0.1079,0.0892
41.06,28.72,0.0909,0.45,0.1096,0.1099
41.06,28.72,0.1096,0.48,0.1087,0.0444
41.06,28.72,0.1397,0.58,0.0686,0.0308
41.06,28.72,0.1521,0.65,0.0361,0.0118
41.06,28.72,0.1249,0.59,0.0476,0.0107
41.06,28.72,0.0973,0.56,0.0697,0.0254
41.06,28.72,0.067,0.52,0.075,0.0412
41.06,28.72,0.0378,0.41,0.1032,0.2281
41.06,28.72,0.028,0.38,0.0983,0.0824
41.06,28.75,0.0321,0.38,0.1059,0.0258
41.06,28.75,0.0517,0.45,0.0999,0.0655
41.06,28.75,0.0646,0.41,0.1079,0.0892
41.06,28.75,0.0909,0.45,0.1096,0.1099
41.06,28.75,0.1096,0.48,0.1087,0.0444
41.06,28.75,0.1397,0.58,0.0686,0.0308
41.06,28.75,0.1521,0.65,0.0361,0.0118
41.06,28.75,0.1249,0.59,0.0476,0.0107
41.06,28.75,0.0973,0.56,0.0697,0.0254
41.06,28.75,0.067,0.52,0.075,0.0412
41.06,28.75,0.0378,0.41,0.1032,0.2281
41.06,28.75,0.028,0.38,0.0983,0.0824
41.06,28.78,0.0321,0.38,0.1059,0.0258
41.06,28.78,0.0517,0.45,0.0999,0.0655
41.06,28.78,0.0646,0.41,0.1079,0.0892
41.06,28.78,0.0909,0.45,0.1096,0.1099
41.06,28.78,0.1096,0.48,0.1087,0.0444
41.06,28.78,0.1397,0.58,0.0686,0.0308
41.06,28.78,0.1521,0.65,0.0361,0.0118
41.06,28.78,0.1249,0.59,0.0476,0.0107
41.06,28.78,0.0973,0.56,0.0697,0.0254
41.06,28.78,0.067,0.52,0.075,0.0412
41.06,28.78,0.0378,0.41,0.1032,0.2281
41.06,28.78,0.028,0.38,0.0983,0.0824
41.06,28.81,0.0321,0.38,0.1059,0.0258
41.06,28.81,0.0517,0.45,0.0999,0.0655
41.06,28.81,0.0646,0.41,0.1079,0.0892
41.06,28.81,0.0909,0.45,0.1096,0.1099
41.06,28.81,0.1096,0.48,0.1087,0.0444
41.06,28.81,0.1397,0.58,0.0686,0.0308
41.06,28.81,0.1521,0.65,0.0361,0.0118
41.06,28.81,0.1249,0.59,0.0476,0.0107
41.06,28.81,0.0973,0.56,0.0697,0.0254
41.06,28.81,0.067,0.52,0.075,0.0412
41.06,28.81,0.0378,0.41,0.1032,0.2281
41.06,28.81,0.028,0.38,0.0983,0.0824
41.06,28.84,0.0321,0.38,0.1059,0.0258
41.06,28.84,0.0517,0.45,0.0999,0.0655
41.06,28.84,0.0646,0.41,0.1079,0.0892
41.06,28.84,0.0909,0.45,0.1096,0.1099
41.06,28.84,0.1096,0.48,0.1087,0.0444
41.06,28.84,0.1397,0.58,0.0686,0.0308
41.06,28.84,0.1521,0.65,0.0361,0.0118
41.06,28.84,0.1249,0.59,0.0476,0.0107
41.06,28.84,0.0973,0.56,0.0697,0.0254
41.06,28.84,0.067,0.52,0.075,0.0412
41.06,28.84,0.0378,0.41,0.1032,0.2281
41.06,28.84,0.028,0.38,0.0983,0.0824
41.06,28.87,0.0321,0.38,0.1059,0.0258
41.06,28.87,0.0517,0.45,0.0999,0.0655
41.06,28.87,0.0646,0.41,0.1079,0.0892
41.06,28.87,0.0909,0.45,0.1096,0.1099
41.06,28.87,0.1096,0.48,0.1087,0.0444
41.06,28.87,0.1397,0.58,0.0686,0.0308
41.06,28.87,0.1521,0.65,0.0361,0.0118
41.06,28.87,0.1249,0.59,0.0476,0.0107
41.06,28.87,0.0973,0.56,0.0697,0.0254
41.06,28.87,0.067,0.52,0.075,0.0412
41.06,28.87,0.0378,0.41,0.1032,0.2281
41.06,28.87,0.028,0.38,0.0983,0.0824
41.06,28.9,0.0321,0.38,0.1059,0.0258
41.06,28.9,0.0517,0.45,0.0999,0.0655
41.06,28.9,0.0646,0.41,0.1079,0.0892
41.06,28.9,0.0909,0.45,0.1096,0.1099
41.06,28.9,0.1096,0.48,0.1087,0.0444
41.06,28.9,0.1397,0.58,0.0686,0.0308
41.06,28.9,0.1521,0.65,0.0361,0.0118
41.06,28.9,0.1249,0.59,0.0476,0.0107
41.06,28.9,0.0973,0.56,0.0697,0.0254
41.06,28.9,0.067,0.52,0.075,0.0412
41.06,28.9,0.0378,0.41,0.1032,0.2281
41.06,28.9,0.028,0.38,0.0983,0.0824
41.06,28.93,0.0321,0.38,0.1059,0.0258
41.06,28.93,0.0517,0.45,0.0999,0.0655
41.06,28.93,0.0646,0.41,0.1079,0.0892
41.06,28.93,0.0909,0.45,0.1096,0.1099
41.06,28.93,0.1096,0.48,0.1087,0.0444
41.06,28.93,0.1397,0.58,0.0686,0.0308
41.06,28.93,0.1521,0.65,0.0361,0.0118
41.06,28.93,0.1249,0.59,0.0476,0.0107
41.06,28.93,0.0973,0.56,0.0697,0.0254
41.06,28.93,0.067,0.52,0.075,0.0412
41.06,28.93,0.0378,0.41,0.1032,0.2281
41.06,28.93,0.028,0.38,0.0983,0.0824
41.06,28.96,0.0321,0.38,0.1059,0.0258
41.06,28.96,0.0517,0.45,0.0999,0.0655
41.06,28.96,0.0646,0.41,0.1079,0.0892
41.06,28.96,0.0909,0.45,0.1096,0.1099
41.06,28.96,0.1096,0.48,0.1087,0.0444
41.06,28.96,0.1397,0.58,0.0686,0.0308
41.06,28.96,0.1521,0.65,0.0361,0.0118
41.06,28.96,0.1249,0.59,0.0476,0.0107
41.06,28.96,0.0973,0.56,0.0697,0.0254
41.06,28.96,0.067,0.52,0.075,0.0412
41.06,28.96,0.0378,0.41,0.1032,0.2281
41.06,28.96,0.028,0.38,0.0983,0.0824
41.06,28.99,0.0321,0.38,0.1059,0.0258
41.06,28.99,0.0517,0.45,0.0999,0.0655
41.06,28.99,0.0646,0.41,0.1079,0.0892
41.06,28.99,0.0909,0.45,0.1096,0.1099
41.06,28.99,0.1096,0.48,0.1087,0.0444
41.06,28.99,0.1397,0.58,0.0686,0.0308
41.06,28.99,0.1521,0.65,0.0361,0.0118
41.06,28.99,0.1249,0.59,0.0476,0.0107
41.06,28.99,0.0973,0.56,0.0697,0.0254
41.06,28.99,0.067,0.52,0.075,0.0412
41.06,28.99,0.0378,0.41,0.1032,0.2281
41.06,28.99,0.028,0.38,0.0983,0.0824
41.06,29.02,0.0318,0.38,0.1172,0.0258
41.06,29.02,0.0504,0.44,0.1148,0.0655
41.06,29.02,0.0606,0.38,0.1232,0.0892
41.06,29.02,0.0895,0.45,0.1175,0.1099
41.06,29.02,0.1095,0.48,0.115,0.0444
41.06,29.02,0.1392,0.57,0.0768,0.0308
41.06,29.02,0.1488,0.63,0.0435,0.0118
41.06,29.02,0.1279,0.61,0.0503,0.0107
41.06,29.02,0.1032,0.6,0.0847,0.0254
41.06,29.02,0.0669,0.52,0.096,0.0412
41.06,29.02,0.0382,0.42,0.1183,0.2281
41.06,29.02,0.0287,0.38,0.1089,0.0824
41.06,29.08,0.0318,0.38,0.1172,0.0258
41.06,29.08,0.0504,0.44,0.1148,0.0906
41.06,29.08,0.0606,0.38,0.1232,0.1031
41.06,29.08,0.0895,0.45,0.1175,0.1085
41.06,29.08,0.1095,0.48,0.115,0.0483
41.06,29.08,0.1392,0.57,0.0768,0.0559
41.06,29.08,0.1488,0.63,0.0435,0.0283
41.06,29.08,0.1279,0.61,0.0503,0.0183
41.06,29.08,0.1032,0.6,0.0847,0.0319
41.06,29.08,0.0669,0.52,0.096,0.0655
41.06,29.08,0.0382,0.42,0.1183,0.2496
41.06,29.08,0.0287,0.38,0.1089,0.0877
41.06,29.11,0.0318,0.38,0.1172,0.0258
41.06,29.11,0.0504,0.44,0.1148,0.0906
41.06,29.11,0.0606,0.38,0.1232,0.1031
41.06,29.11,0.0895,0.45,0.1175,0.1085
41.06,29.11,0.1095,0.48,0.115,0.0483
41.06,29.11,0.1392,0.57,0.0768,0.0559
41.06,29.11,0.1488,0.63,0.0435,0.0283
41.06,29.11,0.1279,0.61,0.0503,0.0183
41.06,29.11,0.1032,0.6,0.0847,0.0319
41.06,29.11,0.0669,0.52,0.096,0.0655
41.06,29.11,0.0382,0.42,0.1183,0.2496
41.06,29.11,0.0287,0.38,0.1089,0.0877
41.06,29.14,0.0318,0.38,0.1172,0.0258
41.06,29.14,0.0504,0.44,0.1148,0.0906
41.06,29.14,0.0606,0.38,0.1232,0.1031
41.06,29.14,0.0895,0.45,0.1175,0.1085
41.06,29.14,0.1095,0.48,0.115,0.0483
41.06,29.14,0.1392,0.57,0.0768,0.0559
41.06,29.14,0.1488,0.63,0.0435,0.0283
41.06,29.14,0.1279,0.61,0.0503,0.0183
41.06,29.14,0.1032,0.6,0.0847,0.0319
41.06,29.14,0.0669,0.52,0.096,0.0655
41.06,29.14,0.0382,0.42,0.1183,0.2496
41.06,29.14,0.0287,0.38,0.1089,0.0877
41.06,29.17,0.0318,0.38,0.1172,0.0258
41.06,29.17,0.0504,0.44,0.1148,0.0906
41.06,29.17,0.0606,0.38,0.1232,0.1031
41.06,29.17,0.0895,0.45,0.1175,0.1085
41.06,29.17,0.1095,0.48,0.115,0.0483
41.06,29.17,0.1392,0.57,0.0768,0.0559
41.06,29.17,0.1488,0.63,0.0435,0.0283
41.06,29.17,0.1279,0.61,0.0503,0.0183
41.06,29.17,0.1032,0.6,0.0847,0.0319
41.06,29.17,0.0669,0.52,0.096,0.0655
41.06,29.17,0.0382,0.42,0.1183,0.2496
41.06,29.17,0.0287,0.38,0.1089,0.0877
41.06,29.2,0.0318,0.38,0.1172,0.0258
41.06,29.2,0.0504,0.44,0.1148,0.0906
41.06,29.2,0.0606,0.38,0.1232,0.1031
41.06,29.2,0.0895,0.45,0.1175,0.1085
41.06,29.2,0.1095,0.48,0.115,0.0483
41.06,29.2,0.1392,0.57,0.0768,0.0559
41.06,29.2,0.1488,0.63,0.0435,0.0283
41.06,29.2,0.1279,0.61,0.0503,0.0183
41.06,29.2,0.1032,0.6,0.0847,0.0319
41.06,29.2,0.0669,0.52,0.096,0.0655
41.06,29.2,0.0382,0.42,0.1183,0.2496
41.06,29.2,0.0287,0.38,0.1089,0.0877
41.06,29.23,0.0318,0.38,0.1172,0.0258
41.06,29.23,0.0504,0.44,0.1148,0.0906
41.06,29.23,0.0606,0.38,0.1232,0.1031
41.06,29.23,0.0895,0.45,0.1175,0.1085
41.06,29.23,0.1095,0.48,0.115,0.0483
41.06,29.23,0.1392,0.57,0.0768,0.0559
41.06,29.23,0.1488,0.63,0.0435,0.0283
41.06,29.23,0.1279,0.61,0.0503,0.0183
41.06,29.23,0.1032,0.6,0.0847,0.0319
41.06,29.23,0.0669,0.52,0.096,0.0655
41.06,29.23,0.0382,0.42,0.1183,0.2496
41.06,29.23,0.0287,0.38,0.1089,0.0877
41.06,29.26,0.0318,0.38,0.1172,0.0258
41.06,29.26,0.0504,0.44,0.1148,0.0906
41.06,29.26,0.0606,0.38,0.1232,0.1031
41.06,29.26,0.0895,0.45,0.1175,0.1085
41.06,29.26,0.1095,0.48,0.115,0.0483
41.06,29.26,0.1392,0.57,0.0768,0.0559
41.06,29.26,0.1488,0.63,0.0435,0.0283
41.06,29.26,0.1279,0.61,0.0503,0.0183
41.06,29.26,0.1032,0.6,0.0847,0.0319
41.06,29.26,0.0669,0.52,0.096,0.0655
41.06,29.26,0.0382,0.42,0.1183,0.2496
41.06,29.26,0.0287,0.38,0.1089,0.0877
41.06,29.29,0.0318,0.38,0.1172,0.0258
41.06,29.29,0.0504,0.44,0.1148,0.0906
41.06,29.29,0.0606,0.38,0.1232,0.1031
41.06,29.29,0.0895,0.45,0.1175,0.1085
41.06,29.29,0.1095,0.48,0.115,0.0483
41.06,29.29,0.1392,0.57,0.0768,0.0559
41.06,29.29,0.1488,0.63,0.0435,0.0283
41.06,29.29,0.1279,0.61,0.0503,0.0183
41.06,29.29,0.1032,0.6,0.0847,0.0319
41.06,29.29,0.0669,0.52,0.096,0.0655
41.06,29.29,0.0382,0.42,0.1183,0.2496
41.06,29.29,0.0287,0.38,0.1089,0.0877
41.06,29.32,0.0318,0.38,0.1172,0.0258
41.06,29.32,0.0504,0.44,0.1148,0.0906
41.06,29.32,0.0606,0.38,0.1232,0.1031
41.06,29.32,0.0895,0.45,0.1175,0.1085
41.06,29.32,0.1095,0.48,0.115,0.0483
41.06,29.32,0.1392,0.57,0.0768,0.0559
41.06,29.32,0.1488,0.63,0.0435,0.0283
41.06,29.32,0.1279,0.61,0.0503,0.0183
41.06,29.32,0.1032,0.6,0.0847,0.0319
41.06,29.32,0.0669,0.52,0.096,0.0655
41.06,29.32,0.0382,0.42,0.1183,0.2496
41.06,29.32,0.0287,0.38,0.1089,0.0877
41.06,29.35,0.0318,0.38,0.1172,0.0258
41.06,29.35,0.0504,0.44,0.1148,0.0906
41.06,29.35,0.0606,0.38,0.1232,0.1031
41.06,29.35,0.0895,0.45,0.1175,0.1085
41.06,29.35,0.1095,0.48,0.115,0.0483
41.06,29.35,0.1392,0.57,0.0768,0.0559
41.06,29.35,0.1488,0.63,0.0435,0.0283
41.06,29.35,0.1279,0.61,0.0503,0.0183
41.06,29.35,0.1032,0.6,0.0847,0.0319
41.06,29.35,0.0669,0.52,0.096,0.0655
41.06,29.35,0.0382,0.42,0.1183,0.2496
41.06,29.35,0.0287,0.38,0.1089,0.0877
41.06,29.38,0.0318,0.38,0.1172,0.0258
41.06,29.38,0.0504,0.44,0.1148,0.0906
41.06,29.38,0.0606,0.38,0.1232,0.1031
41.06,29.38,0.0895,0.45,0.1175,0.1085
41.06,29.38,0.1095,0.48,0.115,0.0483
41.06,29.38,0.1392,0.57,0.0768,0.0559
41.06,29.38,0.1488,0.63,0.0435,0.0283
41.06,29.38,0.1279,0.61,0.0503,0.0183
41.06,29.38,0.1032,0.6,0.0847,0.0319
41.06,29.38,0.0669,0.52,0.096,0.0655
41.06,29.38,0.0382,0.42,0.1183,0.2496
41.06,29.38,0.0287,0.38,0.1089,0.0877
41.06,29.41,0.0318,0.38,0.1172,0.0258
41.06,29.41,0.0504,0.44,0.1148,0.0906
41.06,29.41,0.0606,0.38,0.1232,0.1031
41.06,29.41,0.0895,0.45,0.1175,0.1085
41.06,29.41,0.1095,0.48,0.115,0.0483
41.06,29.41,0.1392,0.57,0.0768,0.0559
41.06,29.41,0.1488,0.63,0.0435,0.0283
41.06,29.41,0.1279,0.61,0.0503,0.0183
41.06,29.41,0.1032,0.6,0.0847,0.0319
41.06,29.41,0.0669,0.52,0.096,0.0655
41.06,29.41,0.0382,0.42,0.1183,0.2496
41.06,29.41,0.0287,0.38,0.1089,0.0877
41.06,29.44,0.0318,0.38,0.1172,0.0258
41.06,29.44,0.0504,0.44,0.1148,0.0906
41.06,29.44,0.0606,0.38,0.1232,0.1031
41.06,29.44,0.0895,0.45,0.1175,0.1085
41.06,29.44,0.1095,0.48,0.115,0.0483
41.06,29.44,0.1392,0.57,0.0768,0.0559
41.06,29.44,0.1488,0.63,0.0435,0.0283
41.06,29.44,0.1279,0.61,0.0503,0.0183
41.06,29.44,0.1032,0.6,0.0847,0.0319
41.06,29.44,0.0669,0.52,0.096,0.0655
41.06,29.44,0.0382,0.42,0.1183,0.2496
41.06,29.44,0.0287,0.38,0.1089,0.0877
41.06,29.47,0.0318,0.38,0.1172,0.0258
41.06,29.47,0.0504,0.44,0.1148,0.0906
41.06,29.47,0.0606,0.38,0.1232,0.1031
41.06,29.47,0.0895,0.45,0.1175,0.1085
41.06,29.47,0.1095,0.48,0.115,0.0483
41.06,29.47,0.1392,0.57,0.0768,0.0559
41.06,29.47,0.1488,0.63,0.0435,0.0283
41.06,29.47,0.1279,0.61,0.0503,0.0183
41.06,29.47,0.1032,0.6,0.0847,0.0319
41.06,29.47,0.0669,0.52,0.096,0.0655
41.06,29.47,0.0382,0.42,0.1183,0.2496
41.06,29.47,0.0287,0.38,0.1089,0.0877
41.06,29.5,0.0318,0.38,0.1172,0.0258
41.06,29.5,0.0504,0.44,0.1148,0.0906
41.06,29.5,0.0606,0.38,0.1232,0.1031
41.06,29.5,0.0895,0.45,0.1175,0.1085
41.06,29.5,0.1095,0.48,0.115,0.0483
41.06,29.5,0.1392,0.57,0.0768,0.0559
41.06,29.5,0.1488,0.63,0.0435,0.0283
41.06,29.5,0.1279,0.61,0.0503,0.0183
41.06,29.5,0.1032,0.6,0.0847,0.0319
41.06,29.5,0.0669,0.52,0.096,0.0655
41.06,29.5,0.0382,0.42,0.1183,0.2496
41.06,29.5,0.0287,0.38,0.1089,0.0877
41.06,29.53,0.0318,0.38,0.1172,0.0258
41.06,29.53,0.0504,0.44,0.1148,0.0906
41.06,29.53,0.0606,0.38,0.1232,0.1031
41.06,29.53,0.0895,0.45,0.1175,0.1085
41.06,29.53,0.1095,0.48,0.115,0.0483
41.06,29.53,0.1392,0.57,0.0768,0.0559
41.06,29.53,0.1488,0.63,0.0435,0.0283
41.06,29.53,0.1279,0.61,0.0503,0.0183
41.06,29.53,0.1032,0.6,0.0847,0.0319
41.06,29.53,0.0669,0.52,0.096,0.0655
41.06,29.53,0.0382,0.42,0.1183,0.2496
41.06,29.53,0.0287,0.38,0.1089,0.0877
41.06,29.56,0.0318,0.38,0.1172,0.0258
41.06,29.56,0.0504,0.44,0.1148,0.0906
41.06,29.56,0.0606,0.38,0.1232,0.1031
41.06,29.56,0.0895,0.45,0.1175,0.1085
41.06,29.56,0.1095,0.48,0.115,0.0483
41.06,29.56,0.1392,0.57,0.0768,0.0559
41.06,29.56,0.1488,0.63,0.0435,0.0283
41.06,29.56,0.1279,0.61,0.0503,0.0183
41.06,29.56,0.1032,0.6,0.0847,0.0319
41.06,29.56,0.0669,0.52,0.096,0.0655
41.06,29.56,0.0382,0.42,0.1183,0.2496
41.06,29.56,0.0287,0.38,0.1089,0.0877
41.06,29.59,0.0318,0.38,0.1172,0.0258
41.06,29.59,0.0504,0.44,0.1148,0.0906
41.06,29.59,0.0606,0.38,0.1232,0.1031
41.06,29.59,0.0895,0.45,0.1175,0.1085
41.06,29.59,0.1095,0.48,0.115,0.0483
41.06,29.59,0.1392,0.57,0.0768,0.0559
41.06,29.59,0.1488,0.63,0.0435,0.0283
41.06,29.59,0.1279,0.61,0.0503,0.0183
41.06,29.59,0.1032,0.6,0.0847,0.0319
41.06,29.59,0.0669,0.52,0.096,0.0655
41.06,29.59,0.0382,0.42,0.1183,0.2496
41.06,29.59,0.0287,0.38,0.1089,0.0877
41.06,29.62,0.0318,0.38,0.1172,0.0258
41.06,29.62,0.0504,0.44,0.1148,0.0906
41.06,29.62,0.0606,0.38,0.1232,0.1031
41.06,29.62,0.0895,0.45,0.1175,0.1085
41.06,29.62,0.1095,0.48,0.115,0.0483
41.06,29.62,0.1392,0.57,0.0768,0.0559
41.06,29.62,0.1488,0.63,0.0435,0.0283
41.06,29.62,0.1279,0.61,0.0503,0.0183
41.06,29.62,0.1032,0.6,0.0847,0.0319
41.06,29.62,0.0669,0.52,0.096,0.0655
41.06,29.62,0.0382,0.42,0.1183,0.2496
41.06,29.62,0.0287,0.38,0.1089,0.0877
41.06,29.65,0.0318,0.38,0.1172,0.0258
41.06,29.65,0.0504,0.44,0.1148,0.0906
41.06,29.65,0.0606,0.38,0.1232,0.1031
41.06,29.65,0.0895,0.45,0.1175,0.1085
41.06,29.65,0.1095,0.48,0.115,0.0483
41.06,29.65,0.1392,0.57,0.0768,0.0559
41.06,29.65,0.1488,0.63,0.0435,0.0283
41.06,29.65,0.1279,0.61,0.0503,0.0183
41.06,29.65,0.1032,0.6,0.0847,0.0319
41.06,29.65,0.0669,0.52,0.096,0.0655
41.06,29.65,0.0382,0.42,0.1183,0.2496
41.06,29.65,0.0287,0.38,0.1089,0.0877
41.06,29.68,0.0318,0.38,0.1172,0.0258
41.06,29.68,0.0504,0.44,0.1148,0.0906
41.06,29.68,0.0606,0.38,0.1232,0.1031
41.06,29.68,0.0895,0.45,0.1175,0.1085
41.06,29.68,0.1095,0.48,0.115,0.0483
41.06,29.68,0.1392,0.57,0.0768,0.0559
41.06,29.68,0.1488,0.63,0.0435,0.0283
41.06,29.68,0.1279,0.61,0.0503,0.0183
41.06,29.68,0.1032,0.6,0.0847,0.0319
41.06,29.68,0.0669,0.52,0.096,0.0655
41.06,29.68,0.0382,0.42,0.1183,0.2496
41.06,29.68,0.0287,0.38,0.1089,0.0877
41.06,29.71,0.0318,0.38,0.1172,0.029
41.06,29.71,0.0504,0.44,0.1148,0.1117
41.06,29.71,0.0606,0.38,0.1232,0.1275
41.06,29.71,0.0895,0.45,0.1175,0.1128
41.06,29.71,0.1095,0.48,0.115,0.0663
41.06,29.71,0.1392,0.57,0.0768,0.1411
41.06,29.71,0.1488,0.63,0.0435,0.077
41.06,29.71,0.1279,0.61,0.0503,0.0294
41.06,29.71,0.1032,0.6,0.0847,0.034
41.06,29.71,0.0669,0.52,0.096,0.0935
41.06,29.71,0.0382,0.42,0.1183,0.2478
41.06,29.71,0.0287,0.38,0.1089,0.1028
41.06,29.74,0.0318,0.38,0.1172,0.029
41.06,29.74,0.0504,0.44,0.1148,0.1117
41.06,29.74,0.0606,0.38,0.1232,0.1275
41.06,29.74,0.0895,0.45,0.1175,0.1128
41.06,29.74,0.1095,0.48,0.115,0.0663
41.06,29.74,0.1392,0.57,0.0768,0.1411
41.06,29.74,0.1488,0.63,0.0435,0.077
41.06,29.74,0.1279,0.61,0.0503,0.0294
41.06,29.74,0.1032,0.6,0.0847,0.034
41.06,29.74,0.0669,0.52,0.096,0.0935
41.06,29.74,0.0382,0.42,0.1183,0.2478
41.06,29.74,0.0287,0.38,0.1089,0.1028
41.06,29.77,0.0318,0.38,0.1172,0.029
41.06,29.77,0.0504,0.44,0.1148,0.1117
41.06,29.77,0.0606,0.38,0.1232,0.1275
41.06,29.77,0.0895,0.45,0.1175,0.1128
41.06,29.77,0.1095,0.48,0.115,0.0663
41.06,29.77,0.1392,0.57,0.0768,0.1411
41.06,29.77,0.1488,0.63,0.0435,0.077
41.06,29.77,0.1279,0.61,0.0503,0.0294
41.06,29.77,0.1032,0.6,0.0847,0.034
41.06,29.77,0.0669,0.52,0.096,0.0935
41.06,29.77,0.0382,0.42,0.1183,0.2478
41.06,29.77,0.0287,0.38,0.1089,0.1028
41.06,29.8,0.0318,0.38,0.1172,0.029
41.06,29.8,0.0504,0.44,0.1148,0.1117
41.06,29.8,0.0606,0.38,0.1232,0.1275
41.06,29.8,0.0895,0.45,0.1175,0.1128
41.06,29.8,0.1095,0.48,0.115,0.0663
41.06,29.8,0.1392,0.57,0.0768,0.1411
41.06,29.8,0.1488,0.63,0.0435,0.077
41.06,29.8,0.1279,0.61,0.0503,0.0294
41.06,29.8,0.1032,0.6,0.0847,0.034
41.06,29.8,0.0669,0.52,0.096,0.0935
41.06,29.8,0.0382,0.42,0.1183,0.2478
41.06,29.8,0.0287,0.38,0.1089,0.1028
41.06,29.83,0.0318,0.38,0.1172,0.029
41.06,29.83,0.0504,0.44,0.1148,0.1117
41.06,29.83,0.0606,0.38,0.1232,0.1275
41.06,29.83,0.0895,0.45,0.1175,0.1128
41.06,29.83,0.1095,0.48,0.115,0.0663
41.06,29.83,0.1392,0.57,0.0768,0.1411
41.06,29.83,0.1488,0.63,0.0435,0.077
41.06,29.83,0.1279,0.61,0.0503,0.0294
41.06,29.83,0.1032,0.6,0.0847,0.034
41.06,29.83,0.0669,0.52,0.096,0.0935
41.06,29.83,0.0382,0.42,0.1183,0.2478
41.06,29.83,0.0287,0.38,0.1089,0.1028
41.06,29.86,0.0318,0.38,0.1172,0.029
41.06,29.86,0.0504,0.44,0.1148,0.1117
41.06,29.86,0.0606,0.38,0.1232,0.1275
41.06,29.86,0.0895,0.45,0.1175,0.1128
41.06,29.86,0.1095,0.48,0.115,0.0663
41.06,29.86,0.1392,0.57,0.0768,0.1411
41.06,29.86,0.1488,0.63,0.0435,0.077
41.06,29.86,0.1279,0.61,0.0503,0.0294
41.06,29.86,0.1032,0.6,0.0847,0.034
41.06,29.86,0.0669,0.52,0.096,0.0935
41.06,29.86,0.0382,0.42,0.1183,0.2478
41.06,29.86,0.0287,0.38,0.1089,0.1028
41.08,28.0,0.0321,0.38,0.1059,0.0312
41.08,28.0,0.0517,0.45,0.0999,0.0498
41.08,28.0,0.0646,0.41,0.1079,0.0852
41.08,28.0,0.0909,0.45,0.1096,0.1114
41.08,28.0,0.1096,0.48,0.1087,0.0423
41.08,28.0,0.1397,0.58,0.0686,0.0329
41.08,28.0,0.1521,0.65,0.0361,0.0097
41.08,28.0,0.1249,0.59,0.0476,0.0075
41.08,28.0,0.0973,0.56,0.0697,0.0344
41.08,28.0,0.067,0.52,0.075,0.0254
41.08,28.0,0.0378,0.41,0.1032,0.2367
41.08,28.0,0.028,0.38,0.0983,0.0938
41.08,28.03,0.0321,0.38,0.1059,0.0312
41.08,28.03,0.0517,0.45,0.0999,0.0498
41.08,28.03,0.0646,0.41,0.1079,0.0852
41.08,28.03,0.0909,0.45,0.1096,0.1114
41.08,28.03,0.1096,0.48,0.1087,0.0423
41.08,28.03,0.1397,0.58,0.0686,0.0329
41.08,28.03,0.1521,0.65,0.0361,0.0097
41.08,28.03,0.1249,0.59,0.0476,0.0075
41.08,28.03,0.0973,0.56,0.0697,0.0344
41.08,28.03,0.067,0.52,0.075,0.0254
41.08,28.03,0.0378,0.41,0.1032,0.2367
41.08,28.03,0.028,0.38,0.0983,0.0938
41.08,28.06,0.0321,0.38,0.1059,0.0312
41.08,28.06,0.0517,0.45,0.0999,0.0498
41.08,28.06,0.0646,0.41,0.1079,0.0852
41.08,28.06,0.0909,0.45,0.1096,0.1114
41.08,28.06,0.1096,0.48,0.1087,0.0423
41.08,28.06,0.1397,0.58,0.0686,0.0329
41.08,28.06,0.1521,0.65,0.0361,0.0097
41.08,28.06,0.1249,0.59,0.0476,0.0075
41.08,28.06,0.0973,0.56,0.0697,0.0344
41.08,28.06,0.067,0.52,0.075,0.0254
41.08,28.06,0.0378,0.41,0.1032,0.2367
41.08,28.06,0.028,0.38,0.0983,0.0938
41.08,28.09,0.0321,0.38,0.1059,0.0312
41.08,28.09,0.0517,0.45,0.0999,0.0498
41.08,28.09,0.0646,0.41,0.1079,0.0852
41.08,28.09,0.0909,0.45,0.1096,0.1114
41.08,28.09,0.1096,0.48,0.1087,0.0423
41.08,28.09,0.1397,0.58,0.0686,0.0329
41.08,28.09,0.1521,0.65,0.0361,0.0097
41.08,28.09,0.1249,0.59,0.0476,0.0075
41.08,28.09,0.0973,0.56,0.0697,0.0344
41.08,28.09,0.067,0.52,0.075,0.0254
41.08,28.09,0.0378,0.41,0.1032,0.2367
41.08,28.09,0.028,0.38,0.0983,0.0938
41.08,28.12,0.0321,0.38,0.1059,0.0312
41.08,28.12,0.0517,0.45,0.0999,0.0498
41.08,28.12,0.0646,0.41,0.1079,0.0852
41.08,28.12,0.0909,0.45,0.1096,0.1114
41.08,28.12,0.1096,0.48,0.1087,0.0423
41.08,28.12,0.1397,0.58,0.0686,0.0329
41.08,28.12,0.1521,0.65,0.0361,0.0097
41.08,28.12,0.1249,0.59,0.0476,0.0075
41.08,28.12,0.0973,0.56,0.0697,0.0344
41.08,28.12,0.067,0.52,0.075,0.0254
41.08,28.12,0.0378,0.41,0.1032,0.2367
41.08,28.12,0.028,0.38,0.0983,0.0938
41.08,28.15,0.0321,0.38,0.1059,0.0312
41.08,28.15,0.0517,0.45,0.0999,0.0498
41.08,28.15,0.0646,0.41,0.1079,0.0852
41.08,28.15,0.0909,0.45,0.1096,0.1114
41.08,28.15,0.1096,0.48,0.1087,0.0423
41.08,28.15,0.1397,0.58,0.0686,0.0329
41.08,28.15,0.1521,0.65,0.0361,0.0097
41.08,28.15,0.1249,0.59,0.0476,0.0075
41.08,28.15,0.0973,0.56,0.0697,0.0344
41.08,28.15,0.067,0.52,0.075,0.0254
41.08,28.15,0.0378,0.41,0.1032,0.2367
41.08,28.15,0.028,0.38,0.0983,0.0938
41.08,28.18,0.0321,0.38,0.1059,0.0312
41.08,28.18,0.0517,0.45,0.0999,0.0498
41.08,28.18,0.0646,0.41,0.1079,0.0852
41.08,28.18,0.0909,0.45,0.1096,0.1114
41.08,28.18,0.1096,0.48,0.1087,0.0423
41.08,28.18,0.1397,0.58,0.0686,0.0329
41.08,28.18,0.1521,0.65,0.0361,0.0097
41.08,28.18,0.1249,0.59,0.0476,0.0075
41.08,28.18,0.0973,0.56,0.0697,0.0344
41.08,28.18,0.067,0.52,0.075,0.0254
41.08,28.18,0.0378,0.41,0.1032,0.2367
41.08,28.18,0.028,0.38,0.0983,0.0938
41.08,28.21,0.0321,0.38,0.1059,0.0312
41.08,28.21,0.0517,0.45,0.0999,0.0498
41.08,28.21,0.0646,0.41,0.1079,0.0852
41.08,28.21,0.0909,0.45,0.1096,0.1114
41.08,28.21,0.1096,0.48,0.1087,0.0423
41.08,28.21,0.1397,0.58,0.0686,0.0329
41.08,28.21,0.1521,0.65,0.0361,0.0097
41.08,28.21,0.1249,0.59,0.0476,0.0075
41.08,28.21,0.0973,0.56,0.0697,0.0344
41.08,28.21,0.067,0.52,0.075,0.0254
41.08,28.21,0.0378,0.41,0.1032,0.2367
41.08,28.21,0.028,0.38,0.0983,0.0938
41.08,28.24,0.0321,0.38,0.1059,0.0312
41.08,28.24,0.0517,0.45,0.0999,0.0498
41.08,28.24,0.0646,0.41,0.1079,0.0852
41.08,28.24,0.0909,0.45,0.1096,0.1114
41.08,28.24,0.1096,0.48,0.1087,0.0423
41.08,28.24,0.1397,0.58,0.0686,0.0329
41.08,28.24,0.1521,0.65,0.0361,0.0097
41.08,28.24,0.1249,0.59,0.0476,0.0075
41.08,28.24,0.0973,0.56,0.0697,0.0344
41.08,28.24,0.067,0.52,0.075,0.0254
41.08,28.24,0.0378,0.41,0.1032,0.2367
41.08,28.24,0.028,0.38,0.0983,0.0938
41.08,28.27,0.0321,0.38,0.1059,0.0312
41.08,28.27,0.0517,0.45,0.0999,0.0498
41.08,28.27,0.0646,0.41,0.1079,0.0852
41.08,28.27,0.0909,0.45,0.1096,0.1114
41.08,28.27,0.1096,0.48,0.1087,0.0423
41.08,28.27,0.1397,0.58,0.0686,0.0329
41.08,28.27,0.1521,0.65,0.0361,0.0097
41.08,28.27,0.1249,0.59,0.0476,0.0075
41.08,28.27,0.0973,0.56,0.0697,0.0344
41.08,28.27,0.067,0.52,0.075,0.0254
41.08,28.27,0.0378,0.41,0.1032,0.2367
41.08,28.27,0.028,0.38,0.0983,0.0938
41.08,28.3,0.0321,0.38,0.1059,0.0312
41.08,28.3,0.0517,0.45,0.0999,0.0498
41.08,28.3,0.0646,0.41,0.1079,0.0852
41.08,28.3,0.0909,0.45,0.1096,0.1114
41.08,28.3,0.1096,0.48,0.1087,0.0423
41.08,28.3,0.1397,0.58,0.0686,0.0329
41.08,28.3,0.1521,0.65,0.0361,0.0097
41.08,28.3,0.1249,0.59,0.0476,0.0075
41.08,28.3,0.0973,0.56,0.0697,0.0344
41.08,28.3,0.067,0.52,0.075,0.0254
41.08,28.3,0.0378,0.41,0.1032,0.2367
41.08,28.3,0.028,0.38,0.0983,0.0938
41.08,28.33,0.0321,0.38,0.1059,0.0312
41.08,28.33,0.0517,0.45,0.0999,0.0498
41.08,28.33,0.0646,0.41,0.1079,0.0852
41.08,28.33,0.0909,0.45,0.1096,0.1114
41.08,28.33,0.1096,0.48,0.1087,0.0423
41.08,28.33,0.1397,0.58,0.0686,0.0329
41.08,28.33,0.1521,0.65,0.0361,0.0097
41.08,28.33,0.1249,0.59,0.0476,0.0075
41.08,28.33,0.0973,0.56,0.0697,0.0344
41.08,28.33,0.067,0.52,0.075,0.0254
41.08,28.33,0.0378,0.41,0.1032,0.2367
41.08,28.33,0.028,0.38,0.0983,0.0938
41.08,28.36,0.0321,0.38,0.1059,0.0312
41.08,28.36,0.0517,0.45,0.0999,0.0498
41.08,28.36,0.0646,0.41,0.1079,0.0852
41.08,28.36,0.0909,0.45,0.1096,0.1114
41.08,28.36,0.1096,0.48,0.1087,0.0423
41.08,28.36,0.1397,0.58,0.0686,0.0329
41.08,28.36,0.1521,0.65,0.0361,0.0097
41.08,28.36,0.1249,0.59,0.0476,0.0075
41.08,28.36,0.0973,0.56,0.0697,0.0344
41.08,28.36,0.067,0.52,0.075,0.0254
41.08,28.36,0.0378,0.41,0.1032,0.2367
41.08,28.36,0.028,0.38,0.0983,0.0938
41.08,28.39,0.0321,0.38,0.1059,0.0312
41.08,28.39,0.0517,0.45,0.0999,0.0498
41.08,28.39,0.0646,0.41,0.1079,0.0852
41.08,28.39,0.0909,0.45,0.1096,0.1114
41.08,28.39,0.1096,0.48,0.1087,0.0423
41.08,28.39,0.1397,0.58,0.0686,0.0329
41.08,28.39,0.1521,0.65,0.0361,0.0097
41.08,28.39,0.1249,0.59,0.0476,0.0075
41.08,28.39,0.0973,0.56,0.0697,0.0344
41.08,28.39,0.067,0.52,0.075,0.0254
41.08,28.39,0.0378,0.41,0.1032,0.2367
41.08,28.39,0.028,0.38,0.0983,0.0938
41.08,28.42,0.0321,0.38,0.1059,0.0312
41.08,28.42,0.0517,0.45,0.0999,0.0498
41.08,28.42,0.0646,0.41,0.1079,0.0852
41.08,28.42,0.0909,0.45,0.1096,0.1114
41.08,28.42,0.1096,0.48,0.1087,0.0423
41.08,28.42,0.1397,0.58,0.0686,0.0329
41.08,28.42,0.1521,0.65,0.0361,0.0097
41.08,28.42,0.1249,0.59,0.0476,0.0075
41.08,28.42,0.0973,0.56,0.0697,0.0344
41.08,28.42,0.067,0.52,0.075,0.0254
41.08,28.42,0.0378,0.41,0.1032,0.2367
41.08,28.42,0.028,0.38,0.0983,0.0938
41.08,28.45,0.0321,0.38,0.1059,0.0258
41.08,28.45,0.0517,0.45,0.0999,0.0655
41.08,28.45,0.0646,0.41,0.1079,0.0892
41.08,28.45,0.0909,0.45,0.1096,0.1099
41.08,28.45,0.1096,0.48,0.1087,0.0444
41.08,28.45,0.1397,0.58,0.0686,0.0308
41.08,28.45,0.1521,0.65,0.0361,0.0118
41.08,28.45,0.1249,0.59,0.0476,0.0107
41.08,28.45,0.0973,0.56,0.0697,0.0254
41.08,28.45,0.067,0.52,0.075,0.0412
41.08,28.45,0.0378,0.41,0.1032,0.2281
41.08,28.45,0.028,0.38,0.0983,0.0824
41.08,28.48,0.0321,0.38,0.1059,0.0258
41.08,28.48,0.0517,0.45,0.0999,0.0655
41.08,28.48,0.0646,0.41,0.1079,0.0892
41.08,28.48,0.0909,0.45,0.1096,0.1099
41.08,28.48,0.1096,0.48,0.1087,0.0444
41.08,28.48,0.1397,0.58,0.0686,0.0308
41.08,28.48,0.1521,0.65,0.0361,0.0118
41.08,28.48,0.1249,0.59,0.0476,0.0107
41.08,28.48,0.0973,0.56,0.0697,0.0254
41.08,28.48,0.067,0.52,0.075,0.0412
41.08,28.48,0.0378,0.41,0.1032,0.2281
41.08,28.48,0.028,0.38,0.0983,0.0824
41.08,28.51,0.0321,0.38,0.1059,0.0258
41.08,28.51,0.0517,0.45,0.0999,0.0655
41.08,28.51,0.0646,0.41,0.1079,0.0892
41.08,28.51,0.0909,0.45,0.1096,0.1099
41.08,28.51,0.1096,0.48,0.1087,0.0444
41.08,28.51,0.1397,0.58,0.0686,0.0308
41.08,28.51,0.1521,0.65,0.0361,0.0118
41.08,28.51,0.1249,0.59,0.0476,0.0107
41.08,28.51,0.0973,0.56,0.0697,0.0254
41.08,28.51,0.067,0.52,0.075,0.0412
41.08,28.51,0.0378,0.41,0.1032,0.2281
41.08,28.51,0.028,0.38,0.0983,0.0824
41.08,28.54,0.0321,0.38,0.1059,0.0258
41.08,28.54,0.0517,0.45,0.0999,0.0655
41.08,28.54,0.0646,0.41,0.1079,0.0892
41.08,28.54,0.0909,0.45,0.1096,0.1099
41.08,28.54,0.1096,0.48,0.1087,0.0444
41.08,28.54,0.1397,0.58,0.0686,0.0308
41.08,28.54,0.1521,0.65,0.0361,0.0118
41.08,28.54,0.1249,0.59,0.0476,0.0107
41.08,28.54,0.0973,0.56,0.0697,0.0254
41.08,28.54,0.067,0.52,0.075,0.0412
41.08,28.54,0.0378,0.41,0.1032,0.2281
41.08,28.54,0.028,0.38,0.0983,0.0824
41.08,28.57,0.0321,0.38,0.1059,0.0258
41.08,28.57,0.0517,0.45,0.0999,0.0655
41.08,28.57,0.0646,0.41,0.1079,0.0892
41.08,28.57,0.0909,0.45,0.1096,0.1099
41.08,28.57,0.1096,0.48,0.1087,0.0444
41.08,28.57,0.1397,0.58,0.0686,0.0308
41.08,28.57,0.1521,0.65,0.0361,0.0118
41.08,28.57,0.1249,0.59,0.0476,0.0107
41.08,28.57,0.0973,0.56,0.0697,0.0254
41.08,28.57,0.067,0.52,0.075,0.0412
41.08,28.57,0.0378,0.41,0.1032,0.2281
41.08,28.57,0.028,0.38,0.0983,0.0824
41.08,28.6,0.0321,0.38,0.1059,0.0258
41.08,28.6,0.0517,0.45,0.0999,0.0655
41.08,28.6,0.0646,0.41,0.1079,0.0892
41.08,28.6,0.0909,0.45,0.1096,0.1099
41.08,28.6,0.1096,0.48,0.1087,0.0444
41.08,28.6,0.1397,0.58,0.0686,0.0308
41.08,28.6,0.1521,0.65,0.0361,0.0118
41.08,28.6,0.1249,0.59,0.0476,0.0107
41.08,28.6,0.0973,0.56,0.0697,0.0254
41.08,28.6,0.067,0.52,0.075,0.0412
41.08,28.6,0.0378,0.41,0.1032,0.2281
41.08,28.6,0.028,0.38,0.0983,0.0824
41.08,28.63,0.0321,0.38,0.1059,0.0258
41.08,28.63,0.0517,0.45,0.0999,0.0655
41.08,28.63,0.0646,0.41,0.1079,0.0892
41.08,28.63,0.0909,0.45,0.1096,0.1099
41.08,28.63,0.1096,0.48,0.1087,0.0444
41.08,28.63,0.1397,0.58,0.0686,0.0308
41.08,28.63,0.1521,0.65,0.0361,0.0118
41.08,28.63,0.1249,0.59,0.0476,0.0107
41.08,28.63,0.0973,0.56,0.0697,0.0254
41.08,28.63,0.067,0.52,0.075,0.0412
41.08,28.63,0.0378,0.41,0.1032,0.2281
41.08,28.63,0.028,0.38,0.0983,0.0824
41.08,28.66,0.0321,0.38,0.1059,0.0258
41.08,28.66,0.0517,0.45,0.0999,0.0655
41.08,28.66,0.0646,0.41,0.1079,0.0892
41.08,28.66,0.0909,0.45,0.1096,0.1099
41.08,28.66,0.1096,0.48,0.1087,0.0444
41.08,28.66,0.1397,0.58,0.0686,0.0308
41.08,28.66,0.1521,0.65,0.0361,0.0118
41.08,28.66,0.1249,0.59,0.0476,0.0107
41.08,28.66,0.0973,0.56,0.0697,0.0254
41.08,28.66,0.067,0.52,0.075,0.0412
41.08,28.66,0.0378,0.41,0.1032,0.2281
41.08,28.66,0.028,0.38,0.0983,0.0824
41.08,28.69,0.0321,0.38,0.1059,0.0258
41.08,28.69,0.0517,0.45,0.0999,0.0655
41.08,28.69,0.0646,0.41,0.1079,0.0892
41.08,28.69,0.0909,0.45,0.1096,0.1099
41.08,28.69,0.1096,0.48,0.1087,0.0444
41.08,28.69,0.1397,0.58,0.0686,0.0308
41.08,28.69,0.1521,0.65,0.0361,0.0118
41.08,28.69,0.1249,0.59,0.0476,0.0107
41.08,28.69,0.0973,0.56,0.0697,0.0254
41.08,28.69,0.067,0.52,0.075,0.0412
41.08,28.69,0.0378,0.41,0.1032,0.2281
41.08,28.69,0.028,0.38,0.0983,0.0824
41.08,28.72,0.0321,0.38,0.1059,0.0258
41.08,28.72,0.0517,0.45,0.0999,0.0655
41.08,28.72,0.0646,0.41,0.1079,0.0892
41.08,28.72,0.0909,0.45,0.1096,0.1099
41.08,28.72,0.1096,0.48,0.1087,0.0444
41.08,28.72,0.1397,0.58,0.0686,0.0308
41.08,28.72,0.1521,0.65,0.0361,0.0118
41.08,28.72,0.1249,0.59,0.0476,0.0107
41.08,28.72,0.0973,0.56,0.0697,0.0254
41.08,28.72,0.067,0.52,0.075,0.0412
41.08,28.72,0.0378,0.41,0.1032,0.2281
41.08,28.72,0.028,0.38,0.0983,0.0824
41.08,28.75,0.0321,0.38,0.1059,0.0258
41.08,28.75,0.0517,0.45,0.0999,0.0655
41.08,28.75,0.0646,0.41,0.1079,0.0892
41.08,28.75,0.0909,0.45,0.1096,0.1099
41.08,28.75,0.1096,0.48,0.1087,0.0444
41.08,28.75,0.1397,0.58,0.0686,0.0308
41.08,28.75,0.1521,0.65,0.0361,0.0118
41.08,28.75,0.1249,0.59,0.0476,0.0107
41.08,28.75,0.0973,0.56,0.0697,0.0254
41.08,28.75,0.067,0.52,0.075,0.0412
41.08,28.75,0.0378,0.41,0.1032,0.2281
41.08,28.75,0.028,0.38,0.0983,0.0824
41.08,28.78,0.0321,0.38,0.1059,0.0258
41.08,28.78,0.0517,0.45,0.0999,0.0655
41.08,28.78,0.0646,0.41,0.1079,0.0892
41.08,28.78,0.0909,0.45,0.1096,0.1099
41.08,28.78,0.1096,0.48,0.1087,0.0444
41.08,28.78,0.1397,0.58,0.0686,0.0308
41.08,28.78,0.1521,0.65,0.0361,0.0118
41.08,28.78,0.1249,0.59,0.0476,0.0107
41.08,28.78,0.0973,0.56,0.0697,0.0254
41.08,28.78,0.067,0.52,0.075,0.0412
41.08,28.78,0.0378,0.41,0.1032,0.2281
41.08,28.78,0.028,0.38,0.0983,0.0824
41.08,28.81,0.0321,0.38,0.1059,0.0258
41.08,28.81,0.0517,0.45,0.0999,0.0655
41.08,28.81,0.0646,0.41,0.1079,0.0892
41.08,28.81,0.0909,0.45,0.1096,0.1099
41.08,28.81,0.1096,0.48,0.1087,0.0444
41.08,28.81,0.1397,0.58,0.0686,0.0308
41.08,28.81,0.1521,0.65,0.0361,0.0118
41.08,28.81,0.1249,0.59,0.0476,0.0107
41.08,28.81,0.0973,0.56,0.0697,0.0254
41.08,28.81,0.067,0.52,0.075,0.0412
41.08,28.81,0.0378,0.41,0.1032,0.2281
41.08,28.81,0.028,0.38,0.0983,0.0824
41.08,28.84,0.0321,0.38,0.1059,0.0258
41.08,28.84,0.0517,0.45,0.0999,0.0655
41.08,28.84,0.0646,0.41,0.1079,0.0892
41.08,28.84,0.0909,0.45,0.1096,0.1099
41.08,28.84,0.1096,0.48,0.1087,0.0444
41.08,28.84,0.1397,0.58,0.0686,0.0308
41.08,28.84,0.1521,0.65,0.0361,0.0118
41.08,28.84,0.1249,0.59,0.0476,0.0107
41.08,28.84,0.0973,0.56,0.0697,0.0254
41.08,28.84,0.067,0.52,0.075,0.0412
41.08,28.84,0.0378,0.41,0.1032,0.2281
41.08,28.84,0.028,0.38,0.0983,0.0824
41.08,28.87,0.0321,0.38,0.1059,0.0258
41.08,28.87,0.0517,0.45,0.0999,0.0655
41.08,28.87,0.0646,0.41,0.1079,0.0892
41.08,28.87,0.0909,0.45,0.1096,0.1099
41.08,28.87,0.1096,0.48,0.1087,0.0444
41.08,28.87,0.1397,0.58,0.0686,0.0308
41.08,28.87,0.1521,0.65,0.0361,0.0118
41.08,28.87,0.1249,0.59,0.0476,0.0107
41.08,28.87,0.0973,0.56,0.0697,0.0254
41.08,28.87,0.067,0.52,0.075,0.0412
41.08,28.87,0.0378,0.41,0.1032,0.2281
41.08,28.87,0.028,0.38,0.0983,0.0824
41.08,28.9,0.0321,0.38,0.1059,0.0258
41.08,28.9,0.0517,0.45,0.0999,0.0655
41.08,28.9,0.0646,0.41,0.1079,0.0892
41.08,28.9,0.0909,0.45,0.1096,0.1099
41.08,28.9,0.1096,0.48,0.1087,0.0444
41.08,28.9,0.1397,0.58,0.0686,0.0308
41.08,28.9,0.1521,0.65,0.0361,0.0118
41.08,28.9,0.1249,0.59,0.0476,0.0107
41.08,28.9,0.0973,0.56,0.0697,0.0254
41.08,28.9,0.067,0.52,0.075,0.0412
41.08,28.9,0.0378,0.41,0.1032,0.2281
41.08,28.9,0.028,0.38,0.0983,0.0824
41.08,28.93,0.0321,0.38,0.1059,0.0258
41.08,28.93,0.0517,0.45,0.0999,0.0655
41.08,28.93,0.0646,0.41,0.1079,0.0892
41.08,28.93,0.0909,0.45,0.1096,0.1099
41.08,28.93,0.1096,0.48,0.1087,0.0444
41.08,28.93,0.1397,0.58,0.0686,0.0308
41.08,28.93,0.1521,0.65,0.0361,0.0118
41.08,28.93,0.1249,0.59,0.0476,0.0107
41.08,28.93,0.0973,0.56,0.0697,0.0254
41.08,28.93,0.067,0.52,0.075,0.0412
41.08,28.93,0.0378,0.41,0.1032,0.2281
41.08,28.93,0.028,0.38,0.0983,0.0824
41.08,28.96,0.0321,0.38,0.1059,0.0258
41.08,28.96,0.0517,0.45,0.0999,0.0655
41.08,28.96,0.0646,0.41,0.1079,0.0892
41.08,28.96,0.0909,0.45,0.1096,0.1099
41.08,28.96,0.1096,0.48,0.1087,0.0444
41.08,28.96,0.1397,0.58,0.0686,0.0308
41.08,28.96,0.1521,0.65,0.0361,0.0118
41.08,28.96,0.1249,0.59,0.0476,0.0107
41.08,28.96,0.0973,0.56,0.0697,0.0254
41.08,28.96,0.067,0.52,0.075,0.0412
41.08,28.96,0.0378,0.41,0.1032,0.2281
41.08,28.96,0.028,0.38,0.0983,0.0824
41.08,28.99,0.0321,0.38,0.1059,0.0258
41.08,28.99,0.0517,0.45,0.0999,0.0655
41.08,28.99,0.0646,0.41,0.1079,0.0892
41.08,28.99,0.0909,0.45,0.1096,0.1099
41.08,28.99,0.1096,0.48,0.1087,0.0444
41.08,28.99,0.1397,0.58,0.0686,0.0308
41.08,28.99,0.1521,0.65,0.0361,0.0118
41.08,28.99,0.1249,0.59,0.0476,0.0107
41.08,28.99,0.0973,0.56,0.0697,0.0254
41.08,28.99,0.067,0.52,0.075,0.0412
41.08,28.99,0.0378,0.41,0.1032,0.2281
41.08,28.99,0.028,0.38,0.0983,0.0824
41.08,29.02,0.0318,0.38,0.1172,0.0258
41.08,29.02,0.0504,0.44,0.1148,0.0655
41.08,29.02,0.0606,0.38,0.1232,0.0892
41.08,29.02,0.0895,0.45,0.1175,0.1099
41.08,29.02,0.1095,0.48,0.115,0.0444
41.08,29.02,0.1392,0.57,0.0768,0.0308
41.08,29.02,0.1488,0.63,0.0435,0.0118
41.08,29.02,0.1279,0.61,0.0503,0.0107
41.08,29.02,0.1032,0.6,0.0847,0.0254
41.08,29.02,0.0669,0.52,0.096,0.0412
41.08,29.02,0.0382,0.42,0.1183,0.2281
41.08,29.02,0.0287,0.38,0.1089,0.0824
41.08,29.05,0.0318,0.38,0.1172,0.0258
41.08,29.05,0.0504,0.44,0.1148,0.0655
41.08,29.05,0.0606,0.38,0.1232,0.0892
41.08,29.05,0.0895,0.45,0.1175,0.1099
41.08,29.05,0.1095,0.48,0.115,0.0444
41.08,29.05,0.1392,0.57,0.0768,0.0308
41.08,29.05,0.1488,0.63,0.0435,0.0118
41.08,29.05,0.1279,0.61,0.0503,0.0107
41.08,29.05,0.1032,0.6,0.0847,0.0254
41.08,29.05,0.0669,0.52,0.096,0.0412
41.08,29.05,0.0382,0.42,0.1183,0.2281
41.08,29.05,0.0287,0.38,0.1089,0.0824
41.08,29.08,0.0318,0.38,0.1172,0.0258
41.08,29.08,0.0504,0.44,0.1148,0.0906
41.08,29.08,0.0606,0.38,0.1232,0.1031
41.08,29.08,0.0895,0.45,0.1175,0.1085
41.08,29.08,0.1095,0.48,0.115,0.0483
41.08,29.08,0.1392,0.57,0.0768,0.0559
41.08,29.08,0.1488,0.63,0.0435,0.0283
41.08,29.08,0.1279,0.61,0.0503,0.0183
41.08,29.08,0.1032,0.6,0.0847,0.0319
41.08,29.08,0.0669,0.52,0.096,0.0655
41.08,29.08,0.0382,0.42,0.1183,0.2496
41.08,29.08,0.0287,0.38,0.1089,0.0877
41.08,29.11,0.0318,0.38,0.1172,0.0258
41.08,29.11,0.0504,0.44,0.1148,0.0906
41.08,29.11,0.0606,0.38,0.1232,0.1031
41.08,29.11,0.0895,0.45,0.1175,0.1085
41.08,29.11,0.1095,0.48,0.115,0.0483
41.08,29.11,0.1392,0.57,0.0768,0.0559
41.08,29.11,0.1488,0.63,0.0435,0.0283
41.08,29.11,0.1279,0.61,0.0503,0.0183
41.08,29.11,0.1032,0.6,0.0847,0.0319
41.08,29.11,0.0669,0.52,0.096,0.0655
41.08,29.11,0.0382,0.42,0.1183,0.2496
41.08,29.11,0.0287,0.38,0.1089,0.0877
41.08,29.14,0.0318,0.38,0.1172,0.0258
41.08,29.14,0.0504,0.44,0.1148,0.0906
41.08,29.14,0.0606,0.38,0.1232,0.1031
41.08,29.14,0.0895,0.45,0.1175,0.1085
41.08,29.14,0.1095,0.48,0.115,0.0483
41.08,29.14,0.1392,0.57,0.0768,0.0559
41.08,29.14,0.1488,0.63,0.0435,0.0283
41.08,29.14,0.1279,0.61,0.0503,0.0183
41.08,29.14,0.1032,0.6,0.0847,0.0319
41.08,29.14,0.0669,0.52,0.096,0.0655
41.08,29.14,0.0382,0.42,0.1183,0.2496
41.08,29.14,0.0287,0.38,0.1089,0.0877
41.08,29.17,0.0318,0.38,0.1172,0.0258
41.08,29.17,0.0504,0.44,0.1148,0.0906
41.08,29.17,0.0606,0.38,0.1232,0.1031
41.08,29.17,0.0895,0.45,0.1175,0.1085
41.08,29.17,0.1095,0.48,0.115,0.0483
41.08,29.17,0.1392,0.57,0.0768,0.0559
41.08,29.17,0.1488,0.63,0.0435,0.0283
41.08,29.17,0.1279,0.61,0.0503,0.0183
41.08,29.17,0.1032,0.6,0.0847,0.0319
41.08,29.17,0.0669,0.52,0.096,0.0655
41.08,29.17,0.0382,0.42,0.1183,0.2496
41.08,29.17,0.0287,0.38,0.1089,0.0877
41.08,29.2,0.0318,0.38,0.1172,0.0258
41.08,29.2,0.0504,0.44,0.1148,0.0906
41.08,29.2,0.0606,0.38,0.1232,0.1031
41.08,29.2,0.0895,0.45,0.1175,0.1085
41.08,29.2,0.1095,0.48,0.115,0.0483
41.08,29.2,0.1392,0.57,0.0768,0.0559
41.08,29.2,0.1488,0.63,0.0435,0.0283
41.08,29.2,0.1279,0.61,0.0503,0.0183
41.08,29.2,0.1032,0.6,0.0847,0.0319
41.08,29.2,0.0669,0.52,0.096,0.0655
41.08,29.2,0.0382,0.42,0.1183,0.2496
41.08,29.2,0.0287,0.38,0.1089,0.0877
41.08,29.23,0.0318,0.38,0.1172,0.0258
41.08,29.23,0.0504,0.44,0.1148,0.0906
41.08,29.23,0.0606,0.38,0.1232,0.1031
41.08,29.23,0.0895,0.45,0.1175,0.1085
41.08,29.23,0.1095,0.48,0.115,0.0483
41.08,29.23,0.1392,0.57,0.0768,0.0559
41.08,29.23,0.1488,0.63,0.0435,0.0283
41.08,29.23,0.1279,0.61,0.0503,0.0183
41.08,29.23,0.1032,0.6,0.0847,0.0319
41.08,29.23,0.0669,0.52,0.096,0.0655
41.08,29.23,0.0382,0.42,0.1183,0.2496
41.08,29.23,0.0287,0.38,0.1089,0.0877
41.08,29.26,0.0318,0.38,0.1172,0.0258
41.08,29.26,0.0504,0.44,0.1148,0.0906
41.08,29.26,0.0606,0.38,0.1232,0.1031
41.08,29.26,0.0895,0.45,0.1175,0.1085
41.08,29.26,0.1095,0.48,0.115,0.0483
41.08,29.26,0.1392,0.57,0.0768,0.0559
41.08,29.26,0.1488,0.63,0.0435,0.0283
41.08,29.26,0.1279,0.61,0.0503,0.0183
41.08,29.26,0.1032,0.6,0.0847,0.0319
41.08,29.26,0.0669,0.52,0.096,0.0655
41.08,29.26,0.0382,0.42,0.1183,0.2496
41.08,29.26,0.0287,0.38,0.1089,0.0877
41.08,29.29,0.0318,0.38,0.1172,0.0258
41.08,29.29,0.0504,0.44,0.1148,0.0906
41.08,29.29,0.0606,0.38,0.1232,0.1031
41.08,29.29,0.0895,0.45,0.1175,0.1085
41.08,29.29,0.1095,0.48,0.115,0.0483
41.08,29.29,0.1392,0.57,0.0768,0.0559
41.08,29.29,0.1488,0.63,0.0435,0.0283
41.08,29.29,0.1279,0.61,0.0503,0.0183
41.08,29.29,0.1032,0.6,0.0847,0.0319
41.08,29.29,0.0669,0.52,0.096,0.0655
41.08,29.29,0.0382,0.42,0.1183,0.2496
41.08,29.29,0.0287,0.38,0.1089,0.0877
41.08,29.32,0.0318,0.38,0.1172,0.0258
41.08,29.32,0.0504,0.44,0.1148,0.0906
41.08,29.32,0.0606,0.38,0.1232,0.1031
41.08,29.32,0.0895,0.45,0.1175,0.1085
41.08,29.32,0.1095,0.48,0.115,0.0483
41.08,29.32,0.1392,0.57,0.0768,0.0559
41.08,29.32,0.1488,0.63,0.0435,0.0283
41.08,29.32,0.1279,0.61,0.0503,0.0183
41.08,29.32,0.1032,0.6,0.0847,0.0319
41.08,29.32,0.0669,0.52,0.096,0.0655
41.08,29.32,0.0382,0.42,0.1183,0.2496
41.08,29.32,0.0287,0.38,0.1089,0.0877
41.08,29.35,0.0318,0.38,0.1172,0.0258
41.08,29.35,0.0504,0.44,0.1148,0.0906
41.08,29.35,0.0606,0.38,0.1232,0.1031
41.08,29.35,0.0895,0.45,0.1175,0.1085
41.08,29.35,0.1095,0.48,0.115,0.0483
41.08,29.35,0.1392,0.57,0.0768,0.0559
41.08,29.35,0.1488,0.63,0.0435,0.0283
41.08,29.35,0.1279,0.61,0.0503,0.0183
41.08,29.35,0.1032,0.6,0.0847,0.0319
41.08,29.35,0.0669,0.52,0.096,0.0655
41.08,29.35,0.0382,0.42,0.1183,0.2496
41.08,29.35,0.0287,0.38,0.1089,0.0877
41.08,29.38,0.0318,0.38,0.1172,0.0258
41.08,29.38,0.0504,0.44,0.1148,0.0906
41.08,29.38,0.0606,0.38,0.1232,0.1031
41.08,29.38,0.0895,0.45,0.1175,0.1085
41.08,29.38,0.1095,0.48,0.115,0.0483
41.08,29.38,0.1392,0.57,0.0768,0.0559
41.08,29.38,0.1488,0.63,0.0435,0.0283
41.08,29.38,0.1279,0.61,0.0503,0.0183
41.08,29.38,0.1032,0.6,0.0847,0.0319
41.08,29.38,0.0669,0.52,0.096,0.0655
41.08,29.38,0.0382,0.42,0.1183,0.2496
41.08,29.38,0.0287,0.38,0.1089,0.0877
41.08,29.41,0.0318,0.38,0.1172,0.0258
41.08,29.41,0.0504,0.44,0.1148,0.0906
41.08,29.41,0.0606,0.38,0.1232,0.1031
41.08,29.41,0.0895,0.45,0.1175,0.1085
41.08,29.41,0.1095,0.48,0.115,0.0483
41.08,29.41,0.1392,0.57,0.0768,0.0559
41.08,29.41,0.1488,0.63,0.0435,0.0283
41.08,29.41,0.1279,0.61,0.0503,0.0183
41.08,29.41,0.1032,0.6,0.0847,0.0319
41.08,29.41,0.0669,0.52,0.096,0.0655
41.08,29.41,0.0382,0.42,0.1183,0.2496
41.08,29.41,0.0287,0.38,0.1089,0.0877
41.08,29.44,0.0318,0.38,0.1172,0.0258
41.08,29.44,0.0504,0.44,0.1148,0.0906
41.08,29.44,0.0606,0.38,0.1232,0.1031
41.08,29.44,0.0895,0.45,0.1175,0.1085
41.08,29.44,0.1095,0.48,0.115,0.0483
41.08,29.44,0.1392,0.57,0.0768,0.0559
41.08,29.44,0.1488,0.63,0.0435,0.0283
41.08,29.44,0.1279,0.61,0.0503,0.0183
41.08,29.44,0.1032,0.6,0.0847,0.0319
41.08,29.44,0.0669,0.52,0.096,0.0655
41.08,29.44,0.0382,0.42,0.1183,0.2496
41.08,29.44,0.0287,0.38,0.1089,0.0877
41.08,29.47,0.0318,0.38,0.1172,0.0258
41.08,29.47,0.0504,0.44,0.1148,0.0906
41.08,29.47,0.0606,0.38,0.1232,0.1031
41.08,29.47,0.0895,0.45,0.1175,0.1085
41.08,29.47,0.1095,0.48,0.115,0.0483
41.08,29.47,0.1392,0.57,0.0768,0.0559
41.08,29.47,0.1488,0.63,0.0435,0.0283
41.08,29.47,0.1279,0.61,0.0503,0.0183
41.08,29.47,0.1032,0.6,0.0847,0.0319
41.08,29.47,0.0669,0.52,0.096,0.0655
41.08,29.47,0.0382,0.42,0.1183,0.2496
41.08,29.47,0.0287,0.38,0.1089,0.0877
41.08,29.5,0.0318,0.38,0.1172,0.0258
41.08,29.5,0.0504,0.44,0.1148,0.0906
41.08,29.5,0.0606,0.38,0.1232,0.1031
41.08,29.5,0.0895,0.45,0.1175,0.1085
41.08,29.5,0.1095,0.48,0.115,0.0483
41.08,29.5,0.1392,0.57,0.0768,0.0559
41.08,29.5,0.1488,0.63,0.0435,0.0283
41.08,29.5,0.1279,0.61,0.0503,0.0183
41.08,29.5,0.1032,0.6,0.0847,0.0319
41.08,29.5,0.0669,0.52,0.096,0.0655
41.08,29.5,0.0382,0.42,0.1183,0.2496
41.08,29.5,0.0287,0.38,0.1089,0.0877
41.08,29.53,0.0318,0.38,0.1172,0.0258
41.08,29.53,0.0504,0.44,0.1148,0.0906
41.08,29.53,0.0606,0.38,0.1232,0.1031
41.08,29.53,0.0895,0.45,0.1175,0.1085
41.08,29.53,0.1095,0.48,0.115,0.0483
41.08,29.53,0.1392,0.57,0.0768,0.0559
41.08,29.53,0.1488,0.63,0.0435,0.0283
41.08,29.53,0.1279,0.61,0.0503,0.0183
41.08,29.53,0.1032,0.6,0.0847,0.0319
41.08,29.53,0.0669,0.52,0.096,0.0655
41.08,29.53,0.0382,0.42,0.1183,0.2496
41.08,29.53,0.0287,0.38,0.1089,0.0877
41.08,29.56,0.0318,0.38,0.1172,0.0258
41.08,29.56,0.0504,0.44,0.1148,0.0906
41.08,29.56,0.0606,0.38,0.1232,0.1031
41.08,29.56,0.0895,0.45,0.1175,0.1085
41.08,29.56,0.1095,0.48,0.115,0.0483
41.08,29.56,0.1392,0.57,0.0768,0.0559
41.08,29.56,0.1488,0.63,0.0435,0.0283
41.08,29.56,0.1279,0.61,0.0503,0.0183
41.08,29.56,0.1032,0.6,0.0847,0.0319
41.08,29.56,0.0669,0.52,0.096,0.0655
41.08,29.56,0.0382,0.42,0.1183,0.2496
41.08,29.56,0.0287,0.38,0.1089,0.0877
41.08,29.59,0.0318,0.38,0.1172,0.0258
41.08,29.59,0.0504,0.44,0.1148,0.0906
41.08,29.59,0.0606,0.38,0.1232,0.1031
41.08,29.59,0.0895,0.45,0.1175,0.1085
41.08,29.59,0.1095,0.48,0.115,0.0483
41.08,29.59,0.1392,0.57,0.0768,0.0559
41.08,29.59,0.1488,0.63,0.0435,0.0283
41.08,29.59,0.1279,0.61,0.0503,0.0183
41.08,29.59,0.1032,0.6,0.0847,0.0319
41.08,29.59,0.0669,0.52,0.096,0.0655
41.08,29.59,0.0382,0.42,0.1183,0.2496
41.08,29.59,0.0287,0.38,0.1089,0.0877
41.08,29.62,0.0318,0.38,0.1172,0.0258
41.08,29.62,0.0504,0.44,0.1148,0.0906
41.08,29.62,0.0606,0.38,0.1232,0.1031
41.08,29.62,0.0895,0.45,0.1175,0.1085
41.08,29.62,0.1095,0.48,0.115,0.0483
41.08,29.62,0.1392,0.57,0.0768,0.0559
41.08,29.62,0.1488,0.63,0.0435,0.0283
41.08,29.62,0.1279,0.61,0.0503,0.0183
41.08,29.62,0.1032,0.6,0.0847,0.0319
41.08,29.62,0.0669,0.52,0.096,0.0655
41.08,29.62,0.0382,0.42,0.1183,0.2496
41.08,29.62,0.0287,0.38,0.1089,0.0877
41.08,29.65,0.0318,0.38,0.1172,0.0258
41.08,29.65,0.0504,0.44,0.1148,0.0906
41.08,29.65,0.0606,0.38,0.1232,0.1031
41.08,29.65,0.0895,0.45,0.1175,0.1085
41.08,29.65,0.1095,0.48,0.115,0.0483
41.08,29.65,0.1392,0.57,0.0768,0.0559
41.08,29.65,0.1488,0.63,0.0435,0.0283
41.08,29.65,0.1279,0.61,0.0503,0.0183
41.08,29.65,0.1032,0.6,0.0847,0.0319
41.08,29.65,0.0669,0.52,0.096,0.0655
41.08,29.65,0.0382,0.42,0.1183,0.2496
41.08,29.65,0.0287,0.38,0.1089,0.0877
41.08,29.68,0.0318,0.38,0.1172,0.0258
41.08,29.68,0.0504,0.44,0.1148,0.0906
41.08,29.68,0.0606,0.38,0.1232,0.1031
41.08,29.68,0.0895,0.45,0.1175,0.1085
41.08,29.68,0.1095,0.48,0.115,0.0483
41.08,29.68,0.1392,0.57,0.0768,0.0559
41.08,29.68,0.1488,0.63,0.0435,0.0283
41.08,29.68,0.1279,0.61,0.0503,0.0183
41.08,29.68,0.1032,0.6,0.0847,0.0319
41.08,29.68,0.0669,0.52,0.096,0.0655
41.08,29.68,0.0382,0.42,0.1183,0.2496
41.08,29.68,0.0287,0.38,0.1089,0.0877
41.08,29.71,0.0318,0.38,0.1172,0.029
41.08,29.71,0.0504,0.44,0.1148,0.1117
41.08,29.71,0.0606,0.38,0.1232,0.1275
41.08,29.71,0.0895,0.45,0.1175,0.1128
41.08,29.71,0.1095,0.48,0.115,0.0663
41.08,29.71,0.1392,0.57,0.0768,0.1411
41.08,29.71,0.1488,0.63,0.0435,0.077
41.08,29.71,0.1279,0.61,0.0503,0.0294
41.08,29.71,0.1032,0.6,0.0847,0.034
41.08,29.71,0.0669,0.52,0.096,0.0935
41.08,29.71,0.0382,0.42,0.1183,0.2478
41.08,29.71,0.0287,0.38,0.1089,0.1028
41.08,29.74,0.0318,0.38,0.1172,0.029
41.08,29.74,0.0504,0.44,0.1148,0.1117
41.08,29.74,0.0606,0.38,0.1232,0.1275
41.08,29.74,0.0895,0.45,0.1175,0.1128
41.08,29.74,0.1095,0.48,0.115,0.0663
41.08,29.74,0.1392,0.57,0.0768,0.1411
41.08,29.74,0.1488,0.63,0.0435,0.077
41.08,29.74,0.1279,0.61,0.0503,0.0294
41.08,29.74,0.1032,0.6,0.0847,0.034
41.08,29.74,0.0669,0.52,0.096,0.0935
41.08,29.74,0.0382,0.42,0.1183,0.2478
41.08,29.74,0.0287,0.38,0.1089,0.1028
41.08,29.77,0.0318,0.38,0.1172,0.029
41.08,29.77,0.0504,0.44,0.1148,0.1117
41.08,29.77,0.0606,0.38,0.1232,0.1275
41.08,29.77,0.0895,0.45,0.1175,0.1128
41.08,29.77,0.1095,0.48,0.115,0.0663
41.08,29.77,0.1392,0.57,0.0768,0.1411
41.08,29.77,0.1488,0.63,0.0435,0.077
41.08,29.77,0.1279,0.61,0.0503,0.0294
41.08,29.77,0.1032,0.6,0.0847,0.034
41.08,29.77,0.0669,0.52,0.096,0.0935
41.08,29.77,0.0382,0.42,0.1183,0.2478
41.08,29.77,0.0287,0.38,0.1089,0.1028
41.08,29.8,0.0318,0.38,0.1172,0.029
41.08,29.8,0.0504,0.44,0.1148,0.1117
41.08,29.8,0.0606,0.38,0.1232,0.1275
41.08,29.8,0.0895,0.45,0.1175,0.1128
41.08,29.8,0.1095,0.48,0.115,0.0663
41.08,29.8,0.1392,0.57,0.0768,0.1411
41.08,29.8,0.1488,0.63,0.0435,0.077
41.08,29.8,0.1279,0.61,0.0503,0.0294
41.08,29.8,0.1032,0.6,0.0847,0.034
41.08,29.8,0.0669,0.52,0.096,0.0935
41.08,29.8,0.0382,0.42,0.1183,0.2478
41.08,29.8,0.0287,0.38,0.1089,0.1028
41.08,29.83,0.0318,0.38,0.1172,0.029
41.08,29.83,0.0504,0.44,0.1148,0.1117
41.08,29.83,0.0606,0.38,0.1232,0.1275
41.08,29.83,0.0895,0.45,0.1175,0.1128
41.08,29.83,0.1095,0.48,0.115,0.0663
41.08,29.83,0.1392,0.57,0.0768,0.1411
41.08,29.83,0.1488,0.63,0.0435,0.077
41.08,29.83,0.1279,0.61,0.0503,0.0294
41.08,29.83,0.1032,0.6,0.0847,0.034
41.08,29.83,0.0669,0.52,0.096,0.0935
41.08,29.83,0.0382,0.42,0.1183,0.2478
41.08,29.83,0.0287,0.38,0.1089,0.1028
41.08,29.86,0.0318,0.38,0.1172,0.029
41.08,29.86,0.0504,0.44,0.1148,0.1117
41.08,29.86,0.0606,0.38,0.1232,0.1275
41.08,29.86,0.0895,0.45,0.1175,0.1128
41.08,29.86,0.1095,0.48,0.115,0.0663
41.08,29.86,0.1392,0.57,0.0768,0.1411
41.08,29.86,0.1488,0.63,0.0435,0.077
41.08,29.86,0.1279,0.61,0.0503,0.0294
41.08,29.86,0.1032,0.6,0.0847,0.034
41.08,29.86,0.0669,0.52,0.096,0.0935
41.08,29.86,0.0382,0.42,0.1183,0.2478
41.08,29.86,0.0287,0.38,0.1089,0.1028
41.08,29.89,0.0318,0.38,0.1172,0.029
41.08,29.89,0.0504,0.44,0.1148,0.1117
41.08,29.89,0.0606,0.38,0.1232,0.1275
41.08,29.89,0.0895,0.45,0.1175,0.1128
41.08,29.89,0.1095,0.48,0.115,0.0663
41.08,29.89,0.1392,0.57,0.0768,0.1411
41.08,29.89,0.1488,0.63,0.0435,0.077
41.08,29.89,0.1279,0.61,0.0503,0.0294
41.08,29.89,0.1032,0.6,0.0847,0.034
41.08,29.89,0.0669,0.52,0.096,0.0935
41.08,29.89,0.0382,0.42,0.1183,0.2478
41.08,29.89,0.0287,0.38,0.1089,0.1028
41.1,28.0,0.0321,0.38,0.1059,0.0312
41.1,28.0,0.0517,0.45,0.0999,0.0498
41.1,28.0,0.0646,0.41,0.1079,0.0852
41.1,28.0,0.0909,0.45,0.1096,0.1114
41.1,28.0,0.1096,0.48,0.1087,0.0423
41.1,28.0,0.1397,0.58,0.0686,0.0329
41.1,28.0,0.1521,0.65,0.0361,0.0097
41.1,28.0,0.1249,0.59,0.0476,0.0075
41.1,28.0,0.0973,0.56,0.0697,0.0344
41.1,28.0,0.067,0.52,0.075,0.0254
41.1,28.0,0.0378,0.41,0.1032,0.2367
41.1,28.0,0.028,0.38,0.0983,0.0938
41.1,28.03,0.0321,0.38,0.1059,0.0312
41.1,28.03,0.0517,0.45,0.0999,0.0498
41.1,28.03,0.0646,0.41,0.1079,0.0852
41.1,28.03,0.0909,0.45,0.1096,0.1114
41.1,28.03,0.1096,0.48,0.1087,0.0423
41.1,28.03,0.1397,0.58,0.0686,0.0329
41.1,28.03,0.1521,0.65,0.0361,0.0097
41.1,28.03,0.1249,0.59,0.0476,0.0075
41.1,28.03,0.0973,0.56,0.0697,0.0344
41.1,28.03,0.067,0.52,0.075,0.0254
41.1,28.03,0.0378,0.41,0.1032,0.2367
41.1,28.03,0.028,0.38,0.0983,0.0938
41.1,28.06,0.0321,0.38,0.1059,0.0312
41.1,28.06,0.0517,0.45,0.0999,0.0498
41.1,28.06,0.0646,0.41,0.1079,0.0852
41.1,28.06,0.0909,0.45,0.1096,0.1114
41.1,28.06,0.1096,0.48,0.1087,0.0423
41.1,28.06,0.1397,0.58,0.0686,0.0329
41.1,28.06,0.1521,0.65,0.0361,0.0097
41.1,28.06,0.1249,0.59,0.0476,0.0075
41.1,28.06,0.0973,0.56,0.0697,0.0344
41.1,28.06,0.067,0.52,0.075,0.0254
41.1,28.06,0.0378,0.41,0.1032,0.2367
41.1,28.06,0.028,0.38,0.0983,0.0938
41.1,28.09,0.0321,0.38,0.1059,0.0312
41.1,28.09,0.0517,0.45,0.0999,0.0498
41.1,28.09,0.0646,0.41,0.1079,0.0852
41.1,28.09,0.0909,0.45,0.1096,0.1114
41.1,28.09,0.1096,0.48,0.1087,0.0423
41.1,28.09,0.1397,0.58,0.0686,0.0329
41.1,28.09,0.1521,0.65,0.0361,0.0097
41.1,28.09,0.1249,0.59,0.0476,0.0075
41.1,28.09,0.0973,0.56,0.0697,0.0344
41.1,28.09,0.067,0.52,0.075,0.0254
41.1,28.09,0.0378,0.41,0.1032,0.2367
41.1,28.09,0.028,0.38,0.0983,0.0938
41.1,28.12,0.0321,0.38,0.1059,0.0312
41.1,28.12,0.0517,0.45,0.0999,0.0498
41.1,28.12,0.0646,0.41,0.1079,0.0852
41.1,28.12,0.0909,0.45,0.1096,0.1114
41.1,28.12,0.1096,0.48,0.1087,0.0423
41.1,28.12,0.1397,0.58,0.0686,0.0329
41.1,28.12,0.1521,0.65,0.0361,0.0097
41.1,28.12,0.1249,0.59,0.0476,0.0075
41.1,28.12,0.0973,0.56,0.0697,0.0344
41.1,28.12,0.067,0.52,0.075,0.0254
41.1,28.12,0.0378,0.41,0.1032,0.2367
41.1,28.12,0.028,0.38,0.0983,0.0938
41.1,28.15,0.0321,0.38,0.1059,0.0312
41.1,28.15,0.0517,0.45,0.0999,0.0498
41.1,28.15,0.0646,0.41,0.1079,0.0852
41.1,28.15,0.0909,0.45,0.1096,0.1114
41.1,28.15,0.1096,0.48,0.1087,0.0423
41.1,28.15,0.1397,0.58,0.0686,0.0329
41.1,28.15,0.1521,0.65,0.0361,0.0097
41.1,28.15,0.1249,0.59,0.0476,0.0075
41.1,28.15,0.0973,0.56,0.0697,0.0344
41.1,28.15,0.067,0.52,0.075,0.0254
41.1,28.15,0.0378,0.41,0.1032,0.2367
41.1,28.15,0.028,0.38,0.0983,0.0938
41.1,28.18,0.0321,0.38,0.1059,0.0312
41.1,28.18,0.0517,0.45,0.0999,0.0498
41.1,28.18,0.0646,0.41,0.1079,0.0852
41.1,28.18,0.0909,0.45,0.1096,0.1114
41.1,28.18,0.1096,0.48,0.1087,0.0423
41.1,28.18,0.1397,0.58,0.0686,0.0329
41.1,28.18,0.1521,0.65,0.0361,0.0097
41.1,28.18,0.1249,0.59,0.0476,0.0075
41.1,28.18,0.0973,0.56,0.0697,0.0344
41.1,28.18,0.067,0.52,0.075,0.0254
41.1,28.18,0.0378,0.41,0.1032,0.2367
41.1,28.18,0.028,0.38,0.0983,0.0938
41.1,28.21,0.0321,0.38,0.1059,0.0312
41.1,28.21,0.0517,0.45,0.0999,0.0498
41.1,28.21,0.0646,0.41,0.1079,0.0852
41.1,28.21,0.0909,0.45,0.1096,0.1114
41.1,28.21,0.1096,0.48,0.1087,0.0423
41.1,28.21,0.1397,0.58,0.0686,0.0329
41.1,28.21,0.1521,0.65,0.0361,0.0097
41.1,28.21,0.1249,0.59,0.0476,0.0075
41.1,28.21,0.0973,0.56,0.0697,0.0344
41.1,28.21,0.067,0.52,0.075,0.0254
41.1,28.21,0.0378,0.41,0.1032,0.2367
41.1,28.21,0.028,0.38,0.0983,0.0938
41.1,28.24,0.0321,0.38,0.1059,0.0312
41.1,28.24,0.0517,0.45,0.0999,0.0498
41.1,28.24,0.0646,0.41,0.1079,0.0852
41.1,28.24,0.0909,0.45,0.1096,0.1114
41.1,28.24,0.1096,0.48,0.1087,0.0423
41.1,28.24,0.1397,0.58,0.0686,0.0329
41.1,28.24,0.1521,0.65,0.0361,0.0097
41.1,28.24,0.1249,0.59,0.0476,0.0075
41.1,28.24,0.0973,0.56,0.0697,0.0344
41.1,28.24,0.067,0.52,0.075,0.0254
41.1,28.24,0.0378,0.41,0.1032,0.2367
41.1,28.24,0.028,0.38,0.0983,0.0938
41.1,28.27,0.0321,0.38,0.1059,0.0312
41.1,28.27,0.0517,0.45,0.0999,0.0498
41.1,28.27,0.0646,0.41,0.1079,0.0852
41.1,28.27,0.0909,0.45,0.1096,0.1114
41.1,28.27,0.1096,0.48,0.1087,0.0423
41.1,28.27,0.1397,0.58,0.0686,0.0329
41.1,28.27,0.1521,0.65,0.0361,0.0097
41.1,28.27,0.1249,0.59,0.0476,0.0075
41.1,28.27,0.0973,0.56,0.0697,0.0344
41.1,28.27,0.067,0.52,0.075,0.0254
41.1,28.27,0.0378,0.41,0.1032,0.2367
41.1,28.27,0.028,0.38,0.0983,0.0938
41.1,28.3,0.0321,0.38,0.1059,0.0312
41.1,28.3,0.0517,0.45,0.0999,0.0498
41.1,28.3,0.0646,0.41,0.1079,0.0852
41.1,28.3,0.0909,0.45,0.1096,0.1114
41.1,28.3,0.1096,0.48,0.1087,0.0423
41.1,28.3,0.1397,0.58,0.0686,0.0329
41.1,28.3,0.1521,0.65,0.0361,0.0097
41.1,28.3,0.1249,0.59,0.0476,0.0075
41.1,28.3,0.0973,0.56,0.0697,0.0344
41.1,28.3,0.067,0.52,0.075,0.0254
41.1,28.3,0.0378,0.41,0.1032,0.2367
41.1,28.3,0.028,0.38,0.0983,0.0938
41.1,28.33,0.0321,0.38,0.1059,0.0312
41.1,28.33,0.0517,0.45,0.0999,0.0498
41.1,28.33,0.0646,0.41,0.1079,0.0852
41.1,28.33,0.0909,0.45,0.1096,0.1114
41.1,28.33,0.1096,0.48,0.1087,0.0423
41.1,28.33,0.1397,0.58,0.0686,0.0329
41.1,28.33,0.1521,0.65,0.0361,0.0097
41.1,28.33,0.1249,0.59,0.0476,0.0075
41.1,28.33,0.0973,0.56,0.0697,0.0344
41.1,28.33,0.067,0.52,0.075,0.0254
41.1,28.33,0.0378,0.41,0.1032,0.2367
41.1,28.33,0.028,0.38,0.0983,0.0938
41.1,28.36,0.0321,0.38,0.1059,0.0312
41.1,28.36,0.0517,0.45,0.0999,0.0498
41.1,28.36,0.0646,0.41,0.1079,0.0852
41.1,28.36,0.0909,0.45,0.1096,0.1114
41.1,28.36,0.1096,0.48,0.1087,0.0423
41.1,28.36,0.1397,0.58,0.0686,0.0329
41.1,28.36,0.1521,0.65,0.0361,0.0097
41.1,28.36,0.1249,0.59,0.0476,0.0075
41.1,28.36,0.0973,0.56,0.0697,0.0344
41.1,28.36,0.067,0.52,0.075,0.0254
41.1,28.36,0.0378,0.41,0.1032,0.2367
41.1,28.36,0.028,0.38,0.0983,0.0938
41.1,28.39,0.0321,0.38,0.1059,0.0312
41.1,28.39,0.0517,0.45,0.0999,0.0498
41.1,28.39,0.0646,0.41,0.1079,0.0852
41.1,28.39,0.0909,0.45,0.1096,0.1114
41.1,28.39,0.1096,0.48,0.1087,0.0423
41.1,28.39,0.1397,0.58,0.0686,0.0329
41.1,28.39,0.1521,0.65,0.0361,0.0097
41.1,28.39,0.1249,0.59,0.0476,0.0075
41.1,28.39,0.0973,0.56,0.0697,0.0344
41.1,28.39,0.067,0.52,0.075,0.0254
41.1,28.39,0.0378,0.41,0.1032,0.2367
41.1,28.39,0.028,0.38,0.0983,0.0938
41.1,28.42,0.0321,0.38,0.1059,0.0312
41.1,28.42,0.0517,0.45,0.0999,0.0498
41.1,28.42,0.0646,0.41,0.1079,0.0852
41.1,28.42,0.0909,0.45,0.1096,0.1114
41.1,28.42,0.1096,0.48,0.1087,0.0423
41.1,28.42,0.1397,0.58,0.0686,0.0329
41.1,28.42,0.1521,0.65,0.0361,0.0097
41.1,28.42,0.1249,0.59,0.0476,0.0075
41.1,28.42,0.0973,0.56,0.0697,0.0344
41.1,28.42,0.067,0.52,0.075,0.0254
41.1,28.42,0.0378,0.41,0.1032,0.2367
41.1,28.42,0.028,0.38,0.0983,0.0938
41.1,28.45,0.0321,0.38,0.1059,0.0258
41.1,28.45,0.0517,0.45,0.0999,0.0655
41.1,28.45,0.0646,0.41,0.1079,0.0892
41.1,28.45,0.0909,0.45,0.1096,0.1099
41.1,28.45,0.1096,0.48,0.1087,0.0444
41.1,28.45,0.1397,0.58,0.0686,0.0308
41.1,28.45,0.1521,0.65,0.0361,0.0118
41.1,28.45,0.1249,0.59,0.0476,0.0107
41.1,28.45,0.0973,0.56,0.0697,0.0254
41.1,28.45,0.067,0.52,0.075,0.0412
41.1,28.45,0.0378,0.41,0.1032,0.2281
41.1,28.45,0.028,0.38,0.0983,0.0824
41.1,28.48,0.0321,0.38,0.1059,0.0258
41.1,28.48,0.0517,0.45,0.0999,0.0655
41.1,28.48,0.0646,0.41,0.1079,0.0892
41.1,28.48,0.0909,0.45,0.1096,0.1099
41.1,28.48,0.1096,0.48,0.1087,0.0444
41.1,28.48,0.1397,0.58,0.0686,0.0308
41.1,28.48,0.1521,0.65,0.0361,0.0118
41.1,28.48,0.1249,0.59,0.0476,0.0107
41.1,28.48,0.0973,0.56,0.0697,0.0254
41.1,28.48,0.067,0.52,0.075,0.0412
41.1,28.48,0.0378,0.41,0.1032,0.2281
41.1,28.48,0.028,0.38,0.0983,0.0824
41.1,28.51,0.0321,0.38,0.1059,0.0258
41.1,28.51,0.0517,0.45,0.0999,0.0655
41.1,28.51,0.0646,0.41,0.1079,0.0892
41.1,28.51,0.0909,0.45,0.1096,0.1099
41.1,28.51,0.1096,0.48,0.1087,0.0444
41.1,28.51,0.1397,0.58,0.0686,0.0308
41.1,28.51,0.1521,0.65,0.0361,0.0118
41.1,28.51,0.1249,0.59,0.0476,0.0107
41.1,28.51,0.0973,0.56,0.0697,0.0254
41.1,28.51,0.067,0.52,0.075,0.0412
41.1,28.51,0.0378,0.41,0.1032,0.2281
41.1,28.51,0.028,0.38,0.0983,0.0824
41.1,28.54,0.0321,0.38,0.1059,0.0258
41.1,28.54,0.0517,0.45,0.0999,0.0655
41.1,28.54,0.0646,0.41,0.1079,0.0892
41.1,28.54,0.0909,0.45,0.1096,0.1099
41.1,28.54,0.1096,0.48,0.1087,0.0444
41.1,28.54,0.1397,0.58,0.0686,0.0308
41.1,28.54,0.1521,0.65,0.0361,0.0118
41.1,28.54,0.1249,0.59,0.0476,0.0107
41.1,28.54,0.0973,0.56,0.0697,0.0254
41.1,28.54,0.067,0.52,0.075,0.0412
41.1,28.54,0.0378,0.41,0.1032,0.2281
41.1,28.54,0.028,0.38,0.0983,0.0824
41.1,28.57,0.0321,0.38,0.1059,0.0258
41.1,28.57,0.0517,0.45,0.0999,0.0655
41.1,28.57,0.0646,0.41,0.1079,0.0892
41.1,28.57,0.0909,0.45,0.1096,0.1099
41.1,28.57,0.1096,0.48,0.1087,0.0444
41.1,28.57,0.1397,0.58,0.0686,0.0308
41.1,28.57,0.1521,0.65,0.0361,0.0118
41.1,28.57,0.1249,0.59,0.0476,0.0107
41.1,28.57,0.0973,0.56,0.0697,0.0254
41.1,28.57,0.067,0.52,0.075,0.0412
41.1,28.57,0.0378,0.41,0.1032,0.2281
41.1,28.57,0.028,0.38,0.0983,0.0824
41.1,28.6,0.0321,0.38,0.1059,0.0258
41.1,28.6,0.0517,0.45,0.0999,0.0655
41.1,28.6,0.0646,0.41,0.1079,0.0892
41.1,28.6,0.0909,0.45,0.1096,0.1099
41.1,28.6,0.1096,0.48,0.1087,0.0444
41.1,28.6,0.1397,0.58,0.0686,0.0308
41.1,28.6,0.1521,0.65,0.0361,0.0118
41.1,28.6,0.1249,0.59,0.0476,0.0107
41.1,28.6,0.0973,0.56,0.0697,0.0254
41.1,28.6,0.067,0.52,0.075,0.0412
41.1,28.6,0.0378,0.41,0.1032,0.2281
41.1,28.6,0.028,0.38,0.0983,0.0824
41.1,28.63,0.0321,0.38,0.1059,0.0258
41.1,28.63,0.0517,0.45,0.0999,0.0655
41.1,28.63,0.0646,0.41,0.1079,0.0892
41.1,28.63,0.0909,0.45,0.1096,0.1099
41.1,28.63,0.1096,0.48,0.1087,0.0444
41.1,28.63,0.1397,0.58,0.0686,0.0308
41.1,28.63,0.1521,0.65,0.0361,0.0118
41.1,28.63,0.1249,0.59,0.0476,0.0107
41.1,28.63,0.0973,0.56,0.0697,0.0254
41.1,28.63,0.067,0.52,0.075,0.0412
41.1,28.63,0.0378,0.41,0.1032,0.2281
41.1,28.63,0.028,0.38,0.0983,0.0824
41.1,28.66,0.0321,0.38,0.1059,0.0258
41.1,28.66,0.0517,0.45,0.0999,0.0655
41.1,28.66,0.0646,0.41,0.1079,0.0892
41.1,28.66,0.0909,0.45,0.1096,0.1099
41.1,28.66,0.1096,0.48,0.1087,0.0444
41.1,28.66,0.1397,0.58,0.0686,0.0308
41.1,28.66,0.1521,0.65,0.0361,0.0118
41.1,28.66,0.1249,0.59,0.0476,0.0107
41.1,28.66,0.0973,0.56,0.0697,0.0254
41.1,28.66,0.067,0.52,0.075,0.0412
41.1,28.66,0.0378,0.41,0.1032,0.2281
41.1,28.66,0.028,0.38,0.0983,0.0824
41.1,28.69,0.0321,0.38,0.1059,0.0258
41.1,28.69,0.0517,0.45,0.0999,0.0655
41.1,28.69,0.0646,0.41,0.1079,0.0892
41.1,28.69,0.0909,0.45,0.1096,0.1099
41.1,28.69,0.1096,0.48,0.1087,0.0444
41.1,28.69,0.1397,0.58,0.0686,0.0308
41.1,28.69,0.1521,0.65,0.0361,0.0118
41.1,28.69,0.1249,0.59,0.0476,0.0107
41.1,28.69,0.0973,0.56,0.0697,0.0254
41.1,28.69,0.067,0.52,0.075,0.0412
41.1,28.69,0.0378,0.41,0.1032,0.2281
41.1,28.69,0.028,0.38,0.0983,0.0824
41.1,28.72,0.0321,0.38,0.1059,0.0258
41.1,28.72,0.0517,0.45,0.0999,0.0655
41.1,28.72,0.0646,0.41,0.1079,0.0892
41.1,28.72,0.0909,0.45,0.1096,0.1099
41.1,28.72,0.1096,0.48,0.1087,0.0444
41.1,28.72,0.1397,0.58,0.0686,0.0308
41.1,28.72,0.1521,0.65,0.0361,0.0118
41.1,28.72,0.1249,0.59,0.0476,0.0107
41.1,28.72,0.0973,0.56,0.0697,0.0254
41.1,28.72,0.067,0.52,0.075,0.0412
41.1,28.72,0.0378,0.41,0.1032,0.2281
41.1,28.72,0.028,0.38,0.0983,0.0824
41.1,28.75,0.0321,0.38,0.1059,0.0258
41.1,28.75,0.0517,0.45,0.0999,0.0655
41.1,28.75,0.0646,0.41,0.1079,0.0892
41.1,28.75,0.0909,0.45,0.1096,0.1099
41.1,28.75,0.1096,0.48,0.1087,0.0444
41.1,28.75,0.1397,0.58,0.0686,0.0308
41.1,28.75,0.1521,0.65,0.0361,0.0118
41.1,28.75,0.1249,0.59,0.0476,0.0107
41.1,28.75,0.0973,0.56,0.0697,0.0254
41.1,28.75,0.067,0.52,0.075,0.0412
41.1,28.75,0.0378,0.41,0.1032,0.2281
41.1,28.75,0.028,0.38,0.0983,0.0824
41.1,28.78,0.0321,0.38,0.1059,0.0258
41.1,28.78,0.0517,0.45,0.0999,0.0655
41.1,28.78,0.0646,0.41,0.1079,0.0892
41.1,28.78,0.0909,0.45,0.1096,0.1099
41.1,28.78,0.1096,0.48,0.1087,0.0444
41.1,28.78,0.1397,0.58,0.0686,0.0308
41.1,28.78,0.1521,0.65,0.0361,0.0118
41.1,28.78,0.1249,0.59,0.0476,0.0107
41.1,28.78,0.0973,0.56,0.0697,0.0254
41.1,28.78,0.067,0.52,0.075,0.0412
41.1,28.78,0.0378,0.41,0.1032,0.2281
41.1,28.78,0.028,0.38,0.0983,0.0824
41.1,28.81,0.0321,0.38,0.1059,0.0258
41.1,28.81,0.0517,0.45,0.0999,0.0655
41.1,28.81,0.0646,0.41,0.1079,0.0892
41.1,28.81,0.0909,0.45,0.1096,0.1099
41.1,28.81,0.1096,0.48,0.1087,0.0444
41.1,28.81,0.1397,0.58,0.0686,0.0308
41.1,28.81,0.1521,0.65,0.0361,0.0118
41.1,28.81,0.1249,0.59,0.0476,0.0107
41.1,28.81,0.0973,0.56,0.0697,0.0254
41.1,28.81,0.067,0.52,0.075,0.0412
41.1,28.81,0.0378,0.41,0.1032,0.2281
41.1,28.81,0.028,0.38,0.0983,0.0824
41.1,28.84,0.0321,0.38,0.1059,0.0258
41.1,28.84,0.0517,0.45,0.0999,0.0655
41.1,28.84,0.0646,0.41,0.1079,0.0892
41.1,28.84,0.0909,0.45,0.1096,0.1099
41.1,28.84,0.1096,0.48,0.1087,0.0444
41.1,28.84,0.1397,0.58,0.0686,0.0308
41.1,28.84,0.1521,0.65,0.0361,0.0118
41.1,28.84,0.1249,0.59,0.0476,0.0107
41.1,28.84,0.0973,0.56,0.0697,0.0254
41.1,28.84,0.067,0.52,0.075,0.0412
41.1,28.84,0.0378,0.41,0.1032,0.2281
41.1,28.84,0.028,0.38,0.0983,0.0824
41.1,28.87,0.0321,0.38,0.1059,0.0258
41.1,28.87,0.0517,0.45,0.0999,0.0655
41.1,28.87,0.0646,0.41,0.1079,0.0892
41.1,28.87,0.0909,0.45,0.1096,0.1099
41.1,28.87,0.1096,0.48,0.1087,0.0444
41.1,28.87,0.1397,0.58,0.0686,0.0308
41.1,28.87,0.1521,0.65,0.0361,0.0118
41.1,28.87,0.1249,0.59,0.0476,0.0107
41.1,28.87,0.0973,0.56,0.0697,0.0254
41.1,28.87,0.067,0.52,0.075,0.0412
41.1,28.87,0.0378,0.41,0.1032,0.2281
41.1,28.87,0.028,0.38,0.0983,0.0824
41.1,28.9,0.0321,0.38,0.1059,0.0258
41.1,28.9,0.0517,0.45,0.0999,0.0655
41.1,28.9,0.0646,0.41,0.1079,0.0892
41.1,28.9,0.0909,0.45,0.1096,0.1099
41.1,28.9,0.1096,0.48,0.1087,0.0444
41.1,28.9,0.1397,0.58,0.0686,0.0308
41.1,28.9,0.1521,0.65,0.0361,0.0118
41.1,28.9,0.1249,0.59,0.0476,0.0107
41.1,28.9,0.0973,0.56,0.0697,0.0254
41.1,28.9,0.067,0.52,0.075,0.0412
41.1,28.9,0.0378,0.41,0.1032,0.2281
41.1,28.9,0.028,0.38,0.0983,0.0824
41.1,28.93,0.0321,0.38,0.1059,0.0258
41.1,28.93,0.0517,0.45,0.0999,0.0655
41.1,28.93,0.0646,0.41,0.1079,0.0892
41.1,28.93,0.0909,0.45,0.1096,0.1099
41.1,28.93,0.1096,0.48,0.1087,0.0444
41.1,28.93,0.1397,0.58,0.0686,0.0308
41.1,28.93,0.1521,0.65,0.0361,0.0118
41.1,28.93,0.1249,0.59,0.0476,0.0107
41.1,28.93,0.0973,0.56,0.0697,0.0254
41.1,28.93,0.067,0.52,0.075,0.0412
41.1,28.93,0.0378,0.41,0.1032,0.2281
41.1,28.93,0.028,0.38,0.0983,0.0824
41.1,28.96,0.0321,0.38,0.1059,0.0258
41.1,28.96,0.0517,0.45,0.0999,0.0655
41.1,28.96,0.0646,0.41,0.1079,0.0892
41.1,28.96,0.0909,0.45,0.1096,0.1099
41.1,28.96,0.1096,0.48,0.1087,0.0444
41.1,28.96,0.1397,0.58,0.0686,0.0308
41.1,28.96,0.1521,0.65,0.0361,0.0118
41.1,28.96,0.1249,0.59,0.0476,0.0107
41.1,28.96,0.0973,0.56,0.0697,0.0254
41.1,28.96,0.067,0.52,0.075,0.0412
41.1,28.96,0.0378,0.41,0.1032,0.2281
41.1,28.96,0.028,0.38,0.0983,0.0824
41.1,28.99,0.0321,0.38,0.1059,0.0258
41.1,28.99,0.0517,0.45,0.0999,0.0655
41.1,28.99,0.0646,0.41,0.1079,0.0892
41.1,28.99,0.0909,0.45,0.1096,0.1099
41.1,28.99,0.1096,0.48,0.1087,0.0444
41.1,28.99,0.1397,0.58,0.0686,0.0308
41.1,28.99,0.1521,0.65,0.0361,0.0118
41.1,28.99,0.1249,0.59,0.0476,0.0107
41.1,28.99,0.0973,0.56,0.0697,0.0254
41.1,28.99,0.067,0.52,0.075,0.0412
41.1,28.99,0.0378,0.41,0.1032,0.2281
41.1,28.99,0.028,0.38,0.0983,0.0824
41.1,29.02,0.0318,0.38,0.1172,0.0258
41.1,29.02,0.0504,0.44,0.1148,0.0655
41.1,29.02,0.0606,0.38,0.1232,0.0892
41.1,29.02,0.0895,0.45,0.1175,0.1099
41.1,29.02,0.1095,0.48,0.115,0.0444
41.1,29.02,0.1392,0.57,0.0768,0.0308
41.1,29.02,0.1488,0.63,0.0435,0.0118
41.1,29.02,0.1279,0.61,0.0503,0.0107
41.1,29.02,0.1032,0.6,0.0847,0.0254
41.1,29.02,0.0669,0.52,0.096,0.0412
41.1,29.02,0.0382,0.42,0.1183,0.2281
41.1,29.02,0.0287,0.38,0.1089,0.0824
41.1,29.05,0.0318,0.38,0.1172,0.0258
41.1,29.05,0.0504,0.44,0.1148,0.0655
41.1,29.05,0.0606,0.38,0.1232,0.0892
41.1,29.05,0.0895,0.45,0.1175,0.1099
41.1,29.05,0.1095,0.48,0.115,0.0444
41.1,29.05,0.1392,0.57,0.0768,0.0308
41.1,29.05,0.1488,0.63,0.0435,0.0118
41.1,29.05,0.1279,0.61,0.0503,0.0107
41.1,29.05,0.1032,0.6,0.0847,0.0254
41.1,29.05,0.0669,0.52,0.096,0.0412
41.1,29.05,0.0382,0.42,0.1183,0.2281
41.1,29.05,0.0287,0.38,0.1089,0.0824
41.1,29.08,0.0318,0.38,0.1172,0.0258
41.1,29.08,0.0504,0.44,0.1148,0.0906
41.1,29.08,0.0606,0.38,0.1232,0.1031
41.1,29.08,0.0895,0.45,0.1175,0.1085
41.1,29.08,0.1095,0.48,0.115,0.0483
41.1,29.08,0.1392,0.57,0.0768,0.0559
41.1,29.08,0.1488,0.63,0.0435,0.0283
41.1,29.08,0.1279,0.61,0.0503,0.0183
41.1,29.08,0.1032,0.6,0.0847,0.0319
41.1,29.08,0.0669,0.52,0.096,0.0655
41.1,29.08,0.0382,0.42,0.1183,0.2496
41.1,29.08,0.0287,0.38,0.1089,0.0877
41.1,29.11,0.0318,0.38,0.1172,0.0258
41.1,29.11,0.0504,0.44,0.1148,0.0906
41.1,29.11,0.0606,0.38,0.1232,0.1031
41.1,29.11,0.0895,0.45,0.1175,0.1085
41.1,29.11,0.1095,0.48,0.115,0.0483
41.1,29.11,0.1392,0.57,0.0768,0.0559
41.1,29.11,0.1488,0.63,0.0435,0.0283
41.1,29.11,0.1279,0.61,0.0503,0.0183
41.1,29.11,0.1032,0.6,0.0847,0.0319
41.1,29.11,0.0669,0.52,0.096,0.0655
41.1,29.11,0.0382,0.42,0.1183,0.2496
41.1,29.11,0.0287,0.38,0.1089,0.0877
41.1,29.14,0.0318,0.38,0.1172,0.0258
41.1,29.14,0.0504,0.44,0.1148,0.0906
41.1,29.14,0.0606,0.38,0.1232,0.1031
41.1,29.14,0.0895,0.45,0.1175,0.1085
41.1,29.14,0.1095,0.48,0.115,0.0483
41.1,29.14,0.1392,0.57,0.0768,0.0559
41.1,29.14,0.1488,0.63,0.0435,0.0283
41.1,29.14,0.1279,0.61,0.0503,0.0183
41.1,29.14,0.1032,0.6,0.0847,0.0319
41.1,29.14,0.0669,0.52,0.096,0.0655
41.1,29.14,0.0382,0.42,0.1183,0.2496
41.1,29.14,0.0287,0.38,0.1089,0.0877
41.1,29.17,0.0318,0.38,0.1172,0.0258
41.1,29.17,0.0504,0.44,0.1148,0.0906
41.1,29.17,0.0606,0.38,0.1232,0.1031
41.1,29.17,0.0895,0.45,0.1175,0.1085
41.1,29.17,0.1095,0.48,0.115,0.0483
41.1,29.17,0.1392,0.57,0.0768,0.0559
41.1,29.17,0.1488,0.63,0.0435,0.0283
41.1,29.17,0.1279,0.61,0.0503,0.0183
41.1,29.17,0.1032,0.6,0.0847,0.0319
41.1,29.17,0.0669,0.52,0.096,0.0655
41.1,29.17,0.0382,0.42,0.1183,0.2496
41.1,29.17,0.0287,0.38,0.1089,0.0877
41.1,29.2,0.0318,0.38,0.1172,0.0258
41.1,29.2,0.0504,0.44,0.1148,0.0906
41.1,29.2,0.0606,0.38,0.1232,0.1031
41.1,29.2,0.0895,0.45,0.1175,0.1085
41.1,29.2,0.1095,0.48,0.115,0.0483
41.1,29.2,0.1392,0.57,0.0768,0.0559
41.1,29.2,0.1488,0.63,0.0435,0.0283
41.1,29.2,0.1279,0.61,0.0503,0.0183
41.1,29.2,0.1032,0.6,0.0847,0.0319
41.1,29.2,0.0669,0.52,0.096,0.0655
41.1,29.2,0.0382,0.42,0.1183,0.2496
41.1,29.2,0.0287,0.38,0.1089,0.0877
41.1,29.23,0.0318,0.38,0.1172,0.0258
41.1,29.23,0.0504,0.44,0.1148,0.0906
41.1,29.23,0.0606,0.38,0.1232,0.1031
41.1,29.23,0.0895,0.45,0.1175,0.1085
41.1,29.23,0.1095,0.48,0.115,0.0483
41.1,29.23,0.1392,0.57,0.0768,0.0559
41.1,29.23,0.1488,0.63,0.0435,0.0283
41.1,29.23,0.1279,0.61,0.0503,0.0183
41.1,29.23,0.1032,0.6,0.0847,0.0319
41.1,29.23,0.0669,0.52,0.096,0.0655
41.1,29.23,0.0382,0.42,0.1183,0.2496
41.1,29.23,0.0287,0.38,0.1089,0.0877
41.1,29.26,0.0318,0.38,0.1172,0.0258
41.1,29.26,0.0504,0.44,0.1148,0.0906
41.1,29.26,0.0606,0.38,0.1232,0.1031
41.1,29.26,0.0895,0.45,0.1175,0.1085
41.1,29.26,0.1095,0.48,0.115,0.0483
41.1,29.26,0.1392,0.57,0.0768,0.0559
41.1,29.26,0.1488,0.63,0.0435,0.0283
41.1,29.26,0.1279,0.61,0.0503,0.0183
41.1,29.26,0.1032,0.6,0.0847,0.0319
41.1,29.26,0.0669,0.52,0.096,0.0655
41.1,29.26,0.0382,0.42,0.1183,0.2496
41.1,29.26,0.0287,0.38,0.1089,0.0877
41.1,29.29,0.0318,0.38,0.1172,0.0258
41.1,29.29,0.0504,0.44,0.1148,0.0906
41.1,29.29,0.0606,0.38,0.1232,0.1031
41.1,29.29,0.0895,0.45,0.1175,0.1085
41.1,29.29,0.1095,0.48,0.115,0.0483
41.1,29.29,0.1392,0.57,0.0768,0.0559
41.1,29.29,0.1488,0.63,0.0435,0.0283
41.1,29.29,0.1279,0.61,0.0503,0.0183
41.1,29.29,0.1032,0.6,0.0847,0.0319
41.1,29.29,0.0669,0.52,0.096,0.0655
41.1,29.29,0.0382,0.42,0.1183,0.2496
41.1,29.29,0.0287,0.38,0.1089,0.0877
41.1,29.32,0.0318,0.38,0.1172,0.0258
41.1,29.32,0.0504,0.44,0.1148,0.0906
41.1,29.32,0.0606,0.38,0.1232,0.1031
41.1,29.32,0.0895,0.45,0.1175,0.1085
41.1,29.32,0.1095,0.48,0.115,0.0483
41.1,29.32,0.1392,0.57,0.0768,0.0559
41.1,29.32,0.1488,0.63,0.0435,0.0283
41.1,29.32,0.1279,0.61,0.0503,0.0183
41.1,29.32,0.1032,0.6,0.0847,0.0319
41.1,29.32,0.0669,0.52,0.096,0.0655
41.1,29.32,0.0382,0.42,0.1183,0.2496
41.1,29.32,0.0287,0.38,0.1089,0.0877
41.1,29.35,0.0318,0.38,0.1172,0.0258
41.1,29.35,0.0504,0.44,0.1148,0.0906
41.1,29.35,0.0606,0.38,0.1232,0.1031
41.1,29.35,0.0895,0.45,0.1175,0.1085
41.1,29.35,0.1095,0.48,0.115,0.0483
41.1,29.35,0.1392,0.57,0.0768,0.0559
41.1,29.35,0.1488,0.63,0.0435,0.0283
41.1,29.35,0.1279,0.61,0.0503,0.0183
41.1,29.35,0.1032,0.6,0.0847,0.0319
41.1,29.35,0.0669,0.52,0.096,0.0655
41.1,29.35,0.0382,0.42,0.1183,0.2496
41.1,29.35,0.0287,0.38,0.1089,0.0877
41.1,29.38,0.0318,0.38,0.1172,0.0258
41.1,29.38,0.0504,0.44,0.1148,0.0906
41.1,29.38,0.0606,0.38,0.1232,0.1031
41.1,29.38,0.0895,0.45,0.1175,0.1085
41.1,29.38,0.1095,0.48,0.115,0.0483
41.1,29.38,0.1392,0.57,0.0768,0.0559
41.1,29.38,0.1488,0.63,0.0435,0.0283
41.1,29.38,0.1279,0.61,0.0503,0.0183
41.1,29.38,0.1032,0.6,0.0847,0.0319
41.1,29.38,0.0669,0.52,0.096,0.0655
41.1,29.38,0.0382,0.42,0.1183,0.2496
41.1,29.38,0.0287,0.38,0.1089,0.0877
41.1,29.41,0.0318,0.38,0.1172,0.0258
41.1,29.41,0.0504,0.44,0.1148,0.0906
41.1,29.41,0.0606,0.38,0.1232,0.1031
41.1,29.41,0.0895,0.45,0.1175,0.1085
41.1,29.41,0.1095,0.48,0.115,0.0483
41.1,29.41,0.1392,0.57,0.0768,0.0559
41.1,29.41,0.1488,0.63,0.0435,0.0283
41.1,29.41,0.1279,0.61,0.0503,0.0183
41.1,29.41,0.1032,0.6,0.0847,0.0319
41.1,29.41,0.0669,0.52,0.096,0.0655
41.1,29.41,0.0382,0.42,0.1183,0.2496
41.1,29.41,0.0287,0.38,0.1089,0.0877
41.1,29.44,0.0318,0.38,0.1172,0.0258
41.1,29.44,0.0504,0.44,0.1148,0.0906
41.1,29.44,0.0606,0.38,0.1232,0.1031
41.1,29.44,0.0895,0.45,0.1175,0.1085
41.1,29.44,0.1095,0.48,0.115,0.0483
41.1,29.44,0.1392,0.57,0.0768,0.0559
41.1,29.44,0.1488,0.63,0.0435,0.0283
41.1,29.44,0.1279,0.61,0.0503,0.0183
41.1,29.44,0.1032,0.6,0.0847,0.0319
41.1,29.44,0.0669,0.52,0.096,0.0655
41.1,29.44,0.0382,0.42,0.1183,0.2496
41.1,29.44,0.0287,0.38,0.1089,0.0877
41.1,29.47,0.0318,0.38,0.1172,0.0258
41.1,29.47,0.0504,0.44,0.1148,0.0906
41.1,29.47,0.0606,0.38,0.1232,0.1031
41.1,29.47,0.0895,0.45,0.1175,0.1085
41.1,29.47,0.1095,0.48,0.115,0.0483
41.1,29.47,0.1392,0.57,0.0768,0.0559
41.1,29.47,0.1488,0.63,0.0435,0.0283
41.1,29.47,0.1279,0.61,0.0503,0.0183
41.1,29.47,0.1032,0.6,0.0847,0.0319
41.1,29.47,0.0669,0.52,0.096,0.0655
41.1,29.47,0.0382,0.42,0.1183,0.2496
41.1,29.47,0.0287,0.38,0.1089,0.0877
41.1,29.5,0.0318,0.38,0.1172,0.0258
41.1,29.5,0.0504,0.44,0.1148,0.0906
41.1,29.5,0.0606,0.38,0.1232,0.1031
41.1,29.5,0.0895,0.45,0.1175,0.1085
41.1,29.5,0.1095,0.48,0.115,0.0483
41.1,29.5,0.1392,0.57,0.0768,0.0559
41.1,29.5,0.1488,0.63,0.0435,0.0283
41.1,29.5,0.1279,0.61,0.0503,0.0183
41.1,29.5,0.1032,0.6,0.0847,0.0319
41.1,29.5,0.0669,0.52,0.096,0.0655
41.1,29.5,0.0382,0.42,0.1183,0.2496
41.1,29.5,0.0287,0.38,0.1089,0.0877
41.1,29.53,0.0318,0.38,0.1172,0.0258
41.1,29.53,0.0504,0.44,0.1148,0.0906
41.1,29.53,0.0606,0.38,0.1232,0.1031
41.1,29.53,0.0895,0.45,0.1175,0.1085
41.1,29.53,0.1095,0.48,0.115,0.0483
41.1,29.53,0.1392,0.57,0.0768,0.0559
41.1,29.53,0.1488,0.63,0.0435,0.0283
41.1,29.53,0.1279,0.61,0.0503,0.0183
41.1,29.53,0.1032,0.6,0.0847,0.0319
41.1,29.53,0.0669,0.52,0.096,0.0655
41.1,29.53,0.0382,0.42,0.1183,0.2496
41.1,29.53,0.0287,0.38,0.1089,0.0877
41.1,29.56,0.0318,0.38,0.1172,0.0258
41.1,29.56,0.0504,0.44,0.1148,0.0906
41.1,29.56,0.0606,0.38,0.1232,0.1031
41.1,29.56,0.0895,0.45,0.1175,0.1085
41.1,29.56,0.1095,0.48,0.115,0.0483
41.1,29.56,0.1392,0.57,0.0768,0.0559
41.1,29.56,0.1488,0.63,0.0435,0.0283
41.1,29.56,0.1279,0.61,0.0503,0.0183
41.1,29.56,0.1032,0.6,0.0847,0.0319
41.1,29.56,0.0669,0.52,0.096,0.0655
41.1,29.56,0.0382,0.42,0.1183,0.2496
41.1,29.56,0.0287,0.38,0.1089,0.0877
41.1,29.59,0.0318,0.38,0.1172,0.0258
41.1,29.59,0.0504,0.44,0.1148,0.0906
41.1,29.59,0.0606,0.38,0.1232,0.1031
41.1,29.59,0.0895,0.45,0.1175,0.1085
41.1,29.59,0.1095,0.48,0.115,0.0483
41.1,29.59,0.1392,0.57,0.0768,0.0559
41.1,29.59,0.1488,0.63,0.0435,0.0283
41.1,29.59,0.1279,0.61,0.0503,0.0183
41.1,29.59,0.1032,0.6,0.0847,0.0319
41.1,29.59,0.0669,0.52,0.096,0.0655
41.1,29.59,0.0382,0.42,0.1183,0.2496
41.1,29.59,0.0287,0.38,0.1089,0.0877
41.1,29.62,0.0318,0.38,0.1172,0.0258
41.1,29.62,0.0504,0.44,0.1148,0.0906
41.1,29.62,0.0606,0.38,0.1232,0.1031
41.1,29.62,0.0895,0.45,0.1175,0.1085
41.1,29.62,0.1095,0.48,0.115,0.0483
41.1,29.62,0.1392,0.57,0.0768,0.0559
41.1,29.62,0.1488,0.63,0.0435,0.0283
41.1,29.62,0.1279,0.61,0.0503,0.0183
41.1,29.62,0.1032,0.6,0.0847,0.0319
41.1,29.62,0.0669,0.52,0.096,0.0655
41.1,29.62,0.0382,0.42,0.1183,0.2496
41.1,29.62,0.0287,0.38,0.1089,0.0877
41.1,29.65,0.0318,0.38,0.1172,0.0258
41.1,29.65,0.0504,0.44,0.1148,0.0906
41.1,29.65,0.0606,0.38,0.1232,0.1031
41.1,29.65,0.0895,0.45,0.1175,0.1085
41.1,29.65,0.1095,0.48,0.115,0.0483
41.1,29.65,0.1392,0.57,0.0768,0.0559
41.1,29.65,0.1488,0.63,0.0435,0.0283
41.1,29.65,0.1279,0.61,0.0503,0.0183
41.1,29.65,0.1032,0.6,0.0847,0.0319
41.1,29.65,0.0669,0.52,0.096,0.0655
41.1,29.65,0.0382,0.42,0.1183,0.2496
41.1,29.65,0.0287,0.38,0.1089,0.0877
41.1,29.68,0.0318,0.38,0.1172,0.0258
41.1,29.68,0.0504,0.44,0.1148,0.0906
41.1,29.68,0.0606,0.38,0.1232,0.1031
41.1,29.68,0.0895,0.45,0.1175,0.1085
41.1,29.68,0.1095,0.48,0.115,0.0483
41.1,29.68,0.1392,0.57,0.0768,0.0559
41.1,29.68,0.1488,0.63,0.0435,0.0283
41.1,29.68,0.1279,0.61,0.0503,0.0183
41.1,29.68,0.1032,0.6,0.0847,0.0319
41.1,29.68,0.0669,0.52,0.096,0.0655
41.1,29.68,0.0382,0.42,0.1183,0.2496
41.1,29.68,0.0287,0.38,0.1089,0.0877
41.1,29.71,0.0318,0.38,0.1172,0.029
41.1,29.71,0.0504,0.44,0.1148,0.1117
41.1,29.71,0.0606,0.38,0.1232,0.1275
41.1,29.71,0.0895,0.45,0.1175,0.1128
41.1,29.71,0.1095,0.48,0.115,0.0663
41.1,29.71,0.1392,0.57,0.0768,0.1411
41.1,29.71,0.1488,0.63,0.0435,0.077
41.1,29.71,0.1279,0.61,0.0503,0.0294
41.1,29.71,0.1032,0.6,0.0847,0.034
41.1,29.71,0.0669,0.52,0.096,0.0935
41.1,29.71,0.0382,0.42,0.1183,0.2478
41.1,29.71,0.0287,0.38,0.1089,0.1028
41.1,29.74,0.0318,0.38,0.1172,0.029
41.1,29.74,0.0504,0.44,0.1148,0.1117
41.1,29.74,0.0606,0.38,0.1232,0.1275
41.1,29.74,0.0895,0.45,0.1175,0.1128
41.1,29.74,0.1095,0.48,0.115,0.0663
41.1,29.74,0.1392,0.57,0.0768,0.1411
41.1,29.74,0.1488,0.63,0.0435,0.077
41.1,29.74,0.1279,0.61,0.0503,0.0294
41.1,29.74,0.1032,0.6,0.0847,0.034
41.1,29.74,0.0669,0.52,0.096,0.0935
41.1,29.74,0.0382,0.42,0.1183,0.2478
41.1,29.74,0.0287,0.38,0.1089,0.1028
41.1,29.77,0.0318,0.38,0.1172,0.029
41.1,29.77,0.0504,0.44,0.1148,0.1117
41.1,29.77,0.0606,0.38,0.1232,0.1275
41.1,29.77,0.0895,0.45,0.1175,0.1128
41.1,29.77,0.1095,0.48,0.115,0.0663
41.1,29.77,0.1392,0.57,0.0768,0.1411
41.1,29.77,0.1488,0.63,0.0435,0.077
41.1,29.77,0.1279,0.61,0.0503,0.0294
41.1,29.77,0.1032,0.6,0.0847,0.034
41.1,29.77,0.0669,0.52,0.096,0.0935
41.1,29.77,0.0382,0.42,0.1183,0.2478
41.1,29.77,0.0287,0.38,0.1089,0.1028
41.1,29.8,0.0318,0.38,0.1172,0.029
41.1,29.8,0.0504,0.44,0.1148,0.1117
41.1,29.8,0.0606,0.38,0.1232,0.1275
41.1,29.8,0.0895,0.45,0.1175,0.1128
41.1,29.8,0.1095,0.48,0.115,0.0663
41.1,29.8,0.1392,0.57,0.0768,0.1411
41.1,29.8,0.1488,0.63,0.0435,0.077
41.1,29.8,0.1279,0.61,0.0503,0.0294
41.1,29.8,0.1032,0.6,0.0847,0.034
41.1,29.8,0.0669,0.52,0.096,0.0935
41.1,29.8,0.0382,0.42,0.1183,0.2478
41.1,29.8,0.0287,0.38,0.1089,0.1028
41.1,29.83,0.0318,0.38,0.1172,0.029
41.1,29.83,0.0504,0.44,0.1148,0.1117
41.1,29.83,0.0606,0.38,0.1232,0.1275
41.1,29.83,0.0895,0.45,0.1175,0.1128
41.1,29.83,0.1095,0.48,0.115,0.0663
41.1,29.83,0.1392,0.57,0.0768,0.1411
41.1,29.83,0.1488,0.63,0.0435,0.077
41.1,29.83,0.1279,0.61,0.0503,0.0294
41.1,29.83,0.1032,0.6,0.0847,0.034
41.1,29.83,0.0669,0.52,0.096,0.0935
41.1,29.83,0.0382,0.42,0.1183,0.2478
41.1,29.83,0.0287,0.38,0.1089,0.1028
41.1,29.86,0.0318,0.38,0.1172,0.029
41.1,29.86,0.0504,0.44,0.1148,0.1117
41.1,29.86,0.0606,0.38,0.1232,0.1275
41.1,29.86,0.0895,0.45,0.1175,0.1128
41.1,29.86,0.1095,0.48,0.115,0.0663
41.1,29.86,0.1392,0.57,0.0768,0.1411
41.1,29.86,0.1488,0.63,0.0435,0.077
41.1,29.86,0.1279,0.61,0.0503,0.0294
41.1,29.86,0.1032,0.6,0.0847,0.034
41.1,29.86,0.0669,0.52,0.096,0.0935
41.1,29.86,0.0382,0.42,0.1183,0.2478
41.1,29.86,0.0287,0.38,0.1089,0.1028
41.1,29.89,0.0318,0.38,0.1172,0.029
41.1,29.89,0.0504,0.44,0.1148,0.1117
41.1,29.89,0.0606,0.38,0.1232,0.1275
41.1,29.89,0.0895,0.45,0.1175,0.1128
41.1,29.89,0.1095,0.48,0.115,0.0663
41.1,29.89,0.1392,0.57,0.0768,0.1411
41.1,29.89,0.1488,0.63,0.0435,0.077
41.1,29.89,0.1279,0.61,0.0503,0.0294
41.1,29.89,0.1032,0.6,0.0847,0.034
41.1,29.89,0.0669,0.52,0.096,0.0935
41.1,29.89,0.0382,0.42,0.1183,0.2478
41.1,29.89,0.0287,0.38,0.1089,0.1028
41.12,28.0,0.0321,0.38,0.1059,0.0312
41.12,28.0,0.0517,0.45,0.0999,0.0498
41.12,28.0,0.0646,0.41,0.1079,0.0852
41.12,28.0,0.0909,0.45,0.1096,0.1114
41.12,28.0,0.1096,0.48,0.1087,0.0423
41.12,28.0,0.1397,0.58,0.0686,0.0329
41.12,28.0,0.1521,0.65,0.0361,0.0097
41.12,28.0,0.1249,0.59,0.0476,0.0075
41.12,28.0,0.0973,0.56,0.0697,0.0344
41.12,28.0,0.067,0.52,0.075,0.0254
41.12,28.0,0.0378,0.41,0.1032,0.2367
41.12,28.0,0.028,0.38,0.0983,0.0938
41.12,28.03,0.0321,0.38,0.1059,0.0312
41.12,28.03,0.0517,0.45,0.0999,0.0498
41.12,28.03,0.0646,0.41,0.1079,0.0852
41.12,28.03,0.0909,0.45,0.1096,0.1114
41.12,28.03,0.1096,0.48,0.1087,0.0423
41.12,28.03,0.1397,0.58,0.0686,0.0329
41.12,28.03,0.1521,0.65,0.0361,0.0097
41.12,28.03,0.1249,0.59,0.0476,0.0075
41.12,28.03,0.0973,0.56,0.0697,0.0344
41.12,28.03,0.067,0.52,0.075,0.0254
41.12,28.03,0.0378,0.41,0.1032,0.2367
41.12,28.03,0.028,0.38,0.0983,0.0938
41.12,28.06,0.0321,0.38,0.1059,0.0312
41.12,28.06,0.0517,0.45,0.0999,0.0498
41.12,28.06,0.0646,0.41,0.1079,0.0852
41.12,28.06,0.0909,0.45,0.1096,0.1114
41.12,28.06,0.1096,0.48,0.1087,0.0423
41.12,28.06,0.1397,0.58,0.0686,0.0329
41.12,28.06,0.1521,0.65,0.0361,0.0097
41.12,28.06,0.1249,0.59,0.0476,0.0075
41.12,28.06,0.0973,0.56,0.0697,0.0344
41.12,28.06,0.067,0.52,0.075,0.0254
41.12,28.06,0.0378,0.41,0.1032,0.2367
41.12,28.06,0.028,0.38,0.0983,0.0938
41.12,28.09,0.0321,0.38,0.1059,0.0312
41.12,28.09,0.0517,0.45,0.0999,0.0498
41.12,28.09,0.0646,0.41,0.1079,0.0852
41.12,28.09,0.0909,0.45,0.1096,0.1114
41.12,28.09,0.1096,0.48,0.1087,0.0423
41.12,28.09,0.1397,0.58,0.0686,0.0329
41.12,28.09,0.1521,0.65,0.0361,0.0097
41.12,28.09,0.1249,0.59,0.0476,0.0075
41.12,28.09,0.0973,0.56,0.0697,0.0344
41.12,28.09,0.067,0.52,0.075,0.0254
41.12,28.09,0.0378,0.41,0.1032,0.2367
41.12,28.09,0.028,0.38,0.0983,0.0938
41.12,28.12,0.0321,0.38,0.1059,0.0312
41.12,28.12,0.0517,0.45,0.0999,0.0498
41.12,28.12,0.0646,0.41,0.1079,0.0852
41.12,28.12,0.0909,0.45,0.1096,0.1114
41.12,28.12,0.1096,0.48,0.1087,0.0423
41.12,28.12,0.1397,0.58,0.0686,0.0329
41.12,28.12,0.1521,0.65,0.0361,0.0097
41.12,28.12,0.1249,0.59,0.0476,0.0075
41.12,28.12,0.0973,0.56,0.0697,0.0344
41.12,28.12,0.067,0.52,0.075,0.0254
41.12,28.12,0.0378,0.41,0.1032,0.2367
41.12,28.12,0.028,0.38,0.0983,0.0938
41.12,28.15,0.0321,0.38,0.1059,0.0312
41.12,28.15,0.0517,0.45,0.0999,0.0498
41.12,28.15,0.0646,0.41,0.1079,0.0852
41.12,28.15,0.0909,0.45,0.1096,0.1114
41.12,28.15,0.1096,0.48,0.1087,0.0423
41.12,28.15,0.1397,0.58,0.0686,0.0329
41.12,28.15,0.1521,0.65,0.0361,0.0097
41.12,28.15,0.1249,0.59,0.0476,0.0075
41.12,28.15,0.0973,0.56,0.0697,0.0344
41.12,28.15,0.067,0.52,0.075,0.0254
41.12,28.15,0.0378,0.41,0.1032,0.2367
41.12,28.15,0.028,0.38,0.0983,0.0938
41.12,28.18,0.0321,0.38,0.1059,0.0312
41.12,28.18,0.0517,0.45,0.0999,0.0498
41.12,28.18,0.0646,0.41,0.1079,0.0852
41.12,28.18,0.0909,0.45,0.1096,0.1114
41.12,28.18,0.1096,0.48,0.1087,0.0423
41.12,28.18,0.1397,0.58,0.0686,0.0329
41.12,28.18,0.1521,0.65,0.0361,0.0097
41.12,28.18,0.1249,0.59,0.0476,0.0075
41.12,28.18,0.0973,0.56,0.0697,0.0344
41.12,28.18,0.067,0.52,0.075,0.0254
41.12,28.18,0.0378,0.41,0.1032,0.2367
41.12,28.18,0.028,0.38,0.0983,0.0938
41.12,28.21,0.0321,0.38,0.1059,0.0312
41.12,28.21,0.0517,0.45,0.0999,0.0498
41.12,28.21,0.0646,0.41,0.1079,0.0852
41.12,28.21,0.0909,0.45,0.1096,0.1114
41.12,28.21,0.1096,0.48,0.1087,0.0423
41.12,28.21,0.1397,0.58,0.0686,0.0329
41.12,28.21,0.1521,0.65,0.0361,0.0097
41.12,28.21,0.1249,0.59,0.0476,0.0075
41.12,28.21,0.0973,0.56,0.0697,0.0344
41.12,28.21,0.067,0.52,0.075,0.0254
41.12,28.21,0.0378,0.41,0.1032,0.2367
41.12,28.21,0.028,0.38,0.0983,0.0938
41.12,28.24,0.0321,0.38,0.1059,0.0312
41.12,28.24,0.0517,0.45,0.0999,0.0498
41.12,28.24,0.0646,0.41,0.1079,0.0852
41.12,28.24,0.0909,0.45,0.1096,0.1114
41.12,28.24,0.1096,0.48,0.1087,0.0423
41.12,28.24,0.1397,0.58,0.0686,0.0329
41.12,28.24,0.1521,0.65,0.0361,0.0097
41.12,28.24,0.1249,0.59,0.0476,0.0075
41.12,28.24,0.0973,0.56,0.0697,0.0344
41.12,28.24,0.067,0.52,0.075,0.0254
41.12,28.24,0.0378,0.41,0.1032,0.2367
41.12,28.24,0.028,0.38,0.0983,0.0938
41.12,28.27,0.0321,0.38,0.1059,0.0312
41.12,28.27,0.0517,0.45,0.0999,0.0498
41.12,28.27,0.0646,0.41,0.1079,0.0852
41.12,28.27,0.0909,0.45,0.1096,0.1114
41.12,28.27,0.1096,0.48,0.1087,0.0423
41.12,28.27,0.1397,0.58,0.0686,0.0329
41.12,28.27,0.1521,0.65,0.0361,0.0097
41.12,28.27,0.1249,0.59,0.0476,0.0075
41.12,28.27,0.0973,0.56,0.0697,0.0344
41.12,28.27,0.067,0.52,0.075,0.0254
41.12,28.27,0.0378,0.41,0.1032,0.2367
41.12,28.27,0.028,0.38,0.0983,0.0938
41.12,28.3,0.0321,0.38,0.1059,0.0312
41.12,28.3,0.0517,0.45,0.0999,0.0498
41.12,28.3,0.0646,0.41,0.1079,0.0852
41.12,28.3,0.0909,0.45,0.1096,0.1114
41.12,28.3,0.1096,0.48,0.1087,0.0423
41.12,28.3,0.1397,0.58,0.0686,0.0329
41.12,28.3,0.1521,0.65,0.0361,0.0097
41.12,28.3,0.1249,0.59,0.0476,0.0075
41.12,28.3,0.0973,0.56,0.0697,0.0344
41.12,28.3,0.067,0.52,0.075,0.0254
41.12,28.3,0.0378,0.41,0.1032,0.2367
41.12,28.3,0.028,0.38,0.0983,0.0938
41.12,28.33,0.0321,0.38,0.1059,0.0312
41.12,28.33,0.0517,0.45,0.0999,0.0498
41.12,28.33,0.0646,0.41,0.1079,0.0852
41.12,28.33,0.0909,0.45,0.1096,0.1114
41.12,28.33,0.1096,0.48,0.1087,0.0423
41.12,28.33,0.1397,0.58,0.0686,0.0329
41.12,28.33,0.1521,0.65,0.0361,0.0097
41.12,28.33,0.1249,0.59,0.0476,0.0075
41.12,28.33,0.0973,0.56,0.0697,0.0344
41.12,28.33,0.067,0.52,0.075,0.0254
41.12,28.33,0.0378,0.41,0.1032,0.2367
41.12,28.33,0.028,0.38,0.0983,0.0938
41.12,28.36,0.0321,0.38,0.1059,0.0312
41.12,28.36,0.0517,0.45,0.0999,0.0498
41.12,28.36,0.0646,0.41,0.1079,0.0852
41.12,28.36,0.0909,0.45,0.1096,0.1114
41.12,28.36,0.1096,0.48,0.1087,0.0423
41.12,28.36,0.1397,0.58,0.0686,0.0329
41.12,28.36,0.1521,0.65,0.0361,0.0097
41.12,28.36,0.1249,0.59,0.0476,0.0075
41.12,28.36,0.0973,0.56,0.0697,0.0344
41.12,28.36,0.067,0.52,0.075,0.0254
41.12,28.36,0.0378,0.41,0.1032,0.2367
41.12,28.36,0.028,0.38,0.0983,0.0938
41.12,28.39,0.0321,0.38,0.1059,0.0312
41.12,28.39,0.0517,0.45,0.0999,0.0498
41.12,28.39,0.0646,0.41,0.1079,0.0852
41.12,28.39,0.0909,0.45,0.1096,0.1114
41.12,28.39,0.1096,0.48,0.1087,0.0423
41.12,28.39,0.1397,0.58,0.0686,0.0329
41.12,28.39,0.1521,0.65,0.0361,0.0097
41.12,28.39,0.1249,0.59,0.0476,0.0075
41.12,28.39,0.0973,0.56,0.0697,0.0344
41.12,28.39,0.067,0.52,0.075,0.0254
41.12,28.39,0.0378,0.41,0.1032,0.2367
41.12,28.39,0.028,0.38,0.0983,0.0938
41.12,28.42,0.0321,0.38,0.1059,0.0312
41.12,28.42,0.0517,0.45,0.0999,0.0498
41.12,28.42,0.0646,0.41,0.1079,0.0852
41.12,28.42,0.0909,0.45,0.1096,0.1114
41.12,28.42,0.1096,0.48,0.1087,0.0423
41.12,28.42,0.1397,0.58,0.0686,0.0329
41.12,28.42,0.1521,0.65,0.0361,0.0097
41.12,28.42,0.1249,0.59,0.0476,0.0075
41.12,28.42,0.0973,0.56,0.0697,0.0344
41.12,28.42,0.067,0.52,0.075,0.0254
41.12,28.42,0.0378,0.41,0.1032,0.2367
41.12,28.42,0.028,0.38,0.0983,0.0938
41.12,28.45,0.0321,0.38,0.1059,0.0258
41.12,28.45,0.0517,0.45,0.0999,0.0655
41.12,28.45,0.0646,0.41,0.1079,0.0892
41.12,28.45,0.0909,0.45,0.1096,0.1099
41.12,28.45,0.1096,0.48,0.1087,0.0444
41.12,28.45,0.1397,0.58,0.0686,0.0308
41.12,28.45,0.1521,0.65,0.0361,0.0118
41.12,28.45,0.1249,0.59,0.0476,0.0107
41.12,28.45,0.0973,0.56,0.0697,0.0254
41.12,28.45,0.067,0.52,0.075,0.0412
41.12,28.45,0.0378,0.41,0.1032,0.2281
41.12,28.45,0.028,0.38,0.0983,0.0824
41.12,28.48,0.0321,0.38,0.1059,0.0258
41.12,28.48,0.0517,0.45,0.0999,0.0655
41.12,28.48,0.0646,0.41,0.1079,0.0892
41.12,28.48,0.0909,0.45,0.1096,0.1099
41.12,28.48,0.1096,0.48,0.1087,0.0444
41.12,28.48,0.1397,0.58,0.0686,0.0308
41.12,28.48,0.1521,0.65,0.0361,0.0118
41.12,28.48,0.1249,0.59,0.0476,0.0107
41.12,28.48,0.0973,0.56,0.0697,0.0254
41.12,28.48,0.067,0.52,0.075,0.0412
41.12,28.48,0.0378,0.41,0.1032,0.2281
41.12,28.48,0.028,0.38,0.0983,0.0824
41.12,28.51,0.0321,0.38,0.1059,0.0258
41.12,28.51,0.0517,0.45,0.0999,0.0655
41.12,28.51,0.0646,0.41,0.1079,0.0892
41.12,28.51,0.0909,0.45,0.1096,0.1099
41.12,28.51,0.1096,0.48,0.1087,0.0444
41.12,28.51,0.1397,0.58,0.0686,0.0308
41.12,28.51,0.1521,0.65,0.0361,0.0118
41.12,28.51,0.1249,0.59,0.0476,0.0107
41.12,28.51,0.0973,0.56,0.0697,0.0254
41.12,28.51,0.067,0.52,0.075,0.0412
41.12,28.51,0.0378,0.41,0.1032,0.2281
41.12,28.51,0.028,0.38,0.0983,0.0824
41.12,28.54,0.0321,0.38,0.1059,0.0258
41.12,28.54,0.0517,0.45,0.0999,0.0655
41.12,28.54,0.0646,0.41,0.1079,0.0892
41.12,28.54,0.0909,0.45,0.1096,0.1099
41.12,28.54,0.1096,0.48,0.1087,0.0444
41.12,28.54,0.1397,0.58,0.0686,0.0308
41.12,28.54,0.1521,0.65,0.0361,0.0118
41.12,28.54,0.1249,0.59,0.0476,0.0107
41.12,28.54,0.0973,0.56,0.0697,0.0254
41.12,28.54,0.067,0.52,0.075,0.0412
41.12,28.54,0.0378,0.41,0.1032,0.2281
41.12,28.54,0.028,0.38,0.0983,0.0824
41.12,28.57,0.0321,0.38,0.1059,0.0258
41.12,28.57,0.0517,0.45,0.0999,0.0655
41.12,28.57,0.0646,0.41,0.1079,0.0892
41.12,28.57,0.0909,0.45,0.1096,0.1099
41.12,28.57,0.1096,0.48,0.1087,0.0444
41.12,28.57,0.1397,0.58,0.0686,0.0308
41.12,28.57,0.1521,0.65,0.0361,0.0118
41.12,28.57,0.1249,0.59,0.0476,0.0107
41.12,28.57,0.0973,0.56,0.0697,0.0254
41.12,28.57,0.067,0.52,0.075,0.0412
41.12,28.57,0.0378,0.41,0.1032,0.2281
41.12,28.57,0.028,0.38,0.0983,0.0824
41.12,28.6,0.0321,0.38,0.1059,0.0258
41.12,28.6,0.0517,0.45,0.0999,0.0655
41.12,28.6,0.0646,0.41,0.1079,0.0892
41.12,28.6,0.0909,0.45,0.1096,0.1099
41.12,28.6,0.1096,0.48,0.1087,0.0444
41.12,28.6,0.1397,0.58,0.0686,0.0308
41.12,28.6,0.1521,0.65,0.0361,0.0118
41.12,28.6,0.1249,0.59,0.0476,0.0107
41.12,28.6,0.0973,0.56,0.0697,0.0254
41.12,28.6,0.067,0.52,0.075,0.0412
41.12,28.6,0.0378,0.41,0.1032,0.2281
41.12,28.6,0.028,0.38,0.0983,0.0824
41.12,28.63,0.0321,0.38,0.1059,0.0258
41.12,28.63,0.0517,0.45,0.0999,0.0655
41.12,28.63,0.0646,0.41,0.1079,0.0892
41.12,28.63,0.0909,0.45,0.1096,0.1099
41.12,28.63,0.1096,0.48,0.1087,0.0444
41.12,28.63,0.1397,0.58,0.0686,0.0308
41.12,28.63,0.1521,0.65,0.0361,0.0118
41.12,28.63,0.1249,0.59,0.0476,0.0107
41.12,28.63,0.0973,0.56,0.0697,0.0254
41.12,28.63,0.067,0.52,0.075,0.0412
41.12,28.63,0.0378,0.41,0.1032,0.2281
41.12,28.63,0.028,0.38,0.0983,0.0824
41.12,28.66,0.0321,0.38,0.1059,0.0258
41.12,28.66,0.0517,0.45,0.0999,0.0655
41.12,28.66,0.0646,0.41,0.1079,0.0892
41.12,28.66,0.0909,0.45,0.1096,0.1099
41.12,28.66,0.1096,0.48,0.1087,0.0444
41.12,28.66,0.1397,0.58,0.0686,0.0308
41.12,28.66,0.1521,0.65,0.0361,0.0118
41.12,28.66,0.1249,0.59,0.0476,0.0107
41.12,28.66,0.0973,0.56,0.0697,0.0254
41.12,28.66,0.067,0.52,0.075,0.0412
41.12,28.66,0.0378,0.41,0.1032,0.2281
41.12,28.66,0.028,0.38,0.0983,0.0824
41.12,28.69,0.0321,0.38,0.1059,0.0258
41.12,28.69,0.0517,0.45,0.0999,0.0655
41.12,28.69,0.0646,0.41,0.1079,0.0892
41.12,28.69,0.0909,0.45,0.1096,0.1099
41.12,28.69,0.1096,0.48,0.1087,0.0444
41.12,28.69,0.1397,0.58,0.0686,0.0308
41.12,28.69,0.1521,0.65,0.0361,0.0118
41.12,28.69,0.1249,0.59,0.0476,0.0107
41.12,28.69,0.0973,0.56,0.0697,0.0254
41.12,28.69,0.067,0.52,0.075,0.0412
41.12,28.69,0.0378,0.41,0.1032,0.2281
41.12,28.69,0.028,0.38,0.0983,0.0824
41.12,28.72,0.0321,0.38,0.1059,0.0258
41.12,28.72,0.0517,0.45,0.0999,0.0655
41.12,28.72,0.0646,0.41,0.1079,0.0892
41.12,28.72,0.0909,0.45,0.1096,0.1099
41.12,28.72,0.1096,0.48,0.1087,0.0444
41.12,28.72,0.1397,0.58,0.0686,0.0308
41.12,28.72,0.1521,0.65,0.0361,0.0118
41.12,28.72,0.1249,0.59,0.0476,0.0107
41.12,28.72,0.0973,0.56,0.0697,0.0254
41.12,28.72,0.067,0.52,0.075,0.0412
41.12,28.72,0.0378,0.41,0.1032,0.2281
41.12,28.72,0.028,0.38,0.0983,0.0824
41.12,28.75,0.0321,0.38,0.1059,0.0258
41.12,28.75,0.0517,0.45,0.0999,0.0655
41.12,28.75,0.0646,0.41,0.1079,0.0892
41.12,28.75,0.0909,0.45,0.1096,0.1099
41.12,28.75,0.1096,0.48,0.1087,0.0444
41.12,28.75,0.1397,0.58,0.0686,0.0308
41.12,28.75,0.1521,0.65,0.0361,0.0118
41.12,28.75,0.1249,0.59,0.0476,0.0107
41.12,28.75,0.0973,0.56,0.0697,0.0254
41.12,28.75,0.067,0.52,0.075,0.0412
41.12,28.75,0.0378,0.41,0.1032,0.2281
41.12,28.75,0.028,0.38,0.0983,0.0824
41.12,28.78,0.0321,0.38,0.1059,0.0258
41.12,28.78,0.0517,0.45,0.0999,0.0655
41.12,28.78,0.0646,0.41,0.1079,0.0892
41.12,28.78,0.0909,0.45,0.1096,0.1099
41.12,28.78,0.1096,0.48,0.1087,0.0444
41.12,28.78,0.1397,0.58,0.0686,0.0308
41.12,28.78,0.1521,0.65,0.0361,0.0118
41.12,28.78,0.1249,0.59,0.0476,0.0107
41.12,28.78,0.0973,0.56,0.0697,0.0254
41.12,28.78,0.067,0.52,0.075,0.0412
41.12,28.78,0.0378,0.41,0.1032,0.2281
41.12,28.78,0.028,0.38,0.0983,0.0824
41.12,28.81,0.0321,0.38,0.1059,0.0258
41.12,28.81,0.0517,0.45,0.0999,0.0655
41.12,28.81,0.0646,0.41,0.1079,0.0892
41.12,28.81,0.0909,0.45,0.1096,0.1099
41.12,28.81,0.1096,0.48,0.1087,0.0444
41.12,28.81,0.1397,0.58,0.0686,0.0308
41.12,28.81,0.1521,0.65,0.0361,0.0118
41.12,28.81,0.1249,0.59,0.0476,0.0107
41.12,28.81,0.0973,0.56,0.0697,0.0254
41.12,28.81,0.067,0.52,0.075,0.0412
41.12,28.81,0.0378,0.41,0.1032,0.2281
41.12,28.81,0.028,0.38,0.0983,0.0824
41.12,28.84,0.0321,0.38,0.1059,0.0258
41.12,28.84,0.0517,0.45,0.0999,0.0655
41.12,28.84,0.0646,0.41,0.1079,0.0892
41.12,28.84,0.0909,0.45,0.1096,0.1099
41.12,28.84,0.1096,0.48,0.1087,0.0444
41.12,28.84,0.1397,0.58,0.0686,0.0308
41.12,28.84,0.1521,0.65,0.0361,0.0118
41.12,28.84,0.1249,0.59,0.0476,0.0107
41.12,28.84,0.0973,0.56,0.0697,0.0254
41.12,28.84,0.067,0.52,0.075,0.0412
41.12,28.84,0.0378,0.41,0.1032,0.2281
41.12,28.84,0.028,0.38,0.0983,0.0824
41.12,28.87,0.0321,0.38,0.1059,0.0258
41.12,28.87,0.0517,0.45,0.0999,0.0655
41.12,28.87,0.0646,0.41,0.1079,0.0892
41.12,28.87,0.0909,0.45,0.1096,0.1099
41.12,28.87,0.1096,0.48,0.1087,0.0444
41.12,28.87,0.1397,0.58,0.0686,0.0308
41.12,28.87,0.1521,0.65,0.0361,0.0118
41.12,28.87,0.1249,0.59,0.0476,0.0107
41.12,28.87,0.0973,0.56,0.0697,0.0254
41.12,28.87,0.067,0.52,0.075,0.0412
41.12,28.87,0.0378,0.41,0.1032,0.2281
41.12,28.87,0.028,0.38,0.0983,0.0824
41.12,28.9,0.0321,0.38,0.1059,0.0258
41.12,28.9,0.0517,0.45,0.0999,0.0655
41.12,28.9,0.0646,0.41,0.1079,0.0892
41.12,28.9,0.0909,0.45,0.1096,0.1099
41.12,28.9,0.1096,0.48,0.1087,0.0444
41.12,28.9,0.1397,0.58,0.0686,0.0308
41.12,28.9,0.1521,0.65,0.0361,0.0118
41.12,28.9,0.1249,0.59,0.0476,0.0107
41.12,28.9,0.0973,0.56,0.0697,0.0254
41.12,28.9,0.067,0.52,0.075,0.0412
41.12,28.9,0.0378,0.41,0.1032,0.2281
41.12,28.9,0.028,0.38,0.0983,0.0824
41.12,28.93,0.0321,0.38,0.1059,0.0258
41.12,28.93,0.0517,0.45,0.0999,0.0655
41.12,28.93,0.0646,0.41,0.1079,0.0892
41.12,28.93,0.0909,0.45,0.1096,0.1099
41.12,28.93,0.1096,0.48,0.1087,0.0444
41.12,28.93,0.1397,0.58,0.0686,0.0308
41.12,28.93,0.1521,0.65,0.0361,0.0118
41.12,28.93,0.1249,0.59,0.0476,0.0107
41.12,28.93,0.0973,0.56,0.0697,0.0254
41.12,28.93,0.067,0.52,0.075,0.0412
41.12,28.93,0.0378,0.41,0.1032,0.2281
41.12,28.93,0.028,0.38,0.0983,0.0824
41.12,28.96,0.0321,0.38,0.1059,0.0258
41.12,28.96,0.0517,0.45,0.0999,0.0655
41.12,28.96,0.0646,0.41,0.1079,0.0892
41.12,28.96,0.0909,0.45,0.1096,0.1099
41.12,28.96,0.1096,0.48,0.1087,0.0444
41.12,28.96,0.1397,0.58,0.0686,0.0308
41.12,28.96,0.1521,0.65,0.0361,0.0118
41.12,28.96,0.1249,0.59,0.0476,0.0107
41.12,28.96,0.0973,0.56,0.0697,0.0254
41.12,28.96,0.067,0.52,0.075,0.0412
41.12,28.96,0.0378,0.41,0.1032,0.2281
41.12,28.96,0.028,0.38,0.0983,0.0824
41.12,28.99,0.0321,0.38,0.1059,0.0258
41.12,28.99,0.0517,0.45,0.0999,0.0655
41.12,28.99,0.0646,0.41,0.1079,0.0892
41.12,28.99,0.0909,0.45,0.1096,0.1099
41.12,28.99,0.1096,0.48,0.1087,0.0444
41.12,28.99,0.1397,0.58,0.0686,0.0308
41.12,28.99,0.1521,0.65,0.0361,0.0118
41.12,28.99,0.1249,0.59,0.0476,0.0107
41.12,28.99,0.0973,0.56,0.0697,0.0254
41.12,28.99,0.067,0.52,0.075,0.0412
41.12,28.99,0.0378,0.41,0.1032,0.2281
41.12,28.99,0.028,0.38,0.0983,0.0824
41.12,29.02,0.0318,0.38,0.1172,0.0258
41.12,29.02,0.0504,0.44,0.1148,0.0655
41.12,29.02,0.0606,0.38,0.1232,0.0892
41.12,29.02,0.0895,0.45,0.1175,0.1099
41.12,29.02,0.1095,0.48,0.115,0.0444
41.12,29.02,0.1392,0.57,0.0768,0.0308
41.12,29.02,0.1488,0.63,0.0435,0.0118
41.12,29.02,0.1279,0.61,0.0503,0.0107
41.12,29.02,0.1032,0.6,0.0847,0.0254
41.12,29.02,0.0669,0.52,0.096,0.0412
41.12,29.02,0.0382,0.42,0.1183,0.2281
41.12,29.02,0.0287,0.38,0.1089,0.0824
41.12,29.05,0.0318,0.38,0.1172,0.0258
41.12,29.05,0.0504,0.44,0.1148,0.0655
41.12,29.05,0.0606,0.38,0.1232,0.0892
41.12,29.05,0.0895,0.45,0.1175,0.1099
41.12,29.05,0.1095,0.48,0.115,0.0444
41.12,29.05,0.1392,0.57,0.0768,0.0308
41.12,29.05,0.1488,0.63,0.0435,0.0118
41.12,29.05,0.1279,0.61,0.0503,0.0107
41.12,29.05,0.1032,0.6,0.0847,0.0254
41.12,29.05,0.0669,0.52,0.096,0.0412
41.12,29.05,0.0382,0.42,0.1183,0.2281
41.12,29.05,0.0287,0.38,0.1089,0.0824
41.12,29.11,0.0318,0.38,0.1172,0.0258
41.12,29.11,0.0504,0.44,0.1148,0.0906
41.12,29.11,0.0606,0.38,0.1232,0.1031
41.12,29.11,0.0895,0.45,0.1175,0.1085
41.12,29.11,0.1095,0.48,0.115,0.0483
41.12,29.11,0.1392,0.57,0.0768,0.0559
41.12,29.11,0.1488,0.63,0.0435,0.0283
41.12,29.11,0.1279,0.61,0.0503,0.0183
41.12,29.11,0.1032,0.6,0.0847,0.0319
41.12,29.11,0.0669,0.52,0.096,0.0655
41.12,29.11,0.0382,0.42,0.1183,0.2496
41.12,29.11,0.0287,0.38,0.1089,0.0877
41.12,29.14,0.0318,0.38,0.1172,0.0258
41.12,29.14,0.0504,0.44,0.1148,0.0906
41.12,29.14,0.0606,0.38,0.1232,0.1031
41.12,29.14,0.0895,0.45,0.1175,0.1085
41.12,29.14,0.1095,0.48,0.115,0.0483
41.12,29.14,0.1392,0.57,0.0768,0.0559
41.12,29.14,0.1488,0.63,0.0435,0.0283
41.12,29.14,0.1279,0.61,0.0503,0.0183
41.12,29.14,0.1032,0.6,0.0847,0.0319
41.12,29.14,0.0669,0.52,0.096,0.0655
41.12,29.14,0.0382,0.42,0.1183,0.2496
41.12,29.14,0.0287,0.38,0.1089,0.0877
41.12,29.17,0.0318,0.38,0.1172,0.0258
41.12,29.17,0.0504,0.44,0.1148,0.0906
41.12,29.17,0.0606,0.38,0.1232,0.1031
41.12,29.17,0.0895,0.45,0.1175,0.1085
41.12,29.17,0.1095,0.48,0.115,0.0483
41.12,29.17,0.1392,0.57,0.0768,0.0559
41.12,29.17,0.1488,0.63,0.0435,0.0283
41.12,29.17,0.1279,0.61,0.0503,0.0183
41.12,29.17,0.1032,0.6,0.0847,0.0319
41.12,29.17,0.0669,0.52,0.096,0.0655
41.12,29.17,0.0382,0.42,0.1183,0.2496
41.12,29.17,0.0287,0.38,0.1089,0.0877
41.12,29.2,0.0318,0.38,0.1172,0.0258
41.12,29.2,0.0504,0.44,0.1148,0.0906
41.12,29.2,0.0606,0.38,0.1232,0.1031
41.12,29.2,0.0895,0.45,0.1175,0.1085
41.12,29.2,0.1095,0.48,0.115,0.0483
41.12,29.2,0.1392,0.57,0.0768,0.0559
41.12,29.2,0.1488,0.63,0.0435,0.0283
41.12,29.2,0.1279,0.61,0.0503,0.0183
41.12,29.2,0.1032,0.6,0.0847,0.0319
41.12,29.2,0.0669,0.52,0.096,0.0655
41.12,29.2,0.0382,0.42,0.1183,0.2496
41.12,29.2,0.0287,0.38,0.1089,0.0877
41.12,29.23,0.0318,0.38,0.1172,0.0258
41.12,29.23,0.0504,0.44,0.1148,0.0906
41.12,29.23,0.0606,0.38,0.1232,0.1031
41.12,29.23,0.0895,0.45,0.1175,0.1085
41.12,29.23,0.1095,0.48,0.115,0.0483
41.12,29.23,0.1392,0.57,0.0768,0.0559
41.12,29.23,0.1488,0.63,0.0435,0.0283
41.12,29.23,0.1279,0.61,0.0503,0.0183
41.12,29.23,0.1032,0.6,0.0847,0.0319
41.12,29.23,0.0669,0.52,0.096,0.0655
41.12,29.23,0.0382,0.42,0.1183,0.2496
41.12,29.23,0.0287,0.38,0.1089,0.0877
41.12,29.26,0.0318,0.38,0.1172,0.0258
41.12,29.26,0.0504,0.44,0.1148,0.0906
41.12,29.26,0.0606,0.38,0.1232,0.1031
41.12,29.26,0.0895,0.45,0.1175,0.1085
41.12,29.26,0.1095,0.48,0.115,0.0483
41.12,29.26,0.1392,0.57,0.0768,0.0559
41.12,29.26,0.1488,0.63,0.0435,0.0283
41.12,29.26,0.1279,0.61,0.0503,0.0183
41.12,29.26,0.1032,0.6,0.0847,0.0319
41.12,29.26,0.0669,0.52,0.096,0.0655
41.12,29.26,0.0382,0.42,0.1183,0.2496
41.12,29.26,0.0287,0.38,0.1089,0.0877
41.12,29.29,0.0318,0.38,0.1172,0.0258
41.12,29.29,0.0504,0.44,0.1148,0.0906
41.12,29.29,0.0606,0.38,0.1232,0.1031
41.12,29.29,0.0895,0.45,0.1175,0.1085
41.12,29.29,0.1095,0.48,0.115,0.0483
41.12,29.29,0.1392,0.57,0.0768,0.0559
41.12,29.29,0.1488,0.63,0.0435,0.0283
41.12,29.29,0.1279,0.61,0.0503,0.0183
41.12,29.29,0.1032,0.6,0.0847,0.0319
41.12,29.29,0.0669,0.52,0.096,0.0655
41.12,29.29,0.0382,0.42,0.1183,0.2496
41.12,29.29,0.0287,0.38,0.1089,0.0877
41.12,29.32,0.0318,0.38,0.1172,0.0258
41.12,29.32,0.0504,0.44,0.1148,0.0906
41.12,29.32,0.0606,0.38,0.1232,0.1031
41.12,29.32,0.0895,0.45,0.1175,0.1085
41.12,29.32,0.1095,0.48,0.115,0.0483
41.12,29.32,0.1392,0.57,0.0768,0.0559
41.12,29.32,0.1488,0.63,0.0435,0.0283
41.12,29.32,0.1279,0.61,0.0503,0.0183
41.12,29.32,0.1032,0.6,0.0847,0.0319
41.12,29.32,0.0669,0.52,0.096,0.0655
41.12,29.32,0.0382,0.42,0.1183,0.2496
41.12,29.32,0.0287,0.38,0.1089,0.0877
41.12,29.35,0.0318,0.38,0.1172,0.0258
41.12,29.35,0.0504,0.44,0.1148,0.0906
41.12,29.35,0.0606,0.38,0.1232,0.1031
41.12,29.35,0.0895,0.45,0.1175,0.1085
41.12,29.35,0.1095,0.48,0.115,0.0483
41.12,29.35,0.1392,0.57,0.0768,0.0559
41.12,29.35,0.1488,0.63,0.0435,0.0283
41.12,29.35,0.1279,0.61,0.0503,0.0183
41.12,29.35,0.1032,0.6,0.0847,0.0319
41.12,29.35,0.0669,0.52,0.096,0.0655
41.12,29.35,0.0382,0.42,0.1183,0.2496
41.12,29.35,0.0287,0.38,0.1089,0.0877
41.12,29.38,0.0318,0.38,0.1172,0.0258
41.12,29.38,0.0504,0.44,0.1148,0.0906
41.12,29.38,0.0606,0.38,0.1232,0.1031
41.12,29.38,0.0895,0.45,0.1175,0.1085
41.12,29.38,0.1095,0.48,0.115,0.0483
41.12,29.38,0.1392,0.57,0.0768,0.0559
41.12,29.38,0.1488,0.63,0.0435,0.0283
41.12,29.38,0.1279,0.61,0.0503,0.0183
41.12,29.38,0.1032,0.6,0.0847,0.0319
41.12,29.38,0.0669,0.52,0.096,0.0655
41.12,29.38,0.0382,0.42,0.1183,0.2496
41.12,29.38,0.0287,0.38,0.1089,0.0877
41.12,29.41,0.0318,0.38,0.1172,0.0258
41.12,29.41,0.0504,0.44,0.1148,0.0906
41.12,29.41,0.0606,0.38,0.1232,0.1031
41.12,29.41,0.0895,0.45,0.1175,0.1085
41.12,29.41,0.1095,0.48,0.115,0.0483
41.12,29.41,0.1392,0.57,0.0768,0.0559
41.12,29.41,0.1488,0.63,0.0435,0.0283
41.12,29.41,0.1279,0.61,0.0503,0.0183
41.12,29.41,0.1032,0.6,0.0847,0.0319
41.12,29.41,0.0669,0.52,0.096,0.0655
41.12,29.41,0.0382,0.42,0.1183,0.2496
41.12,29.41,0.0287,0.38,0.1089,0.0877
41.12,29.44,0.0318,0.38,0.1172,0.0258
41.12,29.44,0.0504,0.44,0.1148,0.0906
41.12,29.44,0.0606,0.38,0.1232,0.1031
41.12,29.44,0.0895,0.45,0.1175,0.1085
41.12,29.44,0.1095,0.48,0.115,0.0483
41.12,29.44,0.1392,0.57,0.0768,0.0559
41.12,29.44,0.1488,0.63,0.0435,0.0283
41.12,29.44,0.1279,0.61,0.0503,0.0183
41.12,29.44,0.1032,0.6,0.0847,0.0319
41.12,29.44,0.0669,0.52,0.096,0.0655
41.12,29.44,0.0382,0.42,0.1183,0.2496
41.12,29.44,0.0287,0.38,0.1089,0.0877
41.12,29.47,0.0318,0.38,0.1172,0.0258
41.12,29.47,0.0504,0.44,0.1148,0.0906
41.12,29.47,0.0606,0.38,0.1232,0.1031
41.12,29.47,0.0895,0.45,0.1175,0.1085
41.12,29.47,0.1095,0.48,0.115,0.0483
41.12,29.47,0.1392,0.57,0.0768,0.0559
41.12,29.47,0.1488,0.63,0.0435,0.0283
41.12,29.47,0.1279,0.61,0.0503,0.0183
41.12,29.47,0.1032,0.6,0.0847,0.0319
41.12,29.47,0.0669,0.52,0.096,0.0655
41.12,29.47,0.0382,0.42,0.1183,0.2496
41.12,29.47,0.0287,0.38,0.1089,0.0877
41.12,29.5,0.0318,0.38,0.1172,0.0258
41.12,29.5,0.0504,0.44,0.1148,0.0906
41.12,29.5,0.0606,0.38,0.1232,0.1031
41.12,29.5,0.0895,0.45,0.1175,0.1085
41.12,29.5,0.1095,0.48,0.115,0.0483
41.12,29.5,0.1392,0.57,0.0768,0.0559
41.12,29.5,0.1488,0.63,0.0435,0.0283
41.12,29.5,0.1279,0.61,0.0503,0.0183
41.12,29.5,0.1032,0.6,0.0847,0.0319
41.12,29.5,0.0669,0.52,0.096,0.0655
41.12,29.5,0.0382,0.42,0.1183,0.2496
41.12,29.5,0.0287,0.38,0.1089,0.0877
41.12,29.53,0.0318,0.38,0.1172,0.0258
41.12,29.53,0.0504,0.44,0.1148,0.0906
41.12,29.53,0.0606,0.38,0.1232,0.1031
41.12,29.53,0.0895,0.45,0.1175,0.1085
41.12,29.53,0.1095,0.48,0.115,0.0483
41.12,29.53,0.1392,0.57,0.0768,0.0559
41.12,29.53,0.1488,0.63,0.0435,0.0283
41.12,29.53,0.1279,0.61,0.0503,0.0183
41.12,29.53,0.1032,0.6,0.0847,0.0319
41.12,29.53,0.0669,0.52,0.096,0.0655
41.12,29.53,0.0382,0.42,0.1183,0.2496
41.12,29.53,0.0287,0.38,0.1089,0.0877
41.12,29.56,0.0318,0.38,0.1172,0.0258
41.12,29.56,0.0504,0.44,0.1148,0.0906
41.12,29.56,0.0606,0.38,0.1232,0.1031
41.12,29.56,0.0895,0.45,0.1175,0.1085
41.12,29.56,0.1095,0.48,0.115,0.0483
41.12,29.56,0.1392,0.57,0.0768,0.0559
41.12,29.56,0.1488,0.63,0.0435,0.0283
41.12,29.56,0.1279,0.61,0.0503,0.0183
41.12,29.56,0.1032,0.6,0.0847,0.0319
41.12,29.56,0.0669,0.52,0.096,0.0655
41.12,29.56,0.0382,0.42,0.1183,0.2496
41.12,29.56,0.0287,0.38,0.1089,0.0877
41.12,29.59,0.0318,0.38,0.1172,0.0258
41.12,29.59,0.0504,0.44,0.1148,0.0906
41.12,29.59,0.0606,0.38,0.1232,0.1031
41.12,29.59,0.0895,0.45,0.1175,0.1085
41.12,29.59,0.1095,0.48,0.115,0.0483
41.12,29.59,0.1392,0.57,0.0768,0.0559
41.12,29.59,0.1488,0.63,0.0435,0.0283
41.12,29.59,0.1279,0.61,0.0503,0.0183
41.12,29.59,0.1032,0.6,0.0847,0.0319
41.12,29.59,0.0669,0.52,0.096,0.0655
41.12,29.59,0.0382,0.42,0.1183,0.2496
41.12,29.59,0.0287,0.38,0.1089,0.0877
41.12,29.62,0.0318,0.38,0.1172,0.0258
41.12,29.62,0.0504,0.44,0.1148,0.0906
41.12,29.62,0.0606,0.38,0.1232,0.1031
41.12,29.62,0.0895,0.45,0.1175,0.1085
41.12,29.62,0.1095,0.48,0.115,0.0483
41.12,29.62,0.1392,0.57,0.0768,0.0559
41.12,29.62,0.1488,0.63,0.0435,0.0283
41.12,29.62,0.1279,0.61,0.0503,0.0183
41.12,29.62,0.1032,0.6,0.0847,0.0319
41.12,29.62,0.0669,0.52,0.096,0.0655
41.12,29.62,0.0382,0.42,0.1183,0.2496
41.12,29.62,0.0287,0.38,0.1089,0.0877
41.12,29.65,0.0318,0.38,0.1172,0.0258
41.12,29.65,0.0504,0.44,0.1148,0.0906
41.12,29.65,0.0606,0.38,0.1232,0.1031
41.12,29.65,0.0895,0.45,0.1175,0.1085
41.12,29.65,0.1095,0.48,0.115,0.0483
41.12,29.65,0.1392,0.57,0.0768,0.0559
41.12,29.65,0.1488,0.63,0.0435,0.0283
41.12,29.65,0.1279,0.61,0.0503,0.0183
41.12,29.65,0.1032,0.6,0.0847,0.0319
41.12,29.65,0.0669,0.52,0.096,0.0655
41.12,29.65,0.0382,0.42,0.1183,0.2496
41.12,29.65,0.0287,0.38,0.1089,0.0877
41.12,29.68,0.0318,0.38,0.1172,0.0258
41.12,29.68,0.0504,0.44,0.1148,0.0906
41.12,29.68,0.0606,0.38,0.1232,0.1031
41.12,29.68,0.0895,0.45,0.1175,0.1085
41.12,29.68,0.1095,0.48,0.115,0.0483
41.12,29.68,0.1392,0.57,0.0768,0.0559
41.12,29.68,0.1488,0.63,0.0435,0.0283
41.12,29.68,0.1279,0.61,0.0503,0.0183
41.12,29.68,0.1032,0.6,0.0847,0.0319
41.12,29.68,0.0669,0.52,0.096,0.0655
41.12,29.68,0.0382,0.42,0.1183,0.2496
41.12,29.68,0.0287,0.38,0.1089,0.0877
41.12,29.71,0.0318,0.38,0.1172,0.029
41.12,29.71,0.0504,0.44,0.1148,0.1117
41.12,29.71,0.0606,0.38,0.1232,0.1275
41.12,29.71,0.0895,0.45,0.1175,0.1128
41.12,29.71,0.1095,0.48,0.115,0.0663
41.12,29.71,0.1392,0.57,0.0768,0.1411
41.12,29.71,0.1488,0.63,0.0435,0.077
41.12,29.71,0.1279,0.61,0.0503,0.0294
41.12,29.71,0.1032,0.6,0.0847,0.034
41.12,29.71,0.0669,0.52,0.096,0.0935
41.12,29.71,0.0382,0.42,0.1183,0.2478
41.12,29.71,0.0287,0.38,0.1089,0.1028
41.12,29.74,0.0318,0.38,0.1172,0.029
41.12,29.74,0.0504,0.44,0.1148,0.1117
41.12,29.74,0.0606,0.38,0.1232,0.1275
41.12,29.74,0.0895,0.45,0.1175,0.1128
41.12,29.74,0.1095,0.48,0.115,0.0663
41.12,29.74,0.1392,0.57,0.0768,0.1411
41.12,29.74,0.1488,0.63,0.0435,0.077
41.12,29.74,0.1279,0.61,0.0503,0.0294
41.12,29.74,0.1032,0.6,0.0847,0.034
41.12,29.74,0.0669,0.52,0.096,0.0935
41.12,29.74,0.0382,0.42,0.1183,0.2478
41.12,29.74,0.0287,0.38,0.1089,0.1028
41.12,29.77,0.0318,0.38,0.1172,0.029
41.12,29.77,0.0504,0.44,0.1148,0.1117
41.12,29.77,0.0606,0.38,0.1232,0.1275
41.12,29.77,0.0895,0.45,0.1175,0.1128
41.12,29.77,0.1095,0.48,0.115,0.0663
41.12,29.77,0.1392,0.57,0.0768,0.1411
41.12,29.77,0.1488,0.63,0.0435,0.077
41.12,29.77,0.1279,0.61,0.0503,0.0294
41.12,29.77,0.1032,0.6,0.0847,0.034
41.12,29.77,0.0669,0.52,0.096,0.0935
41.12,29.77,0.0382,0.42,0.1183,0.2478
41.12,29.77,0.0287,0.38,0.1089,0.1028
41.12,29.8,0.0318,0.38,0.1172,0.029
41.12,29.8,0.0504,0.44,0.1148,0.1117
41.12,29.8,0.0606,0.38,0.1232,0.1275
41.12,29.8,0.0895,0.45,0.1175,0.1128
41.12,29.8,0.1095,0.48,0.115,0.0663
41.12,29.8,0.1392,0.57,0.0768,0.1411
41.12,29.8,0.1488,0.63,0.0435,0.077
41.12,29.8,0.1279,0.61,0.0503,0.0294
41.12,29.8,0.1032,0.6,0.0847,0.034
41.12,29.8,0.0669,0.52,0.096,0.0935
41.12,29.8,0.0382,0.42,0.1183,0.2478
41.12,29.8,0.0287,0.38,0.1089,0.1028
41.12,29.83,0.0318,0.38,0.1172,0.029
41.12,29.83,0.0504,0.44,0.1148,0.1117
41.12,29.83,0.0606,0.38,0.1232,0.1275
41.12,29.83,0.0895,0.45,0.1175,0.1128
41.12,29.83,0.1095,0.48,0.115,0.0663
41.12,29.83,0.1392,0.57,0.0768,0.1411
41.12,29.83,0.1488,0.63,0.0435,0.077
41.12,29.83,0.1279,0.61,0.0503,0.0294
41.12,29.83,0.1032,0.6,0.0847,0.034
41.12,29.83,0.0669,0.52,0.096,0.0935
41.12,29.83,0.0382,0.42,0.1183,0.2478
41.12,29.83,0.0287,0.38,0.1089,0.1028
41.12,29.86,0.0318,0.38,0.1172,0.029
41.12,29.86,0.0504,0.44,0.1148,0.1117
41.12,29.86,0.0606,0.38,0.1232,0.1275
41.12,29.86,0.0895,0.45,0.1175,0.1128
41.12,29.86,0.1095,0.48,0.115,0.0663
41.12,29.86,0.1392,0.57,0.0768,0.1411
41.12,29.86,0.1488,0.63,0.0435,0.077
41.12,29.86,0.1279,0.61,0.0503,0.0294
41.12,29.86,0.1032,0.6,0.0847,0.034
41.12,29.86,0.0669,0.52,0.096,0.0935
41.12,29.86,0.0382,0.42,0.1183,0.2478
41.12,29.86,0.0287,0.38,0.1089,0.1028
41.12,29.89,0.0318,0.38,0.1172,0.029
41.12,29.89,0.0504,0.44,0.1148,0.1117
41.12,29.89,0.0606,0.38,0.1232,0.1275
41.12,29.89,0.0895,0.45,0.1175,0.1128
41.12,29.89,0.1095,0.48,0.115,0.0663
41.12,29.89,0.1392,0.57,0.0768,0.1411
41.12,29.89,0.1488,0.63,0.0435,0.077
41.12,29.89,0.1279,0.61,0.0503,0.0294
41.12,29.89,0.1032,0.6,0.0847,0.034
41.12,29.89,0.0669,0.52,0.096,0.0935
41.12,29.89,0.0382,0.42,0.1183,0.2478
41.12,29.89,0.0287,0.38,0.1089,0.1028
41.14,28.0,0.0321,0.38,0.1059,0.0312
41.14,28.0,0.0517,0.45,0.0999,0.0498
41.14,28.0,0.0646,0.41,0.1079,0.0852
41.14,28.0,0.0909,0.45,0.1096,0.1114
41.14,28.0,0.1096,0.48,0.1087,0.0423
41.14,28.0,0.1397,0.58,0.0686,0.0329
41.14,28.0,0.1521,0.65,0.0361,0.0097
41.14,28.0,0.1249,0.59,0.0476,0.0075
41.14,28.0,0.0973,0.56,0.0697,0.0344
41.14,28.0,0.067,0.52,0.075,0.0254
41.14,28.0,0.0378,0.41,0.1032,0.2367
41.14,28.0,0.028,0.38,0.0983,0.0938
41.14,28.03,0.0321,0.38,0.1059,0.0312
41.14,28.03,0.0517,0.45,0.0999,0.0498
41.14,28.03,0.0646,0.41,0.1079,0.0852
41.14,28.03,0.0909,0.45,0.1096,0.1114
41.14,28.03,0.1096,0.48,0.1087,0.0423
41.14,28.03,0.1397,0.58,0.0686,0.0329
41.14,28.03,0.1521,0.65,0.0361,0.0097
41.14,28.03,0.1249,0.59,0.0476,0.0075
41.14,28.03,0.0973,0.56,0.0697,0.0344
41.14,28.03,0.067,0.52,0.075,0.0254
41.14,28.03,0.0378,0.41,0.1032,0.2367
41.14,28.03,0.028,0.38,0.0983,0.0938
41.14,28.06,0.0321,0.38,0.1059,0.0312
41.14,28.06,0.0517,0.45,0.0999,0.0498
41.14,28.06,0.0646,0.41,0.1079,0.0852
41.14,28.06,0.0909,0.45,0.1096,0.1114
41.14,28.06,0.1096,0.48,0.1087,0.0423
41.14,28.06,0.1397,0.58,0.0686,0.0329
41.14,28.06,0.1521,0.65,0.0361,0.0097
41.14,28.06,0.1249,0.59,0.0476,0.0075
41.14,28.06,0.0973,0.56,0.0697,0.0344
41.14,28.06,0.067,0.52,0.075,0.0254
41.14,28.06,0.0378,0.41,0.1032,0.2367
41.14,28.06,0.028,0.38,0.0983,0.0938
41.14,28.09,0.0321,0.38,0.1059,0.0312
41.14,28.09,0.0517,0.45,0.0999,0.0498
41.14,28.09,0.0646,0.41,0.1079,0.0852
41.14,28.09,0.0909,0.45,0.1096,0.1114
41.14,28.09,0.1096,0.48,0.1087,0.0423
41.14,28.09,0.1397,0.58,0.0686,0.0329
41.14,28.09,0.1521,0.65,0.0361,0.0097
41.14,28.09,0.1249,0.59,0.0476,0.0075
41.14,28.09,0.0973,0.56,0.0697,0.0344
41.14,28.09,0.067,0.52,0.075,0.0254
41.14,28.09,0.0378,0.41,0.1032,0.2367
41.14,28.09,0.028,0.38,0.0983,0.0938
41.14,28.12,0.0321,0.38,0.1059,0.0312
41.14,28.12,0.0517,0.45,0.0999,0.0498
41.14,28.12,0.0646,0.41,0.1079,0.0852
41.14,28.12,0.0909,0.45,0.1096,0.1114
41.14,28.12,0.1096,0.48,0.1087,0.0423
41.14,28.12,0.1397,0.58,0.0686,0.0329
41.14,28.12,0.1521,0.65,0.0361,0.0097
41.14,28.12,0.1249,0.59,0.0476,0.0075
41.14,28.12,0.0973,0.56,0.0697,0.0344
41.14,28.12,0.067,0.52,0.075,0.0254
41.14,28.12,0.0378,0.41,0.1032,0.2367
41.14,28.12,0.028,0.38,0.0983,0.0938
41.14,28.15,0.0321,0.38,0.1059,0.0312
41.14,28.15,0.0517,0.45,0.0999,0.0498
41.14,28.15,0.0646,0.41,0.1079,0.0852
41.14,28.15,0.0909,0.45,0.1096,0.1114
41.14,28.15,0.1096,0.48,0.1087,0.0423
41.14,28.15,0.1397,0.58,0.0686,0.0329
41.14,28.15,0.1521,0.65,0.0361,0.0097
41.14,28.15,0.1249,0.59,0.0476,0.0075
41.14,28.15,0.0973,0.56,0.0697,0.0344
41.14,28.15,0.067,0.52,0.075,0.0254
41.14,28.15,0.0378,0.41,0.1032,0.2367
41.14,28.15,0.028,0.38,0.0983,0.0938
41.14,28.18,0.0321,0.38,0.1059,0.0312
41.14,28.18,0.0517,0.45,0.0999,0.0498
41.14,28.18,0.0646,0.41,0.1079,0.0852
41.14,28.18,0.0909,0.45,0.1096,0.1114
41.14,28.18,0.1096,0.48,0.1087,0.0423
41.14,28.18,0.1397,0.58,0.0686,0.0329
41.14,28.18,0.1521,0.65,0.0361,0.0097
41.14,28.18,0.1249,0.59,0.0476,0.0075
41.14,28.18,0.0973,0.56,0.0697,0.0344
41.14,28.18,0.067,0.52,0.075,0.0254
41.14,28.18,0.0378,0.41,0.1032,0.2367
41.14,28.18,0.028,0.38,0.0983,0.0938
41.14,28.21,0.0321,0.38,0.1059,0.0312
41.14,28.21,0.0517,0.45,0.0999,0.0498
41.14,28.21,0.0646,0.41,0.1079,0.0852
41.14,28.21,0.0909,0.45,0.1096,0.1114
41.14,28.21,0.1096,0.48,0.1087,0.0423
41.14,28.21,0.1397,0.58,0.0686,0.0329
41.14,28.21,0.1521,0.65,0.0361,0.0097
41.14,28.21,0.1249,0.59,0.0476,0.0075
41.14,28.21,0.0973,0.56,0.0697,0.0344
41.14,28.21,0.067,0.52,0.075,0.0254
41.14,28.21,0.0378,0.41,0.1032,0.2367
41.14,28.21,0.028,0.38,0.0983,0.0938
41.14,28.24,0.0321,0.38,0.1059,0.0312
41.14,28.24,0.0517,0.45,0.0999,0.0498
41.14,28.24,0.0646,0.41,0.1079,0.0852
41.14,28.24,0.0909,0.45,0.1096,0.1114
41.14,28.24,0.1096,0.48,0.1087,0.0423
41.14,28.24,0.1397,0.58,0.0686,0.0329
41.14,28.24,0.1521,0.65,0.0361,0.0097
41.14,28.24,0.1249,0.59,0.0476,0.0075
41.14,28.24,0.0973,0.56,0.0697,0.0344
41.14,28.24,0.067,0.52,0.075,0.0254
41.14,28.24,0.0378,0.41,0.1032,0.2367
41.14,28.24,0.028,0.38,0.0983,0.0938
41.14,28.27,0.0321,0.38,0.1059,0.0312
41.14,28.27,0.0517,0.45,0.0999,0.0498
41.14,28.27,0.0646,0.41,0.1079,0.0852
41.14,28.27,0.0909,0.45,0.1096,0.1114
41.14,28.27,0.1096,0.48,0.1087,0.0423
41.14,28.27,0.1397,0.58,0.0686,0.0329
41.14,28.27,0.1521,0.65,0.0361,0.0097
41.14,28.27,0.1249,0.59,0.0476,0.0075
41.14,28.27,0.0973,0.56,0.0697,0.0344
41.14,28.27,0.067,0.52,0.075,0.0254
41.14,28.27,0.0378,0.41,0.1032,0.2367
41.14,28.27,0.028,0.38,0.0983,0.0938
41.14,28.3,0.0321,0.38,0.1059,0.0312
41.14,28.3,0.0517,0.45,0.0999,0.0498
41.14,28.3,0.0646,0.41,0.1079,0.0852
41.14,28.3,0.0909,0.45,0.1096,0.1114
41.14,28.3,0.1096,0.48,0.1087,0.0423
41.14,28.3,0.1397,0.58,0.0686,0.0329
41.14,28.3,0.1521,0.65,0.0361,0.0097
41.14,28.3,0.1249,0.59,0.0476,0.0075
41.14,28.3,0.0973,0.56,0.0697,0.0344
41.14,28.3,0.067,0.52,0.075,0.0254
41.14,28.3,0.0378,0.41,0.1032,0.2367
41.14,28.3,0.028,0.38,0.0983,0.0938
41.14,28.33,0.0321,0.38,0.1059,0.0312
41.14,28.33,0.0517,0.45,0.0999,0.0498
41.14,28.33,0.0646,0.41,0.1079,0.0852
41.14,28.33,0.0909,0.45,0.1096,0.1114
41.14,28.33,0.1096,0.48,0.1087,0.0423
41.14,28.33,0.1397,0.58,0.0686,0.0329
41.14,28.33,0.1521,0.65,0.0361,0.0097
41.14,28.33,0.1249,0.59,0.0476,0.0075
41.14,28.33,0.0973,0.56,0.0697,0.0344
41.14,28.33,0.067,0.52,0.075,0.0254
41.14,28.33,0.0378,0.41,0.1032,0.2367
41.14,28.33,0.028,0.38,0.0983,0.0938
41.14,28.36,0.0321,0.38,0.1059,0.0312
41.14,28.36,0.0517,0.45,0.0999,0.0498
41.14,28.36,0.0646,0.41,0.1079,0.0852
41.14,28.36,0.0909,0.45,0.1096,0.1114
41.14,28.36,0.1096,0.48,0.1087,0.0423
41.14,28.36,0.1397,0.58,0.0686,0.0329
41.14,28.36,0.1521,0.65,0.0361,0.0097
41.14,28.36,0.1249,0.59,0.0476,0.0075
41.14,28.36,0.0973,0.56,0.0697,0.0344
41.14,28.36,0.067,0.52,0.075,0.0254
41.14,28.36,0.0378,0.41,0.1032,0.2367
41.14,28.36,0.028,0.38,0.0983,0.0938
41.14,28.39,0.0321,0.38,0.1059,0.0312
41.14,28.39,0.0517,0.45,0.0999,0.0498
41.14,28.39,0.0646,0.41,0.1079,0.0852
41.14,28.39,0.0909,0.45,0.1096,0.1114
41.14,28.39,0.1096,0.48,0.1087,0.0423
41.14,28.39,0.1397,0.58,0.0686,0.0329
41.14,28.39,0.1521,0.65,0.0361,0.0097
41.14,28.39,0.1249,0.59,0.0476,0.0075
41.14,28.39,0.0973,0.56,0.0697,0.0344
41.14,28.39,0.067,0.52,0.075,0.0254
41.14,28.39,0.0378,0.41,0.1032,0.2367
41.14,28.39,0.028,0.38,0.0983,0.0938
41.14,28.42,0.0321,0.38,0.1059,0.0312
41.14,28.42,0.0517,0.45,0.0999,0.0498
41.14,28.42,0.0646,0.41,0.1079,0.0852
41.14,28.42,0.0909,0.45,0.1096,0.1114
41.14,28.42,0.1096,0.48,0.1087,0.0423
41.14,28.42,0.1397,0.58,0.0686,0.0329
41.14,28.42,0.1521,0.65,0.0361,0.0097
41.14,28.42,0.1249,0.59,0.0476,0.0075
41.14,28.42,0.0973,0.56,0.0697,0.0344
41.14,28.42,0.067,0.52,0.075,0.0254
41.14,28.42,0.0378,0.41,0.1032,0.2367
41.14,28.42,0.028,0.38,0.0983,0.0938
41.14,28.45,0.0321,0.38,0.1059,0.0258
41.14,28.45,0.0517,0.45,0.0999,0.0655
41.14,28.45,0.0646,0.41,0.1079,0.0892
41.14,28.45,0.0909,0.45,0.1096,0.1099
41.14,28.45,0.1096,0.48,0.1087,0.0444
41.14,28.45,0.1397,0.58,0.0686,0.0308
41.14,28.45,0.1521,0.65,0.0361,0.0118
41.14,28.45,0.1249,0.59,0.0476,0.0107
41.14,28.45,0.0973,0.56,0.0697,0.0254
41.14,28.45,0.067,0.52,0.075,0.0412
41.14,28.45,0.0378,0.41,0.1032,0.2281
41.14,28.45,0.028,0.38,0.0983,0.0824
41.14,28.48,0.0321,0.38,0.1059,0.0258
41.14,28.48,0.0517,0.45,0.0999,0.0655
41.14,28.48,0.0646,0.41,0.1079,0.0892
41.14,28.48,0.0909,0.45,0.1096,0.1099
41.14,28.48,0.1096,0.48,0.1087,0.0444
41.14,28.48,0.1397,0.58,0.0686,0.0308
41.14,28.48,0.1521,0.65,0.0361,0.0118
41.14,28.48,0.1249,0.59,0.0476,0.0107
41.14,28.48,0.0973,0.56,0.0697,0.0254
41.14,28.48,0.067,0.52,0.075,0.0412
41.14,28.48,0.0378,0.41,0.1032,0.2281
41.14,28.48,0.028,0.38,0.0983,0.0824
41.14,28.51,0.0321,0.38,0.1059,0.0258
41.14,28.51,0.0517,0.45,0.0999,0.0655
41.14,28.51,0.0646,0.41,0.1079,0.0892
41.14,28.51,0.0909,0.45,0.1096,0.1099
41.14,28.51,0.1096,0.48,0.1087,0.0444
41.14,28.51,0.1397,0.58,0.0686,0.0308
41.14,28.51,0.1521,0.65,0.0361,0.0118
41.14,28.51,0.1249,0.59,0.0476,0.0107
41.14,28.51,0.0973,0.56,0.0697,0.0254
41.14,28.51,0.067,0.52,0.075,0.0412
41.14,28.51,0.0378,0.41,0.1032,0.2281
41.14,28.51,0.028,0.38,0.0983,0.0824
41.14,28.54,0.0321,0.38,0.1059,0.0258
41.14,28.54,0.0517,0.45,0.0999,0.0655
41.14,28.54,0.0646,0.41,0.1079,0.0892
41.14,28.54,0.0909,0.45,0.1096,0.1099
41.14,28.54,0.1096,0.48,0.1087,0.0444
41.14,28.54,0.1397,0.58,0.0686,0.0308
41.14,28.54,0.1521,0.65,0.0361,0.0118
41.14,28.54,0.1249,0.59,0.0476,0.0107
41.14,28.54,0.0973,0.56,0.0697,0.0254
41.14,28.54,0.067,0.52,0.075,0.0412
41.14,28.54,0.0378,0.41,0.1032,0.2281
41.14,28.54,0.028,0.38,0.0983,0.0824
41.14,28.57,0.0321,0.38,0.1059,0.0258
41.14,28.57,0.0517,0.45,0.0999,0.0655
41.14,28.57,0.0646,0.41,0.1079,0.0892
41.14,28.57,0.0909,0.45,0.1096,0.1099
41.14,28.57,0.1096,0.48,0.1087,0.0444
41.14,28.57,0.1397,0.58,0.0686,0.0308
41.14,28.57,0.1521,0.65,0.0361,0.0118
41.14,28.57,0.1249,0.59,0.0476,0.0107
41.14,28.57,0.0973,0.56,0.0697,0.0254
41.14,28.57,0.067,0.52,0.075,0.0412
41.14,28.57,0.0378,0.41,0.1032,0.2281
41.14,28.57,0.028,0.38,0.0983,0.0824
41.14,28.6,0.0321,0.38,0.1059,0.0258
41.14,28.6,0.0517,0.45,0.0999,0.0655
41.14,28.6,0.0646,0.41,0.1079,0.0892
41.14,28.6,0.0909,0.45,0.1096,0.1099
41.14,28.6,0.1096,0.48,0.1087,0.0444
41.14,28.6,0.1397,0.58,0.0686,0.0308
41.14,28.6,0.1521,0.65,0.0361,0.0118
41.14,28.6,0.1249,0.59,0.0476,0.0107
41.14,28.6,0.0973,0.56,0.0697,0.0254
41.14,28.6,0.067,0.52,0.075,0.0412
41.14,28.6,0.0378,0.41,0.1032,0.2281
41.14,28.6,0.028,0.38,0.0983,0.0824
41.14,28.63,0.0321,0.38,0.1059,0.0258
41.14,28.63,0.0517,0.45,0.0999,0.0655
41.14,28.63,0.0646,0.41,0.1079,0.0892
41.14,28.63,0.0909,0.45,0.1096,0.1099
41.14,28.63,0.1096,0.48,0.1087,0.0444
41.14,28.63,0.1397,0.58,0.0686,0.0308
41.14,28.63,0.1521,0.65,0.0361,0.0118
41.14,28.63,0.1249,0.59,0.0476,0.0107
41.14,28.63,0.0973,0.56,0.0697,0.0254
41.14,28.63,0.067,0.52,0.075,0.0412
41.14,28.63,0.0378,0.41,0.1032,0.2281
41.14,28.63,0.028,0.38,0.0983,0.0824
41.14,28.66,0.0321,0.38,0.1059,0.0258
41.14,28.66,0.0517,0.45,0.0999,0.0655
41.14,28.66,0.0646,0.41,0.1079,0.0892
41.14,28.66,0.0909,0.45,0.1096,0.1099
41.14,28.66,0.1096,0.48,0.1087,0.0444
41.14,28.66,0.1397,0.58,0.0686,0.0308
41.14,28.66,0.1521,0.65,0.0361,0.0118
41.14,28.66,0.1249,0.59,0.0476,0.0107
41.14,28.66,0.0973,0.56,0.0697,0.0254
41.14,28.66,0.067,0.52,0.075,0.0412
41.14,28.66,0.0378,0.41,0.1032,0.2281
41.14,28.66,0.028,0.38,0.0983,0.0824
41.14,28.69,0.0321,0.38,0.1059,0.0258
41.14,28.69,0.0517,0.45,0.0999,0.0655
41.14,28.69,0.0646,0.41,0.1079,0.0892
41.14,28.69,0.0909,0.45,0.1096,0.1099
41.14,28.69,0.1096,0.48,0.1087,0.0444
41.14,28.69,0.1397,0.58,0.0686,0.0308
41.14,28.69,0.1521,0.65,0.0361,0.0118
41.14,28.69,0.1249,0.59,0.0476,0.0107
41.14,28.69,0.0973,0.56,0.0697,0.0254
41.14,28.69,0.067,0.52,0.075,0.0412
41.14,28.69,0.0378,0.41,0.1032,0.2281
41.14,28.69,0.028,0.38,0.0983,0.0824
41.14,28.72,0.0321,0.38,0.1059,0.0258
41.14,28.72,0.0517,0.45,0.0999,0.0655
41.14,28.72,0.0646,0.41,0.1079,0.0892
41.14,28.72,0.0909,0.45,0.1096,0.1099
41.14,28.72,0.1096,0.48,0.1087,0.0444
41.14,28.72,0.1397,0.58,0.0686,0.0308
41.14,28.72,0.1521,0.65,0.0361,0.0118
41.14,28.72,0.1249,0.59,0.0476,0.0107
41.14,28.72,0.0973,0.56,0.0697,0.0254
41.14,28.72,0.067,0.52,0.075,0.0412
41.14,28.72,0.0378,0.41,0.1032,0.2281
41.14,28.72,0.028,0.38,0.0983,0.0824
41.14,28.75,0.0321,0.38,0.1059,0.0258
41.14,28.75,0.0517,0.45,0.0999,0.0655
41.14,28.75,0.0646,0.41,0.1079,0.0892
41.14,28.75,0.0909,0.45,0.1096,0.1099
41.14,28.75,0.1096,0.48,0.1087,0.0444
41.14,28.75,0.1397,0.58,0.0686,0.0308
41.14,28.75,0.1521,0.65,0.0361,0.0118
41.14,28.75,0.1249,0.59,0.0476,0.0107
41.14,28.75,0.0973,0.56,0.0697,0.0254
41.14,28.75,0.067,0.52,0.075,0.0412
41.14,28.75,0.0378,0.41,0.1032,0.2281
41.14,28.75,0.028,0.38,0.0983,0.0824
41.14,28.78,0.0321,0.38,0.1059,0.0258
41.14,28.78,0.0517,0.45,0.0999,0.0655
41.14,28.78,0.0646,0.41,0.1079,0.0892
41.14,28.78,0.0909,0.45,0.1096,0.1099
41.14,28.78,0.1096,0.48,0.1087,0.0444
41.14,28.78,0.1397,0.58,0.0686,0.0308
41.14,28.78,0.1521,0.65,0.0361,0.0118
41.14,28.78,0.1249,0.59,0.0476,0.0107
41.14,28.78,0.0973,0.56,0.0697,0.0254
41.14,28.78,0.067,0.52,0.075,0.0412
41.14,28.78,0.0378,0.41,0.1032,0.2281
41.14,28.78,0.028,0.38,0.0983,0.0824
41.14,28.81,0.0321,0.38,0.1059,0.0258
41.14,28.81,0.0517,0.45,0.0999,0.0655
41.14,28.81,0.0646,0.41,0.1079,0.0892
41.14,28.81,0.0909,0.45,0.1096,0.1099
41.14,28.81,0.1096,0.48,0.1087,0.0444
41.14,28.81,0.1397,0.58,0.0686,0.0308
41.14,28.81,0.1521,0.65,0.0361,0.0118
41.14,28.81,0.1249,0.59,0.0476,0.0107
41.14,28.81,0.0973,0.56,0.0697,0.0254
41.14,28.81,0.067,0.52,0.075,0.0412
41.14,28.81,0.0378,0.41,0.1032,0.2281
41.14,28.81,0.028,0.38,0.0983,0.0824
41.14,28.84,0.0321,0.38,0.1059,0.0258
41.14,28.84,0.0517,0.45,0.0999,0.0655
41.14,28.84,0.0646,0.41,0.1079,0.0892
41.14,28.84,0.0909,0.45,0.1096,0.1099
41.14,28.84,0.1096,0.48,0.1087,0.0444
41.14,28.84,0.1397,0.58,0.0686,0.0308
41.14,28.84,0.1521,0.65,0.0361,0.0118
41.14,28.84,0.1249,0.59,0.0476,0.0107
41.14,28.84,0.0973,0.56,0.0697,0.0254
41.14,28.84,0.067,0.52,0.075,0.0412
41.14,28.84,0.0378,0.41,0.1032,0.2281
41.14,28.84,0.028,0.38,0.0983,0.0824
41.14,28.87,0.0321,0.38,0.1059,0.0258
41.14,28.87,0.0517,0.45,0.0999,0.0655
41.14,28.87,0.0646,0.41,0.1079,0.0892
41.14,28.87,0.0909,0.45,0.1096,0.1099
41.14,28.87,0.1096,0.48,0.1087,0.0444
41.14,28.87,0.1397,0.58,0.0686,0.0308
41.14,28.87,0.1521,0.65,0.0361,0.0118
41.14,28.87,0.1249,0.59,0.0476,0.0107
41.14,28.87,0.0973,0.56,0.0697,0.0254
41.14,28.87,0.067,0.52,0.075,0.0412
41.14,28.87,0.0378,0.41,0.1032,0.2281
41.14,28.87,0.028,0.38,0.0983,0.0824
41.14,28.9,0.0321,0.38,0.1059,0.0258
41.14,28.9,0.0517,0.45,0.0999,0.0655
41.14,28.9,0.0646,0.41,0.1079,0.0892
41.14,28.9,0.0909,0.45,0.1096,0.1099
41.14,28.9,0.1096,0.48,0.1087,0.0444
41.14,28.9,0.1397,0.58,0.0686,0.0308
41.14,28.9,0.1521,0.65,0.0361,0.0118
41.14,28.9,0.1249,0.59,0.0476,0.0107
41.14,28.9,0.0973,0.56,0.0697,0.0254
41.14,28.9,0.067,0.52,0.075,0.0412
41.14,28.9,0.0378,0.41,0.1032,0.2281
41.14,28.9,0.028,0.38,0.0983,0.0824
41.14,28.93,0.0321,0.38,0.1059,0.0258
41.14,28.93,0.0517,0.45,0.0999,0.0655
41.14,28.93,0.0646,0.41,0.1079,0.0892
41.14,28.93,0.0909,0.45,0.1096,0.1099
41.14,28.93,0.1096,0.48,0.1087,0.0444
41.14,28.93,0.1397,0.58,0.0686,0.0308
41.14,28.93,0.1521,0.65,0.0361,0.0118
41.14,28.93,0.1249,0.59,0.0476,0.0107
41.14,28.93,0.0973,0.56,0.0697,0.0254
41.14,28.93,0.067,0.52,0.075,0.0412
41.14,28.93,0.0378,0.41,0.1032,0.2281
41.14,28.93,0.028,0.38,0.0983,0.0824
41.14,28.96,0.0321,0.38,0.1059,0.0258
41.14,28.96,0.0517,0.45,0.0999,0.0655
41.14,28.96,0.0646,0.41,0.1079,0.0892
41.14,28.96,0.0909,0.45,0.1096,0.1099
41.14,28.96,0.1096,0.48,0.1087,0.0444
41.14,28.96,0.1397,0.58,0.0686,0.0308
41.14,28.96,0.1521,0.65,0.0361,0.0118
41.14,28.96,0.1249,0.59,0.0476,0.0107
41.14,28.96,0.0973,0.56,0.0697,0.0254
41.14,28.96,0.067,0.52,0.075,0.0412
41.14,28.96,0.0378,0.41,0.1032,0.2281
41.14,28.96,0.028,0.38,0.0983,0.0824
41.14,28.99,0.0321,0.38,0.1059,0.0258
41.14,28.99,0.0517,0.45,0.0999,0.0655
41.14,28.99,0.0646,0.41,0.1079,0.0892
41.14,28.99,0.0909,0.45,0.1096,0.1099
41.14,28.99,0.1096,0.48,0.1087,0.0444
41.14,28.99,0.1397,0.58,0.0686,0.0308
41.14,28.99,0.1521,0.65,0.0361,0.0118
41.14,28.99,0.1249,0.59,0.0476,0.0107
41.14,28.99,0.0973,0.56,0.0697,0.0254
41.14,28.99,0.067,0.52,0.075,0.0412
41.14,28.99,0.0378,0.41,0.1032,0.2281
41.14,28.99,0.028,0.38,0.0983,0.0824
41.14,29.02,0.0318,0.38,0.1172,0.0258
41.14,29.02,0.0504,0.44,0.1148,0.0655
41.14,29.02,0.0606,0.38,0.1232,0.0892
41.14,29.02,0.0895,0.45,0.1175,0.1099
41.14,29.02,0.1095,0.48,0.115,0.0444
41.14,29.02,0.1392,0.57,0.0768,0.0308
41.14,29.02,0.1488,0.63,0.0435,0.0118
41.14,29.02,0.1279,0.61,0.0503,0.0107
41.14,29.02,0.1032,0.6,0.0847,0.0254
41.14,29.02,0.0669,0.52,0.096,0.0412
41.14,29.02,0.0382,0.42,0.1183,0.2281
41.14,29.02,0.0287,0.38,0.1089,0.0824
41.14,29.05,0.0318,0.38,0.1172,0.0258
41.14,29.05,0.0504,0.44,0.1148,0.0655
41.14,29.05,0.0606,0.38,0.1232,0.0892
41.14,29.05,0.0895,0.45,0.1175,0.1099
41.14,29.05,0.1095,0.48,0.115,0.0444
41.14,29.05,0.1392,0.57,0.0768,0.0308
41.14,29.05,0.1488,0.63,0.0435,0.0118
41.14,29.05,0.1279,0.61,0.0503,0.0107
41.14,29.05,0.1032,0.6,0.0847,0.0254
41.14,29.05,0.0669,0.52,0.096,0.0412
41.14,29.05,0.0382,0.42,0.1183,0.2281
41.14,29.05,0.0287,0.38,0.1089,0.0824
41.14,29.08,0.0318,0.38,0.1172,0.0258
41.14,29.08,0.0504,0.44,0.1148,0.0906
41.14,29.08,0.0606,0.38,0.1232,0.1031
41.14,29.08,0.0895,0.45,0.1175,0.1085
41.14,29.08,0.1095,0.48,0.115,0.0483
41.14,29.08,0.1392,0.57,0.0768,0.0559
41.14,29.08,0.1488,0.63,0.0435,0.0283
41.14,29.08,0.1279,0.61,0.0503,0.0183
41.14,29.08,0.1032,0.6,0.0847,0.0319
41.14,29.08,0.0669,0.52,0.096,0.0655
41.14,29.08,0.0382,0.42,0.1183,0.2496
41.14,29.08,0.0287,0.38,0.1089,0.0877
41.14,29.11,0.0318,0.38,0.1172,0.0258
41.14,29.11,0.0504,0.44,0.1148,0.0906
41.14,29.11,0.0606,0.38,0.1232,0.1031
41.14,29.11,0.0895,0.45,0.1175,0.1085
41.14,29.11,0.1095,0.48,0.115,0.0483
41.14,29.11,0.1392,0.57,0.0768,0.0559
41.14,29.11,0.1488,0.63,0.0435,0.0283
41.14,29.11,0.1279,0.61,0.0503,0.0183
41.14,29.11,0.1032,0.6,0.0847,0.0319
41.14,29.11,0.0669,0.52,0.096,0.0655
41.14,29.11,0.0382,0.42,0.1183,0.2496
41.14,29.11,0.0287,0.38,0.1089,0.0877
41.14,29.14,0.0318,0.38,0.1172,0.0258
41.14,29.14,0.0504,0.44,0.1148,0.0906
41.14,29.14,0.0606,0.38,0.1232,0.1031
41.14,29.14,0.0895,0.45,0.1175,0.1085
41.14,29.14,0.1095,0.48,0.115,0.0483
41.14,29.14,0.1392,0.57,0.0768,0.0559
41.14,29.14,0.1488,0.63,0.0435,0.0283
41.14,29.14,0.1279,0.61,0.0503,0.0183
41.14,29.14,0.1032,0.6,0.0847,0.0319
41.14,29.14,0.0669,0.52,0.096,0.0655
41.14,29.14,0.0382,0.42,0.1183,0.2496
41.14,29.14,0.0287,0.38,0.1089,0.0877
41.14,29.17,0.0318,0.38,0.1172,0.0258
41.14,29.17,0.0504,0.44,0.1148,0.0906
41.14,29.17,0.0606,0.38,0.1232,0.1031
41.14,29.17,0.0895,0.45,0.1175,0.1085
41.14,29.17,0.1095,0.48,0.115,0.0483
41.14,29.17,0.1392,0.57,0.0768,0.0559
41.14,29.17,0.1488,0.63,0.0435,0.0283
41.14,29.17,0.1279,0.61,0.0503,0.0183
41.14,29.17,0.1032,0.6,0.0847,0.0319
41.14,29.17,0.0669,0.52,0.096,0.0655
41.14,29.17,0.0382,0.42,0.1183,0.2496
41.14,29.17,0.0287,0.38,0.1089,0.0877
41.14,29.2,0.0318,0.38,0.1172,0.0258
41.14,29.2,0.0504,0.44,0.1148,0.0906
41.14,29.2,0.0606,0.38,0.1232,0.1031
41.14,29.2,0.0895,0.45,0.1175,0.1085
41.14,29.2,0.1095,0.48,0.115,0.0483
41.14,29.2,0.1392,0.57,0.0768,0.0559
41.14,29.2,0.1488,0.63,0.0435,0.0283
41.14,29.2,0.1279,0.61,0.0503,0.0183
41.14,29.2,0.1032,0.6,0.0847,0.0319
41.14,29.2,0.0669,0.52,0.096,0.0655
41.14,29.2,0.0382,0.42,0.1183,0.2496
41.14,29.2,0.0287,0.38,0.1089,0.0877
41.14,29.23,0.0318,0.38,0.1172,0.0258
41.14,29.23,0.0504,0.44,0.1148,0.0906
41.14,29.23,0.0606,0.38,0.1232,0.1031
41.14,29.23,0.0895,0.45,0.1175,0.1085
41.14,29.23,0.1095,0.48,0.115,0.0483
41.14,29.23,0.1392,0.57,0.0768,0.0559
41.14,29.23,0.1488,0.63,0.0435,0.0283
41.14,29.23,0.1279,0.61,0.0503,0.0183
41.14,29.23,0.1032,0.6,0.0847,0.0319
41.14,29.23,0.0669,0.52,0.096,0.0655
41.14,29.23,0.0382,0.42,0.1183,0.2496
41.14,29.23,0.0287,0.38,0.1089,0.0877
41.14,29.26,0.0318,0.38,0.1172,0.0258
41.14,29.26,0.0504,0.44,0.1148,0.0906
41.14,29.26,0.0606,0.38,0.1232,0.1031
41.14,29.26,0.0895,0.45,0.1175,0.1085
41.14,29.26,0.1095,0.48,0.115,0.0483
41.14,29.26,0.1392,0.57,0.0768,0.0559
41.14,29.26,0.1488,0.63,0.0435,0.0283
41.14,29.26,0.1279,0.61,0.0503,0.0183
41.14,29.26,0.1032,0.6,0.0847,0.0319
41.14,29.26,0.0669,0.52,0.096,0.0655
41.14,29.26,0.0382,0.42,0.1183,0.2496
41.14,29.26,0.0287,0.38,0.1089,0.0877
41.14,29.29,0.0318,0.38,0.1172,0.0258
41.14,29.29,0.0504,0.44,0.1148,0.0906
41.14,29.29,0.0606,0.38,0.1232,0.1031
41.14,29.29,0.0895,0.45,0.1175,0.1085
41.14,29.29,0.1095,0.48,0.115,0.0483
41.14,29.29,0.1392,0.57,0.0768,0.0559
41.14,29.29,0.1488,0.63,0.0435,0.0283
41.14,29.29,0.1279,0.61,0.0503,0.0183
41.14,29.29,0.1032,0.6,0.0847,0.0319
41.14,29.29,0.0669,0.52,0.096,0.0655
41.14,29.29,0.0382,0.42,0.1183,0.2496
41.14,29.29,0.0287,0.38,0.1089,0.0877
41.14,29.32,0.0318,0.38,0.1172,0.0258
41.14,29.32,0.0504,0.44,0.1148,0.0906
41.14,29.32,0.0606,0.38,0.1232,0.1031
41.14,29.32,0.0895,0.45,0.1175,0.1085
41.14,29.32,0.1095,0.48,0.115,0.0483
41.14,29.32,0.1392,0.57,0.0768,0.0559
41.14,29.32,0.1488,0.63,0.0435,0.0283
41.14,29.32,0.1279,0.61,0.0503,0.0183
41.14,29.32,0.1032,0.6,0.0847,0.0319
41.14,29.32,0.0669,0.52,0.096,0.0655
41.14,29.32,0.0382,0.42,0.1183,0.2496
41.14,29.32,0.0287,0.38,0.1089,0.0877
41.14,29.35,0.0318,0.38,0.1172,0.0258
41.14,29.35,0.0504,0.44,0.1148,0.0906
41.14,29.35,0.0606,0.38,0.1232,0.1031
41.14,29.35,0.0895,0.45,0.1175,0.1085
41.14,29.35,0.1095,0.48,0.115,0.0483
41.14,29.35,0.1392,0.57,0.0768,0.0559
41.14,29.35,0.1488,0.63,0.0435,0.0283
41.14,29.35,0.1279,0.61,0.0503,0.0183
41.14,29.35,0.1032,0.6,0.0847,0.0319
41.14,29.35,0.0669,0.52,0.096,0.0655
41.14,29.35,0.0382,0.42,0.1183,0.2496
41.14,29.35,0.0287,0.38,0.1089,0.0877
41.14,29.38,0.0318,0.38,0.1172,0.0258
41.14,29.38,0.0504,0.44,0.1148,0.0906
41.14,29.38,0.0606,0.38,0.1232,0.1031
41.14,29.38,0.0895,0.45,0.1175,0.1085
41.14,29.38,0.1095,0.48,0.115,0.0483
41.14,29.38,0.1392,0.57,0.0768,0.0559
41.14,29.38,0.1488,0.63,0.0435,0.0283
41.14,29.38,0.1279,0.61,0.0503,0.0183
41.14,29.38,0.1032,0.6,0.0847,0.0319
41.14,29.38,0.0669,0.52,0.096,0.0655
41.14,29.38,0.0382,0.42,0.1183,0.2496
41.14,29.38,0.0287,0.38,0.1089,0.0877
41.14,29.41,0.0318,0.38,0.1172,0.0258
41.14,29.41,0.0504,0.44,0.1148,0.0906
41.14,29.41,0.0606,0.38,0.1232,0.1031
41.14,29.41,0.0895,0.45,0.1175,0.1085
41.14,29.41,0.1095,0.48,0.115,0.0483
41.14,29.41,0.1392,0.57,0.0768,0.0559
41.14,29.41,0.1488,0.63,0.0435,0.0283
41.14,29.41,0.1279,0.61,0.0503,0.0183
41.14,29.41,0.1032,0.6,0.0847,0.0319
41.14,29.41,0.0669,0.52,0.096,0.0655
41.14,29.41,0.0382,0.42,0.1183,0.2496
41.14,29.41,0.0287,0.38,0.1089,0.0877
41.14,29.44,0.0318,0.38,0.1172,0.0258
41.14,29.44,0.0504,0.44,0.1148,0.0906
41.14,29.44,0.0606,0.38,0.1232,0.1031
41.14,29.44,0.0895,0.45,0.1175,0.1085
41.14,29.44,0.1095,0.48,0.115,0.0483
41.14,29.44,0.1392,0.57,0.0768,0.0559
41.14,29.44,0.1488,0.63,0.0435,0.0283
41.14,29.44,0.1279,0.61,0.0503,0.0183
41.14,29.44,0.1032,0.6,0.0847,0.0319
41.14,29.44,0.0669,0.52,0.096,0.0655
41.14,29.44,0.0382,0.42,0.1183,0.2496
41.14,29.44,0.0287,0.38,0.1089,0.0877
41.14,29.47,0.0318,0.38,0.1172,0.0258
41.14,29.47,0.0504,0.44,0.1148,0.0906
41.14,29.47,0.0606,0.38,0.1232,0.1031
41.14,29.47,0.0895,0.45,0.1175,0.1085
41.14,29.47,0.1095,0.48,0.115,0.0483
41.14,29.47,0.1392,0.57,0.0768,0.0559
41.14,29.47,0.1488,0.63,0.0435,0.0283
41.14,29.47,0.1279,0.61,0.0503,0.0183
41.14,29.47,0.1032,0.6,0.0847,0.0319
41.14,29.47,0.0669,0.52,0.096,0.0655
41.14,29.47,0.0382,0.42,0.1183,0.2496
41.14,29.47,0.0287,0.38,0.1089,0.0877
41.14,29.5,0.0318,0.38,0.1172,0.0258
41.14,29.5,0.0504,0.44,0.1148,0.0906
41.14,29.5,0.0606,0.38,0.1232,0.1031
41.14,29.5,0.0895,0.45,0.1175,0.1085
41.14,29.5,0.1095,0.48,0.115,0.0483
41.14,29.5,0.1392,0.57,0.0768,0.0559
41.14,29.5,0.1488,0.63,0.0435,0.0283
41.14,29.5,0.1279,0.61,0.0503,0.0183
41.14,29.5,0.1032,0.6,0.0847,0.0319
41.14,29.5,0.0669,0.52,0.096,0.0655
41.14,29.5,0.0382,0.42,0.1183,0.2496
41.14,29.5,0.0287,0.38,0.1089,0.0877
41.14,29.53,0.0318,0.38,0.1172,0.0258
41.14,29.53,0.0504,0.44,0.1148,0.0906
41.14,29.53,0.0606,0.38,0.1232,0.1031
41.14,29.53,0.0895,0.45,0.1175,0.1085
41.14,29.53,0.1095,0.48,0.115,0.0483
41.14,29.53,0.1392,0.57,0.0768,0.0559
41.14,29.53,0.1488,0.63,0.0435,0.0283
41.14,29.53,0.1279,0.61,0.0503,0.0183
41.14,29.53,0.1032,0.6,0.0847,0.0319
41.14,29.53,0.0669,0.52,0.096,0.0655
41.14,29.53,0.0382,0.42,0.1183,0.2496
41.14,29.53,0.0287,0.38,0.1089,0.0877
41.14,29.56,0.0318,0.38,0.1172,0.0258
41.14,29.56,0.0504,0.44,0.1148,0.0906
41.14,29.56,0.0606,0.38,0.1232,0.1031
41.14,29.56,0.0895,0.45,0.1175,0.1085
41.14,29.56,0.1095,0.48,0.115,0.0483
41.14,29.56,0.1392,0.57,0.0768,0.0559
41.14,29.56,0.1488,0.63,0.0435,0.0283
41.14,29.56,0.1279,0.61,0.0503,0.0183
41.14,29.56,0.1032,0.6,0.0847,0.0319
41.14,29.56,0.0669,0.52,0.096,0.0655
41.14,29.56,0.0382,0.42,0.1183,0.2496
41.14,29.56,0.0287,0.38,0.1089,0.0877
41.14,29.59,0.0318,0.38,0.1172,0.0258
41.14,29.59,0.0504,0.44,0.1148,0.0906
41.14,29.59,0.0606,0.38,0.1232,0.1031
41.14,29.59,0.0895,0.45,0.1175,0.1085
41.14,29.59,0.1095,0.48,0.115,0.0483
41.14,29.59,0.1392,0.57,0.0768,0.0559
41.14,29.59,0.1488,0.63,0.0435,0.0283
41.14,29.59,0.1279,0.61,0.0503,0.0183
41.14,29.59,0.1032,0.6,0.0847,0.0319
41.14,29.59,0.0669,0.52,0.096,0.0655
41.14,29.59,0.0382,0.42,0.1183,0.2496
41.14,29.59,0.0287,0.38,0.1089,0.0877
41.14,29.62,0.0318,0.38,0.1172,0.0258
41.14,29.62,0.0504,0.44,0.1148,0.0906
41.14,29.62,0.0606,0.38,0.1232,0.1031
41.14,29.62,0.0895,0.45,0.1175,0.1085
41.14,29.62,0.1095,0.48,0.115,0.0483
41.14,29.62,0.1392,0.57,0.0768,0.0559
41.14,29.62,0.1488,0.63,0.0435,0.0283
41.14,29.62,0.1279,0.61,0.0503,0.0183
41.14,29.62,0.1032,0.6,0.0847,0.0319
41.14,29.62,0.0669,0.52,0.096,0.0655
41.14,29.62,0.0382,0.42,0.1183,0.2496
41.14,29.62,0.0287,0.38,0.1089,0.0877
41.14,29.65,0.0318,0.38,0.1172,0.0258
41.14,29.65,0.0504,0.44,0.1148,0.0906
41.14,29.65,0.0606,0.38,0.1232,0.1031
41.14,29.65,0.0895,0.45,0.1175,0.1085
41.14,29.65,0.1095,0.48,0.115,0.0483
41.14,29.65,0.1392,0.57,0.0768,0.0559
41.14,29.65,0.1488,0.63,0.0435,0.0283
41.14,29.65,0.1279,0.61,0.0503,0.0183
41.14,29.65,0.1032,0.6,0.0847,0.0319
41.14,29.65,0.0669,0.52,0.096,0.0655
41.14,29.65,0.0382,0.42,0.1183,0.2496
41.14,29.65,0.0287,0.38,0.1089,0.0877
41.14,29.68,0.0318,0.38,0.1172,0.0258
41.14,29.68,0.0504,0.44,0.1148,0.0906
41.14,29.68,0.0606,0.38,0.1232,0.1031
41.14,29.68,0.0895,0.45,0.1175,0.1085
41.14,29.68,0.1095,0.48,0.115,0.0483
41.14,29.68,0.1392,0.57,0.0768,0.0559
41.14,29.68,0.1488,0.63,0.0435,0.0283
41.14,29.68,0.1279,0.61,0.0503,0.0183
41.14,29.68,0.1032,0.6,0.0847,0.0319
41.14,29.68,0.0669,0.52,0.096,0.0655
41.14,29.68,0.0382,0.42,0.1183,0.2496
41.14,29.68,0.0287,0.38,0.1089,0.0877
41.14,29.71,0.0318,0.38,0.1172,0.029
41.14,29.71,0.0504,0.44,0.1148,0.1117
41.14,29.71,0.0606,0.38,0.1232,0.1275
41.14,29.71,0.0895,0.45,0.1175,0.1128
41.14,29.71,0.1095,0.48,0.115,0.0663
41.14,29.71,0.1392,0.57,0.0768,0.1411
41.14,29.71,0.1488,0.63,0.0435,0.077
41.14,29.71,0.1279,0.61,0.0503,0.0294
41.14,29.71,0.1032,0.6,0.0847,0.034
41.14,29.71,0.0669,0.52,0.096,0.0935
41.14,29.71,0.0382,0.42,0.1183,0.2478
41.14,29.71,0.0287,0.38,0.1089,0.1028
41.14,29.74,0.0318,0.38,0.1172,0.029
41.14,29.74,0.0504,0.44,0.1148,0.1117
41.14,29.74,0.0606,0.38,0.1232,0.1275
41.14,29.74,0.0895,0.45,0.1175,0.1128
41.14,29.74,0.1095,0.48,0.115,0.0663
41.14,29.74,0.1392,0.57,0.0768,0.1411
41.14,29.74,0.1488,0.63,0.0435,0.077
41.14,29.74,0.1279,0.61,0.0503,0.0294
41.14,29.74,0.1032,0.6,0.0847,0.034
41.14,29.74,0.0669,0.52,0.096,0.0935
41.14,29.74,0.0382,0.42,0.1183,0.2478
41.14,29.74,0.0287,0.38,0.1089,0.1028
41.14,29.77,0.0318,0.38,0.1172,0.029
41.14,29.77,0.0504,0.44,0.1148,0.1117
41.14,29.77,0.0606,0.38,0.1232,0.1275
41.14,29.77,0.0895,0.45,0.1175,0.1128
41.14,29.77,0.1095,0.48,0.115,0.0663
41.14,29.77,0.1392,0.57,0.0768,0.1411
41.14,29.77,0.1488,0.63,0.0435,0.077
41.14,29.77,0.1279,0.61,0.0503,0.0294
41.14,29.77,0.1032,0.6,0.0847,0.034
41.14,29.77,0.0669,0.52,0.096,0.0935
41.14,29.77,0.0382,0.42,0.1183,0.2478
41.14,29.77,0.0287,0.38,0.1089,0.1028
41.14,29.8,0.0318,0.38,0.1172,0.029
41.14,29.8,0.0504,0.44,0.1148,0.1117
41.14,29.8,0.0606,0.38,0.1232,0.1275
41.14,29.8,0.0895,0.45,0.1175,0.1128
41.14,29.8,0.1095,0.48,0.115,0.0663
41.14,29.8,0.1392,0.57,0.0768,0.1411
41.14,29.8,0.1488,0.63,0.0435,0.077
41.14,29.8,0.1279,0.61,0.0503,0.0294
41.14,29.8,0.1032,0.6,0.0847,0.034
41.14,29.8,0.0669,0.52,0.096,0.0935
41.14,29.8,0.0382,0.42,0.1183,0.2478
41.14,29.8,0.0287,0.38,0.1089,0.1028
41.14,29.86,0.0318,0.38,0.1172,0.029
41.14,29.86,0.0504,0.44,0.1148,0.1117
41.14,29.86,0.0606,0.38,0.1232,0.1275
41.14,29.86,0.0895,0.45,0.1175,0.1128
41.14,29.86,0.1095,0.48,0.115,0.0663
41.14,29.86,0.1392,0.57,0.0768,0.1411
41.14,29.86,0.1488,0.63,0.0435,0.077
41.14,29.86,0.1279,0.61,0.0503,0.0294
41.14,29.86,0.1032,0.6,0.0847,0.034
41.14,29.86,0.0669,0.52,0.096,0.0935
41.14,29.86,0.0382,0.42,0.1183,0.2478
41.14,29.86,0.0287,0.38,0.1089,0.1028
41.14,29.89,0.0318,0.38,0.1172,0.029
41.14,29.89,0.0504,0.44,0.1148,0.1117
41.14,29.89,0.0606,0.38,0.1232,0.1275
41.14,29.89,0.0895,0.45,0.1175,0.1128
41.14,29.89,0.1095,0.48,0.115,0.0663
41.14,29.89,0.1392,0.57,0.0768,0.1411
41.14,29.89,0.1488,0.63,0.0435,0.077
41.14,29.89,0.1279,0.61,0.0503,0.0294
41.14,29.89,0.1032,0.6,0.0847,0.034
41.14,29.89,0.0669,0.52,0.096,0.0935
41.14,29.89,0.0382,0.42,0.1183,0.2478
41.14,29.89,0.0287,0.38,0.1089,0.1028
41.16,28.0,0.0321,0.38,0.1059,0.0312
41.16,28.0,0.0517,0.45,0.0999,0.0498
41.16,28.0,0.0646,0.41,0.1079,0.0852
41.16,28.0,0.0909,0.45,0.1096,0.1114
41.16,28.0,0.1096,0.48,0.1087,0.0423
41.16,28.0,0.1397,0.58,0.0686,0.0329
41.16,28.0,0.1521,0.65,0.0361,0.0097
41.16,28.0,0.1249,0.59,0.0476,0.0075
41.16,28.0,0.0973,0.56,0.0697,0.0344
41.16,28.0,0.067,0.52,0.075,0.0254
41.16,28.0,0.0378,0.41,0.1032,0.2367
41.16,28.0,0.028,0.38,0.0983,0.0938
41.16,28.03,0.0321,0.38,0.1059,0.0312
41.16,28.03,0.0517,0.45,0.0999,0.0498
41.16,28.03,0.0646,0.41,0.1079,0.0852
41.16,28.03,0.0909,0.45,0.1096,0.1114
41.16,28.03,0.1096,0.48,0.1087,0.0423
41.16,28.03,0.1397,0.58,0.0686,0.0329
41.16,28.03,0.1521,0.65,0.0361,0.0097
41.16,28.03,0.1249,0.59,0.0476,0.0075
41.16,28.03,0.0973,0.56,0.0697,0.0344
41.16,28.03,0.067,0.52,0.075,0.0254
41.16,28.03,0.0378,0.41,0.1032,0.2367
41.16,28.03,0.028,0.38,0.0983,0.0938
41.16,28.06,0.0321,0.38,0.1059,0.0312
41.16,28.06,0.0517,0.45,0.0999,0.0498
41.16,28.06,0.0646,0.41,0.1079,0.0852
41.16,28.06,0.0909,0.45,0.1096,0.1114
41.16,28.06,0.1096,0.48,0.1087,0.0423
41.16,28.06,0.1397,0.58,0.0686,0.0329
41.16,28.06,0.1521,0.65,0.0361,0.0097
41.16,28.06,0.1249,0.59,0.0476,0.0075
41.16,28.06,0.0973,0.56,0.0697,0.0344
41.16,28.06,0.067,0.52,0.075,0.0254
41.16,28.06,0.0378,0.41,0.1032,0.2367
41.16,28.06,0.028,0.38,0.0983,0.0938
41.16,28.09,0.0321,0.38,0.1059,0.0312
41.16,28.09,0.0517,0.45,0.0999,0.0498
41.16,28.09,0.0646,0.41,0.1079,0.0852
41.16,28.09,0.0909,0.45,0.1096,0.1114
41.16,28.09,0.1096,0.48,0.1087,0.0423
41.16,28.09,0.1397,0.58,0.0686,0.0329
41.16,28.09,0.1521,0.65,0.0361,0.0097
41.16,28.09,0.1249,0.59,0.0476,0.0075
41.16,28.09,0.0973,0.56,0.0697,0.0344
41.16,28.09,0.067,0.52,0.075,0.0254
41.16,28.09,0.0378,0.41,0.1032,0.2367
41.16,28.09,0.028,0.38,0.0983,0.0938
41.16,28.12,0.0321,0.38,0.1059,0.0312
41.16,28.12,0.0517,0.45,0.0999,0.0498
41.16,28.12,0.0646,0.41,0.1079,0.0852
41.16,28.12,0.0909,0.45,0.1096,0.1114
41.16,28.12,0.1096,0.48,0.1087,0.0423
41.16,28.12,0.1397,0.58,0.0686,0.0329
41.16,28.12,0.1521,0.65,0.0361,0.0097
41.16,28.12,0.1249,0.59,0.0476,0.0075
41.16,28.12,0.0973,0.56,0.0697,0.0344
41.16,28.12,0.067,0.52,0.075,0.0254
41.16,28.12,0.0378,0.41,0.1032,0.2367
41.16,28.12,0.028,0.38,0.0983,0.0938
41.16,28.15,0.0321,0.38,0.1059,0.0312
41.16,28.15,0.0517,0.45,0.0999,0.0498
41.16,28.15,0.0646,0.41,0.1079,0.0852
41.16,28.15,0.0909,0.45,0.1096,0.1114
41.16,28.15,0.1096,0.48,0.1087,0.0423
41.16,28.15,0.1397,0.58,0.0686,0.0329
41.16,28.15,0.1521,0.65,0.0361,0.0097
41.16,28.15,0.1249,0.59,0.0476,0.0075
41.16,28.15,0.0973,0.56,0.0697,0.0344
41.16,28.15,0.067,0.52,0.075,0.0254
41.16,28.15,0.0378,0.41,0.1032,0.2367
41.16,28.15,0.028,0.38,0.0983,0.0938
41.16,28.18,0.0321,0.38,0.1059,0.0312
41.16,28.18,0.0517,0.45,0.0999,0.0498
41.16,28.18,0.0646,0.41,0.1079,0.0852
41.16,28.18,0.0909,0.45,0.1096,0.1114
41.16,28.18,0.1096,0.48,0.1087,0.0423
41.16,28.18,0.1397,0.58,0.0686,0.0329
41.16,28.18,0.1521,0.65,0.0361,0.0097
41.16,28.18,0.1249,0.59,0.0476,0.0075
41.16,28.18,0.0973,0.56,0.0697,0.0344
41.16,28.18,0.067,0.52,0.075,0.0254
41.16,28.18,0.0378,0.41,0.1032,0.2367
41.16,28.18,0.028,0.38,0.0983,0.0938
41.16,28.21,0.0321,0.38,0.1059,0.0312
41.16,28.21,0.0517,0.45,0.0999,0.0498
41.16,28.21,0.0646,0.41,0.1079,0.0852
41.16,28.21,0.0909,0.45,0.1096,0.1114
41.16,28.21,0.1096,0.48,0.1087,0.0423
41.16,28.21,0.1397,0.58,0.0686,0.0329
41.16,28.21,0.1521,0.65,0.0361,0.0097
41.16,28.21,0.1249,0.59,0.0476,0.0075
41.16,28.21,0.0973,0.56,0.0697,0.0344
41.16,28.21,0.067,0.52,0.075,0.0254
41.16,28.21,0.0378,0.41,0.1032,0.2367
41.16,28.21,0.028,0.38,0.0983,0.0938
41.16,28.24,0.0321,0.38,0.1059,0.0312
41.16,28.24,0.0517,0.45,0.0999,0.0498
41.16,28.24,0.0646,0.41,0.1079,0.0852
41.16,28.24,0.0909,0.45,0.1096,0.1114
41.16,28.24,0.1096,0.48,0.1087,0.0423
41.16,28.24,0.1397,0.58,0.0686,0.0329
41.16,28.24,0.1521,0.65,0.0361,0.0097
41.16,28.24,0.1249,0.59,0.0476,0.0075
41.16,28.24,0.0973,0.56,0.0697,0.0344
41.16,28.24,0.067,0.52,0.075,0.0254
41.16,28.24,0.0378,0.41,0.1032,0.2367
41.16,28.24,0.028,0.38,0.0983,0.0938
41.16,28.27,0.0321,0.38,0.1059,0.0312
41.16,28.27,0.0517,0.45,0.0999,0.0498
41.16,28.27,0.0646,0.41,0.1079,0.0852
41.16,28.27,0.0909,0.45,0.1096,0.1114
41.16,28.27,0.1096,0.48,0.1087,0.0423
41.16,28.27,0.1397,0.58,0.0686,0.0329
41.16,28.27,0.1521,0.65,0.0361,0.0097
41.16,28.27,0.1249,0.59,0.0476,0.0075
41.16,28.27,0.0973,0.56,0.0697,0.0344
41.16,28.27,0.067,0.52,0.075,0.0254
41.16,28.27,0.0378,0.41,0.1032,0.2367
41.16,28.27,0.028,0.38,0.0983,0.0938
41.16,28.3,0.0321,0.38,0.1059,0.0312
41.16,28.3,0.0517,0.45,0.0999,0.0498
41.16,28.3,0.0646,0.41,0.1079,0.0852
41.16,28.3,0.0909,0.45,0.1096,0.1114
41.16,28.3,0.1096,0.48,0.1087,0.0423
41.16,28.3,0.1397,0.58,0.0686,0.0329
41.16,28.3,0.1521,0.65,0.0361,0.0097
41.16,28.3,0.1249,0.59,0.0476,0.0075
41.16,28.3,0.0973,0.56,0.0697,0.0344
41.16,28.3,0.067,0.52,0.075,0.0254
41.16,28.3,0.0378,0.41,0.1032,0.2367
41.16,28.3,0.028,0.38,0.0983,0.0938
41.16,28.33,0.0321,0.38,0.1059,0.0312
41.16,28.33,0.0517,0.45,0.0999,0.0498
41.16,28.33,0.0646,0.41,0.1079,0.0852
41.16,28.33,0.0909,0.45,0.1096,0.1114
41.16,28.33,0.1096,0.48,0.1087,0.0423
41.16,28.33,0.1397,0.58,0.0686,0.0329
41.16,28.33,0.1521,0.65,0.0361,0.0097
41.16,28.33,0.1249,0.59,0.0476,0.0075
41.16,28.33,0.0973,0.56,0.0697,0.0344
41.16,28.33,0.067,0.52,0.075,0.0254
41.16,28.33,0.0378,0.41,0.1032,0.2367
41.16,28.33,0.028,0.38,0.0983,0.0938
41.16,28.36,0.0321,0.38,0.1059,0.0312
41.16,28.36,0.0517,0.45,0.0999,0.0498
41.16,28.36,0.0646,0.41,0.1079,0.0852
41.16,28.36,0.0909,0.45,0.1096,0.1114
41.16,28.36,0.1096,0.48,0.1087,0.0423
41.16,28.36,0.1397,0.58,0.0686,0.0329
41.16,28.36,0.1521,0.65,0.0361,0.0097
41.16,28.36,0.1249,0.59,0.0476,0.0075
41.16,28.36,0.0973,0.56,0.0697,0.0344
41.16,28.36,0.067,0.52,0.075,0.0254
41.16,28.36,0.0378,0.41,0.1032,0.2367
41.16,28.36,0.028,0.38,0.0983,0.0938
41.16,28.39,0.0321,0.38,0.1059,0.0312
41.16,28.39,0.0517,0.45,0.0999,0.0498
41.16,28.39,0.0646,0.41,0.1079,0.0852
41.16,28.39,0.0909,0.45,0.1096,0.1114
41.16,28.39,0.1096,0.48,0.1087,0.0423
41.16,28.39,0.1397,0.58,0.0686,0.0329
41.16,28.39,0.1521,0.65,0.0361,0.0097
41.16,28.39,0.1249,0.59,0.0476,0.0075
41.16,28.39,0.0973,0.56,0.0697,0.0344
41.16,28.39,0.067,0.52,0.075,0.0254
41.16,28.39,0.0378,0.41,0.1032,0.2367
41.16,28.39,0.028,0.38,0.0983,0.0938
41.16,28.42,0.0321,0.38,0.1059,0.0312
41.16,28.42,0.0517,0.45,0.0999,0.0498
41.16,28.42,0.0646,0.41,0.1079,0.0852
41.16,28.42,0.0909,0.45,0.1096,0.1114
41.16,28.42,0.1096,0.48,0.1087,0.0423
41.16,28.42,0.1397,0.58,0.0686,0.0329
41.16,28.42,0.1521,0.65,0.0361,0.0097
41.16,28.42,0.1249,0.59,0.0476,0.0075
41.16,28.42,0.0973,0.56,0.0697,0.0344
41.16,28.42,0.067,0.52,0.075,0.0254
41.16,28.42,0.0378,0.41,0.1032,0.2367
41.16,28.42,0.028,0.38,0.0983,0.0938
41.16,28.45,0.0321,0.38,0.1059,0.0258
41.16,28.45,0.0517,0.45,0.0999,0.0655
41.16,28.45,0.0646,0.41,0.1079,0.0892
41.16,28.45,0.0909,0.45,0.1096,0.1099
41.16,28.45,0.1096,0.48,0.1087,0.0444
41.16,28.45,0.1397,0.58,0.0686,0.0308
41.16,28.45,0.1521,0.65,0.0361,0.0118
41.16,28.45,0.1249,0.59,0.0476,0.0107
41.16,28.45,0.0973,0.56,0.0697,0.0254
41.16,28.45,0.067,0.52,0.075,0.0412
41.16,28.45,0.0378,0.41,0.1032,0.2281
41.16,28.45,0.028,0.38,0.0983,0.0824
41.16,28.48,0.0321,0.38,0.1059,0.0258
41.16,28.48,0.0517,0.45,0.0999,0.0655
41.16,28.48,0.0646,0.41,0.1079,0.0892
41.16,28.48,0.0909,0.45,0.1096,0.1099
41.16,28.48,0.1096,0.48,0.1087,0.0444
41.16,28.48,0.1397,0.58,0.0686,0.0308
41.16,28.48,0.1521,0.65,0.0361,0.0118
41.16,28.48,0.1249,0.59,0.0476,0.0107
41.16,28.48,0.0973,0.56,0.0697,0.0254
41.16,28.48,0.067,0.52,0.075,0.0412
41.16,28.48,0.0378,0.41,0.1032,0.2281
41.16,28.48,0.028,0.38,0.0983,0.0824
41.16,28.51,0.0321,0.38,0.1059,0.0258
41.16,28.51,0.0517,0.45,0.0999,0.0655
41.16,28.51,0.0646,0.41,0.1079,0.0892
41.16,28.51,0.0909,0.45,0.1096,0.1099
41.16,28.51,0.1096,0.48,0.1087,0.0444
41.16,28.51,0.1397,0.58,0.0686,0.0308
41.16,28.51,0.1521,0.65,0.0361,0.0118
41.16,28.51,0.1249,0.59,0.0476,0.0107
41.16,28.51,0.0973,0.56,0.0697,0.0254
41.16,28.51,0.067,0.52,0.075,0.0412
41.16,28.51,0.0378,0.41,0.1032,0.2281
41.16,28.51,0.028,0.38,0.0983,0.0824
41.16,28.54,0.0321,0.38,0.1059,0.0258
41.16,28.54,0.0517,0.45,0.0999,0.0655
41.16,28.54,0.0646,0.41,0.1079,0.0892
41.16,28.54,0.0909,0.45,0.1096,0.1099
41.16,28.54,0.1096,0.48,0.1087,0.0444
41.16,28.54,0.1397,0.58,0.0686,0.0308
41.16,28.54,0.1521,0.65,0.0361,0.0118
41.16,28.54,0.1249,0.59,0.0476,0.0107
41.16,28.54,0.0973,0.56,0.0697,0.0254
41.16,28.54,0.067,0.52,0.075,0.0412
41.16,28.54,0.0378,0.41,0.1032,0.2281
41.16,28.54,0.028,0.38,0.0983,0.0824
41.16,28.57,0.0321,0.38,0.1059,0.0258
41.16,28.57,0.0517,0.45,0.0999,0.0655
41.16,28.57,0.0646,0.41,0.1079,0.0892
41.16,28.57,0.0909,0.45,0.1096,0.1099
41.16,28.57,0.1096,0.48,0.1087,0.0444
41.16,28.57,0.1397,0.58,0.0686,0.0308
41.16,28.57,0.1521,0.65,0.0361,0.0118
41.16,28.57,0.1249,0.59,0.0476,0.0107
41.16,28.57,0.0973,0.56,0.0697,0.0254
41.16,28.57,0.067,0.52,0.075,0.0412
41.16,28.57,0.0378,0.41,0.1032,0.2281
41.16,28.57,0.028,0.38,0.0983,0.0824
41.16,28.6,0.0321,0.38,0.1059,0.0258
41.16,28.6,0.0517,0.45,0.0999,0.0655
41.16,28.6,0.0646,0.41,0.1079,0.0892
41.16,28.6,0.0909,0.45,0.1096,0.1099
41.16,28.6,0.1096,0.48,0.1087,0.0444
41.16,28.6,0.1397,0.58,0.0686,0.0308
41.16,28.6,0.1521,0.65,0.0361,0.0118
41.16,28.6,0.1249,0.59,0.0476,0.0107
41.16,28.6,0.0973,0.56,0.0697,0.0254
41.16,28.6,0.067,0.52,0.075,0.0412
41.16,28.6,0.0378,0.41,0.1032,0.2281
41.16,28.6,0.028,0.38,0.0983,0.0824
41.16,28.63,0.0321,0.38,0.1059,0.0258
41.16,28.63,0.0517,0.45,0.0999,0.0655
41.16,28.63,0.0646,0.41,0.1079,0.0892
41.16,28.63,0.0909,0.45,0.1096,0.1099
41.16,28.63,0.1096,0.48,0.1087,0.0444
41.16,28.63,0.1397,0.58,0.0686,0.0308
41.16,28.63,0.1521,0.65,0.0361,0.0118
41.16,28.63,0.1249,0.59,0.0476,0.0107
41.16,28.63,0.0973,0.56,0.0697,0.0254
41.16,28.63,0.067,0.52,0.075,0.0412
41.16,28.63,0.0378,0.41,0.1032,0.2281
41.16,28.63,0.028,0.38,0.0983,0.0824
41.16,28.66,0.0321,0.38,0.1059,0.0258
41.16,28.66,0.0517,0.45,0.0999,0.0655
41.16,28.66,0.0646,0.41,0.1079,0.0892
41.16,28.66,0.0909,0.45,0.1096,0.1099
41.16,28.66,0.1096,0.48,0.1087,0.0444
41.16,28.66,0.1397,0.58,0.0686,0.0308
41.16,28.66,0.1521,0.65,0.0361,0.0118
41.16,28.66,0.1249,0.59,0.0476,0.0107
41.16,28.66,0.0973,0.56,0.0697,0.0254
41.16,28.66,0.067,0.52,0.075,0.0412
41.16,28.66,0.0378,0.41,0.1032,0.2281
41.16,28.66,0.028,0.38,0.0983,0.0824
41.16,28.69,0.0321,0.38,0.1059,0.0258
41.16,28.69,0.0517,0.45,0.0999,0.0655
41.16,28.69,0.0646,0.41,0.1079,0.0892
41.16,28.69,0.0909,0.45,0.1096,0.1099
41.16,28.69,0.1096,0.48,0.1087,0.0444
41.16,28.69,0.1397,0.58,0.0686,0.0308
41.16,28.69,0.1521,0.65,0.0361,0.0118
41.16,28.69,0.1249,0.59,0.0476,0.0107
41.16,28.69,0.0973,0.56,0.0697,0.0254
41.16,28.69,0.067,0.52,0.075,0.0412
41.16,28.69,0.0378,0.41,0.1032,0.2281
41.16,28.69,0.028,0.38,0.0983,0.0824
41.16,28.72,0.0321,0.38,0.1059,0.0258
41.16,28.72,0.0517,0.45,0.0999,0.0655
41.16,28.72,0.0646,0.41,0.1079,0.0892
41.16,28.72,0.0909,0.45,0.1096,0.1099
41.16,28.72,0.1096,0.48,0.1087,0.0444
41.16,28.72,0.1397,0.58,0.0686,0.0308
41.16,28.72,0.1521,0.65,0.0361,0.0118
41.16,28.72,0.1249,0.59,0.0476,0.0107
41.16,28.72,0.0973,0.56,0.0697,0.0254
41.16,28.72,0.067,0.52,0.075,0.0412
41.16,28.72,0.0378,0.41,0.1032,0.2281
41.16,28.72,0.028,0.38,0.0983,0.0824
41.16,28.75,0.0321,0.38,0.1059,0.0258
41.16,28.75,0.0517,0.45,0.0999,0.0655
41.16,28.75,0.0646,0.41,0.1079,0.0892
41.16,28.75,0.0909,0.45,0.1096,0.1099
41.16,28.75,0.1096,0.48,0.1087,0.0444
41.16,28.75,0.1397,0.58,0.0686,0.0308
41.16,28.75,0.1521,0.65,0.0361,0.0118
41.16,28.75,0.1249,0.59,0.0476,0.0107
41.16,28.75,0.0973,0.56,0.0697,0.0254
41.16,28.75,0.067,0.52,0.075,0.0412
41.16,28.75,0.0378,0.41,0.1032,0.2281
41.16,28.75,0.028,0.38,0.0983,0.0824
41.16,28.78,0.0321,0.38,0.1059,0.0258
41.16,28.78,0.0517,0.45,0.0999,0.0655
41.16,28.78,0.0646,0.41,0.1079,0.0892
41.16,28.78,0.0909,0.45,0.1096,0.1099
41.16,28.78,0.1096,0.48,0.1087,0.0444
41.16,28.78,0.1397,0.58,0.0686,0.0308
41.16,28.78,0.1521,0.65,0.0361,0.0118
41.16,28.78,0.1249,0.59,0.0476,0.0107
41.16,28.78,0.0973,0.56,0.0697,0.0254
41.16,28.78,0.067,0.52,0.075,0.0412
41.16,28.78,0.0378,0.41,0.1032,0.2281
41.16,28.78,0.028,0.38,0.0983,0.0824
41.16,28.81,0.0321,0.38,0.1059,0.0258
41.16,28.81,0.0517,0.45,0.0999,0.0655
41.16,28.81,0.0646,0.41,0.1079,0.0892
41.16,28.81,0.0909,0.45,0.1096,0.1099
41.16,28.81,0.1096,0.48,0.1087,0.0444
41.16,28.81,0.1397,0.58,0.0686,0.0308
41.16,28.81,0.1521,0.65,0.0361,0.0118
41.16,28.81,0.1249,0.59,0.0476,0.0107
41.16,28.81,0.0973,0.56,0.0697,0.0254
41.16,28.81,0.067,0.52,0.075,0.0412
41.16,28.81,0.0378,0.41,0.1032,0.2281
41.16,28.81,0.028,0.38,0.0983,0.0824
41.16,28.84,0.0321,0.38,0.1059,0.0258
41.16,28.84,0.0517,0.45,0.0999,0.0655
41.16,28.84,0.0646,0.41,0.1079,0.0892
41.16,28.84,0.0909,0.45,0.1096,0.1099
41.16,28.84,0.1096,0.48,0.1087,0.0444
41.16,28.84,0.1397,0.58,0.0686,0.0308
41.16,28.84,0.1521,0.65,0.0361,0.0118
41.16,28.84,0.1249,0.59,0.0476,0.0107
41.16,28.84,0.0973,0.56,0.0697,0.0254
41.16,28.84,0.067,0.52,0.075,0.0412
41.16,28.84,0.0378,0.41,0.1032,0.2281
41.16,28.84,0.028,0.38,0.0983,0.0824
41.16,28.87,0.0321,0.38,0.1059,0.0258
41.16,28.87,0.0517,0.45,0.0999,0.0655
41.16,28.87,0.0646,0.41,0.1079,0.0892
41.16,28.87,0.0909,0.45,0.1096,0.1099
41.16,28.87,0.1096,0.48,0.1087,0.0444
41.16,28.87,0.1397,0.58,0.0686,0.0308
41.16,28.87,0.1521,0.65,0.0361,0.0118
41.16,28.87,0.1249,0.59,0.0476,0.0107
41.16,28.87,0.0973,0.56,0.0697,0.0254
41.16,28.87,0.067,0.52,0.075,0.0412
41.16,28.87,0.0378,0.41,0.1032,0.2281
41.16,28.87,0.028,0.38,0.0983,0.0824
41.16,28.9,0.0321,0.38,0.1059,0.0258
41.16,28.9,0.0517,0.45,0.0999,0.0655
41.16,28.9,0.0646,0.41,0.1079,0.0892
41.16,28.9,0.0909,0.45,0.1096,0.1099
41.16,28.9,0.1096,0.48,0.1087,0.0444
41.16,28.9,0.1397,0.58,0.0686,0.0308
41.16,28.9,0.1521,0.65,0.0361,0.0118
41.16,28.9,0.1249,0.59,0.0476,0.0107
41.16,28.9,0.0973,0.56,0.0697,0.0254
41.16,28.9,0.067,0.52,0.075,0.0412
41.16,28.9,0.0378,0.41,0.1032,0.2281
41.16,28.9,0.028,0.38,0.0983,0.0824
41.16,28.93,0.0321,0.38,0.1059,0.0258
41.16,28.93,0.0517,0.45,0.0999,0.0655
41.16,28.93,0.0646,0.41,0.1079,0.0892
41.16,28.93,0.0909,0.45,0.1096,0.1099
41.16,28.93,0.1096,0.48,0.1087,0.0444
41.16,28.93,0.1397,0.58,0.0686,0.0308
41.16,28.93,0.1521,0.65,0.0361,0.0118
41.16,28.93,0.1249,0.59,0.0476,0.0107
41.16,28.93,0.0973,0.56,0.0697,0.0254
41.16,28.93,0.067,0.52,0.075,0.0412
41.16,28.93,0.0378,0.41,0.1032,0.2281
41.16,28.93,0.028,0.38,0.0983,0.0824
41.16,28.96,0.0321,0.38,0.1059,0.0258
41.16,28.96,0.0517,0.45,0.0999,0.0655
41.16,28.96,0.0646,0.41,0.1079,0.0892
41.16,28.96,0.0909,0.45,0.1096,0.1099
41.16,28.96,0.1096,0.48,0.1087,0.0444
41.16,28.96,0.1397,0.58,0.0686,0.0308
41.16,28.96,0.1521,0.65,0.0361,0.0118
41.16,28.96,0.1249,0.59,0.0476,0.0107
41.16,28.96,0.0973,0.56,0.0697,0.0254
41.16,28.96,0.067,0.52,0.075,0.0412
41.16,28.96,0.0378,0.41,0.1032,0.2281
41.16,28.96,0.028,0.38,0.0983,0.0824
41.16,28.99,0.0321,0.38,0.1059,0.0258
41.16,28.99,0.0517,0.45,0.0999,0.0655
41.16,28.99,0.0646,0.41,0.1079,0.0892
41.16,28.99,0.0909,0.45,0.1096,0.1099
41.16,28.99,0.1096,0.48,0.1087,0.0444
41.16,28.99,0.1397,0.58,0.0686,0.0308
41.16,28.99,0.1521,0.65,0.0361,0.0118
41.16,28.99,0.1249,0.59,0.0476,0.0107
41.16,28.99,0.0973,0.56,0.0697,0.0254
41.16,28.99,0.067,0.52,0.075,0.0412
41.16,28.99,0.0378,0.41,0.1032,0.2281
41.16,28.99,0.028,0.38,0.0983,0.0824
41.16,29.02,0.0318,0.38,0.1172,0.0258
41.16,29.02,0.0504,0.44,0.1148,0.0655
41.16,29.02,0.0606,0.38,0.1232,0.0892
41.16,29.02,0.0895,0.45,0.1175,0.1099
41.16,29.02,0.1095,0.48,0.115,0.0444
41.16,29.02,0.1392,0.57,0.0768,0.0308
41.16,29.02,0.1488,0.63,0.0435,0.0118
41.16,29.02,0.1279,0.61,0.0503,0.0107
41.16,29.02,0.1032,0.6,0.0847,0.0254
41.16,29.02,0.0669,0.52,0.096,0.0412
41.16,29.02,0.0382,0.42,0.1183,0.2281
41.16,29.02,0.0287,0.38,0.1089,0.0824
41.16,29.08,0.0318,0.38,0.1172,0.0258
41.16,29.08,0.0504,0.44,0.1148,0.0906
41.16,29.08,0.0606,0.38,0.1232,0.1031
41.16,29.08,0.0895,0.45,0.1175,0.1085
41.16,29.08,0.1095,0.48,0.115,0.0483
41.16,29.08,0.1392,0.57,0.0768,0.0559
41.16,29.08,0.1488,0.63,0.0435,0.0283
41.16,29.08,0.1279,0.61,0.0503,0.0183
41.16,29.08,0.1032,0.6,0.0847,0.0319
41.16,29.08,0.0669,0.52,0.096,0.0655
41.16,29.08,0.0382,0.42,0.1183,0.2496
41.16,29.08,0.0287,0.38,0.1089,0.0877
41.16,29.11,0.0318,0.38,0.1172,0.0258
41.16,29.11,0.0504,0.44,0.1148,0.0906
41.16,29.11,0.0606,0.38,0.1232,0.1031
41.16,29.11,0.0895,0.45,0.1175,0.1085
41.16,29.11,0.1095,0.48,0.115,0.0483
41.16,29.11,0.1392,0.57,0.0768,0.0559
41.16,29.11,0.1488,0.63,0.0435,0.0283
41.16,29.11,0.1279,0.61,0.0503,0.0183
41.16,29.11,0.1032,0.6,0.0847,0.0319
41.16,29.11,0.0669,0.52,0.096,0.0655
41.16,29.11,0.0382,0.42,0.1183,0.2496
41.16,29.11,0.0287,0.38,0.1089,0.0877
41.16,29.14,0.0318,0.38,0.1172,0.0258
41.16,29.14,0.0504,0.44,0.1148,0.0906
41.16,29.14,0.0606,0.38,0.1232,0.1031
41.16,29.14,0.0895,0.45,0.1175,0.1085
41.16,29.14,0.1095,0.48,0.115,0.0483
41.16,29.14,0.1392,0.57,0.0768,0.0559
41.16,29.14,0.1488,0.63,0.0435,0.0283
41.16,29.14,0.1279,0.61,0.0503,0.0183
41.16,29.14,0.1032,0.6,0.0847,0.0319
41.16,29.14,0.0669,0.52,0.096,0.0655
41.16,29.14,0.0382,0.42,0.1183,0.2496
41.16,29.14,0.0287,0.38,0.1089,0.0877
41.16,29.17,0.0318,0.38,0.1172,0.0258
41.16,29.17,0.0504,0.44,0.1148,0.0906
41.16,29.17,0.0606,0.38,0.1232,0.1031
41.16,29.17,0.0895,0.45,0.1175,0.1085
41.16,29.17,0.1095,0.48,0.115,0.0483
41.16,29.17,0.1392,0.57,0.0768,0.0559
41.16,29.17,0.1488,0.63,0.0435,0.0283
41.16,29.17,0.1279,0.61,0.0503,0.0183
41.16,29.17,0.1032,0.6,0.0847,0.0319
41.16,29.17,0.0669,0.52,0.096,0.0655
41.16,29.17,0.0382,0.42,0.1183,0.2496
41.16,29.17,0.0287,0.38,0.1089,0.0877
41.16,29.2,0.0318,0.38,0.1172,0.0258
41.16,29.2,0.0504,0.44,0.1148,0.0906
41.16,29.2,0.0606,0.38,0.1232,0.1031
41.16,29.2,0.0895,0.45,0.1175,0.1085
41.16,29.2,0.1095,0.48,0.115,0.0483
41.16,29.2,0.1392,0.57,0.0768,0.0559
41.16,29.2,0.1488,0.63,0.0435,0.0283
41.16,29.2,0.1279,0.61,0.0503,0.0183
41.16,29.2,0.1032,0.6,0.0847,0.0319
41.16,29.2,0.0669,0.52,0.096,0.0655
41.16,29.2,0.0382,0.42,0.1183,0.2496
41.16,29.2,0.0287,0.38,0.1089,0.0877
41.16,29.23,0.0318,0.38,0.1172,0.0258
41.16,29.23,0.0504,0.44,0.1148,0.0906
41.16,29.23,0.0606,0.38,0.1232,0.1031
41.16,29.23,0.0895,0.45,0.1175,0.1085
41.16,29.23,0.1095,0.48,0.115,0.0483
41.16,29.23,0.1392,0.57,0.0768,0.0559
41.16,29.23,0.1488,0.63,0.0435,0.0283
41.16,29.23,0.1279,0.61,0.0503,0.0183
41.16,29.23,0.1032,0.6,0.0847,0.0319
41.16,29.23,0.0669,0.52,0.096,0.0655
41.16,29.23,0.0382,0.42,0.1183,0.2496
41.16,29.23,0.0287,0.38,0.1089,0.0877
41.16,29.26,0.0318,0.38,0.1172,0.0258
41.16,29.26,0.0504,0.44,0.1148,0.0906
41.16,29.26,0.0606,0.38,0.1232,0.1031
41.16,29.26,0.0895,0.45,0.1175,0.1085
41.16,29.26,0.1095,0.48,0.115,0.0483
41.16,29.26,0.1392,0.57,0.0768,0.0559
41.16,29.26,0.1488,0.63,0.0435,0.0283
41.16,29.26,0.1279,0.61,0.0503,0.0183
41.16,29.26,0.1032,0.6,0.0847,0.0319
41.16,29.26,0.0669,0.52,0.096,0.0655
41.16,29.26,0.0382,0.42,0.1183,0.2496
41.16,29.26,0.0287,0.38,0.1089,0.0877
41.16,29.29,0.0318,0.38,0.1172,0.0258
41.16,29.29,0.0504,0.44,0.1148,0.0906
41.16,29.29,0.0606,0.38,0.1232,0.1031
41.16,29.29,0.0895,0.45,0.1175,0.1085
41.16,29.29,0.1095,0.48,0.115,0.0483
41.16,29.29,0.1392,0.57,0.0768,0.0559
41.16,29.29,0.1488,0.63,0.0435,0.0283
41.16,29.29,0.1279,0.61,0.0503,0.0183
41.16,29.29,0.1032,0.6,0.0847,0.0319
41.16,29.29,0.0669,0.52,0.096,0.0655
41.16,29.29,0.0382,0.42,0.1183,0.2496
41.16,29.29,0.0287,0.38,0.1089,0.0877
41.16,29.32,0.0318,0.38,0.1172,0.0258
41.16,29.32,0.0504,0.44,0.1148,0.0906
41.16,29.32,0.0606,0.38,0.1232,0.1031
41.16,29.32,0.0895,0.45,0.1175,0.1085
41.16,29.32,0.1095,0.48,0.115,0.0483
41.16,29.32,0.1392,0.57,0.0768,0.0559
41.16,29.32,0.1488,0.63,0.0435,0.0283
41.16,29.32,0.1279,0.61,0.0503,0.0183
41.16,29.32,0.1032,0.6,0.0847,0.0319
41.16,29.32,0.0669,0.52,0.096,0.0655
41.16,29.32,0.0382,0.42,0.1183,0.2496
41.16,29.32,0.0287,0.38,0.1089,0.0877
41.16,29.35,0.0318,0.38,0.1172,0.0258
41.16,29.35,0.0504,0.44,0.1148,0.0906
41.16,29.35,0.0606,0.38,0.1232,0.1031
41.16,29.35,0.0895,0.45,0.1175,0.1085
41.16,29.35,0.1095,0.48,0.115,0.0483
41.16,29.35,0.1392,0.57,0.0768,0.0559
41.16,29.35,0.1488,0.63,0.0435,0.0283
41.16,29.35,0.1279,0.61,0.0503,0.0183
41.16,29.35,0.1032,0.6,0.0847,0.0319
41.16,29.35,0.0669,0.52,0.096,0.0655
41.16,29.35,0.0382,0.42,0.1183,0.2496
41.16,29.35,0.0287,0.38,0.1089,0.0877
41.16,29.38,0.0318,0.38,0.1172,0.0258
41.16,29.38,0.0504,0.44,0.1148,0.0906
41.16,29.38,0.0606,0.38,0.1232,0.1031
41.16,29.38,0.0895,0.45,0.1175,0.1085
41.16,29.38,0.1095,0.48,0.115,0.0483
41.16,29.38,0.1392,0.57,0.0768,0.0559
41.16,29.38,0.1488,0.63,0.0435,0.0283
41.16,29.38,0.1279,0.61,0.0503,0.0183
41.16,29.38,0.1032,0.6,0.0847,0.0319
41.16,29.38,0.0669,0.52,0.096,0.0655
41.16,29.38,0.0382,0.42,0.1183,0.2496
41.16,29.38,0.0287,0.38,0.1089,0.0877
41.16,29.41,0.0318,0.38,0.1172,0.0258
41.16,29.41,0.0504,0.44,0.1148,0.0906
41.16,29.41,0.0606,0.38,0.1232,0.1031
41.16,29.41,0.0895,0.45,0.1175,0.1085
41.16,29.41,0.1095,0.48,0.115,0.0483
41.16,29.41,0.1392,0.57,0.0768,0.0559
41.16,29.41,0.1488,0.63,0.0435,0.0283
41.16,29.41,0.1279,0.61,0.0503,0.0183
41.16,29.41,0.1032,0.6,0.0847,0.0319
41.16,29.41,0.0669,0.52,0.096,0.0655
41.16,29.41,0.0382,0.42,0.1183,0.2496
41.16,29.41,0.0287,0.38,0.1089,0.0877
41.16,29.44,0.0318,0.38,0.1172,0.0258
41.16,29.44,0.0504,0.44,0.1148,0.0906
41.16,29.44,0.0606,0.38,0.1232,0.1031
41.16,29.44,0.0895,0.45,0.1175,0.1085
41.16,29.44,0.1095,0.48,0.115,0.0483
41.16,29.44,0.1392,0.57,0.0768,0.0559
41.16,29.44,0.1488,0.63,0.0435,0.0283
41.16,29.44,0.1279,0.61,0.0503,0.0183
41.16,29.44,0.1032,0.6,0.0847,0.0319
41.16,29.44,0.0669,0.52,0.096,0.0655
41.16,29.44,0.0382,0.42,0.1183,0.2496
41.16,29.44,0.0287,0.38,0.1089,0.0877
41.16,29.47,0.0318,0.38,0.1172,0.0258
41.16,29.47,0.0504,0.44,0.1148,0.0906
41.16,29.47,0.0606,0.38,0.1232,0.1031
41.16,29.47,0.0895,0.45,0.1175,0.1085
41.16,29.47,0.1095,0.48,0.115,0.0483
41.16,29.47,0.1392,0.57,0.0768,0.0559
41.16,29.47,0.1488,0.63,0.0435,0.0283
41.16,29.47,0.1279,0.61,0.0503,0.0183
41.16,29.47,0.1032,0.6,0.0847,0.0319
41.16,29.47,0.0669,0.52,0.096,0.0655
41.16,29.47,0.0382,0.42,0.1183,0.2496
41.16,29.47,0.0287,0.38,0.1089,0.0877
41.16,29.5,0.0318,0.38,0.1172,0.0258
41.16,29.5,0.0504,0.44,0.1148,0.0906
41.16,29.5,0.0606,0.38,0.1232,0.1031
41.16,29.5,0.0895,0.45,0.1175,0.1085
41.16,29.5,0.1095,0.48,0.115,0.0483
41.16,29.5,0.1392,0.57,0.0768,0.0559
41.16,29.5,0.1488,0.63,0.0435,0.0283
41.16,29.5,0.1279,0.61,0.0503,0.0183
41.16,29.5,0.1032,0.6,0.0847,0.0319
41.16,29.5,0.0669,0.52,0.096,0.0655
41.16,29.5,0.0382,0.42,0.1183,0.2496
41.16,29.5,0.0287,0.38,0.1089,0.0877
41.16,29.53,0.0318,0.38,0.1172,0.0258
41.16,29.53,0.0504,0.44,0.1148,0.0906
41.16,29.53,0.0606,0.38,0.1232,0.1031
41.16,29.53,0.0895,0.45,0.1175,0.1085
41.16,29.53,0.1095,0.48,0.115,0.0483
41.16,29.53,0.1392,0.57,0.0768,0.0559
41.16,29.53,0.1488,0.63,0.0435,0.0283
41.16,29.53,0.1279,0.61,0.0503,0.0183
41.16,29.53,0.1032,0.6,0.0847,0.0319
41.16,29.53,0.0669,0.52,0.096,0.0655
41.16,29.53,0.0382,0.42,0.1183,0.2496
41.16,29.53,0.0287,0.38,0.1089,0.0877
41.16,29.56,0.0318,0.38,0.1172,0.0258
41.16,29.56,0.0504,0.44,0.1148,0.0906
41.16,29.56,0.0606,0.38,0.1232,0.1031
41.16,29.56,0.0895,0.45,0.1175,0.1085
41.16,29.56,0.1095,0.48,0.115,0.0483
41.16,29.56,0.1392,0.57,0.0768,0.0559
41.16,29.56,0.1488,0.63,0.0435,0.0283
41.16,29.56,0.1279,0.61,0.0503,0.0183
41.16,29.56,0.1032,0.6,0.0847,0.0319
41.16,29.56,0.0669,0.52,0.096,0.0655
41.16,29.56,0.0382,0.42,0.1183,0.2496
41.16,29.56,0.0287,0.38,0.1089,0.0877
41.16,29.59,0.0318,0.38,0.1172,0.0258
41.16,29.59,0.0504,0.44,0.1148,0.0906
41.16,29.59,0.0606,0.38,0.1232,0.1031
41.16,29.59,0.0895,0.45,0.1175,0.1085
41.16,29.59,0.1095,0.48,0.115,0.0483
41.16,29.59,0.1392,0.57,0.0768,0.0559
41.16,29.59,0.1488,0.63,0.0435,0.0283
41.16,29.59,0.1279,0.61,0.0503,0.0183
41.16,29.59,0.1032,0.6,0.0847,0.0319
41.16,29.59,0.0669,0.52,0.096,0.0655
41.16,29.59,0.0382,0.42,0.1183,0.2496
41.16,29.59,0.0287,0.38,0.1089,0.0877
41.16,29.62,0.0318,0.38,0.1172,0.0258
41.16,29.62,0.0504,0.44,0.1148,0.0906
41.16,29.62,0.0606,0.38,0.1232,0.1031
41.16,29.62,0.0895,0.45,0.1175,0.1085
41.16,29.62,0.1095,0.48,0.115,0.0483
41.16,29.62,0.1392,0.57,0.0768,0.0559
41.16,29.62,0.1488,0.63,0.0435,0.0283
41.16,29.62,0.1279,0.61,0.0503,0.0183
41.16,29.62,0.1032,0.6,0.0847,0.0319
41.16,29.62,0.0669,0.52,0.096,0.0655
41.16,29.62,0.0382,0.42,0.1183,0.2496
41.16,29.62,0.0287,0.38,0.1089,0.0877
41.16,29.65,0.0318,0.38,0.1172,0.0258
41.16,29.65,0.0504,0.44,0.1148,0.0906
41.16,29.65,0.0606,0.38,0.1232,0.1031
41.16,29.65,0.0895,0.45,0.1175,0.1085
41.16,29.65,0.1095,0.48,0.115,0.0483
41.16,29.65,0.1392,0.57,0.0768,0.0559
41.16,29.65,0.1488,0.63,0.0435,0.0283
41.16,29.65,0.1279,0.61,0.0503,0.0183
41.16,29.65,0.1032,0.6,0.0847,0.0319
41.16,29.65,0.0669,0.52,0.096,0.0655
41.16,29.65,0.0382,0.42,0.1183,0.2496
41.16,29.65,0.0287,0.38,0.1089,0.0877
41.16,29.68,0.0318,0.38,0.1172,0.0258
41.16,29.68,0.0504,0.44,0.1148,0.0906
41.16,29.68,0.0606,0.38,0.1232,0.1031
41.16,29.68,0.0895,0.45,0.1175,0.1085
41.16,29.68,0.1095,0.48,0.115,0.0483
41.16,29.68,0.1392,0.57,0.0768,0.0559
41.16,29.68,0.1488,0.63,0.0435,0.0283
41.16,29.68,0.1279,0.61,0.0503,0.0183
41.16,29.68,0.1032,0.6,0.0847,0.0319
41.16,29.68,0.0669,0.52,0.096,0.0655
41.16,29.68,0.0382,0.42,0.1183,0.2496
41.16,29.68,0.0287,0.38,0.1089,0.0877
41.18,28.03,0.0321,0.38,0.1059,0.0312
41.18,28.03,0.0517,0.45,0.0999,0.0498
41.18,28.03,0.0646,0.41,0.1079,0.0852
41.18,28.03,0.0909,0.45,0.1096,0.1114
41.18,28.03,0.1096,0.48,0.1087,0.0423
41.18,28.03,0.1397,0.58,0.0686,0.0329
41.18,28.03,0.1521,0.65,0.0361,0.0097
41.18,28.03,0.1249,0.59,0.0476,0.0075
41.18,28.03,0.0973,0.56,0.0697,0.0344
41.18,28.03,0.067,0.52,0.075,0.0254
41.18,28.03,0.0378,0.41,0.1032,0.2367
41.18,28.03,0.028,0.38,0.0983,0.0938
41.18,28.06,0.0321,0.38,0.1059,0.0312
41.18,28.06,0.0517,0.45,0.0999,0.0498
41.18,28.06,0.0646,0.41,0.1079,0.0852
41.18,28.06,0.0909,0.45,0.1096,0.1114
41.18,28.06,0.1096,0.48,0.1087,0.0423
41.18,28.06,0.1397,0.58,0.0686,0.0329
41.18,28.06,0.1521,0.65,0.0361,0.0097
41.18,28.06,0.1249,0.59,0.0476,0.0075
41.18,28.06,0.0973,0.56,0.0697,0.0344
41.18,28.06,0.067,0.52,0.075,0.0254
41.18,28.06,0.0378,0.41,0.1032,0.2367
41.18,28.06,0.028,0.38,0.0983,0.0938
41.18,28.09,0.0321,0.38,0.1059,0.0312
41.18,28.09,0.0517,0.45,0.0999,0.0498
41.18,28.09,0.0646,0.41,0.1079,0.0852
41.18,28.09,0.0909,0.45,0.1096,0.1114
41.18,28.09,0.1096,0.48,0.1087,0.0423
41.18,28.09,0.1397,0.58,0.0686,0.0329
41.18,28.09,0.1521,0.65,0.0361,0.0097
41.18,28.09,0.1249,0.59,0.0476,0.0075
41.18,28.09,0.0973,0.56,0.0697,0.0344
41.18,28.09,0.067,0.52,0.075,0.0254
41.18,28.09,0.0378,0.41,0.1032,0.2367
41.18,28.09,0.028,0.38,0.0983,0.0938
41.18,28.12,0.0321,0.38,0.1059,0.0312
41.18,28.12,0.0517,0.45,0.0999,0.0498
41.18,28.12,0.0646,0.41,0.1079,0.0852
41.18,28.12,0.0909,0.45,0.1096,0.1114
41.18,28.12,0.1096,0.48,0.1087,0.0423
41.18,28.12,0.1397,0.58,0.0686,0.0329
41.18,28.12,0.1521,0.65,0.0361,0.0097
41.18,28.12,0.1249,0.59,0.0476,0.0075
41.18,28.12,0.0973,0.56,0.0697,0.0344
41.18,28.12,0.067,0.52,0.075,0.0254
41.18,28.12,0.0378,0.41,0.1032,0.2367
41.18,28.12,0.028,0.38,0.0983,0.0938
41.18,28.15,0.0321,0.38,0.1059,0.0312
41.18,28.15,0.0517,0.45,0.0999,0.0498
41.18,28.15,0.0646,0.41,0.1079,0.0852
41.18,28.15,0.0909,0.45,0.1096,0.1114
41.18,28.15,0.1096,0.48,0.1087,0.0423
41.18,28.15,0.1397,0.58,0.0686,0.0329
41.18,28.15,0.1521,0.65,0.0361,0.0097
41.18,28.15,0.1249,0.59,0.0476,0.0075
41.18,28.15,0.0973,0.56,0.0697,0.0344
41.18,28.15,0.067,0.52,0.075,0.0254
41.18,28.15,0.0378,0.41,0.1032,0.2367
41.18,28.15,0.028,0.38,0.0983,0.0938
41.18,28.18,0.0321,0.38,0.1059,0.0312
41.18,28.18,0.0517,0.45,0.0999,0.0498
41.18,28.18,0.0646,0.41,0.1079,0.0852
41.18,28.18,0.0909,0.45,0.1096,0.1114
41.18,28.18,0.1096,0.48,0.1087,0.0423
41.18,28.18,0.1397,0.58,0.0686,0.0329
41.18,28.18,0.1521,0.65,0.0361,0.0097
41.18,28.18,0.1249,0.59,0.0476,0.0075
41.18,28.18,0.0973,0.56,0.0697,0.0344
41.18,28.18,0.067,0.52,0.075,0.0254
41.18,28.18,0.0378,0.41,0.1032,0.2367
41.18,28.18,0.028,0.38,0.0983,0.0938
41.18,28.21,0.0321,0.38,0.1059,0.0312
41.18,28.21,0.0517,0.45,0.0999,0.0498
41.18,28.21,0.0646,0.41,0.1079,0.0852
41.18,28.21,0.0909,0.45,0.1096,0.1114
41.18,28.21,0.1096,0.48,0.1087,0.0423
41.18,28.21,0.1397,0.58,0.0686,0.0329
41.18,28.21,0.1521,0.65,0.0361,0.0097
41.18,28.21,0.1249,0.59,0.0476,0.0075
41.18,28.21,0.0973,0.56,0.0697,0.0344
41.18,28.21,0.067,0.52,0.075,0.0254
41.18,28.21,0.0378,0.41,0.1032,0.2367
41.18,28.21,0.028,0.38,0.0983,0.0938
41.18,28.24,0.0321,0.38,0.1059,0.0312
41.18,28.24,0.0517,0.45,0.0999,0.0498
41.18,28.24,0.0646,0.41,0.1079,0.0852
41.18,28.24,0.0909,0.45,0.1096,0.1114
41.18,28.24,0.1096,0.48,0.1087,0.0423
41.18,28.24,0.1397,0.58,0.0686,0.0329
41.18,28.24,0.1521,0.65,0.0361,0.0097
41.18,28.24,0.1249,0.59,0.0476,0.0075
41.18,28.24,0.0973,0.56,0.0697,0.0344
41.18,28.24,0.067,0.52,0.075,0.0254
41.18,28.24,0.0378,0.41,0.1032,0.2367
41.18,28.24,0.028,0.38,0.0983,0.0938
41.18,28.27,0.0321,0.38,0.1059,0.0312
41.18,28.27,0.0517,0.45,0.0999,0.0498
41.18,28.27,0.0646,0.41,0.1079,0.0852
41.18,28.27,0.0909,0.45,0.1096,0.1114
41.18,28.27,0.1096,0.48,0.1087,0.0423
41.18,28.27,0.1397,0.58,0.0686,0.0329
41.18,28.27,0.1521,0.65,0.0361,0.0097
41.18,28.27,0.1249,0.59,0.0476,0.0075
41.18,28.27,0.0973,0.56,0.0697,0.0344
41.18,28.27,0.067,0.52,0.075,0.0254
41.18,28.27,0.0378,0.41,0.1032,0.2367
41.18,28.27,0.028,0.38,0.0983,0.0938
41.18,28.3,0.0321,0.38,0.1059,0.0312
41.18,28.3,0.0517,0.45,0.0999,0.0498
41.18,28.3,0.0646,0.41,0.1079,0.0852
41.18,28.3,0.0909,0.45,0.1096,0.1114
41.18,28.3,0.1096,0.48,0.1087,0.0423
41.18,28.3,0.1397,0.58,0.0686,0.0329
41.18,28.3,0.1521,0.65,0.0361,0.0097
41.18,28.3,0.1249,0.59,0.0476,0.0075
41.18,28.3,0.0973,0.56,0.0697,0.0344
41.18,28.3,0.067,0.52,0.075,0.0254
41.18,28.3,0.0378,0.41,0.1032,0.2367
41.18,28.3,0.028,0.38,0.0983,0.0938
41.18,28.33,0.0321,0.38,0.1059,0.0312
41.18,28.33,0.0517,0.45,0.0999,0.0498
41.18,28.33,0.0646,0.41,0.1079,0.0852
41.18,28.33,0.0909,0.45,0.1096,0.1114
41.18,28.33,0.1096,0.48,0.1087,0.0423
41.18,28.33,0.1397,0.58,0.0686,0.0329
41.18,28.33,0.1521,0.65,0.0361,0.0097
41.18,28.33,0.1249,0.59,0.0476,0.0075
41.18,28.33,0.0973,0.56,0.0697,0.0344
41.18,28.33,0.067,0.52,0.075,0.0254
41.18,28.33,0.0378,0.41,0.1032,0.2367
41.18,28.33,0.028,0.38,0.0983,0.0938
41.18,28.36,0.0321,0.38,0.1059,0.0312
41.18,28.36,0.0517,0.45,0.0999,0.0498
41.18,28.36,0.0646,0.41,0.1079,0.0852
41.18,28.36,0.0909,0.45,0.1096,0.1114
41.18,28.36,0.1096,0.48,0.1087,0.0423
41.18,28.36,0.1397,0.58,0.0686,0.0329
41.18,28.36,0.1521,0.65,0.0361,0.0097
41.18,28.36,0.1249,0.59,0.0476,0.0075
41.18,28.36,0.0973,0.56,0.0697,0.0344
41.18,28.36,0.067,0.52,0.075,0.0254
41.18,28.36,0.0378,0.41,0.1032,0.2367
41.18,28.36,0.028,0.38,0.0983,0.0938
41.18,28.39,0.0321,0.38,0.1059,0.0312
41.18,28.39,0.0517,0.45,0.0999,0.0498
41.18,28.39,0.0646,0.41,0.1079,0.0852
41.18,28.39,0.0909,0.45,0.1096,0.1114
41.18,28.39,0.1096,0.48,0.1087,0.0423
41.18,28.39,0.1397,0.58,0.0686,0.0329
41.18,28.39,0.1521,0.65,0.0361,0.0097
41.18,28.39,0.1249,0.59,0.0476,0.0075
41.18,28.39,0.0973,0.56,0.0697,0.0344
41.18,28.39,0.067,0.52,0.075,0.0254
41.18,28.39,0.0378,0.41,0.1032,0.2367
41.18,28.39,0.028,0.38,0.0983,0.0938
41.18,28.42,0.0321,0.38,0.1059,0.0312
41.18,28.42,0.0517,0.45,0.0999,0.0498
41.18,28.42,0.0646,0.41,0.1079,0.0852
41.18,28.42,0.0909,0.45,0.1096,0.1114
41.18,28.42,0.1096,0.48,0.1087,0.0423
41.18,28.42,0.1397,0.58,0.0686,0.0329
41.18,28.42,0.1521,0.65,0.0361,0.0097
41.18,28.42,0.1249,0.59,0.0476,0.0075
41.18,28.42,0.0973,0.56,0.0697,0.0344
41.18,28.42,0.067,0.52,0.075,0.0254
41.18,28.42,0.0378,0.41,0.1032,0.2367
41.18,28.42,0.028,0.38,0.0983,0.0938
41.18,28.45,0.0321,0.38,0.1059,0.0258
41.18,28.45,0.0517,0.45,0.0999,0.0655
41.18,28.45,0.0646,0.41,0.1079,0.0892
41.18,28.45,0.0909,0.45,0.1096,0.1099
41.18,28.45,0.1096,0.48,0.1087,0.0444
41.18,28.45,0.1397,0.58,0.0686,0.0308
41.18,28.45,0.1521,0.65,0.0361,0.0118
41.18,28.45,0.1249,0.59,0.0476,0.0107
41.18,28.45,0.0973,0.56,0.0697,0.0254
41.18,28.45,0.067,0.52,0.075,0.0412
41.18,28.45,0.0378,0.41,0.1032,0.2281
41.18,28.45,0.028,0.38,0.0983,0.0824
41.18,28.48,0.0321,0.38,0.1059,0.0258
41.18,28.48,0.0517,0.45,0.0999,0.0655
41.18,28.48,0.0646,0.41,0.1079,0.0892
41.18,28.48,0.0909,0.45,0.1096,0.1099
41.18,28.48,0.1096,0.48,0.1087,0.0444
41.18,28.48,0.1397,0.58,0.0686,0.0308
41.18,28.48,0.1521,0.65,0.0361,0.0118
41.18,28.48,0.1249,0.59,0.0476,0.0107
41.18,28.48,0.0973,0.56,0.0697,0.0254
41.18,28.48,0.067,0.52,0.075,0.0412
41.18,28.48,0.0378,0.41,0.1032,0.2281
41.18,28.48,0.028,0.38,0.0983,0.0824
41.18,28.51,0.0321,0.38,0.1059,0.0258
41.18,28.51,0.0517,0.45,0.0999,0.0655
41.18,28.51,0.0646,0.41,0.1079,0.0892
41.18,28.51,0.0909,0.45,0.1096,0.1099
41.18,28.51,0.1096,0.48,0.1087,0.0444
41.18,28.51,0.1397,0.58,0.0686,0.0308
41.18,28.51,0.1521,0.65,0.0361,0.0118
41.18,28.51,0.1249,0.59,0.0476,0.0107
41.18,28.51,0.0973,0.56,0.0697,0.0254
41.18,28.51,0.067,0.52,0.075,0.0412
41.18,28.51,0.0378,0.41,0.1032,0.2281
41.18,28.51,0.028,0.38,0.0983,0.0824
41.18,28.54,0.0321,0.38,0.1059,0.0258
41.18,28.54,0.0517,0.45,0.0999,0.0655
41.18,28.54,0.0646,0.41,0.1079,0.0892
41.18,28.54,0.0909,0.45,0.1096,0.1099
41.18,28.54,0.1096,0.48,0.1087,0.0444
41.18,28.54,0.1397,0.58,0.0686,0.0308
41.18,28.54,0.1521,0.65,0.0361,0.0118
41.18,28.54,0.1249,0.59,0.0476,0.0107
41.18,28.54,0.0973,0.56,0.0697,0.0254
41.18,28.54,0.067,0.52,0.075,0.0412
41.18,28.54,0.0378,0.41,0.1032,0.2281
41.18,28.54,0.028,0.38,0.0983,0.0824
41.18,28.57,0.0321,0.38,0.1059,0.0258
41.18,28.57,0.0517,0.45,0.0999,0.0655
41.18,28.57,0.0646,0.41,0.1079,0.0892
41.18,28.57,0.0909,0.45,0.1096,0.1099
41.18,28.57,0.1096,0.48,0.1087,0.0444
41.18,28.57,0.1397,0.58,0.0686,0.0308
41.18,28.57,0.1521,0.65,0.0361,0.0118
41.18,28.57,0.1249,0.59,0.0476,0.0107
41.18,28.57,0.0973,0.56,0.0697,0.0254
41.18,28.57,0.067,0.52,0.075,0.0412
41.18,28.57,0.0378,0.41,0.1032,0.2281
41.18,28.57,0.028,0.38,0.0983,0.0824
41.18,28.6,0.0321,0.38,0.1059,0.0258
41.18,28.6,0.0517,0.45,0.0999,0.0655
41.18,28.6,0.0646,0.41,0.1079,0.0892
41.18,28.6,0.0909,0.45,0.1096,0.1099
41.18,28.6,0.1096,0.48,0.1087,0.0444
41.18,28.6,0.1397,0.58,0.0686,0.0308
41.18,28.6,0.1521,0.65,0.0361,0.0118
41.18,28.6,0.1249,0.59,0.0476,0.0107
41.18,28.6,0.0973,0.56,0.0697,0.0254
41.18,28.6,0.067,0.52,0.075,0.0412
41.18,28.6,0.0378,0.41,0.1032,0.2281
41.18,28.6,0.028,0.38,0.0983,0.0824
41.18,28.63,0.0321,0.38,0.1059,0.0258
41.18,28.63,0.0517,0.45,0.0999,0.0655
41.18,28.63,0.0646,0.41,0.1079,0.0892
41.18,28.63,0.0909,0.45,0.1096,0.1099
41.18,28.63,0.1096,0.48,0.1087,0.0444
41.18,28.63,0.1397,0.58,0.0686,0.0308
41.18,28.63,0.1521,0.65,0.0361,0.0118
41.18,28.63,0.1249,0.59,0.0476,0.0107
41.18,28.63,0.0973,0.56,0.0697,0.0254
41.18,28.63,0.067,0.52,0.075,0.0412
41.18,28.63,0.0378,0.41,0.1032,0.2281
41.18,28.63,0.028,0.38,0.0983,0.0824
41.18,28.66,0.0321,0.38,0.1059,0.0258
41.18,28.66,0.0517,0.45,0.0999,0.0655
41.18,28.66,0.0646,0.41,0.1079,0.0892
41.18,28.66,0.0909,0.45,0.1096,0.1099
41.18,28.66,0.1096,0.48,0.1087,0.0444
41.18,28.66,0.1397,0.58,0.0686,0.0308
41.18,28.66,0.1521,0.65,0.0361,0.0118
41.18,28.66,0.1249,0.59,0.0476,0.0107
41.18,28.66,0.0973,0.56,0.0697,0.0254
41.18,28.66,0.067,0.52,0.075,0.0412
41.18,28.66,0.0378,0.41,0.1032,0.2281
41.18,28.66,0.028,0.38,0.0983,0.0824
41.18,28.69,0.0321,0.38,0.1059,0.0258
41.18,28.69,0.0517,0.45,0.0999,0.0655
41.18,28.69,0.0646,0.41,0.1079,0.0892
41.18,28.69,0.0909,0.45,0.1096,0.1099
41.18,28.69,0.1096,0.48,0.1087,0.0444
41.18,28.69,0.1397,0.58,0.0686,0.0308
41.18,28.69,0.1521,0.65,0.0361,0.0118
41.18,28.69,0.1249,0.59,0.0476,0.0107
41.18,28.69,0.0973,0.56,0.0697,0.0254
41.18,28.69,0.067,0.52,0.075,0.0412
41.18,28.69,0.0378,0.41,0.1032,0.2281
41.18,28.69,0.028,0.38,0.0983,0.0824
41.18,28.72,0.0321,0.38,0.1059,0.0258
41.18,28.72,0.0517,0.45,0.0999,0.0655
41.18,28.72,0.0646,0.41,0.1079,0.0892
41.18,28.72,0.0909,0.45,0.1096,0.1099
41.18,28.72,0.1096,0.48,0.1087,0.0444
41.18,28.72,0.1397,0.58,0.0686,0.0308
41.18,28.72,0.1521,0.65,0.0361,0.0118
41.18,28.72,0.1249,0.59,0.0476,0.0107
41.18,28.72,0.0973,0.56,0.0697,0.0254
41.18,28.72,0.067,0.52,0.075,0.0412
41.18,28.72,0.0378,0.41,0.1032,0.2281
41.18,28.72,0.028,0.38,0.0983,0.0824
41.18,28.75,0.0321,0.38,0.1059,0.0258
41.18,28.75,0.0517,0.45,0.0999,0.0655
41.18,28.75,0.0646,0.41,0.1079,0.0892
41.18,28.75,0.0909,0.45,0.1096,0.1099
41.18,28.75,0.1096,0.48,0.1087,0.0444
41.18,28.75,0.1397,0.58,0.0686,0.0308
41.18,28.75,0.1521,0.65,0.0361,0.0118
41.18,28.75,0.1249,0.59,0.0476,0.0107
41.18,28.75,0.0973,0.56,0.0697,0.0254
41.18,28.75,0.067,0.52,0.075,0.0412
41.18,28.75,0.0378,0.41,0.1032,0.2281
41.18,28.75,0.028,0.38,0.0983,0.0824
41.18,28.78,0.0321,0.38,0.1059,0.0258
41.18,28.78,0.0517,0.45,0.0999,0.0655
41.18,28.78,0.0646,0.41,0.1079,0.0892
41.18,28.78,0.0909,0.45,0.1096,0.1099
41.18,28.78,0.1096,0.48,0.1087,0.0444
41.18,28.78,0.1397,0.58,0.0686,0.0308
41.18,28.78,0.1521,0.65,0.0361,0.0118
41.18,28.78,0.1249,0.59,0.0476,0.0107
41.18,28.78,0.0973,0.56,0.0697,0.0254
41.18,28.78,0.067,0.52,0.075,0.0412
41.18,28.78,0.0378,0.41,0.1032,0.2281
41.18,28.78,0.028,0.38,0.0983,0.0824
41.18,28.81,0.0321,0.38,0.1059,0.0258
41.18,28.81,0.0517,0.45,0.0999,0.0655
41.18,28.81,0.0646,0.41,0.1079,0.0892
41.18,28.81,0.0909,0.45,0.1096,0.1099
41.18,28.81,0.1096,0.48,0.1087,0.0444
41.18,28.81,0.1397,0.58,0.0686,0.0308
41.18,28.81,0.1521,0.65,0.0361,0.0118
41.18,28.81,0.1249,0.59,0.0476,0.0107
41.18,28.81,0.0973,0.56,0.0697,0.0254
41.18,28.81,0.067,0.52,0.075,0.0412
41.18,28.81,0.0378,0.41,0.1032,0.2281
41.18,28.81,0.028,0.38,0.0983,0.0824
41.18,28.84,0.0321,0.38,0.1059,0.0258
41.18,28.84,0.0517,0.45,0.0999,0.0655
41.18,28.84,0.0646,0.41,0.1079,0.0892
41.18,28.84,0.0909,0.45,0.1096,0.1099
41.18,28.84,0.1096,0.48,0.1087,0.0444
41.18,28.84,0.1397,0.58,0.0686,0.0308
41.18,28.84,0.1521,0.65,0.0361,0.0118
41.18,28.84,0.1249,0.59,0.0476,0.0107
41.18,28.84,0.0973,0.56,0.0697,0.0254
41.18,28.84,0.067,0.52,0.075,0.0412
41.18,28.84,0.0378,0.41,0.1032,0.2281
41.18,28.84,0.028,0.38,0.0983,0.0824
41.18,28.87,0.0321,0.38,0.1059,0.0258
41.18,28.87,0.0517,0.45,0.0999,0.0655
41.18,28.87,0.0646,0.41,0.1079,0.0892
41.18,28.87,0.0909,0.45,0.1096,0.1099
41.18,28.87,0.1096,0.48,0.1087,0.0444
41.18,28.87,0.1397,0.58,0.0686,0.0308
41.18,28.87,0.1521,0.65,0.0361,0.0118
41.18,28.87,0.1249,0.59,0.0476,0.0107
41.18,28.87,0.0973,0.56,0.0697,0.0254
41.18,28.87,0.067,0.52,0.075,0.0412
41.18,28.87,0.0378,0.41,0.1032,0.2281
41.18,28.87,0.028,0.38,0.0983,0.0824
41.18,28.9,0.0321,0.38,0.1059,0.0258
41.18,28.9,0.0517,0.45,0.0999,0.0655
41.18,28.9,0.0646,0.41,0.1079,0.0892
41.18,28.9,0.0909,0.45,0.1096,0.1099
41.18,28.9,0.1096,0.48,0.1087,0.0444
41.18,28.9,0.1397,0.58,0.0686,0.0308
41.18,28.9,0.1521,0.65,0.0361,0.0118
41.18,28.9,0.1249,0.59,0.0476,0.0107
41.18,28.9,0.0973,0.56,0.0697,0.0254
41.18,28.9,0.067,0.52,0.075,0.0412
41.18,28.9,0.0378,0.41,0.1032,0.2281
41.18,28.9,0.028,0.38,0.0983,0.0824
41.18,28.93,0.0321,0.38,0.1059,0.0258
41.18,28.93,0.0517,0.45,0.0999,0.0655
41.18,28.93,0.0646,0.41,0.1079,0.0892
41.18,28.93,0.0909,0.45,0.1096,0.1099
41.18,28.93,0.1096,0.48,0.1087,0.0444
41.18,28.93,0.1397,0.58,0.0686,0.0308
41.18,28.93,0.1521,0.65,0.0361,0.0118
41.18,28.93,0.1249,0.59,0.0476,0.0107
41.18,28.93,0.0973,0.56,0.0697,0.0254
41.18,28.93,0.067,0.52,0.075,0.0412
41.18,28.93,0.0378,0.41,0.1032,0.2281
41.18,28.93,0.028,0.38,0.0983,0.0824
41.18,28.96,0.0321,0.38,0.1059,0.0258
41.18,28.96,0.0517,0.45,0.0999,0.0655
41.18,28.96,0.0646,0.41,0.1079,0.0892
41.18,28.96,0.0909,0.45,0.1096,0.1099
41.18,28.96,0.1096,0.48,0.1087,0.0444
41.18,28.96,0.1397,0.58,0.0686,0.0308
41.18,28.96,0.1521,0.65,0.0361,0.0118
41.18,28.96,0.1249,0.59,0.0476,0.0107
41.18,28.96,0.0973,0.56,0.0697,0.0254
41.18,28.96,0.067,0.52,0.075,0.0412
41.18,28.96,0.0378,0.41,0.1032,0.2281
41.18,28.96,0.028,0.38,0.0983,0.0824
41.18,28.99,0.0321,0.38,0.1059,0.0258
41.18,28.99,0.0517,0.45,0.0999,0.0655
41.18,28.99,0.0646,0.41,0.1079,0.0892
41.18,28.99,0.0909,0.45,0.1096,0.1099
41.18,28.99,0.1096,0.48,0.1087,0.0444
41.18,28.99,0.1397,0.58,0.0686,0.0308
41.18,28.99,0.1521,0.65,0.0361,0.0118
41.18,28.99,0.1249,0.59,0.0476,0.0107
41.18,28.99,0.0973,0.56,0.0697,0.0254
41.18,28.99,0.067,0.52,0.075,0.0412
41.18,28.99,0.0378,0.41,0.1032,0.2281
41.18,28.99,0.028,0.38,0.0983,0.0824
41.18,29.02,0.0318,0.38,0.1172,0.0258
41.18,29.02,0.0504,0.44,0.1148,0.0655
41.18,29.02,0.0606,0.38,0.1232,0.0892
41.18,29.02,0.0895,0.45,0.1175,0.1099
41.18,29.02,0.1095,0.48,0.115,0.0444
41.18,29.02,0.1392,0.57,0.0768,0.0308
41.18,29.02,0.1488,0.63,0.0435,0.0118
41.18,29.02,0.1279,0.61,0.0503,0.0107
41.18,29.02,0.1032,0.6,0.0847,0.0254
41.18,29.02,0.0669,0.52,0.096,0.0412
41.18,29.02,0.0382,0.42,0.1183,0.2281
41.18,29.02,0.0287,0.38,0.1089,0.0824
41.18,29.05,0.0318,0.38,0.1172,0.0258
41.18,29.05,0.0504,0.44,0.1148,0.0655
41.18,29.05,0.0606,0.38,0.1232,0.0892
41.18,29.05,0.0895,0.45,0.1175,0.1099
41.18,29.05,0.1095,0.48,0.115,0.0444
41.18,29.05,0.1392,0.57,0.0768,0.0308
41.18,29.05,0.1488,0.63,0.0435,0.0118
41.18,29.05,0.1279,0.61,0.0503,0.0107
41.18,29.05,0.1032,0.6,0.0847,0.0254
41.18,29.05,0.0669,0.52,0.096,0.0412
41.18,29.05,0.0382,0.42,0.1183,0.2281
41.18,29.05,0.0287,0.38,0.1089,0.0824
41.18,29.11,0.0318,0.38,0.1172,0.0258
41.18,29.11,0.0504,0.44,0.1148,0.0906
41.18,29.11,0.0606,0.38,0.1232,0.1031
41.18,29.11,0.0895,0.45,0.1175,0.1085
41.18,29.11,0.1095,0.48,0.115,0.0483
41.18,29.11,0.1392,0.57,0.0768,0.0559
41.18,29.11,0.1488,0.63,0.0435,0.0283
41.18,29.11,0.1279,0.61,0.0503,0.0183
41.18,29.11,0.1032,0.6,0.0847,0.0319
41.18,29.11,0.0669,0.52,0.096,0.0655
41.18,29.11,0.0382,0.42,0.1183,0.2496
41.18,29.11,0.0287,0.38,0.1089,0.0877
41.18,29.14,0.0318,0.38,0.1172,0.0258
41.18,29.14,0.0504,0.44,0.1148,0.0906
41.18,29.14,0.0606,0.38,0.1232,0.1031
41.18,29.14,0.0895,0.45,0.1175,0.1085
41.18,29.14,0.1095,0.48,0.115,0.0483
41.18,29.14,0.1392,0.57,0.0768,0.0559
41.18,29.14,0.1488,0.63,0.0435,0.0283
41.18,29.14,0.1279,0.61,0.0503,0.0183
41.18,29.14,0.1032,0.6,0.0847,0.0319
41.18,29.14,0.0669,0.52,0.096,0.0655
41.18,29.14,0.0382,0.42,0.1183,0.2496
41.18,29.14,0.0287,0.38,0.1089,0.0877
41.18,29.17,0.0318,0.38,0.1172,0.0258
41.18,29.17,0.0504,0.44,0.1148,0.0906
41.18,29.17,0.0606,0.38,0.1232,0.1031
41.18,29.17,0.0895,0.45,0.1175,0.1085
41.18,29.17,0.1095,0.48,0.115,0.0483
41.18,29.17,0.1392,0.57,0.0768,0.0559
41.18,29.17,0.1488,0.63,0.0435,0.0283
41.18,29.17,0.1279,0.61,0.0503,0.0183
41.18,29.17,0.1032,0.6,0.0847,0.0319
41.18,29.17,0.0669,0.52,0.096,0.0655
41.18,29.17,0.0382,0.42,0.1183,0.2496
41.18,29.17,0.0287,0.38,0.1089,0.0877
41.18,29.2,0.0318,0.38,0.1172,0.0258
41.18,29.2,0.0504,0.44,0.1148,0.0906
41.18,29.2,0.0606,0.38,0.1232,0.1031
41.18,29.2,0.0895,0.45,0.1175,0.1085
41.18,29.2,0.1095,0.48,0.115,0.0483
41.18,29.2,0.1392,0.57,0.0768,0.0559
41.18,29.2,0.1488,0.63,0.0435,0.0283
41.18,29.2,0.1279,0.61,0.0503,0.0183
41.18,29.2,0.1032,0.6,0.0847,0.0319
41.18,29.2,0.0669,0.52,0.096,0.0655
41.18,29.2,0.0382,0.42,0.1183,0.2496
41.18,29.2,0.0287,0.38,0.1089,0.0877
41.18,29.23,0.0318,0.38,0.1172,0.0258
41.18,29.23,0.0504,0.44,0.1148,0.0906
41.18,29.23,0.0606,0.38,0.1232,0.1031
41.18,29.23,0.0895,0.45,0.1175,0.1085
41.18,29.23,0.1095,0.48,0.115,0.0483
41.18,29.23,0.1392,0.57,0.0768,0.0559
41.18,29.23,0.1488,0.63,0.0435,0.0283
41.18,29.23,0.1279,0.61,0.0503,0.0183
41.18,29.23,0.1032,0.6,0.0847,0.0319
41.18,29.23,0.0669,0.52,0.096,0.0655
41.18,29.23,0.0382,0.42,0.1183,0.2496
41.18,29.23,0.0287,0.38,0.1089,0.0877
41.18,29.26,0.0318,0.38,0.1172,0.0258
41.18,29.26,0.0504,0.44,0.1148,0.0906
41.18,29.26,0.0606,0.38,0.1232,0.1031
41.18,29.26,0.0895,0.45,0.1175,0.1085
41.18,29.26,0.1095,0.48,0.115,0.0483
41.18,29.26,0.1392,0.57,0.0768,0.0559
41.18,29.26,0.1488,0.63,0.0435,0.0283
41.18,29.26,0.1279,0.61,0.0503,0.0183
41.18,29.26,0.1032,0.6,0.0847,0.0319
41.18,29.26,0.0669,0.52,0.096,0.0655
41.18,29.26,0.0382,0.42,0.1183,0.2496
41.18,29.26,0.0287,0.38,0.1089,0.0877
41.18,29.29,0.0318,0.38,0.1172,0.0258
41.18,29.29,0.0504,0.44,0.1148,0.0906
41.18,29.29,0.0606,0.38,0.1232,0.1031
41.18,29.29,0.0895,0.45,0.1175,0.1085
41.18,29.29,0.1095,0.48,0.115,0.0483
41.18,29.29,0.1392,0.57,0.0768,0.0559
41.18,29.29,0.1488,0.63,0.0435,0.0283
41.18,29.29,0.1279,0.61,0.0503,0.0183
41.18,29.29,0.1032,0.6,0.0847,0.0319
41.18,29.29,0.0669,0.52,0.096,0.0655
41.18,29.29,0.0382,0.42,0.1183,0.2496
41.18,29.29,0.0287,0.38,0.1089,0.0877
41.18,29.32,0.0318,0.38,0.1172,0.0258
41.18,29.32,0.0504,0.44,0.1148,0.0906
41.18,29.32,0.0606,0.38,0.1232,0.1031
41.18,29.32,0.0895,0.45,0.1175,0.1085
41.18,29.32,0.1095,0.48,0.115,0.0483
41.18,29.32,0.1392,0.57,0.0768,0.0559
41.18,29.32,0.1488,0.63,0.0435,0.0283
41.18,29.32,0.1279,0.61,0.0503,0.0183
41.18,29.32,0.1032,0.6,0.0847,0.0319
41.18,29.32,0.0669,0.52,0.096,0.0655
41.18,29.32,0.0382,0.42,0.1183,0.2496
41.18,29.32,0.0287,0.38,0.1089,0.0877
41.18,29.35,0.0318,0.38,0.1172,0.0258
41.18,29.35,0.0504,0.44,0.1148,0.0906
41.18,29.35,0.0606,0.38,0.1232,0.1031
41.18,29.35,0.0895,0.45,0.1175,0.1085
41.18,29.35,0.1095,0.48,0.115,0.0483
41.18,29.35,0.1392,0.57,0.0768,0.0559
41.18,29.35,0.1488,0.63,0.0435,0.0283
41.18,29.35,0.1279,0.61,0.0503,0.0183
41.18,29.35,0.1032,0.6,0.0847,0.0319
41.18,29.35,0.0669,0.52,0.096,0.0655
41.18,29.35,0.0382,0.42,0.1183,0.2496
41.18,29.35,0.0287,0.38,0.1089,0.0877
41.18,29.38,0.0318,0.38,0.1172,0.0258
41.18,29.38,0.0504,0.44,0.1148,0.0906
41.18,29.38,0.0606,0.38,0.1232,0.1031
41.18,29.38,0.0895,0.45,0.1175,0.1085
41.18,29.38,0.1095,0.48,0.115,0.0483
41.18,29.38,0.1392,0.57,0.0768,0.0559
41.18,29.38,0.1488,0.63,0.0435,0.0283
41.18,29.38,0.1279,0.61,0.0503,0.0183
41.18,29.38,0.1032,0.6,0.0847,0.0319
41.18,29.38,0.0669,0.52,0.096,0.0655
41.18,29.38,0.0382,0.42,0.1183,0.2496
41.18,29.38,0.0287,0.38,0.1089,0.0877
41.18,29.41,0.0318,0.38,0.1172,0.0258
41.18,29.41,0.0504,0.44,0.1148,0.0906
41.18,29.41,0.0606,0.38,0.1232,0.1031
41.18,29.41,0.0895,0.45,0.1175,0.1085
41.18,29.41,0.1095,0.48,0.115,0.0483
41.18,29.41,0.1392,0.57,0.0768,0.0559
41.18,29.41,0.1488,0.63,0.0435,0.0283
41.18,29.41,0.1279,0.61,0.0503,0.0183
41.18,29.41,0.1032,0.6,0.0847,0.0319
41.18,29.41,0.0669,0.52,0.096,0.0655
41.18,29.41,0.0382,0.42,0.1183,0.2496
41.18,29.41,0.0287,0.38,0.1089,0.0877
41.18,29.44,0.0318,0.38,0.1172,0.0258
41.18,29.44,0.0504,0.44,0.1148,0.0906
41.18,29.44,0.0606,0.38,0.1232,0.1031
41.18,29.44,0.0895,0.45,0.1175,0.1085
41.18,29.44,0.1095,0.48,0.115,0.0483
41.18,29.44,0.1392,0.57,0.0768,0.0559
41.18,29.44,0.1488,0.63,0.0435,0.0283
41.18,29.44,0.1279,0.61,0.0503,0.0183
41.18,29.44,0.1032,0.6,0.0847,0.0319
41.18,29.44,0.0669,0.52,0.096,0.0655
41.18,29.44,0.0382,0.42,0.1183,0.2496
41.18,29.44,0.0287,0.38,0.1089,0.0877
41.18,29.47,0.0318,0.38,0.1172,0.0258
41.18,29.47,0.0504,0.44,0.1148,0.0906
41.18,29.47,0.0606,0.38,0.1232,0.1031
41.18,29.47,0.0895,0.45,0.1175,0.1085
41.18,29.47,0.1095,0.48,0.115,0.0483
41.18,29.47,0.1392,0.57,0.0768,0.0559
41.18,29.47,0.1488,0.63,0.0435,0.0283
41.18,29.47,0.1279,0.61,0.0503,0.0183
41.18,29.47,0.1032,0.6,0.0847,0.0319
41.18,29.47,0.0669,0.52,0.096,0.0655
41.18,29.47,0.0382,0.42,0.1183,0.2496
41.18,29.47,0.0287,0.38,0.1089,0.0877
41.18,29.5,0.0318,0.38,0.1172,0.0258
41.18,29.5,0.0504,0.44,0.1148,0.0906
41.18,29.5,0.0606,0.38,0.1232,0.1031
41.18,29.5,0.0895,0.45,0.1175,0.1085
41.18,29.5,0.1095,0.48,0.115,0.0483
41.18,29.5,0.1392,0.57,0.0768,0.0559
41.18,29.5,0.1488,0.63,0.0435,0.0283
41.18,29.5,0.1279,0.61,0.0503,0.0183
41.18,29.5,0.1032,0.6,0.0847,0.0319
41.18,29.5,0.0669,0.52,0.096,0.0655
41.18,29.5,0.0382,0.42,0.1183,0.2496
41.18,29.5,0.0287,0.38,0.1089,0.0877
41.2,28.03,0.0321,0.38,0.1059,0.0312
41.2,28.03,0.0517,0.45,0.0999,0.0498
41.2,28.03,0.0646,0.41,0.1079,0.0852
41.2,28.03,0.0909,0.45,0.1096,0.1114
41.2,28.03,0.1096,0.48,0.1087,0.0423
41.2,28.03,0.1397,0.58,0.0686,0.0329
41.2,28.03,0.1521,0.65,0.0361,0.0097
41.2,28.03,0.1249,0.59,0.0476,0.0075
41.2,28.03,0.0973,0.56,0.0697,0.0344
41.2,28.03,0.067,0.52,0.075,0.0254
41.2,28.03,0.0378,0.41,0.1032,0.2367
41.2,28.03,0.028,0.38,0.0983,0.0938
41.2,28.06,0.0321,0.38,0.1059,0.0312
41.2,28.06,0.0517,0.45,0.0999,0.0498
41.2,28.06,0.0646,0.41,0.1079,0.0852
41.2,28.06,0.0909,0.45,0.1096,0.1114
41.2,28.06,0.1096,0.48,0.1087,0.0423
41.2,28.06,0.1397,0.58,0.0686,0.0329
41.2,28.06,0.1521,0.65,0.0361,0.0097
41.2,28.06,0.1249,0.59,0.0476,0.0075
41.2,28.06,0.0973,0.56,0.0697,0.0344
41.2,28.06,0.067,0.52,0.075,0.0254
41.2,28.06,0.0378,0.41,0.1032,0.2367
41.2,28.06,0.028,0.38,0.0983,0.0938
41.2,28.09,0.0321,0.38,0.1059,0.0312
41.2,28.09,0.0517,0.45,0.0999,0.0498
41.2,28.09,0.0646,0.41,0.1079,0.0852
41.2,28.09,0.0909,0.45,0.1096,0.1114
41.2,28.09,0.1096,0.48,0.1087,0.0423
41.2,28.09,0.1397,0.58,0.0686,0.0329
41.2,28.09,0.1521,0.65,0.0361,0.0097
41.2,28.09,0.1249,0.59,0.0476,0.0075
41.2,28.09,0.0973,0.56,0.0697,0.0344
41.2,28.09,0.067,0.52,0.075,0.0254
41.2,28.09,0.0378,0.41,0.1032,0.2367
41.2,28.09,0.028,0.38,0.0983,0.0938
41.2,28.12,0.0321,0.38,0.1059,0.0312
41.2,28.12,0.0517,0.45,0.0999,0.0498
41.2,28.12,0.0646,0.41,0.1079,0.0852
41.2,28.12,0.0909,0.45,0.1096,0.1114
41.2,28.12,0.1096,0.48,0.1087,0.0423
41.2,28.12,0.1397,0.58,0.0686,0.0329
41.2,28.12,0.1521,0.65,0.0361,0.0097
41.2,28.12,0.1249,0.59,0.0476,0.0075
41.2,28.12,0.0973,0.56,0.0697,0.0344
41.2,28.12,0.067,0.52,0.075,0.0254
41.2,28.12,0.0378,0.41,0.1032,0.2367
41.2,28.12,0.028,0.38,0.0983,0.0938
41.2,28.15,0.0321,0.38,0.1059,0.0312
41.2,28.15,0.0517,0.45,0.0999,0.0498
41.2,28.15,0.0646,0.41,0.1079,0.0852
41.2,28.15,0.0909,0.45,0.1096,0.1114
41.2,28.15,0.1096,0.48,0.1087,0.0423
41.2,28.15,0.1397,0.58,0.0686,0.0329
41.2,28.15,0.1521,0.65,0.0361,0.0097
41.2,28.15,0.1249,0.59,0.0476,0.0075
41.2,28.15,0.0973,0.56,0.0697,0.0344
41.2,28.15,0.067,0.52,0.075,0.0254
41.2,28.15,0.0378,0.41,0.1032,0.2367
41.2,28.15,0.028,0.38,0.0983,0.0938
41.2,28.18,0.0321,0.38,0.1059,0.0312
41.2,28.18,0.0517,0.45,0.0999,0.0498
41.2,28.18,0.0646,0.41,0.1079,0.0852
41.2,28.18,0.0909,0.45,0.1096,0.1114
41.2,28.18,0.1096,0.48,0.1087,0.0423
41.2,28.18,0.1397,0.58,0.0686,0.0329
41.2,28.18,0.1521,0.65,0.0361,0.0097
41.2,28.18,0.1249,0.59,0.0476,0.0075
41.2,28.18,0.0973,0.56,0.0697,0.0344
41.2,28.18,0.067,0.52,0.075,0.0254
41.2,28.18,0.0378,0.41,0.1032,0.2367
41.2,28.18,0.028,0.38,0.0983,0.0938
41.2,28.21,0.0321,0.38,0.1059,0.0312
41.2,28.21,0.0517,0.45,0.0999,0.0498
41.2,28.21,0.0646,0.41,0.1079,0.0852
41.2,28.21,0.0909,0.45,0.1096,0.1114
41.2,28.21,0.1096,0.48,0.1087,0.0423
41.2,28.21,0.1397,0.58,0.0686,0.0329
41.2,28.21,0.1521,0.65,0.0361,0.0097
41.2,28.21,0.1249,0.59,0.0476,0.0075
41.2,28.21,0.0973,0.56,0.0697,0.0344
41.2,28.21,0.067,0.52,0.075,0.0254
41.2,28.21,0.0378,0.41,0.1032,0.2367
41.2,28.21,0.028,0.38,0.0983,0.0938
41.2,28.24,0.0321,0.38,0.1059,0.0312
41.2,28.24,0.0517,0.45,0.0999,0.0498
41.2,28.24,0.0646,0.41,0.1079,0.0852
41.2,28.24,0.0909,0.45,0.1096,0.1114
41.2,28.24,0.1096,0.48,0.1087,0.0423
41.2,28.24,0.1397,0.58,0.0686,0.0329
41.2,28.24,0.1521,0.65,0.0361,0.0097
41.2,28.24,0.1249,0.59,0.0476,0.0075
41.2,28.24,0.0973,0.56,0.0697,0.0344
41.2,28.24,0.067,0.52,0.075,0.0254
41.2,28.24,0.0378,0.41,0.1032,0.2367
41.2,28.24,0.028,0.38,0.0983,0.0938
41.2,28.27,0.0321,0.38,0.1059,0.0312
41.2,28.27,0.0517,0.45,0.0999,0.0498
41.2,28.27,0.0646,0.41,0.1079,0.0852
41.2,28.27,0.0909,0.45,0.1096,0.1114
41.2,28.27,0.1096,0.48,0.1087,0.0423
41.2,28.27,0.1397,0.58,0.0686,0.0329
41.2,28.27,0.1521,0.65,0.0361,0.0097
41.2,28.27,0.1249,0.59,0.0476,0.0075
41.2,28.27,0.0973,0.56,0.0697,0.0344
41.2,28.27,0.067,0.52,0.075,0.0254
41.2,28.27,0.0378,0.41,0.1032,0.2367
41.2,28.27,0.028,0.38,0.0983,0.0938
41.2,28.3,0.0321,0.38,0.1059,0.0312
41.2,28.3,0.0517,0.45,0.0999,0.0498
41.2,28.3,0.0646,0.41,0.1079,0.0852
41.2,28.3,0.0909,0.45,0.1096,0.1114
41.2,28.3,0.1096,0.48,0.1087,0.0423
41.2,28.3,0.1397,0.58,0.0686,0.0329
41.2,28.3,0.1521,0.65,0.0361,0.0097
41.2,28.3,0.1249,0.59,0.0476,0.0075
41.2,28.3,0.0973,0.56,0.0697,0.0344
41.2,28.3,0.067,0.52,0.075,0.0254
41.2,28.3,0.0378,0.41,0.1032,0.2367
41.2,28.3,0.028,0.38,0.0983,0.0938
41.2,28.33,0.0321,0.38,0.1059,0.0312
41.2,28.33,0.0517,0.45,0.0999,0.0498
41.2,28.33,0.0646,0.41,0.1079,0.0852
41.2,28.33,0.0909,0.45,0.1096,0.1114
41.2,28.33,0.1096,0.48,0.1087,0.0423
41.2,28.33,0.1397,0.58,0.0686,0.0329
41.2,28.33,0.1521,0.65,0.0361,0.0097
41.2,28.33,0.1249,0.59,0.0476,0.0075
41.2,28.33,0.0973,0.56,0.0697,0.0344
41.2,28.33,0.067,0.52,0.075,0.0254
41.2,28.33,0.0378,0.41,0.1032,0.2367
41.2,28.33,0.028,0.38,0.0983,0.0938
41.2,28.36,0.0321,0.38,0.1059,0.0312
41.2,28.36,0.0517,0.45,0.0999,0.0498
41.2,28.36,0.0646,0.41,0.1079,0.0852
41.2,28.36,0.0909,0.45,0.1096,0.1114
41.2,28.36,0.1096,0.48,0.1087,0.0423
41.2,28.36,0.1397,0.58,0.0686,0.0329
41.2,28.36,0.1521,0.65,0.0361,0.0097
41.2,28.36,0.1249,0.59,0.0476,0.0075
41.2,28.36,0.0973,0.56,0.0697,0.0344
41.2,28.36,0.067,0.52,0.075,0.0254
41.2,28.36,0.0378,0.41,0.1032,0.2367
41.2,28.36,0.028,0.38,0.0983,0.0938
41.2,28.39,0.0321,0.38,0.1059,0.0312
41.2,28.39,0.0517,0.45,0.0999,0.0498
41.2,28.39,0.0646,0.41,0.1079,0.0852
41.2,28.39,0.0909,0.45,0.1096,0.1114
41.2,28.39,0.1096,0.48,0.1087,0.0423
41.2,28.39,0.1397,0.58,0.0686,0.0329
41.2,28.39,0.1521,0.65,0.0361,0.0097
41.2,28.39,0.1249,0.59,0.0476,0.0075
41.2,28.39,0.0973,0.56,0.0697,0.0344
41.2,28.39,0.067,0.52,0.075,0.0254
41.2,28.39,0.0378,0.41,0.1032,0.2367
41.2,28.39,0.028,0.38,0.0983,0.0938
41.2,28.42,0.0321,0.38,0.1059,0.0312
41.2,28.42,0.0517,0.45,0.0999,0.0498
41.2,28.42,0.0646,0.41,0.1079,0.0852
41.2,28.42,0.0909,0.45,0.1096,0.1114
41.2,28.42,0.1096,0.48,0.1087,0.0423
41.2,28.42,0.1397,0.58,0.0686,0.0329
41.2,28.42,0.1521,0.65,0.0361,0.0097
41.2,28.42,0.1249,0.59,0.0476,0.0075
41.2,28.42,0.0973,0.56,0.0697,0.0344
41.2,28.42,0.067,0.52,0.075,0.0254
41.2,28.42,0.0378,0.41,0.1032,0.2367
41.2,28.42,0.028,0.38,0.0983,0.0938
41.2,28.45,0.0321,0.38,0.1059,0.0258
41.2,28.45,0.0517,0.45,0.0999,0.0655
41.2,28.45,0.0646,0.41,0.1079,0.0892
41.2,28.45,0.0909,0.45,0.1096,0.1099
41.2,28.45,0.1096,0.48,0.1087,0.0444
41.2,28.45,0.1397,0.58,0.0686,0.0308
41.2,28.45,0.1521,0.65,0.0361,0.0118
41.2,28.45,0.1249,0.59,0.0476,0.0107
41.2,28.45,0.0973,0.56,0.0697,0.0254
41.2,28.45,0.067,0.52,0.075,0.0412
41.2,28.45,0.0378,0.41,0.1032,0.2281
41.2,28.45,0.028,0.38,0.0983,0.0824
41.2,28.48,0.0321,0.38,0.1059,0.0258
41.2,28.48,0.0517,0.45,0.0999,0.0655
41.2,28.48,0.0646,0.41,0.1079,0.0892
41.2,28.48,0.0909,0.45,0.1096,0.1099
41.2,28.48,0.1096,0.48,0.1087,0.0444
41.2,28.48,0.1397,0.58,0.0686,0.0308
41.2,28.48,0.1521,0.65,0.0361,0.0118
41.2,28.48,0.1249,0.59,0.0476,0.0107
41.2,28.48,0.0973,0.56,0.0697,0.0254
41.2,28.48,0.067,0.52,0.075,0.0412
41.2,28.48,0.0378,0.41,0.1032,0.2281
41.2,28.48,0.028,0.38,0.0983,0.0824
41.2,28.51,0.0321,0.38,0.1059,0.0258
41.2,28.51,0.0517,0.45,0.0999,0.0655
41.2,28.51,0.0646,0.41,0.1079,0.0892
41.2,28.51,0.0909,0.45,0.1096,0.1099
41.2,28.51,0.1096,0.48,0.1087,0.0444
41.2,28.51,0.1397,0.58,0.0686,0.0308
41.2,28.51,0.1521,0.65,0.0361,0.0118
41.2,28.51,0.1249,0.59,0.0476,0.0107
41.2,28.51,0.0973,0.56,0.0697,0.0254
41.2,28.51,0.067,0.52,0.075,0.0412
41.2,28.51,0.0378,0.41,0.1032,0.2281
41.2,28.51,0.028,0.38,0.0983,0.0824
41.2,28.54,0.0321,0.38,0.1059,0.0258
41.2,28.54,0.0517,0.45,0.0999,0.0655
41.2,28.54,0.0646,0.41,0.1079,0.0892
41.2,28.54,0.0909,0.45,0.1096,0.1099
41.2,28.54,0.1096,0.48,0.1087,0.0444
41.2,28.54,0.1397,0.58,0.0686,0.0308
41.2,28.54,0.1521,0.65,0.0361,0.0118
41.2,28.54,0.1249,0.59,0.0476,0.0107
41.2,28.54,0.0973,0.56,0.0697,0.0254
41.2,28.54,0.067,0.52,0.075,0.0412
41.2,28.54,0.0378,0.41,0.1032,0.2281
41.2,28.54,0.028,0.38,0.0983,0.0824
41.2,28.57,0.0321,0.38,0.1059,0.0258
41.2,28.57,0.0517,0.45,0.0999,0.0655
41.2,28.57,0.0646,0.41,0.1079,0.0892
41.2,28.57,0.0909,0.45,0.1096,0.1099
41.2,28.57,0.1096,0.48,0.1087,0.0444
41.2,28.57,0.1397,0.58,0.0686,0.0308
41.2,28.57,0.1521,0.65,0.0361,0.0118
41.2,28.57,0.1249,0.59,0.0476,0.0107
41.2,28.57,0.0973,0.56,0.0697,0.0254
41.2,28.57,0.067,0.52,0.075,0.0412
41.2,28.57,0.0378,0.41,0.1032,0.2281
41.2,28.57,0.028,0.38,0.0983,0.0824
41.2,28.6,0.0321,0.38,0.1059,0.0258
41.2,28.6,0.0517,0.45,0.0999,0.0655
41.2,28.6,0.0646,0.41,0.1079,0.0892
41.2,28.6,0.0909,0.45,0.1096,0.1099
41.2,28.6,0.1096,0.48,0.1087,0.0444
41.2,28.6,0.1397,0.58,0.0686,0.0308
41.2,28.6,0.1521,0.65,0.0361,0.0118
41.2,28.6,0.1249,0.59,0.0476,0.0107
41.2,28.6,0.0973,0.56,0.0697,0.0254
41.2,28.6,0.067,0.52,0.075,0.0412
41.2,28.6,0.0378,0.41,0.1032,0.2281
41.2,28.6,0.028,0.38,0.0983,0.0824
41.2,28.63,0.0321,0.38,0.1059,0.0258
41.2,28.63,0.0517,0.45,0.0999,0.0655
41.2,28.63,0.0646,0.41,0.1079,0.0892
41.2,28.63,0.0909,0.45,0.1096,0.1099
41.2,28.63,0.1096,0.48,0.1087,0.0444
41.2,28.63,0.1397,0.58,0.0686,0.0308
41.2,28.63,0.1521,0.65,0.0361,0.0118
41.2,28.63,0.1249,0.59,0.0476,0.0107
41.2,28.63,0.0973,0.56,0.0697,0.0254
41.2,28.63,0.067,0.52,0.075,0.0412
41.2,28.63,0.0378,0.41,0.1032,0.2281
41.2,28.63,0.028,0.38,0.0983,0.0824
41.2,28.66,0.0321,0.38,0.1059,0.0258
41.2,28.66,0.0517,0.45,0.0999,0.0655
41.2,28.66,0.0646,0.41,0.1079,0.0892
41.2,28.66,0.0909,0.45,0.1096,0.1099
41.2,28.66,0.1096,0.48,0.1087,0.0444
41.2,28.66,0.1397,0.58,0.0686,0.0308
41.2,28.66,0.1521,0.65,0.0361,0.0118
41.2,28.66,0.1249,0.59,0.0476,0.0107
41.2,28.66,0.0973,0.56,0.0697,0.0254
41.2,28.66,0.067,0.52,0.075,0.0412
41.2,28.66,0.0378,0.41,0.1032,0.2281
41.2,28.66,0.028,0.38,0.0983,0.0824
41.2,28.69,0.0321,0.38,0.1059,0.0258
41.2,28.69,0.0517,0.45,0.0999,0.0655
41.2,28.69,0.0646,0.41,0.1079,0.0892
41.2,28.69,0.0909,0.45,0.1096,0.1099
41.2,28.69,0.1096,0.48,0.1087,0.0444
41.2,28.69,0.1397,0.58,0.0686,0.0308
41.2,28.69,0.1521,0.65,0.0361,0.0118
41.2,28.69,0.1249,0.59,0.0476,0.0107
41.2,28.69,0.0973,0.56,0.0697,0.0254
41.2,28.69,0.067,0.52,0.075,0.0412
41.2,28.69,0.0378,0.41,0.1032,0.2281
41.2,28.69,0.028,0.38,0.0983,0.0824
41.2,28.72,0.0321,0.38,0.1059,0.0258
41.2,28.72,0.0517,0.45,0.0999,0.0655
41.2,28.72,0.0646,0.41,0.1079,0.0892
41.2,28.72,0.0909,0.45,0.1096,0.1099
41.2,28.72,0.1096,0.48,0.1087,0.0444
41.2,28.72,0.1397,0.58,0.0686,0.0308
41.2,28.72,0.1521,0.65,0.0361,0.0118
41.2,28.72,0.1249,0.59,0.0476,0.0107
41.2,28.72,0.0973,0.56,0.0697,0.0254
41.2,28.72,0.067,0.52,0.075,0.0412
41.2,28.72,0.0378,0.41,0.1032,0.2281
41.2,28.72,0.028,0.38,0.0983,0.0824
41.2,28.75,0.0321,0.38,0.1059,0.0258
41.2,28.75,0.0517,0.45,0.0999,0.0655
41.2,28.75,0.0646,0.41,0.1079,0.0892
41.2,28.75,0.0909,0.45,0.1096,0.1099
41.2,28.75,0.1096,0.48,0.1087,0.0444
41.2,28.75,0.1397,0.58,0.0686,0.0308
41.2,28.75,0.1521,0.65,0.0361,0.0118
41.2,28.75,0.1249,0.59,0.0476,0.0107
41.2,28.75,0.0973,0.56,0.0697,0.0254
41.2,28.75,0.067,0.52,0.075,0.0412
41.2,28.75,0.0378,0.41,0.1032,0.2281
41.2,28.75,0.028,0.38,0.0983,0.0824
41.2,28.78,0.0321,0.38,0.1059,0.0258
41.2,28.78,0.0517,0.45,0.0999,0.0655
41.2,28.78,0.0646,0.41,0.1079,0.0892
41.2,28.78,0.0909,0.45,0.1096,0.1099
41.2,28.78,0.1096,0.48,0.1087,0.0444
41.2,28.78,0.1397,0.58,0.0686,0.0308
41.2,28.78,0.1521,0.65,0.0361,0.0118
41.2,28.78,0.1249,0.59,0.0476,0.0107
41.2,28.78,0.0973,0.56,0.0697,0.0254
41.2,28.78,0.067,0.52,0.075,0.0412
41.2,28.78,0.0378,0.41,0.1032,0.2281
41.2,28.78,0.028,0.38,0.0983,0.0824
41.2,28.81,0.0321,0.38,0.1059,0.0258
41.2,28.81,0.0517,0.45,0.0999,0.0655
41.2,28.81,0.0646,0.41,0.1079,0.0892
41.2,28.81,0.0909,0.45,0.1096,0.1099
41.2,28.81,0.1096,0.48,0.1087,0.0444
41.2,28.81,0.1397,0.58,0.0686,0.0308
41.2,28.81,0.1521,0.65,0.0361,0.0118
41.2,28.81,0.1249,0.59,0.0476,0.0107
41.2,28.81,0.0973,0.56,0.0697,0.0254
41.2,28.81,0.067,0.52,0.075,0.0412
41.2,28.81,0.0378,0.41,0.1032,0.2281
41.2,28.81,0.028,0.38,0.0983,0.0824
41.2,28.84,0.0321,0.38,0.1059,0.0258
41.2,28.84,0.0517,0.45,0.0999,0.0655
41.2,28.84,0.0646,0.41,0.1079,0.0892
41.2,28.84,0.0909,0.45,0.1096,0.1099
41.2,28.84,0.1096,0.48,0.1087,0.0444
41.2,28.84,0.1397,0.58,0.0686,0.0308
41.2,28.84,0.1521,0.65,0.0361,0.0118
41.2,28.84,0.1249,0.59,0.0476,0.0107
41.2,28.84,0.0973,0.56,0.0697,0.0254
41.2,28.84,0.067,0.52,0.075,0.0412
41.2,28.84,0.0378,0.41,0.1032,0.2281
41.2,28.84,0.028,0.38,0.0983,0.0824
41.2,28.87,0.0321,0.38,0.1059,0.0258
41.2,28.87,0.0517,0.45,0.0999,0.0655
41.2,28.87,0.0646,0.41,0.1079,0.0892
41.2,28.87,0.0909,0.45,0.1096,0.1099
41.2,28.87,0.1096,0.48,0.1087,0.0444
41.2,28.87,0.1397,0.58,0.0686,0.0308
41.2,28.87,0.1521,0.65,0.0361,0.0118
41.2,28.87,0.1249,0.59,0.0476,0.0107
41.2,28.87,0.0973,0.56,0.0697,0.0254
41.2,28.87,0.067,0.52,0.075,0.0412
41.2,28.87,0.0378,0.41,0.1032,0.2281
41.2,28.87,0.028,0.38,0.0983,0.0824
41.2,28.9,0.0321,0.38,0.1059,0.0258
41.2,28.9,0.0517,0.45,0.0999,0.0655
41.2,28.9,0.0646,0.41,0.1079,0.0892
41.2,28.9,0.0909,0.45,0.1096,0.1099
41.2,28.9,0.1096,0.48,0.1087,0.0444
41.2,28.9,0.1397,0.58,0.0686,0.0308
41.2,28.9,0.1521,0.65,0.0361,0.0118
41.2,28.9,0.1249,0.59,0.0476,0.0107
41.2,28.9,0.0973,0.56,0.0697,0.0254
41.2,28.9,0.067,0.52,0.075,0.0412
41.2,28.9,0.0378,0.41,0.1032,0.2281
41.2,28.9,0.028,0.38,0.0983,0.0824
41.2,28.93,0.0321,0.38,0.1059,0.0258
41.2,28.93,0.0517,0.45,0.0999,0.0655
41.2,28.93,0.0646,0.41,0.1079,0.0892
41.2,28.93,0.0909,0.45,0.1096,0.1099
41.2,28.93,0.1096,0.48,0.1087,0.0444
41.2,28.93,0.1397,0.58,0.0686,0.0308
41.2,28.93,0.1521,0.65,0.0361,0.0118
41.2,28.93,0.1249,0.59,0.0476,0.0107
41.2,28.93,0.0973,0.56,0.0697,0.0254
41.2,28.93,0.067,0.52,0.075,0.0412
41.2,28.93,0.0378,0.41,0.1032,0.2281
41.2,28.93,0.028,0.38,0.0983,0.0824
41.2,28.96,0.0321,0.38,0.1059,0.0258
41.2,28.96,0.0517,0.45,0.0999,0.0655
41.2,28.96,0.0646,0.41,0.1079,0.0892
41.2,28.96,0.0909,0.45,0.1096,0.1099
41.2,28.96,0.1096,0.48,0.1087,0.0444
41.2,28.96,0.1397,0.58,0.0686,0.0308
41.2,28.96,0.1521,0.65,0.0361,0.0118
41.2,28.96,0.1249,0.59,0.0476,0.0107
41.2,28.96,0.0973,0.56,0.0697,0.0254
41.2,28.96,0.067,0.52,0.075,0.0412
41.2,28.96,0.0378,0.41,0.1032,0.2281
41.2,28.96,0.028,0.38,0.0983,0.0824
41.2,28.99,0.0321,0.38,0.1059,0.0258
41.2,28.99,0.0517,0.45,0.0999,0.0655
41.2,28.99,0.0646,0.41,0.1079,0.0892
41.2,28.99,0.0909,0.45,0.1096,0.1099
41.2,28.99,0.1096,0.48,0.1087,0.0444
41.2,28.99,0.1397,0.58,0.0686,0.0308
41.2,28.99,0.1521,0.65,0.0361,0.0118
41.2,28.99,0.1249,0.59,0.0476,0.0107
41.2,28.99,0.0973,0.56,0.0697,0.0254
41.2,28.99,0.067,0.52,0.075,0.0412
41.2,28.99,0.0378,0.41,0.1032,0.2281
41.2,28.99,0.028,0.38,0.0983,0.0824
41.2,29.02,0.0318,0.38,0.1172,0.0258
41.2,29.02,0.0504,0.44,0.1148,0.0655
41.2,29.02,0.0606,0.38,0.1232,0.0892
41.2,29.02,0.0895,0.45,0.1175,0.1099
41.2,29.02,0.1095,0.48,0.115,0.0444
41.2,29.02,0.1392,0.57,0.0768,0.0308
41.2,29.02,0.1488,0.63,0.0435,0.0118
41.2,29.02,0.1279,0.61,0.0503,0.0107
41.2,29.02,0.1032,0.6,0.0847,0.0254
41.2,29.02,0.0669,0.52,0.096,0.0412
41.2,29.02,0.0382,0.42,0.1183,0.2281
41.2,29.02,0.0287,0.38,0.1089,0.0824
41.2,29.05,0.0318,0.38,0.1172,0.0258
41.2,29.05,0.0504,0.44,0.1148,0.0655
41.2,29.05,0.0606,0.38,0.1232,0.0892
41.2,29.05,0.0895,0.45,0.1175,0.1099
41.2,29.05,0.1095,0.48,0.115,0.0444
41.2,29.05,0.1392,0.57,0.0768,0.0308
41.2,29.05,0.1488,0.63,0.0435,0.0118
41.2,29.05,0.1279,0.61,0.0503,0.0107
41.2,29.05,0.1032,0.6,0.0847,0.0254
41.2,29.05,0.0669,0.52,0.096,0.0412
41.2,29.05,0.0382,0.42,0.1183,0.2281
41.2,29.05,0.0287,0.38,0.1089,0.0824
41.2,29.08,0.0318,0.38,0.1172,0.0258
41.2,29.08,0.0504,0.44,0.1148,0.0906
41.2,29.08,0.0606,0.38,0.1232,0.1031
41.2,29.08,0.0895,0.45,0.1175,0.1085
41.2,29.08,0.1095,0.48,0.115,0.0483
41.2,29.08,0.1392,0.57,0.0768,0.0559
41.2,29.08,0.1488,0.63,0.0435,0.0283
41.2,29.08,0.1279,0.61,0.0503,0.0183
41.2,29.08,0.1032,0.6,0.0847,0.0319
41.2,29.08,0.0669,0.52,0.096,0.0655
41.2,29.08,0.0382,0.42,0.1183,0.2496
41.2,29.08,0.0287,0.38,0.1089,0.0877
41.2,29.14,0.0318,0.38,0.1172,0.0258
41.2,29.14,0.0504,0.44,0.1148,0.0906
41.2,29.14,0.0606,0.38,0.1232,0.1031
41.2,29.14,0.0895,0.45,0.1175,0.1085
41.2,29.14,0.1095,0.48,0.115,0.0483
41.2,29.14,0.1392,0.57,0.0768,0.0559
41.2,29.14,0.1488,0.63,0.0435,0.0283
41.2,29.14,0.1279,0.61,0.0503,0.0183
41.2,29.14,0.1032,0.6,0.0847,0.0319
41.2,29.14,0.0669,0.52,0.096,0.0655
41.2,29.14,0.0382,0.42,0.1183,0.2496
41.2,29.14,0.0287,0.38,0.1089,0.0877
41.2,29.17,0.0318,0.38,0.1172,0.0258
41.2,29.17,0.0504,0.44,0.1148,0.0906
41.2,29.17,0.0606,0.38,0.1232,0.1031
41.2,29.17,0.0895,0.45,0.1175,0.1085
41.2,29.17,0.1095,0.48,0.115,0.0483
41.2,29.17,0.1392,0.57,0.0768,0.0559
41.2,29.17,0.1488,0.63,0.0435,0.0283
41.2,29.17,0.1279,0.61,0.0503,0.0183
41.2,29.17,0.1032,0.6,0.0847,0.0319
41.2,29.17,0.0669,0.52,0.096,0.0655
41.2,29.17,0.0382,0.42,0.1183,0.2496
41.2,29.17,0.0287,0.38,0.1089,0.0877
41.2,29.2,0.0318,0.38,0.1172,0.0258
41.2,29.2,0.0504,0.44,0.1148,0.0906
41.2,29.2,0.0606,0.38,0.1232,0.1031
41.2,29.2,0.0895,0.45,0.1175,0.1085
41.2,29.2,0.1095,0.48,0.115,0.0483
41.2,29.2,0.1392,0.57,0.0768,0.0559
41.2,29.2,0.1488,0.63,0.0435,0.0283
41.2,29.2,0.1279,0.61,0.0503,0.0183
41.2,29.2,0.1032,0.6,0.0847,0.0319
41.2,29.2,0.0669,0.52,0.096,0.0655
41.2,29.2,0.0382,0.42,0.1183,0.2496
41.2,29.2,0.0287,0.38,0.1089,0.0877
41.2,29.23,0.0318,0.38,0.1172,0.0258
41.2,29.23,0.0504,0.44,0.1148,0.0906
41.2,29.23,0.0606,0.38,0.1232,0.1031
41.2,29.23,0.0895,0.45,0.1175,0.1085
41.2,29.23,0.1095,0.48,0.115,0.0483
41.2,29.23,0.1392,0.57,0.0768,0.0559
41.2,29.23,0.1488,0.63,0.0435,0.0283
41.2,29.23,0.1279,0.61,0.0503,0.0183
41.2,29.23,0.1032,0.6,0.0847,0.0319
41.2,29.23,0.0669,0.52,0.096,0.0655
41.2,29.23,0.0382,0.42,0.1183,0.2496
41.2,29.23,0.0287,0.38,0.1089,0.0877
41.2,29.26,0.0318,0.38,0.1172,0.0258
41.2,29.26,0.0504,0.44,0.1148,0.0906
41.2,29.26,0.0606,0.38,0.1232,0.1031
41.2,29.26,0.0895,0.45,0.1175,0.1085
41.2,29.26,0.1095,0.48,0.115,0.0483
41.2,29.26,0.1392,0.57,0.0768,0.0559
41.2,29.26,0.1488,0.63,0.0435,0.0283
41.2,29.26,0.1279,0.61,0.0503,0.0183
41.2,29.26,0.1032,0.6,0.0847,0.0319
41.2,29.26,0.0669,0.52,0.096,0.0655
41.2,29.26,0.0382,0.42,0.1183,0.2496
41.2,29.26,0.0287,0.38,0.1089,0.0877
41.2,29.29,0.0318,0.38,0.1172,0.0258
41.2,29.29,0.0504,0.44,0.1148,0.0906
41.2,29.29,0.0606,0.38,0.1232,0.1031
41.2,29.29,0.0895,0.45,0.1175,0.1085
41.2,29.29,0.1095,0.48,0.115,0.0483
41.2,29.29,0.1392,0.57,0.0768,0.0559
41.2,29.29,0.1488,0.63,0.0435,0.0283
41.2,29.29,0.1279,0.61,0.0503,0.0183
41.2,29.29,0.1032,0.6,0.0847,0.0319
41.2,29.29,0.0669,0.52,0.096,0.0655
41.2,29.29,0.0382,0.42,0.1183,0.2496
41.2,29.29,0.0287,0.38,0.1089,0.0877
41.2,29.32,0.0318,0.38,0.1172,0.0258
41.2,29.32,0.0504,0.44,0.1148,0.0906
41.2,29.32,0.0606,0.38,0.1232,0.1031
41.2,29.32,0.0895,0.45,0.1175,0.1085
41.2,29.32,0.1095,0.48,0.115,0.0483
41.2,29.32,0.1392,0.57,0.0768,0.0559
41.2,29.32,0.1488,0.63,0.0435,0.0283
41.2,29.32,0.1279,0.61,0.0503,0.0183
41.2,29.32,0.1032,0.6,0.0847,0.0319
41.2,29.32,0.0669,0.52,0.096,0.0655
41.2,29.32,0.0382,0.42,0.1183,0.2496
41.2,29.32,0.0287,0.38,0.1089,0.0877
41.2,29.35,0.0318,0.38,0.1172,0.0258
41.2,29.35,0.0504,0.44,0.1148,0.0906
41.2,29.35,0.0606,0.38,0.1232,0.1031
41.2,29.35,0.0895,0.45,0.1175,0.1085
41.2,29.35,0.1095,0.48,0.115,0.0483
41.2,29.35,0.1392,0.57,0.0768,0.0559
41.2,29.35,0.1488,0.63,0.0435,0.0283
41.2,29.35,0.1279,0.61,0.0503,0.0183
41.2,29.35,0.1032,0.6,0.0847,0.0319
41.2,29.35,0.0669,0.52,0.096,0.0655
41.2,29.35,0.0382,0.42,0.1183,0.2496
41.2,29.35,0.0287,0.38,0.1089,0.0877
41.2,29.38,0.0318,0.38,0.1172,0.0258
41.2,29.38,0.0504,0.44,0.1148,0.0906
41.2,29.38,0.0606,0.38,0.1232,0.1031
41.2,29.38,0.0895,0.45,0.1175,0.1085
41.2,29.38,0.1095,0.48,0.115,0.0483
41.2,29.38,0.1392,0.57,0.0768,0.0559
41.2,29.38,0.1488,0.63,0.0435,0.0283
41.2,29.38,0.1279,0.61,0.0503,0.0183
41.2,29.38,0.1032,0.6,0.0847,0.0319
41.2,29.38,0.0669,0.52,0.096,0.0655
41.2,29.38,0.0382,0.42,0.1183,0.2496
41.2,29.38,0.0287,0.38,0.1089,0.0877
41.2,29.41,0.0318,0.38,0.1172,0.0258
41.2,29.41,0.0504,0.44,0.1148,0.0906
41.2,29.41,0.0606,0.38,0.1232,0.1031
41.2,29.41,0.0895,0.45,0.1175,0.1085
41.2,29.41,0.1095,0.48,0.115,0.0483
41.2,29.41,0.1392,0.57,0.0768,0.0559
41.2,29.41,0.1488,0.63,0.0435,0.0283
41.2,29.41,0.1279,0.61,0.0503,0.0183
41.2,29.41,0.1032,0.6,0.0847,0.0319
41.2,29.41,0.0669,0.52,0.096,0.0655
41.2,29.41,0.0382,0.42,0.1183,0.2496
41.2,29.41,0.0287,0.38,0.1089,0.0877
41.22,28.0,0.0321,0.38,0.1059,0.0312
41.22,28.0,0.0517,0.45,0.0999,0.0498
41.22,28.0,0.0646,0.41,0.1079,0.0852
41.22,28.0,0.0909,0.45,0.1096,0.1114
41.22,28.0,0.1096,0.48,0.1087,0.0423
41.22,28.0,0.1397,0.58,0.0686,0.0329
41.22,28.0,0.1521,0.65,0.0361,0.0097
41.22,28.0,0.1249,0.59,0.0476,0.0075
41.22,28.0,0.0973,0.56,0.0697,0.0344
41.22,28.0,0.067,0.52,0.075,0.0254
41.22,28.0,0.0378,0.41,0.1032,0.2367
41.22,28.0,0.028,0.38,0.0983,0.0938
41.22,28.03,0.0321,0.38,0.1059,0.0312
41.22,28.03,0.0517,0.45,0.0999,0.0498
41.22,28.03,0.0646,0.41,0.1079,0.0852
41.22,28.03,0.0909,0.45,0.1096,0.1114
41.22,28.03,0.1096,0.48,0.1087,0.0423
41.22,28.03,0.1397,0.58,0.0686,0.0329
41.22,28.03,0.1521,0.65,0.0361,0.0097
41.22,28.03,0.1249,0.59,0.0476,0.0075
41.22,28.03,0.0973,0.56,0.0697,0.0344
41.22,28.03,0.067,0.52,0.075,0.0254
41.22,28.03,0.0378,0.41,0.1032,0.2367
41.22,28.03,0.028,0.38,0.0983,0.0938
41.22,28.06,0.0321,0.38,0.1059,0.0312
41.22,28.06,0.0517,0.45,0.0999,0.0498
41.22,28.06,0.0646,0.41,0.1079,0.0852
41.22,28.06,0.0909,0.45,0.1096,0.1114
41.22,28.06,0.1096,0.48,0.1087,0.0423
41.22,28.06,0.1397,0.58,0.0686,0.0329
41.22,28.06,0.1521,0.65,0.0361,0.0097
41.22,28.06,0.1249,0.59,0.0476,0.0075
41.22,28.06,0.0973,0.56,0.0697,0.0344
41.22,28.06,0.067,0.52,0.075,0.0254
41.22,28.06,0.0378,0.41,0.1032,0.2367
41.22,28.06,0.028,0.38,0.0983,0.0938
41.22,28.09,0.0321,0.38,0.1059,0.0312
41.22,28.09,0.0517,0.45,0.0999,0.0498
41.22,28.09,0.0646,0.41,0.1079,0.0852
41.22,28.09,0.0909,0.45,0.1096,0.1114
41.22,28.09,0.1096,0.48,0.1087,0.0423
41.22,28.09,0.1397,0.58,0.0686,0.0329
41.22,28.09,0.1521,0.65,0.0361,0.0097
41.22,28.09,0.1249,0.59,0.0476,0.0075
41.22,28.09,0.0973,0.56,0.0697,0.0344
41.22,28.09,0.067,0.52,0.075,0.0254
41.22,28.09,0.0378,0.41,0.1032,0.2367
41.22,28.09,0.028,0.38,0.0983,0.0938
41.22,28.12,0.0321,0.38,0.1059,0.0312
41.22,28.12,0.0517,0.45,0.0999,0.0498
41.22,28.12,0.0646,0.41,0.1079,0.0852
41.22,28.12,0.0909,0.45,0.1096,0.1114
41.22,28.12,0.1096,0.48,0.1087,0.0423
41.22,28.12,0.1397,0.58,0.0686,0.0329
41.22,28.12,0.1521,0.65,0.0361,0.0097
41.22,28.12,0.1249,0.59,0.0476,0.0075
41.22,28.12,0.0973,0.56,0.0697,0.0344
41.22,28.12,0.067,0.52,0.075,0.0254
41.22,28.12,0.0378,0.41,0.1032,0.2367
41.22,28.12,0.028,0.38,0.0983,0.0938
41.22,28.15,0.0321,0.38,0.1059,0.0312
41.22,28.15,0.0517,0.45,0.0999,0.0498
41.22,28.15,0.0646,0.41,0.1079,0.0852
41.22,28.15,0.0909,0.45,0.1096,0.1114
41.22,28.15,0.1096,0.48,0.1087,0.0423
41.22,28.15,0.1397,0.58,0.0686,0.0329
41.22,28.15,0.1521,0.65,0.0361,0.0097
41.22,28.15,0.1249,0.59,0.0476,0.0075
41.22,28.15,0.0973,0.56,0.0697,0.0344
41.22,28.15,0.067,0.52,0.075,0.0254
41.22,28.15,0.0378,0.41,0.1032,0.2367
41.22,28.15,0.028,0.38,0.0983,0.0938
41.22,28.18,0.0321,0.38,0.1059,0.0312
41.22,28.18,0.0517,0.45,0.0999,0.0498
41.22,28.18,0.0646,0.41,0.1079,0.0852
41.22,28.18,0.0909,0.45,0.1096,0.1114
41.22,28.18,0.1096,0.48,0.1087,0.0423
41.22,28.18,0.1397,0.58,0.0686,0.0329
41.22,28.18,0.1521,0.65,0.0361,0.0097
41.22,28.18,0.1249,0.59,0.0476,0.0075
41.22,28.18,0.0973,0.56,0.0697,0.0344
41.22,28.18,0.067,0.52,0.075,0.0254
41.22,28.18,0.0378,0.41,0.1032,0.2367
41.22,28.18,0.028,0.38,0.0983,0.0938
41.22,28.21,0.0321,0.38,0.1059,0.0312
41.22,28.21,0.0517,0.45,0.0999,0.0498
41.22,28.21,0.0646,0.41,0.1079,0.0852
41.22,28.21,0.0909,0.45,0.1096,0.1114
41.22,28.21,0.1096,0.48,0.1087,0.0423
41.22,28.21,0.1397,0.58,0.0686,0.0329
41.22,28.21,0.1521,0.65,0.0361,0.0097
41.22,28.21,0.1249,0.59,0.0476,0.0075
41.22,28.21,0.0973,0.56,0.0697,0.0344
41.22,28.21,0.067,0.52,0.075,0.0254
41.22,28.21,0.0378,0.41,0.1032,0.2367
41.22,28.21,0.028,0.38,0.0983,0.0938
41.22,28.24,0.0321,0.38,0.1059,0.0312
41.22,28.24,0.0517,0.45,0.0999,0.0498
41.22,28.24,0.0646,0.41,0.1079,0.0852
41.22,28.24,0.0909,0.45,0.1096,0.1114
41.22,28.24,0.1096,0.48,0.1087,0.0423
41.22,28.24,0.1397,0.58,0.0686,0.0329
41.22,28.24,0.1521,0.65,0.0361,0.0097
41.22,28.24,0.1249,0.59,0.0476,0.0075
41.22,28.24,0.0973,0.56,0.0697,0.0344
41.22,28.24,0.067,0.52,0.075,0.0254
41.22,28.24,0.0378,0.41,0.1032,0.2367
41.22,28.24,0.028,0.38,0.0983,0.0938
41.22,28.27,0.0321,0.38,0.1059,0.0312
41.22,28.27,0.0517,0.45,0.0999,0.0498
41.22,28.27,0.0646,0.41,0.1079,0.0852
41.22,28.27,0.0909,0.45,0.1096,0.1114
41.22,28.27,0.1096,0.48,0.1087,0.0423
41.22,28.27,0.1397,0.58,0.0686,0.0329
41.22,28.27,0.1521,0.65,0.0361,0.0097
41.22,28.27,0.1249,0.59,0.0476,0.0075
41.22,28.27,0.0973,0.56,0.0697,0.0344
41.22,28.27,0.067,0.52,0.075,0.0254
41.22,28.27,0.0378,0.41,0.1032,0.2367
41.22,28.27,0.028,0.38,0.0983,0.0938
41.22,28.3,0.0321,0.38,0.1059,0.0312
41.22,28.3,0.0517,0.45,0.0999,0.0498
41.22,28.3,0.0646,0.41,0.1079,0.0852
41.22,28.3,0.0909,0.45,0.1096,0.1114
41.22,28.3,0.1096,0.48,0.1087,0.0423
41.22,28.3,0.1397,0.58,0.0686,0.0329
41.22,28.3,0.1521,0.65,0.0361,0.0097
41.22,28.3,0.1249,0.59,0.0476,0.0075
41.22,28.3,0.0973,0.56,0.0697,0.0344
41.22,28.3,0.067,0.52,0.075,0.0254
41.22,28.3,0.0378,0.41,0.1032,0.2367
41.22,28.3,0.028,0.38,0.0983,0.0938
41.22,28.33,0.0321,0.38,0.1059,0.0312
41.22,28.33,0.0517,0.45,0.0999,0.0498
41.22,28.33,0.0646,0.41,0.1079,0.0852
41.22,28.33,0.0909,0.45,0.1096,0.1114
41.22,28.33,0.1096,0.48,0.1087,0.0423
41.22,28.33,0.1397,0.58,0.0686,0.0329
41.22,28.33,0.1521,0.65,0.0361,0.0097
41.22,28.33,0.1249,0.59,0.0476,0.0075
41.22,28.33,0.0973,0.56,0.0697,0.0344
41.22,28.33,0.067,0.52,0.075,0.0254
41.22,28.33,0.0378,0.41,0.1032,0.2367
41.22,28.33,0.028,0.38,0.0983,0.0938
41.22,28.36,0.0321,0.38,0.1059,0.0312
41.22,28.36,0.0517,0.45,0.0999,0.0498
41.22,28.36,0.0646,0.41,0.1079,0.0852
41.22,28.36,0.0909,0.45,0.1096,0.1114
41.22,28.36,0.1096,0.48,0.1087,0.0423
41.22,28.36,0.1397,0.58,0.0686,0.0329
41.22,28.36,0.1521,0.65,0.0361,0.0097
41.22,28.36,0.1249,0.59,0.0476,0.0075
41.22,28.36,0.0973,0.56,0.0697,0.0344
41.22,28.36,0.067,0.52,0.075,0.0254
41.22,28.36,0.0378,0.41,0.1032,0.2367
41.22,28.36,0.028,0.38,0.0983,0.0938
41.22,28.39,0.0321,0.38,0.1059,0.0312
41.22,28.39,0.0517,0.45,0.0999,0.0498
41.22,28.39,0.0646,0.41,0.1079,0.0852
41.22,28.39,0.0909,0.45,0.1096,0.1114
41.22,28.39,0.1096,0.48,0.1087,0.0423
41.22,28.39,0.1397,0.58,0.0686,0.0329
41.22,28.39,0.1521,0.65,0.0361,0.0097
41.22,28.39,0.1249,0.59,0.0476,0.0075
41.22,28.39,0.0973,0.56,0.0697,0.0344
41.22,28.39,0.067,0.52,0.075,0.0254
41.22,28.39,0.0378,0.41,0.1032,0.2367
41.22,28.39,0.028,0.38,0.0983,0.0938
41.22,28.42,0.0321,0.38,0.1059,0.0312
41.22,28.42,0.0517,0.45,0.0999,0.0498
41.22,28.42,0.0646,0.41,0.1079,0.0852
41.22,28.42,0.0909,0.45,0.1096,0.1114
41.22,28.42,0.1096,0.48,0.1087,0.0423
41.22,28.42,0.1397,0.58,0.0686,0.0329
41.22,28.42,0.1521,0.65,0.0361,0.0097
41.22,28.42,0.1249,0.59,0.0476,0.0075
41.22,28.42,0.0973,0.56,0.0697,0.0344
41.22,28.42,0.067,0.52,0.075,0.0254
41.22,28.42,0.0378,0.41,0.1032,0.2367
41.22,28.42,0.028,0.38,0.0983,0.0938
41.22,28.45,0.0321,0.38,0.1059,0.0258
41.22,28.45,0.0517,0.45,0.0999,0.0655
41.22,28.45,0.0646,0.41,0.1079,0.0892
41.22,28.45,0.0909,0.45,0.1096,0.1099
41.22,28.45,0.1096,0.48,0.1087,0.0444
41.22,28.45,0.1397,0.58,0.0686,0.0308
41.22,28.45,0.1521,0.65,0.0361,0.0118
41.22,28.45,0.1249,0.59,0.0476,0.0107
41.22,28.45,0.0973,0.56,0.0697,0.0254
41.22,28.45,0.067,0.52,0.075,0.0412
41.22,28.45,0.0378,0.41,0.1032,0.2281
41.22,28.45,0.028,0.38,0.0983,0.0824
41.22,28.48,0.0321,0.38,0.1059,0.0258
41.22,28.48,0.0517,0.45,0.0999,0.0655
41.22,28.48,0.0646,0.41,0.1079,0.0892
41.22,28.48,0.0909,0.45,0.1096,0.1099
41.22,28.48,0.1096,0.48,0.1087,0.0444
41.22,28.48,0.1397,0.58,0.0686,0.0308
41.22,28.48,0.1521,0.65,0.0361,0.0118
41.22,28.48,0.1249,0.59,0.0476,0.0107
41.22,28.48,0.0973,0.56,0.0697,0.0254
41.22,28.48,0.067,0.52,0.075,0.0412
41.22,28.48,0.0378,0.41,0.1032,0.2281
41.22,28.48,0.028,0.38,0.0983,0.0824
41.22,28.51,0.0321,0.38,0.1059,0.0258
41.22,28.51,0.0517,0.45,0.0999,0.0655
41.22,28.51,0.0646,0.41,0.1079,0.0892
41.22,28.51,0.0909,0.45,0.1096,0.1099
41.22,28.51,0.1096,0.48,0.1087,0.0444
41.22,28.51,0.1397,0.58,0.0686,0.0308
41.22,28.51,0.1521,0.65,0.0361,0.0118
41.22,28.51,0.1249,0.59,0.0476,0.0107
41.22,28.51,0.0973,0.56,0.0697,0.0254
41.22,28.51,0.067,0.52,0.075,0.0412
41.22,28.51,0.0378,0.41,0.1032,0.2281
41.22,28.51,0.028,0.38,0.0983,0.0824
41.22,28.54,0.0321,0.38,0.1059,0.0258
41.22,28.54,0.0517,0.45,0.0999,0.0655
41.22,28.54,0.0646,0.41,0.1079,0.0892
41.22,28.54,0.0909,0.45,0.1096,0.1099
41.22,28.54,0.1096,0.48,0.1087,0.0444
41.22,28.54,0.1397,0.58,0.0686,0.0308
41.22,28.54,0.1521,0.65,0.0361,0.0118
41.22,28.54,0.1249,0.59,0.0476,0.0107
41.22,28.54,0.0973,0.56,0.0697,0.0254
41.22,28.54,0.067,0.52,0.075,0.0412
41.22,28.54,0.0378,0.41,0.1032,0.2281
41.22,28.54,0.028,0.38,0.0983,0.0824
41.22,28.57,0.0321,0.38,0.1059,0.0258
41.22,28.57,0.0517,0.45,0.0999,0.0655
41.22,28.57,0.0646,0.41,0.1079,0.0892
41.22,28.57,0.0909,0.45,0.1096,0.1099
41.22,28.57,0.1096,0.48,0.1087,0.0444
41.22,28.57,0.1397,0.58,0.0686,0.0308
41.22,28.57,0.1521,0.65,0.0361,0.0118
41.22,28.57,0.1249,0.59,0.0476,0.0107
41.22,28.57,0.0973,0.56,0.0697,0.0254
41.22,28.57,0.067,0.52,0.075,0.0412
41.22,28.57,0.0378,0.41,0.1032,0.2281
41.22,28.57,0.028,0.38,0.0983,0.0824
41.22,28.6,0.0321,0.38,0.1059,0.0258
41.22,28.6,0.0517,0.45,0.0999,0.0655
41.22,28.6,0.0646,0.41,0.1079,0.0892
41.22,28.6,0.0909,0.45,0.1096,0.1099
41.22,28.6,0.1096,0.48,0.1087,0.0444
41.22,28.6,0.1397,0.58,0.0686,0.0308
41.22,28.6,0.1521,0.65,0.0361,0.0118
41.22,28.6,0.1249,0.59,0.0476,0.0107
41.22,28.6,0.0973,0.56,0.0697,0.0254
41.22,28.6,0.067,0.52,0.075,0.0412
41.22,28.6,0.0378,0.41,0.1032,0.2281
41.22,28.6,0.028,0.38,0.0983,0.0824
41.22,28.63,0.0321,0.38,0.1059,0.0258
41.22,28.63,0.0517,0.45,0.0999,0.0655
41.22,28.63,0.0646,0.41,0.1079,0.0892
41.22,28.63,0.0909,0.45,0.1096,0.1099
41.22,28.63,0.1096,0.48,0.1087,0.0444
41.22,28.63,0.1397,0.58,0.0686,0.0308
41.22,28.63,0.1521,0.65,0.0361,0.0118
41.22,28.63,0.1249,0.59,0.0476,0.0107
41.22,28.63,0.0973,0.56,0.0697,0.0254
41.22,28.63,0.067,0.52,0.075,0.0412
41.22,28.63,0.0378,0.41,0.1032,0.2281
41.22,28.63,0.028,0.38,0.0983,0.0824
41.22,28.66,0.0321,0.38,0.1059,0.0258
41.22,28.66,0.0517,0.45,0.0999,0.0655
41.22,28.66,0.0646,0.41,0.1079,0.0892
41.22,28.66,0.0909,0.45,0.1096,0.1099
41.22,28.66,0.1096,0.48,0.1087,0.0444
41.22,28.66,0.1397,0.58,0.0686,0.0308
41.22,28.66,0.1521,0.65,0.0361,0.0118
41.22,28.66,0.1249,0.59,0.0476,0.0107
41.22,28.66,0.0973,0.56,0.0697,0.0254
41.22,28.66,0.067,0.52,0.075,0.0412
41.22,28.66,0.0378,0.41,0.1032,0.2281
41.22,28.66,0.028,0.38,0.0983,0.0824
41.22,28.69,0.0321,0.38,0.1059,0.0258
41.22,28.69,0.0517,0.45,0.0999,0.0655
41.22,28.69,0.0646,0.41,0.1079,0.0892
41.22,28.69,0.0909,0.45,0.1096,0.1099
41.22,28.69,0.1096,0.48,0.1087,0.0444
41.22,28.69,0.1397,0.58,0.0686,0.0308
41.22,28.69,0.1521,0.65,0.0361,0.0118
41.22,28.69,0.1249,0.59,0.0476,0.0107
41.22,28.69,0.0973,0.56,0.0697,0.0254
41.22,28.69,0.067,0.52,0.075,0.0412
41.22,28.69,0.0378,0.41,0.1032,0.2281
41.22,28.69,0.028,0.38,0.0983,0.0824
41.22,28.72,0.0321,0.38,0.1059,0.0258
41.22,28.72,0.0517,0.45,0.0999,0.0655
41.22,28.72,0.0646,0.41,0.1079,0.0892
41.22,28.72,0.0909,0.45,0.1096,0.1099
41.22,28.72,0.1096,0.48,0.1087,0.0444
41.22,28.72,0.1397,0.58,0.0686,0.0308
41.22,28.72,0.1521,0.65,0.0361,0.0118
41.22,28.72,0.1249,0.59,0.0476,0.0107
41.22,28.72,0.0973,0.56,0.0697,0.0254
41.22,28.72,0.067,0.52,0.075,0.0412
41.22,28.72,0.0378,0.41,0.1032,0.2281
41.22,28.72,0.028,0.38,0.0983,0.0824
41.22,28.75,0.0321,0.38,0.1059,0.0258
41.22,28.75,0.0517,0.45,0.0999,0.0655
41.22,28.75,0.0646,0.41,0.1079,0.0892
41.22,28.75,0.0909,0.45,0.1096,0.1099
41.22,28.75,0.1096,0.48,0.1087,0.0444
41.22,28.75,0.1397,0.58,0.0686,0.0308
41.22,28.75,0.1521,0.65,0.0361,0.0118
41.22,28.75,0.1249,0.59,0.0476,0.0107
41.22,28.75,0.0973,0.56,0.0697,0.0254
41.22,28.75,0.067,0.52,0.075,0.0412
41.22,28.75,0.0378,0.41,0.1032,0.2281
41.22,28.75,0.028,0.38,0.0983,0.0824
41.22,28.78,0.0321,0.38,0.1059,0.0258
41.22,28.78,0.0517,0.45,0.0999,0.0655
41.22,28.78,0.0646,0.41,0.1079,0.0892
41.22,28.78,0.0909,0.45,0.1096,0.1099
41.22,28.78,0.1096,0.48,0.1087,0.0444
41.22,28.78,0.1397,0.58,0.0686,0.0308
41.22,28.78,0.1521,0.65,0.0361,0.0118
41.22,28.78,0.1249,0.59,0.0476,0.0107
41.22,28.78,0.0973,0.56,0.0697,0.0254
41.22,28.78,0.067,0.52,0.075,0.0412
41.22,28.78,0.0378,0.41,0.1032,0.2281
41.22,28.78,0.028,0.38,0.0983,0.0824
41.22,28.81,0.0321,0.38,0.1059,0.0258
41.22,28.81,0.0517,0.45,0.0999,0.0655
41.22,28.81,0.0646,0.41,0.1079,0.0892
41.22,28.81,0.0909,0.45,0.1096,0.1099
41.22,28.81,0.1096,0.48,0.1087,0.0444
41.22,28.81,0.1397,0.58,0.0686,0.0308
41.22,28.81,0.1521,0.65,0.0361,0.0118
41.22,28.81,0.1249,0.59,0.0476,0.0107
41.22,28.81,0.0973,0.56,0.0697,0.0254
41.22,28.81,0.067,0.52,0.075,0.0412
41.22,28.81,0.0378,0.41,0.1032,0.2281
41.22,28.81,0.028,0.38,0.0983,0.0824
41.22,28.84,0.0321,0.38,0.1059,0.0258
41.22,28.84,0.0517,0.45,0.0999,0.0655
41.22,28.84,0.0646,0.41,0.1079,0.0892
41.22,28.84,0.0909,0.45,0.1096,0.1099
41.22,28.84,0.1096,0.48,0.1087,0.0444
41.22,28.84,0.1397,0.58,0.0686,0.0308
41.22,28.84,0.1521,0.65,0.0361,0.0118
41.22,28.84,0.1249,0.59,0.0476,0.0107
41.22,28.84,0.0973,0.56,0.0697,0.0254
41.22,28.84,0.067,0.52,0.075,0.0412
41.22,28.84,0.0378,0.41,0.1032,0.2281
41.22,28.84,0.028,0.38,0.0983,0.0824
41.22,28.87,0.0321,0.38,0.1059,0.0258
41.22,28.87,0.0517,0.45,0.0999,0.0655
41.22,28.87,0.0646,0.41,0.1079,0.0892
41.22,28.87,0.0909,0.45,0.1096,0.1099
41.22,28.87,0.1096,0.48,0.1087,0.0444
41.22,28.87,0.1397,0.58,0.0686,0.0308
41.22,28.87,0.1521,0.65,0.0361,0.0118
41.22,28.87,0.1249,0.59,0.0476,0.0107
41.22,28.87,0.0973,0.56,0.0697,0.0254
41.22,28.87,0.067,0.52,0.075,0.0412
41.22,28.87,0.0378,0.41,0.1032,0.2281
41.22,28.87,0.028,0.38,0.0983,0.0824
41.22,28.9,0.0321,0.38,0.1059,0.0258
41.22,28.9,0.0517,0.45,0.0999,0.0655
41.22,28.9,0.0646,0.41,0.1079,0.0892
41.22,28.9,0.0909,0.45,0.1096,0.1099
41.22,28.9,0.1096,0.48,0.1087,0.0444
41.22,28.9,0.1397,0.58,0.0686,0.0308
41.22,28.9,0.1521,0.65,0.0361,0.0118
41.22,28.9,0.1249,0.59,0.0476,0.0107
41.22,28.9,0.0973,0.56,0.0697,0.0254
41.22,28.9,0.067,0.52,0.075,0.0412
41.22,28.9,0.0378,0.41,0.1032,0.2281
41.22,28.9,0.028,0.38,0.0983,0.0824
41.22,28.93,0.0321,0.38,0.1059,0.0258
41.22,28.93,0.0517,0.45,0.0999,0.0655
41.22,28.93,0.0646,0.41,0.1079,0.0892
41.22,28.93,0.0909,0.45,0.1096,0.1099
41.22,28.93,0.1096,0.48,0.1087,0.0444
41.22,28.93,0.1397,0.58,0.0686,0.0308
41.22,28.93,0.1521,0.65,0.0361,0.0118
41.22,28.93,0.1249,0.59,0.0476,0.0107
41.22,28.93,0.0973,0.56,0.0697,0.0254
41.22,28.93,0.067,0.52,0.075,0.0412
41.22,28.93,0.0378,0.41,0.1032,0.2281
41.22,28.93,0.028,0.38,0.0983,0.0824
41.22,28.96,0.0321,0.38,0.1059,0.0258
41.22,28.96,0.0517,0.45,0.0999,0.0655
41.22,28.96,0.0646,0.41,0.1079,0.0892
41.22,28.96,0.0909,0.45,0.1096,0.1099
41.22,28.96,0.1096,0.48,0.1087,0.0444
41.22,28.96,0.1397,0.58,0.0686,0.0308
41.22,28.96,0.1521,0.65,0.0361,0.0118
41.22,28.96,0.1249,0.59,0.0476,0.0107
41.22,28.96,0.0973,0.56,0.0697,0.0254
41.22,28.96,0.067,0.52,0.075,0.0412
41.22,28.96,0.0378,0.41,0.1032,0.2281
41.22,28.96,0.028,0.38,0.0983,0.0824
41.22,28.99,0.0321,0.38,0.1059,0.0258
41.22,28.99,0.0517,0.45,0.0999,0.0655
41.22,28.99,0.0646,0.41,0.1079,0.0892
41.22,28.99,0.0909,0.45,0.1096,0.1099
41.22,28.99,0.1096,0.48,0.1087,0.0444
41.22,28.99,0.1397,0.58,0.0686,0.0308
41.22,28.99,0.1521,0.65,0.0361,0.0118
41.22,28.99,0.1249,0.59,0.0476,0.0107
41.22,28.99,0.0973,0.56,0.0697,0.0254
41.22,28.99,0.067,0.52,0.075,0.0412
41.22,28.99,0.0378,0.41,0.1032,0.2281
41.22,28.99,0.028,0.38,0.0983,0.0824
41.22,29.02,0.0318,0.38,0.1172,0.0258
41.22,29.02,0.0504,0.44,0.1148,0.0655
41.22,29.02,0.0606,0.38,0.1232,0.0892
41.22,29.02,0.0895,0.45,0.1175,0.1099
41.22,29.02,0.1095,0.48,0.115,0.0444
41.22,29.02,0.1392,0.57,0.0768,0.0308
41.22,29.02,0.1488,0.63,0.0435,0.0118
41.22,29.02,0.1279,0.61,0.0503,0.0107
41.22,29.02,0.1032,0.6,0.0847,0.0254
41.22,29.02,0.0669,0.52,0.096,0.0412
41.22,29.02,0.0382,0.42,0.1183,0.2281
41.22,29.02,0.0287,0.38,0.1089,0.0824
41.22,29.05,0.0318,0.38,0.1172,0.0258
41.22,29.05,0.0504,0.44,0.1148,0.0655
41.22,29.05,0.0606,0.38,0.1232,0.0892
41.22,29.05,0.0895,0.45,0.1175,0.1099
41.22,29.05,0.1095,0.48,0.115,0.0444
41.22,29.05,0.1392,0.57,0.0768,0.0308
41.22,29.05,0.1488,0.63,0.0435,0.0118
41.22,29.05,0.1279,0.61,0.0503,0.0107
41.22,29.05,0.1032,0.6,0.0847,0.0254
41.22,29.05,0.0669,0.52,0.096,0.0412
41.22,29.05,0.0382,0.42,0.1183,0.2281
41.22,29.05,0.0287,0.38,0.1089,0.0824
41.22,29.08,0.0318,0.38,0.1172,0.0258
41.22,29.08,0.0504,0.44,0.1148,0.0906
41.22,29.08,0.0606,0.38,0.1232,0.1031
41.22,29.08,0.0895,0.45,0.1175,0.1085
41.22,29.08,0.1095,0.48,0.115,0.0483
41.22,29.08,0.1392,0.57,0.0768,0.0559
41.22,29.08,0.1488,0.63,0.0435,0.0283
41.22,29.08,0.1279,0.61,0.0503,0.0183
41.22,29.08,0.1032,0.6,0.0847,0.0319
41.22,29.08,0.0669,0.52,0.096,0.0655
41.22,29.08,0.0382,0.42,0.1183,0.2496
41.22,29.08,0.0287,0.38,0.1089,0.0877
41.22,29.23,0.0318,0.38,0.1172,0.0258
41.22,29.23,0.0504,0.44,0.1148,0.0906
41.22,29.23,0.0606,0.38,0.1232,0.1031
41.22,29.23,0.0895,0.45,0.1175,0.1085
41.22,29.23,0.1095,0.48,0.115,0.0483
41.22,29.23,0.1392,0.57,0.0768,0.0559
41.22,29.23,0.1488,0.63,0.0435,0.0283
41.22,29.23,0.1279,0.61,0.0503,0.0183
41.22,29.23,0.1032,0.6,0.0847,0.0319
41.22,29.23,0.0669,0.52,0.096,0.0655
41.22,29.23,0.0382,0.42,0.1183,0.2496
41.22,29.23,0.0287,0.38,0.1089,0.0877
41.22,29.26,0.0318,0.38,0.1172,0.0258
41.22,29.26,0.0504,0.44,0.1148,0.0906
41.22,29.26,0.0606,0.38,0.1232,0.1031
41.22,29.26,0.0895,0.45,0.1175,0.1085
41.22,29.26,0.1095,0.48,0.115,0.0483
41.22,29.26,0.1392,0.57,0.0768,0.0559
41.22,29.26,0.1488,0.63,0.0435,0.0283
41.22,29.26,0.1279,0.61,0.0503,0.0183
41.22,29.26,0.1032,0.6,0.0847,0.0319
41.22,29.26,0.0669,0.52,0.096,0.0655
41.22,29.26,0.0382,0.42,0.1183,0.2496
41.22,29.26,0.0287,0.38,0.1089,0.0877
41.24,28.0,0.0321,0.38,0.1059,0.0312
41.24,28.0,0.0517,0.45,0.0999,0.0498
41.24,28.0,0.0646,0.41,0.1079,0.0852
41.24,28.0,0.0909,0.45,0.1096,0.1114
41.24,28.0,0.1096,0.48,0.1087,0.0423
41.24,28.0,0.1397,0.58,0.0686,0.0329
41.24,28.0,0.1521,0.65,0.0361,0.0097
41.24,28.0,0.1249,0.59,0.0476,0.0075
41.24,28.0,0.0973,0.56,0.0697,0.0344
41.24,28.0,0.067,0.52,0.075,0.0254
41.24,28.0,0.0378,0.41,0.1032,0.2367
41.24,28.0,0.028,0.38,0.0983,0.0938
41.24,28.03,0.0321,0.38,0.1059,0.0312
41.24,28.03,0.0517,0.45,0.0999,0.0498
41.24,28.03,0.0646,0.41,0.1079,0.0852
41.24,28.03,0.0909,0.45,0.1096,0.1114
41.24,28.03,0.1096,0.48,0.1087,0.0423
41.24,28.03,0.1397,0.58,0.0686,0.0329
41.24,28.03,0.1521,0.65,0.0361,0.0097
41.24,28.03,0.1249,0.59,0.0476,0.0075
41.24,28.03,0.0973,0.56,0.0697,0.0344
41.24,28.03,0.067,0.52,0.075,0.0254
41.24,28.03,0.0378,0.41,0.1032,0.2367
41.24,28.03,0.028,0.38,0.0983,0.0938
41.24,28.06,0.0321,0.38,0.1059,0.0312
41.24,28.06,0.0517,0.45,0.0999,0.0498
41.24,28.06,0.0646,0.41,0.1079,0.0852
41.24,28.06,0.0909,0.45,0.1096,0.1114
41.24,28.06,0.1096,0.48,0.1087,0.0423
41.24,28.06,0.1397,0.58,0.0686,0.0329
41.24,28.06,0.1521,0.65,0.0361,0.0097
41.24,28.06,0.1249,0.59,0.0476,0.0075
41.24,28.06,0.0973,0.56,0.0697,0.0344
41.24,28.06,0.067,0.52,0.075,0.0254
41.24,28.06,0.0378,0.41,0.1032,0.2367
41.24,28.06,0.028,0.38,0.0983,0.0938
41.24,28.09,0.0321,0.38,0.1059,0.0312
41.24,28.09,0.0517,0.45,0.0999,0.0498
41.24,28.09,0.0646,0.41,0.1079,0.0852
41.24,28.09,0.0909,0.45,0.1096,0.1114
41.24,28.09,0.1096,0.48,0.1087,0.0423
41.24,28.09,0.1397,0.58,0.0686,0.0329
41.24,28.09,0.1521,0.65,0.0361,0.0097
41.24,28.09,0.1249,0.59,0.0476,0.0075
41.24,28.09,0.0973,0.56,0.0697,0.0344
41.24,28.09,0.067,0.52,0.075,0.0254
41.24,28.09,0.0378,0.41,0.1032,0.2367
41.24,28.09,0.028,0.38,0.0983,0.0938
41.24,28.12,0.0321,0.38,0.1059,0.0312
41.24,28.12,0.0517,0.45,0.0999,0.0498
41.24,28.12,0.0646,0.41,0.1079,0.0852
41.24,28.12,0.0909,0.45,0.1096,0.1114
41.24,28.12,0.1096,0.48,0.1087,0.0423
41.24,28.12,0.1397,0.58,0.0686,0.0329
41.24,28.12,0.1521,0.65,0.0361,0.0097
41.24,28.12,0.1249,0.59,0.0476,0.0075
41.24,28.12,0.0973,0.56,0.0697,0.0344
41.24,28.12,0.067,0.52,0.075,0.0254
41.24,28.12,0.0378,0.41,0.1032,0.2367
41.24,28.12,0.028,0.38,0.0983,0.0938
41.24,28.15,0.0321,0.38,0.1059,0.0312
41.24,28.15,0.0517,0.45,0.0999,0.0498
41.24,28.15,0.0646,0.41,0.1079,0.0852
41.24,28.15,0.0909,0.45,0.1096,0.1114
41.24,28.15,0.1096,0.48,0.1087,0.0423
41.24,28.15,0.1397,0.58,0.0686,0.0329
41.24,28.15,0.1521,0.65,0.0361,0.0097
41.24,28.15,0.1249,0.59,0.0476,0.0075
41.24,28.15,0.0973,0.56,0.0697,0.0344
41.24,28.15,0.067,0.52,0.075,0.0254
41.24,28.15,0.0378,0.41,0.1032,0.2367
41.24,28.15,0.028,0.38,0.0983,0.0938
41.24,28.18,0.0321,0.38,0.1059,0.0312
41.24,28.18,0.0517,0.45,0.0999,0.0498
41.24,28.18,0.0646,0.41,0.1079,0.0852
41.24,28.18,0.0909,0.45,0.1096,0.1114
41.24,28.18,0.1096,0.48,0.1087,0.0423
41.24,28.18,0.1397,0.58,0.0686,0.0329
41.24,28.18,0.1521,0.65,0.0361,0.0097
41.24,28.18,0.1249,0.59,0.0476,0.0075
41.24,28.18,0.0973,0.56,0.0697,0.0344
41.24,28.18,0.067,0.52,0.075,0.0254
41.24,28.18,0.0378,0.41,0.1032,0.2367
41.24,28.18,0.028,0.38,0.0983,0.0938
41.24,28.21,0.0321,0.38,0.1059,0.0312
41.24,28.21,0.0517,0.45,0.0999,0.0498
41.24,28.21,0.0646,0.41,0.1079,0.0852
41.24,28.21,0.0909,0.45,0.1096,0.1114
41.24,28.21,0.1096,0.48,0.1087,0.0423
41.24,28.21,0.1397,0.58,0.0686,0.0329
41.24,28.21,0.1521,0.65,0.0361,0.0097
41.24,28.21,0.1249,0.59,0.0476,0.0075
41.24,28.21,0.0973,0.56,0.0697,0.0344
41.24,28.21,0.067,0.52,0.075,0.0254
41.24,28.21,0.0378,0.41,0.1032,0.2367
41.24,28.21,0.028,0.38,0.0983,0.0938
41.24,28.24,0.0321,0.38,0.1059,0.0312
41.24,28.24,0.0517,0.45,0.0999,0.0498
41.24,28.24,0.0646,0.41,0.1079,0.0852
41.24,28.24,0.0909,0.45,0.1096,0.1114
41.24,28.24,0.1096,0.48,0.1087,0.0423
41.24,28.24,0.1397,0.58,0.0686,0.0329
41.24,28.24,0.1521,0.65,0.0361,0.0097
41.24,28.24,0.1249,0.59,0.0476,0.0075
41.24,28.24,0.0973,0.56,0.0697,0.0344
41.24,28.24,0.067,0.52,0.075,0.0254
41.24,28.24,0.0378,0.41,0.1032,0.2367
41.24,28.24,0.028,0.38,0.0983,0.0938
41.24,28.27,0.0321,0.38,0.1059,0.0312
41.24,28.27,0.0517,0.45,0.0999,0.0498
41.24,28.27,0.0646,0.41,0.1079,0.0852
41.24,28.27,0.0909,0.45,0.1096,0.1114
41.24,28.27,0.1096,0.48,0.1087,0.0423
41.24,28.27,0.1397,0.58,0.0686,0.0329
41.24,28.27,0.1521,0.65,0.0361,0.0097
41.24,28.27,0.1249,0.59,0.0476,0.0075
41.24,28.27,0.0973,0.56,0.0697,0.0344
41.24,28.27,0.067,0.52,0.075,0.0254
41.24,28.27,0.0378,0.41,0.1032,0.2367
41.24,28.27,0.028,0.38,0.0983,0.0938
41.24,28.3,0.0321,0.38,0.1059,0.0312
41.24,28.3,0.0517,0.45,0.0999,0.0498
41.24,28.3,0.0646,0.41,0.1079,0.0852
41.24,28.3,0.0909,0.45,0.1096,0.1114
41.24,28.3,0.1096,0.48,0.1087,0.0423
41.24,28.3,0.1397,0.58,0.0686,0.0329
41.24,28.3,0.1521,0.65,0.0361,0.0097
41.24,28.3,0.1249,0.59,0.0476,0.0075
41.24,28.3,0.0973,0.56,0.0697,0.0344
41.24,28.3,0.067,0.52,0.075,0.0254
41.24,28.3,0.0378,0.41,0.1032,0.2367
41.24,28.3,0.028,0.38,0.0983,0.0938
41.24,28.33,0.0321,0.38,0.1059,0.0312
41.24,28.33,0.0517,0.45,0.0999,0.0498
41.24,28.33,0.0646,0.41,0.1079,0.0852
41.24,28.33,0.0909,0.45,0.1096,0.1114
41.24,28.33,0.1096,0.48,0.1087,0.0423
41.24,28.33,0.1397,0.58,0.0686,0.0329
41.24,28.33,0.1521,0.65,0.0361,0.0097
41.24,28.33,0.1249,0.59,0.0476,0.0075
41.24,28.33,0.0973,0.56,0.0697,0.0344
41.24,28.33,0.067,0.52,0.075,0.0254
41.24,28.33,0.0378,0.41,0.1032,0.2367
41.24,28.33,0.028,0.38,0.0983,0.0938
41.24,28.36,0.0321,0.38,0.1059,0.0312
41.24,28.36,0.0517,0.45,0.0999,0.0498
41.24,28.36,0.0646,0.41,0.1079,0.0852
41.24,28.36,0.0909,0.45,0.1096,0.1114
41.24,28.36,0.1096,0.48,0.1087,0.0423
41.24,28.36,0.1397,0.58,0.0686,0.0329
41.24,28.36,0.1521,0.65,0.0361,0.0097
41.24,28.36,0.1249,0.59,0.0476,0.0075
41.24,28.36,0.0973,0.56,0.0697,0.0344
41.24,28.36,0.067,0.52,0.075,0.0254
41.24,28.36,0.0378,0.41,0.1032,0.2367
41.24,28.36,0.028,0.38,0.0983,0.0938
41.24,28.39,0.0321,0.38,0.1059,0.0312
41.24,28.39,0.0517,0.45,0.0999,0.0498
41.24,28.39,0.0646,0.41,0.1079,0.0852
41.24,28.39,0.0909,0.45,0.1096,0.1114
41.24,28.39,0.1096,0.48,0.1087,0.0423
41.24,28.39,0.1397,0.58,0.0686,0.0329
41.24,28.39,0.1521,0.65,0.0361,0.0097
41.24,28.39,0.1249,0.59,0.0476,0.0075
41.24,28.39,0.0973,0.56,0.0697,0.0344
41.24,28.39,0.067,0.52,0.075,0.0254
41.24,28.39,0.0378,0.41,0.1032,0.2367
41.24,28.39,0.028,0.38,0.0983,0.0938
41.24,28.42,0.0321,0.38,0.1059,0.0312
41.24,28.42,0.0517,0.45,0.0999,0.0498
41.24,28.42,0.0646,0.41,0.1079,0.0852
41.24,28.42,0.0909,0.45,0.1096,0.1114
41.24,28.42,0.1096,0.48,0.1087,0.0423
41.24,28.42,0.1397,0.58,0.0686,0.0329
41.24,28.42,0.1521,0.65,0.0361,0.0097
41.24,28.42,0.1249,0.59,0.0476,0.0075
41.24,28.42,0.0973,0.56,0.0697,0.0344
41.24,28.42,0.067,0.52,0.075,0.0254
41.24,28.42,0.0378,0.41,0.1032,0.2367
41.24,28.42,0.028,0.38,0.0983,0.0938
41.24,28.45,0.0321,0.38,0.1059,0.0258
41.24,28.45,0.0517,0.45,0.0999,0.0655
41.24,28.45,0.0646,0.41,0.1079,0.0892
41.24,28.45,0.0909,0.45,0.1096,0.1099
41.24,28.45,0.1096,0.48,0.1087,0.0444
41.24,28.45,0.1397,0.58,0.0686,0.0308
41.24,28.45,0.1521,0.65,0.0361,0.0118
41.24,28.45,0.1249,0.59,0.0476,0.0107
41.24,28.45,0.0973,0.56,0.0697,0.0254
41.24,28.45,0.067,0.52,0.075,0.0412
41.24,28.45,0.0378,0.41,0.1032,0.2281
41.24,28.45,0.028,0.38,0.0983,0.0824
41.24,28.48,0.0321,0.38,0.1059,0.0258
41.24,28.48,0.0517,0.45,0.0999,0.0655
41.24,28.48,0.0646,0.41,0.1079,0.0892
41.24,28.48,0.0909,0.45,0.1096,0.1099
41.24,28.48,0.1096,0.48,0.1087,0.0444
41.24,28.48,0.1397,0.58,0.0686,0.0308
41.24,28.48,0.1521,0.65,0.0361,0.0118
41.24,28.48,0.1249,0.59,0.0476,0.0107
41.24,28.48,0.0973,0.56,0.0697,0.0254
41.24,28.48,0.067,0.52,0.075,0.0412
41.24,28.48,0.0378,0.41,0.1032,0.2281
41.24,28.48,0.028,0.38,0.0983,0.0824
41.24,28.51,0.0321,0.38,0.1059,0.0258
41.24,28.51,0.0517,0.45,0.0999,0.0655
41.24,28.51,0.0646,0.41,0.1079,0.0892
41.24,28.51,0.0909,0.45,0.1096,0.1099
41.24,28.51,0.1096,0.48,0.1087,0.0444
41.24,28.51,0.1397,0.58,0.0686,0.0308
41.24,28.51,0.1521,0.65,0.0361,0.0118
41.24,28.51,0.1249,0.59,0.0476,0.0107
41.24,28.51,0.0973,0.56,0.0697,0.0254
41.24,28.51,0.067,0.52,0.075,0.0412
41.24,28.51,0.0378,0.41,0.1032,0.2281
41.24,28.51,0.028,0.38,0.0983,0.0824
41.24,28.54,0.0321,0.38,0.1059,0.0258
41.24,28.54,0.0517,0.45,0.0999,0.0655
41.24,28.54,0.0646,0.41,0.1079,0.0892
41.24,28.54,0.0909,0.45,0.1096,0.1099
41.24,28.54,0.1096,0.48,0.1087,0.0444
41.24,28.54,0.1397,0.58,0.0686,0.0308
41.24,28.54,0.1521,0.65,0.0361,0.0118
41.24,28.54,0.1249,0.59,0.0476,0.0107
41.24,28.54,0.0973,0.56,0.0697,0.0254
41.24,28.54,0.067,0.52,0.075,0.0412
41.24,28.54,0.0378,0.41,0.1032,0.2281
41.24,28.54,0.028,0.38,0.0983,0.0824
41.24,28.57,0.0321,0.38,0.1059,0.0258
41.24,28.57,0.0517,0.45,0.0999,0.0655
41.24,28.57,0.0646,0.41,0.1079,0.0892
41.24,28.57,0.0909,0.45,0.1096,0.1099
41.24,28.57,0.1096,0.48,0.1087,0.0444
41.24,28.57,0.1397,0.58,0.0686,0.0308
41.24,28.57,0.1521,0.65,0.0361,0.0118
41.24,28.57,0.1249,0.59,0.0476,0.0107
41.24,28.57,0.0973,0.56,0.0697,0.0254
41.24,28.57,0.067,0.52,0.075,0.0412
41.24,28.57,0.0378,0.41,0.1032,0.2281
41.24,28.57,0.028,0.38,0.0983,0.0824
41.24,28.6,0.0321,0.38,0.1059,0.0258
41.24,28.6,0.0517,0.45,0.0999,0.0655
41.24,28.6,0.0646,0.41,0.1079,0.0892
41.24,28.6,0.0909,0.45,0.1096,0.1099
41.24,28.6,0.1096,0.48,0.1087,0.0444
41.24,28.6,0.1397,0.58,0.0686,0.0308
41.24,28.6,0.1521,0.65,0.0361,0.0118
41.24,28.6,0.1249,0.59,0.0476,0.0107
41.24,28.6,0.0973,0.56,0.0697,0.0254
41.24,28.6,0.067,0.52,0.075,0.0412
41.24,28.6,0.0378,0.41,0.1032,0.2281
41.24,28.6,0.028,0.38,0.0983,0.0824
41.24,28.63,0.0321,0.38,0.1059,0.0258
41.24,28.63,0.0517,0.45,0.0999,0.0655
41.24,28.63,0.0646,0.41,0.1079,0.0892
41.24,28.63,0.0909,0.45,0.1096,0.1099
41.24,28.63,0.1096,0.48,0.1087,0.0444
41.24,28.63,0.1397,0.58,0.0686,0.0308
41.24,28.63,0.1521,0.65,0.0361,0.0118
41.24,28.63,0.1249,0.59,0.0476,0.0107
41.24,28.63,0.0973,0.56,0.0697,0.0254
41.24,28.63,0.067,0.52,0.075,0.0412
41.24,28.63,0.0378,0.41,0.1032,0.2281
41.24,28.63,0.028,0.38,0.0983,0.0824
41.24,28.66,0.0321,0.38,0.1059,0.0258
41.24,28.66,0.0517,0.45,0.0999,0.0655
41.24,28.66,0.0646,0.41,0.1079,0.0892
41.24,28.66,0.0909,0.45,0.1096,0.1099
41.24,28.66,0.1096,0.48,0.1087,0.0444
41.24,28.66,0.1397,0.58,0.0686,0.0308
41.24,28.66,0.1521,0.65,0.0361,0.0118
41.24,28.66,0.1249,0.59,0.0476,0.0107
41.24,28.66,0.0973,0.56,0.0697,0.0254
41.24,28.66,0.067,0.52,0.075,0.0412
41.24,28.66,0.0378,0.41,0.1032,0.2281
41.24,28.66,0.028,0.38,0.0983,0.0824
41.24,28.69,0.0321,0.38,0.1059,0.0258
41.24,28.69,0.0517,0.45,0.0999,0.0655
41.24,28.69,0.0646,0.41,0.1079,0.0892
41.24,28.69,0.0909,0.45,0.1096,0.1099
41.24,28.69,0.1096,0.48,0.1087,0.0444
41.24,28.69,0.1397,0.58,0.0686,0.0308
41.24,28.69,0.1521,0.65,0.0361,0.0118
41.24,28.69,0.1249,0.59,0.0476,0.0107
41.24,28.69,0.0973,0.56,0.0697,0.0254
41.24,28.69,0.067,0.52,0.075,0.0412
41.24,28.69,0.0378,0.41,0.1032,0.2281
41.24,28.69,0.028,0.38,0.0983,0.0824
41.24,28.72,0.0321,0.38,0.1059,0.0258
41.24,28.72,0.0517,0.45,0.0999,0.0655
41.24,28.72,0.0646,0.41,0.1079,0.0892
41.24,28.72,0.0909,0.45,0.1096,0.1099
41.24,28.72,0.1096,0.48,0.1087,0.0444
41.24,28.72,0.1397,0.58,0.0686,0.0308
41.24,28.72,0.1521,0.65,0.0361,0.0118
41.24,28.72,0.1249,0.59,0.0476,0.0107
41.24,28.72,0.0973,0.56,0.0697,0.0254
41.24,28.72,0.067,0.52,0.075,0.0412
41.24,28.72,0.0378,0.41,0.1032,0.2281
41.24,28.72,0.028,0.38,0.0983,0.0824
41.24,28.75,0.0321,0.38,0.1059,0.0258
41.24,28.75,0.0517,0.45,0.0999,0.0655
41.24,28.75,0.0646,0.41,0.1079,0.0892
41.24,28.75,0.0909,0.45,0.1096,0.1099
41.24,28.75,0.1096,0.48,0.1087,0.0444
41.24,28.75,0.1397,0.58,0.0686,0.0308
41.24,28.75,0.1521,0.65,0.0361,0.0118
41.24,28.75,0.1249,0.59,0.0476,0.0107
41.24,28.75,0.0973,0.56,0.0697,0.0254
41.24,28.75,0.067,0.52,0.075,0.0412
41.24,28.75,0.0378,0.41,0.1032,0.2281
41.24,28.75,0.028,0.38,0.0983,0.0824
41.24,28.78,0.0321,0.38,0.1059,0.0258
41.24,28.78,0.0517,0.45,0.0999,0.0655
41.24,28.78,0.0646,0.41,0.1079,0.0892
41.24,28.78,0.0909,0.45,0.1096,0.1099
41.24,28.78,0.1096,0.48,0.1087,0.0444
41.24,28.78,0.1397,0.58,0.0686,0.0308
41.24,28.78,0.1521,0.65,0.0361,0.0118
41.24,28.78,0.1249,0.59,0.0476,0.0107
41.24,28.78,0.0973,0.56,0.0697,0.0254
41.24,28.78,0.067,0.52,0.075,0.0412
41.24,28.78,0.0378,0.41,0.1032,0.2281
41.24,28.78,0.028,0.38,0.0983,0.0824
41.24,28.81,0.0321,0.38,0.1059,0.0258
41.24,28.81,0.0517,0.45,0.0999,0.0655
41.24,28.81,0.0646,0.41,0.1079,0.0892
41.24,28.81,0.0909,0.45,0.1096,0.1099
41.24,28.81,0.1096,0.48,0.1087,0.0444
41.24,28.81,0.1397,0.58,0.0686,0.0308
41.24,28.81,0.1521,0.65,0.0361,0.0118
41.24,28.81,0.1249,0.59,0.0476,0.0107
41.24,28.81,0.0973,0.56,0.0697,0.0254
41.24,28.81,0.067,0.52,0.075,0.0412
41.24,28.81,0.0378,0.41,0.1032,0.2281
41.24,28.81,0.028,0.38,0.0983,0.0824
41.24,28.84,0.0321,0.38,0.1059,0.0258
41.24,28.84,0.0517,0.45,0.0999,0.0655
41.24,28.84,0.0646,0.41,0.1079,0.0892
41.24,28.84,0.0909,0.45,0.1096,0.1099
41.24,28.84,0.1096,0.48,0.1087,0.0444
41.24,28.84,0.1397,0.58,0.0686,0.0308
41.24,28.84,0.1521,0.65,0.0361,0.0118
41.24,28.84,0.1249,0.59,0.0476,0.0107
41.24,28.84,0.0973,0.56,0.0697,0.0254
41.24,28.84,0.067,0.52,0.075,0.0412
41.24,28.84,0.0378,0.41,0.1032,0.2281
41.24,28.84,0.028,0.38,0.0983,0.0824
41.24,28.87,0.0321,0.38,0.1059,0.0258
41.24,28.87,0.0517,0.45,0.0999,0.0655
41.24,28.87,0.0646,0.41,0.1079,0.0892
41.24,28.87,0.0909,0.45,0.1096,0.1099
41.24,28.87,0.1096,0.48,0.1087,0.0444
41.24,28.87,0.1397,0.58,0.0686,0.0308
41.24,28.87,0.1521,0.65,0.0361,0.0118
41.24,28.87,0.1249,0.59,0.0476,0.0107
41.24,28.87,0.0973,0.56,0.0697,0.0254
41.24,28.87,0.067,0.52,0.075,0.0412
41.24,28.87,0.0378,0.41,0.1032,0.2281
41.24,28.87,0.028,0.38,0.0983,0.0824
41.24,28.9,0.0321,0.38,0.1059,0.0258
41.24,28.9,0.0517,0.45,0.0999,0.0655
41.24,28.9,0.0646,0.41,0.1079,0.0892
41.24,28.9,0.0909,0.45,0.1096,0.1099
41.24,28.9,0.1096,0.48,0.1087,0.0444
41.24,28.9,0.1397,0.58,0.0686,0.0308
41.24,28.9,0.1521,0.65,0.0361,0.0118
41.24,28.9,0.1249,0.59,0.0476,0.0107
41.24,28.9,0.0973,0.56,0.0697,0.0254
41.24,28.9,0.067,0.52,0.075,0.0412
41.24,28.9,0.0378,0.41,0.1032,0.2281
41.24,28.9,0.028,0.38,0.0983,0.0824
41.24,28.93,0.0321,0.38,0.1059,0.0258
41.24,28.93,0.0517,0.45,0.0999,0.0655
41.24,28.93,0.0646,0.41,0.1079,0.0892
41.24,28.93,0.0909,0.45,0.1096,0.1099
41.24,28.93,0.1096,0.48,0.1087,0.0444
41.24,28.93,0.1397,0.58,0.0686,0.0308
41.24,28.93,0.1521,0.65,0.0361,0.0118
41.24,28.93,0.1249,0.59,0.0476,0.0107
41.24,28.93,0.0973,0.56,0.0697,0.0254
41.24,28.93,0.067,0.52,0.075,0.0412
41.24,28.93,0.0378,0.41,0.1032,0.2281
41.24,28.93,0.028,0.38,0.0983,0.0824
41.24,28.96,0.0321,0.38,0.1059,0.0258
41.24,28.96,0.0517,0.45,0.0999,0.0655
41.24,28.96,0.0646,0.41,0.1079,0.0892
41.24,28.96,0.0909,0.45,0.1096,0.1099
41.24,28.96,0.1096,0.48,0.1087,0.0444
41.24,28.96,0.1397,0.58,0.0686,0.0308
41.24,28.96,0.1521,0.65,0.0361,0.0118
41.24,28.96,0.1249,0.59,0.0476,0.0107
41.24,28.96,0.0973,0.56,0.0697,0.0254
41.24,28.96,0.067,0.52,0.075,0.0412
41.24,28.96,0.0378,0.41,0.1032,0.2281
41.24,28.96,0.028,0.38,0.0983,0.0824
41.24,28.99,0.0321,0.38,0.1059,0.0258
41.24,28.99,0.0517,0.45,0.0999,0.0655
41.24,28.99,0.0646,0.41,0.1079,0.0892
41.24,28.99,0.0909,0.45,0.1096,0.1099
41.24,28.99,0.1096,0.48,0.1087,0.0444
41.24,28.99,0.1397,0.58,0.0686,0.0308
41.24,28.99,0.1521,0.65,0.0361,0.0118
41.24,28.99,0.1249,0.59,0.0476,0.0107
41.24,28.99,0.0973,0.56,0.0697,0.0254
41.24,28.99,0.067,0.52,0.075,0.0412
41.24,28.99,0.0378,0.41,0.1032,0.2281
41.24,28.99,0.028,0.38,0.0983,0.0824
41.24,29.02,0.0318,0.38,0.1172,0.0258
41.24,29.02,0.0504,0.44,0.1148,0.0655
41.24,29.02,0.0606,0.38,0.1232,0.0892
41.24,29.02,0.0895,0.45,0.1175,0.1099
41.24,29.02,0.1095,0.48,0.115,0.0444
41.24,29.02,0.1392,0.57,0.0768,0.0308
41.24,29.02,0.1488,0.63,0.0435,0.0118
41.24,29.02,0.1279,0.61,0.0503,0.0107
41.24,29.02,0.1032,0.6,0.0847,0.0254
41.24,29.02,0.0669,0.52,0.096,0.0412
41.24,29.02,0.0382,0.42,0.1183,0.2281
41.24,29.02,0.0287,0.38,0.1089,0.0824
41.24,29.05,0.0318,0.38,0.1172,0.0258
41.24,29.05,0.0504,0.44,0.1148,0.0655
41.24,29.05,0.0606,0.38,0.1232,0.0892
41.24,29.05,0.0895,0.45,0.1175,0.1099
41.24,29.05,0.1095,0.48,0.115,0.0444
41.24,29.05,0.1392,0.57,0.0768,0.0308
41.24,29.05,0.1488,0.63,0.0435,0.0118
41.24,29.05,0.1279,0.61,0.0503,0.0107
41.24,29.05,0.1032,0.6,0.0847,0.0254
41.24,29.05,0.0669,0.52,0.096,0.0412
41.24,29.05,0.0382,0.42,0.1183,0.2281
41.24,29.05,0.0287,0.38,0.1089,0.0824
41.24,29.08,0.0318,0.38,0.1172,0.0258
41.24,29.08,0.0504,0.44,0.1148,0.0906
41.24,29.08,0.0606,0.38,0.1232,0.1031
41.24,29.08,0.0895,0.45,0.1175,0.1085
41.24,29.08,0.1095,0.48,0.115,0.0483
41.24,29.08,0.1392,0.57,0.0768,0.0559
41.24,29.08,0.1488,0.63,0.0435,0.0283
41.24,29.08,0.1279,0.61,0.0503,0.0183
41.24,29.08,0.1032,0.6,0.0847,0.0319
41.24,29.08,0.0669,0.52,0.096,0.0655
41.24,29.08,0.0382,0.42,0.1183,0.2496
41.24,29.08,0.0287,0.38,0.1089,0.0877
41.26,28.06,0.0321,0.38,0.1059,0.0337
41.26,28.06,0.0517,0.45,0.0999,0.043
41.26,28.06,0.0646,0.41,0.1079,0.0763
41.26,28.06,0.0909,0.45,0.1096,0.1049
41.26,28.06,0.1096,0.48,0.1087,0.0387
41.26,28.06,0.1397,0.58,0.0686,0.0258
41.26,28.06,0.1521,0.65,0.0361,0.0147
41.26,28.06,0.1249,0.59,0.0476,0.0082
41.26,28.06,0.0973,0.56,0.0697,0.0523
41.26,28.06,0.067,0.52,0.075,0.014
41.26,28.06,0.0378,0.41,0.1032,0.2396
41.26,28.06,0.028,0.38,0.0983,0.0956
41.26,28.09,0.0321,0.38,0.1059,0.0337
41.26,28.09,0.0517,0.45,0.0999,0.043
41.26,28.09,0.0646,0.41,0.1079,0.0763
41.26,28.09,0.0909,0.45,0.1096,0.1049
41.26,28.09,0.1096,0.48,0.1087,0.0387
41.26,28.09,0.1397,0.58,0.0686,0.0258
41.26,28.09,0.1521,0.65,0.0361,0.0147
41.26,28.09,0.1249,0.59,0.0476,0.0082
41.26,28.09,0.0973,0.56,0.0697,0.0523
41.26,28.09,0.067,0.52,0.075,0.014
41.26,28.09,0.0378,0.41,0.1032,0.2396
41.26,28.09,0.028,0.38,0.0983,0.0956
41.26,28.12,0.0321,0.38,0.1059,0.0337
41.26,28.12,0.0517,0.45,0.0999,0.043
41.26,28.12,0.0646,0.41,0.1079,0.0763
41.26,28.12,0.0909,0.45,0.1096,0.1049
41.26,28.12,0.1096,0.48,0.1087,0.0387
41.26,28.12,0.1397,0.58,0.0686,0.0258
41.26,28.12,0.1521,0.65,0.0361,0.0147
41.26,28.12,0.1249,0.59,0.0476,0.0082
41.26,28.12,0.0973,0.56,0.0697,0.0523
41.26,28.12,0.067,0.52,0.075,0.014
41.26,28.12,0.0378,0.41,0.1032,0.2396
41.26,28.12,0.028,0.38,0.0983,0.0956
41.26,28.15,0.0321,0.38,0.1059,0.0337
41.26,28.15,0.0517,0.45,0.0999,0.043
41.26,28.15,0.0646,0.41,0.1079,0.0763
41.26,28.15,0.0909,0.45,0.1096,0.1049
41.26,28.15,0.1096,0.48,0.1087,0.0387
41.26,28.15,0.1397,0.58,0.0686,0.0258
41.26,28.15,0.1521,0.65,0.0361,0.0147
41.26,28.15,0.1249,0.59,0.0476,0.0082
41.26,28.15,0.0973,0.56,0.0697,0.0523
41.26,28.15,0.067,0.52,0.075,0.014
41.26,28.15,0.0378,0.41,0.1032,0.2396
41.26,28.15,0.028,0.38,0.0983,0.0956
41.26,28.18,0.0321,0.38,0.1059,0.0337
41.26,28.18,0.0517,0.45,0.0999,0.043
41.26,28.18,0.0646,0.41,0.1079,0.0763
41.26,28.18,0.0909,0.45,0.1096,0.1049
41.26,28.18,0.1096,0.48,0.1087,0.0387
41.26,28.18,0.1397,0.58,0.0686,0.0258
41.26,28.18,0.1521,0.65,0.0361,0.0147
41.26,28.18,0.1249,0.59,0.0476,0.0082
41.26,28.18,0.0973,0.56,0.0697,0.0523
41.26,28.18,0.067,0.52,0.075,0.014
41.26,28.18,0.0378,0.41,0.1032,0.2396
41.26,28.18,0.028,0.38,0.0983,0.0956
41.26,28.21,0.0321,0.38,0.1059,0.0337
41.26,28.21,0.0517,0.45,0.0999,0.043
41.26,28.21,0.0646,0.41,0.1079,0.0763
41.26,28.21,0.0909,0.45,0.1096,0.1049
41.26,28.21,0.1096,0.48,0.1087,0.0387
41.26,28.21,0.1397,0.58,0.0686,0.0258
41.26,28.21,0.1521,0.65,0.0361,0.0147
41.26,28.21,0.1249,0.59,0.0476,0.0082
41.26,28.21,0.0973,0.56,0.0697,0.0523
41.26,28.21,0.067,0.52,0.075,0.014
41.26,28.21,0.0378,0.41,0.1032,0.2396
41.26,28.21,0.028,0.38,0.0983,0.0956
41.26,28.24,0.0321,0.38,0.1059,0.0337
41.26,28.24,0.0517,0.45,0.0999,0.043
41.26,28.24,0.0646,0.41,0.1079,0.0763
41.26,28.24,0.0909,0.45,0.1096,0.1049
41.26,28.24,0.1096,0.48,0.1087,0.0387
41.26,28.24,0.1397,0.58,0.0686,0.0258
41.26,28.24,0.1521,0.65,0.0361,0.0147
41.26,28.24,0.1249,0.59,0.0476,0.0082
41.26,28.24,0.0973,0.56,0.0697,0.0523
41.26,28.24,0.067,0.52,0.075,0.014
41.26,28.24,0.0378,0.41,0.1032,0.2396
41.26,28.24,0.028,0.38,0.0983,0.0956
41.26,28.27,0.0321,0.38,0.1059,0.0337
41.26,28.27,0.0517,0.45,0.0999,0.043
41.26,28.27,0.0646,0.41,0.1079,0.0763
41.26,28.27,0.0909,0.45,0.1096,0.1049
41.26,28.27,0.1096,0.48,0.1087,0.0387
41.26,28.27,0.1397,0.58,0.0686,0.0258
41.26,28.27,0.1521,0.65,0.0361,0.0147
41.26,28.27,0.1249,0.59,0.0476,0.0082
41.26,28.27,0.0973,0.56,0.0697,0.0523
41.26,28.27,0.067,0.52,0.075,0.014
41.26,28.27,0.0378,0.41,0.1032,0.2396
41.26,28.27,0.028,0.38,0.0983,0.0956
41.26,28.3,0.0321,0.38,0.1059,0.0337
41.26,28.3,0.0517,0.45,0.0999,0.043
41.26,28.3,0.0646,0.41,0.1079,0.0763
41.26,28.3,0.0909,0.45,0.1096,0.1049
41.26,28.3,0.1096,0.48,0.1087,0.0387
41.26,28.3,0.1397,0.58,0.0686,0.0258
41.26,28.3,0.1521,0.65,0.0361,0.0147
41.26,28.3,0.1249,0.59,0.0476,0.0082
41.26,28.3,0.0973,0.56,0.0697,0.0523
41.26,28.3,0.067,0.52,0.075,0.014
41.26,28.3,0.0378,0.41,0.1032,0.2396
41.26,28.3,0.028,0.38,0.0983,0.0956
41.26,28.33,0.0321,0.38,0.1059,0.0337
41.26,28.33,0.0517,0.45,0.0999,0.043
41.26,28.33,0.0646,0.41,0.1079,0.0763
41.26,28.33,0.0909,0.45,0.1096,0.1049
41.26,28.33,0.1096,0.48,0.1087,0.0387
41.26,28.33,0.1397,0.58,0.0686,0.0258
41.26,28.33,0.1521,0.65,0.0361,0.0147
41.26,28.33,0.1249,0.59,0.0476,0.0082
41.26,28.33,0.0973,0.56,0.0697,0.0523
41.26,28.33,0.067,0.52,0.075,0.014
41.26,28.33,0.0378,0.41,0.1032,0.2396
41.26,28.33,0.028,0.38,0.0983,0.0956
41.26,28.36,0.0321,0.38,0.1059,0.0337
41.26,28.36,0.0517,0.45,0.0999,0.043
41.26,28.36,0.0646,0.41,0.1079,0.0763
41.26,28.36,0.0909,0.45,0.1096,0.1049
41.26,28.36,0.1096,0.48,0.1087,0.0387
41.26,28.36,0.1397,0.58,0.0686,0.0258
41.26,28.36,0.1521,0.65,0.0361,0.0147
41.26,28.36,0.1249,0.59,0.0476,0.0082
41.26,28.36,0.0973,0.56,0.0697,0.0523
41.26,28.36,0.067,0.52,0.075,0.014
41.26,28.36,0.0378,0.41,0.1032,0.2396
41.26,28.36,0.028,0.38,0.0983,0.0956
41.26,28.39,0.0321,0.38,0.1059,0.0337
41.26,28.39,0.0517,0.45,0.0999,0.043
41.26,28.39,0.0646,0.41,0.1079,0.0763
41.26,28.39,0.0909,0.45,0.1096,0.1049
41.26,28.39,0.1096,0.48,0.1087,0.0387
41.26,28.39,0.1397,0.58,0.0686,0.0258
41.26,28.39,0.1521,0.65,0.0361,0.0147
41.26,28.39,0.1249,0.59,0.0476,0.0082
41.26,28.39,0.0973,0.56,0.0697,0.0523
41.26,28.39,0.067,0.52,0.075,0.014
41.26,28.39,0.0378,0.41,0.1032,0.2396
41.26,28.39,0.028,0.38,0.0983,0.0956
41.26,28.42,0.0321,0.38,0.1059,0.0337
41.26,28.42,0.0517,0.45,0.0999,0.043
41.26,28.42,0.0646,0.41,0.1079,0.0763
41.26,28.42,0.0909,0.45,0.1096,0.1049
41.26,28.42,0.1096,0.48,0.1087,0.0387
41.26,28.42,0.1397,0.58,0.0686,0.0258
41.26,28.42,0.1521,0.65,0.0361,0.0147
41.26,28.42,0.1249,0.59,0.0476,0.0082
41.26,28.42,0.0973,0.56,0.0697,0.0523
41.26,28.42,0.067,0.52,0.075,0.014
41.26,28.42,0.0378,0.41,0.1032,0.2396
41.26,28.42,0.028,0.38,0.0983,0.0956
41.26,28.45,0.0321,0.38,0.1059,0.0372
41.26,28.45,0.0517,0.45,0.0999,0.0691
41.26,28.45,0.0646,0.41,0.1079,0.0942
41.26,28.45,0.0909,0.45,0.1096,0.0999
41.26,28.45,0.1096,0.48,0.1087,0.039
41.26,28.45,0.1397,0.58,0.0686,0.0197
41.26,28.45,0.1521,0.65,0.0361,0.0122
41.26,28.45,0.1249,0.59,0.0476,0.009
41.26,28.45,0.0973,0.56,0.0697,0.0727
41.26,28.45,0.067,0.52,0.075,0.0229
41.26,28.45,0.0378,0.41,0.1032,0.2869
41.26,28.45,0.028,0.38,0.0983,0.0978
41.26,28.48,0.0321,0.38,0.1059,0.0372
41.26,28.48,0.0517,0.45,0.0999,0.0691
41.26,28.48,0.0646,0.41,0.1079,0.0942
41.26,28.48,0.0909,0.45,0.1096,0.0999
41.26,28.48,0.1096,0.48,0.1087,0.039
41.26,28.48,0.1397,0.58,0.0686,0.0197
41.26,28.48,0.1521,0.65,0.0361,0.0122
41.26,28.48,0.1249,0.59,0.0476,0.009
41.26,28.48,0.0973,0.56,0.0697,0.0727
41.26,28.48,0.067,0.52,0.075,0.0229
41.26,28.48,0.0378,0.41,0.1032,0.2869
41.26,28.48,0.028,0.38,0.0983,0.0978
41.26,28.51,0.0321,0.38,0.1059,0.0372
41.26,28.51,0.0517,0.45,0.0999,0.0691
41.26,28.51,0.0646,0.41,0.1079,0.0942
41.26,28.51,0.0909,0.45,0.1096,0.0999
41.26,28.51,0.1096,0.48,0.1087,0.039
41.26,28.51,0.1397,0.58,0.0686,0.0197
41.26,28.51,0.1521,0.65,0.0361,0.0122
41.26,28.51,0.1249,0.59,0.0476,0.009
41.26,28.51,0.0973,0.56,0.0697,0.0727
41.26,28.51,0.067,0.52,0.075,0.0229
41.26,28.51,0.0378,0.41,0.1032,0.2869
41.26,28.51,0.028,0.38,0.0983,0.0978
41.26,28.54,0.0321,0.38,0.1059,0.0372
41.26,28.54,0.0517,0.45,0.0999,0.0691
41.26,28.54,0.0646,0.41,0.1079,0.0942
41.26,28.54,0.0909,0.45,0.1096,0.0999
41.26,28.54,0.1096,0.48,0.1087,0.039
41.26,28.54,0.1397,0.58,0.0686,0.0197
41.26,28.54,0.1521,0.65,0.0361,0.0122
41.26,28.54,0.1249,0.59,0.0476,0.009
41.26,28.54,0.0973,0.56,0.0697,0.0727
41.26,28.54,0.067,0.52,0.075,0.0229
41.26,28.54,0.0378,0.41,0.1032,0.2869
41.26,28.54,0.028,0.38,0.0983,0.0978
41.26,28.57,0.0321,0.38,0.1059,0.0372
41.26,28.57,0.0517,0.45,0.0999,0.0691
41.26,28.57,0.0646,0.41,0.1079,0.0942
41.26,28.57,0.0909,0.45,0.1096,0.0999
41.26,28.57,0.1096,0.48,0.1087,0.039
41.26,28.57,0.1397,0.58,0.0686,0.0197
41.26,28.57,0.1521,0.65,0.0361,0.0122
41.26,28.57,0.1249,0.59,0.0476,0.009
41.26,28.57,0.0973,0.56,0.0697,0.0727
41.26,28.57,0.067,0.52,0.075,0.0229
41.26,28.57,0.0378,0.41,0.1032,0.2869
41.26,28.57,0.028,0.38,0.0983,0.0978
41.26,28.6,0.0321,0.38,0.1059,0.0372
41.26,28.6,0.0517,0.45,0.0999,0.0691
41.26,28.6,0.0646,0.41,0.1079,0.0942
41.26,28.6,0.0909,0.45,0.1096,0.0999
41.26,28.6,0.1096,0.48,0.1087,0.039
41.26,28.6,0.1397,0.58,0.0686,0.0197
41.26,28.6,0.1521,0.65,0.0361,0.0122
41.26,28.6,0.1249,0.59,0.0476,0.009
41.26,28.6,0.0973,0.56,0.0697,0.0727
41.26,28.6,0.067,0.52,0.075,0.0229
41.26,28.6,0.0378,0.41,0.1032,0.2869
41.26,28.6,0.028,0.38,0.0983,0.0978
41.26,28.63,0.0321,0.38,0.1059,0.0372
41.26,28.63,0.0517,0.45,0.0999,0.0691
41.26,28.63,0.0646,0.41,0.1079,0.0942
41.26,28.63,0.0909,0.45,0.1096,0.0999
41.26,28.63,0.1096,0.48,0.1087,0.039
41.26,28.63,0.1397,0.58,0.0686,0.0197
41.26,28.63,0.1521,0.65,0.0361,0.0122
41.26,28.63,0.1249,0.59,0.0476,0.009
41.26,28.63,0.0973,0.56,0.0697,0.0727
41.26,28.63,0.067,0.52,0.075,0.0229
41.26,28.63,0.0378,0.41,0.1032,0.2869
41.26,28.63,0.028,0.38,0.0983,0.0978
41.26,28.66,0.0321,0.38,0.1059,0.0372
41.26,28.66,0.0517,0.45,0.0999,0.0691
41.26,28.66,0.0646,0.41,0.1079,0.0942
41.26,28.66,0.0909,0.45,0.1096,0.0999
41.26,28.66,0.1096,0.48,0.1087,0.039
41.26,28.66,0.1397,0.58,0.0686,0.0197
41.26,28.66,0.1521,0.65,0.0361,0.0122
41.26,28.66,0.1249,0.59,0.0476,0.009
41.26,28.66,0.0973,0.56,0.0697,0.0727
41.26,28.66,0.067,0.52,0.075,0.0229
41.26,28.66,0.0378,0.41,0.1032,0.2869
41.26,28.66,0.028,0.38,0.0983,0.0978
41.26,28.69,0.0321,0.38,0.1059,0.0372
41.26,28.69,0.0517,0.45,0.0999,0.0691
41.26,28.69,0.0646,0.41,0.1079,0.0942
41.26,28.69,0.0909,0.45,0.1096,0.0999
41.26,28.69,0.1096,0.48,0.1087,0.039
41.26,28.69,0.1397,0.58,0.0686,0.0197
41.26,28.69,0.1521,0.65,0.0361,0.0122
41.26,28.69,0.1249,0.59,0.0476,0.009
41.26,28.69,0.0973,0.56,0.0697,0.0727
41.26,28.69,0.067,0.52,0.075,0.0229
41.26,28.69,0.0378,0.41,0.1032,0.2869
41.26,28.69,0.028,0.38,0.0983,0.0978
41.26,28.72,0.0321,0.38,0.1059,0.0372
41.26,28.72,0.0517,0.45,0.0999,0.0691
41.26,28.72,0.0646,0.41,0.1079,0.0942
41.26,28.72,0.0909,0.45,0.1096,0.0999
41.26,28.72,0.1096,0.48,0.1087,0.039
41.26,28.72,0.1397,0.58,0.0686,0.0197
41.26,28.72,0.1521,0.65,0.0361,0.0122
41.26,28.72,0.1249,0.59,0.0476,0.009
41.26,28.72,0.0973,0.56,0.0697,0.0727
41.26,28.72,0.067,0.52,0.075,0.0229
41.26,28.72,0.0378,0.41,0.1032,0.2869
41.26,28.72,0.028,0.38,0.0983,0.0978
41.26,28.75,0.0321,0.38,0.1059,0.0372
41.26,28.75,0.0517,0.45,0.0999,0.0691
41.26,28.75,0.0646,0.41,0.1079,0.0942
41.26,28.75,0.0909,0.45,0.1096,0.0999
41.26,28.75,0.1096,0.48,0.1087,0.039
41.26,28.75,0.1397,0.58,0.0686,0.0197
41.26,28.75,0.1521,0.65,0.0361,0.0122
41.26,28.75,0.1249,0.59,0.0476,0.009
41.26,28.75,0.0973,0.56,0.0697,0.0727
41.26,28.75,0.067,0.52,0.075,0.0229
41.26,28.75,0.0378,0.41,0.1032,0.2869
41.26,28.75,0.028,0.38,0.0983,0.0978
41.26,28.78,0.0321,0.38,0.1059,0.0372
41.26,28.78,0.0517,0.45,0.0999,0.0691
41.26,28.78,0.0646,0.41,0.1079,0.0942
41.26,28.78,0.0909,0.45,0.1096,0.0999
41.26,28.78,0.1096,0.48,0.1087,0.039
41.26,28.78,0.1397,0.58,0.0686,0.0197
41.26,28.78,0.1521,0.65,0.0361,0.0122
41.26,28.78,0.1249,0.59,0.0476,0.009
41.26,28.78,0.0973,0.56,0.0697,0.0727
41.26,28.78,0.067,0.52,0.075,0.0229
41.26,28.78,0.0378,0.41,0.1032,0.2869
41.26,28.78,0.028,0.38,0.0983,0.0978
41.26,28.81,0.0321,0.38,0.1059,0.0372
41.26,28.81,0.0517,0.45,0.0999,0.0691
41.26,28.81,0.0646,0.41,0.1079,0.0942
41.26,28.81,0.0909,0.45,0.1096,0.0999
41.26,28.81,0.1096,0.48,0.1087,0.039
41.26,28.81,0.1397,0.58,0.0686,0.0197
41.26,28.81,0.1521,0.65,0.0361,0.0122
41.26,28.81,0.1249,0.59,0.0476,0.009
41.26,28.81,0.0973,0.56,0.0697,0.0727
41.26,28.81,0.067,0.52,0.075,0.0229
41.26,28.81,0.0378,0.41,0.1032,0.2869
41.26,28.81,0.028,0.38,0.0983,0.0978
41.26,28.84,0.0321,0.38,0.1059,0.0372
41.26,28.84,0.0517,0.45,0.0999,0.0691
41.26,28.84,0.0646,0.41,0.1079,0.0942
41.26,28.84,0.0909,0.45,0.1096,0.0999
41.26,28.84,0.1096,0.48,0.1087,0.039
41.26,28.84,0.1397,0.58,0.0686,0.0197
41.26,28.84,0.1521,0.65,0.0361,0.0122
41.26,28.84,0.1249,0.59,0.0476,0.009
41.26,28.84,0.0973,0.56,0.0697,0.0727
41.26,28.84,0.067,0.52,0.075,0.0229
41.26,28.84,0.0378,0.41,0.1032,0.2869
41.26,28.84,0.028,0.38,0.0983,0.0978
41.26,28.87,0.0321,0.38,0.1059,0.0372
41.26,28.87,0.0517,0.45,0.0999,0.0691
41.26,28.87,0.0646,0.41,0.1079,0.0942
41.26,28.87,0.0909,0.45,0.1096,0.0999
41.26,28.87,0.1096,0.48,0.1087,0.039
41.26,28.87,0.1397,0.58,0.0686,0.0197
41.26,28.87,0.1521,0.65,0.0361,0.0122
41.26,28.87,0.1249,0.59,0.0476,0.009
41.26,28.87,0.0973,0.56,0.0697,0.0727
41.26,28.87,0.067,0.52,0.075,0.0229
41.26,28.87,0.0378,0.41,0.1032,0.2869
41.26,28.87,0.028,0.38,0.0983,0.0978
41.26,28.9,0.0321,0.38,0.1059,0.0372
41.26,28.9,0.0517,0.45,0.0999,0.0691
41.26,28.9,0.0646,0.41,0.1079,0.0942
41.26,28.9,0.0909,0.45,0.1096,0.0999
41.26,28.9,0.1096,0.48,0.1087,0.039
41.26,28.9,0.1397,0.58,0.0686,0.0197
41.26,28.9,0.1521,0.65,0.0361,0.0122
41.26,28.9,0.1249,0.59,0.0476,0.009
41.26,28.9,0.0973,0.56,0.0697,0.0727
41.26,28.9,0.067,0.52,0.075,0.0229
41.26,28.9,0.0378,0.41,0.1032,0.2869
41.26,28.9,0.028,0.38,0.0983,0.0978
41.28,28.09,0.0321,0.38,0.1059,0.0337
41.28,28.09,0.0517,0.45,0.0999,0.043
41.28,28.09,0.0646,0.41,0.1079,0.0763
41.28,28.09,0.0909,0.45,0.1096,0.1049
41.28,28.09,0.1096,0.48,0.1087,0.0387
41.28,28.09,0.1397,0.58,0.0686,0.0258
41.28,28.09,0.1521,0.65,0.0361,0.0147
41.28,28.09,0.1249,0.59,0.0476,0.0082
41.28,28.09,0.0973,0.56,0.0697,0.0523
41.28,28.09,0.067,0.52,0.075,0.014
41.28,28.09,0.0378,0.41,0.1032,0.2396
41.28,28.09,0.028,0.38,0.0983,0.0956
41.28,28.12,0.0321,0.38,0.1059,0.0337
41.28,28.12,0.0517,0.45,0.0999,0.043
41.28,28.12,0.0646,0.41,0.1079,0.0763
41.28,28.12,0.0909,0.45,0.1096,0.1049
41.28,28.12,0.1096,0.48,0.1087,0.0387
41.28,28.12,0.1397,0.58,0.0686,0.0258
41.28,28.12,0.1521,0.65,0.0361,0.0147
41.28,28.12,0.1249,0.59,0.0476,0.0082
41.28,28.12,0.0973,0.56,0.0697,0.0523
41.28,28.12,0.067,0.52,0.075,0.014
41.28,28.12,0.0378,0.41,0.1032,0.2396
41.28,28.12,0.028,0.38,0.0983,0.0956
41.28,28.15,0.0321,0.38,0.1059,0.0337
41.28,28.15,0.0517,0.45,0.0999,0.043
41.28,28.15,0.0646,0.41,0.1079,0.0763
41.28,28.15,0.0909,0.45,0.1096,0.1049
41.28,28.15,0.1096,0.48,0.1087,0.0387
41.28,28.15,0.1397,0.58,0.0686,0.0258
41.28,28.15,0.1521,0.65,0.0361,0.0147
41.28,28.15,0.1249,0.59,0.0476,0.0082
41.28,28.15,0.0973,0.56,0.0697,0.0523
41.28,28.15,0.067,0.52,0.075,0.014
41.28,28.15,0.0378,0.41,0.1032,0.2396
41.28,28.15,0.028,0.38,0.0983,0.0956
41.28,28.18,0.0321,0.38,0.1059,0.0337
41.28,28.18,0.0517,0.45,0.0999,0.043
41.28,28.18,0.0646,0.41,0.1079,0.0763
41.28,28.18,0.0909,0.45,0.1096,0.1049
41.28,28.18,0.1096,0.48,0.1087,0.0387
41.28,28.18,0.1397,0.58,0.0686,0.0258
41.28,28.18,0.1521,0.65,0.0361,0.0147
41.28,28.18,0.1249,0.59,0.0476,0.0082
41.28,28.18,0.0973,0.56,0.0697,0.0523
41.28,28.18,0.067,0.52,0.075,0.014
41.28,28.18,0.0378,0.41,0.1032,0.2396
41.28,28.18,0.028,0.38,0.0983,0.0956
41.28,28.21,0.0321,0.38,0.1059,0.0337
41.28,28.21,0.0517,0.45,0.0999,0.043
41.28,28.21,0.0646,0.41,0.1079,0.0763
41.28,28.21,0.0909,0.45,0.1096,0.1049
41.28,28.21,0.1096,0.48,0.1087,0.0387
41.28,28.21,0.1397,0.58,0.0686,0.0258
41.28,28.21,0.1521,0.65,0.0361,0.0147
41.28,28.21,0.1249,0.59,0.0476,0.0082
41.28,28.21,0.0973,0.56,0.0697,0.0523
41.28,28.21,0.067,0.52,0.075,0.014
41.28,28.21,0.0378,0.41,0.1032,0.2396
41.28,28.21,0.028,0.38,0.0983,0.0956
41.28,28.24,0.0321,0.38,0.1059,0.0337
41.28,28.24,0.0517,0.45,0.0999,0.043
41.28,28.24,0.0646,0.41,0.1079,0.0763
41.28,28.24,0.0909,0.45,0.1096,0.1049
41.28,28.24,0.1096,0.48,0.1087,0.0387
41.28,28.24,0.1397,0.58,0.0686,0.0258
41.28,28.24,0.1521,0.65,0.0361,0.0147
41.28,28.24,0.1249,0.59,0.0476,0.0082
41.28,28.24,0.0973,0.56,0.0697,0.0523
41.28,28.24,0.067,0.52,0.075,0.014
41.28,28.24,0.0378,0.41,0.1032,0.2396
41.28,28.24,0.028,0.38,0.0983,0.0956
41.28,28.27,0.0321,0.38,0.1059,0.0337
41.28,28.27,0.0517,0.45,0.0999,0.043
41.28,28.27,0.0646,0.41,0.1079,0.0763
41.28,28.27,0.0909,0.45,0.1096,0.1049
41.28,28.27,0.1096,0.48,0.1087,0.0387
41.28,28.27,0.1397,0.58,0.0686,0.0258
41.28,28.27,0.1521,0.65,0.0361,0.0147
41.28,28.27,0.1249,0.59,0.0476,0.0082
41.28,28.27,0.0973,0.56,0.0697,0.0523
41.28,28.27,0.067,0.52,0.075,0.014
41.28,28.27,0.0378,0.41,0.1032,0.2396
41.28,28.27,0.028,0.38,0.0983,0.0956
41.28,28.3,0.0321,0.38,0.1059,0.0337
41.28,28.3,0.0517,0.45,0.0999,0.043
41.28,28.3,0.0646,0.41,0.1079,0.0763
41.28,28.3,0.0909,0.45,0.1096,0.1049
41.28,28.3,0.1096,0.48,0.1087,0.0387
41.28,28.3,0.1397,0.58,0.0686,0.0258
41.28,28.3,0.1521,0.65,0.0361,0.0147
41.28,28.3,0.1249,0.59,0.0476,0.0082
41.28,28.3,0.0973,0.56,0.0697,0.0523
41.28,28.3,0.067,0.52,0.075,0.014
41.28,28.3,0.0378,0.41,0.1032,0.2396
41.28,28.3,0.028,0.38,0.0983,0.0956
41.28,28.33,0.0321,0.38,0.1059,0.0337
41.28,28.33,0.0517,0.45,0.0999,0.043
41.28,28.33,0.0646,0.41,0.1079,0.0763
41.28,28.33,0.0909,0.45,0.1096,0.1049
41.28,28.33,0.1096,0.48,0.1087,0.0387
41.28,28.33,0.1397,0.58,0.0686,0.0258
41.28,28.33,0.1521,0.65,0.0361,0.0147
41.28,28.33,0.1249,0.59,0.0476,0.0082
41.28,28.33,0.0973,0.56,0.0697,0.0523
41.28,28.33,0.067,0.52,0.075,0.014
41.28,28.33,0.0378,0.41,0.1032,0.2396
41.28,28.33,0.028,0.38,0.0983,0.0956
41.28,28.36,0.0321,0.38,0.1059,0.0337
41.28,28.36,0.0517,0.45,0.0999,0.043
41.28,28.36,0.0646,0.41,0.1079,0.0763
41.28,28.36,0.0909,0.45,0.1096,0.1049
41.28,28.36,0.1096,0.48,0.1087,0.0387
41.28,28.36,0.1397,0.58,0.0686,0.0258
41.28,28.36,0.1521,0.65,0.0361,0.0147
41.28,28.36,0.1249,0.59,0.0476,0.0082
41.28,28.36,0.0973,0.56,0.0697,0.0523
41.28,28.36,0.067,0.52,0.075,0.014
41.28,28.36,0.0378,0.41,0.1032,0.2396
41.28,28.36,0.028,0.38,0.0983,0.0956
41.28,28.39,0.0321,0.38,0.1059,0.0337
41.28,28.39,0.0517,0.45,0.0999,0.043
41.28,28.39,0.0646,0.41,0.1079,0.0763
41.28,28.39,0.0909,0.45,0.1096,0.1049
41.28,28.39,0.1096,0.48,0.1087,0.0387
41.28,28.39,0.1397,0.58,0.0686,0.0258
41.28,28.39,0.1521,0.65,0.0361,0.0147
41.28,28.39,0.1249,0.59,0.0476,0.0082
41.28,28.39,0.0973,0.56,0.0697,0.0523
41.28,28.39,0.067,0.52,0.075,0.014
41.28,28.39,0.0378,0.41,0.1032,0.2396
41.28,28.39,0.028,0.38,0.0983,0.0956
41.28,28.42,0.0321,0.38,0.1059,0.0337
41.28,28.42,0.0517,0.45,0.0999,0.043
41.28,28.42,0.0646,0.41,0.1079,0.0763
41.28,28.42,0.0909,0.45,0.1096,0.1049
41.28,28.42,0.1096,0.48,0.1087,0.0387
41.28,28.42,0.1397,0.58,0.0686,0.0258
41.28,28.42,0.1521,0.65,0.0361,0.0147
41.28,28.42,0.1249,0.59,0.0476,0.0082
41.28,28.42,0.0973,0.56,0.0697,0.0523
41.28,28.42,0.067,0.52,0.075,0.014
41.28,28.42,0.0378,0.41,0.1032,0.2396
41.28,28.42,0.028,0.38,0.0983,0.0956
41.28,28.45,0.0321,0.38,0.1059,0.0372
41.28,28.45,0.0517,0.45,0.0999,0.0691
41.28,28.45,0.0646,0.41,0.1079,0.0942
41.28,28.45,0.0909,0.45,0.1096,0.0999
41.28,28.45,0.1096,0.48,0.1087,0.039
41.28,28.45,0.1397,0.58,0.0686,0.0197
41.28,28.45,0.1521,0.65,0.0361,0.0122
41.28,28.45,0.1249,0.59,0.0476,0.009
41.28,28.45,0.0973,0.56,0.0697,0.0727
41.28,28.45,0.067,0.52,0.075,0.0229
41.28,28.45,0.0378,0.41,0.1032,0.2869
41.28,28.45,0.028,0.38,0.0983,0.0978
41.28,28.48,0.0321,0.38,0.1059,0.0372
41.28,28.48,0.0517,0.45,0.0999,0.0691
41.28,28.48,0.0646,0.41,0.1079,0.0942
41.28,28.48,0.0909,0.45,0.1096,0.0999
41.28,28.48,0.1096,0.48,0.1087,0.039
41.28,28.48,0.1397,0.58,0.0686,0.0197
41.28,28.48,0.1521,0.65,0.0361,0.0122
41.28,28.48,0.1249,0.59,0.0476,0.009
41.28,28.48,0.0973,0.56,0.0697,0.0727
41.28,28.48,0.067,0.52,0.075,0.0229
41.28,28.48,0.0378,0.41,0.1032,0.2869
41.28,28.48,0.028,0.38,0.0983,0.0978
41.28,28.51,0.0321,0.38,0.1059,0.0372
41.28,28.51,0.0517,0.45,0.0999,0.0691
41.28,28.51,0.0646,0.41,0.1079,0.0942
41.28,28.51,0.0909,0.45,0.1096,0.0999
41.28,28.51,0.1096,0.48,0.1087,0.039
41.28,28.51,0.1397,0.58,0.0686,0.0197
41.28,28.51,0.1521,0.65,0.0361,0.0122
41.28,28.51,0.1249,0.59,0.0476,0.009
41.28,28.51,0.0973,0.56,0.0697,0.0727
41.28,28.51,0.067,0.52,0.075,0.0229
41.28,28.51,0.0378,0.41,0.1032,0.2869
41.28,28.51,0.028,0.38,0.0983,0.0978
41.28,28.54,0.0321,0.38,0.1059,0.0372
41.28,28.54,0.0517,0.45,0.0999,0.0691
41.28,28.54,0.0646,0.41,0.1079,0.0942
41.28,28.54,0.0909,0.45,0.1096,0.0999
41.28,28.54,0.1096,0.48,0.1087,0.039
41.28,28.54,0.1397,0.58,0.0686,0.0197
41.28,28.54,0.1521,0.65,0.0361,0.0122
41.28,28.54,0.1249,0.59,0.0476,0.009
41.28,28.54,0.0973,0.56,0.0697,0.0727
41.28,28.54,0.067,0.52,0.075,0.0229
41.28,28.54,0.0378,0.41,0.1032,0.2869
41.28,28.54,0.028,0.38,0.0983,0.0978
41.28,28.57,0.0321,0.38,0.1059,0.0372
41.28,28.57,0.0517,0.45,0.0999,0.0691
41.28,28.57,0.0646,0.41,0.1079,0.0942
41.28,28.57,0.0909,0.45,0.1096,0.0999
41.28,28.57,0.1096,0.48,0.1087,0.039
41.28,28.57,0.1397,0.58,0.0686,0.0197
41.28,28.57,0.1521,0.65,0.0361,0.0122
41.28,28.57,0.1249,0.59,0.0476,0.009
41.28,28.57,0.0973,0.56,0.0697,0.0727
41.28,28.57,0.067,0.52,0.075,0.0229
41.28,28.57,0.0378,0.41,0.1032,0.2869
41.28,28.57,0.028,0.38,0.0983,0.0978
41.28,28.6,0.0321,0.38,0.1059,0.0372
41.28,28.6,0.0517,0.45,0.0999,0.0691
41.28,28.6,0.0646,0.41,0.1079,0.0942
41.28,28.6,0.0909,0.45,0.1096,0.0999
41.28,28.6,0.1096,0.48,0.1087,0.039
41.28,28.6,0.1397,0.58,0.0686,0.0197
41.28,28.6,0.1521,0.65,0.0361,0.0122
41.28,28.6,0.1249,0.59,0.0476,0.009
41.28,28.6,0.0973,0.56,0.0697,0.0727
41.28,28.6,0.067,0.52,0.075,0.0229
41.28,28.6,0.0378,0.41,0.1032,0.2869
41.28,28.6,0.028,0.38,0.0983,0.0978
41.28,28.63,0.0321,0.38,0.1059,0.0372
41.28,28.63,0.0517,0.45,0.0999,0.0691
41.28,28.63,0.0646,0.41,0.1079,0.0942
41.28,28.63,0.0909,0.45,0.1096,0.0999
41.28,28.63,0.1096,0.48,0.1087,0.039
41.28,28.63,0.1397,0.58,0.0686,0.0197
41.28,28.63,0.1521,0.65,0.0361,0.0122
41.28,28.63,0.1249,0.59,0.0476,0.009
41.28,28.63,0.0973,0.56,0.0697,0.0727
41.28,28.63,0.067,0.52,0.075,0.0229
41.28,28.63,0.0378,0.41,0.1032,0.2869
41.28,28.63,0.028,0.38,0.0983,0.0978
41.28,28.66,0.0321,0.38,0.1059,0.0372
41.28,28.66,0.0517,0.45,0.0999,0.0691
41.28,28.66,0.0646,0.41,0.1079,0.0942
41.28,28.66,0.0909,0.45,0.1096,0.0999
41.28,28.66,0.1096,0.48,0.1087,0.039
41.28,28.66,0.1397,0.58,0.0686,0.0197
41.28,28.66,0.1521,0.65,0.0361,0.0122
41.28,28.66,0.1249,0.59,0.0476,0.009
41.28,28.66,0.0973,0.56,0.0697,0.0727
41.28,28.66,0.067,0.52,0.075,0.0229
41.28,28.66,0.0378,0.41,0.1032,0.2869
41.28,28.66,0.028,0.38,0.0983,0.0978
41.28,28.69,0.0321,0.38,0.1059,0.0372
41.28,28.69,0.0517,0.45,0.0999,0.0691
41.28,28.69,0.0646,0.41,0.1079,0.0942
41.28,28.69,0.0909,0.45,0.1096,0.0999
41.28,28.69,0.1096,0.48,0.1087,0.039
41.28,28.69,0.1397,0.58,0.0686,0.0197
41.28,28.69,0.1521,0.65,0.0361,0.0122
41.28,28.69,0.1249,0.59,0.0476,0.009
41.28,28.69,0.0973,0.56,0.0697,0.0727
41.28,28.69,0.067,0.52,0.075,0.0229
41.28,28.69,0.0378,0.41,0.1032,0.2869
41.28,28.69,0.028,0.38,0.0983,0.0978
41.28,28.72,0.0321,0.38,0.1059,0.0372
41.28,28.72,0.0517,0.45,0.0999,0.0691
41.28,28.72,0.0646,0.41,0.1079,0.0942
41.28,28.72,0.0909,0.45,0.1096,0.0999
41.28,28.72,0.1096,0.48,0.1087,0.039
41.28,28.72,0.1397,0.58,0.0686,0.0197
41.28,28.72,0.1521,0.65,0.0361,0.0122
41.28,28.72,0.1249,0.59,0.0476,0.009
41.28,28.72,0.0973,0.56,0.0697,0.0727
41.28,28.72,0.067,0.52,0.075,0.0229
41.28,28.72,0.0378,0.41,0.1032,0.2869
41.28,28.72,0.028,0.38,0.0983,0.0978
41.28,28.75,0.0321,0.38,0.1059,0.0372
41.28,28.75,0.0517,0.45,0.0999,0.0691
41.28,28.75,0.0646,0.41,0.1079,0.0942
41.28,28.75,0.0909,0.45,0.1096,0.0999
41.28,28.75,0.1096,0.48,0.1087,0.039
41.28,28.75,0.1397,0.58,0.0686,0.0197
41.28,28.75,0.1521,0.65,0.0361,0.0122
41.28,28.75,0.1249,0.59,0.0476,0.009
41.28,28.75,0.0973,0.56,0.0697,0.0727
41.28,28.75,0.067,0.52,0.075,0.0229
41.28,28.75,0.0378,0.41,0.1032,0.2869
41.28,28.75,0.028,0.38,0.0983,0.0978
41.28,28.78,0.0321,0.38,0.1059,0.0372
41.28,28.78,0.0517,0.45,0.0999,0.0691
41.28,28.78,0.0646,0.41,0.1079,0.0942
41.28,28.78,0.0909,0.45,0.1096,0.0999
41.28,28.78,0.1096,0.48,0.1087,0.039
41.28,28.78,0.1397,0.58,0.0686,0.0197
41.28,28.78,0.1521,0.65,0.0361,0.0122
41.28,28.78,0.1249,0.59,0.0476,0.009
41.28,28.78,0.0973,0.56,0.0697,0.0727
41.28,28.78,0.067,0.52,0.075,0.0229
41.28,28.78,0.0378,0.41,0.1032,0.2869
41.28,28.78,0.028,0.38,0.0983,0.0978
41.28,28.81,0.0321,0.38,0.1059,0.0372
41.28,28.81,0.0517,0.45,0.0999,0.0691
41.28,28.81,0.0646,0.41,0.1079,0.0942
41.28,28.81,0.0909,0.45,0.1096,0.0999
41.28,28.81,0.1096,0.48,0.1087,0.039
41.28,28.81,0.1397,0.58,0.0686,0.0197
41.28,28.81,0.1521,0.65,0.0361,0.0122
41.28,28.81,0.1249,0.59,0.0476,0.009
41.28,28.81,0.0973,0.56,0.0697,0.0727
41.28,28.81,0.067,0.52,0.075,0.0229
41.28,28.81,0.0378,0.41,0.1032,0.2869
41.28,28.81,0.028,0.38,0.0983,0.0978
41.28,28.84,0.0321,0.38,0.1059,0.0372
41.28,28.84,0.0517,0.45,0.0999,0.0691
41.28,28.84,0.0646,0.41,0.1079,0.0942
41.28,28.84,0.0909,0.45,0.1096,0.0999
41.28,28.84,0.1096,0.48,0.1087,0.039
41.28,28.84,0.1397,0.58,0.0686,0.0197
41.28,28.84,0.1521,0.65,0.0361,0.0122
41.28,28.84,0.1249,0.59,0.0476,0.009
41.28,28.84,0.0973,0.56,0.0697,0.0727
41.28,28.84,0.067,0.52,0.075,0.0229
41.28,28.84,0.0378,0.41,0.1032,0.2869
41.28,28.84,0.028,0.38,0.0983,0.0978
41.3,28.09,0.0321,0.38,0.1059,0.0337
41.3,28.09,0.0517,0.45,0.0999,0.043
41.3,28.09,0.0646,0.41,0.1079,0.0763
41.3,28.09,0.0909,0.45,0.1096,0.1049
41.3,28.09,0.1096,0.48,0.1087,0.0387
41.3,28.09,0.1397,0.58,0.0686,0.0258
41.3,28.09,0.1521,0.65,0.0361,0.0147
41.3,28.09,0.1249,0.59,0.0476,0.0082
41.3,28.09,0.0973,0.56,0.0697,0.0523
41.3,28.09,0.067,0.52,0.075,0.014
41.3,28.09,0.0378,0.41,0.1032,0.2396
41.3,28.09,0.028,0.38,0.0983,0.0956
41.3,28.12,0.0321,0.38,0.1059,0.0337
41.3,28.12,0.0517,0.45,0.0999,0.043
41.3,28.12,0.0646,0.41,0.1079,0.0763
41.3,28.12,0.0909,0.45,0.1096,0.1049
41.3,28.12,0.1096,0.48,0.1087,0.0387
41.3,28.12,0.1397,0.58,0.0686,0.0258
41.3,28.12,0.1521,0.65,0.0361,0.0147
41.3,28.12,0.1249,0.59,0.0476,0.0082
41.3,28.12,0.0973,0.56,0.0697,0.0523
41.3,28.12,0.067,0.52,0.075,0.014
41.3,28.12,0.0378,0.41,0.1032,0.2396
41.3,28.12,0.028,0.38,0.0983,0.0956
41.3,28.15,0.0321,0.38,0.1059,0.0337
41.3,28.15,0.0517,0.45,0.0999,0.043
41.3,28.15,0.0646,0.41,0.1079,0.0763
41.3,28.15,0.0909,0.45,0.1096,0.1049
41.3,28.15,0.1096,0.48,0.1087,0.0387
41.3,28.15,0.1397,0.58,0.0686,0.0258
41.3,28.15,0.1521,0.65,0.0361,0.0147
41.3,28.15,0.1249,0.59,0.0476,0.0082
41.3,28.15,0.0973,0.56,0.0697,0.0523
41.3,28.15,0.067,0.52,0.075,0.014
41.3,28.15,0.0378,0.41,0.1032,0.2396
41.3,28.15,0.028,0.38,0.0983,0.0956
41.3,28.18,0.0321,0.38,0.1059,0.0337
41.3,28.18,0.0517,0.45,0.0999,0.043
41.3,28.18,0.0646,0.41,0.1079,0.0763
41.3,28.18,0.0909,0.45,0.1096,0.1049
41.3,28.18,0.1096,0.48,0.1087,0.0387
41.3,28.18,0.1397,0.58,0.0686,0.0258
41.3,28.18,0.1521,0.65,0.0361,0.0147
41.3,28.18,0.1249,0.59,0.0476,0.0082
41.3,28.18,0.0973,0.56,0.0697,0.0523
41.3,28.18,0.067,0.52,0.075,0.014
41.3,28.18,0.0378,0.41,0.1032,0.2396
41.3,28.18,0.028,0.38,0.0983,0.0956
41.3,28.21,0.0321,0.38,0.1059,0.0337
41.3,28.21,0.0517,0.45,0.0999,0.043
41.3,28.21,0.0646,0.41,0.1079,0.0763
41.3,28.21,0.0909,0.45,0.1096,0.1049
41.3,28.21,0.1096,0.48,0.1087,0.0387
41.3,28.21,0.1397,0.58,0.0686,0.0258
41.3,28.21,0.1521,0.65,0.0361,0.0147
41.3,28.21,0.1249,0.59,0.0476,0.0082
41.3,28.21,0.0973,0.56,0.0697,0.0523
41.3,28.21,0.067,0.52,0.075,0.014
41.3,28.21,0.0378,0.41,0.1032,0.2396
41.3,28.21,0.028,0.38,0.0983,0.0956
41.3,28.24,0.0321,0.38,0.1059,0.0337
41.3,28.24,0.0517,0.45,0.0999,0.043
41.3,28.24,0.0646,0.41,0.1079,0.0763
41.3,28.24,0.0909,0.45,0.1096,0.1049
41.3,28.24,0.1096,0.48,0.1087,0.0387
41.3,28.24,0.1397,0.58,0.0686,0.0258
41.3,28.24,0.1521,0.65,0.0361,0.0147
41.3,28.24,0.1249,0.59,0.0476,0.0082
41.3,28.24,0.0973,0.56,0.0697,0.0523
41.3,28.24,0.067,0.52,0.075,0.014
41.3,28.24,0.0378,0.41,0.1032,0.2396
41.3,28.24,0.028,0.38,0.0983,0.0956
41.3,28.27,0.0321,0.38,0.1059,0.0337
41.3,28.27,0.0517,0.45,0.0999,0.043
41.3,28.27,0.0646,0.41,0.1079,0.0763
41.3,28.27,0.0909,0.45,0.1096,0.1049
41.3,28.27,0.1096,0.48,0.1087,0.0387
41.3,28.27,0.1397,0.58,0.0686,0.0258
41.3,28.27,0.1521,0.65,0.0361,0.0147
41.3,28.27,0.1249,0.59,0.0476,0.0082
41.3,28.27,0.0973,0.56,0.0697,0.0523
41.3,28.27,0.067,0.52,0.075,0.014
41.3,28.27,0.0378,0.41,0.1032,0.2396
41.3,28.27,0.028,0.38,0.0983,0.0956
41.3,28.3,0.0321,0.38,0.1059,0.0337
41.3,28.3,0.0517,0.45,0.0999,0.043
41.3,28.3,0.0646,0.41,0.1079,0.0763
41.3,28.3,0.0909,0.45,0.1096,0.1049
41.3,28.3,0.1096,0.48,0.1087,0.0387
41.3,28.3,0.1397,0.58,0.0686,0.0258
41.3,28.3,0.1521,0.65,0.0361,0.0147
41.3,28.3,0.1249,0.59,0.0476,0.0082
41.3,28.3,0.0973,0.56,0.0697,0.0523
41.3,28.3,0.067,0.52,0.075,0.014
41.3,28.3,0.0378,0.41,0.1032,0.2396
41.3,28.3,0.028,0.38,0.0983,0.0956
41.3,28.33,0.0321,0.38,0.1059,0.0337
41.3,28.33,0.0517,0.45,0.0999,0.043
41.3,28.33,0.0646,0.41,0.1079,0.0763
41.3,28.33,0.0909,0.45,0.1096,0.1049
41.3,28.33,0.1096,0.48,0.1087,0.0387
41.3,28.33,0.1397,0.58,0.0686,0.0258
41.3,28.33,0.1521,0.65,0.0361,0.0147
41.3,28.33,0.1249,0.59,0.0476,0.0082
41.3,28.33,0.0973,0.56,0.0697,0.0523
41.3,28.33,0.067,0.52,0.075,0.014
41.3,28.33,0.0378,0.41,0.1032,0.2396
41.3,28.33,0.028,0.38,0.0983,0.0956
41.3,28.36,0.0321,0.38,0.1059,0.0337
41.3,28.36,0.0517,0.45,0.0999,0.043
41.3,28.36,0.0646,0.41,0.1079,0.0763
41.3,28.36,0.0909,0.45,0.1096,0.1049
41.3,28.36,0.1096,0.48,0.1087,0.0387
41.3,28.36,0.1397,0.58,0.0686,0.0258
41.3,28.36,0.1521,0.65,0.0361,0.0147
41.3,28.36,0.1249,0.59,0.0476,0.0082
41.3,28.36,0.0973,0.56,0.0697,0.0523
41.3,28.36,0.067,0.52,0.075,0.014
41.3,28.36,0.0378,0.41,0.1032,0.2396
41.3,28.36,0.028,0.38,0.0983,0.0956
41.3,28.39,0.0321,0.38,0.1059,0.0337
41.3,28.39,0.0517,0.45,0.0999,0.043
41.3,28.39,0.0646,0.41,0.1079,0.0763
41.3,28.39,0.0909,0.45,0.1096,0.1049
41.3,28.39,0.1096,0.48,0.1087,0.0387
41.3,28.39,0.1397,0.58,0.0686,0.0258
41.3,28.39,0.1521,0.65,0.0361,0.0147
41.3,28.39,0.1249,0.59,0.0476,0.0082
41.3,28.39,0.0973,0.56,0.0697,0.0523
41.3,28.39,0.067,0.52,0.075,0.014
41.3,28.39,0.0378,0.41,0.1032,0.2396
41.3,28.39,0.028,0.38,0.0983,0.0956
41.3,28.42,0.0321,0.38,0.1059,0.0337
41.3,28.42,0.0517,0.45,0.0999,0.043
41.3,28.42,0.0646,0.41,0.1079,0.0763
41.3,28.42,0.0909,0.45,0.1096,0.1049
41.3,28.42,0.1096,0.48,0.1087,0.0387
41.3,28.42,0.1397,0.58,0.0686,0.0258
41.3,28.42,0.1521,0.65,0.0361,0.0147
41.3,28.42,0.1249,0.59,0.0476,0.0082
41.3,28.42,0.0973,0.56,0.0697,0.0523
41.3,28.42,0.067,0.52,0.075,0.014
41.3,28.42,0.0378,0.41,0.1032,0.2396
41.3,28.42,0.028,0.38,0.0983,0.0956
41.3,28.45,0.0321,0.38,0.1059,0.0372
41.3,28.45,0.0517,0.45,0.0999,0.0691
41.3,28.45,0.0646,0.41,0.1079,0.0942
41.3,28.45,0.0909,0.45,0.1096,0.0999
41.3,28.45,0.1096,0.48,0.1087,0.039
41.3,28.45,0.1397,0.58,0.0686,0.0197
41.3,28.45,0.1521,0.65,0.0361,0.0122
41.3,28.45,0.1249,0.59,0.0476,0.009
41.3,28.45,0.0973,0.56,0.0697,0.0727
41.3,28.45,0.067,0.52,0.075,0.0229
41.3,28.45,0.0378,0.41,0.1032,0.2869
41.3,28.45,0.028,0.38,0.0983,0.0978
41.3,28.48,0.0321,0.38,0.1059,0.0372
41.3,28.48,0.0517,0.45,0.0999,0.0691
41.3,28.48,0.0646,0.41,0.1079,0.0942
41.3,28.48,0.0909,0.45,0.1096,0.0999
41.3,28.48,0.1096,0.48,0.1087,0.039
41.3,28.48,0.1397,0.58,0.0686,0.0197
41.3,28.48,0.1521,0.65,0.0361,0.0122
41.3,28.48,0.1249,0.59,0.0476,0.009
41.3,28.48,0.0973,0.56,0.0697,0.0727
41.3,28.48,0.067,0.52,0.075,0.0229
41.3,28.48,0.0378,0.41,0.1032,0.2869
41.3,28.48,0.028,0.38,0.0983,0.0978
41.3,28.51,0.0321,0.38,0.1059,0.0372
41.3,28.51,0.0517,0.45,0.0999,0.0691
41.3,28.51,0.0646,0.41,0.1079,0.0942
41.3,28.51,0.0909,0.45,0.1096,0.0999
41.3,28.51,0.1096,0.48,0.1087,0.039
41.3,28.51,0.1397,0.58,0.0686,0.0197
41.3,28.51,0.1521,0.65,0.0361,0.0122
41.3,28.51,0.1249,0.59,0.0476,0.009
41.3,28.51,0.0973,0.56,0.0697,0.0727
41.3,28.51,0.067,0.52,0.075,0.0229
41.3,28.51,0.0378,0.41,0.1032,0.2869
41.3,28.51,0.028,0.38,0.0983,0.0978
41.3,28.54,0.0321,0.38,0.1059,0.0372
41.3,28.54,0.0517,0.45,0.0999,0.0691
41.3,28.54,0.0646,0.41,0.1079,0.0942
41.3,28.54,0.0909,0.45,0.1096,0.0999
41.3,28.54,0.1096,0.48,0.1087,0.039
41.3,28.54,0.1397,0.58,0.0686,0.0197
41.3,28.54,0.1521,0.65,0.0361,0.0122
41.3,28.54,0.1249,0.59,0.0476,0.009
41.3,28.54,0.0973,0.56,0.0697,0.0727
41.3,28.54,0.067,0.52,0.075,0.0229
41.3,28.54,0.0378,0.41,0.1032,0.2869
41.3,28.54,0.028,0.38,0.0983,0.0978
41.3,28.57,0.0321,0.38,0.1059,0.0372
41.3,28.57,0.0517,0.45,0.0999,0.0691
41.3,28.57,0.0646,0.41,0.1079,0.0942
41.3,28.57,0.0909,0.45,0.1096,0.0999
41.3,28.57,0.1096,0.48,0.1087,0.039
41.3,28.57,0.1397,0.58,0.0686,0.0197
41.3,28.57,0.1521,0.65,0.0361,0.0122
41.3,28.57,0.1249,0.59,0.0476,0.009
41.3,28.57,0.0973,0.56,0.0697,0.0727
41.3,28.57,0.067,0.52,0.075,0.0229
41.3,28.57,0.0378,0.41,0.1032,0.2869
41.3,28.57,0.028,0.38,0.0983,0.0978
41.3,28.6,0.0321,0.38,0.1059,0.0372
41.3,28.6,0.0517,0.45,0.0999,0.0691
41.3,28.6,0.0646,0.41,0.1079,0.0942
41.3,28.6,0.0909,0.45,0.1096,0.0999
41.3,28.6,0.1096,0.48,0.1087,0.039
41.3,28.6,0.1397,0.58,0.0686,0.0197
41.3,28.6,0.1521,0.65,0.0361,0.0122
41.3,28.6,0.1249,0.59,0.0476,0.009
41.3,28.6,0.0973,0.56,0.0697,0.0727
41.3,28.6,0.067,0.52,0.075,0.0229
41.3,28.6,0.0378,0.41,0.1032,0.2869
41.3,28.6,0.028,0.38,0.0983,0.0978
41.3,28.63,0.0321,0.38,0.1059,0.0372
41.3,28.63,0.0517,0.45,0.0999,0.0691
41.3,28.63,0.0646,0.41,0.1079,0.0942
41.3,28.63,0.0909,0.45,0.1096,0.0999
41.3,28.63,0.1096,0.48,0.1087,0.039
41.3,28.63,0.1397,0.58,0.0686,0.0197
41.3,28.63,0.1521,0.65,0.0361,0.0122
41.3,28.63,0.1249,0.59,0.0476,0.009
41.3,28.63,0.0973,0.56,0.0697,0.0727
41.3,28.63,0.067,0.52,0.075,0.0229
41.3,28.63,0.0378,0.41,0.1032,0.2869
41.3,28.63,0.028,0.38,0.0983,0.0978
41.3,28.66,0.0321,0.38,0.1059,0.0372
41.3,28.66,0.0517,0.45,0.0999,0.0691
41.3,28.66,0.0646,0.41,0.1079,0.0942
41.3,28.66,0.0909,0.45,0.1096,0.0999
41.3,28.66,0.1096,0.48,0.1087,0.039
41.3,28.66,0.1397,0.58,0.0686,0.0197
41.3,28.66,0.1521,0.65,0.0361,0.0122
41.3,28.66,0.1249,0.59,0.0476,0.009
41.3,28.66,0.0973,0.56,0.0697,0.0727
41.3,28.66,0.067,0.52,0.075,0.0229
41.3,28.66,0.0378,0.41,0.1032,0.2869
41.3,28.66,0.028,0.38,0.0983,0.0978
41.3,28.69,0.0321,0.38,0.1059,0.0372
41.3,28.69,0.0517,0.45,0.0999,0.0691
41.3,28.69,0.0646,0.41,0.1079,0.0942
41.3,28.69,0.0909,0.45,0.1096,0.0999
41.3,28.69,0.1096,0.48,0.1087,0.039
41.3,28.69,0.1397,0.58,0.0686,0.0197
41.3,28.69,0.1521,0.65,0.0361,0.0122
41.3,28.69,0.1249,0.59,0.0476,0.009
41.3,28.69,0.0973,0.56,0.0697,0.0727
41.3,28.69,0.067,0.52,0.075,0.0229
41.3,28.69,0.0378,0.41,0.1032,0.2869
41.3,28.69,0.028,0.38,0.0983,0.0978
41.3,28.72,0.0321,0.38,0.1059,0.0372
41.3,28.72,0.0517,0.45,0.0999,0.0691
41.3,28.72,0.0646,0.41,0.1079,0.0942
41.3,28.72,0.0909,0.45,0.1096,0.0999
41.3,28.72,0.1096,0.48,0.1087,0.039
41.3,28.72,0.1397,0.58,0.0686,0.0197
41.3,28.72,0.1521,0.65,0.0361,0.0122
41.3,28.72,0.1249,0.59,0.0476,0.009
41.3,28.72,0.0973,0.56,0.0697,0.0727
41.3,28.72,0.067,0.52,0.075,0.0229
41.3,28.72,0.0378,0.41,0.1032,0.2869
41.3,28.72,0.028,0.38,0.0983,0.0978
41.3,28.75,0.0321,0.38,0.1059,0.0372
41.3,28.75,0.0517,0.45,0.0999,0.0691
41.3,28.75,0.0646,0.41,0.1079,0.0942
41.3,28.75,0.0909,0.45,0.1096,0.0999
41.3,28.75,0.1096,0.48,0.1087,0.039
41.3,28.75,0.1397,0.58,0.0686,0.0197
41.3,28.75,0.1521,0.65,0.0361,0.0122
41.3,28.75,0.1249,0.59,0.0476,0.009
41.3,28.75,0.0973,0.56,0.0697,0.0727
41.3,28.75,0.067,0.52,0.075,0.0229
41.3,28.75,0.0378,0.41,0.1032,0.2869
41.3,28.75,0.028,0.38,0.0983,0.0978
41.3,28.78,0.0321,0.38,0.1059,0.0372
41.3,28.78,0.0517,0.45,0.0999,0.0691
41.3,28.78,0.0646,0.41,0.1079,0.0942
41.3,28.78,0.0909,0.45,0.1096,0.0999
41.3,28.78,0.1096,0.48,0.1087,0.039
41.3,28.78,0.1397,0.58,0.0686,0.0197
41.3,28.78,0.1521,0.65,0.0361,0.0122
41.3,28.78,0.1249,0.59,0.0476,0.009
41.3,28.78,0.0973,0.56,0.0697,0.0727
41.3,28.78,0.067,0.52,0.075,0.0229
41.3,28.78,0.0378,0.41,0.1032,0.2869
41.3,28.78,0.028,0.38,0.0983,0.0978
41.32,28.09,0.0321,0.38,0.1059,0.0337
41.32,28.09,0.0517,0.45,0.0999,0.043
41.32,28.09,0.0646,0.41,0.1079,0.0763
41.32,28.09,0.0909,0.45,0.1096,0.1049
41.32,28.09,0.1096,0.48,0.1087,0.0387
41.32,28.09,0.1397,0.58,0.0686,0.0258
41.32,28.09,0.1521,0.65,0.0361,0.0147
41.32,28.09,0.1249,0.59,0.0476,0.0082
41.32,28.09,0.0973,0.56,0.0697,0.0523
41.32,28.09,0.067,0.52,0.075,0.014
41.32,28.09,0.0378,0.41,0.1032,0.2396
41.32,28.09,0.028,0.38,0.0983,0.0956
41.32,28.12,0.0321,0.38,0.1059,0.0337
41.32,28.12,0.0517,0.45,0.0999,0.043
41.32,28.12,0.0646,0.41,0.1079,0.0763
41.32,28.12,0.0909,0.45,0.1096,0.1049
41.32,28.12,0.1096,0.48,0.1087,0.0387
41.32,28.12,0.1397,0.58,0.0686,0.0258
41.32,28.12,0.1521,0.65,0.0361,0.0147
41.32,28.12,0.1249,0.59,0.0476,0.0082
41.32,28.12,0.0973,0.56,0.0697,0.0523
41.32,28.12,0.067,0.52,0.075,0.014
41.32,28.12,0.0378,0.41,0.1032,0.2396
41.32,28.12,0.028,0.38,0.0983,0.0956
41.32,28.15,0.0321,0.38,0.1059,0.0337
41.32,28.15,0.0517,0.45,0.0999,0.043
41.32,28.15,0.0646,0.41,0.1079,0.0763
41.32,28.15,0.0909,0.45,0.1096,0.1049
41.32,28.15,0.1096,0.48,0.1087,0.0387
41.32,28.15,0.1397,0.58,0.0686,0.0258
41.32,28.15,0.1521,0.65,0.0361,0.0147
41.32,28.15,0.1249,0.59,0.0476,0.0082
41.32,28.15,0.0973,0.56,0.0697,0.0523
41.32,28.15,0.067,0.52,0.075,0.014
41.32,28.15,0.0378,0.41,0.1032,0.2396
41.32,28.15,0.028,0.38,0.0983,0.0956
41.32,28.18,0.0321,0.38,0.1059,0.0337
41.32,28.18,0.0517,0.45,0.0999,0.043
41.32,28.18,0.0646,0.41,0.1079,0.0763
41.32,28.18,0.0909,0.45,0.1096,0.1049
41.32,28.18,0.1096,0.48,0.1087,0.0387
41.32,28.18,0.1397,0.58,0.0686,0.0258
41.32,28.18,0.1521,0.65,0.0361,0.0147
41.32,28.18,0.1249,0.59,0.0476,0.0082
41.32,28.18,0.0973,0.56,0.0697,0.0523
41.32,28.18,0.067,0.52,0.075,0.014
41.32,28.18,0.0378,0.41,0.1032,0.2396
41.32,28.18,0.028,0.38,0.0983,0.0956
41.32,28.21,0.0321,0.38,0.1059,0.0337
41.32,28.21,0.0517,0.45,0.0999,0.043
41.32,28.21,0.0646,0.41,0.1079,0.0763
41.32,28.21,0.0909,0.45,0.1096,0.1049
41.32,28.21,0.1096,0.48,0.1087,0.0387
41.32,28.21,0.1397,0.58,0.0686,0.0258
41.32,28.21,0.1521,0.65,0.0361,0.0147
41.32,28.21,0.1249,0.59,0.0476,0.0082
41.32,28.21,0.0973,0.56,0.0697,0.0523
41.32,28.21,0.067,0.52,0.075,0.014
41.32,28.21,0.0378,0.41,0.1032,0.2396
41.32,28.21,0.028,0.38,0.0983,0.0956
41.32,28.24,0.0321,0.38,0.1059,0.0337
41.32,28.24,0.0517,0.45,0.0999,0.043
41.32,28.24,0.0646,0.41,0.1079,0.0763
41.32,28.24,0.0909,0.45,0.1096,0.1049
41.32,28.24,0.1096,0.48,0.1087,0.0387
41.32,28.24,0.1397,0.58,0.0686,0.0258
41.32,28.24,0.1521,0.65,0.0361,0.0147
41.32,28.24,0.1249,0.59,0.0476,0.0082
41.32,28.24,0.0973,0.56,0.0697,0.0523
41.32,28.24,0.067,0.52,0.075,0.014
41.32,28.24,0.0378,0.41,0.1032,0.2396
41.32,28.24,0.028,0.38,0.0983,0.0956
41.32,28.27,0.0321,0.38,0.1059,0.0337
41.32,28.27,0.0517,0.45,0.0999,0.043
41.32,28.27,0.0646,0.41,0.1079,0.0763
41.32,28.27,0.0909,0.45,0.1096,0.1049
41.32,28.27,0.1096,0.48,0.1087,0.0387
41.32,28.27,0.1397,0.58,0.0686,0.0258
41.32,28.27,0.1521,0.65,0.0361,0.0147
41.32,28.27,0.1249,0.59,0.0476,0.0082
41.32,28.27,0.0973,0.56,0.0697,0.0523
41.32,28.27,0.067,0.52,0.075,0.014
41.32,28.27,0.0378,0.41,0.1032,0.2396
41.32,28.27,0.028,0.38,0.0983,0.0956
41.32,28.3,0.0321,0.38,0.1059,0.0337
41.32,28.3,0.0517,0.45,0.0999,0.043
41.32,28.3,0.0646,0.41,0.1079,0.0763
41.32,28.3,0.0909,0.45,0.1096,0.1049
41.32,28.3,0.1096,0.48,0.1087,0.0387
41.32,28.3,0.1397,0.58,0.0686,0.0258
41.32,28.3,0.1521,0.65,0.0361,0.0147
41.32,28.3,0.1249,0.59,0.0476,0.0082
41.32,28.3,0.0973,0.56,0.0697,0.0523
41.32,28.3,0.067,0.52,0.075,0.014
41.32,28.3,0.0378,0.41,0.1032,0.2396
41.32,28.3,0.028,0.38,0.0983,0.0956
41.32,28.33,0.0321,0.38,0.1059,0.0337
41.32,28.33,0.0517,0.45,0.0999,0.043
41.32,28.33,0.0646,0.41,0.1079,0.0763
41.32,28.33,0.0909,0.45,0.1096,0.1049
41.32,28.33,0.1096,0.48,0.1087,0.0387
41.32,28.33,0.1397,0.58,0.0686,0.0258
41.32,28.33,0.1521,0.65,0.0361,0.0147
41.32,28.33,0.1249,0.59,0.0476,0.0082
41.32,28.33,0.0973,0.56,0.0697,0.0523
41.32,28.33,0.067,0.52,0.075,0.014
41.32,28.33,0.0378,0.41,0.1032,0.2396
41.32,28.33,0.028,0.38,0.0983,0.0956
41.32,28.36,0.0321,0.38,0.1059,0.0337
41.32,28.36,0.0517,0.45,0.0999,0.043
41.32,28.36,0.0646,0.41,0.1079,0.0763
41.32,28.36,0.0909,0.45,0.1096,0.1049
41.32,28.36,0.1096,0.48,0.1087,0.0387
41.32,28.36,0.1397,0.58,0.0686,0.0258
41.32,28.36,0.1521,0.65,0.0361,0.0147
41.32,28.36,0.1249,0.59,0.0476,0.0082
41.32,28.36,0.0973,0.56,0.0697,0.0523
41.32,28.36,0.067,0.52,0.075,0.014
41.32,28.36,0.0378,0.41,0.1032,0.2396
41.32,28.36,0.028,0.38,0.0983,0.0956
41.32,28.39,0.0321,0.38,0.1059,0.0337
41.32,28.39,0.0517,0.45,0.0999,0.043
41.32,28.39,0.0646,0.41,0.1079,0.0763
41.32,28.39,0.0909,0.45,0.1096,0.1049
41.32,28.39,0.1096,0.48,0.1087,0.0387
41.32,28.39,0.1397,0.58,0.0686,0.0258
41.32,28.39,0.1521,0.65,0.0361,0.0147
41.32,28.39,0.1249,0.59,0.0476,0.0082
41.32,28.39,0.0973,0.56,0.0697,0.0523
41.32,28.39,0.067,0.52,0.075,0.014
41.32,28.39,0.0378,0.41,0.1032,0.2396
41.32,28.39,0.028,0.38,0.0983,0.0956
41.32,28.42,0.0321,0.38,0.1059,0.0337
41.32,28.42,0.0517,0.45,0.0999,0.043
41.32,28.42,0.0646,0.41,0.1079,0.0763
41.32,28.42,0.0909,0.45,0.1096,0.1049
41.32,28.42,0.1096,0.48,0.1087,0.0387
41.32,28.42,0.1397,0.58,0.0686,0.0258
41.32,28.42,0.1521,0.65,0.0361,0.0147
41.32,28.42,0.1249,0.59,0.0476,0.0082
41.32,28.42,0.0973,0.56,0.0697,0.0523
41.32,28.42,0.067,0.52,0.075,0.014
41.32,28.42,0.0378,0.41,0.1032,0.2396
41.32,28.42,0.028,0.38,0.0983,0.0956
41.32,28.45,0.0321,0.38,0.1059,0.0372
41.32,28.45,0.0517,0.45,0.0999,0.0691
41.32,28.45,0.0646,0.41,0.1079,0.0942
41.32,28.45,0.0909,0.45,0.1096,0.0999
41.32,28.45,0.1096,0.48,0.1087,0.039
41.32,28.45,0.1397,0.58,0.0686,0.0197
41.32,28.45,0.1521,0.65,0.0361,0.0122
41.32,28.45,0.1249,0.59,0.0476,0.009
41.32,28.45,0.0973,0.56,0.0697,0.0727
41.32,28.45,0.067,0.52,0.075,0.0229
41.32,28.45,0.0378,0.41,0.1032,0.2869
41.32,28.45,0.028,0.38,0.0983,0.0978
41.32,28.48,0.0321,0.38,0.1059,0.0372
41.32,28.48,0.0517,0.45,0.0999,0.0691
41.32,28.48,0.0646,0.41,0.1079,0.0942
41.32,28.48,0.0909,0.45,0.1096,0.0999
41.32,28.48,0.1096,0.48,0.1087,0.039
41.32,28.48,0.1397,0.58,0.0686,0.0197
41.32,28.48,0.1521,0.65,0.0361,0.0122
41.32,28.48,0.1249,0.59,0.0476,0.009
41.32,28.48,0.0973,0.56,0.0697,0.0727
41.32,28.48,0.067,0.52,0.075,0.0229
41.32,28.48,0.0378,0.41,0.1032,0.2869
41.32,28.48,0.028,0.38,0.0983,0.0978
41.32,28.51,0.0321,0.38,0.1059,0.0372
41.32,28.51,0.0517,0.45,0.0999,0.0691
41.32,28.51,0.0646,0.41,0.1079,0.0942
41.32,28.51,0.0909,0.45,0.1096,0.0999
41.32,28.51,0.1096,0.48,0.1087,0.039
41.32,28.51,0.1397,0.58,0.0686,0.0197
41.32,28.51,0.1521,0.65,0.0361,0.0122
41.32,28.51,0.1249,0.59,0.0476,0.009
41.32,28.51,0.0973,0.56,0.0697,0.0727
41.32,28.51,0.067,0.52,0.075,0.0229
41.32,28.51,0.0378,0.41,0.1032,0.2869
41.32,28.51,0.028,0.38,0.0983,0.0978
41.32,28.54,0.0321,0.38,0.1059,0.0372
41.32,28.54,0.0517,0.45,0.0999,0.0691
41.32,28.54,0.0646,0.41,0.1079,0.0942
41.32,28.54,0.0909,0.45,0.1096,0.0999
41.32,28.54,0.1096,0.48,0.1087,0.039
41.32,28.54,0.1397,0.58,0.0686,0.0197
41.32,28.54,0.1521,0.65,0.0361,0.0122
41.32,28.54,0.1249,0.59,0.0476,0.009
41.32,28.54,0.0973,0.56,0.0697,0.0727
41.32,28.54,0.067,0.52,0.075,0.0229
41.32,28.54,0.0378,0.41,0.1032,0.2869
41.32,28.54,0.028,0.38,0.0983,0.0978
41.32,28.57,0.0321,0.38,0.1059,0.0372
41.32,28.57,0.0517,0.45,0.0999,0.0691
41.32,28.57,0.0646,0.41,0.1079,0.0942
41.32,28.57,0.0909,0.45,0.1096,0.0999
41.32,28.57,0.1096,0.48,0.1087,0.039
41.32,28.57,0.1397,0.58,0.0686,0.0197
41.32,28.57,0.1521,0.65,0.0361,0.0122
41.32,28.57,0.1249,0.59,0.0476,0.009
41.32,28.57,0.0973,0.56,0.0697,0.0727
41.32,28.57,0.067,0.52,0.075,0.0229
41.32,28.57,0.0378,0.41,0.1032,0.2869
41.32,28.57,0.028,0.38,0.0983,0.0978
41.32,28.6,0.0321,0.38,0.1059,0.0372
41.32,28.6,0.0517,0.45,0.0999,0.0691
41.32,28.6,0.0646,0.41,0.1079,0.0942
41.32,28.6,0.0909,0.45,0.1096,0.0999
41.32,28.6,0.1096,0.48,0.1087,0.039
41.32,28.6,0.1397,0.58,0.0686,0.0197
41.32,28.6,0.1521,0.65,0.0361,0.0122
41.32,28.6,0.1249,0.59,0.0476,0.009
41.32,28.6,0.0973,0.56,0.0697,0.0727
41.32,28.6,0.067,0.52,0.075,0.0229
41.32,28.6,0.0378,0.41,0.1032,0.2869
41.32,28.6,0.028,0.38,0.0983,0.0978
41.32,28.63,0.0321,0.38,0.1059,0.0372
41.32,28.63,0.0517,0.45,0.0999,0.0691
41.32,28.63,0.0646,0.41,0.1079,0.0942
41.32,28.63,0.0909,0.45,0.1096,0.0999
41.32,28.63,0.1096,0.48,0.1087,0.039
41.32,28.63,0.1397,0.58,0.0686,0.0197
41.32,28.63,0.1521,0.65,0.0361,0.0122
41.32,28.63,0.1249,0.59,0.0476,0.009
41.32,28.63,0.0973,0.56,0.0697,0.0727
41.32,28.63,0.067,0.52,0.075,0.0229
41.32,28.63,0.0378,0.41,0.1032,0.2869
41.32,28.63,0.028,0.38,0.0983,0.0978
41.32,28.66,0.0321,0.38,0.1059,0.0372
41.32,28.66,0.0517,0.45,0.0999,0.0691
41.32,28.66,0.0646,0.41,0.1079,0.0942
41.32,28.66,0.0909,0.45,0.1096,0.0999
41.32,28.66,0.1096,0.48,0.1087,0.039
41.32,28.66,0.1397,0.58,0.0686,0.0197
41.32,28.66,0.1521,0.65,0.0361,0.0122
41.32,28.66,0.1249,0.59,0.0476,0.009
41.32,28.66,0.0973,0.56,0.0697,0.0727
41.32,28.66,0.067,0.52,0.075,0.0229
41.32,28.66,0.0378,0.41,0.1032,0.2869
41.32,28.66,0.028,0.38,0.0983,0.0978
41.32,28.69,0.0321,0.38,0.1059,0.0372
41.32,28.69,0.0517,0.45,0.0999,0.0691
41.32,28.69,0.0646,0.41,0.1079,0.0942
41.32,28.69,0.0909,0.45,0.1096,0.0999
41.32,28.69,0.1096,0.48,0.1087,0.039
41.32,28.69,0.1397,0.58,0.0686,0.0197
41.32,28.69,0.1521,0.65,0.0361,0.0122
41.32,28.69,0.1249,0.59,0.0476,0.009
41.32,28.69,0.0973,0.56,0.0697,0.0727
41.32,28.69,0.067,0.52,0.075,0.0229
41.32,28.69,0.0378,0.41,0.1032,0.2869
41.32,28.69,0.028,0.38,0.0983,0.0978
41.32,28.72,0.0321,0.38,0.1059,0.0372
41.32,28.72,0.0517,0.45,0.0999,0.0691
41.32,28.72,0.0646,0.41,0.1079,0.0942
41.32,28.72,0.0909,0.45,0.1096,0.0999
41.32,28.72,0.1096,0.48,0.1087,0.039
41.32,28.72,0.1397,0.58,0.0686,0.0197
41.32,28.72,0.1521,0.65,0.0361,0.0122
41.32,28.72,0.1249,0.59,0.0476,0.009
41.32,28.72,0.0973,0.56,0.0697,0.0727
41.32,28.72,0.067,0.52,0.075,0.0229
41.32,28.72,0.0378,0.41,0.1032,0.2869
41.32,28.72,0.028,0.38,0.0983,0.0978
41.34,28.09,0.0321,0.38,0.1059,0.0337
41.34,28.09,0.0517,0.45,0.0999,0.043
41.34,28.09,0.0646,0.41,0.1079,0.0763
41.34,28.09,0.0909,0.45,0.1096,0.1049
41.34,28.09,0.1096,0.48,0.1087,0.0387
41.34,28.09,0.1397,0.58,0.0686,0.0258
41.34,28.09,0.1521,0.65,0.0361,0.0147
41.34,28.09,0.1249,0.59,0.0476,0.0082
41.34,28.09,0.0973,0.56,0.0697,0.0523
41.34,28.09,0.067,0.52,0.075,0.014
41.34,28.09,0.0378,0.41,0.1032,0.2396
41.34,28.09,0.028,0.38,0.0983,0.0956
41.34,28.12,0.0321,0.38,0.1059,0.0337
41.34,28.12,0.0517,0.45,0.0999,0.043
41.34,28.12,0.0646,0.41,0.1079,0.0763
41.34,28.12,0.0909,0.45,0.1096,0.1049
41.34,28.12,0.1096,0.48,0.1087,0.0387
41.34,28.12,0.1397,0.58,0.0686,0.0258
41.34,28.12,0.1521,0.65,0.0361,0.0147
41.34,28.12,0.1249,0.59,0.0476,0.0082
41.34,28.12,0.0973,0.56,0.0697,0.0523
41.34,28.12,0.067,0.52,0.075,0.014
41.34,28.12,0.0378,0.41,0.1032,0.2396
41.34,28.12,0.028,0.38,0.0983,0.0956
41.34,28.15,0.0321,0.38,0.1059,0.0337
41.34,28.15,0.0517,0.45,0.0999,0.043
41.34,28.15,0.0646,0.41,0.1079,0.0763
41.34,28.15,0.0909,0.45,0.1096,0.1049
41.34,28.15,0.1096,0.48,0.1087,0.0387
41.34,28.15,0.1397,0.58,0.0686,0.0258
41.34,28.15,0.1521,0.65,0.0361,0.0147
41.34,28.15,0.1249,0.59,0.0476,0.0082
41.34,28.15,0.0973,0.56,0.0697,0.0523
41.34,28.15,0.067,0.52,0.075,0.014
41.34,28.15,0.0378,0.41,0.1032,0.2396
41.34,28.15,0.028,0.38,0.0983,0.0956
41.34,28.18,0.0321,0.38,0.1059,0.0337
41.34,28.18,0.0517,0.45,0.0999,0.043
41.34,28.18,0.0646,0.41,0.1079,0.0763
41.34,28.18,0.0909,0.45,0.1096,0.1049
41.34,28.18,0.1096,0.48,0.1087,0.0387
41.34,28.18,0.1397,0.58,0.0686,0.0258
41.34,28.18,0.1521,0.65,0.0361,0.0147
41.34,28.18,0.1249,0.59,0.0476,0.0082
41.34,28.18,0.0973,0.56,0.0697,0.0523
41.34,28.18,0.067,0.52,0.075,0.014
41.34,28.18,0.0378,0.41,0.1032,0.2396
41.34,28.18,0.028,0.38,0.0983,0.0956
41.34,28.21,0.0321,0.38,0.1059,0.0337
41.34,28.21,0.0517,0.45,0.0999,0.043
41.34,28.21,0.0646,0.41,0.1079,0.0763
41.34,28.21,0.0909,0.45,0.1096,0.1049
41.34,28.21,0.1096,0.48,0.1087,0.0387
41.34,28.21,0.1397,0.58,0.0686,0.0258
41.34,28.21,0.1521,0.65,0.0361,0.0147
41.34,28.21,0.1249,0.59,0.0476,0.0082
41.34,28.21,0.0973,0.56,0.0697,0.0523
41.34,28.21,0.067,0.52,0.075,0.014
41.34,28.21,0.0378,0.41,0.1032,0.2396
41.34,28.21,0.028,0.38,0.0983,0.0956
41.34,28.24,0.0321,0.38,0.1059,0.0337
41.34,28.24,0.0517,0.45,0.0999,0.043
41.34,28.24,0.0646,0.41,0.1079,0.0763
41.34,28.24,0.0909,0.45,0.1096,0.1049
41.34,28.24,0.1096,0.48,0.1087,0.0387
41.34,28.24,0.1397,0.58,0.0686,0.0258
41.34,28.24,0.1521,0.65,0.0361,0.0147
41.34,28.24,0.1249,0.59,0.0476,0.0082
41.34,28.24,0.0973,0.56,0.0697,0.0523
41.34,28.24,0.067,0.52,0.075,0.014
41.34,28.24,0.0378,0.41,0.1032,0.2396
41.34,28.24,0.028,0.38,0.0983,0.0956
41.34,28.27,0.0321,0.38,0.1059,0.0337
41.34,28.27,0.0517,0.45,0.0999,0.043
41.34,28.27,0.0646,0.41,0.1079,0.0763
41.34,28.27,0.0909,0.45,0.1096,0.1049
41.34,28.27,0.1096,0.48,0.1087,0.0387
41.34,28.27,0.1397,0.58,0.0686,0.0258
41.34,28.27,0.1521,0.65,0.0361,0.0147
41.34,28.27,0.1249,0.59,0.0476,0.0082
41.34,28.27,0.0973,0.56,0.0697,0.0523
41.34,28.27,0.067,0.52,0.075,0.014
41.34,28.27,0.0378,0.41,0.1032,0.2396
41.34,28.27,0.028,0.38,0.0983,0.0956
41.34,28.3,0.0321,0.38,0.1059,0.0337
41.34,28.3,0.0517,0.45,0.0999,0.043
41.34,28.3,0.0646,0.41,0.1079,0.0763
41.34,28.3,0.0909,0.45,0.1096,0.1049
41.34,28.3,0.1096,0.48,0.1087,0.0387
41.34,28.3,0.1397,0.58,0.0686,0.0258
41.34,28.3,0.1521,0.65,0.0361,0.0147
41.34,28.3,0.1249,0.59,0.0476,0.0082
41.34,28.3,0.0973,0.56,0.0697,0.0523
41.34,28.3,0.067,0.52,0.075,0.014
41.34,28.3,0.0378,0.41,0.1032,0.2396
41.34,28.3,0.028,0.38,0.0983,0.0956
41.34,28.33,0.0321,0.38,0.1059,0.0337
41.34,28.33,0.0517,0.45,0.0999,0.043
41.34,28.33,0.0646,0.41,0.1079,0.0763
41.34,28.33,0.0909,0.45,0.1096,0.1049
41.34,28.33,0.1096,0.48,0.1087,0.0387
41.34,28.33,0.1397,0.58,0.0686,0.0258
41.34,28.33,0.1521,0.65,0.0361,0.0147
41.34,28.33,0.1249,0.59,0.0476,0.0082
41.34,28.33,0.0973,0.56,0.0697,0.0523
41.34,28.33,0.067,0.52,0.075,0.014
41.34,28.33,0.0378,0.41,0.1032,0.2396
41.34,28.33,0.028,0.38,0.0983,0.0956
41.34,28.36,0.0321,0.38,0.1059,0.0337
41.34,28.36,0.0517,0.45,0.0999,0.043
41.34,28.36,0.0646,0.41,0.1079,0.0763
41.34,28.36,0.0909,0.45,0.1096,0.1049
41.34,28.36,0.1096,0.48,0.1087,0.0387
41.34,28.36,0.1397,0.58,0.0686,0.0258
41.34,28.36,0.1521,0.65,0.0361,0.0147
41.34,28.36,0.1249,0.59,0.0476,0.0082
41.34,28.36,0.0973,0.56,0.0697,0.0523
41.34,28.36,0.067,0.52,0.075,0.014
41.34,28.36,0.0378,0.41,0.1032,0.2396
41.34,28.36,0.028,0.38,0.0983,0.0956
41.34,28.39,0.0321,0.38,0.1059,0.0337
41.34,28.39,0.0517,0.45,0.0999,0.043
41.34,28.39,0.0646,0.41,0.1079,0.0763
41.34,28.39,0.0909,0.45,0.1096,0.1049
41.34,28.39,0.1096,0.48,0.1087,0.0387
41.34,28.39,0.1397,0.58,0.0686,0.0258
41.34,28.39,0.1521,0.65,0.0361,0.0147
41.34,28.39,0.1249,0.59,0.0476,0.0082
41.34,28.39,0.0973,0.56,0.0697,0.0523
41.34,28.39,0.067,0.52,0.075,0.014
41.34,28.39,0.0378,0.41,0.1032,0.2396
41.34,28.39,0.028,0.38,0.0983,0.0956
41.34,28.42,0.0321,0.38,0.1059,0.0337
41.34,28.42,0.0517,0.45,0.0999,0.043
41.34,28.42,0.0646,0.41,0.1079,0.0763
41.34,28.42,0.0909,0.45,0.1096,0.1049
41.34,28.42,0.1096,0.48,0.1087,0.0387
41.34,28.42,0.1397,0.58,0.0686,0.0258
41.34,28.42,0.1521,0.65,0.0361,0.0147
41.34,28.42,0.1249,0.59,0.0476,0.0082
41.34,28.42,0.0973,0.56,0.0697,0.0523
41.34,28.42,0.067,0.52,0.075,0.014
41.34,28.42,0.0378,0.41,0.1032,0.2396
41.34,28.42,0.028,0.38,0.0983,0.0956
41.34,28.45,0.0321,0.38,0.1059,0.0372
41.34,28.45,0.0517,0.45,0.0999,0.0691
41.34,28.45,0.0646,0.41,0.1079,0.0942
41.34,28.45,0.0909,0.45,0.1096,0.0999
41.34,28.45,0.1096,0.48,0.1087,0.039
41.34,28.45,0.1397,0.58,0.0686,0.0197
41.34,28.45,0.1521,0.65,0.0361,0.0122
41.34,28.45,0.1249,0.59,0.0476,0.009
41.34,28.45,0.0973,0.56,0.0697,0.0727
41.34,28.45,0.067,0.52,0.075,0.0229
41.34,28.45,0.0378,0.41,0.1032,0.2869
41.34,28.45,0.028,0.38,0.0983,0.0978
41.34,28.48,0.0321,0.38,0.1059,0.0372
41.34,28.48,0.0517,0.45,0.0999,0.0691
41.34,28.48,0.0646,0.41,0.1079,0.0942
41.34,28.48,0.0909,0.45,0.1096,0.0999
41.34,28.48,0.1096,0.48,0.1087,0.039
41.34,28.48,0.1397,0.58,0.0686,0.0197
41.34,28.48,0.1521,0.65,0.0361,0.0122
41.34,28.48,0.1249,0.59,0.0476,0.009
41.34,28.48,0.0973,0.56,0.0697,0.0727
41.34,28.48,0.067,0.52,0.075,0.0229
41.34,28.48,0.0378,0.41,0.1032,0.2869
41.34,28.48,0.028,0.38,0.0983,0.0978
41.34,28.51,0.0321,0.38,0.1059,0.0372
41.34,28.51,0.0517,0.45,0.0999,0.0691
41.34,28.51,0.0646,0.41,0.1079,0.0942
41.34,28.51,0.0909,0.45,0.1096,0.0999
41.34,28.51,0.1096,0.48,0.1087,0.039
41.34,28.51,0.1397,0.58,0.0686,0.0197
41.34,28.51,0.1521,0.65,0.0361,0.0122
41.34,28.51,0.1249,0.59,0.0476,0.009
41.34,28.51,0.0973,0.56,0.0697,0.0727
41.34,28.51,0.067,0.52,0.075,0.0229
41.34,28.51,0.0378,0.41,0.1032,0.2869
41.34,28.51,0.028,0.38,0.0983,0.0978
41.34,28.54,0.0321,0.38,0.1059,0.0372
41.34,28.54,0.0517,0.45,0.0999,0.0691
41.34,28.54,0.0646,0.41,0.1079,0.0942
41.34,28.54,0.0909,0.45,0.1096,0.0999
41.34,28.54,0.1096,0.48,0.1087,0.039
41.34,28.54,0.1397,0.58,0.0686,0.0197
41.34,28.54,0.1521,0.65,0.0361,0.0122
41.34,28.54,0.1249,0.59,0.0476,0.009
41.34,28.54,0.0973,0.56,0.0697,0.0727
41.34,28.54,0.067,0.52,0.075,0.0229
41.34,28.54,0.0378,0.41,0.1032,0.2869
41.34,28.54,0.028,0.38,0.0983,0.0978
41.34,28.57,0.0321,0.38,0.1059,0.0372
41.34,28.57,0.0517,0.45,0.0999,0.0691
41.34,28.57,0.0646,0.41,0.1079,0.0942
41.34,28.57,0.0909,0.45,0.1096,0.0999
41.34,28.57,0.1096,0.48,0.1087,0.039
41.34,28.57,0.1397,0.58,0.0686,0.0197
41.34,28.57,0.1521,0.65,0.0361,0.0122
41.34,28.57,0.1249,0.59,0.0476,0.009
41.34,28.57,0.0973,0.56,0.0697,0.0727
41.34,28.57,0.067,0.52,0.075,0.0229
41.34,28.57,0.0378,0.41,0.1032,0.2869
41.34,28.57,0.028,0.38,0.0983,0.0978
41.34,28.6,0.0321,0.38,0.1059,0.0372
41.34,28.6,0.0517,0.45,0.0999,0.0691
41.34,28.6,0.0646,0.41,0.1079,0.0942
41.34,28.6,0.0909,0.45,0.1096,0.0999
41.34,28.6,0.1096,0.48,0.1087,0.039
41.34,28.6,0.1397,0.58,0.0686,0.0197
41.34,28.6,0.1521,0.65,0.0361,0.0122
41.34,28.6,0.1249,0.59,0.0476,0.009
41.34,28.6,0.0973,0.56,0.0697,0.0727
41.34,28.6,0.067,0.52,0.075,0.0229
41.34,28.6,0.0378,0.41,0.1032,0.2869
41.34,28.6,0.028,0.38,0.0983,0.0978
41.34,28.63,0.0321,0.38,0.1059,0.0372
41.34,28.63,0.0517,0.45,0.0999,0.0691
41.34,28.63,0.0646,0.41,0.1079,0.0942
41.34,28.63,0.0909,0.45,0.1096,0.0999
41.34,28.63,0.1096,0.48,0.1087,0.039
41.34,28.63,0.1397,0.58,0.0686,0.0197
41.34,28.63,0.1521,0.65,0.0361,0.0122
41.34,28.63,0.1249,0.59,0.0476,0.009
41.34,28.63,0.0973,0.56,0.0697,0.0727
41.34,28.63,0.067,0.52,0.075,0.0229
41.34,28.63,0.0378,0.41,0.1032,0.2869
41.34,28.63,0.028,0.38,0.0983,0.0978
41.34,28.66,0.0321,0.38,0.1059,0.0372
41.34,28.66,0.0517,0.45,0.0999,0.0691
41.34,28.66,0.0646,0.41,0.1079,0.0942
41.34,28.66,0.0909,0.45,0.1096,0.0999
41.34,28.66,0.1096,0.48,0.1087,0.039
41.34,28.66,0.1397,0.58,0.0686,0.0197
41.34,28.66,0.1521,0.65,0.0361,0.0122
41.34,28.66,0.1249,0.59,0.0476,0.009
41.34,28.66,0.0973,0.56,0.0697,0.0727
41.34,28.66,0.067,0.52,0.075,0.0229
41.34,28.66,0.0378,0.41,0.1032,0.2869
41.34,28.66,0.028,0.38,0.0983,0.0978
41.36,28.09,0.0321,0.38,0.1059,0.0337
41.36,28.09,0.0517,0.45,0.0999,0.043
41.36,28.09,0.0646,0.41,0.1079,0.0763
41.36,28.09,0.0909,0.45,0.1096,0.1049
41.36,28.09,0.1096,0.48,0.1087,0.0387
41.36,28.09,0.1397,0.58,0.0686,0.0258
41.36,28.09,0.1521,0.65,0.0361,0.0147
41.36,28.09,0.1249,0.59,0.0476,0.0082
41.36,28.09,0.0973,0.56,0.0697,0.0523
41.36,28.09,0.067,0.52,0.075,0.014
41.36,28.09,0.0378,0.41,0.1032,0.2396
41.36,28.09,0.028,0.38,0.0983,0.0956
41.36,28.12,0.0321,0.38,0.1059,0.0337
41.36,28.12,0.0517,0.45,0.0999,0.043
41.36,28.12,0.0646,0.41,0.1079,0.0763
41.36,28.12,0.0909,0.45,0.1096,0.1049
41.36,28.12,0.1096,0.48,0.1087,0.0387
41.36,28.12,0.1397,0.58,0.0686,0.0258
41.36,28.12,0.1521,0.65,0.0361,0.0147
41.36,28.12,0.1249,0.59,0.0476,0.0082
41.36,28.12,0.0973,0.56,0.0697,0.0523
41.36,28.12,0.067,0.52,0.075,0.014
41.36,28.12,0.0378,0.41,0.1032,0.2396
41.36,28.12,0.028,0.38,0.0983,0.0956
41.36,28.15,0.0321,0.38,0.1059,0.0337
41.36,28.15,0.0517,0.45,0.0999,0.043
41.36,28.15,0.0646,0.41,0.1079,0.0763
41.36,28.15,0.0909,0.45,0.1096,0.1049
41.36,28.15,0.1096,0.48,0.1087,0.0387
41.36,28.15,0.1397,0.58,0.0686,0.0258
41.36,28.15,0.1521,0.65,0.0361,0.0147
41.36,28.15,0.1249,0.59,0.0476,0.0082
41.36,28.15,0.0973,0.56,0.0697,0.0523
41.36,28.15,0.067,0.52,0.075,0.014
41.36,28.15,0.0378,0.41,0.1032,0.2396
41.36,28.15,0.028,0.38,0.0983,0.0956
41.36,28.18,0.0321,0.38,0.1059,0.0337
41.36,28.18,0.0517,0.45,0.0999,0.043
41.36,28.18,0.0646,0.41,0.1079,0.0763
41.36,28.18,0.0909,0.45,0.1096,0.1049
41.36,28.18,0.1096,0.48,0.1087,0.0387
41.36,28.18,0.1397,0.58,0.0686,0.0258
41.36,28.18,0.1521,0.65,0.0361,0.0147
41.36,28.18,0.1249,0.59,0.0476,0.0082
41.36,28.18,0.0973,0.56,0.0697,0.0523
41.36,28.18,0.067,0.52,0.075,0.014
41.36,28.18,0.0378,0.41,0.1032,0.2396
41.36,28.18,0.028,0.38,0.0983,0.0956
41.36,28.21,0.0321,0.38,0.1059,0.0337
41.36,28.21,0.0517,0.45,0.0999,0.043
41.36,28.21,0.0646,0.41,0.1079,0.0763
41.36,28.21,0.0909,0.45,0.1096,0.1049
41.36,28.21,0.1096,0.48,0.1087,0.0387
41.36,28.21,0.1397,0.58,0.0686,0.0258
41.36,28.21,0.1521,0.65,0.0361,0.0147
41.36,28.21,0.1249,0.59,0.0476,0.0082
41.36,28.21,0.0973,0.56,0.0697,0.0523
41.36,28.21,0.067,0.52,0.075,0.014
41.36,28.21,0.0378,0.41,0.1032,0.2396
41.36,28.21,0.028,0.38,0.0983,0.0956
41.36,28.24,0.0321,0.38,0.1059,0.0337
41.36,28.24,0.0517,0.45,0.0999,0.043
41.36,28.24,0.0646,0.41,0.1079,0.0763
41.36,28.24,0.0909,0.45,0.1096,0.1049
41.36,28.24,0.1096,0.48,0.1087,0.0387
41.36,28.24,0.1397,0.58,0.0686,0.0258
41.36,28.24,0.1521,0.65,0.0361,0.0147
41.36,28.24,0.1249,0.59,0.0476,0.0082
41.36,28.24,0.0973,0.56,0.0697,0.0523
41.36,28.24,0.067,0.52,0.075,0.014
41.36,28.24,0.0378,0.41,0.1032,0.2396
41.36,28.24,0.028,0.38,0.0983,0.0956
41.36,28.27,0.0321,0.38,0.1059,0.0337
41.36,28.27,0.0517,0.45,0.0999,0.043
41.36,28.27,0.0646,0.41,0.1079,0.0763
41.36,28.27,0.0909,0.45,0.1096,0.1049
41.36,28.27,0.1096,0.48,0.1087,0.0387
41.36,28.27,0.1397,0.58,0.0686,0.0258
41.36,28.27,0.1521,0.65,0.0361,0.0147
41.36,28.27,0.1249,0.59,0.0476,0.0082
41.36,28.27,0.0973,0.56,0.0697,0.0523
41.36,28.27,0.067,0.52,0.075,0.014
41.36,28.27,0.0378,0.41,0.1032,0.2396
41.36,28.27,0.028,0.38,0.0983,0.0956
41.36,28.3,0.0321,0.38,0.1059,0.0337
41.36,28.3,0.0517,0.45,0.0999,0.043
41.36,28.3,0.0646,0.41,0.1079,0.0763
41.36,28.3,0.0909,0.45,0.1096,0.1049
41.36,28.3,0.1096,0.48,0.1087,0.0387
41.36,28.3,0.1397,0.58,0.0686,0.0258
41.36,28.3,0.1521,0.65,0.0361,0.0147
41.36,28.3,0.1249,0.59,0.0476,0.0082
41.36,28.3,0.0973,0.56,0.0697,0.0523
41.36,28.3,0.067,0.52,0.075,0.014
41.36,28.3,0.0378,0.41,0.1032,0.2396
41.36,28.3,0.028,0.38,0.0983,0.0956
41.36,28.33,0.0321,0.38,0.1059,0.0337
41.36,28.33,0.0517,0.45,0.0999,0.043
41.36,28.33,0.0646,0.41,0.1079,0.0763
41.36,28.33,0.0909,0.45,0.1096,0.1049
41.36,28.33,0.1096,0.48,0.1087,0.0387
41.36,28.33,0.1397,0.58,0.0686,0.0258
41.36,28.33,0.1521,0.65,0.0361,0.0147
41.36,28.33,0.1249,0.59,0.0476,0.0082
41.36,28.33,0.0973,0.56,0.0697,0.0523
41.36,28.33,0.067,0.52,0.075,0.014
41.36,28.33,0.0378,0.41,0.1032,0.2396
41.36,28.33,0.028,0.38,0.0983,0.0956
41.36,28.36,0.0321,0.38,0.1059,0.0337
41.36,28.36,0.0517,0.45,0.0999,0.043
41.36,28.36,0.0646,0.41,0.1079,0.0763
41.36,28.36,0.0909,0.45,0.1096,0.1049
41.36,28.36,0.1096,0.48,0.1087,0.0387
41.36,28.36,0.1397,0.58,0.0686,0.0258
41.36,28.36,0.1521,0.65,0.0361,0.0147
41.36,28.36,0.1249,0.59,0.0476,0.0082
41.36,28.36,0.0973,0.56,0.0697,0.0523
41.36,28.36,0.067,0.52,0.075,0.014
41.36,28.36,0.0378,0.41,0.1032,0.2396
41.36,28.36,0.028,0.38,0.0983,0.0956
41.36,28.39,0.0321,0.38,0.1059,0.0337
41.36,28.39,0.0517,0.45,0.0999,0.043
41.36,28.39,0.0646,0.41,0.1079,0.0763
41.36,28.39,0.0909,0.45,0.1096,0.1049
41.36,28.39,0.1096,0.48,0.1087,0.0387
41.36,28.39,0.1397,0.58,0.0686,0.0258
41.36,28.39,0.1521,0.65,0.0361,0.0147
41.36,28.39,0.1249,0.59,0.0476,0.0082
41.36,28.39,0.0973,0.56,0.0697,0.0523
41.36,28.39,0.067,0.52,0.075,0.014
41.36,28.39,0.0378,0.41,0.1032,0.2396
41.36,28.39,0.028,0.38,0.0983,0.0956
41.36,28.42,0.0321,0.38,0.1059,0.0337
41.36,28.42,0.0517,0.45,0.0999,0.043
41.36,28.42,0.0646,0.41,0.1079,0.0763
41.36,28.42,0.0909,0.45,0.1096,0.1049
41.36,28.42,0.1096,0.48,0.1087,0.0387
41.36,28.42,0.1397,0.58,0.0686,0.0258
41.36,28.42,0.1521,0.65,0.0361,0.0147
41.36,28.42,0.1249,0.59,0.0476,0.0082
41.36,28.42,0.0973,0.56,0.0697,0.0523
41.36,28.42,0.067,0.52,0.075,0.014
41.36,28.42,0.0378,0.41,0.1032,0.2396
41.36,28.42,0.028,0.38,0.0983,0.0956
41.36,28.45,0.0321,0.38,0.1059,0.0372
41.36,28.45,0.0517,0.45,0.0999,0.0691
41.36,28.45,0.0646,0.41,0.1079,0.0942
41.36,28.45,0.0909,0.45,0.1096,0.0999
41.36,28.45,0.1096,0.48,0.1087,0.039
41.36,28.45,0.1397,0.58,0.0686,0.0197
41.36,28.45,0.1521,0.65,0.0361,0.0122
41.36,28.45,0.1249,0.59,0.0476,0.009
41.36,28.45,0.0973,0.56,0.0697,0.0727
41.36,28.45,0.067,0.52,0.075,0.0229
41.36,28.45,0.0378,0.41,0.1032,0.2869
41.36,28.45,0.028,0.38,0.0983,0.0978
41.36,28.48,0.0321,0.38,0.1059,0.0372
41.36,28.48,0.0517,0.45,0.0999,0.0691
41.36,28.48,0.0646,0.41,0.1079,0.0942
41.36,28.48,0.0909,0.45,0.1096,0.0999
41.36,28.48,0.1096,0.48,0.1087,0.039
41.36,28.48,0.1397,0.58,0.0686,0.0197
41.36,28.48,0.1521,0.65,0.0361,0.0122
41.36,28.48,0.1249,0.59,0.0476,0.009
41.36,28.48,0.0973,0.56,0.0697,0.0727
41.36,28.48,0.067,0.52,0.075,0.0229
41.36,28.48,0.0378,0.41,0.1032,0.2869
41.36,28.48,0.028,0.38,0.0983,0.0978
41.36,28.51,0.0321,0.38,0.1059,0.0372
41.36,28.51,0.0517,0.45,0.0999,0.0691
41.36,28.51,0.0646,0.41,0.1079,0.0942
41.36,28.51,0.0909,0.45,0.1096,0.0999
41.36,28.51,0.1096,0.48,0.1087,0.039
41.36,28.51,0.1397,0.58,0.0686,0.0197
41.36,28.51,0.1521,0.65,0.0361,0.0122
41.36,28.51,0.1249,0.59,0.0476,0.009
41.36,28.51,0.0973,0.56,0.0697,0.0727
41.36,28.51,0.067,0.52,0.075,0.0229
41.36,28.51,0.0378,0.41,0.1032,0.2869
41.36,28.51,0.028,0.38,0.0983,0.0978
41.36,28.54,0.0321,0.38,0.1059,0.0372
41.36,28.54,0.0517,0.45,0.0999,0.0691
41.36,28.54,0.0646,0.41,0.1079,0.0942
41.36,28.54,0.0909,0.45,0.1096,0.0999
41.36,28.54,0.1096,0.48,0.1087,0.039
41.36,28.54,0.1397,0.58,0.0686,0.0197
41.36,28.54,0.1521,0.65,0.0361,0.0122
41.36,28.54,0.1249,0.59,0.0476,0.009
41.36,28.54,0.0973,0.56,0.0697,0.0727
41.36,28.54,0.067,0.52,0.075,0.0229
41.36,28.54,0.0378,0.41,0.1032,0.2869
41.36,28.54,0.028,0.38,0.0983,0.0978
41.36,28.57,0.0321,0.38,0.1059,0.0372
41.36,28.57,0.0517,0.45,0.0999,0.0691
41.36,28.57,0.0646,0.41,0.1079,0.0942
41.36,28.57,0.0909,0.45,0.1096,0.0999
41.36,28.57,0.1096,0.48,0.1087,0.039
41.36,28.57,0.1397,0.58,0.0686,0.0197
41.36,28.57,0.1521,0.65,0.0361,0.0122
41.36,28.57,0.1249,0.59,0.0476,0.009
41.36,28.57,0.0973,0.56,0.0697,0.0727
41.36,28.57,0.067,0.52,0.075,0.0229
41.36,28.57,0.0378,0.41,0.1032,0.2869
41.36,28.57,0.028,0.38,0.0983,0.0978
41.36,28.6,0.0321,0.38,0.1059,0.0372
41.36,28.6,0.0517,0.45,0.0999,0.0691
41.36,28.6,0.0646,0.41,0.1079,0.0942
41.36,28.6,0.0909,0.45,0.1096,0.0999
41.36,28.6,0.1096,0.48,0.1087,0.039
41.36,28.6,0.1397,0.58,0.0686,0.0197
41.36,28.6,0.1521,0.65,0.0361,0.0122
41.36,28.6,0.1249,0.59,0.0476,0.009
41.36,28.6,0.0973,0.56,0.0697,0.0727
41.36,28.6,0.067,0.52,0.075,0.0229
41.36,28.6,0.0378,0.41,0.1032,0.2869
41.36,28.6,0.028,0.38,0.0983,0.0978
41.38,28.12,0.0321,0.38,0.1059,0.0337
41.38,28.12,0.0517,0.45,0.0999,0.043
41.38,28.12,0.0646,0.41,0.1079,0.0763
41.38,28.12,0.0909,0.45,0.1096,0.1049
41.38,28.12,0.1096,0.48,0.1087,0.0387
41.38,28.12,0.1397,0.58,0.0686,0.0258
41.38,28.12,0.1521,0.65,0.0361,0.0147
41.38,28.12,0.1249,0.59,0.0476,0.0082
41.38,28.12,0.0973,0.56,0.0697,0.0523
41.38,28.12,0.067,0.52,0.075,0.014
41.38,28.12,0.0378,0.41,0.1032,0.2396
41.38,28.12,0.028,0.38,0.0983,0.0956
41.38,28.15,0.0321,0.38,0.1059,0.0337
41.38,28.15,0.0517,0.45,0.0999,0.043
41.38,28.15,0.0646,0.41,0.1079,0.0763
41.38,28.15,0.0909,0.45,0.1096,0.1049
41.38,28.15,0.1096,0.48,0.1087,0.0387
41.38,28.15,0.1397,0.58,0.0686,0.0258
41.38,28.15,0.1521,0.65,0.0361,0.0147
41.38,28.15,0.1249,0.59,0.0476,0.0082
41.38,28.15,0.0973,0.56,0.0697,0.0523
41.38,28.15,0.067,0.52,0.075,0.014
41.38,28.15,0.0378,0.41,0.1032,0.2396
41.38,28.15,0.028,0.38,0.0983,0.0956
41.38,28.18,0.0321,0.38,0.1059,0.0337
41.38,28.18,0.0517,0.45,0.0999,0.043
41.38,28.18,0.0646,0.41,0.1079,0.0763
41.38,28.18,0.0909,0.45,0.1096,0.1049
41.38,28.18,0.1096,0.48,0.1087,0.0387
41.38,28.18,0.1397,0.58,0.0686,0.0258
41.38,28.18,0.1521,0.65,0.0361,0.0147
41.38,28.18,0.1249,0.59,0.0476,0.0082
41.38,28.18,0.0973,0.56,0.0697,0.0523
41.38,28.18,0.067,0.52,0.075,0.014
41.38,28.18,0.0378,0.41,0.1032,0.2396
41.38,28.18,0.028,0.38,0.0983,0.0956
41.38,28.21,0.0321,0.38,0.1059,0.0337
41.38,28.21,0.0517,0.45,0.0999,0.043
41.38,28.21,0.0646,0.41,0.1079,0.0763
41.38,28.21,0.0909,0.45,0.1096,0.1049
41.38,28.21,0.1096,0.48,0.1087,0.0387
41.38,28.21,0.1397,0.58,0.0686,0.0258
41.38,28.21,0.1521,0.65,0.0361,0.0147
41.38,28.21,0.1249,0.59,0.0476,0.0082
41.38,28.21,0.0973,0.56,0.0697,0.0523
41.38,28.21,0.067,0.52,0.075,0.014
41.38,28.21,0.0378,0.41,0.1032,0.2396
41.38,28.21,0.028,0.38,0.0983,0.0956
41.38,28.24,0.0321,0.38,0.1059,0.0337
41.38,28.24,0.0517,0.45,0.0999,0.043
41.38,28.24,0.0646,0.41,0.1079,0.0763
41.38,28.24,0.0909,0.45,0.1096,0.1049
41.38,28.24,0.1096,0.48,0.1087,0.0387
41.38,28.24,0.1397,0.58,0.0686,0.0258
41.38,28.24,0.1521,0.65,0.0361,0.0147
41.38,28.24,0.1249,0.59,0.0476,0.0082
41.38,28.24,0.0973,0.56,0.0697,0.0523
41.38,28.24,0.067,0.52,0.075,0.014
41.38,28.24,0.0378,0.41,0.1032,0.2396
41.38,28.24,0.028,0.38,0.0983,0.0956
41.38,28.27,0.0321,0.38,0.1059,0.0337
41.38,28.27,0.0517,0.45,0.0999,0.043
41.38,28.27,0.0646,0.41,0.1079,0.0763
41.38,28.27,0.0909,0.45,0.1096,0.1049
41.38,28.27,0.1096,0.48,0.1087,0.0387
41.38,28.27,0.1397,0.58,0.0686,0.0258
41.38,28.27,0.1521,0.65,0.0361,0.0147
41.38,28.27,0.1249,0.59,0.0476,0.0082
41.38,28.27,0.0973,0.56,0.0697,0.0523
41.38,28.27,0.067,0.52,0.075,0.014
41.38,28.27,0.0378,0.41,0.1032,0.2396
41.38,28.27,0.028,0.38,0.0983,0.0956
41.38,28.3,0.0321,0.38,0.1059,0.0337
41.38,28.3,0.0517,0.45,0.0999,0.043
41.38,28.3,0.0646,0.41,0.1079,0.0763
41.38,28.3,0.0909,0.45,0.1096,0.1049
41.38,28.3,0.1096,0.48,0.1087,0.0387
41.38,28.3,0.1397,0.58,0.0686,0.0258
41.38,28.3,0.1521,0.65,0.0361,0.0147
41.38,28.3,0.1249,0.59,0.0476,0.0082
41.38,28.3,0.0973,0.56,0.0697,0.0523
41.38,28.3,0.067,0.52,0.075,0.014
41.38,28.3,0.0378,0.41,0.1032,0.2396
41.38,28.3,0.028,0.38,0.0983,0.0956
41.38,28.33,0.0321,0.38,0.1059,0.0337
41.38,28.33,0.0517,0.45,0.0999,0.043
41.38,28.33,0.0646,0.41,0.1079,0.0763
41.38,28.33,0.0909,0.45,0.1096,0.1049
41.38,28.33,0.1096,0.48,0.1087,0.0387
41.38,28.33,0.1397,0.58,0.0686,0.0258
41.38,28.33,0.1521,0.65,0.0361,0.0147
41.38,28.33,0.1249,0.59,0.0476,0.0082
41.38,28.33,0.0973,0.56,0.0697,0.0523
41.38,28.33,0.067,0.52,0.075,0.014
41.38,28.33,0.0378,0.41,0.1032,0.2396
41.38,28.33,0.028,0.38,0.0983,0.0956
41.38,28.36,0.0321,0.38,0.1059,0.0337
41.38,28.36,0.0517,0.45,0.0999,0.043
41.38,28.36,0.0646,0.41,0.1079,0.0763
41.38,28.36,0.0909,0.45,0.1096,0.1049
41.38,28.36,0.1096,0.48,0.1087,0.0387
41.38,28.36,0.1397,0.58,0.0686,0.0258
41.38,28.36,0.1521,0.65,0.0361,0.0147
41.38,28.36,0.1249,0.59,0.0476,0.0082
41.38,28.36,0.0973,0.56,0.0697,0.0523
41.38,28.36,0.067,0.52,0.075,0.014
41.38,28.36,0.0378,0.41,0.1032,0.2396
41.38,28.36,0.028,0.38,0.0983,0.0956
41.38,28.39,0.0321,0.38,0.1059,0.0337
41.38,28.39,0.0517,0.45,0.0999,0.043
41.38,28.39,0.0646,0.41,0.1079,0.0763
41.38,28.39,0.0909,0.45,0.1096,0.1049
41.38,28.39,0.1096,0.48,0.1087,0.0387
41.38,28.39,0.1397,0.58,0.0686,0.0258
41.38,28.39,0.1521,0.65,0.0361,0.0147
41.38,28.39,0.1249,0.59,0.0476,0.0082
41.38,28.39,0.0973,0.56,0.0697,0.0523
41.38,28.39,0.067,0.52,0.075,0.014
41.38,28.39,0.0378,0.41,0.1032,0.2396
41.38,28.39,0.028,0.38,0.0983,0.0956
41.38,28.42,0.0321,0.38,0.1059,0.0337
41.38,28.42,0.0517,0.45,0.0999,0.043
41.38,28.42,0.0646,0.41,0.1079,0.0763
41.38,28.42,0.0909,0.45,0.1096,0.1049
41.38,28.42,0.1096,0.48,0.1087,0.0387
41.38,28.42,0.1397,0.58,0.0686,0.0258
41.38,28.42,0.1521,0.65,0.0361,0.0147
41.38,28.42,0.1249,0.59,0.0476,0.0082
41.38,28.42,0.0973,0.56,0.0697,0.0523
41.38,28.42,0.067,0.52,0.075,0.014
41.38,28.42,0.0378,0.41,0.1032,0.2396
41.38,28.42,0.028,0.38,0.0983,0.0956
41.38,28.45,0.0321,0.38,0.1059,0.0372
41.38,28.45,0.0517,0.45,0.0999,0.0691
41.38,28.45,0.0646,0.41,0.1079,0.0942
41.38,28.45,0.0909,0.45,0.1096,0.0999
41.38,28.45,0.1096,0.48,0.1087,0.039
41.38,28.45,0.1397,0.58,0.0686,0.0197
41.38,28.45,0.1521,0.65,0.0361,0.0122
41.38,28.45,0.1249,0.59,0.0476,0.009
41.38,28.45,0.0973,0.56,0.0697,0.0727
41.38,28.45,0.067,0.52,0.075,0.0229
41.38,28.45,0.0378,0.41,0.1032,0.2869
41.38,28.45,0.028,0.38,0.0983,0.0978
41.38,28.48,0.0321,0.38,0.1059,0.0372
41.38,28.48,0.0517,0.45,0.0999,0.0691
41.38,28.48,0.0646,0.41,0.1079,0.0942
41.38,28.48,0.0909,0.45,0.1096,0.0999
41.38,28.48,0.1096,0.48,0.1087,0.039
41.38,28.48,0.1397,0.58,0.0686,0.0197
41.38,28.48,0.1521,0.65,0.0361,0.0122
41.38,28.48,0.1249,0.59,0.0476,0.009
41.38,28.48,0.0973,0.56,0.0697,0.0727
41.38,28.48,0.067,0.52,0.075,0.0229
41.38,28.48,0.0378,0.41,0.1032,0.2869
41.38,28.48,0.028,0.38,0.0983,0.0978
41.38,28.51,0.0321,0.38,0.1059,0.0372
41.38,28.51,0.0517,0.45,0.0999,0.0691
41.38,28.51,0.0646,0.41,0.1079,0.0942
41.38,28.51,0.0909,0.45,0.1096,0.0999
41.38,28.51,0.1096,0.48,0.1087,0.039
41.38,28.51,0.1397,0.58,0.0686,0.0197
41.38,28.51,0.1521,0.65,0.0361,0.0122
41.38,28.51,0.1249,0.59,0.0476,0.009
41.38,28.51,0.0973,0.56,0.0697,0.0727
41.38,28.51,0.067,0.52,0.075,0.0229
41.38,28.51,0.0378,0.41,0.1032,0.2869
41.38,28.51,0.028,0.38,0.0983,0.0978
41.38,28.54,0.0321,0.38,0.1059,0.0372
41.38,28.54,0.0517,0.45,0.0999,0.0691
41.38,28.54,0.0646,0.41,0.1079,0.0942
41.38,28.54,0.0909,0.45,0.1096,0.0999
41.38,28.54,0.1096,0.48,0.1087,0.039
41.38,28.54,0.1397,0.58,0.0686,0.0197
41.38,28.54,0.1521,0.65,0.0361,0.0122
41.38,28.54,0.1249,0.59,0.0476,0.009
41.38,28.54,0.0973,0.56,0.0697,0.0727
41.38,28.54,0.067,0.52,0.075,0.0229
41.38,28.54,0.0378,0.41,0.1032,0.2869
41.38,28.54,0.028,0.38,0.0983,0.0978
41.4,28.12,0.0321,0.38,0.1059,0.0337
41.4,28.12,0.0517,0.45,0.0999,0.043
41.4,28.12,0.0646,0.41,0.1079,0.0763
41.4,28.12,0.0909,0.45,0.1096,0.1049
41.4,28.12,0.1096,0.48,0.1087,0.0387
41.4,28.12,0.1397,0.58,0.0686,0.0258
41.4,28.12,0.1521,0.65,0.0361,0.0147
41.4,28.12,0.1249,0.59,0.0476,0.0082
41.4,28.12,0.0973,0.56,0.0697,0.0523
41.4,28.12,0.067,0.52,0.075,0.014
41.4,28.12,0.0378,0.41,0.1032,0.2396
41.4,28.12,0.028,0.38,0.0983,0.0956
41.4,28.15,0.0321,0.38,0.1059,0.0337
41.4,28.15,0.0517,0.45,0.0999,0.043
41.4,28.15,0.0646,0.41,0.1079,0.0763
41.4,28.15,0.0909,0.45,0.1096,0.1049
41.4,28.15,0.1096,0.48,0.1087,0.0387
41.4,28.15,0.1397,0.58,0.0686,0.0258
41.4,28.15,0.1521,0.65,0.0361,0.0147
41.4,28.15,0.1249,0.59,0.0476,0.0082
41.4,28.15,0.0973,0.56,0.0697,0.0523
41.4,28.15,0.067,0.52,0.075,0.014
41.4,28.15,0.0378,0.41,0.1032,0.2396
41.4,28.15,0.028,0.38,0.0983,0.0956
41.4,28.18,0.0321,0.38,0.1059,0.0337
41.4,28.18,0.0517,0.45,0.0999,0.043
41.4,28.18,0.0646,0.41,0.1079,0.0763
41.4,28.18,0.0909,0.45,0.1096,0.1049
41.4,28.18,0.1096,0.48,0.1087,0.0387
41.4,28.18,0.1397,0.58,0.0686,0.0258
41.4,28.18,0.1521,0.65,0.0361,0.0147
41.4,28.18,0.1249,0.59,0.0476,0.0082
41.4,28.18,0.0973,0.56,0.0697,0.0523
41.4,28.18,0.067,0.52,0.075,0.014
41.4,28.18,0.0378,0.41,0.1032,0.2396
41.4,28.18,0.028,0.38,0.0983,0.0956
41.4,28.21,0.0321,0.38,0.1059,0.0337
41.4,28.21,0.0517,0.45,0.0999,0.043
41.4,28.21,0.0646,0.41,0.1079,0.0763
41.4,28.21,0.0909,0.45,0.1096,0.1049
41.4,28.21,0.1096,0.48,0.1087,0.0387
41.4,28.21,0.1397,0.58,0.0686,0.0258
41.4,28.21,0.1521,0.65,0.0361,0.0147
41.4,28.21,0.1249,0.59,0.0476,0.0082
41.4,28.21,0.0973,0.56,0.0697,0.0523
41.4,28.21,0.067,0.52,0.075,0.014
41.4,28.21,0.0378,0.41,0.1032,0.2396
41.4,28.21,0.028,0.38,0.0983,0.0956
41.4,28.24,0.0321,0.38,0.1059,0.0337
41.4,28.24,0.0517,0.45,0.0999,0.043
41.4,28.24,0.0646,0.41,0.1079,0.0763
41.4,28.24,0.0909,0.45,0.1096,0.1049
41.4,28.24,0.1096,0.48,0.1087,0.0387
41.4,28.24,0.1397,0.58,0.0686,0.0258
41.4,28.24,0.1521,0.65,0.0361,0.0147
41.4,28.24,0.1249,0.59,0.0476,0.0082
41.4,28.24,0.0973,0.56,0.0697,0.0523
41.4,28.24,0.067,0.52,0.075,0.014
41.4,28.24,0.0378,0.41,0.1032,0.2396
41.4,28.24,0.028,0.38,0.0983,0.0956
41.4,28.27,0.0321,0.38,0.1059,0.0337
41.4,28.27,0.0517,0.45,0.0999,0.043
41.4,28.27,0.0646,0.41,0.1079,0.0763
41.4,28.27,0.0909,0.45,0.1096,0.1049
41.4,28.27,0.1096,0.48,0.1087,0.0387
41.4,28.27,0.1397,0.58,0.0686,0.0258
41.4,28.27,0.1521,0.65,0.0361,0.0147
41.4,28.27,0.1249,0.59,0.0476,0.0082
41.4,28.27,0.0973,0.56,0.0697,0.0523
41.4,28.27,0.067,0.52,0.075,0.014
41.4,28.27,0.0378,0.41,0.1032,0.2396
41.4,28.27,0.028,0.38,0.0983,0.0956
41.4,28.3,0.0321,0.38,0.1059,0.0337
41.4,28.3,0.0517,0.45,0.0999,0.043
41.4,28.3,0.0646,0.41,0.1079,0.0763
41.4,28.3,0.0909,0.45,0.1096,0.1049
41.4,28.3,0.1096,0.48,0.1087,0.0387
41.4,28.3,0.1397,0.58,0.0686,0.0258
41.4,28.3,0.1521,0.65,0.0361,0.0147
41.4,28.3,0.1249,0.59,0.0476,0.0082
41.4,28.3,0.0973,0.56,0.0697,0.0523
41.4,28.3,0.067,0.52,0.075,0.014
41.4,28.3,0.0378,0.41,0.1032,0.2396
41.4,28.3,0.028,0.38,0.0983,0.0956
41.4,28.33,0.0321,0.38,0.1059,0.0337
41.4,28.33,0.0517,0.45,0.0999,0.043
41.4,28.33,0.0646,0.41,0.1079,0.0763
41.4,28.33,0.0909,0.45,0.1096,0.1049
41.4,28.33,0.1096,0.48,0.1087,0.0387
41.4,28.33,0.1397,0.58,0.0686,0.0258
41.4,28.33,0.1521,0.65,0.0361,0.0147
41.4,28.33,0.1249,0.59,0.0476,0.0082
41.4,28.33,0.0973,0.56,0.0697,0.0523
41.4,28.33,0.067,0.52,0.075,0.014
41.4,28.33,0.0378,0.41,0.1032,0.2396
41.4,28.33,0.028,0.38,0.0983,0.0956
41.4,28.36,0.0321,0.38,0.1059,0.0337
41.4,28.36,0.0517,0.45,0.0999,0.043
41.4,28.36,0.0646,0.41,0.1079,0.0763
41.4,28.36,0.0909,0.45,0.1096,0.1049
41.4,28.36,0.1096,0.48,0.1087,0.0387
41.4,28.36,0.1397,0.58,0.0686,0.0258
41.4,28.36,0.1521,0.65,0.0361,0.0147
41.4,28.36,0.1249,0.59,0.0476,0.0082
41.4,28.36,0.0973,0.56,0.0697,0.0523
41.4,28.36,0.067,0.52,0.075,0.014
41.4,28.36,0.0378,0.41,0.1032,0.2396
41.4,28.36,0.028,0.38,0.0983,0.0956
41.4,28.39,0.0321,0.38,0.1059,0.0337
41.4,28.39,0.0517,0.45,0.0999,0.043
41.4,28.39,0.0646,0.41,0.1079,0.0763
41.4,28.39,0.0909,0.45,0.1096,0.1049
41.4,28.39,0.1096,0.48,0.1087,0.0387
41.4,28.39,0.1397,0.58,0.0686,0.0258
41.4,28.39,0.1521,0.65,0.0361,0.0147
41.4,28.39,0.1249,0.59,0.0476,0.0082
41.4,28.39,0.0973,0.56,0.0697,0.0523
41.4,28.39,0.067,0.52,0.075,0.014
41.4,28.39,0.0378,0.41,0.1032,0.2396
41.4,28.39,0.028,0.38,0.0983,0.0956
41.4,28.42,0.0321,0.38,0.1059,0.0337
41.4,28.42,0.0517,0.45,0.0999,0.043
41.4,28.42,0.0646,0.41,0.1079,0.0763
41.4,28.42,0.0909,0.45,0.1096,0.1049
41.4,28.42,0.1096,0.48,0.1087,0.0387
41.4,28.42,0.1397,0.58,0.0686,0.0258
41.4,28.42,0.1521,0.65,0.0361,0.0147
41.4,28.42,0.1249,0.59,0.0476,0.0082
41.4,28.42,0.0973,0.56,0.0697,0.0523
41.4,28.42,0.067,0.52,0.075,0.014
41.4,28.42,0.0378,0.41,0.1032,0.2396
41.4,28.42,0.028,0.38,0.0983,0.0956
41.4,28.45,0.0321,0.38,0.1059,0.0372
41.4,28.45,0.0517,0.45,0.0999,0.0691
41.4,28.45,0.0646,0.41,0.1079,0.0942
41.4,28.45,0.0909,0.45,0.1096,0.0999
41.4,28.45,0.1096,0.48,0.1087,0.039
41.4,28.45,0.1397,0.58,0.0686,0.0197
41.4,28.45,0.1521,0.65,0.0361,0.0122
41.4,28.45,0.1249,0.59,0.0476,0.009
41.4,28.45,0.0973,0.56,0.0697,0.0727
41.4,28.45,0.067,0.52,0.075,0.0229
41.4,28.45,0.0378,0.41,0.1032,0.2869
41.4,28.45,0.028,0.38,0.0983,0.0978
41.4,28.48,0.0321,0.38,0.1059,0.0372
41.4,28.48,0.0517,0.45,0.0999,0.0691
41.4,28.48,0.0646,0.41,0.1079,0.0942
41.4,28.48,0.0909,0.45,0.1096,0.0999
41.4,28.48,0.1096,0.48,0.1087,0.039
41.4,28.48,0.1397,0.58,0.0686,0.0197
41.4,28.48,0.1521,0.65,0.0361,0.0122
41.4,28.48,0.1249,0.59,0.0476,0.009
41.4,28.48,0.0973,0.56,0.0697,0.0727
41.4,28.48,0.067,0.52,0.075,0.0229
41.4,28.48,0.0378,0.41,0.1032,0.2869
41.4,28.48,0.028,0.38,0.0983,0.0978
41.42,28.12,0.0321,0.38,0.1059,0.0337
41.42,28.12,0.0517,0.45,0.0999,0.043
41.42,28.12,0.0646,0.41,0.1079,0.0763
41.42,28.12,0.0909,0.45,0.1096,0.1049
41.42,28.12,0.1096,0.48,0.1087,0.0387
41.42,28.12,0.1397,0.58,0.0686,0.0258
41.42,28.12,0.1521,0.65,0.0361,0.0147
41.42,28.12,0.1249,0.59,0.0476,0.0082
41.42,28.12,0.0973,0.56,0.0697,0.0523
41.42,28.12,0.067,0.52,0.075,0.014
41.42,28.12,0.0378,0.41,0.1032,0.2396
41.42,28.12,0.028,0.38,0.0983,0.0956
41.42,28.15,0.0321,0.38,0.1059,0.0337
41.42,28.15,0.0517,0.45,0.0999,0.043
41.42,28.15,0.0646,0.41,0.1079,0.0763
41.42,28.15,0.0909,0.45,0.1096,0.1049
41.42,28.15,0.1096,0.48,0.1087,0.0387
41.42,28.15,0.1397,0.58,0.0686,0.0258
41.42,28.15,0.1521,0.65,0.0361,0.0147
41.42,28.15,0.1249,0.59,0.0476,0.0082
41.42,28.15,0.0973,0.56,0.0697,0.0523
41.42,28.15,0.067,0.52,0.075,0.014
41.42,28.15,0.0378,0.41,0.1032,0.2396
41.42,28.15,0.028,0.38,0.0983,0.0956
41.42,28.18,0.0321,0.38,0.1059,0.0337
41.42,28.18,0.0517,0.45,0.0999,0.043
41.42,28.18,0.0646,0.41,0.1079,0.0763
41.42,28.18,0.0909,0.45,0.1096,0.1049
41.42,28.18,0.1096,0.48,0.1087,0.0387
41.42,28.18,0.1397,0.58,0.0686,0.0258
41.42,28.18,0.1521,0.65,0.0361,0.0147
41.42,28.18,0.1249,0.59,0.0476,0.0082
41.42,28.18,0.0973,0.56,0.0697,0.0523
41.42,28.18,0.067,0.52,0.075,0.014
41.42,28.18,0.0378,0.41,0.1032,0.2396
41.42,28.18,0.028,0.38,0.0983,0.0956
41.42,28.21,0.0321,0.38,0.1059,0.0337
41.42,28.21,0.0517,0.45,0.0999,0.043
41.42,28.21,0.0646,0.41,0.1079,0.0763
41.42,28.21,0.0909,0.45,0.1096,0.1049
41.42,28.21,0.1096,0.48,0.1087,0.0387
41.42,28.21,0.1397,0.58,0.0686,0.0258
41.42,28.21,0.1521,0.65,0.0361,0.0147
41.42,28.21,0.1249,0.59,0.0476,0.0082
41.42,28.21,0.0973,0.56,0.0697,0.0523
41.42,28.21,0.067,0.52,0.075,0.014
41.42,28.21,0.0378,0.41,0.1032,0.2396
41.42,28.21,0.028,0.38,0.0983,0.0956
41.42,28.24,0.0321,0.38,0.1059,0.0337
41.42,28.24,0.0517,0.45,0.0999,0.043
41.42,28.24,0.0646,0.41,0.1079,0.0763
41.42,28.24,0.0909,0.45,0.1096,0.1049
41.42,28.24,0.1096,0.48,0.1087,0.0387
41.42,28.24,0.1397,0.58,0.0686,0.0258
41.42,28.24,0.1521,0.65,0.0361,0.0147
41.42,28.24,0.1249,0.59,0.0476,0.0082
41.42,28.24,0.0973,0.56,0.0697,0.0523
41.42,28.24,0.067,0.52,0.075,0.014
41.42,28.24,0.0378,0.41,0.1032,0.2396
41.42,28.24,0.028,0.38,0.0983,0.0956
41.42,28.27,0.0321,0.38,0.1059,0.0337
41.42,28.27,0.0517,0.45,0.0999,0.043
41.42,28.27,0.0646,0.41,0.1079,0.0763
41.42,28.27,0.0909,0.45,0.1096,0.1049
41.42,28.27,0.1096,0.48,0.1087,0.0387
41.42,28.27,0.1397,0.58,0.0686,0.0258
41.42,28.27,0.1521,0.65,0.0361,0.0147
41.42,28.27,0.1249,0.59,0.0476,0.0082
41.42,28.27,0.0973,0.56,0.0697,0.0523
41.42,28.27,0.067,0.52,0.075,0.014
41.42,28.27,0.0378,0.41,0.1032,0.2396
41.42,28.27,0.028,0.38,0.0983,0.0956
41.42,28.3,0.0321,0.38,0.1059,0.0337
41.42,28.3,0.0517,0.45,0.0999,0.043
41.42,28.3,0.0646,0.41,0.1079,0.0763
41.42,28.3,0.0909,0.45,0.1096,0.1049
41.42,28.3,0.1096,0.48,0.1087,0.0387
41.42,28.3,0.1397,0.58,0.0686,0.0258
41.42,28.3,0.1521,0.65,0.0361,0.0147
41.42,28.3,0.1249,0.59,0.0476,0.0082
41.42,28.3,0.0973,0.56,0.0697,0.0523
41.42,28.3,0.067,0.52,0.075,0.014
41.42,28.3,0.0378,0.41,0.1032,0.2396
41.42,28.3,0.028,0.38,0.0983,0.0956
41.42,28.33,0.0321,0.38,0.1059,0.0337
41.42,28.33,0.0517,0.45,0.0999,0.043
41.42,28.33,0.0646,0.41,0.1079,0.0763
41.42,28.33,0.0909,0.45,0.1096,0.1049
41.42,28.33,0.1096,0.48,0.1087,0.0387
41.42,28.33,0.1397,0.58,0.0686,0.0258
41.42,28.33,0.1521,0.65,0.0361,0.0147
41.42,28.33,0.1249,0.59,0.0476,0.0082
41.42,28.33,0.0973,0.56,0.0697,0.0523
41.42,28.33,0.067,0.52,0.075,0.014
41.42,28.33,0.0378,0.41,0.1032,0.2396
41.42,28.33,0.028,0.38,0.0983,0.0956
41.42,28.36,0.0321,0.38,0.1059,0.0337
41.42,28.36,0.0517,0.45,0.0999,0.043
41.42,28.36,0.0646,0.41,0.1079,0.0763
41.42,28.36,0.0909,0.45,0.1096,0.1049
41.42,28.36,0.1096,0.48,0.1087,0.0387
41.42,28.36,0.1397,0.58,0.0686,0.0258
41.42,28.36,0.1521,0.65,0.0361,0.0147
41.42,28.36,0.1249,0.59,0.0476,0.0082
41.42,28.36,0.0973,0.56,0.0697,0.0523
41.42,28.36,0.067,0.52,0.075,0.014
41.42,28.36,0.0378,0.41,0.1032,0.2396
41.42,28.36,0.028,0.38,0.0983,0.0956
41.42,28.39,0.0321,0.38,0.1059,0.0337
41.42,28.39,0.0517,0.45,0.0999,0.043
41.42,28.39,0.0646,0.41,0.1079,0.0763
41.42,28.39,0.0909,0.45,0.1096,0.1049
41.42,28.39,0.1096,0.48,0.1087,0.0387
41.42,28.39,0.1397,0.58,0.0686,0.0258
41.42,28.39,0.1521,0.65,0.0361,0.0147
41.42,28.39,0.1249,0.59,0.0476,0.0082
41.42,28.39,0.0973,0.56,0.0697,0.0523
41.42,28.39,0.067,0.52,0.075,0.014
41.42,28.39,0.0378,0.41,0.1032,0.2396
41.42,28.39,0.028,0.38,0.0983,0.0956
41.42,28.42,0.0321,0.38,0.1059,0.0337
41.42,28.42,0.0517,0.45,0.0999,0.043
41.42,28.42,0.0646,0.41,0.1079,0.0763
41.42,28.42,0.0909,0.45,0.1096,0.1049
41.42,28.42,0.1096,0.48,0.1087,0.0387
41.42,28.42,0.1397,0.58,0.0686,0.0258
41.42,28.42,0.1521,0.65,0.0361,0.0147
41.42,28.42,0.1249,0.59,0.0476,0.0082
41.42,28.42,0.0973,0.56,0.0697,0.0523
41.42,28.42,0.067,0.52,0.075,0.014
41.42,28.42,0.0378,0.41,0.1032,0.2396
41.42,28.42,0.028,0.38,0.0983,0.0956
41.42,28.45,0.0321,0.38,0.1059,0.0372
41.42,28.45,0.0517,0.45,0.0999,0.0691
41.42,28.45,0.0646,0.41,0.1079,0.0942
41.42,28.45,0.0909,0.45,0.1096,0.0999
41.42,28.45,0.1096,0.48,0.1087,0.039
41.42,28.45,0.1397,0.58,0.0686,0.0197
41.42,28.45,0.1521,0.65,0.0361,0.0122
41.42,28.45,0.1249,0.59,0.0476,0.009
41.42,28.45,0.0973,0.56,0.0697,0.0727
41.42,28.45,0.067,0.52,0.075,0.0229
41.42,28.45,0.0378,0.41,0.1032,0.2869
41.42,28.45,0.028,0.38,0.0983,0.0978
41.44,28.12,0.0321,0.38,0.1059,0.0337
41.44,28.12,0.0517,0.45,0.0999,0.043
41.44,28.12,0.0646,0.41,0.1079,0.0763
41.44,28.12,0.0909,0.45,0.1096,0.1049
41.44,28.12,0.1096,0.48,0.1087,0.0387
41.44,28.12,0.1397,0.58,0.0686,0.0258
41.44,28.12,0.1521,0.65,0.0361,0.0147
41.44,28.12,0.1249,0.59,0.0476,0.0082
41.44,28.12,0.0973,0.56,0.0697,0.0523
41.44,28.12,0.067,0.52,0.075,0.014
41.44,28.12,0.0378,0.41,0.1032,0.2396
41.44,28.12,0.028,0.38,0.0983,0.0956
41.44,28.15,0.0321,0.38,0.1059,0.0337
41.44,28.15,0.0517,0.45,0.0999,0.043
41.44,28.15,0.0646,0.41,0.1079,0.0763
41.44,28.15,0.0909,0.45,0.1096,0.1049
41.44,28.15,0.1096,0.48,0.1087,0.0387
41.44,28.15,0.1397,0.58,0.0686,0.0258
41.44,28.15,0.1521,0.65,0.0361,0.0147
41.44,28.15,0.1249,0.59,0.0476,0.0082
41.44,28.15,0.0973,0.56,0.0697,0.0523
41.44,28.15,0.067,0.52,0.075,0.014
41.44,28.15,0.0378,0.41,0.1032,0.2396
41.44,28.15,0.028,0.38,0.0983,0.0956
41.44,28.18,0.0321,0.38,0.1059,0.0337
41.44,28.18,0.0517,0.45,0.0999,0.043
41.44,28.18,0.0646,0.41,0.1079,0.0763
41.44,28.18,0.0909,0.45,0.1096,0.1049
41.44,28.18,0.1096,0.48,0.1087,0.0387
41.44,28.18,0.1397,0.58,0.0686,0.0258
41.44,28.18,0.1521,0.65,0.0361,0.0147
41.44,28.18,0.1249,0.59,0.0476,0.0082
41.44,28.18,0.0973,0.56,0.0697,0.0523
41.44,28.18,0.067,0.52,0.075,0.014
41.44,28.18,0.0378,0.41,0.1032,0.2396
41.44,28.18,0.028,0.38,0.0983,0.0956
41.44,28.21,0.0321,0.38,0.1059,0.0337
41.44,28.21,0.0517,0.45,0.0999,0.043
41.44,28.21,0.0646,0.41,0.1079,0.0763
41.44,28.21,0.0909,0.45,0.1096,0.1049
41.44,28.21,0.1096,0.48,0.1087,0.0387
41.44,28.21,0.1397,0.58,0.0686,0.0258
41.44,28.21,0.1521,0.65,0.0361,0.0147
41.44,28.21,0.1249,0.59,0.0476,0.0082
41.44,28.21,0.0973,0.56,0.0697,0.0523
41.44,28.21,0.067,0.52,0.075,0.014
41.44,28.21,0.0378,0.41,0.1032,0.2396
41.44,28.21,0.028,0.38,0.0983,0.0956
41.44,28.24,0.0321,0.38,0.1059,0.0337
41.44,28.24,0.0517,0.45,0.0999,0.043
41.44,28.24,0.0646,0.41,0.1079,0.0763
41.44,28.24,0.0909,0.45,0.1096,0.1049
41.44,28.24,0.1096,0.48,0.1087,0.0387
41.44,28.24,0.1397,0.58,0.0686,0.0258
41.44,28.24,0.1521,0.65,0.0361,0.0147
41.44,28.24,0.1249,0.59,0.0476,0.0082
41.44,28.24,0.0973,0.56,0.0697,0.0523
41.44,28.24,0.067,0.52,0.075,0.014
41.44,28.24,0.0378,0.41,0.1032,0.2396
41.44,28.24,0.028,0.38,0.0983,0.0956
41.44,28.27,0.0321,0.38,0.1059,0.0337
41.44,28.27,0.0517,0.45,0.0999,0.043
41.44,28.27,0.0646,0.41,0.1079,0.0763
41.44,28.27,0.0909,0.45,0.1096,0.1049
41.44,28.27,0.1096,0.48,0.1087,0.0387
41.44,28.27,0.1397,0.58,0.0686,0.0258
41.44,28.27,0.1521,0.65,0.0361,0.0147
41.44,28.27,0.1249,0.59,0.0476,0.0082
41.44,28.27,0.0973,0.56,0.0697,0.0523
41.44,28.27,0.067,0.52,0.075,0.014
41.44,28.27,0.0378,0.41,0.1032,0.2396
41.44,28.27,0.028,0.38,0.0983,0.0956
41.44,28.3,0.0321,0.38,0.1059,0.0337
41.44,28.3,0.0517,0.45,0.0999,0.043
41.44,28.3,0.0646,0.41,0.1079,0.0763
41.44,28.3,0.0909,0.45,0.1096,0.1049
41.44,28.3,0.1096,0.48,0.1087,0.0387
41.44,28.3,0.1397,0.58,0.0686,0.0258
41.44,28.3,0.1521,0.65,0.0361,0.0147
41.44,28.3,0.1249,0.59,0.0476,0.0082
41.44,28.3,0.0973,0.56,0.0697,0.0523
41.44,28.3,0.067,0.52,0.075,0.014
41.44,28.3,0.0378,0.41,0.1032,0.2396
41.44,28.3,0.028,0.38,0.0983,0.0956
41.44,28.33,0.0321,0.38,0.1059,0.0337
41.44,28.33,0.0517,0.45,0.0999,0.043
41.44,28.33,0.0646,0.41,0.1079,0.0763
41.44,28.33,0.0909,0.45,0.1096,0.1049
41.44,28.33,0.1096,0.48,0.1087,0.0387
41.44,28.33,0.1397,0.58,0.0686,0.0258
41.44,28.33,0.1521,0.65,0.0361,0.0147
41.44,28.33,0.1249,0.59,0.0476,0.0082
41.44,28.33,0.0973,0.56,0.0697,0.0523
41.44,28.33,0.067,0.52,0.075,0.014
41.44,28.33,0.0378,0.41,0.1032,0.2396
41.44,28.33,0.028,0.38,0.0983,0.0956
41.44,28.36,0.0321,0.38,0.1059,0.0337
41.44,28.36,0.0517,0.45,0.0999,0.043
41.44,28.36,0.0646,0.41,0.1079,0.0763
41.44,28.36,0.0909,0.45,0.1096,0.1049
41.44,28.36,0.1096,0.48,0.1087,0.0387
41.44,28.36,0.1397,0.58,0.0686,0.0258
41.44,28.36,0.1521,0.65,0.0361,0.0147
41.44,28.36,0.1249,0.59,0.0476,0.0082
41.44,28.36,0.0973,0.56,0.0697,0.0523
41.44,28.36,0.067,0.52,0.075,0.014
41.44,28.36,0.0378,0.41,0.1032,0.2396
41.44,28.36,0.028,0.38,0.0983,0.0956
41.44,28.39,0.0321,0.38,0.1059,0.0337
41.44,28.39,0.0517,0.45,0.0999,0.043
41.44,28.39,0.0646,0.41,0.1079,0.0763
41.44,28.39,0.0909,0.45,0.1096,0.1049
41.44,28.39,0.1096,0.48,0.1087,0.0387
41.44,28.39,0.1397,0.58,0.0686,0.0258
41.44,28.39,0.1521,0.65,0.0361,0.0147
41.44,28.39,0.1249,0.59,0.0476,0.0082
41.44,28.39,0.0973,0.56,0.0697,0.0523
41.44,28.39,0.067,0.52,0.075,0.014
41.44,28.39,0.0378,0.41,0.1032,0.2396
41.44,28.39,0.028,0.38,0.0983,0.0956
41.46,28.12,0.0321,0.38,0.1059,0.0337
41.46,28.12,0.0517,0.45,0.0999,0.043
41.46,28.12,0.0646,0.41,0.1079,0.0763
41.46,28.12,0.0909,0.45,0.1096,0.1049
41.46,28.12,0.1096,0.48,0.1087,0.0387
41.46,28.12,0.1397,0.58,0.0686,0.0258
41.46,28.12,0.1521,0.65,0.0361,0.0147
41.46,28.12,0.1249,0.59,0.0476,0.0082
41.46,28.12,0.0973,0.56,0.0697,0.0523
41.46,28.12,0.067,0.52,0.075,0.014
41.46,28.12,0.0378,0.41,0.1032,0.2396
41.46,28.12,0.028,0.38,0.0983,0.0956
41.46,28.15,0.0321,0.38,0.1059,0.0337
41.46,28.15,0.0517,0.45,0.0999,0.043
41.46,28.15,0.0646,0.41,0.1079,0.0763
41.46,28.15,0.0909,0.45,0.1096,0.1049
41.46,28.15,0.1096,0.48,0.1087,0.0387
41.46,28.15,0.1397,0.58,0.0686,0.0258
41.46,28.15,0.1521,0.65,0.0361,0.0147
41.46,28.15,0.1249,0.59,0.0476,0.0082
41.46,28.15,0.0973,0.56,0.0697,0.0523
41.46,28.15,0.067,0.52,0.075,0.014
41.46,28.15,0.0378,0.41,0.1032,0.2396
41.46,28.15,0.028,0.38,0.0983,0.0956
41.46,28.18,0.0321,0.38,0.1059,0.0337
41.46,28.18,0.0517,0.45,0.0999,0.043
41.46,28.18,0.0646,0.41,0.1079,0.0763
41.46,28.18,0.0909,0.45,0.1096,0.1049
41.46,28.18,0.1096,0.48,0.1087,0.0387
41.46,28.18,0.1397,0.58,0.0686,0.0258
41.46,28.18,0.1521,0.65,0.0361,0.0147
41.46,28.18,0.1249,0.59,0.0476,0.0082
41.46,28.18,0.0973,0.56,0.0697,0.0523
41.46,28.18,0.067,0.52,0.075,0.014
41.46,28.18,0.0378,0.41,0.1032,0.2396
41.46,28.18,0.028,0.38,0.0983,0.0956
41.46,28.21,0.0321,0.38,0.1059,0.0337
41.46,28.21,0.0517,0.45,0.0999,0.043
41.46,28.21,0.0646,0.41,0.1079,0.0763
41.46,28.21,0.0909,0.45,0.1096,0.1049
41.46,28.21,0.1096,0.48,0.1087,0.0387
41.46,28.21,0.1397,0.58,0.0686,0.0258
41.46,28.21,0.1521,0.65,0.0361,0.0147
41.46,28.21,0.1249,0.59,0.0476,0.0082
41.46,28.21,0.0973,0.56,0.0697,0.0523
41.46,28.21,0.067,0.52,0.075,0.014
41.46,28.21,0.0378,0.41,0.1032,0.2396
41.46,28.21,0.028,0.38,0.0983,0.0956
41.46,28.24,0.0321,0.38,0.1059,0.0337
41.46,28.24,0.0517,0.45,0.0999,0.043
41.46,28.24,0.0646,0.41,0.1079,0.0763
41.46,28.24,0.0909,0.45,0.1096,0.1049
41.46,28.24,0.1096,0.48,0.1087,0.0387
41.46,28.24,0.1397,0.58,0.0686,0.0258
41.46,28.24,0.1521,0.65,0.0361,0.0147
41.46,28.24,0.1249,0.59,0.0476,0.0082
41.46,28.24,0.0973,0.56,0.0697,0.0523
41.46,28.24,0.067,0.52,0.075,0.014
41.46,28.24,0.0378,0.41,0.1032,0.2396
41.46,28.24,0.028,0.38,0.0983,0.0956
41.46,28.27,0.0321,0.38,0.1059,0.0337
41.46,28.27,0.0517,0.45,0.0999,0.043
41.46,28.27,0.0646,0.41,0.1079,0.0763
41.46,28.27,0.0909,0.45,0.1096,0.1049
41.46,28.27,0.1096,0.48,0.1087,0.0387
41.46,28.27,0.1397,0.58,0.0686,0.0258
41.46,28.27,0.1521,0.65,0.0361,0.0147
41.46,28.27,0.1249,0.59,0.0476,0.0082
41.46,28.27,0.0973,0.56,0.0697,0.0523
41.46,28.27,0.067,0.52,0.075,0.014
41.46,28.27,0.0378,0.41,0.1032,0.2396
41.46,28.27,0.028,0.38,0.0983,0.0956
41.46,28.3,0.0321,0.38,0.1059,0.0337
41.46,28.3,0.0517,0.45,0.0999,0.043
41.46,28.3,0.0646,0.41,0.1079,0.0763
41.46,28.3,0.0909,0.45,0.1096,0.1049
41.46,28.3,0.1096,0.48,0.1087,0.0387
41.46,28.3,0.1397,0.58,0.0686,0.0258
41.46,28.3,0.1521,0.65,0.0361,0.0147
41.46,28.3,0.1249,0.59,0.0476,0.0082
41.46,28.3,0.0973,0.56,0.0697,0.0523
41.46,28.3,0.067,0.52,0.075,0.014
41.46,28.3,0.0378,0.41,0.1032,0.2396
41.46,28.3,0.028,0.38,0.0983,0.0956
41.46,28.33,0.0321,0.38,0.1059,0.0337
41.46,28.33,0.0517,0.45,0.0999,0.043
41.46,28.33,0.0646,0.41,0.1079,0.0763
41.46,28.33,0.0909,0.45,0.1096,0.1049
41.46,28.33,0.1096,0.48,0.1087,0.0387
41.46,28.33,0.1397,0.58,0.0686,0.0258
41.46,28.33,0.1521,0.65,0.0361,0.0147
41.46,28.33,0.1249,0.59,0.0476,0.0082
41.46,28.33,0.0973,0.56,0.0697,0.0523
41.46,28.33,0.067,0.52,0.075,0.014
41.46,28.33,0.0378,0.41,0.1032,0.2396
41.46,28.33,0.028,0.38,0.0983,0.0956
41.48,28.12,0.0321,0.38,0.1059,0.0337
41.48,28.12,0.0517,0.45,0.0999,0.043
41.48,28.12,0.0646,0.41,0.1079,0.0763
41.48,28.12,0.0909,0.45,0.1096,0.1049
41.48,28.12,0.1096,0.48,0.1087,0.0387
41.48,28.12,0.1397,0.58,0.0686,0.0258
41.48,28.12,0.1521,0.65,0.0361,0.0147
41.48,28.12,0.1249,0.59,0.0476,0.0082
41.48,28.12,0.0973,0.56,0.0697,0.0523
41.48,28.12,0.067,0.52,0.075,0.014
41.48,28.12,0.0378,0.41,0.1032,0.2396
41.48,28.12,0.028,0.38,0.0983,0.0956
41.48,28.15,0.0321,0.38,0.1059,0.0337
41.48,28.15,0.0517,0.45,0.0999,0.043
41.48,28.15,0.0646,0.41,0.1079,0.0763
41.48,28.15,0.0909,0.45,0.1096,0.1049
41.48,28.15,0.1096,0.48,0.1087,0.0387
41.48,28.15,0.1397,0.58,0.0686,0.0258
41.48,28.15,0.1521,0.65,0.0361,0.0147
41.48,28.15,0.1249,0.59,0.0476,0.0082
41.48,28.15,0.0973,0.56,0.0697,0.0523
41.48,28.15,0.067,0.52,0.075,0.014
41.48,28.15,0.0378,0.41,0.1032,0.2396
41.48,28.15,0.028,0.38,0.0983,0.0956
41.48,28.18,0.0321,0.38,0.1059,0.0337
41.48,28.18,0.0517,0.45,0.0999,0.043
41.48,28.18,0.0646,0.41,0.1079,0.0763
41.48,28.18,0.0909,0.45,0.1096,0.1049
41.48,28.18,0.1096,0.48,0.1087,0.0387
41.48,28.18,0.1397,0.58,0.0686,0.0258
41.48,28.18,0.1521,0.65,0.0361,0.0147
41.48,28.18,0.1249,0.59,0.0476,0.0082
41.48,28.18,0.0973,0.56,0.0697,0.0523
41.48,28.18,0.067,0.52,0.075,0.014
41.48,28.18,0.0378,0.41,0.1032,0.2396
41.48,28.18,0.028,0.38,0.0983,0.0956
41.48,28.21,0.0321,0.38,0.1059,0.0337
41.48,28.21,0.0517,0.45,0.0999,0.043
41.48,28.21,0.0646,0.41,0.1079,0.0763
41.48,28.21,0.0909,0.45,0.1096,0.1049
41.48,28.21,0.1096,0.48,0.1087,0.0387
41.48,28.21,0.1397,0.58,0.0686,0.0258
41.48,28.21,0.1521,0.65,0.0361,0.0147
41.48,28.21,0.1249,0.59,0.0476,0.0082
41.48,28.21,0.0973,0.56,0.0697,0.0523
41.48,28.21,0.067,0.52,0.075,0.014
41.48,28.21,0.0378,0.41,0.1032,0.2396
41.48,28.21,0.028,0.38,0.0983,0.0956
41.48,28.24,0.0321,0.38,0.1059,0.0337
41.48,28.24,0.0517,0.45,0.0999,0.043
41.48,28.24,0.0646,0.41,0.1079,0.0763
41.48,28.24,0.0909,0.45,0.1096,0.1049
41.48,28.24,0.1096,0.48,0.1087,0.0387
41.48,28.24,0.1397,0.58,0.0686,0.0258
41.48,28.24,0.1521,0.65,0.0361,0.0147
41.48,28.24,0.1249,0.59,0.0476,0.0082
41.48,28.24,0.0973,0.56,0.0697,0.0523
41.48,28.24,0.067,0.52,0.075,0.014
41.48,28.24,0.0378,0.41,0.1032,0.2396
41.48,28.24,0.028,0.38,0.0983,0.0956
41.48,28.27,0.0321,0.38,0.1059,0.0337
41.48,28.27,0.0517,0.45,0.0999,0.043
41.48,28.27,0.0646,0.41,0.1079,0.0763
41.48,28.27,0.0909,0.45,0.1096,0.1049
41.48,28.27,0.1096,0.48,0.1087,0.0387
41.48,28.27,0.1397,0.58,0.0686,0.0258
41.48,28.27,0.1521,0.65,0.0361,0.0147
41.48,28.27,0.1249,0.59,0.0476,0.0082
41.48,28.27,0.0973,0.56,0.0697,0.0523
41.48,28.27,0.067,0.52,0.075,0.014
41.48,28.27,0.0378,0.41,0.1032,0.2396
41.48,28.27,0.028,0.38,0.0983,0.0956
41.48,28.3,0.0321,0.38,0.1059,0.0337
41.48,28.3,0.0517,0.45,0.0999,0.043
41.48,28.3,0.0646,0.41,0.1079,0.0763
41.48,28.3,0.0909,0.45,0.1096,0.1049
41.48,28.3,0.1096,0.48,0.1087,0.0387
41.48,28.3,0.1397,0.58,0.0686,0.0258
41.48,28.3,0.1521,0.65,0.0361,0.0147
41.48,28.3,0.1249,0.59,0.0476,0.0082
41.48,28.3,0.0973,0.56,0.0697,0.0523
41.48,28.3,0.067,0.52,0.075,0.014
41.48,28.3,0.0378,0.41,0.1032,0.2396
41.48,28.3,0.028,0.38,0.0983,0.0956
41.5,28.09,0.0321,0.38,0.1059,0.0337
41.5,28.09,0.0517,0.45,0.0999,0.043
41.5,28.09,0.0646,0.41,0.1079,0.0763
41.5,28.09,0.0909,0.45,0.1096,0.1049
41.5,28.09,0.1096,0.48,0.1087,0.0387
41.5,28.09,0.1397,0.58,0.0686,0.0258
41.5,28.09,0.1521,0.65,0.0361,0.0147
41.5,28.09,0.1249,0.59,0.0476,0.0082
41.5,28.09,0.0973,0.56,0.0697,0.0523
41.5,28.09,0.067,0.52,0.075,0.014
41.5,28.09,0.0378,0.41,0.1032,0.2396
41.5,28.09,0.028,0.38,0.0983,0.0956
41.5,28.12,0.0321,0.38,0.1059,0.0337
41.5,28.12,0.0517,0.45,0.0999,0.043
41.5,28.12,0.0646,0.41,0.1079,0.0763
41.5,28.12,0.0909,0.45,0.1096,0.1049
41.5,28.12,0.1096,0.48,0.1087,0.0387
41.5,28.12,0.1397,0.58,0.0686,0.0258
41.5,28.12,0.1521,0.65,0.0361,0.0147
41.5,28.12,0.1249,0.59,0.0476,0.0082
41.5,28.12,0.0973,0.56,0.0697,0.0523
41.5,28.12,0.067,0.52,0.075,0.014
41.5,28.12,0.0378,0.41,0.1032,0.2396
41.5,28.12,0.028,0.38,0.0983,0.0956
41.5,28.15,0.0321,0.38,0.1059,0.0337
41.5,28.15,0.0517,0.45,0.0999,0.043
41.5,28.15,0.0646,0.41,0.1079,0.0763
41.5,28.15,0.0909,0.45,0.1096,0.1049
41.5,28.15,0.1096,0.48,0.1087,0.0387
41.5,28.15,0.1397,0.58,0.0686,0.0258
41.5,28.15,0.1521,0.65,0.0361,0.0147
41.5,28.15,0.1249,0.59,0.0476,0.0082
41.5,28.15,0.0973,0.56,0.0697,0.0523
41.5,28.15,0.067,0.52,0.075,0.014
41.5,28.15,0.0378,0.41,0.1032,0.2396
41.5,28.15,0.028,0.38,0.0983,0.0956
41.5,28.18,0.0321,0.38,0.1059,0.0337
41.5,28.18,0.0517,0.45,0.0999,0.043
41.5,28.18,0.0646,0.41,0.1079,0.0763
41.5,28.18,0.0909,0.45,0.1096,0.1049
41.5,28.18,0.1096,0.48,0.1087,0.0387
41.5,28.18,0.1397,0.58,0.0686,0.0258
41.5,28.18,0.1521,0.65,0.0361,0.0147
41.5,28.18,0.1249,0.59,0.0476,0.0082
41.5,28.18,0.0973,0.56,0.0697,0.0523
41.5,28.18,0.067,0.52,0.075,0.014
41.5,28.18,0.0378,0.41,0.1032,0.2396
41.5,28.18,0.028,0.38,0.0983,0.0956
41.5,28.21,0.0321,0.38,0.1059,0.0337
41.5,28.21,0.0517,0.45,0.0999,0.043
41.5,28.21,0.0646,0.41,0.1079,0.0763
41.5,28.21,0.0909,0.45,0.1096,0.1049
41.5,28.21,0.1096,0.48,0.1087,0.0387
41.5,28.21,0.1397,0.58,0.0686,0.0258
41.5,28.21,0.1521,0.65,0.0361,0.0147
41.5,28.21,0.1249,0.59,0.0476,0.0082
41.5,28.21,0.0973,0.56,0.0697,0.0523
41.5,28.21,0.067,0.52,0.075,0.014
41.5,28.21,0.0378,0.41,0.1032,0.2396
41.5,28.21,0.028,0.38,0.0983,0.0956
41.5,28.24,0.0321,0.38,0.1059,0.0337
41.5,28.24,0.0517,0.45,0.0999,0.043
41.5,28.24,0.0646,0.41,0.1079,0.0763
41.5,28.24,0.0909,0.45,0.1096,0.1049
41.5,28.24,0.1096,0.48,0.1087,0.0387
41.5,28.24,0.1397,0.58,0.0686,0.0258
41.5,28.24,0.1521,0.65,0.0361,0.0147
41.5,28.24,0.1249,0.59,0.0476,0.0082
41.5,28.24,0.0973,0.56,0.0697,0.0523
41.5,28.24,0.067,0.52,0.075,0.014
41.5,28.24,0.0378,0.41,0.1032,0.2396
41.5,28.24,0.028,0.38,0.0983,0.0956
41.52,28.12,0.0321,0.38,0.1059,0.0337
41.52,28.12,0.0517,0.45,0.0999,0.043
41.52,28.12,0.0646,0.41,0.1079,0.0763
41.52,28.12,0.0909,0.45,0.1096,0.1049
41.52,28.12,0.1096,0.48,0.1087,0.0387
41.52,28.12,0.1397,0.58,0.0686,0.0258
41.52,28.12,0.1521,0.65,0.0361,0.0147
41.52,28.12,0.1249,0.59,0.0476,0.0082
41.52,28.12,0.0973,0.56,0.0697,0.0523
41.52,28.12,0.067,0.52,0.075,0.014
41.52,28.12,0.0378,0.41,0.1032,0.2396
41.52,28.12,0.028,0.38,0.0983,0.0956
41.52,28.15,0.0321,0.38,0.1059,0.0337
41.52,28.15,0.0517,0.45,0.0999,0.043
41.52,28.15,0.0646,0.41,0.1079,0.0763
41.52,28.15,0.0909,0.45,0.1096,0.1049
41.52,28.15,0.1096,0.48,0.1087,0.0387
41.52,28.15,0.1397,0.58,0.0686,0.0258
41.52,28.15,0.1521,0.65,0.0361,0.0147
41.52,28.15,0.1249,0.59,0.0476,0.0082
41.52,28.15,0.0973,0.56,0.0697,0.0523
41.52,28.15,0.067,0.52,0.075,0.014
41.52,28.15,0.0378,0.41,0.1032,0.2396
41.52,28.15,0.028,0.38,0.0983,0.0956
41.52,28.18,0.0321,0.38,0.1059,0.0337
41.52,28.18,0.0517,0.45,0.0999,0.043
41.52,28.18,0.0646,0.41,0.1079,0.0763
41.52,28.18,0.0909,0.45,0.1096,0.1049
41.52,28.18,0.1096,0.48,0.1087,0.0387
41.52,28.18,0.1397,0.58,0.0686,0.0258
41.52,28.18,0.1521,0.65,0.0361,0.0147
41.52,28.18,0.1249,0.59,0.0476,0.0082
41.52,28.18,0.0973,0.56,0.0697,0.0523
41.52,28.18,0.067,0.52,0.075,0.014
41.52,28.18,0.0378,0.41,0.1032,0.2396
41.52,28.18,0.028,0.38,0.0983,0.0956
41.52,28.21,0.0321,0.38,0.1059,0.0337
41.52,28.21,0.0517,0.45,0.0999,0.043
41.52,28.21,0.0646,0.41,0.1079,0.0763
41.52,28.21,0.0909,0.45,0.1096,0.1049
41.52,28.21,0.1096,0.48,0.1087,0.0387
41.52,28.21,0.1397,0.58,0.0686,0.0258
41.52,28.21,0.1521,0.65,0.0361,0.0147
41.52,28.21,0.1249,0.59,0.0476,0.0082
41.52,28.21,0.0973,0.56,0.0697,0.0523
41.52,28.21,0.067,0.52,0.075,0.014
41.52,28.21,0.0378,0.41,0.1032,0.2396
41.52,28.21,0.028,0.38,0.0983,0.0956
41.54,28.15,0.0321,0.38,0.1059,0.0337
41.54,28.15,0.0517,0.45,0.0999,0.043
41.54,28.15,0.0646,0.41,0.1079,0.0763
41.54,28.15,0.0909,0.45,0.1096,0.1049
41.54,28.15,0.1096,0.48,0.1087,0.0387
41.54,28.15,0.1397,0.58,0.0686,0.0258
41.54,28.15,0.1521,0.65,0.0361,0.0147
41.54,28.15,0.1249,0.59,0.0476,0.0082
41.54,28.15,0.0973,0.56,0.0697,0.0523
41.54,28.15,0.067,0.52,0.075,0.014
41.54,28.15,0.0378,0.41,0.1032,0.2396
41.54,28.15,0.028,0.38,0.0983,0.0956
41.54,28.18,0.0321,0.38,0.1059,0.0337
41.54,28.18,0.0517,0.45,0.0999,0.043
41.54,28.18,0.0646,0.41,0.1079,0.0763
41.54,28.18,0.0909,0.45,0.1096,0.1049
41.54,28.18,0.1096,0.48,0.1087,0.0387
41.54,28.18,0.1397,0.58,0.0686,0.0258
41.54,28.18,0.1521,0.65,0.0361,0.0147
41.54,28.18,0.1249,0.59,0.0476,0.0082
41.54,28.18,0.0973,0.56,0.0697,0.0523
41.54,28.18,0.067,0.52,0.075,0.014
41.54,28.18,0.0378,0.41,0.1032,0.2396
41.54,28.18,0.028,0.38,0.0983,0.0956
41.56,28.15,0.0321,0.38,0.1059,0.0337
41.56,28.15,0.0517,0.45,0.0999,0.043
41.56,28.15,0.0646,0.41,0.1079,0.0763
41.56,28.15,0.0909,0.45,0.1096,0.1049
41.56,28.15,0.1096,0.48,0.1087,0.0387
41.56,28.15,0.1397,0.58,0.0686,0.0258
41.56,28.15,0.1521,0.65,0.0361,0.0147
41.56,28.15,0.1249,0.59,0.0476,0.0082
41.56,28.15,0.0973,0.56,0.0697,0.0523
41.56,28.15,0.067,0.52,0.075,0.014
41.56,28.15,0.0378,0.41,0.1032,0.2396
41.56,28.15,0.028,0.38,0.0983,0.0956
41.56,28.18,0.0321,0.38,0.1059,0.0337
41.56,28.18,0.0517,0.45,0.0999,0.043
41.56,28.18,0.0646,0.41,0.1079,0.0763
41.56,28.18,0.0909,0.45,0.1096,0.1049
41.56,28.18,0.1096,0.48,0.1087,0.0387
41.56,28.18,0.1397,0.58,0.0686,0.0258
41.56,28.18,0.1521,0.65,0.0361,0.0147
41.56,28.18,0.1249,0.59,0.0476,0.0082
41.56,28.18,0.0973,0.56,0.0697,0.0523
41.56,28.18,0.067,0.52,0.075,0.014
41.56,28.18,0.0378,0.41,0.1032,0.2396
41.56,28.18,0.028,0.38,0.0983,0.0956
41.58,28.15,0.0321,0.38,0.1059,0.0337
41.58,28.15,0.0517,0.45,0.0999,0.043
41.58,28.15,0.0646,0.41,0.1079,0.0763
41.58,28.15,0.0909,0.45,0.1096,0.1049
41.58,28.15,0.1096,0.48,0.1087,0.0387
41.58,28.15,0.1397,0.58,0.0686,0.0258
41.58,28.15,0.1521,0.65,0.0361,0.0147
41.58,28.15,0.1249,0.59,0.0476,0.0082
41.58,28.15,0.0973,0.56,0.0697,0.0523
41.58,28.15,0.067,0.52,0.075,0.014
41.58,28.15,0.0378,0.41,0.1032,0.2396
41.58,28.15,0.028,0.38,0.0983,0.0956
