lat,lon,date,ALLSKY_SFC_SW_DWN,ALLSKY_KT,CLOUD_AMT,PRECTOTCORR,ALLSKY_SFC_SW_DWN_norm,CLOUD_AMT_norm,PRECTOTCORR_norm
40.82,29.29,202301,6.73,0.45,56.98,0.72,0.00391,0.00863,0.00258
40.82,29.29,202302,8.7,0.43,66.77,2.53,0.00506,0.01011,0.00906
40.82,29.29,202303,10.69,0.39,72.05,2.88,0.00622,0.01091,0.01031
40.82,29.29,202304,15.35,0.44,75.0,3.03,0.00893,0.01135,0.01085
40.82,29.29,202305,17.06,0.43,74.09,1.35,0.00992,0.01122,0.00483
40.82,29.29,202306,23.35,0.56,47.38,1.56,0.01358,0.00717,0.00559
40.82,29.29,202307,26.73,0.66,18.66,0.79,0.01555,0.00283,0.00283
40.82,29.29,202308,22.12,0.61,31.2,0.51,0.01287,0.00472,0.00183
40.82,29.29,202309,18.22,0.61,35.25,0.89,0.0106,0.00534,0.00319
40.82,29.29,202310,12.45,0.55,41.71,1.83,0.00724,0.00631,0.00655
40.82,29.29,202311,6.56,0.4,66.79,6.97,0.00382,0.01011,0.02496
40.82,29.29,202312,6.1,0.45,61.16,2.45,0.00355,0.00926,0.00877
40.82,29.32,202301,6.73,0.45,56.98,0.72,0.00391,0.00863,0.00258
40.82,29.32,202302,8.7,0.43,66.77,2.53,0.00506,0.01011,0.00906
40.82,29.32,202303,10.69,0.39,72.05,2.88,0.00622,0.01091,0.01031
40.82,29.32,202304,15.35,0.44,75.0,3.03,0.00893,0.01135,0.01085
40.82,29.32,202305,17.06,0.43,74.09,1.35,0.00992,0.01122,0.00483
40.82,29.32,202306,23.35,0.56,47.38,1.56,0.01358,0.00717,0.00559
40.82,29.32,202307,26.73,0.66,18.66,0.79,0.01555,0.00283,0.00283
40.82,29.32,202308,22.12,0.61,31.2,0.51,0.01287,0.00472,0.00183
40.82,29.32,202309,18.22,0.61,35.25,0.89,0.0106,0.00534,0.00319
40.82,29.32,202310,12.45,0.55,41.71,1.83,0.00724,0.00631,0.00655
40.82,29.32,202311,6.56,0.4,66.79,6.97,0.00382,0.01011,0.02496
40.82,29.32,202312,6.1,0.45,61.16,2.45,0.00355,0.00926,0.00877
40.84,29.29,202301,6.73,0.45,56.98,0.72,0.00391,0.00863,0.00258
40.84,29.29,202302,8.7,0.43,66.77,2.53,0.00506,0.01011,0.00906
40.84,29.29,202303,10.69,0.39,72.05,2.88,0.00622,0.01091,0.01031
40.84,29.29,202304,15.35,0.44,75.0,3.03,0.00893,0.01135,0.01085
40.84,29.29,202305,17.06,0.43,74.09,1.35,0.00992,0.01122,0.00483
40.84,29.29,202306,23.35,0.56,47.38,1.56,0.01358,0.00717,0.00559
40.84,29.29,202307,26.73,0.66,18.66,0.79,0.01555,0.00283,0.00283
40.84,29.29,202308,22.12,0.61,31.2,0.51,0.01287,0.00472,0.00183
40.84,29.29,202309,18.22,0.61,35.25,0.89,0.0106,0.00534,0.00319
40.84,29.29,202310,12.45,0.55,41.71,1.83,0.00724,0.00631,0.00655
40.84,29.29,202311,6.56,0.4,66.79,6.97,0.00382,0.01011,0.02496
40.84,29.29,202312,6.1,0.45,61.16,2.45,0.00355,0.00926,0.00877
40.84,29.32,202301,6.73,0.45,56.98,0.72,0.00391,0.00863,0.00258
40.84,29.32,202302,8.7,0.43,66.77,2.53,0.00506,0.01011,0.00906
40.84,29.32,202303,10.69,0.39,72.05,2.88,0.00622,0.01091,0.01031
40.84,29.32,202304,15.35,0.44,75.0,3.03,0.00893,0.01135,0.01085
40.84,29.32,202305,17.06,0.43,74.09,1.35,0.00992,0.01122,0.00483
40.84,29.32,202306,23.35,0.56,47.38,1.56,0.01358,0.00717,0.00559
40.84,29.32,202307,26.73,0.66,18.66,0.79,0.01555,0.00283,0.00283
40.84,29.32,202308,22.12,0.61,31.2,0.51,0.01287,0.00472,0.00183
40.84,29.32,202309,18.22,0.61,35.25,0.89,0.0106,0.00534,0.00319
40.84,29.32,202310,12.45,0.55,41.71,1.83,0.00724,0.00631,0.00655
40.84,29.32,202311,6.56,0.4,66.79,6.97,0.00382,0.01011,0.02496
40.84,29.32,202312,6.1,0.45,61.16,2.45,0.00355,0.00926,0.00877
40.84,29.35,202301,6.73,0.45,56.98,0.72,0.00391,0.00863,0.00258
40.84,29.35,202302,8.7,0.43,66.77,2.53,0.00506,0.01011,0.00906
40.84,29.35,202303,10.69,0.39,72.05,2.88,0.00622,0.01091,0.01031
40.84,29.35,202304,15.35,0.44,75.0,3.03,0.00893,0.01135,0.01085
40.84,29.35,202305,17.06,0.43,74.09,1.35,0.00992,0.01122,0.00483
40.84,29.35,202306,23.35,0.56,47.38,1.56,0.01358,0.00717,0.00559
40.84,29.35,202307,26.73,0.66,18.66,0.79,0.01555,0.00283,0.00283
40.84,29.35,202308,22.12,0.61,31.2,0.51,0.01287,0.00472,0.00183
40.84,29.35,202309,18.22,0.61,35.25,0.89,0.0106,0.00534,0.00319
40.84,29.35,202310,12.45,0.55,41.71,1.83,0.00724,0.00631,0.00655
40.84,29.35,202311,6.56,0.4,66.79,6.97,0.00382,0.01011,0.02496
40.84,29.35,202312,6.1,0.45,61.16,2.45,0.00355,0.00926,0.00877
40.86,29.26,202301,6.73,0.45,56.98,0.72,0.00391,0.00863,0.00258
40.86,29.26,202302,8.7,0.43,66.77,2.53,0.00506,0.01011,0.00906
40.86,29.26,202303,10.69,0.39,72.05,2.88,0.00622,0.01091,0.01031
40.86,29.26,202304,15.35,0.44,75.0,3.03,0.00893,0.01135,0.01085
40.86,29.26,202305,17.06,0.43,74.09,1.35,0.00992,0.01122,0.00483
40.86,29.26,202306,23.35,0.56,47.38,1.56,0.01358,0.00717,0.00559
40.86,29.26,202307,26.73,0.66,18.66,0.79,0.01555,0.00283,0.00283
40.86,29.26,202308,22.12,0.61,31.2,0.51,0.01287,0.00472,0.00183
40.86,29.26,202309,18.22,0.61,35.25,0.89,0.0106,0.00534,0.00319
40.86,29.26,202310,12.45,0.55,41.71,1.83,0.00724,0.00631,0.00655
40.86,29.26,202311,6.56,0.4,66.79,6.97,0.00382,0.01011,0.02496
40.86,29.26,202312,6.1,0.45,61.16,2.45,0.00355,0.00926,0.00877
40.86,29.29,202301,6.73,0.45,56.98,0.72,0.00391,0.00863,0.00258
40.86,29.29,202302,8.7,0.43,66.77,2.53,0.00506,0.01011,0.00906
40.86,29.29,202303,10.69,0.39,72.05,2.88,0.00622,0.01091,0.01031
40.86,29.29,202304,15.35,0.44,75.0,3.03,0.00893,0.01135,0.01085
40.86,29.29,202305,17.06,0.43,74.09,1.35,0.00992,0.01122,0.00483
40.86,29.29,202306,23.35,0.56,47.38,1.56,0.01358,0.00717,0.00559
40.86,29.29,202307,26.73,0.66,18.66,0.79,0.01555,0.00283,0.00283
40.86,29.29,202308,22.12,0.61,31.2,0.51,0.01287,0.00472,0.00183
40.86,29.29,202309,18.22,0.61,35.25,0.89,0.0106,0.00534,0.00319
40.86,29.29,202310,12.45,0.55,41.71,1.83,0.00724,0.00631,0.00655
40.86,29.29,202311,6.56,0.4,66.79,6.97,0.00382,0.01011,0.02496
40.86,29.29,202312,6.1,0.45,61.16,2.45,0.00355,0.00926,0.00877
40.86,29.32,202301,6.73,0.45,56.98,0.72,0.00391,0.00863,0.00258
40.86,29.32,202302,8.7,0.43,66.77,2.53,0.00506,0.01011,0.00906
40.86,29.32,202303,10.69,0.39,72.05,2.88,0.00622,0.01091,0.01031
40.86,29.32,202304,15.35,0.44,75.0,3.03,0.00893,0.01135,0.01085
40.86,29.32,202305,17.06,0.43,74.09,1.35,0.00992,0.01122,0.00483
40.86,29.32,202306,23.35,0.56,47.38,1.56,0.01358,0.00717,0.00559
40.86,29.32,202307,26.73,0.66,18.66,0.79,0.01555,0.00283,0.00283
40.86,29.32,202308,22.12,0.61,31.2,0.51,0.01287,0.00472,0.00183
40.86,29.32,202309,18.22,0.61,35.25,0.89,0.0106,0.00534,0.00319
40.86,29.32,202310,12.45,0.55,41.71,1.83,0.00724,0.00631,0.00655
40.86,29.32,202311,6.56,0.4,66.79,6.97,0.00382,0.01011,0.02496
40.86,29.32,202312,6.1,0.45,61.16,2.45,0.00355,0.00926,0.00877
40.86,29.35,202301,6.73,0.45,56.98,0.72,0.00391,0.00863,0.00258
40.86,29.35,202302,8.7,0.43,66.77,2.53,0.00506,0.01011,0.00906
40.86,29.35,202303,10.69,0.39,72.05,2.88,0.00622,0.01091,0.01031
40.86,29.35,202304,15.35,0.44,75.0,3.03,0.00893,0.01135,0.01085
40.86,29.35,202305,17.06,0.43,74.09,1.35,0.00992,0.01122,0.00483
40.86,29.35,202306,23.35,0.56,47.38,1.56,0.01358,0.00717,0.00559
40.86,29.35,202307,26.73,0.66,18.66,0.79,0.01555,0.00283,0.00283
40.86,29.35,202308,22.12,0.61,31.2,0.51,0.01287,0.00472,0.00183
40.86,29.35,202309,18.22,0.61,35.25,0.89,0.0106,0.00534,0.00319
40.86,29.35,202310,12.45,0.55,41.71,1.83,0.00724,0.00631,0.00655
40.86,29.35,202311,6.56,0.4,66.79,6.97,0.00382,0.01011,0.02496
40.86,29.35,202312,6.1,0.45,61.16,2.45,0.00355,0.00926,0.00877
40.88,29.2,202301,6.73,0.45,56.98,0.72,0.00391,0.00863,0.00258
40.88,29.2,202302,8.7,0.43,66.77,2.53,0.00506,0.01011,0.00906
40.88,29.2,202303,10.69,0.39,72.05,2.88,0.00622,0.01091,0.01031
40.88,29.2,202304,15.35,0.44,75.0,3.03,0.00893,0.01135,0.01085
40.88,29.2,202305,17.06,0.43,74.09,1.35,0.00992,0.01122,0.00483
40.88,29.2,202306,23.35,0.56,47.38,1.56,0.01358,0.00717,0.00559
40.88,29.2,202307,26.73,0.66,18.66,0.79,0.01555,0.00283,0.00283
40.88,29.2,202308,22.12,0.61,31.2,0.51,0.01287,0.00472,0.00183
40.88,29.2,202309,18.22,0.61,35.25,0.89,0.0106,0.00534,0.00319
40.88,29.2,202310,12.45,0.55,41.71,1.83,0.00724,0.00631,0.00655
40.88,29.2,202311,6.56,0.4,66.79,6.97,0.00382,0.01011,0.02496
40.88,29.2,202312,6.1,0.45,61.16,2.45,0.00355,0.00926,0.00877
40.88,29.23,202301,6.73,0.45,56.98,0.72,0.00391,0.00863,0.00258
40.88,29.23,202302,8.7,0.43,66.77,2.53,0.00506,0.01011,0.00906
40.88,29.23,202303,10.69,0.39,72.05,2.88,0.00622,0.01091,0.01031
40.88,29.23,202304,15.35,0.44,75.0,3.03,0.00893,0.01135,0.01085
40.88,29.23,202305,17.06,0.43,74.09,1.35,0.00992,0.01122,0.00483
40.88,29.23,202306,23.35,0.56,47.38,1.56,0.01358,0.00717,0.00559
40.88,29.23,202307,26.73,0.66,18.66,0.79,0.01555,0.00283,0.00283
40.88,29.23,202308,22.12,0.61,31.2,0.51,0.01287,0.00472,0.00183
40.88,29.23,202309,18.22,0.61,35.25,0.89,0.0106,0.00534,0.00319
40.88,29.23,202310,12.45,0.55,41.71,1.83,0.00724,0.00631,0.00655
40.88,29.23,202311,6.56,0.4,66.79,6.97,0.00382,0.01011,0.02496
40.88,29.23,202312,6.1,0.45,61.16,2.45,0.00355,0.00926,0.00877
40.88,29.26,202301,6.73,0.45,56.98,0.72,0.00391,0.00863,0.00258
40.88,29.26,202302,8.7,0.43,66.77,2.53,0.00506,0.01011,0.00906
40.88,29.26,202303,10.69,0.39,72.05,2.88,0.00622,0.01091,0.01031
40.88,29.26,202304,15.35,0.44,75.0,3.03,0.00893,0.01135,0.01085
40.88,29.26,202305,17.06,0.43,74.09,1.35,0.00992,0.01122,0.00483
40.88,29.26,202306,23.35,0.56,47.38,1.56,0.01358,0.00717,0.00559
40.88,29.26,202307,26.73,0.66,18.66,0.79,0.01555,0.00283,0.00283
40.88,29.26,202308,22.12,0.61,31.2,0.51,0.01287,0.00472,0.00183
40.88,29.26,202309,18.22,0.61,35.25,0.89,0.0106,0.00534,0.00319
40.88,29.26,202310,12.45,0.55,41.71,1.83,0.00724,0.00631,0.00655
40.88,29.26,202311,6.56,0.4,66.79,6.97,0.00382,0.01011,0.02496
40.88,29.26,202312,6.1,0.45,61.16,2.45,0.00355,0.00926,0.00877
40.88,29.29,202301,6.73,0.45,56.98,0.72,0.00391,0.00863,0.00258
40.88,29.29,202302,8.7,0.43,66.77,2.53,0.00506,0.01011,0.00906
40.88,29.29,202303,10.69,0.39,72.05,2.88,0.00622,0.01091,0.01031
40.88,29.29,202304,15.35,0.44,75.0,3.03,0.00893,0.01135,0.01085
40.88,29.29,202305,17.06,0.43,74.09,1.35,0.00992,0.01122,0.00483
40.88,29.29,202306,23.35,0.56,47.38,1.56,0.01358,0.00717,0.00559
40.88,29.29,202307,26.73,0.66,18.66,0.79,0.01555,0.00283,0.00283
40.88,29.29,202308,22.12,0.61,31.2,0.51,0.01287,0.00472,0.00183
40.88,29.29,202309,18.22,0.61,35.25,0.89,0.0106,0.00534,0.00319
40.88,29.29,202310,12.45,0.55,41.71,1.83,0.00724,0.00631,0.00655
40.88,29.29,202311,6.56,0.4,66.79,6.97,0.00382,0.01011,0.02496
40.88,29.29,202312,6.1,0.45,61.16,2.45,0.00355,0.00926,0.00877
40.88,29.32,202301,6.73,0.45,56.98,0.72,0.00391,0.00863,0.00258
40.88,29.32,202302,8.7,0.43,66.77,2.53,0.00506,0.01011,0.00906
40.88,29.32,202303,10.69,0.39,72.05,2.88,0.00622,0.01091,0.01031
40.88,29.32,202304,15.35,0.44,75.0,3.03,0.00893,0.01135,0.01085
40.88,29.32,202305,17.06,0.43,74.09,1.35,0.00992,0.01122,0.00483
40.88,29.32,202306,23.35,0.56,47.38,1.56,0.01358,0.00717,0.00559
40.88,29.32,202307,26.73,0.66,18.66,0.79,0.01555,0.00283,0.00283
40.88,29.32,202308,22.12,0.61,31.2,0.51,0.01287,0.00472,0.00183
40.88,29.32,202309,18.22,0.61,35.25,0.89,0.0106,0.00534,0.00319
40.88,29.32,202310,12.45,0.55,41.71,1.83,0.00724,0.00631,0.00655
40.88,29.32,202311,6.56,0.4,66.79,6.97,0.00382,0.01011,0.02496
40.88,29.32,202312,6.1,0.45,61.16,2.45,0.00355,0.00926,0.00877
40.88,29.35,202301,6.73,0.45,56.98,0.72,0.00391,0.00863,0.00258
40.88,29.35,202302,8.7,0.43,66.77,2.53,0.00506,0.01011,0.00906
40.88,29.35,202303,10.69,0.39,72.05,2.88,0.00622,0.01091,0.01031
40.88,29.35,202304,15.35,0.44,75.0,3.03,0.00893,0.01135,0.01085
40.88,29.35,202305,17.06,0.43,74.09,1.35,0.00992,0.01122,0.00483
40.88,29.35,202306,23.35,0.56,47.38,1.56,0.01358,0.00717,0.00559
40.88,29.35,202307,26.73,0.66,18.66,0.79,0.01555,0.00283,0.00283
40.88,29.35,202308,22.12,0.61,31.2,0.51,0.01287,0.00472,0.00183
40.88,29.35,202309,18.22,0.61,35.25,0.89,0.0106,0.00534,0.00319
40.88,29.35,202310,12.45,0.55,41.71,1.83,0.00724,0.00631,0.00655
40.88,29.35,202311,6.56,0.4,66.79,6.97,0.00382,0.01011,0.02496
40.88,29.35,202312,6.1,0.45,61.16,2.45,0.00355,0.00926,0.00877
40.88,29.38,202301,6.73,0.45,56.98,0.72,0.00391,0.00863,0.00258
40.88,29.38,202302,8.7,0.43,66.77,2.53,0.00506,0.01011,0.00906
40.88,29.38,202303,10.69,0.39,72.05,2.88,0.00622,0.01091,0.01031
40.88,29.38,202304,15.35,0.44,75.0,3.03,0.00893,0.01135,0.01085
40.88,29.38,202305,17.06,0.43,74.09,1.35,0.00992,0.01122,0.00483
40.88,29.38,202306,23.35,0.56,47.38,1.56,0.01358,0.00717,0.00559
40.88,29.38,202307,26.73,0.66,18.66,0.79,0.01555,0.00283,0.00283
40.88,29.38,202308,22.12,0.61,31.2,0.51,0.01287,0.00472,0.00183
40.88,29.38,202309,18.22,0.61,35.25,0.89,0.0106,0.00534,0.00319
40.88,29.38,202310,12.45,0.55,41.71,1.83,0.00724,0.00631,0.00655
40.88,29.38,202311,6.56,0.4,66.79,6.97,0.00382,0.01011,0.02496
40.88,29.38,202312,6.1,0.45,61.16,2.45,0.00355,0.00926,0.00877
40.88,29.41,202301,6.73,0.45,56.98,0.72,0.00391,0.00863,0.00258
40.88,29.41,202302,8.7,0.43,66.77,2.53,0.00506,0.01011,0.00906
40.88,29.41,202303,10.69,0.39,72.05,2.88,0.00622,0.01091,0.01031
40.88,29.41,202304,15.35,0.44,75.0,3.03,0.00893,0.01135,0.01085
40.88,29.41,202305,17.06,0.43,74.09,1.35,0.00992,0.01122,0.00483
40.88,29.41,202306,23.35,0.56,47.38,1.56,0.01358,0.00717,0.00559
40.88,29.41,202307,26.73,0.66,18.66,0.79,0.01555,0.00283,0.00283
40.88,29.41,202308,22.12,0.61,31.2,0.51,0.01287,0.00472,0.00183
40.88,29.41,202309,18.22,0.61,35.25,0.89,0.0106,0.00534,0.00319
40.88,29.41,202310,12.45,0.55,41.71,1.83,0.00724,0.00631,0.00655
40.88,29.41,202311,6.56,0.4,66.79,6.97,0.00382,0.01011,0.02496
40.88,29.41,202312,6.1,0.45,61.16,2.45,0.00355,0.00926,0.00877
40.9,29.14,202301,6.73,0.45,56.98,0.72,0.00391,0.00863,0.00258
40.9,29.14,202302,8.7,0.43,66.77,2.53,0.00506,0.01011,0.00906
40.9,29.14,202303,10.69,0.39,72.05,2.88,0.00622,0.01091,0.01031
40.9,29.14,202304,15.35,0.44,75.0,3.03,0.00893,0.01135,0.01085
40.9,29.14,202305,17.06,0.43,74.09,1.35,0.00992,0.01122,0.00483
40.9,29.14,202306,23.35,0.56,47.38,1.56,0.01358,0.00717,0.00559
40.9,29.14,202307,26.73,0.66,18.66,0.79,0.01555,0.00283,0.00283
40.9,29.14,202308,22.12,0.61,31.2,0.51,0.01287,0.00472,0.00183
40.9,29.14,202309,18.22,0.61,35.25,0.89,0.0106,0.00534,0.00319
40.9,29.14,202310,12.45,0.55,41.71,1.83,0.00724,0.00631,0.00655
40.9,29.14,202311,6.56,0.4,66.79,6.97,0.00382,0.01011,0.02496
40.9,29.14,202312,6.1,0.45,61.16,2.45,0.00355,0.00926,0.00877
40.9,29.17,202301,6.73,0.45,56.98,0.72,0.00391,0.00863,0.00258
40.9,29.17,202302,8.7,0.43,66.77,2.53,0.00506,0.01011,0.00906
40.9,29.17,202303,10.69,0.39,72.05,2.88,0.00622,0.01091,0.01031
40.9,29.17,202304,15.35,0.44,75.0,3.03,0.00893,0.01135,0.01085
40.9,29.17,202305,17.06,0.43,74.09,1.35,0.00992,0.01122,0.00483
40.9,29.17,202306,23.35,0.56,47.38,1.56,0.01358,0.00717,0.00559
40.9,29.17,202307,26.73,0.66,18.66,0.79,0.01555,0.00283,0.00283
40.9,29.17,202308,22.12,0.61,31.2,0.51,0.01287,0.00472,0.00183
40.9,29.17,202309,18.22,0.61,35.25,0.89,0.0106,0.00534,0.00319
40.9,29.17,202310,12.45,0.55,41.71,1.83,0.00724,0.00631,0.00655
40.9,29.17,202311,6.56,0.4,66.79,6.97,0.00382,0.01011,0.02496
40.9,29.17,202312,6.1,0.45,61.16,2.45,0.00355,0.00926,0.00877
40.9,29.2,202301,6.73,0.45,56.98,0.72,0.00391,0.00863,0.00258
40.9,29.2,202302,8.7,0.43,66.77,2.53,0.00506,0.01011,0.00906
40.9,29.2,202303,10.69,0.39,72.05,2.88,0.00622,0.01091,0.01031
40.9,29.2,202304,15.35,0.44,75.0,3.03,0.00893,0.01135,0.01085
40.9,29.2,202305,17.06,0.43,74.09,1.35,0.00992,0.01122,0.00483
40.9,29.2,202306,23.35,0.56,47.38,1.56,0.01358,0.00717,0.00559
40.9,29.2,202307,26.73,0.66,18.66,0.79,0.01555,0.00283,0.00283
40.9,29.2,202308,22.12,0.61,31.2,0.51,0.01287,0.00472,0.00183
40.9,29.2,202309,18.22,0.61,35.25,0.89,0.0106,0.00534,0.00319
40.9,29.2,202310,12.45,0.55,41.71,1.83,0.00724,0.00631,0.00655
40.9,29.2,202311,6.56,0.4,66.79,6.97,0.00382,0.01011,0.02496
40.9,29.2,202312,6.1,0.45,61.16,2.45,0.00355,0.00926,0.00877
40.9,29.23,202301,6.73,0.45,56.98,0.72,0.00391,0.00863,0.00258
40.9,29.23,202302,8.7,0.43,66.77,2.53,0.00506,0.01011,0.00906
40.9,29.23,202303,10.69,0.39,72.05,2.88,0.00622,0.01091,0.01031
40.9,29.23,202304,15.35,0.44,75.0,3.03,0.00893,0.01135,0.01085
40.9,29.23,202305,17.06,0.43,74.09,1.35,0.00992,0.01122,0.00483
40.9,29.23,202306,23.35,0.56,47.38,1.56,0.01358,0.00717,0.00559
40.9,29.23,202307,26.73,0.66,18.66,0.79,0.01555,0.00283,0.00283
40.9,29.23,202308,22.12,0.61,31.2,0.51,0.01287,0.00472,0.00183
40.9,29.23,202309,18.22,0.61,35.25,0.89,0.0106,0.00534,0.00319
40.9,29.23,202310,12.45,0.55,41.71,1.83,0.00724,0.00631,0.00655
40.9,29.23,202311,6.56,0.4,66.79,6.97,0.00382,0.01011,0.02496
40.9,29.23,202312,6.1,0.45,61.16,2.45,0.00355,0.00926,0.00877
40.9,29.26,202301,6.73,0.45,56.98,0.72,0.00391,0.00863,0.00258
40.9,29.26,202302,8.7,0.43,66.77,2.53,0.00506,0.01011,0.00906
40.9,29.26,202303,10.69,0.39,72.05,2.88,0.00622,0.01091,0.01031
40.9,29.26,202304,15.35,0.44,75.0,3.03,0.00893,0.01135,0.01085
40.9,29.26,202305,17.06,0.43,74.09,1.35,0.00992,0.01122,0.00483
40.9,29.26,202306,23.35,0.56,47.38,1.56,0.01358,0.00717,0.00559
40.9,29.26,202307,26.73,0.66,18.66,0.79,0.01555,0.00283,0.00283
40.9,29.26,202308,22.12,0.61,31.2,0.51,0.01287,0.00472,0.00183
40.9,29.26,202309,18.22,0.61,35.25,0.89,0.0106,0.00534,0.00319
40.9,29.26,202310,12.45,0.55,41.71,1.83,0.00724,0.00631,0.00655
40.9,29.26,202311,6.56,0.4,66.79,6.97,0.00382,0.01011,0.02496
40.9,29.26,202312,6.1,0.45,61.16,2.45,0.00355,0.00926,0.00877
40.9,29.29,202301,6.73,0.45,56.98,0.72,0.00391,0.00863,0.00258
40.9,29.29,202302,8.7,0.43,66.77,2.53,0.00506,0.01011,0.00906
40.9,29.29,202303,10.69,0.39,72.05,2.88,0.00622,0.01091,0.01031
40.9,29.29,202304,15.35,0.44,75.0,3.03,0.00893,0.01135,0.01085
40.9,29.29,202305,17.06,0.43,74.09,1.35,0.00992,0.01122,0.00483
40.9,29.29,202306,23.35,0.56,47.38,1.56,0.01358,0.00717,0.00559
40.9,29.29,202307,26.73,0.66,18.66,0.79,0.01555,0.00283,0.00283
40.9,29.29,202308,22.12,0.61,31.2,0.51,0.01287,0.00472,0.00183
40.9,29.29,202309,18.22,0.61,35.25,0.89,0.0106,0.00534,0.00319
40.9,29.29,202310,12.45,0.55,41.71,1.83,0.00724,0.00631,0.00655
40.9,29.29,202311,6.56,0.4,66.79,6.97,0.00382,0.01011,0.02496
40.9,29.29,202312,6.1,0.45,61.16,2.45,0.00355,0.00926,0.00877
40.9,29.32,202301,6.73,0.45,56.98,0.72,0.00391,0.00863,0.00258
40.9,29.32,202302,8.7,0.43,66.77,2.53,0.00506,0.01011,0.00906
40.9,29.32,202303,10.69,0.39,72.05,2.88,0.00622,0.01091,0.01031
40.9,29.32,202304,15.35,0.44,75.0,3.03,0.00893,0.01135,0.01085
40.9,29.32,202305,17.06,0.43,74.09,1.35,0.00992,0.01122,0.00483
40.9,29.32,202306,23.35,0.56,47.38,1.56,0.01358,0.00717,0.00559
40.9,29.32,202307,26.73,0.66,18.66,0.79,0.01555,0.00283,0.00283
40.9,29.32,202308,22.12,0.61,31.2,0.51,0.01287,0.00472,0.00183
40.9,29.32,202309,18.22,0.61,35.25,0.89,0.0106,0.00534,0.00319
40.9,29.32,202310,12.45,0.55,41.71,1.83,0.00724,0.00631,0.00655
40.9,29.32,202311,6.56,0.4,66.79,6.97,0.00382,0.01011,0.02496
40.9,29.32,202312,6.1,0.45,61.16,2.45,0.00355,0.00926,0.00877
40.9,29.35,202301,6.73,0.45,56.98,0.72,0.00391,0.00863,0.00258
40.9,29.35,202302,8.7,0.43,66.77,2.53,0.00506,0.01011,0.00906
40.9,29.35,202303,10.69,0.39,72.05,2.88,0.00622,0.01091,0.01031
40.9,29.35,202304,15.35,0.44,75.0,3.03,0.00893,0.01135,0.01085
40.9,29.35,202305,17.06,0.43,74.09,1.35,0.00992,0.01122,0.00483
40.9,29.35,202306,23.35,0.56,47.38,1.56,0.01358,0.00717,0.00559
40.9,29.35,202307,26.73,0.66,18.66,0.79,0.01555,0.00283,0.00283
40.9,29.35,202308,22.12,0.61,31.2,0.51,0.01287,0.00472,0.00183
40.9,29.35,202309,18.22,0.61,35.25,0.89,0.0106,0.00534,0.00319
40.9,29.35,202310,12.45,0.55,41.71,1.83,0.00724,0.00631,0.00655
40.9,29.35,202311,6.56,0.4,66.79,6.97,0.00382,0.01011,0.02496
40.9,29.35,202312,6.1,0.45,61.16,2.45,0.00355,0.00926,0.00877
40.9,29.38,202301,6.73,0.45,56.98,0.72,0.00391,0.00863,0.00258
40.9,29.38,202302,8.7,0.43,66.77,2.53,0.00506,0.01011,0.00906
40.9,29.38,202303,10.69,0.39,72.05,2.88,0.00622,0.01091,0.01031
40.9,29.38,202304,15.35,0.44,75.0,3.03,0.00893,0.01135,0.01085
40.9,29.38,202305,17.06,0.43,74.09,1.35,0.00992,0.01122,0.00483
40.9,29.38,202306,23.35,0.56,47.38,1.56,0.01358,0.00717,0.00559
40.9,29.38,202307,26.73,0.66,18.66,0.79,0.01555,0.00283,0.00283
40.9,29.38,202308,22.12,0.61,31.2,0.51,0.01287,0.00472,0.00183
40.9,29.38,202309,18.22,0.61,35.25,0.89,0.0106,0.00534,0.00319
40.9,29.38,202310,12.45,0.55,41.71,1.83,0.00724,0.00631,0.00655
40.9,29.38,202311,6.56,0.4,66.79,6.97,0.00382,0.01011,0.02496
40.9,29.38,202312,6.1,0.45,61.16,2.45,0.00355,0.00926,0.00877
40.9,29.41,202301,6.73,0.45,56.98,0.72,0.00391,0.00863,0.00258
40.9,29.41,202302,8.7,0.43,66.77,2.53,0.00506,0.01011,0.00906
40.9,29.41,202303,10.69,0.39,72.05,2.88,0.00622,0.01091,0.01031
40.9,29.41,202304,15.35,0.44,75.0,3.03,0.00893,0.01135,0.01085
40.9,29.41,202305,17.06,0.43,74.09,1.35,0.00992,0.01122,0.00483
40.9,29.41,202306,23.35,0.56,47.38,1.56,0.01358,0.00717,0.00559
40.9,29.41,202307,26.73,0.66,18.66,0.79,0.01555,0.00283,0.00283
40.9,29.41,202308,22.12,0.61,31.2,0.51,0.01287,0.00472,0.00183
40.9,29.41,202309,18.22,0.61,35.25,0.89,0.0106,0.00534,0.00319
40.9,29.41,202310,12.45,0.55,41.71,1.83,0.00724,0.00631,0.00655
40.9,29.41,202311,6.56,0.4,66.79,6.97,0.00382,0.01011,0.02496
40.9,29.41,202312,6.1,0.45,61.16,2.45,0.00355,0.00926,0.00877
40.92,29.14,202301,6.73,0.45,56.98,0.72,0.00391,0.00863,0.00258
40.92,29.14,202302,8.7,0.43,66.77,2.53,0.00506,0.01011,0.00906
40.92,29.14,202303,10.69,0.39,72.05,2.88,0.00622,0.01091,0.01031
40.92,29.14,202304,15.35,0.44,75.0,3.03,0.00893,0.01135,0.01085
40.92,29.14,202305,17.06,0.43,74.09,1.35,0.00992,0.01122,0.00483
40.92,29.14,202306,23.35,0.56,47.38,1.56,0.01358,0.00717,0.00559
40.92,29.14,202307,26.73,0.66,18.66,0.79,0.01555,0.00283,0.00283
40.92,29.14,202308,22.12,0.61,31.2,0.51,0.01287,0.00472,0.00183
40.92,29.14,202309,18.22,0.61,35.25,0.89,0.0106,0.00534,0.00319
40.92,29.14,202310,12.45,0.55,41.71,1.83,0.00724,0.00631,0.00655
40.92,29.14,202311,6.56,0.4,66.79,6.97,0.00382,0.01011,0.02496
40.92,29.14,202312,6.1,0.45,61.16,2.45,0.00355,0.00926,0.00877
40.92,29.17,202301,6.73,0.45,56.98,0.72,0.00391,0.00863,0.00258
40.92,29.17,202302,8.7,0.43,66.77,2.53,0.00506,0.01011,0.00906
40.92,29.17,202303,10.69,0.39,72.05,2.88,0.00622,0.01091,0.01031
40.92,29.17,202304,15.35,0.44,75.0,3.03,0.00893,0.01135,0.01085
40.92,29.17,202305,17.06,0.43,74.09,1.35,0.00992,0.01122,0.00483
40.92,29.17,202306,23.35,0.56,47.38,1.56,0.01358,0.00717,0.00559
40.92,29.17,202307,26.73,0.66,18.66,0.79,0.01555,0.00283,0.00283
40.92,29.17,202308,22.12,0.61,31.2,0.51,0.01287,0.00472,0.00183
40.92,29.17,202309,18.22,0.61,35.25,0.89,0.0106,0.00534,0.00319
40.92,29.17,202310,12.45,0.55,41.71,1.83,0.00724,0.00631,0.00655
40.92,29.17,202311,6.56,0.4,66.79,6.97,0.00382,0.01011,0.02496
40.92,29.17,202312,6.1,0.45,61.16,2.45,0.00355,0.00926,0.00877
40.92,29.2,202301,6.73,0.45,56.98,0.72,0.00391,0.00863,0.00258
40.92,29.2,202302,8.7,0.43,66.77,2.53,0.00506,0.01011,0.00906
40.92,29.2,202303,10.69,0.39,72.05,2.88,0.00622,0.01091,0.01031
40.92,29.2,202304,15.35,0.44,75.0,3.03,0.00893,0.01135,0.01085
40.92,29.2,202305,17.06,0.43,74.09,1.35,0.00992,0.01122,0.00483
40.92,29.2,202306,23.35,0.56,47.38,1.56,0.01358,0.00717,0.00559
40.92,29.2,202307,26.73,0.66,18.66,0.79,0.01555,0.00283,0.00283
40.92,29.2,202308,22.12,0.61,31.2,0.51,0.01287,0.00472,0.00183
40.92,29.2,202309,18.22,0.61,35.25,0.89,0.0106,0.00534,0.00319
40.92,29.2,202310,12.45,0.55,41.71,1.83,0.00724,0.00631,0.00655
40.92,29.2,202311,6.56,0.4,66.79,6.97,0.00382,0.01011,0.02496
40.92,29.2,202312,6.1,0.45,61.16,2.45,0.00355,0.00926,0.00877
40.92,29.23,202301,6.73,0.45,56.98,0.72,0.00391,0.00863,0.00258
40.92,29.23,202302,8.7,0.43,66.77,2.53,0.00506,0.01011,0.00906
40.92,29.23,202303,10.69,0.39,72.05,2.88,0.00622,0.01091,0.01031
40.92,29.23,202304,15.35,0.44,75.0,3.03,0.00893,0.01135,0.01085
40.92,29.23,202305,17.06,0.43,74.09,1.35,0.00992,0.01122,0.00483
40.92,29.23,202306,23.35,0.56,47.38,1.56,0.01358,0.00717,0.00559
40.92,29.23,202307,26.73,0.66,18.66,0.79,0.01555,0.00283,0.00283
40.92,29.23,202308,22.12,0.61,31.2,0.51,0.01287,0.00472,0.00183
40.92,29.23,202309,18.22,0.61,35.25,0.89,0.0106,0.00534,0.00319
40.92,29.23,202310,12.45,0.55,41.71,1.83,0.00724,0.00631,0.00655
40.92,29.23,202311,6.56,0.4,66.79,6.97,0.00382,0.01011,0.02496
40.92,29.23,202312,6.1,0.45,61.16,2.45,0.00355,0.00926,0.00877
40.92,29.26,202301,6.73,0.45,56.98,0.72,0.00391,0.00863,0.00258
40.92,29.26,202302,8.7,0.43,66.77,2.53,0.00506,0.01011,0.00906
40.92,29.26,202303,10.69,0.39,72.05,2.88,0.00622,0.01091,0.01031
40.92,29.26,202304,15.35,0.44,75.0,3.03,0.00893,0.01135,0.01085
40.92,29.26,202305,17.06,0.43,74.09,1.35,0.00992,0.01122,0.00483
40.92,29.26,202306,23.35,0.56,47.38,1.56,0.01358,0.00717,0.00559
40.92,29.26,202307,26.73,0.66,18.66,0.79,0.01555,0.00283,0.00283
40.92,29.26,202308,22.12,0.61,31.2,0.51,0.01287,0.00472,0.00183
40.92,29.26,202309,18.22,0.61,35.25,0.89,0.0106,0.00534,0.00319
40.92,29.26,202310,12.45,0.55,41.71,1.83,0.00724,0.00631,0.00655
40.92,29.26,202311,6.56,0.4,66.79,6.97,0.00382,0.01011,0.02496
40.92,29.26,202312,6.1,0.45,61.16,2.45,0.00355,0.00926,0.00877
40.92,29.29,202301,6.73,0.45,56.98,0.72,0.00391,0.00863,0.00258
40.92,29.29,202302,8.7,0.43,66.77,2.53,0.00506,0.01011,0.00906
40.92,29.29,202303,10.69,0.39,72.05,2.88,0.00622,0.01091,0.01031
40.92,29.29,202304,15.35,0.44,75.0,3.03,0.00893,0.01135,0.01085
40.92,29.29,202305,17.06,0.43,74.09,1.35,0.00992,0.01122,0.00483
40.92,29.29,202306,23.35,0.56,47.38,1.56,0.01358,0.00717,0.00559
40.92,29.29,202307,26.73,0.66,18.66,0.79,0.01555,0.00283,0.00283
40.92,29.29,202308,22.12,0.61,31.2,0.51,0.01287,0.00472,0.00183
40.92,29.29,202309,18.22,0.61,35.25,0.89,0.0106,0.00534,0.00319
40.92,29.29,202310,12.45,0.55,41.71,1.83,0.00724,0.00631,0.00655
40.92,29.29,202311,6.56,0.4,66.79,6.97,0.00382,0.01011,0.02496
40.92,29.29,202312,6.1,0.45,61.16,2.45,0.00355,0.00926,0.00877
40.92,29.32,202301,6.73,0.45,56.98,0.72,0.00391,0.00863,0.00258
40.92,29.32,202302,8.7,0.43,66.77,2.53,0.00506,0.01011,0.00906
40.92,29.32,202303,10.69,0.39,72.05,2.88,0.00622,0.01091,0.01031
40.92,29.32,202304,15.35,0.44,75.0,3.03,0.00893,0.01135,0.01085
40.92,29.32,202305,17.06,0.43,74.09,1.35,0.00992,0.01122,0.00483
40.92,29.32,202306,23.35,0.56,47.38,1.56,0.01358,0.00717,0.00559
40.92,29.32,202307,26.73,0.66,18.66,0.79,0.01555,0.00283,0.00283
40.92,29.32,202308,22.12,0.61,31.2,0.51,0.01287,0.00472,0.00183
40.92,29.32,202309,18.22,0.61,35.25,0.89,0.0106,0.00534,0.00319
40.92,29.32,202310,12.45,0.55,41.71,1.83,0.00724,0.00631,0.00655
40.92,29.32,202311,6.56,0.4,66.79,6.97,0.00382,0.01011,0.02496
40.92,29.32,202312,6.1,0.45,61.16,2.45,0.00355,0.00926,0.00877
40.92,29.35,202301,6.73,0.45,56.98,0.72,0.00391,0.00863,0.00258
40.92,29.35,202302,8.7,0.43,66.77,2.53,0.00506,0.01011,0.00906
40.92,29.35,202303,10.69,0.39,72.05,2.88,0.00622,0.01091,0.01031
40.92,29.35,202304,15.35,0.44,75.0,3.03,0.00893,0.01135,0.01085
40.92,29.35,202305,17.06,0.43,74.09,1.35,0.00992,0.01122,0.00483
40.92,29.35,202306,23.35,0.56,47.38,1.56,0.01358,0.00717,0.00559
40.92,29.35,202307,26.73,0.66,18.66,0.79,0.01555,0.00283,0.00283
40.92,29.35,202308,22.12,0.61,31.2,0.51,0.01287,0.00472,0.00183
40.92,29.35,202309,18.22,0.61,35.25,0.89,0.0106,0.00534,0.00319
40.92,29.35,202310,12.45,0.55,41.71,1.83,0.00724,0.00631,0.00655
40.92,29.35,202311,6.56,0.4,66.79,6.97,0.00382,0.01011,0.02496
40.92,29.35,202312,6.1,0.45,61.16,2.45,0.00355,0.00926,0.00877
40.92,29.38,202301,6.73,0.45,56.98,0.72,0.00391,0.00863,0.00258
40.92,29.38,202302,8.7,0.43,66.77,2.53,0.00506,0.01011,0.00906
40.92,29.38,202303,10.69,0.39,72.05,2.88,0.00622,0.01091,0.01031
40.92,29.38,202304,15.35,0.44,75.0,3.03,0.00893,0.01135,0.01085
40.92,29.38,202305,17.06,0.43,74.09,1.35,0.00992,0.01122,0.00483
40.92,29.38,202306,23.35,0.56,47.38,1.56,0.01358,0.00717,0.00559
40.92,29.38,202307,26.73,0.66,18.66,0.79,0.01555,0.00283,0.00283
40.92,29.38,202308,22.12,0.61,31.2,0.51,0.01287,0.00472,0.00183
40.92,29.38,202309,18.22,0.61,35.25,0.89,0.0106,0.00534,0.00319
40.92,29.38,202310,12.45,0.55,41.71,1.83,0.00724,0.00631,0.00655
40.92,29.38,202311,6.56,0.4,66.79,6.97,0.00382,0.01011,0.02496
40.92,29.38,202312,6.1,0.45,61.16,2.45,0.00355,0.00926,0.00877
40.92,29.41,202301,6.73,0.45,56.98,0.72,0.00391,0.00863,0.00258
40.92,29.41,202302,8.7,0.43,66.77,2.53,0.00506,0.01011,0.00906
40.92,29.41,202303,10.69,0.39,72.05,2.88,0.00622,0.01091,0.01031
40.92,29.41,202304,15.35,0.44,75.0,3.03,0.00893,0.01135,0.01085
40.92,29.41,202305,17.06,0.43,74.09,1.35,0.00992,0.01122,0.00483
40.92,29.41,202306,23.35,0.56,47.38,1.56,0.01358,0.00717,0.00559
40.92,29.41,202307,26.73,0.66,18.66,0.79,0.01555,0.00283,0.00283
40.92,29.41,202308,22.12,0.61,31.2,0.51,0.01287,0.00472,0.00183
40.92,29.41,202309,18.22,0.61,35.25,0.89,0.0106,0.00534,0.00319
40.92,29.41,202310,12.45,0.55,41.71,1.83,0.00724,0.00631,0.00655
40.92,29.41,202311,6.56,0.4,66.79,6.97,0.00382,0.01011,0.02496
40.92,29.41,202312,6.1,0.45,61.16,2.45,0.00355,0.00926,0.00877
40.94,29.11,202301,6.73,0.45,56.98,0.72,0.00391,0.00863,0.00258
40.94,29.11,202302,8.7,0.43,66.77,2.53,0.00506,0.01011,0.00906
40.94,29.11,202303,10.69,0.39,72.05,2.88,0.00622,0.01091,0.01031
40.94,29.11,202304,15.35,0.44,75.0,3.03,0.00893,0.01135,0.01085
40.94,29.11,202305,17.06,0.43,74.09,1.35,0.00992,0.01122,0.00483
40.94,29.11,202306,23.35,0.56,47.38,1.56,0.01358,0.00717,0.00559
40.94,29.11,202307,26.73,0.66,18.66,0.79,0.01555,0.00283,0.00283
40.94,29.11,202308,22.12,0.61,31.2,0.51,0.01287,0.00472,0.00183
40.94,29.11,202309,18.22,0.61,35.25,0.89,0.0106,0.00534,0.00319
40.94,29.11,202310,12.45,0.55,41.71,1.83,0.00724,0.00631,0.00655
40.94,29.11,202311,6.56,0.4,66.79,6.97,0.00382,0.01011,0.02496
40.94,29.11,202312,6.1,0.45,61.16,2.45,0.00355,0.00926,0.00877
40.94,29.14,202301,6.73,0.45,56.98,0.72,0.00391,0.00863,0.00258
40.94,29.14,202302,8.7,0.43,66.77,2.53,0.00506,0.01011,0.00906
40.94,29.14,202303,10.69,0.39,72.05,2.88,0.00622,0.01091,0.01031
40.94,29.14,202304,15.35,0.44,75.0,3.03,0.00893,0.01135,0.01085
40.94,29.14,202305,17.06,0.43,74.09,1.35,0.00992,0.01122,0.00483
40.94,29.14,202306,23.35,0.56,47.38,1.56,0.01358,0.00717,0.00559
40.94,29.14,202307,26.73,0.66,18.66,0.79,0.01555,0.00283,0.00283
40.94,29.14,202308,22.12,0.61,31.2,0.51,0.01287,0.00472,0.00183
40.94,29.14,202309,18.22,0.61,35.25,0.89,0.0106,0.00534,0.00319
40.94,29.14,202310,12.45,0.55,41.71,1.83,0.00724,0.00631,0.00655
40.94,29.14,202311,6.56,0.4,66.79,6.97,0.00382,0.01011,0.02496
40.94,29.14,202312,6.1,0.45,61.16,2.45,0.00355,0.00926,0.00877
40.94,29.17,202301,6.73,0.45,56.98,0.72,0.00391,0.00863,0.00258
40.94,29.17,202302,8.7,0.43,66.77,2.53,0.00506,0.01011,0.00906
40.94,29.17,202303,10.69,0.39,72.05,2.88,0.00622,0.01091,0.01031
40.94,29.17,202304,15.35,0.44,75.0,3.03,0.00893,0.01135,0.01085
40.94,29.17,202305,17.06,0.43,74.09,1.35,0.00992,0.01122,0.00483
40.94,29.17,202306,23.35,0.56,47.38,1.56,0.01358,0.00717,0.00559
40.94,29.17,202307,26.73,0.66,18.66,0.79,0.01555,0.00283,0.00283
40.94,29.17,202308,22.12,0.61,31.2,0.51,0.01287,0.00472,0.00183
40.94,29.17,202309,18.22,0.61,35.25,0.89,0.0106,0.00534,0.00319
40.94,29.17,202310,12.45,0.55,41.71,1.83,0.00724,0.00631,0.00655
40.94,29.17,202311,6.56,0.4,66.79,6.97,0.00382,0.01011,0.02496
40.94,29.17,202312,6.1,0.45,61.16,2.45,0.00355,0.00926,0.00877
40.94,29.2,202301,6.73,0.45,56.98,0.72,0.00391,0.00863,0.00258
40.94,29.2,202302,8.7,0.43,66.77,2.53,0.00506,0.01011,0.00906
40.94,29.2,202303,10.69,0.39,72.05,2.88,0.00622,0.01091,0.01031
40.94,29.2,202304,15.35,0.44,75.0,3.03,0.00893,0.01135,0.01085
40.94,29.2,202305,17.06,0.43,74.09,1.35,0.00992,0.01122,0.00483
40.94,29.2,202306,23.35,0.56,47.38,1.56,0.01358,0.00717,0.00559
40.94,29.2,202307,26.73,0.66,18.66,0.79,0.01555,0.00283,0.00283
40.94,29.2,202308,22.12,0.61,31.2,0.51,0.01287,0.00472,0.00183
40.94,29.2,202309,18.22,0.61,35.25,0.89,0.0106,0.00534,0.00319
40.94,29.2,202310,12.45,0.55,41.71,1.83,0.00724,0.00631,0.00655
40.94,29.2,202311,6.56,0.4,66.79,6.97,0.00382,0.01011,0.02496
40.94,29.2,202312,6.1,0.45,61.16,2.45,0.00355,0.00926,0.00877
40.94,29.23,202301,6.73,0.45,56.98,0.72,0.00391,0.00863,0.00258
40.94,29.23,202302,8.7,0.43,66.77,2.53,0.00506,0.01011,0.00906
40.94,29.23,202303,10.69,0.39,72.05,2.88,0.00622,0.01091,0.01031
40.94,29.23,202304,15.35,0.44,75.0,3.03,0.00893,0.01135,0.01085
40.94,29.23,202305,17.06,0.43,74.09,1.35,0.00992,0.01122,0.00483
40.94,29.23,202306,23.35,0.56,47.38,1.56,0.01358,0.00717,0.00559
40.94,29.23,202307,26.73,0.66,18.66,0.79,0.01555,0.00283,0.00283
40.94,29.23,202308,22.12,0.61,31.2,0.51,0.01287,0.00472,0.00183
40.94,29.23,202309,18.22,0.61,35.25,0.89,0.0106,0.00534,0.00319
40.94,29.23,202310,12.45,0.55,41.71,1.83,0.00724,0.00631,0.00655
40.94,29.23,202311,6.56,0.4,66.79,6.97,0.00382,0.01011,0.02496
40.94,29.23,202312,6.1,0.45,61.16,2.45,0.00355,0.00926,0.00877
40.94,29.26,202301,6.73,0.45,56.98,0.72,0.00391,0.00863,0.00258
40.94,29.26,202302,8.7,0.43,66.77,2.53,0.00506,0.01011,0.00906
40.94,29.26,202303,10.69,0.39,72.05,2.88,0.00622,0.01091,0.01031
40.94,29.26,202304,15.35,0.44,75.0,3.03,0.00893,0.01135,0.01085
40.94,29.26,202305,17.06,0.43,74.09,1.35,0.00992,0.01122,0.00483
40.94,29.26,202306,23.35,0.56,47.38,1.56,0.01358,0.00717,0.00559
40.94,29.26,202307,26.73,0.66,18.66,0.79,0.01555,0.00283,0.00283
40.94,29.26,202308,22.12,0.61,31.2,0.51,0.01287,0.00472,0.00183
40.94,29.26,202309,18.22,0.61,35.25,0.89,0.0106,0.00534,0.00319
40.94,29.26,202310,12.45,0.55,41.71,1.83,0.00724,0.00631,0.00655
40.94,29.26,202311,6.56,0.4,66.79,6.97,0.00382,0.01011,0.02496
40.94,29.26,202312,6.1,0.45,61.16,2.45,0.00355,0.00926,0.00877
40.94,29.29,202301,6.73,0.45,56.98,0.72,0.00391,0.00863,0.00258
40.94,29.29,202302,8.7,0.43,66.77,2.53,0.00506,0.01011,0.00906
40.94,29.29,202303,10.69,0.39,72.05,2.88,0.00622,0.01091,0.01031
40.94,29.29,202304,15.35,0.44,75.0,3.03,0.00893,0.01135,0.01085
40.94,29.29,202305,17.06,0.43,74.09,1.35,0.00992,0.01122,0.00483
40.94,29.29,202306,23.35,0.56,47.38,1.56,0.01358,0.00717,0.00559
40.94,29.29,202307,26.73,0.66,18.66,0.79,0.01555,0.00283,0.00283
40.94,29.29,202308,22.12,0.61,31.2,0.51,0.01287,0.00472,0.00183
40.94,29.29,202309,18.22,0.61,35.25,0.89,0.0106,0.00534,0.00319
40.94,29.29,202310,12.45,0.55,41.71,1.83,0.00724,0.00631,0.00655
40.94,29.29,202311,6.56,0.4,66.79,6.97,0.00382,0.01011,0.02496
40.94,29.29,202312,6.1,0.45,61.16,2.45,0.00355,0.00926,0.00877
40.94,29.32,202301,6.73,0.45,56.98,0.72,0.00391,0.00863,0.00258
40.94,29.32,202302,8.7,0.43,66.77,2.53,0.00506,0.01011,0.00906
40.94,29.32,202303,10.69,0.39,72.05,2.88,0.00622,0.01091,0.01031
40.94,29.32,202304,15.35,0.44,75.0,3.03,0.00893,0.01135,0.01085
40.94,29.32,202305,17.06,0.43,74.09,1.35,0.00992,0.01122,0.00483
40.94,29.32,202306,23.35,0.56,47.38,1.56,0.01358,0.00717,0.00559
40.94,29.32,202307,26.73,0.66,18.66,0.79,0.01555,0.00283,0.00283
40.94,29.32,202308,22.12,0.61,31.2,0.51,0.01287,0.00472,0.00183
40.94,29.32,202309,18.22,0.61,35.25,0.89,0.0106,0.00534,0.00319
40.94,29.32,202310,12.45,0.55,41.71,1.83,0.00724,0.00631,0.00655
40.94,29.32,202311,6.56,0.4,66.79,6.97,0.00382,0.01011,0.02496
40.94,29.32,202312,6.1,0.45,61.16,2.45,0.00355,0.00926,0.00877
40.94,29.35,202301,6.73,0.45,56.98,0.72,0.00391,0.00863,0.00258
40.94,29.35,202302,8.7,0.43,66.77,2.53,0.00506,0.01011,0.00906
40.94,29.35,202303,10.69,0.39,72.05,2.88,0.00622,0.01091,0.01031
40.94,29.35,202304,15.35,0.44,75.0,3.03,0.00893,0.01135,0.01085
40.94,29.35,202305,17.06,0.43,74.09,1.35,0.00992,0.01122,0.00483
40.94,29.35,202306,23.35,0.56,47.38,1.56,0.01358,0.00717,0.00559
40.94,29.35,202307,26.73,0.66,18.66,0.79,0.01555,0.00283,0.00283
40.94,29.35,202308,22.12,0.61,31.2,0.51,0.01287,0.00472,0.00183
40.94,29.35,202309,18.22,0.61,35.25,0.89,0.0106,0.00534,0.00319
40.94,29.35,202310,12.45,0.55,41.71,1.83,0.00724,0.00631,0.00655
40.94,29.35,202311,6.56,0.4,66.79,6.97,0.00382,0.01011,0.02496
40.94,29.35,202312,6.1,0.45,61.16,2.45,0.00355,0.00926,0.00877
40.94,29.38,202301,6.73,0.45,56.98,0.72,0.00391,0.00863,0.00258
40.94,29.38,202302,8.7,0.43,66.77,2.53,0.00506,0.01011,0.00906
40.94,29.38,202303,10.69,0.39,72.05,2.88,0.00622,0.01091,0.01031
40.94,29.38,202304,15.35,0.44,75.0,3.03,0.00893,0.01135,0.01085
40.94,29.38,202305,17.06,0.43,74.09,1.35,0.00992,0.01122,0.00483
40.94,29.38,202306,23.35,0.56,47.38,1.56,0.01358,0.00717,0.00559
40.94,29.38,202307,26.73,0.66,18.66,0.79,0.01555,0.00283,0.00283
40.94,29.38,202308,22.12,0.61,31.2,0.51,0.01287,0.00472,0.00183
40.94,29.38,202309,18.22,0.61,35.25,0.89,0.0106,0.00534,0.00319
40.94,29.38,202310,12.45,0.55,41.71,1.83,0.00724,0.00631,0.00655
40.94,29.38,202311,6.56,0.4,66.79,6.97,0.00382,0.01011,0.02496
40.94,29.38,202312,6.1,0.45,61.16,2.45,0.00355,0.00926,0.00877
40.94,29.41,202301,6.73,0.45,56.98,0.72,0.00391,0.00863,0.00258
40.94,29.41,202302,8.7,0.43,66.77,2.53,0.00506,0.01011,0.00906
40.94,29.41,202303,10.69,0.39,72.05,2.88,0.00622,0.01091,0.01031
40.94,29.41,202304,15.35,0.44,75.0,3.03,0.00893,0.01135,0.01085
40.94,29.41,202305,17.06,0.43,74.09,1.35,0.00992,0.01122,0.00483
40.94,29.41,202306,23.35,0.56,47.38,1.56,0.01358,0.00717,0.00559
40.94,29.41,202307,26.73,0.66,18.66,0.79,0.01555,0.00283,0.00283
40.94,29.41,202308,22.12,0.61,31.2,0.51,0.01287,0.00472,0.00183
40.94,29.41,202309,18.22,0.61,35.25,0.89,0.0106,0.00534,0.00319
40.94,29.41,202310,12.45,0.55,41.71,1.83,0.00724,0.00631,0.00655
40.94,29.41,202311,6.56,0.4,66.79,6.97,0.00382,0.01011,0.02496
40.94,29.41,202312,6.1,0.45,61.16,2.45,0.00355,0.00926,0.00877
40.96,28.63,202301,6.05,0.4,75.06,0.72,0.00352,0.01136,0.00258
40.96,28.63,202302,9.69,0.48,70.55,1.83,0.00564,0.01068,0.00655
40.96,28.63,202303,10.86,0.39,79.54,2.49,0.00632,0.01204,0.00892
40.96,28.63,202304,16.18,0.47,78.77,3.07,0.00941,0.01193,0.01099
40.96,28.63,202305,18.86,0.48,75.06,1.24,0.01097,0.01136,0.00444
40.96,28.63,202306,24.3,0.58,51.28,0.86,0.01414,0.00776,0.00308
40.96,28.63,202307,27.2,0.67,28.6,0.33,0.01582,0.00433,0.00118
40.96,28.63,202308,21.83,0.6,39.64,0.3,0.0127,0.006,0.00107
40.96,28.63,202309,18.41,0.61,46.99,0.71,0.01071,0.00711,0.00254
40.96,28.63,202310,12.38,0.55,55.15,1.15,0.0072,0.00835,0.00412
40.96,28.63,202311,6.62,0.4,76.32,6.37,0.00385,0.01155,0.02281
40.96,28.63,202312,5.63,0.42,71.8,2.3,0.00327,0.01087,0.00824
40.96,28.81,202301,6.05,0.4,75.06,0.72,0.00352,0.01136,0.00258
40.96,28.81,202302,9.69,0.48,70.55,1.83,0.00564,0.01068,0.00655
40.96,28.81,202303,10.86,0.39,79.54,2.49,0.00632,0.01204,0.00892
40.96,28.81,202304,16.18,0.47,78.77,3.07,0.00941,0.01193,0.01099
40.96,28.81,202305,18.86,0.48,75.06,1.24,0.01097,0.01136,0.00444
40.96,28.81,202306,24.3,0.58,51.28,0.86,0.01414,0.00776,0.00308
40.96,28.81,202307,27.2,0.67,28.6,0.33,0.01582,0.00433,0.00118
40.96,28.81,202308,21.83,0.6,39.64,0.3,0.0127,0.006,0.00107
40.96,28.81,202309,18.41,0.61,46.99,0.71,0.01071,0.00711,0.00254
40.96,28.81,202310,12.38,0.55,55.15,1.15,0.0072,0.00835,0.00412
40.96,28.81,202311,6.62,0.4,76.32,6.37,0.00385,0.01155,0.02281
40.96,28.81,202312,5.63,0.42,71.8,2.3,0.00327,0.01087,0.00824
40.96,28.84,202301,6.05,0.4,75.06,0.72,0.00352,0.01136,0.00258
40.96,28.84,202302,9.69,0.48,70.55,1.83,0.00564,0.01068,0.00655
40.96,28.84,202303,10.86,0.39,79.54,2.49,0.00632,0.01204,0.00892
40.96,28.84,202304,16.18,0.47,78.77,3.07,0.00941,0.01193,0.01099
40.96,28.84,202305,18.86,0.48,75.06,1.24,0.01097,0.01136,0.00444
40.96,28.84,202306,24.3,0.58,51.28,0.86,0.01414,0.00776,0.00308
40.96,28.84,202307,27.2,0.67,28.6,0.33,0.01582,0.00433,0.00118
40.96,28.84,202308,21.83,0.6,39.64,0.3,0.0127,0.006,0.00107
40.96,28.84,202309,18.41,0.61,46.99,0.71,0.01071,0.00711,0.00254
40.96,28.84,202310,12.38,0.55,55.15,1.15,0.0072,0.00835,0.00412
40.96,28.84,202311,6.62,0.4,76.32,6.37,0.00385,0.01155,0.02281
40.96,28.84,202312,5.63,0.42,71.8,2.3,0.00327,0.01087,0.00824
40.96,29.08,202301,6.73,0.45,56.98,0.72,0.00391,0.00863,0.00258
40.96,29.08,202302,8.7,0.43,66.77,2.53,0.00506,0.01011,0.00906
40.96,29.08,202303,10.69,0.39,72.05,2.88,0.00622,0.01091,0.01031
40.96,29.08,202304,15.35,0.44,75.0,3.03,0.00893,0.01135,0.01085
40.96,29.08,202305,17.06,0.43,74.09,1.35,0.00992,0.01122,0.00483
40.96,29.08,202306,23.35,0.56,47.38,1.56,0.01358,0.00717,0.00559
40.96,29.08,202307,26.73,0.66,18.66,0.79,0.01555,0.00283,0.00283
40.96,29.08,202308,22.12,0.61,31.2,0.51,0.01287,0.00472,0.00183
40.96,29.08,202309,18.22,0.61,35.25,0.89,0.0106,0.00534,0.00319
40.96,29.08,202310,12.45,0.55,41.71,1.83,0.00724,0.00631,0.00655
40.96,29.08,202311,6.56,0.4,66.79,6.97,0.00382,0.01011,0.02496
40.96,29.08,202312,6.1,0.45,61.16,2.45,0.00355,0.00926,0.00877
40.96,29.11,202301,6.73,0.45,56.98,0.72,0.00391,0.00863,0.00258
40.96,29.11,202302,8.7,0.43,66.77,2.53,0.00506,0.01011,0.00906
40.96,29.11,202303,10.69,0.39,72.05,2.88,0.00622,0.01091,0.01031
40.96,29.11,202304,15.35,0.44,75.0,3.03,0.00893,0.01135,0.01085
40.96,29.11,202305,17.06,0.43,74.09,1.35,0.00992,0.01122,0.00483
40.96,29.11,202306,23.35,0.56,47.38,1.56,0.01358,0.00717,0.00559
40.96,29.11,202307,26.73,0.66,18.66,0.79,0.01555,0.00283,0.00283
40.96,29.11,202308,22.12,0.61,31.2,0.51,0.01287,0.00472,0.00183
40.96,29.11,202309,18.22,0.61,35.25,0.89,0.0106,0.00534,0.00319
40.96,29.11,202310,12.45,0.55,41.71,1.83,0.00724,0.00631,0.00655
40.96,29.11,202311,6.56,0.4,66.79,6.97,0.00382,0.01011,0.02496
40.96,29.11,202312,6.1,0.45,61.16,2.45,0.00355,0.00926,0.00877
40.96,29.14,202301,6.73,0.45,56.98,0.72,0.00391,0.00863,0.00258
40.96,29.14,202302,8.7,0.43,66.77,2.53,0.00506,0.01011,0.00906
40.96,29.14,202303,10.69,0.39,72.05,2.88,0.00622,0.01091,0.01031
40.96,29.14,202304,15.35,0.44,75.0,3.03,0.00893,0.01135,0.01085
40.96,29.14,202305,17.06,0.43,74.09,1.35,0.00992,0.01122,0.00483
40.96,29.14,202306,23.35,0.56,47.38,1.56,0.01358,0.00717,0.00559
40.96,29.14,202307,26.73,0.66,18.66,0.79,0.01555,0.00283,0.00283
40.96,29.14,202308,22.12,0.61,31.2,0.51,0.01287,0.00472,0.00183
40.96,29.14,202309,18.22,0.61,35.25,0.89,0.0106,0.00534,0.00319
40.96,29.14,202310,12.45,0.55,41.71,1.83,0.00724,0.00631,0.00655
40.96,29.14,202311,6.56,0.4,66.79,6.97,0.00382,0.01011,0.02496
40.96,29.14,202312,6.1,0.45,61.16,2.45,0.00355,0.00926,0.00877
40.96,29.17,202301,6.73,0.45,56.98,0.72,0.00391,0.00863,0.00258
40.96,29.17,202302,8.7,0.43,66.77,2.53,0.00506,0.01011,0.00906
40.96,29.17,202303,10.69,0.39,72.05,2.88,0.00622,0.01091,0.01031
40.96,29.17,202304,15.35,0.44,75.0,3.03,0.00893,0.01135,0.01085
40.96,29.17,202305,17.06,0.43,74.09,1.35,0.00992,0.01122,0.00483
40.96,29.17,202306,23.35,0.56,47.38,1.56,0.01358,0.00717,0.00559
40.96,29.17,202307,26.73,0.66,18.66,0.79,0.01555,0.00283,0.00283
40.96,29.17,202308,22.12,0.61,31.2,0.51,0.01287,0.00472,0.00183
40.96,29.17,202309,18.22,0.61,35.25,0.89,0.0106,0.00534,0.00319
40.96,29.17,202310,12.45,0.55,41.71,1.83,0.00724,0.00631,0.00655
40.96,29.17,202311,6.56,0.4,66.79,6.97,0.00382,0.01011,0.02496
40.96,29.17,202312,6.1,0.45,61.16,2.45,0.00355,0.00926,0.00877
40.96,29.2,202301,6.73,0.45,56.98,0.72,0.00391,0.00863,0.00258
40.96,29.2,202302,8.7,0.43,66.77,2.53,0.00506,0.01011,0.00906
40.96,29.2,202303,10.69,0.39,72.05,2.88,0.00622,0.01091,0.01031
40.96,29.2,202304,15.35,0.44,75.0,3.03,0.00893,0.01135,0.01085
40.96,29.2,202305,17.06,0.43,74.09,1.35,0.00992,0.01122,0.00483
40.96,29.2,202306,23.35,0.56,47.38,1.56,0.01358,0.00717,0.00559
40.96,29.2,202307,26.73,0.66,18.66,0.79,0.01555,0.00283,0.00283
40.96,29.2,202308,22.12,0.61,31.2,0.51,0.01287,0.00472,0.00183
40.96,29.2,202309,18.22,0.61,35.25,0.89,0.0106,0.00534,0.00319
40.96,29.2,202310,12.45,0.55,41.71,1.83,0.00724,0.00631,0.00655
40.96,29.2,202311,6.56,0.4,66.79,6.97,0.00382,0.01011,0.02496
40.96,29.2,202312,6.1,0.45,61.16,2.45,0.00355,0.00926,0.00877
40.96,29.23,202301,6.73,0.45,56.98,0.72,0.00391,0.00863,0.00258
40.96,29.23,202302,8.7,0.43,66.77,2.53,0.00506,0.01011,0.00906
40.96,29.23,202303,10.69,0.39,72.05,2.88,0.00622,0.01091,0.01031
40.96,29.23,202304,15.35,0.44,75.0,3.03,0.00893,0.01135,0.01085
40.96,29.23,202305,17.06,0.43,74.09,1.35,0.00992,0.01122,0.00483
40.96,29.23,202306,23.35,0.56,47.38,1.56,0.01358,0.00717,0.00559
40.96,29.23,202307,26.73,0.66,18.66,0.79,0.01555,0.00283,0.00283
40.96,29.23,202308,22.12,0.61,31.2,0.51,0.01287,0.00472,0.00183
40.96,29.23,202309,18.22,0.61,35.25,0.89,0.0106,0.00534,0.00319
40.96,29.23,202310,12.45,0.55,41.71,1.83,0.00724,0.00631,0.00655
40.96,29.23,202311,6.56,0.4,66.79,6.97,0.00382,0.01011,0.02496
40.96,29.23,202312,6.1,0.45,61.16,2.45,0.00355,0.00926,0.00877
40.96,29.26,202301,6.73,0.45,56.98,0.72,0.00391,0.00863,0.00258
40.96,29.26,202302,8.7,0.43,66.77,2.53,0.00506,0.01011,0.00906
40.96,29.26,202303,10.69,0.39,72.05,2.88,0.00622,0.01091,0.01031
40.96,29.26,202304,15.35,0.44,75.0,3.03,0.00893,0.01135,0.01085
40.96,29.26,202305,17.06,0.43,74.09,1.35,0.00992,0.01122,0.00483
40.96,29.26,202306,23.35,0.56,47.38,1.56,0.01358,0.00717,0.00559
40.96,29.26,202307,26.73,0.66,18.66,0.79,0.01555,0.00283,0.00283
40.96,29.26,202308,22.12,0.61,31.2,0.51,0.01287,0.00472,0.00183
40.96,29.26,202309,18.22,0.61,35.25,0.89,0.0106,0.00534,0.00319
40.96,29.26,202310,12.45,0.55,41.71,1.83,0.00724,0.00631,0.00655
40.96,29.26,202311,6.56,0.4,66.79,6.97,0.00382,0.01011,0.02496
40.96,29.26,202312,6.1,0.45,61.16,2.45,0.00355,0.00926,0.00877
40.96,29.29,202301,6.73,0.45,56.98,0.72,0.00391,0.00863,0.00258
40.96,29.29,202302,8.7,0.43,66.77,2.53,0.00506,0.01011,0.00906
40.96,29.29,202303,10.69,0.39,72.05,2.88,0.00622,0.01091,0.01031
40.96,29.29,202304,15.35,0.44,75.0,3.03,0.00893,0.01135,0.01085
40.96,29.29,202305,17.06,0.43,74.09,1.35,0.00992,0.01122,0.00483
40.96,29.29,202306,23.35,0.56,47.38,1.56,0.01358,0.00717,0.00559
40.96,29.29,202307,26.73,0.66,18.66,0.79,0.01555,0.00283,0.00283
40.96,29.29,202308,22.12,0.61,31.2,0.51,0.01287,0.00472,0.00183
40.96,29.29,202309,18.22,0.61,35.25,0.89,0.0106,0.00534,0.00319
40.96,29.29,202310,12.45,0.55,41.71,1.83,0.00724,0.00631,0.00655
40.96,29.29,202311,6.56,0.4,66.79,6.97,0.00382,0.01011,0.02496
40.96,29.29,202312,6.1,0.45,61.16,2.45,0.00355,0.00926,0.00877
40.96,29.32,202301,6.73,0.45,56.98,0.72,0.00391,0.00863,0.00258
40.96,29.32,202302,8.7,0.43,66.77,2.53,0.00506,0.01011,0.00906
40.96,29.32,202303,10.69,0.39,72.05,2.88,0.00622,0.01091,0.01031
40.96,29.32,202304,15.35,0.44,75.0,3.03,0.00893,0.01135,0.01085
40.96,29.32,202305,17.06,0.43,74.09,1.35,0.00992,0.01122,0.00483
40.96,29.32,202306,23.35,0.56,47.38,1.56,0.01358,0.00717,0.00559
40.96,29.32,202307,26.73,0.66,18.66,0.79,0.01555,0.00283,0.00283
40.96,29.32,202308,22.12,0.61,31.2,0.51,0.01287,0.00472,0.00183
40.96,29.32,202309,18.22,0.61,35.25,0.89,0.0106,0.00534,0.00319
40.96,29.32,202310,12.45,0.55,41.71,1.83,0.00724,0.00631,0.00655
40.96,29.32,202311,6.56,0.4,66.79,6.97,0.00382,0.01011,0.02496
40.96,29.32,202312,6.1,0.45,61.16,2.45,0.00355,0.00926,0.00877
40.96,29.35,202301,6.73,0.45,56.98,0.72,0.00391,0.00863,0.00258
40.96,29.35,202302,8.7,0.43,66.77,2.53,0.00506,0.01011,0.00906
40.96,29.35,202303,10.69,0.39,72.05,2.88,0.00622,0.01091,0.01031
40.96,29.35,202304,15.35,0.44,75.0,3.03,0.00893,0.01135,0.01085
40.96,29.35,202305,17.06,0.43,74.09,1.35,0.00992,0.01122,0.00483
40.96,29.35,202306,23.35,0.56,47.38,1.56,0.01358,0.00717,0.00559
40.96,29.35,202307,26.73,0.66,18.66,0.79,0.01555,0.00283,0.00283
40.96,29.35,202308,22.12,0.61,31.2,0.51,0.01287,0.00472,0.00183
40.96,29.35,202309,18.22,0.61,35.25,0.89,0.0106,0.00534,0.00319
40.96,29.35,202310,12.45,0.55,41.71,1.83,0.00724,0.00631,0.00655
40.96,29.35,202311,6.56,0.4,66.79,6.97,0.00382,0.01011,0.02496
40.96,29.35,202312,6.1,0.45,61.16,2.45,0.00355,0.00926,0.00877
40.96,29.38,202301,6.73,0.45,56.98,0.72,0.00391,0.00863,0.00258
40.96,29.38,202302,8.7,0.43,66.77,2.53,0.00506,0.01011,0.00906
40.96,29.38,202303,10.69,0.39,72.05,2.88,0.00622,0.01091,0.01031
40.96,29.38,202304,15.35,0.44,75.0,3.03,0.00893,0.01135,0.01085
40.96,29.38,202305,17.06,0.43,74.09,1.35,0.00992,0.01122,0.00483
40.96,29.38,202306,23.35,0.56,47.38,1.56,0.01358,0.00717,0.00559
40.96,29.38,202307,26.73,0.66,18.66,0.79,0.01555,0.00283,0.00283
40.96,29.38,202308,22.12,0.61,31.2,0.51,0.01287,0.00472,0.00183
40.96,29.38,202309,18.22,0.61,35.25,0.89,0.0106,0.00534,0.00319
40.96,29.38,202310,12.45,0.55,41.71,1.83,0.00724,0.00631,0.00655
40.96,29.38,202311,6.56,0.4,66.79,6.97,0.00382,0.01011,0.02496
40.96,29.38,202312,6.1,0.45,61.16,2.45,0.00355,0.00926,0.00877
40.96,29.41,202301,6.73,0.45,56.98,0.72,0.00391,0.00863,0.00258
40.96,29.41,202302,8.7,0.43,66.77,2.53,0.00506,0.01011,0.00906
40.96,29.41,202303,10.69,0.39,72.05,2.88,0.00622,0.01091,0.01031
40.96,29.41,202304,15.35,0.44,75.0,3.03,0.00893,0.01135,0.01085
40.96,29.41,202305,17.06,0.43,74.09,1.35,0.00992,0.01122,0.00483
40.96,29.41,202306,23.35,0.56,47.38,1.56,0.01358,0.00717,0.00559
40.96,29.41,202307,26.73,0.66,18.66,0.79,0.01555,0.00283,0.00283
40.96,29.41,202308,22.12,0.61,31.2,0.51,0.01287,0.00472,0.00183
40.96,29.41,202309,18.22,0.61,35.25,0.89,0.0106,0.00534,0.00319
40.96,29.41,202310,12.45,0.55,41.71,1.83,0.00724,0.00631,0.00655
40.96,29.41,202311,6.56,0.4,66.79,6.97,0.00382,0.01011,0.02496
40.96,29.41,202312,6.1,0.45,61.16,2.45,0.00355,0.00926,0.00877
40.96,29.44,202301,6.73,0.45,56.98,0.72,0.00391,0.00863,0.00258
40.96,29.44,202302,8.7,0.43,66.77,2.53,0.00506,0.01011,0.00906
40.96,29.44,202303,10.69,0.39,72.05,2.88,0.00622,0.01091,0.01031
40.96,29.44,202304,15.35,0.44,75.0,3.03,0.00893,0.01135,0.01085
40.96,29.44,202305,17.06,0.43,74.09,1.35,0.00992,0.01122,0.00483
40.96,29.44,202306,23.35,0.56,47.38,1.56,0.01358,0.00717,0.00559
40.96,29.44,202307,26.73,0.66,18.66,0.79,0.01555,0.00283,0.00283
40.96,29.44,202308,22.12,0.61,31.2,0.51,0.01287,0.00472,0.00183
40.96,29.44,202309,18.22,0.61,35.25,0.89,0.0106,0.00534,0.00319
40.96,29.44,202310,12.45,0.55,41.71,1.83,0.00724,0.00631,0.00655
40.96,29.44,202311,6.56,0.4,66.79,6.97,0.00382,0.01011,0.02496
40.96,29.44,202312,6.1,0.45,61.16,2.45,0.00355,0.00926,0.00877
40.96,29.47,202301,6.73,0.45,56.98,0.72,0.00391,0.00863,0.00258
40.96,29.47,202302,8.7,0.43,66.77,2.53,0.00506,0.01011,0.00906
40.96,29.47,202303,10.69,0.39,72.05,2.88,0.00622,0.01091,0.01031
40.96,29.47,202304,15.35,0.44,75.0,3.03,0.00893,0.01135,0.01085
40.96,29.47,202305,17.06,0.43,74.09,1.35,0.00992,0.01122,0.00483
40.96,29.47,202306,23.35,0.56,47.38,1.56,0.01358,0.00717,0.00559
40.96,29.47,202307,26.73,0.66,18.66,0.79,0.01555,0.00283,0.00283
40.96,29.47,202308,22.12,0.61,31.2,0.51,0.01287,0.00472,0.00183
40.96,29.47,202309,18.22,0.61,35.25,0.89,0.0106,0.00534,0.00319
40.96,29.47,202310,12.45,0.55,41.71,1.83,0.00724,0.00631,0.00655
40.96,29.47,202311,6.56,0.4,66.79,6.97,0.00382,0.01011,0.02496
40.96,29.47,202312,6.1,0.45,61.16,2.45,0.00355,0.00926,0.00877
40.98,28.6,202301,6.05,0.4,75.06,0.72,0.00352,0.01136,0.00258
40.98,28.6,202302,9.69,0.48,70.55,1.83,0.00564,0.01068,0.00655
40.98,28.6,202303,10.86,0.39,79.54,2.49,0.00632,0.01204,0.00892
40.98,28.6,202304,16.18,0.47,78.77,3.07,0.00941,0.01193,0.01099
40.98,28.6,202305,18.86,0.48,75.06,1.24,0.01097,0.01136,0.00444
40.98,28.6,202306,24.3,0.58,51.28,0.86,0.01414,0.00776,0.00308
40.98,28.6,202307,27.2,0.67,28.6,0.33,0.01582,0.00433,0.00118
40.98,28.6,202308,21.83,0.6,39.64,0.3,0.0127,0.006,0.00107
40.98,28.6,202309,18.41,0.61,46.99,0.71,0.01071,0.00711,0.00254
40.98,28.6,202310,12.38,0.55,55.15,1.15,0.0072,0.00835,0.00412
40.98,28.6,202311,6.62,0.4,76.32,6.37,0.00385,0.01155,0.02281
40.98,28.6,202312,5.63,0.42,71.8,2.3,0.00327,0.01087,0.00824
40.98,28.63,202301,6.05,0.4,75.06,0.72,0.00352,0.01136,0.00258
40.98,28.63,202302,9.69,0.48,70.55,1.83,0.00564,0.01068,0.00655
40.98,28.63,202303,10.86,0.39,79.54,2.49,0.00632,0.01204,0.00892
40.98,28.63,202304,16.18,0.47,78.77,3.07,0.00941,0.01193,0.01099
40.98,28.63,202305,18.86,0.48,75.06,1.24,0.01097,0.01136,0.00444
40.98,28.63,202306,24.3,0.58,51.28,0.86,0.01414,0.00776,0.00308
40.98,28.63,202307,27.2,0.67,28.6,0.33,0.01582,0.00433,0.00118
40.98,28.63,202308,21.83,0.6,39.64,0.3,0.0127,0.006,0.00107
40.98,28.63,202309,18.41,0.61,46.99,0.71,0.01071,0.00711,0.00254
40.98,28.63,202310,12.38,0.55,55.15,1.15,0.0072,0.00835,0.00412
40.98,28.63,202311,6.62,0.4,76.32,6.37,0.00385,0.01155,0.02281
40.98,28.63,202312,5.63,0.42,71.8,2.3,0.00327,0.01087,0.00824
40.98,28.66,202301,6.05,0.4,75.06,0.72,0.00352,0.01136,0.00258
40.98,28.66,202302,9.69,0.48,70.55,1.83,0.00564,0.01068,0.00655
40.98,28.66,202303,10.86,0.39,79.54,2.49,0.00632,0.01204,0.00892
40.98,28.66,202304,16.18,0.47,78.77,3.07,0.00941,0.01193,0.01099
40.98,28.66,202305,18.86,0.48,75.06,1.24,0.01097,0.01136,0.00444
40.98,28.66,202306,24.3,0.58,51.28,0.86,0.01414,0.00776,0.00308
40.98,28.66,202307,27.2,0.67,28.6,0.33,0.01582,0.00433,0.00118
40.98,28.66,202308,21.83,0.6,39.64,0.3,0.0127,0.006,0.00107
40.98,28.66,202309,18.41,0.61,46.99,0.71,0.01071,0.00711,0.00254
40.98,28.66,202310,12.38,0.55,55.15,1.15,0.0072,0.00835,0.00412
40.98,28.66,202311,6.62,0.4,76.32,6.37,0.00385,0.01155,0.02281
40.98,28.66,202312,5.63,0.42,71.8,2.3,0.00327,0.01087,0.00824
40.98,28.69,202301,6.05,0.4,75.06,0.72,0.00352,0.01136,0.00258
40.98,28.69,202302,9.69,0.48,70.55,1.83,0.00564,0.01068,0.00655
40.98,28.69,202303,10.86,0.39,79.54,2.49,0.00632,0.01204,0.00892
40.98,28.69,202304,16.18,0.47,78.77,3.07,0.00941,0.01193,0.01099
40.98,28.69,202305,18.86,0.48,75.06,1.24,0.01097,0.01136,0.00444
40.98,28.69,202306,24.3,0.58,51.28,0.86,0.01414,0.00776,0.00308
40.98,28.69,202307,27.2,0.67,28.6,0.33,0.01582,0.00433,0.00118
40.98,28.69,202308,21.83,0.6,39.64,0.3,0.0127,0.006,0.00107
40.98,28.69,202309,18.41,0.61,46.99,0.71,0.01071,0.00711,0.00254
40.98,28.69,202310,12.38,0.55,55.15,1.15,0.0072,0.00835,0.00412
40.98,28.69,202311,6.62,0.4,76.32,6.37,0.00385,0.01155,0.02281
40.98,28.69,202312,5.63,0.42,71.8,2.3,0.00327,0.01087,0.00824
40.98,28.72,202301,6.05,0.4,75.06,0.72,0.00352,0.01136,0.00258
40.98,28.72,202302,9.69,0.48,70.55,1.83,0.00564,0.01068,0.00655
40.98,28.72,202303,10.86,0.39,79.54,2.49,0.00632,0.01204,0.00892
40.98,28.72,202304,16.18,0.47,78.77,3.07,0.00941,0.01193,0.01099
40.98,28.72,202305,18.86,0.48,75.06,1.24,0.01097,0.01136,0.00444
40.98,28.72,202306,24.3,0.58,51.28,0.86,0.01414,0.00776,0.00308
40.98,28.72,202307,27.2,0.67,28.6,0.33,0.01582,0.00433,0.00118
40.98,28.72,202308,21.83,0.6,39.64,0.3,0.0127,0.006,0.00107
40.98,28.72,202309,18.41,0.61,46.99,0.71,0.01071,0.00711,0.00254
40.98,28.72,202310,12.38,0.55,55.15,1.15,0.0072,0.00835,0.00412
40.98,28.72,202311,6.62,0.4,76.32,6.37,0.00385,0.01155,0.02281
40.98,28.72,202312,5.63,0.42,71.8,2.3,0.00327,0.01087,0.00824
40.98,28.75,202301,6.05,0.4,75.06,0.72,0.00352,0.01136,0.00258
40.98,28.75,202302,9.69,0.48,70.55,1.83,0.00564,0.01068,0.00655
40.98,28.75,202303,10.86,0.39,79.54,2.49,0.00632,0.01204,0.00892
40.98,28.75,202304,16.18,0.47,78.77,3.07,0.00941,0.01193,0.01099
40.98,28.75,202305,18.86,0.48,75.06,1.24,0.01097,0.01136,0.00444
40.98,28.75,202306,24.3,0.58,51.28,0.86,0.01414,0.00776,0.00308
40.98,28.75,202307,27.2,0.67,28.6,0.33,0.01582,0.00433,0.00118
40.98,28.75,202308,21.83,0.6,39.64,0.3,0.0127,0.006,0.00107
40.98,28.75,202309,18.41,0.61,46.99,0.71,0.01071,0.00711,0.00254
40.98,28.75,202310,12.38,0.55,55.15,1.15,0.0072,0.00835,0.00412
40.98,28.75,202311,6.62,0.4,76.32,6.37,0.00385,0.01155,0.02281
40.98,28.75,202312,5.63,0.42,71.8,2.3,0.00327,0.01087,0.00824
40.98,28.78,202301,6.05,0.4,75.06,0.72,0.00352,0.01136,0.00258
40.98,28.78,202302,9.69,0.48,70.55,1.83,0.00564,0.01068,0.00655
40.98,28.78,202303,10.86,0.39,79.54,2.49,0.00632,0.01204,0.00892
40.98,28.78,202304,16.18,0.47,78.77,3.07,0.00941,0.01193,0.01099
40.98,28.78,202305,18.86,0.48,75.06,1.24,0.01097,0.01136,0.00444
40.98,28.78,202306,24.3,0.58,51.28,0.86,0.01414,0.00776,0.00308
40.98,28.78,202307,27.2,0.67,28.6,0.33,0.01582,0.00433,0.00118
40.98,28.78,202308,21.83,0.6,39.64,0.3,0.0127,0.006,0.00107
40.98,28.78,202309,18.41,0.61,46.99,0.71,0.01071,0.00711,0.00254
40.98,28.78,202310,12.38,0.55,55.15,1.15,0.0072,0.00835,0.00412
40.98,28.78,202311,6.62,0.4,76.32,6.37,0.00385,0.01155,0.02281
40.98,28.78,202312,5.63,0.42,71.8,2.3,0.00327,0.01087,0.00824
40.98,28.81,202301,6.05,0.4,75.06,0.72,0.00352,0.01136,0.00258
40.98,28.81,202302,9.69,0.48,70.55,1.83,0.00564,0.01068,0.00655
40.98,28.81,202303,10.86,0.39,79.54,2.49,0.00632,0.01204,0.00892
40.98,28.81,202304,16.18,0.47,78.77,3.07,0.00941,0.01193,0.01099
40.98,28.81,202305,18.86,0.48,75.06,1.24,0.01097,0.01136,0.00444
40.98,28.81,202306,24.3,0.58,51.28,0.86,0.01414,0.00776,0.00308
40.98,28.81,202307,27.2,0.67,28.6,0.33,0.01582,0.00433,0.00118
40.98,28.81,202308,21.83,0.6,39.64,0.3,0.0127,0.006,0.00107
40.98,28.81,202309,18.41,0.61,46.99,0.71,0.01071,0.00711,0.00254
40.98,28.81,202310,12.38,0.55,55.15,1.15,0.0072,0.00835,0.00412
40.98,28.81,202311,6.62,0.4,76.32,6.37,0.00385,0.01155,0.02281
40.98,28.81,202312,5.63,0.42,71.8,2.3,0.00327,0.01087,0.00824
40.98,28.84,202301,6.05,0.4,75.06,0.72,0.00352,0.01136,0.00258
40.98,28.84,202302,9.69,0.48,70.55,1.83,0.00564,0.01068,0.00655
40.98,28.84,202303,10.86,0.39,79.54,2.49,0.00632,0.01204,0.00892
40.98,28.84,202304,16.18,0.47,78.77,3.07,0.00941,0.01193,0.01099
40.98,28.84,202305,18.86,0.48,75.06,1.24,0.01097,0.01136,0.00444
40.98,28.84,202306,24.3,0.58,51.28,0.86,0.01414,0.00776,0.00308
40.98,28.84,202307,27.2,0.67,28.6,0.33,0.01582,0.00433,0.00118
40.98,28.84,202308,21.83,0.6,39.64,0.3,0.0127,0.006,0.00107
40.98,28.84,202309,18.41,0.61,46.99,0.71,0.01071,0.00711,0.00254
40.98,28.84,202310,12.38,0.55,55.15,1.15,0.0072,0.00835,0.00412
40.98,28.84,202311,6.62,0.4,76.32,6.37,0.00385,0.01155,0.02281
40.98,28.84,202312,5.63,0.42,71.8,2.3,0.00327,0.01087,0.00824
40.98,28.87,202301,6.05,0.4,75.06,0.72,0.00352,0.01136,0.00258
40.98,28.87,202302,9.69,0.48,70.55,1.83,0.00564,0.01068,0.00655
40.98,28.87,202303,10.86,0.39,79.54,2.49,0.00632,0.01204,0.00892
40.98,28.87,202304,16.18,0.47,78.77,3.07,0.00941,0.01193,0.01099
40.98,28.87,202305,18.86,0.48,75.06,1.24,0.01097,0.01136,0.00444
40.98,28.87,202306,24.3,0.58,51.28,0.86,0.01414,0.00776,0.00308
40.98,28.87,202307,27.2,0.67,28.6,0.33,0.01582,0.00433,0.00118
40.98,28.87,202308,21.83,0.6,39.64,0.3,0.0127,0.006,0.00107
40.98,28.87,202309,18.41,0.61,46.99,0.71,0.01071,0.00711,0.00254
40.98,28.87,202310,12.38,0.55,55.15,1.15,0.0072,0.00835,0.00412
40.98,28.87,202311,6.62,0.4,76.32,6.37,0.00385,0.01155,0.02281
40.98,28.87,202312,5.63,0.42,71.8,2.3,0.00327,0.01087,0.00824
40.98,28.9,202301,6.05,0.4,75.06,0.72,0.00352,0.01136,0.00258
40.98,28.9,202302,9.69,0.48,70.55,1.83,0.00564,0.01068,0.00655
40.98,28.9,202303,10.86,0.39,79.54,2.49,0.00632,0.01204,0.00892
40.98,28.9,202304,16.18,0.47,78.77,3.07,0.00941,0.01193,0.01099
40.98,28.9,202305,18.86,0.48,75.06,1.24,0.01097,0.01136,0.00444
40.98,28.9,202306,24.3,0.58,51.28,0.86,0.01414,0.00776,0.00308
40.98,28.9,202307,27.2,0.67,28.6,0.33,0.01582,0.00433,0.00118
40.98,28.9,202308,21.83,0.6,39.64,0.3,0.0127,0.006,0.00107
40.98,28.9,202309,18.41,0.61,46.99,0.71,0.01071,0.00711,0.00254
40.98,28.9,202310,12.38,0.55,55.15,1.15,0.0072,0.00835,0.00412
40.98,28.9,202311,6.62,0.4,76.32,6.37,0.00385,0.01155,0.02281
40.98,28.9,202312,5.63,0.42,71.8,2.3,0.00327,0.01087,0.00824
40.98,29.02,202301,6.73,0.45,56.98,0.72,0.00391,0.00863,0.00258
40.98,29.02,202302,8.7,0.43,66.77,1.83,0.00506,0.01011,0.00655
40.98,29.02,202303,10.69,0.39,72.05,2.49,0.00622,0.01091,0.00892
40.98,29.02,202304,15.35,0.44,75.0,3.07,0.00893,0.01135,0.01099
40.98,29.02,202305,17.06,0.43,74.09,1.24,0.00992,0.01122,0.00444
40.98,29.02,202306,23.35,0.56,47.38,0.86,0.01358,0.00717,0.00308
40.98,29.02,202307,26.73,0.66,18.66,0.33,0.01555,0.00283,0.00118
40.98,29.02,202308,22.12,0.61,31.2,0.3,0.01287,0.00472,0.00107
40.98,29.02,202309,18.22,0.61,35.25,0.71,0.0106,0.00534,0.00254
40.98,29.02,202310,12.45,0.55,41.71,1.15,0.00724,0.00631,0.00412
40.98,29.02,202311,6.56,0.4,66.79,6.37,0.00382,0.01011,0.02281
40.98,29.02,202312,6.1,0.45,61.16,2.3,0.00355,0.00926,0.00824
40.98,29.05,202301,6.73,0.45,56.98,0.72,0.00391,0.00863,0.00258
40.98,29.05,202302,8.7,0.43,66.77,1.83,0.00506,0.01011,0.00655
40.98,29.05,202303,10.69,0.39,72.05,2.49,0.00622,0.01091,0.00892
40.98,29.05,202304,15.35,0.44,75.0,3.07,0.00893,0.01135,0.01099
40.98,29.05,202305,17.06,0.43,74.09,1.24,0.00992,0.01122,0.00444
40.98,29.05,202306,23.35,0.56,47.38,0.86,0.01358,0.00717,0.00308
40.98,29.05,202307,26.73,0.66,18.66,0.33,0.01555,0.00283,0.00118
40.98,29.05,202308,22.12,0.61,31.2,0.3,0.01287,0.00472,0.00107
40.98,29.05,202309,18.22,0.61,35.25,0.71,0.0106,0.00534,0.00254
40.98,29.05,202310,12.45,0.55,41.71,1.15,0.00724,0.00631,0.00412
40.98,29.05,202311,6.56,0.4,66.79,6.37,0.00382,0.01011,0.02281
40.98,29.05,202312,6.1,0.45,61.16,2.3,0.00355,0.00926,0.00824
40.98,29.08,202301,6.73,0.45,56.98,0.72,0.00391,0.00863,0.00258
40.98,29.08,202302,8.7,0.43,66.77,2.53,0.00506,0.01011,0.00906
40.98,29.08,202303,10.69,0.39,72.05,2.88,0.00622,0.01091,0.01031
40.98,29.08,202304,15.35,0.44,75.0,3.03,0.00893,0.01135,0.01085
40.98,29.08,202305,17.06,0.43,74.09,1.35,0.00992,0.01122,0.00483
40.98,29.08,202306,23.35,0.56,47.38,1.56,0.01358,0.00717,0.00559
40.98,29.08,202307,26.73,0.66,18.66,0.79,0.01555,0.00283,0.00283
40.98,29.08,202308,22.12,0.61,31.2,0.51,0.01287,0.00472,0.00183
40.98,29.08,202309,18.22,0.61,35.25,0.89,0.0106,0.00534,0.00319
40.98,29.08,202310,12.45,0.55,41.71,1.83,0.00724,0.00631,0.00655
40.98,29.08,202311,6.56,0.4,66.79,6.97,0.00382,0.01011,0.02496
40.98,29.08,202312,6.1,0.45,61.16,2.45,0.00355,0.00926,0.00877
40.98,29.11,202301,6.73,0.45,56.98,0.72,0.00391,0.00863,0.00258
40.98,29.11,202302,8.7,0.43,66.77,2.53,0.00506,0.01011,0.00906
40.98,29.11,202303,10.69,0.39,72.05,2.88,0.00622,0.01091,0.01031
40.98,29.11,202304,15.35,0.44,75.0,3.03,0.00893,0.01135,0.01085
40.98,29.11,202305,17.06,0.43,74.09,1.35,0.00992,0.01122,0.00483
40.98,29.11,202306,23.35,0.56,47.38,1.56,0.01358,0.00717,0.00559
40.98,29.11,202307,26.73,0.66,18.66,0.79,0.01555,0.00283,0.00283
40.98,29.11,202308,22.12,0.61,31.2,0.51,0.01287,0.00472,0.00183
40.98,29.11,202309,18.22,0.61,35.25,0.89,0.0106,0.00534,0.00319
40.98,29.11,202310,12.45,0.55,41.71,1.83,0.00724,0.00631,0.00655
40.98,29.11,202311,6.56,0.4,66.79,6.97,0.00382,0.01011,0.02496
40.98,29.11,202312,6.1,0.45,61.16,2.45,0.00355,0.00926,0.00877
40.98,29.14,202301,6.73,0.45,56.98,0.72,0.00391,0.00863,0.00258
40.98,29.14,202302,8.7,0.43,66.77,2.53,0.00506,0.01011,0.00906
40.98,29.14,202303,10.69,0.39,72.05,2.88,0.00622,0.01091,0.01031
40.98,29.14,202304,15.35,0.44,75.0,3.03,0.00893,0.01135,0.01085
40.98,29.14,202305,17.06,0.43,74.09,1.35,0.00992,0.01122,0.00483
40.98,29.14,202306,23.35,0.56,47.38,1.56,0.01358,0.00717,0.00559
40.98,29.14,202307,26.73,0.66,18.66,0.79,0.01555,0.00283,0.00283
40.98,29.14,202308,22.12,0.61,31.2,0.51,0.01287,0.00472,0.00183
40.98,29.14,202309,18.22,0.61,35.25,0.89,0.0106,0.00534,0.00319
40.98,29.14,202310,12.45,0.55,41.71,1.83,0.00724,0.00631,0.00655
40.98,29.14,202311,6.56,0.4,66.79,6.97,0.00382,0.01011,0.02496
40.98,29.14,202312,6.1,0.45,61.16,2.45,0.00355,0.00926,0.00877
40.98,29.17,202301,6.73,0.45,56.98,0.72,0.00391,0.00863,0.00258
40.98,29.17,202302,8.7,0.43,66.77,2.53,0.00506,0.01011,0.00906
40.98,29.17,202303,10.69,0.39,72.05,2.88,0.00622,0.01091,0.01031
40.98,29.17,202304,15.35,0.44,75.0,3.03,0.00893,0.01135,0.01085
40.98,29.17,202305,17.06,0.43,74.09,1.35,0.00992,0.01122,0.00483
40.98,29.17,202306,23.35,0.56,47.38,1.56,0.01358,0.00717,0.00559
40.98,29.17,202307,26.73,0.66,18.66,0.79,0.01555,0.00283,0.00283
40.98,29.17,202308,22.12,0.61,31.2,0.51,0.01287,0.00472,0.00183
40.98,29.17,202309,18.22,0.61,35.25,0.89,0.0106,0.00534,0.00319
40.98,29.17,202310,12.45,0.55,41.71,1.83,0.00724,0.00631,0.00655
40.98,29.17,202311,6.56,0.4,66.79,6.97,0.00382,0.01011,0.02496
40.98,29.17,202312,6.1,0.45,61.16,2.45,0.00355,0.00926,0.00877
40.98,29.2,202301,6.73,0.45,56.98,0.72,0.00391,0.00863,0.00258
40.98,29.2,202302,8.7,0.43,66.77,2.53,0.00506,0.01011,0.00906
40.98,29.2,202303,10.69,0.39,72.05,2.88,0.00622,0.01091,0.01031
40.98,29.2,202304,15.35,0.44,75.0,3.03,0.00893,0.01135,0.01085
40.98,29.2,202305,17.06,0.43,74.09,1.35,0.00992,0.01122,0.00483
40.98,29.2,202306,23.35,0.56,47.38,1.56,0.01358,0.00717,0.00559
40.98,29.2,202307,26.73,0.66,18.66,0.79,0.01555,0.00283,0.00283
40.98,29.2,202308,22.12,0.61,31.2,0.51,0.01287,0.00472,0.00183
40.98,29.2,202309,18.22,0.61,35.25,0.89,0.0106,0.00534,0.00319
40.98,29.2,202310,12.45,0.55,41.71,1.83,0.00724,0.00631,0.00655
40.98,29.2,202311,6.56,0.4,66.79,6.97,0.00382,0.01011,0.02496
40.98,29.2,202312,6.1,0.45,61.16,2.45,0.00355,0.00926,0.00877
40.98,29.23,202301,6.73,0.45,56.98,0.72,0.00391,0.00863,0.00258
40.98,29.23,202302,8.7,0.43,66.77,2.53,0.00506,0.01011,0.00906
40.98,29.23,202303,10.69,0.39,72.05,2.88,0.00622,0.01091,0.01031
40.98,29.23,202304,15.35,0.44,75.0,3.03,0.00893,0.01135,0.01085
40.98,29.23,202305,17.06,0.43,74.09,1.35,0.00992,0.01122,0.00483
40.98,29.23,202306,23.35,0.56,47.38,1.56,0.01358,0.00717,0.00559
40.98,29.23,202307,26.73,0.66,18.66,0.79,0.01555,0.00283,0.00283
40.98,29.23,202308,22.12,0.61,31.2,0.51,0.01287,0.00472,0.00183
40.98,29.23,202309,18.22,0.61,35.25,0.89,0.0106,0.00534,0.00319
40.98,29.23,202310,12.45,0.55,41.71,1.83,0.00724,0.00631,0.00655
40.98,29.23,202311,6.56,0.4,66.79,6.97,0.00382,0.01011,0.02496
40.98,29.23,202312,6.1,0.45,61.16,2.45,0.00355,0.00926,0.00877
40.98,29.26,202301,6.73,0.45,56.98,0.72,0.00391,0.00863,0.00258
40.98,29.26,202302,8.7,0.43,66.77,2.53,0.00506,0.01011,0.00906
40.98,29.26,202303,10.69,0.39,72.05,2.88,0.00622,0.01091,0.01031
40.98,29.26,202304,15.35,0.44,75.0,3.03,0.00893,0.01135,0.01085
40.98,29.26,202305,17.06,0.43,74.09,1.35,0.00992,0.01122,0.00483
40.98,29.26,202306,23.35,0.56,47.38,1.56,0.01358,0.00717,0.00559
40.98,29.26,202307,26.73,0.66,18.66,0.79,0.01555,0.00283,0.00283
40.98,29.26,202308,22.12,0.61,31.2,0.51,0.01287,0.00472,0.00183
40.98,29.26,202309,18.22,0.61,35.25,0.89,0.0106,0.00534,0.00319
40.98,29.26,202310,12.45,0.55,41.71,1.83,0.00724,0.00631,0.00655
40.98,29.26,202311,6.56,0.4,66.79,6.97,0.00382,0.01011,0.02496
40.98,29.26,202312,6.1,0.45,61.16,2.45,0.00355,0.00926,0.00877
40.98,29.29,202301,6.73,0.45,56.98,0.72,0.00391,0.00863,0.00258
40.98,29.29,202302,8.7,0.43,66.77,2.53,0.00506,0.01011,0.00906
40.98,29.29,202303,10.69,0.39,72.05,2.88,0.00622,0.01091,0.01031
40.98,29.29,202304,15.35,0.44,75.0,3.03,0.00893,0.01135,0.01085
40.98,29.29,202305,17.06,0.43,74.09,1.35,0.00992,0.01122,0.00483
40.98,29.29,202306,23.35,0.56,47.38,1.56,0.01358,0.00717,0.00559
40.98,29.29,202307,26.73,0.66,18.66,0.79,0.01555,0.00283,0.00283
40.98,29.29,202308,22.12,0.61,31.2,0.51,0.01287,0.00472,0.00183
40.98,29.29,202309,18.22,0.61,35.25,0.89,0.0106,0.00534,0.00319
40.98,29.29,202310,12.45,0.55,41.71,1.83,0.00724,0.00631,0.00655
40.98,29.29,202311,6.56,0.4,66.79,6.97,0.00382,0.01011,0.02496
40.98,29.29,202312,6.1,0.45,61.16,2.45,0.00355,0.00926,0.00877
40.98,29.32,202301,6.73,0.45,56.98,0.72,0.00391,0.00863,0.00258
40.98,29.32,202302,8.7,0.43,66.77,2.53,0.00506,0.01011,0.00906
40.98,29.32,202303,10.69,0.39,72.05,2.88,0.00622,0.01091,0.01031
40.98,29.32,202304,15.35,0.44,75.0,3.03,0.00893,0.01135,0.01085
40.98,29.32,202305,17.06,0.43,74.09,1.35,0.00992,0.01122,0.00483
40.98,29.32,202306,23.35,0.56,47.38,1.56,0.01358,0.00717,0.00559
40.98,29.32,202307,26.73,0.66,18.66,0.79,0.01555,0.00283,0.00283
40.98,29.32,202308,22.12,0.61,31.2,0.51,0.01287,0.00472,0.00183
40.98,29.32,202309,18.22,0.61,35.25,0.89,0.0106,0.00534,0.00319
40.98,29.32,202310,12.45,0.55,41.71,1.83,0.00724,0.00631,0.00655
40.98,29.32,202311,6.56,0.4,66.79,6.97,0.00382,0.01011,0.02496
40.98,29.32,202312,6.1,0.45,61.16,2.45,0.00355,0.00926,0.00877
40.98,29.35,202301,6.73,0.45,56.98,0.72,0.00391,0.00863,0.00258
40.98,29.35,202302,8.7,0.43,66.77,2.53,0.00506,0.01011,0.00906
40.98,29.35,202303,10.69,0.39,72.05,2.88,0.00622,0.01091,0.01031
40.98,29.35,202304,15.35,0.44,75.0,3.03,0.00893,0.01135,0.01085
40.98,29.35,202305,17.06,0.43,74.09,1.35,0.00992,0.01122,0.00483
40.98,29.35,202306,23.35,0.56,47.38,1.56,0.01358,0.00717,0.00559
40.98,29.35,202307,26.73,0.66,18.66,0.79,0.01555,0.00283,0.00283
40.98,29.35,202308,22.12,0.61,31.2,0.51,0.01287,0.00472,0.00183
40.98,29.35,202309,18.22,0.61,35.25,0.89,0.0106,0.00534,0.00319
40.98,29.35,202310,12.45,0.55,41.71,1.83,0.00724,0.00631,0.00655
40.98,29.35,202311,6.56,0.4,66.79,6.97,0.00382,0.01011,0.02496
40.98,29.35,202312,6.1,0.45,61.16,2.45,0.00355,0.00926,0.00877
40.98,29.38,202301,6.73,0.45,56.98,0.72,0.00391,0.00863,0.00258
40.98,29.38,202302,8.7,0.43,66.77,2.53,0.00506,0.01011,0.00906
40.98,29.38,202303,10.69,0.39,72.05,2.88,0.00622,0.01091,0.01031
40.98,29.38,202304,15.35,0.44,75.0,3.03,0.00893,0.01135,0.01085
40.98,29.38,202305,17.06,0.43,74.09,1.35,0.00992,0.01122,0.00483
40.98,29.38,202306,23.35,0.56,47.38,1.56,0.01358,0.00717,0.00559
40.98,29.38,202307,26.73,0.66,18.66,0.79,0.01555,0.00283,0.00283
40.98,29.38,202308,22.12,0.61,31.2,0.51,0.01287,0.00472,0.00183
40.98,29.38,202309,18.22,0.61,35.25,0.89,0.0106,0.00534,0.00319
40.98,29.38,202310,12.45,0.55,41.71,1.83,0.00724,0.00631,0.00655
40.98,29.38,202311,6.56,0.4,66.79,6.97,0.00382,0.01011,0.02496
40.98,29.38,202312,6.1,0.45,61.16,2.45,0.00355,0.00926,0.00877
40.98,29.41,202301,6.73,0.45,56.98,0.72,0.00391,0.00863,0.00258
40.98,29.41,202302,8.7,0.43,66.77,2.53,0.00506,0.01011,0.00906
40.98,29.41,202303,10.69,0.39,72.05,2.88,0.00622,0.01091,0.01031
40.98,29.41,202304,15.35,0.44,75.0,3.03,0.00893,0.01135,0.01085
40.98,29.41,202305,17.06,0.43,74.09,1.35,0.00992,0.01122,0.00483
40.98,29.41,202306,23.35,0.56,47.38,1.56,0.01358,0.00717,0.00559
40.98,29.41,202307,26.73,0.66,18.66,0.79,0.01555,0.00283,0.00283
40.98,29.41,202308,22.12,0.61,31.2,0.51,0.01287,0.00472,0.00183
40.98,29.41,202309,18.22,0.61,35.25,0.89,0.0106,0.00534,0.00319
40.98,29.41,202310,12.45,0.55,41.71,1.83,0.00724,0.00631,0.00655
40.98,29.41,202311,6.56,0.4,66.79,6.97,0.00382,0.01011,0.02496
40.98,29.41,202312,6.1,0.45,61.16,2.45,0.00355,0.00926,0.00877
40.98,29.44,202301,6.73,0.45,56.98,0.72,0.00391,0.00863,0.00258
40.98,29.44,202302,8.7,0.43,66.77,2.53,0.00506,0.01011,0.00906
40.98,29.44,202303,10.69,0.39,72.05,2.88,0.00622,0.01091,0.01031
40.98,29.44,202304,15.35,0.44,75.0,3.03,0.00893,0.01135,0.01085
40.98,29.44,202305,17.06,0.43,74.09,1.35,0.00992,0.01122,0.00483
40.98,29.44,202306,23.35,0.56,47.38,1.56,0.01358,0.00717,0.00559
40.98,29.44,202307,26.73,0.66,18.66,0.79,0.01555,0.00283,0.00283
40.98,29.44,202308,22.12,0.61,31.2,0.51,0.01287,0.00472,0.00183
40.98,29.44,202309,18.22,0.61,35.25,0.89,0.0106,0.00534,0.00319
40.98,29.44,202310,12.45,0.55,41.71,1.83,0.00724,0.00631,0.00655
40.98,29.44,202311,6.56,0.4,66.79,6.97,0.00382,0.01011,0.02496
40.98,29.44,202312,6.1,0.45,61.16,2.45,0.00355,0.00926,0.00877
40.98,29.47,202301,6.73,0.45,56.98,0.72,0.00391,0.00863,0.00258
40.98,29.47,202302,8.7,0.43,66.77,2.53,0.00506,0.01011,0.00906
40.98,29.47,202303,10.69,0.39,72.05,2.88,0.00622,0.01091,0.01031
40.98,29.47,202304,15.35,0.44,75.0,3.03,0.00893,0.01135,0.01085
40.98,29.47,202305,17.06,0.43,74.09,1.35,0.00992,0.01122,0.00483
40.98,29.47,202306,23.35,0.56,47.38,1.56,0.01358,0.00717,0.00559
40.98,29.47,202307,26.73,0.66,18.66,0.79,0.01555,0.00283,0.00283
40.98,29.47,202308,22.12,0.61,31.2,0.51,0.01287,0.00472,0.00183
40.98,29.47,202309,18.22,0.61,35.25,0.89,0.0106,0.00534,0.00319
40.98,29.47,202310,12.45,0.55,41.71,1.83,0.00724,0.00631,0.00655
40.98,29.47,202311,6.56,0.4,66.79,6.97,0.00382,0.01011,0.02496
40.98,29.47,202312,6.1,0.45,61.16,2.45,0.00355,0.00926,0.00877
40.98,29.62,202301,6.73,0.45,56.98,0.72,0.00391,0.00863,0.00258
40.98,29.62,202302,8.7,0.43,66.77,2.53,0.00506,0.01011,0.00906
40.98,29.62,202303,10.69,0.39,72.05,2.88,0.00622,0.01091,0.01031
40.98,29.62,202304,15.35,0.44,75.0,3.03,0.00893,0.01135,0.01085
40.98,29.62,202305,17.06,0.43,74.09,1.35,0.00992,0.01122,0.00483
40.98,29.62,202306,23.35,0.56,47.38,1.56,0.01358,0.00717,0.00559
40.98,29.62,202307,26.73,0.66,18.66,0.79,0.01555,0.00283,0.00283
40.98,29.62,202308,22.12,0.61,31.2,0.51,0.01287,0.00472,0.00183
40.98,29.62,202309,18.22,0.61,35.25,0.89,0.0106,0.00534,0.00319
40.98,29.62,202310,12.45,0.55,41.71,1.83,0.00724,0.00631,0.00655
40.98,29.62,202311,6.56,0.4,66.79,6.97,0.00382,0.01011,0.02496
40.98,29.62,202312,6.1,0.45,61.16,2.45,0.00355,0.00926,0.00877
40.98,29.65,202301,6.73,0.45,56.98,0.72,0.00391,0.00863,0.00258
40.98,29.65,202302,8.7,0.43,66.77,2.53,0.00506,0.01011,0.00906
40.98,29.65,202303,10.69,0.39,72.05,2.88,0.00622,0.01091,0.01031
40.98,29.65,202304,15.35,0.44,75.0,3.03,0.00893,0.01135,0.01085
40.98,29.65,202305,17.06,0.43,74.09,1.35,0.00992,0.01122,0.00483
40.98,29.65,202306,23.35,0.56,47.38,1.56,0.01358,0.00717,0.00559
40.98,29.65,202307,26.73,0.66,18.66,0.79,0.01555,0.00283,0.00283
40.98,29.65,202308,22.12,0.61,31.2,0.51,0.01287,0.00472,0.00183
40.98,29.65,202309,18.22,0.61,35.25,0.89,0.0106,0.00534,0.00319
40.98,29.65,202310,12.45,0.55,41.71,1.83,0.00724,0.00631,0.00655
40.98,29.65,202311,6.56,0.4,66.79,6.97,0.00382,0.01011,0.02496
40.98,29.65,202312,6.1,0.45,61.16,2.45,0.00355,0.00926,0.00877
40.98,29.68,202301,6.73,0.45,56.98,0.72,0.00391,0.00863,0.00258
40.98,29.68,202302,8.7,0.43,66.77,2.53,0.00506,0.01011,0.00906
40.98,29.68,202303,10.69,0.39,72.05,2.88,0.00622,0.01091,0.01031
40.98,29.68,202304,15.35,0.44,75.0,3.03,0.00893,0.01135,0.01085
40.98,29.68,202305,17.06,0.43,74.09,1.35,0.00992,0.01122,0.00483
40.98,29.68,202306,23.35,0.56,47.38,1.56,0.01358,0.00717,0.00559
40.98,29.68,202307,26.73,0.66,18.66,0.79,0.01555,0.00283,0.00283
40.98,29.68,202308,22.12,0.61,31.2,0.51,0.01287,0.00472,0.00183
40.98,29.68,202309,18.22,0.61,35.25,0.89,0.0106,0.00534,0.00319
40.98,29.68,202310,12.45,0.55,41.71,1.83,0.00724,0.00631,0.00655
40.98,29.68,202311,6.56,0.4,66.79,6.97,0.00382,0.01011,0.02496
40.98,29.68,202312,6.1,0.45,61.16,2.45,0.00355,0.00926,0.00877
41.0,28.51,202301,5.51,0.38,69.94,0.72,0.00321,0.01059,0.00258
41.0,28.51,202302,8.89,0.45,66.0,1.83,0.00517,0.00999,0.00655
41.0,28.51,202303,11.1,0.41,71.25,2.49,0.00646,0.01079,0.00892
41.0,28.51,202304,15.63,0.45,72.39,3.07,0.00909,0.01096,0.01099
41.0,28.51,202305,18.84,0.48,71.78,1.24,0.01096,0.01087,0.00444
41.0,28.51,202306,24.01,0.58,45.28,0.86,0.01397,0.00686,0.00308
41.0,28.51,202307,26.15,0.65,23.83,0.33,0.01521,0.00361,0.00118
41.0,28.51,202308,21.47,0.59,31.41,0.3,0.01249,0.00476,0.00107
41.0,28.51,202309,16.72,0.56,46.02,0.71,0.00973,0.00697,0.00254
41.0,28.51,202310,11.52,0.52,49.57,1.15,0.0067,0.0075,0.00412
41.0,28.51,202311,6.49,0.41,68.19,6.37,0.00378,0.01032,0.02281
41.0,28.51,202312,4.82,0.38,64.93,2.3,0.0028,0.00983,0.00824
41.0,28.54,202301,5.51,0.38,69.94,0.72,0.00321,0.01059,0.00258
41.0,28.54,202302,8.89,0.45,66.0,1.83,0.00517,0.00999,0.00655
41.0,28.54,202303,11.1,0.41,71.25,2.49,0.00646,0.01079,0.00892
41.0,28.54,202304,15.63,0.45,72.39,3.07,0.00909,0.01096,0.01099
41.0,28.54,202305,18.84,0.48,71.78,1.24,0.01096,0.01087,0.00444
41.0,28.54,202306,24.01,0.58,45.28,0.86,0.01397,0.00686,0.00308
41.0,28.54,202307,26.15,0.65,23.83,0.33,0.01521,0.00361,0.00118
41.0,28.54,202308,21.47,0.59,31.41,0.3,0.01249,0.00476,0.00107
41.0,28.54,202309,16.72,0.56,46.02,0.71,0.00973,0.00697,0.00254
41.0,28.54,202310,11.52,0.52,49.57,1.15,0.0067,0.0075,0.00412
41.0,28.54,202311,6.49,0.41,68.19,6.37,0.00378,0.01032,0.02281
41.0,28.54,202312,4.82,0.38,64.93,2.3,0.0028,0.00983,0.00824
41.0,28.6,202301,5.51,0.38,69.94,0.72,0.00321,0.01059,0.00258
41.0,28.6,202302,8.89,0.45,66.0,1.83,0.00517,0.00999,0.00655
41.0,28.6,202303,11.1,0.41,71.25,2.49,0.00646,0.01079,0.00892
41.0,28.6,202304,15.63,0.45,72.39,3.07,0.00909,0.01096,0.01099
41.0,28.6,202305,18.84,0.48,71.78,1.24,0.01096,0.01087,0.00444
41.0,28.6,202306,24.01,0.58,45.28,0.86,0.01397,0.00686,0.00308
41.0,28.6,202307,26.15,0.65,23.83,0.33,0.01521,0.00361,0.00118
41.0,28.6,202308,21.47,0.59,31.41,0.3,0.01249,0.00476,0.00107
41.0,28.6,202309,16.72,0.56,46.02,0.71,0.00973,0.00697,0.00254
41.0,28.6,202310,11.52,0.52,49.57,1.15,0.0067,0.0075,0.00412
41.0,28.6,202311,6.49,0.41,68.19,6.37,0.00378,0.01032,0.02281
41.0,28.6,202312,4.82,0.38,64.93,2.3,0.0028,0.00983,0.00824
41.0,28.63,202301,5.51,0.38,69.94,0.72,0.00321,0.01059,0.00258
41.0,28.63,202302,8.89,0.45,66.0,1.83,0.00517,0.00999,0.00655
41.0,28.63,202303,11.1,0.41,71.25,2.49,0.00646,0.01079,0.00892
41.0,28.63,202304,15.63,0.45,72.39,3.07,0.00909,0.01096,0.01099
41.0,28.63,202305,18.84,0.48,71.78,1.24,0.01096,0.01087,0.00444
41.0,28.63,202306,24.01,0.58,45.28,0.86,0.01397,0.00686,0.00308
41.0,28.63,202307,26.15,0.65,23.83,0.33,0.01521,0.00361,0.00118
41.0,28.63,202308,21.47,0.59,31.41,0.3,0.01249,0.00476,0.00107
41.0,28.63,202309,16.72,0.56,46.02,0.71,0.00973,0.00697,0.00254
41.0,28.63,202310,11.52,0.52,49.57,1.15,0.0067,0.0075,0.00412
41.0,28.63,202311,6.49,0.41,68.19,6.37,0.00378,0.01032,0.02281
41.0,28.63,202312,4.82,0.38,64.93,2.3,0.0028,0.00983,0.00824
41.0,28.66,202301,5.51,0.38,69.94,0.72,0.00321,0.01059,0.00258
41.0,28.66,202302,8.89,0.45,66.0,1.83,0.00517,0.00999,0.00655
41.0,28.66,202303,11.1,0.41,71.25,2.49,0.00646,0.01079,0.00892
41.0,28.66,202304,15.63,0.45,72.39,3.07,0.00909,0.01096,0.01099
41.0,28.66,202305,18.84,0.48,71.78,1.24,0.01096,0.01087,0.00444
41.0,28.66,202306,24.01,0.58,45.28,0.86,0.01397,0.00686,0.00308
41.0,28.66,202307,26.15,0.65,23.83,0.33,0.01521,0.00361,0.00118
41.0,28.66,202308,21.47,0.59,31.41,0.3,0.01249,0.00476,0.00107
41.0,28.66,202309,16.72,0.56,46.02,0.71,0.00973,0.00697,0.00254
41.0,28.66,202310,11.52,0.52,49.57,1.15,0.0067,0.0075,0.00412
41.0,28.66,202311,6.49,0.41,68.19,6.37,0.00378,0.01032,0.02281
41.0,28.66,202312,4.82,0.38,64.93,2.3,0.0028,0.00983,0.00824
41.0,28.69,202301,5.51,0.38,69.94,0.72,0.00321,0.01059,0.00258
41.0,28.69,202302,8.89,0.45,66.0,1.83,0.00517,0.00999,0.00655
41.0,28.69,202303,11.1,0.41,71.25,2.49,0.00646,0.01079,0.00892
41.0,28.69,202304,15.63,0.45,72.39,3.07,0.00909,0.01096,0.01099
41.0,28.69,202305,18.84,0.48,71.78,1.24,0.01096,0.01087,0.00444
41.0,28.69,202306,24.01,0.58,45.28,0.86,0.01397,0.00686,0.00308
41.0,28.69,202307,26.15,0.65,23.83,0.33,0.01521,0.00361,0.00118
41.0,28.69,202308,21.47,0.59,31.41,0.3,0.01249,0.00476,0.00107
41.0,28.69,202309,16.72,0.56,46.02,0.71,0.00973,0.00697,0.00254
41.0,28.69,202310,11.52,0.52,49.57,1.15,0.0067,0.0075,0.00412
41.0,28.69,202311,6.49,0.41,68.19,6.37,0.00378,0.01032,0.02281
41.0,28.69,202312,4.82,0.38,64.93,2.3,0.0028,0.00983,0.00824
41.0,28.72,202301,5.51,0.38,69.94,0.72,0.00321,0.01059,0.00258
41.0,28.72,202302,8.89,0.45,66.0,1.83,0.00517,0.00999,0.00655
41.0,28.72,202303,11.1,0.41,71.25,2.49,0.00646,0.01079,0.00892
41.0,28.72,202304,15.63,0.45,72.39,3.07,0.00909,0.01096,0.01099
41.0,28.72,202305,18.84,0.48,71.78,1.24,0.01096,0.01087,0.00444
41.0,28.72,202306,24.01,0.58,45.28,0.86,0.01397,0.00686,0.00308
41.0,28.72,202307,26.15,0.65,23.83,0.33,0.01521,0.00361,0.00118
41.0,28.72,202308,21.47,0.59,31.41,0.3,0.01249,0.00476,0.00107
41.0,28.72,202309,16.72,0.56,46.02,0.71,0.00973,0.00697,0.00254
41.0,28.72,202310,11.52,0.52,49.57,1.15,0.0067,0.0075,0.00412
41.0,28.72,202311,6.49,0.41,68.19,6.37,0.00378,0.01032,0.02281
41.0,28.72,202312,4.82,0.38,64.93,2.3,0.0028,0.00983,0.00824
41.0,28.75,202301,5.51,0.38,69.94,0.72,0.00321,0.01059,0.00258
41.0,28.75,202302,8.89,0.45,66.0,1.83,0.00517,0.00999,0.00655
41.0,28.75,202303,11.1,0.41,71.25,2.49,0.00646,0.01079,0.00892
41.0,28.75,202304,15.63,0.45,72.39,3.07,0.00909,0.01096,0.01099
41.0,28.75,202305,18.84,0.48,71.78,1.24,0.01096,0.01087,0.00444
41.0,28.75,202306,24.01,0.58,45.28,0.86,0.01397,0.00686,0.00308
41.0,28.75,202307,26.15,0.65,23.83,0.33,0.01521,0.00361,0.00118
41.0,28.75,202308,21.47,0.59,31.41,0.3,0.01249,0.00476,0.00107
41.0,28.75,202309,16.72,0.56,46.02,0.71,0.00973,0.00697,0.00254
41.0,28.75,202310,11.52,0.52,49.57,1.15,0.0067,0.0075,0.00412
41.0,28.75,202311,6.49,0.41,68.19,6.37,0.00378,0.01032,0.02281
41.0,28.75,202312,4.82,0.38,64.93,2.3,0.0028,0.00983,0.00824
41.0,28.78,202301,5.51,0.38,69.94,0.72,0.00321,0.01059,0.00258
41.0,28.78,202302,8.89,0.45,66.0,1.83,0.00517,0.00999,0.00655
41.0,28.78,202303,11.1,0.41,71.25,2.49,0.00646,0.01079,0.00892
41.0,28.78,202304,15.63,0.45,72.39,3.07,0.00909,0.01096,0.01099
41.0,28.78,202305,18.84,0.48,71.78,1.24,0.01096,0.01087,0.00444
41.0,28.78,202306,24.01,0.58,45.28,0.86,0.01397,0.00686,0.00308
41.0,28.78,202307,26.15,0.65,23.83,0.33,0.01521,0.00361,0.00118
41.0,28.78,202308,21.47,0.59,31.41,0.3,0.01249,0.00476,0.00107
41.0,28.78,202309,16.72,0.56,46.02,0.71,0.00973,0.00697,0.00254
41.0,28.78,202310,11.52,0.52,49.57,1.15,0.0067,0.0075,0.00412
41.0,28.78,202311,6.49,0.41,68.19,6.37,0.00378,0.01032,0.02281
41.0,28.78,202312,4.82,0.38,64.93,2.3,0.0028,0.00983,0.00824
41.0,28.81,202301,5.51,0.38,69.94,0.72,0.00321,0.01059,0.00258
41.0,28.81,202302,8.89,0.45,66.0,1.83,0.00517,0.00999,0.00655
41.0,28.81,202303,11.1,0.41,71.25,2.49,0.00646,0.01079,0.00892
41.0,28.81,202304,15.63,0.45,72.39,3.07,0.00909,0.01096,0.01099
41.0,28.81,202305,18.84,0.48,71.78,1.24,0.01096,0.01087,0.00444
41.0,28.81,202306,24.01,0.58,45.28,0.86,0.01397,0.00686,0.00308
41.0,28.81,202307,26.15,0.65,23.83,0.33,0.01521,0.00361,0.00118
41.0,28.81,202308,21.47,0.59,31.41,0.3,0.01249,0.00476,0.00107
41.0,28.81,202309,16.72,0.56,46.02,0.71,0.00973,0.00697,0.00254
41.0,28.81,202310,11.52,0.52,49.57,1.15,0.0067,0.0075,0.00412
41.0,28.81,202311,6.49,0.41,68.19,6.37,0.00378,0.01032,0.02281
41.0,28.81,202312,4.82,0.38,64.93,2.3,0.0028,0.00983,0.00824
41.0,28.84,202301,5.51,0.38,69.94,0.72,0.00321,0.01059,0.00258
41.0,28.84,202302,8.89,0.45,66.0,1.83,0.00517,0.00999,0.00655
41.0,28.84,202303,11.1,0.41,71.25,2.49,0.00646,0.01079,0.00892
41.0,28.84,202304,15.63,0.45,72.39,3.07,0.00909,0.01096,0.01099
41.0,28.84,202305,18.84,0.48,71.78,1.24,0.01096,0.01087,0.00444
41.0,28.84,202306,24.01,0.58,45.28,0.86,0.01397,0.00686,0.00308
41.0,28.84,202307,26.15,0.65,23.83,0.33,0.01521,0.00361,0.00118
41.0,28.84,202308,21.47,0.59,31.41,0.3,0.01249,0.00476,0.00107
41.0,28.84,202309,16.72,0.56,46.02,0.71,0.00973,0.00697,0.00254
41.0,28.84,202310,11.52,0.52,49.57,1.15,0.0067,0.0075,0.00412
41.0,28.84,202311,6.49,0.41,68.19,6.37,0.00378,0.01032,0.02281
41.0,28.84,202312,4.82,0.38,64.93,2.3,0.0028,0.00983,0.00824
41.0,28.87,202301,5.51,0.38,69.94,0.72,0.00321,0.01059,0.00258
41.0,28.87,202302,8.89,0.45,66.0,1.83,0.00517,0.00999,0.00655
41.0,28.87,202303,11.1,0.41,71.25,2.49,0.00646,0.01079,0.00892
41.0,28.87,202304,15.63,0.45,72.39,3.07,0.00909,0.01096,0.01099
41.0,28.87,202305,18.84,0.48,71.78,1.24,0.01096,0.01087,0.00444
41.0,28.87,202306,24.01,0.58,45.28,0.86,0.01397,0.00686,0.00308
41.0,28.87,202307,26.15,0.65,23.83,0.33,0.01521,0.00361,0.00118
41.0,28.87,202308,21.47,0.59,31.41,0.3,0.01249,0.00476,0.00107
41.0,28.87,202309,16.72,0.56,46.02,0.71,0.00973,0.00697,0.00254
41.0,28.87,202310,11.52,0.52,49.57,1.15,0.0067,0.0075,0.00412
41.0,28.87,202311,6.49,0.41,68.19,6.37,0.00378,0.01032,0.02281
41.0,28.87,202312,4.82,0.38,64.93,2.3,0.0028,0.00983,0.00824
41.0,28.9,202301,5.51,0.38,69.94,0.72,0.00321,0.01059,0.00258
41.0,28.9,202302,8.89,0.45,66.0,1.83,0.00517,0.00999,0.00655
41.0,28.9,202303,11.1,0.41,71.25,2.49,0.00646,0.01079,0.00892
41.0,28.9,202304,15.63,0.45,72.39,3.07,0.00909,0.01096,0.01099
41.0,28.9,202305,18.84,0.48,71.78,1.24,0.01096,0.01087,0.00444
41.0,28.9,202306,24.01,0.58,45.28,0.86,0.01397,0.00686,0.00308
41.0,28.9,202307,26.15,0.65,23.83,0.33,0.01521,0.00361,0.00118
41.0,28.9,202308,21.47,0.59,31.41,0.3,0.01249,0.00476,0.00107
41.0,28.9,202309,16.72,0.56,46.02,0.71,0.00973,0.00697,0.00254
41.0,28.9,202310,11.52,0.52,49.57,1.15,0.0067,0.0075,0.00412
41.0,28.9,202311,6.49,0.41,68.19,6.37,0.00378,0.01032,0.02281
41.0,28.9,202312,4.82,0.38,64.93,2.3,0.0028,0.00983,0.00824
41.0,28.93,202301,5.51,0.38,69.94,0.72,0.00321,0.01059,0.00258
41.0,28.93,202302,8.89,0.45,66.0,1.83,0.00517,0.00999,0.00655
41.0,28.93,202303,11.1,0.41,71.25,2.49,0.00646,0.01079,0.00892
41.0,28.93,202304,15.63,0.45,72.39,3.07,0.00909,0.01096,0.01099
41.0,28.93,202305,18.84,0.48,71.78,1.24,0.01096,0.01087,0.00444
41.0,28.93,202306,24.01,0.58,45.28,0.86,0.01397,0.00686,0.00308
41.0,28.93,202307,26.15,0.65,23.83,0.33,0.01521,0.00361,0.00118
41.0,28.93,202308,21.47,0.59,31.41,0.3,0.01249,0.00476,0.00107
41.0,28.93,202309,16.72,0.56,46.02,0.71,0.00973,0.00697,0.00254
41.0,28.93,202310,11.52,0.52,49.57,1.15,0.0067,0.0075,0.00412
41.0,28.93,202311,6.49,0.41,68.19,6.37,0.00378,0.01032,0.02281
41.0,28.93,202312,4.82,0.38,64.93,2.3,0.0028,0.00983,0.00824
41.0,28.96,202301,5.51,0.38,69.94,0.72,0.00321,0.01059,0.00258
41.0,28.96,202302,8.89,0.45,66.0,1.83,0.00517,0.00999,0.00655
41.0,28.96,202303,11.1,0.41,71.25,2.49,0.00646,0.01079,0.00892
41.0,28.96,202304,15.63,0.45,72.39,3.07,0.00909,0.01096,0.01099
41.0,28.96,202305,18.84,0.48,71.78,1.24,0.01096,0.01087,0.00444
41.0,28.96,202306,24.01,0.58,45.28,0.86,0.01397,0.00686,0.00308
41.0,28.96,202307,26.15,0.65,23.83,0.33,0.01521,0.00361,0.00118
41.0,28.96,202308,21.47,0.59,31.41,0.3,0.01249,0.00476,0.00107
41.0,28.96,202309,16.72,0.56,46.02,0.71,0.00973,0.00697,0.00254
41.0,28.96,202310,11.52,0.52,49.57,1.15,0.0067,0.0075,0.00412
41.0,28.96,202311,6.49,0.41,68.19,6.37,0.00378,0.01032,0.02281
41.0,28.96,202312,4.82,0.38,64.93,2.3,0.0028,0.00983,0.00824
41.0,29.02,202301,5.47,0.38,77.44,0.72,0.00318,0.01172,0.00258
41.0,29.02,202302,8.67,0.44,75.84,1.83,0.00504,0.01148,0.00655
41.0,29.02,202303,10.41,0.38,81.4,2.49,0.00606,0.01232,0.00892
41.0,29.02,202304,15.39,0.45,77.59,3.07,0.00895,0.01175,0.01099
41.0,29.02,202305,18.83,0.48,75.98,1.24,0.01095,0.0115,0.00444
41.0,29.02,202306,23.93,0.57,50.76,0.86,0.01392,0.00768,0.00308
41.0,29.02,202307,25.58,0.63,28.76,0.33,0.01488,0.00435,0.00118
41.0,29.02,202308,21.98,0.61,33.24,0.3,0.01279,0.00503,0.00107
41.0,29.02,202309,17.75,0.6,55.94,0.71,0.01032,0.00847,0.00254
41.0,29.02,202310,11.5,0.52,63.42,1.15,0.00669,0.0096,0.00412
41.0,29.02,202311,6.57,0.42,78.12,6.37,0.00382,0.01183,0.02281
41.0,29.02,202312,4.93,0.38,71.96,2.3,0.00287,0.01089,0.00824
41.0,29.05,202301,5.47,0.38,77.44,0.72,0.00318,0.01172,0.00258
41.0,29.05,202302,8.67,0.44,75.84,1.83,0.00504,0.01148,0.00655
41.0,29.05,202303,10.41,0.38,81.4,2.49,0.00606,0.01232,0.00892
41.0,29.05,202304,15.39,0.45,77.59,3.07,0.00895,0.01175,0.01099
41.0,29.05,202305,18.83,0.48,75.98,1.24,0.01095,0.0115,0.00444
41.0,29.05,202306,23.93,0.57,50.76,0.86,0.01392,0.00768,0.00308
41.0,29.05,202307,25.58,0.63,28.76,0.33,0.01488,0.00435,0.00118
41.0,29.05,202308,21.98,0.61,33.24,0.3,0.01279,0.00503,0.00107
41.0,29.05,202309,17.75,0.6,55.94,0.71,0.01032,0.00847,0.00254
41.0,29.05,202310,11.5,0.52,63.42,1.15,0.00669,0.0096,0.00412
41.0,29.05,202311,6.57,0.42,78.12,6.37,0.00382,0.01183,0.02281
41.0,29.05,202312,4.93,0.38,71.96,2.3,0.00287,0.01089,0.00824
41.0,29.08,202301,5.47,0.38,77.44,0.72,0.00318,0.01172,0.00258
41.0,29.08,202302,8.67,0.44,75.84,2.53,0.00504,0.01148,0.00906
41.0,29.08,202303,10.41,0.38,81.4,2.88,0.00606,0.01232,0.01031
41.0,29.08,202304,15.39,0.45,77.59,3.03,0.00895,0.01175,0.01085
41.0,29.08,202305,18.83,0.48,75.98,1.35,0.01095,0.0115,0.00483
41.0,29.08,202306,23.93,0.57,50.76,1.56,0.01392,0.00768,0.00559
41.0,29.08,202307,25.58,0.63,28.76,0.79,0.01488,0.00435,0.00283
41.0,29.08,202308,21.98,0.61,33.24,0.51,0.01279,0.00503,0.00183
41.0,29.08,202309,17.75,0.6,55.94,0.89,0.01032,0.00847,0.00319
41.0,29.08,202310,11.5,0.52,63.42,1.83,0.00669,0.0096,0.00655
41.0,29.08,202311,6.57,0.42,78.12,6.97,0.00382,0.01183,0.02496
41.0,29.08,202312,4.93,0.38,71.96,2.45,0.00287,0.01089,0.00877
41.0,29.11,202301,5.47,0.38,77.44,0.72,0.00318,0.01172,0.00258
41.0,29.11,202302,8.67,0.44,75.84,2.53,0.00504,0.01148,0.00906
41.0,29.11,202303,10.41,0.38,81.4,2.88,0.00606,0.01232,0.01031
41.0,29.11,202304,15.39,0.45,77.59,3.03,0.00895,0.01175,0.01085
41.0,29.11,202305,18.83,0.48,75.98,1.35,0.01095,0.0115,0.00483
41.0,29.11,202306,23.93,0.57,50.76,1.56,0.01392,0.00768,0.00559
41.0,29.11,202307,25.58,0.63,28.76,0.79,0.01488,0.00435,0.00283
41.0,29.11,202308,21.98,0.61,33.24,0.51,0.01279,0.00503,0.00183
41.0,29.11,202309,17.75,0.6,55.94,0.89,0.01032,0.00847,0.00319
41.0,29.11,202310,11.5,0.52,63.42,1.83,0.00669,0.0096,0.00655
41.0,29.11,202311,6.57,0.42,78.12,6.97,0.00382,0.01183,0.02496
41.0,29.11,202312,4.93,0.38,71.96,2.45,0.00287,0.01089,0.00877
41.0,29.14,202301,5.47,0.38,77.44,0.72,0.00318,0.01172,0.00258
41.0,29.14,202302,8.67,0.44,75.84,2.53,0.00504,0.01148,0.00906
41.0,29.14,202303,10.41,0.38,81.4,2.88,0.00606,0.01232,0.01031
41.0,29.14,202304,15.39,0.45,77.59,3.03,0.00895,0.01175,0.01085
41.0,29.14,202305,18.83,0.48,75.98,1.35,0.01095,0.0115,0.00483
41.0,29.14,202306,23.93,0.57,50.76,1.56,0.01392,0.00768,0.00559
41.0,29.14,202307,25.58,0.63,28.76,0.79,0.01488,0.00435,0.00283
41.0,29.14,202308,21.98,0.61,33.24,0.51,0.01279,0.00503,0.00183
41.0,29.14,202309,17.75,0.6,55.94,0.89,0.01032,0.00847,0.00319
41.0,29.14,202310,11.5,0.52,63.42,1.83,0.00669,0.0096,0.00655
41.0,29.14,202311,6.57,0.42,78.12,6.97,0.00382,0.01183,0.02496
41.0,29.14,202312,4.93,0.38,71.96,2.45,0.00287,0.01089,0.00877
41.0,29.17,202301,5.47,0.38,77.44,0.72,0.00318,0.01172,0.00258
41.0,29.17,202302,8.67,0.44,75.84,2.53,0.00504,0.01148,0.00906
41.0,29.17,202303,10.41,0.38,81.4,2.88,0.00606,0.01232,0.01031
41.0,29.17,202304,15.39,0.45,77.59,3.03,0.00895,0.01175,0.01085
41.0,29.17,202305,18.83,0.48,75.98,1.35,0.01095,0.0115,0.00483
41.0,29.17,202306,23.93,0.57,50.76,1.56,0.01392,0.00768,0.00559
41.0,29.17,202307,25.58,0.63,28.76,0.79,0.01488,0.00435,0.00283
41.0,29.17,202308,21.98,0.61,33.24,0.51,0.01279,0.00503,0.00183
41.0,29.17,202309,17.75,0.6,55.94,0.89,0.01032,0.00847,0.00319
41.0,29.17,202310,11.5,0.52,63.42,1.83,0.00669,0.0096,0.00655
41.0,29.17,202311,6.57,0.42,78.12,6.97,0.00382,0.01183,0.02496
41.0,29.17,202312,4.93,0.38,71.96,2.45,0.00287,0.01089,0.00877
41.0,29.2,202301,5.47,0.38,77.44,0.72,0.00318,0.01172,0.00258
41.0,29.2,202302,8.67,0.44,75.84,2.53,0.00504,0.01148,0.00906
41.0,29.2,202303,10.41,0.38,81.4,2.88,0.00606,0.01232,0.01031
41.0,29.2,202304,15.39,0.45,77.59,3.03,0.00895,0.01175,0.01085
41.0,29.2,202305,18.83,0.48,75.98,1.35,0.01095,0.0115,0.00483
41.0,29.2,202306,23.93,0.57,50.76,1.56,0.01392,0.00768,0.00559
41.0,29.2,202307,25.58,0.63,28.76,0.79,0.01488,0.00435,0.00283
41.0,29.2,202308,21.98,0.61,33.24,0.51,0.01279,0.00503,0.00183
41.0,29.2,202309,17.75,0.6,55.94,0.89,0.01032,0.00847,0.00319
41.0,29.2,202310,11.5,0.52,63.42,1.83,0.00669,0.0096,0.00655
41.0,29.2,202311,6.57,0.42,78.12,6.97,0.00382,0.01183,0.02496
41.0,29.2,202312,4.93,0.38,71.96,2.45,0.00287,0.01089,0.00877
41.0,29.23,202301,5.47,0.38,77.44,0.72,0.00318,0.01172,0.00258
41.0,29.23,202302,8.67,0.44,75.84,2.53,0.00504,0.01148,0.00906
41.0,29.23,202303,10.41,0.38,81.4,2.88,0.00606,0.01232,0.01031
41.0,29.23,202304,15.39,0.45,77.59,3.03,0.00895,0.01175,0.01085
41.0,29.23,202305,18.83,0.48,75.98,1.35,0.01095,0.0115,0.00483
41.0,29.23,202306,23.93,0.57,50.76,1.56,0.01392,0.00768,0.00559
41.0,29.23,202307,25.58,0.63,28.76,0.79,0.01488,0.00435,0.00283
41.0,29.23,202308,21.98,0.61,33.24,0.51,0.01279,0.00503,0.00183
41.0,29.23,202309,17.75,0.6,55.94,0.89,0.01032,0.00847,0.00319
41.0,29.23,202310,11.5,0.52,63.42,1.83,0.00669,0.0096,0.00655
41.0,29.23,202311,6.57,0.42,78.12,6.97,0.00382,0.01183,0.02496
41.0,29.23,202312,4.93,0.38,71.96,2.45,0.00287,0.01089,0.00877
41.0,29.26,202301,5.47,0.38,77.44,0.72,0.00318,0.01172,0.00258
41.0,29.26,202302,8.67,0.44,75.84,2.53,0.00504,0.01148,0.00906
41.0,29.26,202303,10.41,0.38,81.4,2.88,0.00606,0.01232,0.01031
41.0,29.26,202304,15.39,0.45,77.59,3.03,0.00895,0.01175,0.01085
41.0,29.26,202305,18.83,0.48,75.98,1.35,0.01095,0.0115,0.00483
41.0,29.26,202306,23.93,0.57,50.76,1.56,0.01392,0.00768,0.00559
41.0,29.26,202307,25.58,0.63,28.76,0.79,0.01488,0.00435,0.00283
41.0,29.26,202308,21.98,0.61,33.24,0.51,0.01279,0.00503,0.00183
41.0,29.26,202309,17.75,0.6,55.94,0.89,0.01032,0.00847,0.00319
41.0,29.26,202310,11.5,0.52,63.42,1.83,0.00669,0.0096,0.00655
41.0,29.26,202311,6.57,0.42,78.12,6.97,0.00382,0.01183,0.02496
41.0,29.26,202312,4.93,0.38,71.96,2.45,0.00287,0.01089,0.00877
41.0,29.29,202301,5.47,0.38,77.44,0.72,0.00318,0.01172,0.00258
41.0,29.29,202302,8.67,0.44,75.84,2.53,0.00504,0.01148,0.00906
41.0,29.29,202303,10.41,0.38,81.4,2.88,0.00606,0.01232,0.01031
41.0,29.29,202304,15.39,0.45,77.59,3.03,0.00895,0.01175,0.01085
41.0,29.29,202305,18.83,0.48,75.98,1.35,0.01095,0.0115,0.00483
41.0,29.29,202306,23.93,0.57,50.76,1.56,0.01392,0.00768,0.00559
41.0,29.29,202307,25.58,0.63,28.76,0.79,0.01488,0.00435,0.00283
41.0,29.29,202308,21.98,0.61,33.24,0.51,0.01279,0.00503,0.00183
41.0,29.29,202309,17.75,0.6,55.94,0.89,0.01032,0.00847,0.00319
41.0,29.29,202310,11.5,0.52,63.42,1.83,0.00669,0.0096,0.00655
41.0,29.29,202311,6.57,0.42,78.12,6.97,0.00382,0.01183,0.02496
41.0,29.29,202312,4.93,0.38,71.96,2.45,0.00287,0.01089,0.00877
41.0,29.32,202301,5.47,0.38,77.44,0.72,0.00318,0.01172,0.00258
41.0,29.32,202302,8.67,0.44,75.84,2.53,0.00504,0.01148,0.00906
41.0,29.32,202303,10.41,0.38,81.4,2.88,0.00606,0.01232,0.01031
41.0,29.32,202304,15.39,0.45,77.59,3.03,0.00895,0.01175,0.01085
41.0,29.32,202305,18.83,0.48,75.98,1.35,0.01095,0.0115,0.00483
41.0,29.32,202306,23.93,0.57,50.76,1.56,0.01392,0.00768,0.00559
41.0,29.32,202307,25.58,0.63,28.76,0.79,0.01488,0.00435,0.00283
41.0,29.32,202308,21.98,0.61,33.24,0.51,0.01279,0.00503,0.00183
41.0,29.32,202309,17.75,0.6,55.94,0.89,0.01032,0.00847,0.00319
41.0,29.32,202310,11.5,0.52,63.42,1.83,0.00669,0.0096,0.00655
41.0,29.32,202311,6.57,0.42,78.12,6.97,0.00382,0.01183,0.02496
41.0,29.32,202312,4.93,0.38,71.96,2.45,0.00287,0.01089,0.00877
41.0,29.35,202301,5.47,0.38,77.44,0.72,0.00318,0.01172,0.00258
41.0,29.35,202302,8.67,0.44,75.84,2.53,0.00504,0.01148,0.00906
41.0,29.35,202303,10.41,0.38,81.4,2.88,0.00606,0.01232,0.01031
41.0,29.35,202304,15.39,0.45,77.59,3.03,0.00895,0.01175,0.01085
41.0,29.35,202305,18.83,0.48,75.98,1.35,0.01095,0.0115,0.00483
41.0,29.35,202306,23.93,0.57,50.76,1.56,0.01392,0.00768,0.00559
41.0,29.35,202307,25.58,0.63,28.76,0.79,0.01488,0.00435,0.00283
41.0,29.35,202308,21.98,0.61,33.24,0.51,0.01279,0.00503,0.00183
41.0,29.35,202309,17.75,0.6,55.94,0.89,0.01032,0.00847,0.00319
41.0,29.35,202310,11.5,0.52,63.42,1.83,0.00669,0.0096,0.00655
41.0,29.35,202311,6.57,0.42,78.12,6.97,0.00382,0.01183,0.02496
41.0,29.35,202312,4.93,0.38,71.96,2.45,0.00287,0.01089,0.00877
41.0,29.38,202301,5.47,0.38,77.44,0.72,0.00318,0.01172,0.00258
41.0,29.38,202302,8.67,0.44,75.84,2.53,0.00504,0.01148,0.00906
41.0,29.38,202303,10.41,0.38,81.4,2.88,0.00606,0.01232,0.01031
41.0,29.38,202304,15.39,0.45,77.59,3.03,0.00895,0.01175,0.01085
41.0,29.38,202305,18.83,0.48,75.98,1.35,0.01095,0.0115,0.00483
41.0,29.38,202306,23.93,0.57,50.76,1.56,0.01392,0.00768,0.00559
41.0,29.38,202307,25.58,0.63,28.76,0.79,0.01488,0.00435,0.00283
41.0,29.38,202308,21.98,0.61,33.24,0.51,0.01279,0.00503,0.00183
41.0,29.38,202309,17.75,0.6,55.94,0.89,0.01032,0.00847,0.00319
41.0,29.38,202310,11.5,0.52,63.42,1.83,0.00669,0.0096,0.00655
41.0,29.38,202311,6.57,0.42,78.12,6.97,0.00382,0.01183,0.02496
41.0,29.38,202312,4.93,0.38,71.96,2.45,0.00287,0.01089,0.00877
41.0,29.41,202301,5.47,0.38,77.44,0.72,0.00318,0.01172,0.00258
41.0,29.41,202302,8.67,0.44,75.84,2.53,0.00504,0.01148,0.00906
41.0,29.41,202303,10.41,0.38,81.4,2.88,0.00606,0.01232,0.01031
41.0,29.41,202304,15.39,0.45,77.59,3.03,0.00895,0.01175,0.01085
41.0,29.41,202305,18.83,0.48,75.98,1.35,0.01095,0.0115,0.00483
41.0,29.41,202306,23.93,0.57,50.76,1.56,0.01392,0.00768,0.00559
41.0,29.41,202307,25.58,0.63,28.76,0.79,0.01488,0.00435,0.00283
41.0,29.41,202308,21.98,0.61,33.24,0.51,0.01279,0.00503,0.00183
41.0,29.41,202309,17.75,0.6,55.94,0.89,0.01032,0.00847,0.00319
41.0,29.41,202310,11.5,0.52,63.42,1.83,0.00669,0.0096,0.00655
41.0,29.41,202311,6.57,0.42,78.12,6.97,0.00382,0.01183,0.02496
41.0,29.41,202312,4.93,0.38,71.96,2.45,0.00287,0.01089,0.00877
41.0,29.44,202301,5.47,0.38,77.44,0.72,0.00318,0.01172,0.00258
41.0,29.44,202302,8.67,0.44,75.84,2.53,0.00504,0.01148,0.00906
41.0,29.44,202303,10.41,0.38,81.4,2.88,0.00606,0.01232,0.01031
41.0,29.44,202304,15.39,0.45,77.59,3.03,0.00895,0.01175,0.01085
41.0,29.44,202305,18.83,0.48,75.98,1.35,0.01095,0.0115,0.00483
41.0,29.44,202306,23.93,0.57,50.76,1.56,0.01392,0.00768,0.00559
41.0,29.44,202307,25.58,0.63,28.76,0.79,0.01488,0.00435,0.00283
41.0,29.44,202308,21.98,0.61,33.24,0.51,0.01279,0.00503,0.00183
41.0,29.44,202309,17.75,0.6,55.94,0.89,0.01032,0.00847,0.00319
41.0,29.44,202310,11.5,0.52,63.42,1.83,0.00669,0.0096,0.00655
41.0,29.44,202311,6.57,0.42,78.12,6.97,0.00382,0.01183,0.02496
41.0,29.44,202312,4.93,0.38,71.96,2.45,0.00287,0.01089,0.00877
41.0,29.47,202301,5.47,0.38,77.44,0.72,0.00318,0.01172,0.00258
41.0,29.47,202302,8.67,0.44,75.84,2.53,0.00504,0.01148,0.00906
41.0,29.47,202303,10.41,0.38,81.4,2.88,0.00606,0.01232,0.01031
41.0,29.47,202304,15.39,0.45,77.59,3.03,0.00895,0.01175,0.01085
41.0,29.47,202305,18.83,0.48,75.98,1.35,0.01095,0.0115,0.00483
41.0,29.47,202306,23.93,0.57,50.76,1.56,0.01392,0.00768,0.00559
41.0,29.47,202307,25.58,0.63,28.76,0.79,0.01488,0.00435,0.00283
41.0,29.47,202308,21.98,0.61,33.24,0.51,0.01279,0.00503,0.00183
41.0,29.47,202309,17.75,0.6,55.94,0.89,0.01032,0.00847,0.00319
41.0,29.47,202310,11.5,0.52,63.42,1.83,0.00669,0.0096,0.00655
41.0,29.47,202311,6.57,0.42,78.12,6.97,0.00382,0.01183,0.02496
41.0,29.47,202312,4.93,0.38,71.96,2.45,0.00287,0.01089,0.00877
41.0,29.5,202301,5.47,0.38,77.44,0.72,0.00318,0.01172,0.00258
41.0,29.5,202302,8.67,0.44,75.84,2.53,0.00504,0.01148,0.00906
41.0,29.5,202303,10.41,0.38,81.4,2.88,0.00606,0.01232,0.01031
41.0,29.5,202304,15.39,0.45,77.59,3.03,0.00895,0.01175,0.01085
41.0,29.5,202305,18.83,0.48,75.98,1.35,0.01095,0.0115,0.00483
41.0,29.5,202306,23.93,0.57,50.76,1.56,0.01392,0.00768,0.00559
41.0,29.5,202307,25.58,0.63,28.76,0.79,0.01488,0.00435,0.00283
41.0,29.5,202308,21.98,0.61,33.24,0.51,0.01279,0.00503,0.00183
41.0,29.5,202309,17.75,0.6,55.94,0.89,0.01032,0.00847,0.00319
41.0,29.5,202310,11.5,0.52,63.42,1.83,0.00669,0.0096,0.00655
41.0,29.5,202311,6.57,0.42,78.12,6.97,0.00382,0.01183,0.02496
41.0,29.5,202312,4.93,0.38,71.96,2.45,0.00287,0.01089,0.00877
41.0,29.62,202301,5.47,0.38,77.44,0.72,0.00318,0.01172,0.00258
41.0,29.62,202302,8.67,0.44,75.84,2.53,0.00504,0.01148,0.00906
41.0,29.62,202303,10.41,0.38,81.4,2.88,0.00606,0.01232,0.01031
41.0,29.62,202304,15.39,0.45,77.59,3.03,0.00895,0.01175,0.01085
41.0,29.62,202305,18.83,0.48,75.98,1.35,0.01095,0.0115,0.00483
41.0,29.62,202306,23.93,0.57,50.76,1.56,0.01392,0.00768,0.00559
41.0,29.62,202307,25.58,0.63,28.76,0.79,0.01488,0.00435,0.00283
41.0,29.62,202308,21.98,0.61,33.24,0.51,0.01279,0.00503,0.00183
41.0,29.62,202309,17.75,0.6,55.94,0.89,0.01032,0.00847,0.00319
41.0,29.62,202310,11.5,0.52,63.42,1.83,0.00669,0.0096,0.00655
41.0,29.62,202311,6.57,0.42,78.12,6.97,0.00382,0.01183,0.02496
41.0,29.62,202312,4.93,0.38,71.96,2.45,0.00287,0.01089,0.00877
41.0,29.65,202301,5.47,0.38,77.44,0.72,0.00318,0.01172,0.00258
41.0,29.65,202302,8.67,0.44,75.84,2.53,0.00504,0.01148,0.00906
41.0,29.65,202303,10.41,0.38,81.4,2.88,0.00606,0.01232,0.01031
41.0,29.65,202304,15.39,0.45,77.59,3.03,0.00895,0.01175,0.01085
41.0,29.65,202305,18.83,0.48,75.98,1.35,0.01095,0.0115,0.00483
41.0,29.65,202306,23.93,0.57,50.76,1.56,0.01392,0.00768,0.00559
41.0,29.65,202307,25.58,0.63,28.76,0.79,0.01488,0.00435,0.00283
41.0,29.65,202308,21.98,0.61,33.24,0.51,0.01279,0.00503,0.00183
41.0,29.65,202309,17.75,0.6,55.94,0.89,0.01032,0.00847,0.00319
41.0,29.65,202310,11.5,0.52,63.42,1.83,0.00669,0.0096,0.00655
41.0,29.65,202311,6.57,0.42,78.12,6.97,0.00382,0.01183,0.02496
41.0,29.65,202312,4.93,0.38,71.96,2.45,0.00287,0.01089,0.00877
41.0,29.68,202301,5.47,0.38,77.44,0.72,0.00318,0.01172,0.00258
41.0,29.68,202302,8.67,0.44,75.84,2.53,0.00504,0.01148,0.00906
41.0,29.68,202303,10.41,0.38,81.4,2.88,0.00606,0.01232,0.01031
41.0,29.68,202304,15.39,0.45,77.59,3.03,0.00895,0.01175,0.01085
41.0,29.68,202305,18.83,0.48,75.98,1.35,0.01095,0.0115,0.00483
41.0,29.68,202306,23.93,0.57,50.76,1.56,0.01392,0.00768,0.00559
41.0,29.68,202307,25.58,0.63,28.76,0.79,0.01488,0.00435,0.00283
41.0,29.68,202308,21.98,0.61,33.24,0.51,0.01279,0.00503,0.00183
41.0,29.68,202309,17.75,0.6,55.94,0.89,0.01032,0.00847,0.00319
41.0,29.68,202310,11.5,0.52,63.42,1.83,0.00669,0.0096,0.00655
41.0,29.68,202311,6.57,0.42,78.12,6.97,0.00382,0.01183,0.02496
41.0,29.68,202312,4.93,0.38,71.96,2.45,0.00287,0.01089,0.00877
41.0,29.71,202301,5.47,0.38,77.44,0.81,0.00318,0.01172,0.0029
41.0,29.71,202302,8.67,0.44,75.84,3.12,0.00504,0.01148,0.01117
41.0,29.71,202303,10.41,0.38,81.4,3.56,0.00606,0.01232,0.01275
41.0,29.71,202304,15.39,0.45,77.59,3.15,0.00895,0.01175,0.01128
41.0,29.71,202305,18.83,0.48,75.98,1.85,0.01095,0.0115,0.00663
41.0,29.71,202306,23.93,0.57,50.76,3.94,0.01392,0.00768,0.01411
41.0,29.71,202307,25.58,0.63,28.76,2.15,0.01488,0.00435,0.0077
41.0,29.71,202308,21.98,0.61,33.24,0.82,0.01279,0.00503,0.00294
41.0,29.71,202309,17.75,0.6,55.94,0.95,0.01032,0.00847,0.0034
41.0,29.71,202310,11.5,0.52,63.42,2.61,0.00669,0.0096,0.00935
41.0,29.71,202311,6.57,0.42,78.12,6.92,0.00382,0.01183,0.02478
41.0,29.71,202312,4.93,0.38,71.96,2.87,0.00287,0.01089,0.01028
41.02,28.48,202301,5.51,0.38,69.94,0.72,0.00321,0.01059,0.00258
41.02,28.48,202302,8.89,0.45,66.0,1.83,0.00517,0.00999,0.00655
41.02,28.48,202303,11.1,0.41,71.25,2.49,0.00646,0.01079,0.00892
41.02,28.48,202304,15.63,0.45,72.39,3.07,0.00909,0.01096,0.01099
41.02,28.48,202305,18.84,0.48,71.78,1.24,0.01096,0.01087,0.00444
41.02,28.48,202306,24.01,0.58,45.28,0.86,0.01397,0.00686,0.00308
41.02,28.48,202307,26.15,0.65,23.83,0.33,0.01521,0.00361,0.00118
41.02,28.48,202308,21.47,0.59,31.41,0.3,0.01249,0.00476,0.00107
41.02,28.48,202309,16.72,0.56,46.02,0.71,0.00973,0.00697,0.00254
41.02,28.48,202310,11.52,0.52,49.57,1.15,0.0067,0.0075,0.00412
41.02,28.48,202311,6.49,0.41,68.19,6.37,0.00378,0.01032,0.02281
41.02,28.48,202312,4.82,0.38,64.93,2.3,0.0028,0.00983,0.00824
41.02,28.51,202301,5.51,0.38,69.94,0.72,0.00321,0.01059,0.00258
41.02,28.51,202302,8.89,0.45,66.0,1.83,0.00517,0.00999,0.00655
41.02,28.51,202303,11.1,0.41,71.25,2.49,0.00646,0.01079,0.00892
41.02,28.51,202304,15.63,0.45,72.39,3.07,0.00909,0.01096,0.01099
41.02,28.51,202305,18.84,0.48,71.78,1.24,0.01096,0.01087,0.00444
41.02,28.51,202306,24.01,0.58,45.28,0.86,0.01397,0.00686,0.00308
41.02,28.51,202307,26.15,0.65,23.83,0.33,0.01521,0.00361,0.00118
41.02,28.51,202308,21.47,0.59,31.41,0.3,0.01249,0.00476,0.00107
41.02,28.51,202309,16.72,0.56,46.02,0.71,0.00973,0.00697,0.00254
41.02,28.51,202310,11.52,0.52,49.57,1.15,0.0067,0.0075,0.00412
41.02,28.51,202311,6.49,0.41,68.19,6.37,0.00378,0.01032,0.02281
41.02,28.51,202312,4.82,0.38,64.93,2.3,0.0028,0.00983,0.00824
41.02,28.54,202301,5.51,0.38,69.94,0.72,0.00321,0.01059,0.00258
41.02,28.54,202302,8.89,0.45,66.0,1.83,0.00517,0.00999,0.00655
41.02,28.54,202303,11.1,0.41,71.25,2.49,0.00646,0.01079,0.00892
41.02,28.54,202304,15.63,0.45,72.39,3.07,0.00909,0.01096,0.01099
41.02,28.54,202305,18.84,0.48,71.78,1.24,0.01096,0.01087,0.00444
41.02,28.54,202306,24.01,0.58,45.28,0.86,0.01397,0.00686,0.00308
41.02,28.54,202307,26.15,0.65,23.83,0.33,0.01521,0.00361,0.00118
41.02,28.54,202308,21.47,0.59,31.41,0.3,0.01249,0.00476,0.00107
41.02,28.54,202309,16.72,0.56,46.02,0.71,0.00973,0.00697,0.00254
41.02,28.54,202310,11.52,0.52,49.57,1.15,0.0067,0.0075,0.00412
41.02,28.54,202311,6.49,0.41,68.19,6.37,0.00378,0.01032,0.02281
41.02,28.54,202312,4.82,0.38,64.93,2.3,0.0028,0.00983,0.00824
41.02,28.6,202301,5.51,0.38,69.94,0.72,0.00321,0.01059,0.00258
41.02,28.6,202302,8.89,0.45,66.0,1.83,0.00517,0.00999,0.00655
41.02,28.6,202303,11.1,0.41,71.25,2.49,0.00646,0.01079,0.00892
41.02,28.6,202304,15.63,0.45,72.39,3.07,0.00909,0.01096,0.01099
41.02,28.6,202305,18.84,0.48,71.78,1.24,0.01096,0.01087,0.00444
41.02,28.6,202306,24.01,0.58,45.28,0.86,0.01397,0.00686,0.00308
41.02,28.6,202307,26.15,0.65,23.83,0.33,0.01521,0.00361,0.00118
41.02,28.6,202308,21.47,0.59,31.41,0.3,0.01249,0.00476,0.00107
41.02,28.6,202309,16.72,0.56,46.02,0.71,0.00973,0.00697,0.00254
41.02,28.6,202310,11.52,0.52,49.57,1.15,0.0067,0.0075,0.00412
41.02,28.6,202311,6.49,0.41,68.19,6.37,0.00378,0.01032,0.02281
41.02,28.6,202312,4.82,0.38,64.93,2.3,0.0028,0.00983,0.00824
41.02,28.63,202301,5.51,0.38,69.94,0.72,0.00321,0.01059,0.00258
41.02,28.63,202302,8.89,0.45,66.0,1.83,0.00517,0.00999,0.00655
41.02,28.63,202303,11.1,0.41,71.25,2.49,0.00646,0.01079,0.00892
41.02,28.63,202304,15.63,0.45,72.39,3.07,0.00909,0.01096,0.01099
41.02,28.63,202305,18.84,0.48,71.78,1.24,0.01096,0.01087,0.00444
41.02,28.63,202306,24.01,0.58,45.28,0.86,0.01397,0.00686,0.00308
41.02,28.63,202307,26.15,0.65,23.83,0.33,0.01521,0.00361,0.00118
41.02,28.63,202308,21.47,0.59,31.41,0.3,0.01249,0.00476,0.00107
41.02,28.63,202309,16.72,0.56,46.02,0.71,0.00973,0.00697,0.00254
41.02,28.63,202310,11.52,0.52,49.57,1.15,0.0067,0.0075,0.00412
41.02,28.63,202311,6.49,0.41,68.19,6.37,0.00378,0.01032,0.02281
41.02,28.63,202312,4.82,0.38,64.93,2.3,0.0028,0.00983,0.00824
41.02,28.66,202301,5.51,0.38,69.94,0.72,0.00321,0.01059,0.00258
41.02,28.66,202302,8.89,0.45,66.0,1.83,0.00517,0.00999,0.00655
41.02,28.66,202303,11.1,0.41,71.25,2.49,0.00646,0.01079,0.00892
41.02,28.66,202304,15.63,0.45,72.39,3.07,0.00909,0.01096,0.01099
41.02,28.66,202305,18.84,0.48,71.78,1.24,0.01096,0.01087,0.00444
41.02,28.66,202306,24.01,0.58,45.28,0.86,0.01397,0.00686,0.00308
41.02,28.66,202307,26.15,0.65,23.83,0.33,0.01521,0.00361,0.00118
41.02,28.66,202308,21.47,0.59,31.41,0.3,0.01249,0.00476,0.00107
41.02,28.66,202309,16.72,0.56,46.02,0.71,0.00973,0.00697,0.00254
41.02,28.66,202310,11.52,0.52,49.57,1.15,0.0067,0.0075,0.00412
41.02,28.66,202311,6.49,0.41,68.19,6.37,0.00378,0.01032,0.02281
41.02,28.66,202312,4.82,0.38,64.93,2.3,0.0028,0.00983,0.00824
41.02,28.69,202301,5.51,0.38,69.94,0.72,0.00321,0.01059,0.00258
41.02,28.69,202302,8.89,0.45,66.0,1.83,0.00517,0.00999,0.00655
41.02,28.69,202303,11.1,0.41,71.25,2.49,0.00646,0.01079,0.00892
41.02,28.69,202304,15.63,0.45,72.39,3.07,0.00909,0.01096,0.01099
41.02,28.69,202305,18.84,0.48,71.78,1.24,0.01096,0.01087,0.00444
41.02,28.69,202306,24.01,0.58,45.28,0.86,0.01397,0.00686,0.00308
41.02,28.69,202307,26.15,0.65,23.83,0.33,0.01521,0.00361,0.00118
41.02,28.69,202308,21.47,0.59,31.41,0.3,0.01249,0.00476,0.00107
41.02,28.69,202309,16.72,0.56,46.02,0.71,0.00973,0.00697,0.00254
41.02,28.69,202310,11.52,0.52,49.57,1.15,0.0067,0.0075,0.00412
41.02,28.69,202311,6.49,0.41,68.19,6.37,0.00378,0.01032,0.02281
41.02,28.69,202312,4.82,0.38,64.93,2.3,0.0028,0.00983,0.00824
41.02,28.72,202301,5.51,0.38,69.94,0.72,0.00321,0.01059,0.00258
41.02,28.72,202302,8.89,0.45,66.0,1.83,0.00517,0.00999,0.00655
41.02,28.72,202303,11.1,0.41,71.25,2.49,0.00646,0.01079,0.00892
41.02,28.72,202304,15.63,0.45,72.39,3.07,0.00909,0.01096,0.01099
41.02,28.72,202305,18.84,0.48,71.78,1.24,0.01096,0.01087,0.00444
41.02,28.72,202306,24.01,0.58,45.28,0.86,0.01397,0.00686,0.00308
41.02,28.72,202307,26.15,0.65,23.83,0.33,0.01521,0.00361,0.00118
41.02,28.72,202308,21.47,0.59,31.41,0.3,0.01249,0.00476,0.00107
41.02,28.72,202309,16.72,0.56,46.02,0.71,0.00973,0.00697,0.00254
41.02,28.72,202310,11.52,0.52,49.57,1.15,0.0067,0.0075,0.00412
41.02,28.72,202311,6.49,0.41,68.19,6.37,0.00378,0.01032,0.02281
41.02,28.72,202312,4.82,0.38,64.93,2.3,0.0028,0.00983,0.00824
41.02,28.75,202301,5.51,0.38,69.94,0.72,0.00321,0.01059,0.00258
41.02,28.75,202302,8.89,0.45,66.0,1.83,0.00517,0.00999,0.00655
41.02,28.75,202303,11.1,0.41,71.25,2.49,0.00646,0.01079,0.00892
41.02,28.75,202304,15.63,0.45,72.39,3.07,0.00909,0.01096,0.01099
41.02,28.75,202305,18.84,0.48,71.78,1.24,0.01096,0.01087,0.00444
41.02,28.75,202306,24.01,0.58,45.28,0.86,0.01397,0.00686,0.00308
41.02,28.75,202307,26.15,0.65,23.83,0.33,0.01521,0.00361,0.00118
41.02,28.75,202308,21.47,0.59,31.41,0.3,0.01249,0.00476,0.00107
41.02,28.75,202309,16.72,0.56,46.02,0.71,0.00973,0.00697,0.00254
41.02,28.75,202310,11.52,0.52,49.57,1.15,0.0067,0.0075,0.00412
41.02,28.75,202311,6.49,0.41,68.19,6.37,0.00378,0.01032,0.02281
41.02,28.75,202312,4.82,0.38,64.93,2.3,0.0028,0.00983,0.00824
41.02,28.78,202301,5.51,0.38,69.94,0.72,0.00321,0.01059,0.00258
41.02,28.78,202302,8.89,0.45,66.0,1.83,0.00517,0.00999,0.00655
41.02,28.78,202303,11.1,0.41,71.25,2.49,0.00646,0.01079,0.00892
41.02,28.78,202304,15.63,0.45,72.39,3.07,0.00909,0.01096,0.01099
41.02,28.78,202305,18.84,0.48,71.78,1.24,0.01096,0.01087,0.00444
41.02,28.78,202306,24.01,0.58,45.28,0.86,0.01397,0.00686,0.00308
41.02,28.78,202307,26.15,0.65,23.83,0.33,0.01521,0.00361,0.00118
41.02,28.78,202308,21.47,0.59,31.41,0.3,0.01249,0.00476,0.00107
41.02,28.78,202309,16.72,0.56,46.02,0.71,0.00973,0.00697,0.00254
41.02,28.78,202310,11.52,0.52,49.57,1.15,0.0067,0.0075,0.00412
41.02,28.78,202311,6.49,0.41,68.19,6.37,0.00378,0.01032,0.02281
41.02,28.78,202312,4.82,0.38,64.93,2.3,0.0028,0.00983,0.00824
41.02,28.81,202301,5.51,0.38,69.94,0.72,0.00321,0.01059,0.00258
41.02,28.81,202302,8.89,0.45,66.0,1.83,0.00517,0.00999,0.00655
41.02,28.81,202303,11.1,0.41,71.25,2.49,0.00646,0.01079,0.00892
41.02,28.81,202304,15.63,0.45,72.39,3.07,0.00909,0.01096,0.01099
41.02,28.81,202305,18.84,0.48,71.78,1.24,0.01096,0.01087,0.00444
41.02,28.81,202306,24.01,0.58,45.28,0.86,0.01397,0.00686,0.00308
41.02,28.81,202307,26.15,0.65,23.83,0.33,0.01521,0.00361,0.00118
41.02,28.81,202308,21.47,0.59,31.41,0.3,0.01249,0.00476,0.00107
41.02,28.81,202309,16.72,0.56,46.02,0.71,0.00973,0.00697,0.00254
41.02,28.81,202310,11.52,0.52,49.57,1.15,0.0067,0.0075,0.00412
41.02,28.81,202311,6.49,0.41,68.19,6.37,0.00378,0.01032,0.02281
41.02,28.81,202312,4.82,0.38,64.93,2.3,0.0028,0.00983,0.00824
41.02,28.84,202301,5.51,0.38,69.94,0.72,0.00321,0.01059,0.00258
41.02,28.84,202302,8.89,0.45,66.0,1.83,0.00517,0.00999,0.00655
41.02,28.84,202303,11.1,0.41,71.25,2.49,0.00646,0.01079,0.00892
41.02,28.84,202304,15.63,0.45,72.39,3.07,0.00909,0.01096,0.01099
41.02,28.84,202305,18.84,0.48,71.78,1.24,0.01096,0.01087,0.00444
41.02,28.84,202306,24.01,0.58,45.28,0.86,0.01397,0.00686,0.00308
41.02,28.84,202307,26.15,0.65,23.83,0.33,0.01521,0.00361,0.00118
41.02,28.84,202308,21.47,0.59,31.41,0.3,0.01249,0.00476,0.00107
41.02,28.84,202309,16.72,0.56,46.02,0.71,0.00973,0.00697,0.00254
41.02,28.84,202310,11.52,0.52,49.57,1.15,0.0067,0.0075,0.00412
41.02,28.84,202311,6.49,0.41,68.19,6.37,0.00378,0.01032,0.02281
41.02,28.84,202312,4.82,0.38,64.93,2.3,0.0028,0.00983,0.00824
41.02,28.87,202301,5.51,0.38,69.94,0.72,0.00321,0.01059,0.00258
41.02,28.87,202302,8.89,0.45,66.0,1.83,0.00517,0.00999,0.00655
41.02,28.87,202303,11.1,0.41,71.25,2.49,0.00646,0.01079,0.00892
41.02,28.87,202304,15.63,0.45,72.39,3.07,0.00909,0.01096,0.01099
41.02,28.87,202305,18.84,0.48,71.78,1.24,0.01096,0.01087,0.00444
41.02,28.87,202306,24.01,0.58,45.28,0.86,0.01397,0.00686,0.00308
41.02,28.87,202307,26.15,0.65,23.83,0.33,0.01521,0.00361,0.00118
41.02,28.87,202308,21.47,0.59,31.41,0.3,0.01249,0.00476,0.00107
41.02,28.87,202309,16.72,0.56,46.02,0.71,0.00973,0.00697,0.00254
41.02,28.87,202310,11.52,0.52,49.57,1.15,0.0067,0.0075,0.00412
41.02,28.87,202311,6.49,0.41,68.19,6.37,0.00378,0.01032,0.02281
41.02,28.87,202312,4.82,0.38,64.93,2.3,0.0028,0.00983,0.00824
41.02,28.9,202301,5.51,0.38,69.94,0.72,0.00321,0.01059,0.00258
41.02,28.9,202302,8.89,0.45,66.0,1.83,0.00517,0.00999,0.00655
41.02,28.9,202303,11.1,0.41,71.25,2.49,0.00646,0.01079,0.00892
41.02,28.9,202304,15.63,0.45,72.39,3.07,0.00909,0.01096,0.01099
41.02,28.9,202305,18.84,0.48,71.78,1.24,0.01096,0.01087,0.00444
41.02,28.9,202306,24.01,0.58,45.28,0.86,0.01397,0.00686,0.00308
41.02,28.9,202307,26.15,0.65,23.83,0.33,0.01521,0.00361,0.00118
41.02,28.9,202308,21.47,0.59,31.41,0.3,0.01249,0.00476,0.00107
41.02,28.9,202309,16.72,0.56,46.02,0.71,0.00973,0.00697,0.00254
41.02,28.9,202310,11.52,0.52,49.57,1.15,0.0067,0.0075,0.00412
41.02,28.9,202311,6.49,0.41,68.19,6.37,0.00378,0.01032,0.02281
41.02,28.9,202312,4.82,0.38,64.93,2.3,0.0028,0.00983,0.00824
41.02,28.93,202301,5.51,0.38,69.94,0.72,0.00321,0.01059,0.00258
41.02,28.93,202302,8.89,0.45,66.0,1.83,0.00517,0.00999,0.00655
41.02,28.93,202303,11.1,0.41,71.25,2.49,0.00646,0.01079,0.00892
41.02,28.93,202304,15.63,0.45,72.39,3.07,0.00909,0.01096,0.01099
41.02,28.93,202305,18.84,0.48,71.78,1.24,0.01096,0.01087,0.00444
41.02,28.93,202306,24.01,0.58,45.28,0.86,0.01397,0.00686,0.00308
41.02,28.93,202307,26.15,0.65,23.83,0.33,0.01521,0.00361,0.00118
41.02,28.93,202308,21.47,0.59,31.41,0.3,0.01249,0.00476,0.00107
41.02,28.93,202309,16.72,0.56,46.02,0.71,0.00973,0.00697,0.00254
41.02,28.93,202310,11.52,0.52,49.57,1.15,0.0067,0.0075,0.00412
41.02,28.93,202311,6.49,0.41,68.19,6.37,0.00378,0.01032,0.02281
41.02,28.93,202312,4.82,0.38,64.93,2.3,0.0028,0.00983,0.00824
41.02,28.96,202301,5.51,0.38,69.94,0.72,0.00321,0.01059,0.00258
41.02,28.96,202302,8.89,0.45,66.0,1.83,0.00517,0.00999,0.00655
41.02,28.96,202303,11.1,0.41,71.25,2.49,0.00646,0.01079,0.00892
41.02,28.96,202304,15.63,0.45,72.39,3.07,0.00909,0.01096,0.01099
41.02,28.96,202305,18.84,0.48,71.78,1.24,0.01096,0.01087,0.00444
41.02,28.96,202306,24.01,0.58,45.28,0.86,0.01397,0.00686,0.00308
41.02,28.96,202307,26.15,0.65,23.83,0.33,0.01521,0.00361,0.00118
41.02,28.96,202308,21.47,0.59,31.41,0.3,0.01249,0.00476,0.00107
41.02,28.96,202309,16.72,0.56,46.02,0.71,0.00973,0.00697,0.00254
41.02,28.96,202310,11.52,0.52,49.57,1.15,0.0067,0.0075,0.00412
41.02,28.96,202311,6.49,0.41,68.19,6.37,0.00378,0.01032,0.02281
41.02,28.96,202312,4.82,0.38,64.93,2.3,0.0028,0.00983,0.00824
41.02,29.02,202301,5.47,0.38,77.44,0.72,0.00318,0.01172,0.00258
41.02,29.02,202302,8.67,0.44,75.84,1.83,0.00504,0.01148,0.00655
41.02,29.02,202303,10.41,0.38,81.4,2.49,0.00606,0.01232,0.00892
41.02,29.02,202304,15.39,0.45,77.59,3.07,0.00895,0.01175,0.01099
41.02,29.02,202305,18.83,0.48,75.98,1.24,0.01095,0.0115,0.00444
41.02,29.02,202306,23.93,0.57,50.76,0.86,0.01392,0.00768,0.00308
41.02,29.02,202307,25.58,0.63,28.76,0.33,0.01488,0.00435,0.00118
41.02,29.02,202308,21.98,0.61,33.24,0.3,0.01279,0.00503,0.00107
41.02,29.02,202309,17.75,0.6,55.94,0.71,0.01032,0.00847,0.00254
41.02,29.02,202310,11.5,0.52,63.42,1.15,0.00669,0.0096,0.00412
41.02,29.02,202311,6.57,0.42,78.12,6.37,0.00382,0.01183,0.02281
41.02,29.02,202312,4.93,0.38,71.96,2.3,0.00287,0.01089,0.00824
41.02,29.05,202301,5.47,0.38,77.44,0.72,0.00318,0.01172,0.00258
41.02,29.05,202302,8.67,0.44,75.84,1.83,0.00504,0.01148,0.00655
41.02,29.05,202303,10.41,0.38,81.4,2.49,0.00606,0.01232,0.00892
41.02,29.05,202304,15.39,0.45,77.59,3.07,0.00895,0.01175,0.01099
41.02,29.05,202305,18.83,0.48,75.98,1.24,0.01095,0.0115,0.00444
41.02,29.05,202306,23.93,0.57,50.76,0.86,0.01392,0.00768,0.00308
41.02,29.05,202307,25.58,0.63,28.76,0.33,0.01488,0.00435,0.00118
41.02,29.05,202308,21.98,0.61,33.24,0.3,0.01279,0.00503,0.00107
41.02,29.05,202309,17.75,0.6,55.94,0.71,0.01032,0.00847,0.00254
41.02,29.05,202310,11.5,0.52,63.42,1.15,0.00669,0.0096,0.00412
41.02,29.05,202311,6.57,0.42,78.12,6.37,0.00382,0.01183,0.02281
41.02,29.05,202312,4.93,0.38,71.96,2.3,0.00287,0.01089,0.00824
41.02,29.08,202301,5.47,0.38,77.44,0.72,0.00318,0.01172,0.00258
41.02,29.08,202302,8.67,0.44,75.84,2.53,0.00504,0.01148,0.00906
41.02,29.08,202303,10.41,0.38,81.4,2.88,0.00606,0.01232,0.01031
41.02,29.08,202304,15.39,0.45,77.59,3.03,0.00895,0.01175,0.01085
41.02,29.08,202305,18.83,0.48,75.98,1.35,0.01095,0.0115,0.00483
41.02,29.08,202306,23.93,0.57,50.76,1.56,0.01392,0.00768,0.00559
41.02,29.08,202307,25.58,0.63,28.76,0.79,0.01488,0.00435,0.00283
41.02,29.08,202308,21.98,0.61,33.24,0.51,0.01279,0.00503,0.00183
41.02,29.08,202309,17.75,0.6,55.94,0.89,0.01032,0.00847,0.00319
41.02,29.08,202310,11.5,0.52,63.42,1.83,0.00669,0.0096,0.00655
41.02,29.08,202311,6.57,0.42,78.12,6.97,0.00382,0.01183,0.02496
41.02,29.08,202312,4.93,0.38,71.96,2.45,0.00287,0.01089,0.00877
41.02,29.11,202301,5.47,0.38,77.44,0.72,0.00318,0.01172,0.00258
41.02,29.11,202302,8.67,0.44,75.84,2.53,0.00504,0.01148,0.00906
41.02,29.11,202303,10.41,0.38,81.4,2.88,0.00606,0.01232,0.01031
41.02,29.11,202304,15.39,0.45,77.59,3.03,0.00895,0.01175,0.01085
41.02,29.11,202305,18.83,0.48,75.98,1.35,0.01095,0.0115,0.00483
41.02,29.11,202306,23.93,0.57,50.76,1.56,0.01392,0.00768,0.00559
41.02,29.11,202307,25.58,0.63,28.76,0.79,0.01488,0.00435,0.00283
41.02,29.11,202308,21.98,0.61,33.24,0.51,0.01279,0.00503,0.00183
41.02,29.11,202309,17.75,0.6,55.94,0.89,0.01032,0.00847,0.00319
41.02,29.11,202310,11.5,0.52,63.42,1.83,0.00669,0.0096,0.00655
41.02,29.11,202311,6.57,0.42,78.12,6.97,0.00382,0.01183,0.02496
41.02,29.11,202312,4.93,0.38,71.96,2.45,0.00287,0.01089,0.00877
41.02,29.14,202301,5.47,0.38,77.44,0.72,0.00318,0.01172,0.00258
41.02,29.14,202302,8.67,0.44,75.84,2.53,0.00504,0.01148,0.00906
41.02,29.14,202303,10.41,0.38,81.4,2.88,0.00606,0.01232,0.01031
41.02,29.14,202304,15.39,0.45,77.59,3.03,0.00895,0.01175,0.01085
41.02,29.14,202305,18.83,0.48,75.98,1.35,0.01095,0.0115,0.00483
41.02,29.14,202306,23.93,0.57,50.76,1.56,0.01392,0.00768,0.00559
41.02,29.14,202307,25.58,0.63,28.76,0.79,0.01488,0.00435,0.00283
41.02,29.14,202308,21.98,0.61,33.24,0.51,0.01279,0.00503,0.00183
41.02,29.14,202309,17.75,0.6,55.94,0.89,0.01032,0.00847,0.00319
41.02,29.14,202310,11.5,0.52,63.42,1.83,0.00669,0.0096,0.00655
41.02,29.14,202311,6.57,0.42,78.12,6.97,0.00382,0.01183,0.02496
41.02,29.14,202312,4.93,0.38,71.96,2.45,0.00287,0.01089,0.00877
41.02,29.17,202301,5.47,0.38,77.44,0.72,0.00318,0.01172,0.00258
41.02,29.17,202302,8.67,0.44,75.84,2.53,0.00504,0.01148,0.00906
41.02,29.17,202303,10.41,0.38,81.4,2.88,0.00606,0.01232,0.01031
41.02,29.17,202304,15.39,0.45,77.59,3.03,0.00895,0.01175,0.01085
41.02,29.17,202305,18.83,0.48,75.98,1.35,0.01095,0.0115,0.00483
41.02,29.17,202306,23.93,0.57,50.76,1.56,0.01392,0.00768,0.00559
41.02,29.17,202307,25.58,0.63,28.76,0.79,0.01488,0.00435,0.00283
41.02,29.17,202308,21.98,0.61,33.24,0.51,0.01279,0.00503,0.00183
41.02,29.17,202309,17.75,0.6,55.94,0.89,0.01032,0.00847,0.00319
41.02,29.17,202310,11.5,0.52,63.42,1.83,0.00669,0.0096,0.00655
41.02,29.17,202311,6.57,0.42,78.12,6.97,0.00382,0.01183,0.02496
41.02,29.17,202312,4.93,0.38,71.96,2.45,0.00287,0.01089,0.00877
41.02,29.2,202301,5.47,0.38,77.44,0.72,0.00318,0.01172,0.00258
41.02,29.2,202302,8.67,0.44,75.84,2.53,0.00504,0.01148,0.00906
41.02,29.2,202303,10.41,0.38,81.4,2.88,0.00606,0.01232,0.01031
41.02,29.2,202304,15.39,0.45,77.59,3.03,0.00895,0.01175,0.01085
41.02,29.2,202305,18.83,0.48,75.98,1.35,0.01095,0.0115,0.00483
41.02,29.2,202306,23.93,0.57,50.76,1.56,0.01392,0.00768,0.00559
41.02,29.2,202307,25.58,0.63,28.76,0.79,0.01488,0.00435,0.00283
41.02,29.2,202308,21.98,0.61,33.24,0.51,0.01279,0.00503,0.00183
41.02,29.2,202309,17.75,0.6,55.94,0.89,0.01032,0.00847,0.00319
41.02,29.2,202310,11.5,0.52,63.42,1.83,0.00669,0.0096,0.00655
41.02,29.2,202311,6.57,0.42,78.12,6.97,0.00382,0.01183,0.02496
41.02,29.2,202312,4.93,0.38,71.96,2.45,0.00287,0.01089,0.00877
41.02,29.23,202301,5.47,0.38,77.44,0.72,0.00318,0.01172,0.00258
41.02,29.23,202302,8.67,0.44,75.84,2.53,0.00504,0.01148,0.00906
41.02,29.23,202303,10.41,0.38,81.4,2.88,0.00606,0.01232,0.01031
41.02,29.23,202304,15.39,0.45,77.59,3.03,0.00895,0.01175,0.01085
41.02,29.23,202305,18.83,0.48,75.98,1.35,0.01095,0.0115,0.00483
41.02,29.23,202306,23.93,0.57,50.76,1.56,0.01392,0.00768,0.00559
41.02,29.23,202307,25.58,0.63,28.76,0.79,0.01488,0.00435,0.00283
41.02,29.23,202308,21.98,0.61,33.24,0.51,0.01279,0.00503,0.00183
41.02,29.23,202309,17.75,0.6,55.94,0.89,0.01032,0.00847,0.00319
41.02,29.23,202310,11.5,0.52,63.42,1.83,0.00669,0.0096,0.00655
41.02,29.23,202311,6.57,0.42,78.12,6.97,0.00382,0.01183,0.02496
41.02,29.23,202312,4.93,0.38,71.96,2.45,0.00287,0.01089,0.00877
41.02,29.26,202301,5.47,0.38,77.44,0.72,0.00318,0.01172,0.00258
41.02,29.26,202302,8.67,0.44,75.84,2.53,0.00504,0.01148,0.00906
41.02,29.26,202303,10.41,0.38,81.4,2.88,0.00606,0.01232,0.01031
41.02,29.26,202304,15.39,0.45,77.59,3.03,0.00895,0.01175,0.01085
41.02,29.26,202305,18.83,0.48,75.98,1.35,0.01095,0.0115,0.00483
41.02,29.26,202306,23.93,0.57,50.76,1.56,0.01392,0.00768,0.00559
41.02,29.26,202307,25.58,0.63,28.76,0.79,0.01488,0.00435,0.00283
41.02,29.26,202308,21.98,0.61,33.24,0.51,0.01279,0.00503,0.00183
41.02,29.26,202309,17.75,0.6,55.94,0.89,0.01032,0.00847,0.00319
41.02,29.26,202310,11.5,0.52,63.42,1.83,0.00669,0.0096,0.00655
41.02,29.26,202311,6.57,0.42,78.12,6.97,0.00382,0.01183,0.02496
41.02,29.26,202312,4.93,0.38,71.96,2.45,0.00287,0.01089,0.00877
41.02,29.29,202301,5.47,0.38,77.44,0.72,0.00318,0.01172,0.00258
41.02,29.29,202302,8.67,0.44,75.84,2.53,0.00504,0.01148,0.00906
41.02,29.29,202303,10.41,0.38,81.4,2.88,0.00606,0.01232,0.01031
41.02,29.29,202304,15.39,0.45,77.59,3.03,0.00895,0.01175,0.01085
41.02,29.29,202305,18.83,0.48,75.98,1.35,0.01095,0.0115,0.00483
41.02,29.29,202306,23.93,0.57,50.76,1.56,0.01392,0.00768,0.00559
41.02,29.29,202307,25.58,0.63,28.76,0.79,0.01488,0.00435,0.00283
41.02,29.29,202308,21.98,0.61,33.24,0.51,0.01279,0.00503,0.00183
41.02,29.29,202309,17.75,0.6,55.94,0.89,0.01032,0.00847,0.00319
41.02,29.29,202310,11.5,0.52,63.42,1.83,0.00669,0.0096,0.00655
41.02,29.29,202311,6.57,0.42,78.12,6.97,0.00382,0.01183,0.02496
41.02,29.29,202312,4.93,0.38,71.96,2.45,0.00287,0.01089,0.00877
41.02,29.32,202301,5.47,0.38,77.44,0.72,0.00318,0.01172,0.00258
41.02,29.32,202302,8.67,0.44,75.84,2.53,0.00504,0.01148,0.00906
41.02,29.32,202303,10.41,0.38,81.4,2.88,0.00606,0.01232,0.01031
41.02,29.32,202304,15.39,0.45,77.59,3.03,0.00895,0.01175,0.01085
41.02,29.32,202305,18.83,0.48,75.98,1.35,0.01095,0.0115,0.00483
41.02,29.32,202306,23.93,0.57,50.76,1.56,0.01392,0.00768,0.00559
41.02,29.32,202307,25.58,0.63,28.76,0.79,0.01488,0.00435,0.00283
41.02,29.32,202308,21.98,0.61,33.24,0.51,0.01279,0.00503,0.00183
41.02,29.32,202309,17.75,0.6,55.94,0.89,0.01032,0.00847,0.00319
41.02,29.32,202310,11.5,0.52,63.42,1.83,0.00669,0.0096,0.00655
41.02,29.32,202311,6.57,0.42,78.12,6.97,0.00382,0.01183,0.02496
41.02,29.32,202312,4.93,0.38,71.96,2.45,0.00287,0.01089,0.00877
41.02,29.35,202301,5.47,0.38,77.44,0.72,0.00318,0.01172,0.00258
41.02,29.35,202302,8.67,0.44,75.84,2.53,0.00504,0.01148,0.00906
41.02,29.35,202303,10.41,0.38,81.4,2.88,0.00606,0.01232,0.01031
41.02,29.35,202304,15.39,0.45,77.59,3.03,0.00895,0.01175,0.01085
41.02,29.35,202305,18.83,0.48,75.98,1.35,0.01095,0.0115,0.00483
41.02,29.35,202306,23.93,0.57,50.76,1.56,0.01392,0.00768,0.00559
41.02,29.35,202307,25.58,0.63,28.76,0.79,0.01488,0.00435,0.00283
41.02,29.35,202308,21.98,0.61,33.24,0.51,0.01279,0.00503,0.00183
41.02,29.35,202309,17.75,0.6,55.94,0.89,0.01032,0.00847,0.00319
41.02,29.35,202310,11.5,0.52,63.42,1.83,0.00669,0.0096,0.00655
41.02,29.35,202311,6.57,0.42,78.12,6.97,0.00382,0.01183,0.02496
41.02,29.35,202312,4.93,0.38,71.96,2.45,0.00287,0.01089,0.00877
41.02,29.38,202301,5.47,0.38,77.44,0.72,0.00318,0.01172,0.00258
41.02,29.38,202302,8.67,0.44,75.84,2.53,0.00504,0.01148,0.00906
41.02,29.38,202303,10.41,0.38,81.4,2.88,0.00606,0.01232,0.01031
41.02,29.38,202304,15.39,0.45,77.59,3.03,0.00895,0.01175,0.01085
41.02,29.38,202305,18.83,0.48,75.98,1.35,0.01095,0.0115,0.00483
41.02,29.38,202306,23.93,0.57,50.76,1.56,0.01392,0.00768,0.00559
41.02,29.38,202307,25.58,0.63,28.76,0.79,0.01488,0.00435,0.00283
41.02,29.38,202308,21.98,0.61,33.24,0.51,0.01279,0.00503,0.00183
41.02,29.38,202309,17.75,0.6,55.94,0.89,0.01032,0.00847,0.00319
41.02,29.38,202310,11.5,0.52,63.42,1.83,0.00669,0.0096,0.00655
41.02,29.38,202311,6.57,0.42,78.12,6.97,0.00382,0.01183,0.02496
41.02,29.38,202312,4.93,0.38,71.96,2.45,0.00287,0.01089,0.00877
41.02,29.41,202301,5.47,0.38,77.44,0.72,0.00318,0.01172,0.00258
41.02,29.41,202302,8.67,0.44,75.84,2.53,0.00504,0.01148,0.00906
41.02,29.41,202303,10.41,0.38,81.4,2.88,0.00606,0.01232,0.01031
41.02,29.41,202304,15.39,0.45,77.59,3.03,0.00895,0.01175,0.01085
41.02,29.41,202305,18.83,0.48,75.98,1.35,0.01095,0.0115,0.00483
41.02,29.41,202306,23.93,0.57,50.76,1.56,0.01392,0.00768,0.00559
41.02,29.41,202307,25.58,0.63,28.76,0.79,0.01488,0.00435,0.00283
41.02,29.41,202308,21.98,0.61,33.24,0.51,0.01279,0.00503,0.00183
41.02,29.41,202309,17.75,0.6,55.94,0.89,0.01032,0.00847,0.00319
41.02,29.41,202310,11.5,0.52,63.42,1.83,0.00669,0.0096,0.00655
41.02,29.41,202311,6.57,0.42,78.12,6.97,0.00382,0.01183,0.02496
41.02,29.41,202312,4.93,0.38,71.96,2.45,0.00287,0.01089,0.00877
41.02,29.44,202301,5.47,0.38,77.44,0.72,0.00318,0.01172,0.00258
41.02,29.44,202302,8.67,0.44,75.84,2.53,0.00504,0.01148,0.00906
41.02,29.44,202303,10.41,0.38,81.4,2.88,0.00606,0.01232,0.01031
41.02,29.44,202304,15.39,0.45,77.59,3.03,0.00895,0.01175,0.01085
41.02,29.44,202305,18.83,0.48,75.98,1.35,0.01095,0.0115,0.00483
41.02,29.44,202306,23.93,0.57,50.76,1.56,0.01392,0.00768,0.00559
41.02,29.44,202307,25.58,0.63,28.76,0.79,0.01488,0.00435,0.00283
41.02,29.44,202308,21.98,0.61,33.24,0.51,0.01279,0.00503,0.00183
41.02,29.44,202309,17.75,0.6,55.94,0.89,0.01032,0.00847,0.00319
41.02,29.44,202310,11.5,0.52,63.42,1.83,0.00669,0.0096,0.00655
41.02,29.44,202311,6.57,0.42,78.12,6.97,0.00382,0.01183,0.02496
41.02,29.44,202312,4.93,0.38,71.96,2.45,0.00287,0.01089,0.00877
41.02,29.47,202301,5.47,0.38,77.44,0.72,0.00318,0.01172,0.00258
41.02,29.47,202302,8.67,0.44,75.84,2.53,0.00504,0.01148,0.00906
41.02,29.47,202303,10.41,0.38,81.4,2.88,0.00606,0.01232,0.01031
41.02,29.47,202304,15.39,0.45,77.59,3.03,0.00895,0.01175,0.01085
41.02,29.47,202305,18.83,0.48,75.98,1.35,0.01095,0.0115,0.00483
41.02,29.47,202306,23.93,0.57,50.76,1.56,0.01392,0.00768,0.00559
41.02,29.47,202307,25.58,0.63,28.76,0.79,0.01488,0.00435,0.00283
41.02,29.47,202308,21.98,0.61,33.24,0.51,0.01279,0.00503,0.00183
41.02,29.47,202309,17.75,0.6,55.94,0.89,0.01032,0.00847,0.00319
41.02,29.47,202310,11.5,0.52,63.42,1.83,0.00669,0.0096,0.00655
41.02,29.47,202311,6.57,0.42,78.12,6.97,0.00382,0.01183,0.02496
41.02,29.47,202312,4.93,0.38,71.96,2.45,0.00287,0.01089,0.00877
41.02,29.5,202301,5.47,0.38,77.44,0.72,0.00318,0.01172,0.00258
41.02,29.5,202302,8.67,0.44,75.84,2.53,0.00504,0.01148,0.00906
41.02,29.5,202303,10.41,0.38,81.4,2.88,0.00606,0.01232,0.01031
41.02,29.5,202304,15.39,0.45,77.59,3.03,0.00895,0.01175,0.01085
41.02,29.5,202305,18.83,0.48,75.98,1.35,0.01095,0.0115,0.00483
41.02,29.5,202306,23.93,0.57,50.76,1.56,0.01392,0.00768,0.00559
41.02,29.5,202307,25.58,0.63,28.76,0.79,0.01488,0.00435,0.00283
41.02,29.5,202308,21.98,0.61,33.24,0.51,0.01279,0.00503,0.00183
41.02,29.5,202309,17.75,0.6,55.94,0.89,0.01032,0.00847,0.00319
41.02,29.5,202310,11.5,0.52,63.42,1.83,0.00669,0.0096,0.00655
41.02,29.5,202311,6.57,0.42,78.12,6.97,0.00382,0.01183,0.02496
41.02,29.5,202312,4.93,0.38,71.96,2.45,0.00287,0.01089,0.00877
41.02,29.62,202301,5.47,0.38,77.44,0.72,0.00318,0.01172,0.00258
41.02,29.62,202302,8.67,0.44,75.84,2.53,0.00504,0.01148,0.00906
41.02,29.62,202303,10.41,0.38,81.4,2.88,0.00606,0.01232,0.01031
41.02,29.62,202304,15.39,0.45,77.59,3.03,0.00895,0.01175,0.01085
41.02,29.62,202305,18.83,0.48,75.98,1.35,0.01095,0.0115,0.00483
41.02,29.62,202306,23.93,0.57,50.76,1.56,0.01392,0.00768,0.00559
41.02,29.62,202307,25.58,0.63,28.76,0.79,0.01488,0.00435,0.00283
41.02,29.62,202308,21.98,0.61,33.24,0.51,0.01279,0.00503,0.00183
41.02,29.62,202309,17.75,0.6,55.94,0.89,0.01032,0.00847,0.00319
41.02,29.62,202310,11.5,0.52,63.42,1.83,0.00669,0.0096,0.00655
41.02,29.62,202311,6.57,0.42,78.12,6.97,0.00382,0.01183,0.02496
41.02,29.62,202312,4.93,0.38,71.96,2.45,0.00287,0.01089,0.00877
41.02,29.65,202301,5.47,0.38,77.44,0.72,0.00318,0.01172,0.00258
41.02,29.65,202302,8.67,0.44,75.84,2.53,0.00504,0.01148,0.00906
41.02,29.65,202303,10.41,0.38,81.4,2.88,0.00606,0.01232,0.01031
41.02,29.65,202304,15.39,0.45,77.59,3.03,0.00895,0.01175,0.01085
41.02,29.65,202305,18.83,0.48,75.98,1.35,0.01095,0.0115,0.00483
41.02,29.65,202306,23.93,0.57,50.76,1.56,0.01392,0.00768,0.00559
41.02,29.65,202307,25.58,0.63,28.76,0.79,0.01488,0.00435,0.00283
41.02,29.65,202308,21.98,0.61,33.24,0.51,0.01279,0.00503,0.00183
41.02,29.65,202309,17.75,0.6,55.94,0.89,0.01032,0.00847,0.00319
41.02,29.65,202310,11.5,0.52,63.42,1.83,0.00669,0.0096,0.00655
41.02,29.65,202311,6.57,0.42,78.12,6.97,0.00382,0.01183,0.02496
41.02,29.65,202312,4.93,0.38,71.96,2.45,0.00287,0.01089,0.00877
41.02,29.68,202301,5.47,0.38,77.44,0.72,0.00318,0.01172,0.00258
41.02,29.68,202302,8.67,0.44,75.84,2.53,0.00504,0.01148,0.00906
41.02,29.68,202303,10.41,0.38,81.4,2.88,0.00606,0.01232,0.01031
41.02,29.68,202304,15.39,0.45,77.59,3.03,0.00895,0.01175,0.01085
41.02,29.68,202305,18.83,0.48,75.98,1.35,0.01095,0.0115,0.00483
41.02,29.68,202306,23.93,0.57,50.76,1.56,0.01392,0.00768,0.00559
41.02,29.68,202307,25.58,0.63,28.76,0.79,0.01488,0.00435,0.00283
41.02,29.68,202308,21.98,0.61,33.24,0.51,0.01279,0.00503,0.00183
41.02,29.68,202309,17.75,0.6,55.94,0.89,0.01032,0.00847,0.00319
41.02,29.68,202310,11.5,0.52,63.42,1.83,0.00669,0.0096,0.00655
41.02,29.68,202311,6.57,0.42,78.12,6.97,0.00382,0.01183,0.02496
41.02,29.68,202312,4.93,0.38,71.96,2.45,0.00287,0.01089,0.00877
41.02,29.83,202301,5.47,0.38,77.44,0.81,0.00318,0.01172,0.0029
41.02,29.83,202302,8.67,0.44,75.84,3.12,0.00504,0.01148,0.01117
41.02,29.83,202303,10.41,0.38,81.4,3.56,0.00606,0.01232,0.01275
41.02,29.83,202304,15.39,0.45,77.59,3.15,0.00895,0.01175,0.01128
41.02,29.83,202305,18.83,0.48,75.98,1.85,0.01095,0.0115,0.00663
41.02,29.83,202306,23.93,0.57,50.76,3.94,0.01392,0.00768,0.01411
41.02,29.83,202307,25.58,0.63,28.76,2.15,0.01488,0.00435,0.0077
41.02,29.83,202308,21.98,0.61,33.24,0.82,0.01279,0.00503,0.00294
41.02,29.83,202309,17.75,0.6,55.94,0.95,0.01032,0.00847,0.0034
41.02,29.83,202310,11.5,0.52,63.42,2.61,0.00669,0.0096,0.00935
41.02,29.83,202311,6.57,0.42,78.12,6.92,0.00382,0.01183,0.02478
41.02,29.83,202312,4.93,0.38,71.96,2.87,0.00287,0.01089,0.01028
41.04,28.03,202301,5.51,0.38,69.94,0.87,0.00321,0.01059,0.00312
41.04,28.03,202302,8.89,0.45,66.0,1.39,0.00517,0.00999,0.00498
41.04,28.03,202303,11.1,0.41,71.25,2.38,0.00646,0.01079,0.00852
41.04,28.03,202304,15.63,0.45,72.39,3.11,0.00909,0.01096,0.01114
41.04,28.03,202305,18.84,0.48,71.78,1.18,0.01096,0.01087,0.00423
41.04,28.03,202306,24.01,0.58,45.28,0.92,0.01397,0.00686,0.00329
41.04,28.03,202307,26.15,0.65,23.83,0.27,0.01521,0.00361,0.00097
41.04,28.03,202308,21.47,0.59,31.41,0.21,0.01249,0.00476,0.00075
41.04,28.03,202309,16.72,0.56,46.02,0.96,0.00973,0.00697,0.00344
41.04,28.03,202310,11.52,0.52,49.57,0.71,0.0067,0.0075,0.00254
41.04,28.03,202311,6.49,0.41,68.19,6.61,0.00378,0.01032,0.02367
41.04,28.03,202312,4.82,0.38,64.93,2.62,0.0028,0.00983,0.00938
41.04,28.42,202301,5.51,0.38,69.94,0.87,0.00321,0.01059,0.00312
41.04,28.42,202302,8.89,0.45,66.0,1.39,0.00517,0.00999,0.00498
41.04,28.42,202303,11.1,0.41,71.25,2.38,0.00646,0.01079,0.00852
41.04,28.42,202304,15.63,0.45,72.39,3.11,0.00909,0.01096,0.01114
41.04,28.42,202305,18.84,0.48,71.78,1.18,0.01096,0.01087,0.00423
41.04,28.42,202306,24.01,0.58,45.28,0.92,0.01397,0.00686,0.00329
41.04,28.42,202307,26.15,0.65,23.83,0.27,0.01521,0.00361,0.00097
41.04,28.42,202308,21.47,0.59,31.41,0.21,0.01249,0.00476,0.00075
41.04,28.42,202309,16.72,0.56,46.02,0.96,0.00973,0.00697,0.00344
41.04,28.42,202310,11.52,0.52,49.57,0.71,0.0067,0.0075,0.00254
41.04,28.42,202311,6.49,0.41,68.19,6.61,0.00378,0.01032,0.02367
41.04,28.42,202312,4.82,0.38,64.93,2.62,0.0028,0.00983,0.00938
41.04,28.45,202301,5.51,0.38,69.94,0.72,0.00321,0.01059,0.00258
41.04,28.45,202302,8.89,0.45,66.0,1.83,0.00517,0.00999,0.00655
41.04,28.45,202303,11.1,0.41,71.25,2.49,0.00646,0.01079,0.00892
41.04,28.45,202304,15.63,0.45,72.39,3.07,0.00909,0.01096,0.01099
41.04,28.45,202305,18.84,0.48,71.78,1.24,0.01096,0.01087,0.00444
41.04,28.45,202306,24.01,0.58,45.28,0.86,0.01397,0.00686,0.00308
41.04,28.45,202307,26.15,0.65,23.83,0.33,0.01521,0.00361,0.00118
41.04,28.45,202308,21.47,0.59,31.41,0.3,0.01249,0.00476,0.00107
41.04,28.45,202309,16.72,0.56,46.02,0.71,0.00973,0.00697,0.00254
41.04,28.45,202310,11.52,0.52,49.57,1.15,0.0067,0.0075,0.00412
41.04,28.45,202311,6.49,0.41,68.19,6.37,0.00378,0.01032,0.02281
41.04,28.45,202312,4.82,0.38,64.93,2.3,0.0028,0.00983,0.00824
41.04,28.48,202301,5.51,0.38,69.94,0.72,0.00321,0.01059,0.00258
41.04,28.48,202302,8.89,0.45,66.0,1.83,0.00517,0.00999,0.00655
41.04,28.48,202303,11.1,0.41,71.25,2.49,0.00646,0.01079,0.00892
41.04,28.48,202304,15.63,0.45,72.39,3.07,0.00909,0.01096,0.01099
41.04,28.48,202305,18.84,0.48,71.78,1.24,0.01096,0.01087,0.00444
41.04,28.48,202306,24.01,0.58,45.28,0.86,0.01397,0.00686,0.00308
41.04,28.48,202307,26.15,0.65,23.83,0.33,0.01521,0.00361,0.00118
41.04,28.48,202308,21.47,0.59,31.41,0.3,0.01249,0.00476,0.00107
41.04,28.48,202309,16.72,0.56,46.02,0.71,0.00973,0.00697,0.00254
41.04,28.48,202310,11.52,0.52,49.57,1.15,0.0067,0.0075,0.00412
41.04,28.48,202311,6.49,0.41,68.19,6.37,0.00378,0.01032,0.02281
41.04,28.48,202312,4.82,0.38,64.93,2.3,0.0028,0.00983,0.00824
41.04,28.51,202301,5.51,0.38,69.94,0.72,0.00321,0.01059,0.00258
41.04,28.51,202302,8.89,0.45,66.0,1.83,0.00517,0.00999,0.00655
41.04,28.51,202303,11.1,0.41,71.25,2.49,0.00646,0.01079,0.00892
41.04,28.51,202304,15.63,0.45,72.39,3.07,0.00909,0.01096,0.01099
41.04,28.51,202305,18.84,0.48,71.78,1.24,0.01096,0.01087,0.00444
41.04,28.51,202306,24.01,0.58,45.28,0.86,0.01397,0.00686,0.00308
41.04,28.51,202307,26.15,0.65,23.83,0.33,0.01521,0.00361,0.00118
41.04,28.51,202308,21.47,0.59,31.41,0.3,0.01249,0.00476,0.00107
41.04,28.51,202309,16.72,0.56,46.02,0.71,0.00973,0.00697,0.00254
41.04,28.51,202310,11.52,0.52,49.57,1.15,0.0067,0.0075,0.00412
41.04,28.51,202311,6.49,0.41,68.19,6.37,0.00378,0.01032,0.02281
41.04,28.51,202312,4.82,0.38,64.93,2.3,0.0028,0.00983,0.00824
41.04,28.54,202301,5.51,0.38,69.94,0.72,0.00321,0.01059,0.00258
41.04,28.54,202302,8.89,0.45,66.0,1.83,0.00517,0.00999,0.00655
41.04,28.54,202303,11.1,0.41,71.25,2.49,0.00646,0.01079,0.00892
41.04,28.54,202304,15.63,0.45,72.39,3.07,0.00909,0.01096,0.01099
41.04,28.54,202305,18.84,0.48,71.78,1.24,0.01096,0.01087,0.00444
41.04,28.54,202306,24.01,0.58,45.28,0.86,0.01397,0.00686,0.00308
41.04,28.54,202307,26.15,0.65,23.83,0.33,0.01521,0.00361,0.00118
41.04,28.54,202308,21.47,0.59,31.41,0.3,0.01249,0.00476,0.00107
41.04,28.54,202309,16.72,0.56,46.02,0.71,0.00973,0.00697,0.00254
41.04,28.54,202310,11.52,0.52,49.57,1.15,0.0067,0.0075,0.00412
41.04,28.54,202311,6.49,0.41,68.19,6.37,0.00378,0.01032,0.02281
41.04,28.54,202312,4.82,0.38,64.93,2.3,0.0028,0.00983,0.00824
41.04,28.6,202301,5.51,0.38,69.94,0.72,0.00321,0.01059,0.00258
41.04,28.6,202302,8.89,0.45,66.0,1.83,0.00517,0.00999,0.00655
41.04,28.6,202303,11.1,0.41,71.25,2.49,0.00646,0.01079,0.00892
41.04,28.6,202304,15.63,0.45,72.39,3.07,0.00909,0.01096,0.01099
41.04,28.6,202305,18.84,0.48,71.78,1.24,0.01096,0.01087,0.00444
41.04,28.6,202306,24.01,0.58,45.28,0.86,0.01397,0.00686,0.00308
41.04,28.6,202307,26.15,0.65,23.83,0.33,0.01521,0.00361,0.00118
41.04,28.6,202308,21.47,0.59,31.41,0.3,0.01249,0.00476,0.00107
41.04,28.6,202309,16.72,0.56,46.02,0.71,0.00973,0.00697,0.00254
41.04,28.6,202310,11.52,0.52,49.57,1.15,0.0067,0.0075,0.00412
41.04,28.6,202311,6.49,0.41,68.19,6.37,0.00378,0.01032,0.02281
41.04,28.6,202312,4.82,0.38,64.93,2.3,0.0028,0.00983,0.00824
41.04,28.63,202301,5.51,0.38,69.94,0.72,0.00321,0.01059,0.00258
41.04,28.63,202302,8.89,0.45,66.0,1.83,0.00517,0.00999,0.00655
41.04,28.63,202303,11.1,0.41,71.25,2.49,0.00646,0.01079,0.00892
41.04,28.63,202304,15.63,0.45,72.39,3.07,0.00909,0.01096,0.01099
41.04,28.63,202305,18.84,0.48,71.78,1.24,0.01096,0.01087,0.00444
41.04,28.63,202306,24.01,0.58,45.28,0.86,0.01397,0.00686,0.00308
41.04,28.63,202307,26.15,0.65,23.83,0.33,0.01521,0.00361,0.00118
41.04,28.63,202308,21.47,0.59,31.41,0.3,0.01249,0.00476,0.00107
41.04,28.63,202309,16.72,0.56,46.02,0.71,0.00973,0.00697,0.00254
41.04,28.63,202310,11.52,0.52,49.57,1.15,0.0067,0.0075,0.00412
41.04,28.63,202311,6.49,0.41,68.19,6.37,0.00378,0.01032,0.02281
41.04,28.63,202312,4.82,0.38,64.93,2.3,0.0028,0.00983,0.00824
41.04,28.66,202301,5.51,0.38,69.94,0.72,0.00321,0.01059,0.00258
41.04,28.66,202302,8.89,0.45,66.0,1.83,0.00517,0.00999,0.00655
41.04,28.66,202303,11.1,0.41,71.25,2.49,0.00646,0.01079,0.00892
41.04,28.66,202304,15.63,0.45,72.39,3.07,0.00909,0.01096,0.01099
41.04,28.66,202305,18.84,0.48,71.78,1.24,0.01096,0.01087,0.00444
41.04,28.66,202306,24.01,0.58,45.28,0.86,0.01397,0.00686,0.00308
41.04,28.66,202307,26.15,0.65,23.83,0.33,0.01521,0.00361,0.00118
41.04,28.66,202308,21.47,0.59,31.41,0.3,0.01249,0.00476,0.00107
41.04,28.66,202309,16.72,0.56,46.02,0.71,0.00973,0.00697,0.00254
41.04,28.66,202310,11.52,0.52,49.57,1.15,0.0067,0.0075,0.00412
41.04,28.66,202311,6.49,0.41,68.19,6.37,0.00378,0.01032,0.02281
41.04,28.66,202312,4.82,0.38,64.93,2.3,0.0028,0.00983,0.00824
41.04,28.69,202301,5.51,0.38,69.94,0.72,0.00321,0.01059,0.00258
41.04,28.69,202302,8.89,0.45,66.0,1.83,0.00517,0.00999,0.00655
41.04,28.69,202303,11.1,0.41,71.25,2.49,0.00646,0.01079,0.00892
41.04,28.69,202304,15.63,0.45,72.39,3.07,0.00909,0.01096,0.01099
41.04,28.69,202305,18.84,0.48,71.78,1.24,0.01096,0.01087,0.00444
41.04,28.69,202306,24.01,0.58,45.28,0.86,0.01397,0.00686,0.00308
41.04,28.69,202307,26.15,0.65,23.83,0.33,0.01521,0.00361,0.00118
41.04,28.69,202308,21.47,0.59,31.41,0.3,0.01249,0.00476,0.00107
41.04,28.69,202309,16.72,0.56,46.02,0.71,0.00973,0.00697,0.00254
41.04,28.69,202310,11.52,0.52,49.57,1.15,0.0067,0.0075,0.00412
41.04,28.69,202311,6.49,0.41,68.19,6.37,0.00378,0.01032,0.02281
41.04,28.69,202312,4.82,0.38,64.93,2.3,0.0028,0.00983,0.00824
41.04,28.72,202301,5.51,0.38,69.94,0.72,0.00321,0.01059,0.00258
41.04,28.72,202302,8.89,0.45,66.0,1.83,0.00517,0.00999,0.00655
41.04,28.72,202303,11.1,0.41,71.25,2.49,0.00646,0.01079,0.00892
41.04,28.72,202304,15.63,0.45,72.39,3.07,0.00909,0.01096,0.01099
41.04,28.72,202305,18.84,0.48,71.78,1.24,0.01096,0.01087,0.00444
41.04,28.72,202306,24.01,0.58,45.28,0.86,0.01397,0.00686,0.00308
41.04,28.72,202307,26.15,0.65,23.83,0.33,0.01521,0.00361,0.00118
41.04,28.72,202308,21.47,0.59,31.41,0.3,0.01249,0.00476,0.00107
41.04,28.72,202309,16.72,0.56,46.02,0.71,0.00973,0.00697,0.00254
41.04,28.72,202310,11.52,0.52,49.57,1.15,0.0067,0.0075,0.00412
41.04,28.72,202311,6.49,0.41,68.19,6.37,0.00378,0.01032,0.02281
41.04,28.72,202312,4.82,0.38,64.93,2.3,0.0028,0.00983,0.00824
41.04,28.75,202301,5.51,0.38,69.94,0.72,0.00321,0.01059,0.00258
41.04,28.75,202302,8.89,0.45,66.0,1.83,0.00517,0.00999,0.00655
41.04,28.75,202303,11.1,0.41,71.25,2.49,0.00646,0.01079,0.00892
41.04,28.75,202304,15.63,0.45,72.39,3.07,0.00909,0.01096,0.01099
41.04,28.75,202305,18.84,0.48,71.78,1.24,0.01096,0.01087,0.00444
41.04,28.75,202306,24.01,0.58,45.28,0.86,0.01397,0.00686,0.00308
41.04,28.75,202307,26.15,0.65,23.83,0.33,0.01521,0.00361,0.00118
41.04,28.75,202308,21.47,0.59,31.41,0.3,0.01249,0.00476,0.00107
41.04,28.75,202309,16.72,0.56,46.02,0.71,0.00973,0.00697,0.00254
41.04,28.75,202310,11.52,0.52,49.57,1.15,0.0067,0.0075,0.00412
41.04,28.75,202311,6.49,0.41,68.19,6.37,0.00378,0.01032,0.02281
41.04,28.75,202312,4.82,0.38,64.93,2.3,0.0028,0.00983,0.00824
41.04,28.78,202301,5.51,0.38,69.94,0.72,0.00321,0.01059,0.00258
41.04,28.78,202302,8.89,0.45,66.0,1.83,0.00517,0.00999,0.00655
41.04,28.78,202303,11.1,0.41,71.25,2.49,0.00646,0.01079,0.00892
41.04,28.78,202304,15.63,0.45,72.39,3.07,0.00909,0.01096,0.01099
41.04,28.78,202305,18.84,0.48,71.78,1.24,0.01096,0.01087,0.00444
41.04,28.78,202306,24.01,0.58,45.28,0.86,0.01397,0.00686,0.00308
41.04,28.78,202307,26.15,0.65,23.83,0.33,0.01521,0.00361,0.00118
41.04,28.78,202308,21.47,0.59,31.41,0.3,0.01249,0.00476,0.00107
41.04,28.78,202309,16.72,0.56,46.02,0.71,0.00973,0.00697,0.00254
41.04,28.78,202310,11.52,0.52,49.57,1.15,0.0067,0.0075,0.00412
41.04,28.78,202311,6.49,0.41,68.19,6.37,0.00378,0.01032,0.02281
41.04,28.78,202312,4.82,0.38,64.93,2.3,0.0028,0.00983,0.00824
41.04,28.81,202301,5.51,0.38,69.94,0.72,0.00321,0.01059,0.00258
41.04,28.81,202302,8.89,0.45,66.0,1.83,0.00517,0.00999,0.00655
41.04,28.81,202303,11.1,0.41,71.25,2.49,0.00646,0.01079,0.00892
41.04,28.81,202304,15.63,0.45,72.39,3.07,0.00909,0.01096,0.01099
41.04,28.81,202305,18.84,0.48,71.78,1.24,0.01096,0.01087,0.00444
41.04,28.81,202306,24.01,0.58,45.28,0.86,0.01397,0.00686,0.00308
41.04,28.81,202307,26.15,0.65,23.83,0.33,0.01521,0.00361,0.00118
41.04,28.81,202308,21.47,0.59,31.41,0.3,0.01249,0.00476,0.00107
41.04,28.81,202309,16.72,0.56,46.02,0.71,0.00973,0.00697,0.00254
41.04,28.81,202310,11.52,0.52,49.57,1.15,0.0067,0.0075,0.00412
41.04,28.81,202311,6.49,0.41,68.19,6.37,0.00378,0.01032,0.02281
41.04,28.81,202312,4.82,0.38,64.93,2.3,0.0028,0.00983,0.00824
41.04,28.84,202301,5.51,0.38,69.94,0.72,0.00321,0.01059,0.00258
41.04,28.84,202302,8.89,0.45,66.0,1.83,0.00517,0.00999,0.00655
41.04,28.84,202303,11.1,0.41,71.25,2.49,0.00646,0.01079,0.00892
41.04,28.84,202304,15.63,0.45,72.39,3.07,0.00909,0.01096,0.01099
41.04,28.84,202305,18.84,0.48,71.78,1.24,0.01096,0.01087,0.00444
41.04,28.84,202306,24.01,0.58,45.28,0.86,0.01397,0.00686,0.00308
41.04,28.84,202307,26.15,0.65,23.83,0.33,0.01521,0.00361,0.00118
41.04,28.84,202308,21.47,0.59,31.41,0.3,0.01249,0.00476,0.00107
41.04,28.84,202309,16.72,0.56,46.02,0.71,0.00973,0.00697,0.00254
41.04,28.84,202310,11.52,0.52,49.57,1.15,0.0067,0.0075,0.00412
41.04,28.84,202311,6.49,0.41,68.19,6.37,0.00378,0.01032,0.02281
41.04,28.84,202312,4.82,0.38,64.93,2.3,0.0028,0.00983,0.00824
41.04,28.87,202301,5.51,0.38,69.94,0.72,0.00321,0.01059,0.00258
41.04,28.87,202302,8.89,0.45,66.0,1.83,0.00517,0.00999,0.00655
41.04,28.87,202303,11.1,0.41,71.25,2.49,0.00646,0.01079,0.00892
41.04,28.87,202304,15.63,0.45,72.39,3.07,0.00909,0.01096,0.01099
41.04,28.87,202305,18.84,0.48,71.78,1.24,0.01096,0.01087,0.00444
41.04,28.87,202306,24.01,0.58,45.28,0.86,0.01397,0.00686,0.00308
41.04,28.87,202307,26.15,0.65,23.83,0.33,0.01521,0.00361,0.00118
41.04,28.87,202308,21.47,0.59,31.41,0.3,0.01249,0.00476,0.00107
41.04,28.87,202309,16.72,0.56,46.02,0.71,0.00973,0.00697,0.00254
41.04,28.87,202310,11.52,0.52,49.57,1.15,0.0067,0.0075,0.00412
41.04,28.87,202311,6.49,0.41,68.19,6.37,0.00378,0.01032,0.02281
41.04,28.87,202312,4.82,0.38,64.93,2.3,0.0028,0.00983,0.00824
41.04,28.9,202301,5.51,0.38,69.94,0.72,0.00321,0.01059,0.00258
41.04,28.9,202302,8.89,0.45,66.0,1.83,0.00517,0.00999,0.00655
41.04,28.9,202303,11.1,0.41,71.25,2.49,0.00646,0.01079,0.00892
41.04,28.9,202304,15.63,0.45,72.39,3.07,0.00909,0.01096,0.01099
41.04,28.9,202305,18.84,0.48,71.78,1.24,0.01096,0.01087,0.00444
41.04,28.9,202306,24.01,0.58,45.28,0.86,0.01397,0.00686,0.00308
41.04,28.9,202307,26.15,0.65,23.83,0.33,0.01521,0.00361,0.00118
41.04,28.9,202308,21.47,0.59,31.41,0.3,0.01249,0.00476,0.00107
41.04,28.9,202309,16.72,0.56,46.02,0.71,0.00973,0.00697,0.00254
41.04,28.9,202310,11.52,0.52,49.57,1.15,0.0067,0.0075,0.00412
41.04,28.9,202311,6.49,0.41,68.19,6.37,0.00378,0.01032,0.02281
41.04,28.9,202312,4.82,0.38,64.93,2.3,0.0028,0.00983,0.00824
41.04,28.93,202301,5.51,0.38,69.94,0.72,0.00321,0.01059,0.00258
41.04,28.93,202302,8.89,0.45,66.0,1.83,0.00517,0.00999,0.00655
41.04,28.93,202303,11.1,0.41,71.25,2.49,0.00646,0.01079,0.00892
41.04,28.93,202304,15.63,0.45,72.39,3.07,0.00909,0.01096,0.01099
41.04,28.93,202305,18.84,0.48,71.78,1.24,0.01096,0.01087,0.00444
41.04,28.93,202306,24.01,0.58,45.28,0.86,0.01397,0.00686,0.00308
41.04,28.93,202307,26.15,0.65,23.83,0.33,0.01521,0.00361,0.00118
41.04,28.93,202308,21.47,0.59,31.41,0.3,0.01249,0.00476,0.00107
41.04,28.93,202309,16.72,0.56,46.02,0.71,0.00973,0.00697,0.00254
41.04,28.93,202310,11.52,0.52,49.57,1.15,0.0067,0.0075,0.00412
41.04,28.93,202311,6.49,0.41,68.19,6.37,0.00378,0.01032,0.02281
41.04,28.93,202312,4.82,0.38,64.93,2.3,0.0028,0.00983,0.00824
41.04,28.96,202301,5.51,0.38,69.94,0.72,0.00321,0.01059,0.00258
41.04,28.96,202302,8.89,0.45,66.0,1.83,0.00517,0.00999,0.00655
41.04,28.96,202303,11.1,0.41,71.25,2.49,0.00646,0.01079,0.00892
41.04,28.96,202304,15.63,0.45,72.39,3.07,0.00909,0.01096,0.01099
41.04,28.96,202305,18.84,0.48,71.78,1.24,0.01096,0.01087,0.00444
41.04,28.96,202306,24.01,0.58,45.28,0.86,0.01397,0.00686,0.00308
41.04,28.96,202307,26.15,0.65,23.83,0.33,0.01521,0.00361,0.00118
41.04,28.96,202308,21.47,0.59,31.41,0.3,0.01249,0.00476,0.00107
41.04,28.96,202309,16.72,0.56,46.02,0.71,0.00973,0.00697,0.00254
41.04,28.96,202310,11.52,0.52,49.57,1.15,0.0067,0.0075,0.00412
41.04,28.96,202311,6.49,0.41,68.19,6.37,0.00378,0.01032,0.02281
41.04,28.96,202312,4.82,0.38,64.93,2.3,0.0028,0.00983,0.00824
41.04,28.99,202301,5.51,0.38,69.94,0.72,0.00321,0.01059,0.00258
41.04,28.99,202302,8.89,0.45,66.0,1.83,0.00517,0.00999,0.00655
41.04,28.99,202303,11.1,0.41,71.25,2.49,0.00646,0.01079,0.00892
41.04,28.99,202304,15.63,0.45,72.39,3.07,0.00909,0.01096,0.01099
41.04,28.99,202305,18.84,0.48,71.78,1.24,0.01096,0.01087,0.00444
41.04,28.99,202306,24.01,0.58,45.28,0.86,0.01397,0.00686,0.00308
41.04,28.99,202307,26.15,0.65,23.83,0.33,0.01521,0.00361,0.00118
41.04,28.99,202308,21.47,0.59,31.41,0.3,0.01249,0.00476,0.00107
41.04,28.99,202309,16.72,0.56,46.02,0.71,0.00973,0.00697,0.00254
41.04,28.99,202310,11.52,0.52,49.57,1.15,0.0067,0.0075,0.00412
41.04,28.99,202311,6.49,0.41,68.19,6.37,0.00378,0.01032,0.02281
41.04,28.99,202312,4.82,0.38,64.93,2.3,0.0028,0.00983,0.00824
41.04,29.05,202301,5.47,0.38,77.44,0.72,0.00318,0.01172,0.00258
41.04,29.05,202302,8.67,0.44,75.84,1.83,0.00504,0.01148,0.00655
41.04,29.05,202303,10.41,0.38,81.4,2.49,0.00606,0.01232,0.00892
41.04,29.05,202304,15.39,0.45,77.59,3.07,0.00895,0.01175,0.01099
41.04,29.05,202305,18.83,0.48,75.98,1.24,0.01095,0.0115,0.00444
41.04,29.05,202306,23.93,0.57,50.76,0.86,0.01392,0.00768,0.00308
41.04,29.05,202307,25.58,0.63,28.76,0.33,0.01488,0.00435,0.00118
41.04,29.05,202308,21.98,0.61,33.24,0.3,0.01279,0.00503,0.00107
41.04,29.05,202309,17.75,0.6,55.94,0.71,0.01032,0.00847,0.00254
41.04,29.05,202310,11.5,0.52,63.42,1.15,0.00669,0.0096,0.00412
41.04,29.05,202311,6.57,0.42,78.12,6.37,0.00382,0.01183,0.02281
41.04,29.05,202312,4.93,0.38,71.96,2.3,0.00287,0.01089,0.00824
41.04,29.08,202301,5.47,0.38,77.44,0.72,0.00318,0.01172,0.00258
41.04,29.08,202302,8.67,0.44,75.84,2.53,0.00504,0.01148,0.00906
41.04,29.08,202303,10.41,0.38,81.4,2.88,0.00606,0.01232,0.01031
41.04,29.08,202304,15.39,0.45,77.59,3.03,0.00895,0.01175,0.01085
41.04,29.08,202305,18.83,0.48,75.98,1.35,0.01095,0.0115,0.00483
41.04,29.08,202306,23.93,0.57,50.76,1.56,0.01392,0.00768,0.00559
41.04,29.08,202307,25.58,0.63,28.76,0.79,0.01488,0.00435,0.00283
41.04,29.08,202308,21.98,0.61,33.24,0.51,0.01279,0.00503,0.00183
41.04,29.08,202309,17.75,0.6,55.94,0.89,0.01032,0.00847,0.00319
41.04,29.08,202310,11.5,0.52,63.42,1.83,0.00669,0.0096,0.00655
41.04,29.08,202311,6.57,0.42,78.12,6.97,0.00382,0.01183,0.02496
41.04,29.08,202312,4.93,0.38,71.96,2.45,0.00287,0.01089,0.00877
41.04,29.11,202301,5.47,0.38,77.44,0.72,0.00318,0.01172,0.00258
41.04,29.11,202302,8.67,0.44,75.84,2.53,0.00504,0.01148,0.00906
41.04,29.11,202303,10.41,0.38,81.4,2.88,0.00606,0.01232,0.01031
41.04,29.11,202304,15.39,0.45,77.59,3.03,0.00895,0.01175,0.01085
41.04,29.11,202305,18.83,0.48,75.98,1.35,0.01095,0.0115,0.00483
41.04,29.11,202306,23.93,0.57,50.76,1.56,0.01392,0.00768,0.00559
41.04,29.11,202307,25.58,0.63,28.76,0.79,0.01488,0.00435,0.00283
41.04,29.11,202308,21.98,0.61,33.24,0.51,0.01279,0.00503,0.00183
41.04,29.11,202309,17.75,0.6,55.94,0.89,0.01032,0.00847,0.00319
41.04,29.11,202310,11.5,0.52,63.42,1.83,0.00669,0.0096,0.00655
41.04,29.11,202311,6.57,0.42,78.12,6.97,0.00382,0.01183,0.02496
41.04,29.11,202312,4.93,0.38,71.96,2.45,0.00287,0.01089,0.00877
41.04,29.14,202301,5.47,0.38,77.44,0.72,0.00318,0.01172,0.00258
41.04,29.14,202302,8.67,0.44,75.84,2.53,0.00504,0.01148,0.00906
41.04,29.14,202303,10.41,0.38,81.4,2.88,0.00606,0.01232,0.01031
41.04,29.14,202304,15.39,0.45,77.59,3.03,0.00895,0.01175,0.01085
41.04,29.14,202305,18.83,0.48,75.98,1.35,0.01095,0.0115,0.00483
41.04,29.14,202306,23.93,0.57,50.76,1.56,0.01392,0.00768,0.00559
41.04,29.14,202307,25.58,0.63,28.76,0.79,0.01488,0.00435,0.00283
41.04,29.14,202308,21.98,0.61,33.24,0.51,0.01279,0.00503,0.00183
41.04,29.14,202309,17.75,0.6,55.94,0.89,0.01032,0.00847,0.00319
41.04,29.14,202310,11.5,0.52,63.42,1.83,0.00669,0.0096,0.00655
41.04,29.14,202311,6.57,0.42,78.12,6.97,0.00382,0.01183,0.02496
41.04,29.14,202312,4.93,0.38,71.96,2.45,0.00287,0.01089,0.00877
41.04,29.17,202301,5.47,0.38,77.44,0.72,0.00318,0.01172,0.00258
41.04,29.17,202302,8.67,0.44,75.84,2.53,0.00504,0.01148,0.00906
41.04,29.17,202303,10.41,0.38,81.4,2.88,0.00606,0.01232,0.01031
41.04,29.17,202304,15.39,0.45,77.59,3.03,0.00895,0.01175,0.01085
41.04,29.17,202305,18.83,0.48,75.98,1.35,0.01095,0.0115,0.00483
41.04,29.17,202306,23.93,0.57,50.76,1.56,0.01392,0.00768,0.00559
41.04,29.17,202307,25.58,0.63,28.76,0.79,0.01488,0.00435,0.00283
41.04,29.17,202308,21.98,0.61,33.24,0.51,0.01279,0.00503,0.00183
41.04,29.17,202309,17.75,0.6,55.94,0.89,0.01032,0.00847,0.00319
41.04,29.17,202310,11.5,0.52,63.42,1.83,0.00669,0.0096,0.00655
41.04,29.17,202311,6.57,0.42,78.12,6.97,0.00382,0.01183,0.02496
41.04,29.17,202312,4.93,0.38,71.96,2.45,0.00287,0.01089,0.00877
41.04,29.2,202301,5.47,0.38,77.44,0.72,0.00318,0.01172,0.00258
41.04,29.2,202302,8.67,0.44,75.84,2.53,0.00504,0.01148,0.00906
41.04,29.2,202303,10.41,0.38,81.4,2.88,0.00606,0.01232,0.01031
41.04,29.2,202304,15.39,0.45,77.59,3.03,0.00895,0.01175,0.01085
41.04,29.2,202305,18.83,0.48,75.98,1.35,0.01095,0.0115,0.00483
41.04,29.2,202306,23.93,0.57,50.76,1.56,0.01392,0.00768,0.00559
41.04,29.2,202307,25.58,0.63,28.76,0.79,0.01488,0.00435,0.00283
41.04,29.2,202308,21.98,0.61,33.24,0.51,0.01279,0.00503,0.00183
41.04,29.2,202309,17.75,0.6,55.94,0.89,0.01032,0.00847,0.00319
41.04,29.2,202310,11.5,0.52,63.42,1.83,0.00669,0.0096,0.00655
41.04,29.2,202311,6.57,0.42,78.12,6.97,0.00382,0.01183,0.02496
41.04,29.2,202312,4.93,0.38,71.96,2.45,0.00287,0.01089,0.00877
41.04,29.23,202301,5.47,0.38,77.44,0.72,0.00318,0.01172,0.00258
41.04,29.23,202302,8.67,0.44,75.84,2.53,0.00504,0.01148,0.00906
41.04,29.23,202303,10.41,0.38,81.4,2.88,0.00606,0.01232,0.01031
41.04,29.23,202304,15.39,0.45,77.59,3.03,0.00895,0.01175,0.01085
41.04,29.23,202305,18.83,0.48,75.98,1.35,0.01095,0.0115,0.00483
41.04,29.23,202306,23.93,0.57,50.76,1.56,0.01392,0.00768,0.00559
41.04,29.23,202307,25.58,0.63,28.76,0.79,0.01488,0.00435,0.00283
41.04,29.23,202308,21.98,0.61,33.24,0.51,0.01279,0.00503,0.00183
41.04,29.23,202309,17.75,0.6,55.94,0.89,0.01032,0.00847,0.00319
41.04,29.23,202310,11.5,0.52,63.42,1.83,0.00669,0.0096,0.00655
41.04,29.23,202311,6.57,0.42,78.12,6.97,0.00382,0.01183,0.02496
41.04,29.23,202312,4.93,0.38,71.96,2.45,0.00287,0.01089,0.00877
41.04,29.26,202301,5.47,0.38,77.44,0.72,0.00318,0.01172,0.00258
41.04,29.26,202302,8.67,0.44,75.84,2.53,0.00504,0.01148,0.00906
41.04,29.26,202303,10.41,0.38,81.4,2.88,0.00606,0.01232,0.01031
41.04,29.26,202304,15.39,0.45,77.59,3.03,0.00895,0.01175,0.01085
41.04,29.26,202305,18.83,0.48,75.98,1.35,0.01095,0.0115,0.00483
41.04,29.26,202306,23.93,0.57,50.76,1.56,0.01392,0.00768,0.00559
41.04,29.26,202307,25.58,0.63,28.76,0.79,0.01488,0.00435,0.00283
41.04,29.26,202308,21.98,0.61,33.24,0.51,0.01279,0.00503,0.00183
41.04,29.26,202309,17.75,0.6,55.94,0.89,0.01032,0.00847,0.00319
41.04,29.26,202310,11.5,0.52,63.42,1.83,0.00669,0.0096,0.00655
41.04,29.26,202311,6.57,0.42,78.12,6.97,0.00382,0.01183,0.02496
41.04,29.26,202312,4.93,0.38,71.96,2.45,0.00287,0.01089,0.00877
41.04,29.29,202301,5.47,0.38,77.44,0.72,0.00318,0.01172,0.00258
41.04,29.29,202302,8.67,0.44,75.84,2.53,0.00504,0.01148,0.00906
41.04,29.29,202303,10.41,0.38,81.4,2.88,0.00606,0.01232,0.01031
41.04,29.29,202304,15.39,0.45,77.59,3.03,0.00895,0.01175,0.01085
41.04,29.29,202305,18.83,0.48,75.98,1.35,0.01095,0.0115,0.00483
41.04,29.29,202306,23.93,0.57,50.76,1.56,0.01392,0.00768,0.00559
41.04,29.29,202307,25.58,0.63,28.76,0.79,0.01488,0.00435,0.00283
41.04,29.29,202308,21.98,0.61,33.24,0.51,0.01279,0.00503,0.00183
41.04,29.29,202309,17.75,0.6,55.94,0.89,0.01032,0.00847,0.00319
41.04,29.29,202310,11.5,0.52,63.42,1.83,0.00669,0.0096,0.00655
41.04,29.29,202311,6.57,0.42,78.12,6.97,0.00382,0.01183,0.02496
41.04,29.29,202312,4.93,0.38,71.96,2.45,0.00287,0.01089,0.00877
41.04,29.32,202301,5.47,0.38,77.44,0.72,0.00318,0.01172,0.00258
41.04,29.32,202302,8.67,0.44,75.84,2.53,0.00504,0.01148,0.00906
41.04,29.32,202303,10.41,0.38,81.4,2.88,0.00606,0.01232,0.01031
41.04,29.32,202304,15.39,0.45,77.59,3.03,0.00895,0.01175,0.01085
41.04,29.32,202305,18.83,0.48,75.98,1.35,0.01095,0.0115,0.00483
41.04,29.32,202306,23.93,0.57,50.76,1.56,0.01392,0.00768,0.00559
41.04,29.32,202307,25.58,0.63,28.76,0.79,0.01488,0.00435,0.00283
41.04,29.32,202308,21.98,0.61,33.24,0.51,0.01279,0.00503,0.00183
41.04,29.32,202309,17.75,0.6,55.94,0.89,0.01032,0.00847,0.00319
41.04,29.32,202310,11.5,0.52,63.42,1.83,0.00669,0.0096,0.00655
41.04,29.32,202311,6.57,0.42,78.12,6.97,0.00382,0.01183,0.02496
41.04,29.32,202312,4.93,0.38,71.96,2.45,0.00287,0.01089,0.00877
41.04,29.35,202301,5.47,0.38,77.44,0.72,0.00318,0.01172,0.00258
41.04,29.35,202302,8.67,0.44,75.84,2.53,0.00504,0.01148,0.00906
41.04,29.35,202303,10.41,0.38,81.4,2.88,0.00606,0.01232,0.01031
41.04,29.35,202304,15.39,0.45,77.59,3.03,0.00895,0.01175,0.01085
41.04,29.35,202305,18.83,0.48,75.98,1.35,0.01095,0.0115,0.00483
41.04,29.35,202306,23.93,0.57,50.76,1.56,0.01392,0.00768,0.00559
41.04,29.35,202307,25.58,0.63,28.76,0.79,0.01488,0.00435,0.00283
41.04,29.35,202308,21.98,0.61,33.24,0.51,0.01279,0.00503,0.00183
41.04,29.35,202309,17.75,0.6,55.94,0.89,0.01032,0.00847,0.00319
41.04,29.35,202310,11.5,0.52,63.42,1.83,0.00669,0.0096,0.00655
41.04,29.35,202311,6.57,0.42,78.12,6.97,0.00382,0.01183,0.02496
41.04,29.35,202312,4.93,0.38,71.96,2.45,0.00287,0.01089,0.00877
41.04,29.38,202301,5.47,0.38,77.44,0.72,0.00318,0.01172,0.00258
41.04,29.38,202302,8.67,0.44,75.84,2.53,0.00504,0.01148,0.00906
41.04,29.38,202303,10.41,0.38,81.4,2.88,0.00606,0.01232,0.01031
41.04,29.38,202304,15.39,0.45,77.59,3.03,0.00895,0.01175,0.01085
41.04,29.38,202305,18.83,0.48,75.98,1.35,0.01095,0.0115,0.00483
41.04,29.38,202306,23.93,0.57,50.76,1.56,0.01392,0.00768,0.00559
41.04,29.38,202307,25.58,0.63,28.76,0.79,0.01488,0.00435,0.00283
41.04,29.38,202308,21.98,0.61,33.24,0.51,0.01279,0.00503,0.00183
41.04,29.38,202309,17.75,0.6,55.94,0.89,0.01032,0.00847,0.00319
41.04,29.38,202310,11.5,0.52,63.42,1.83,0.00669,0.0096,0.00655
41.04,29.38,202311,6.57,0.42,78.12,6.97,0.00382,0.01183,0.02496
41.04,29.38,202312,4.93,0.38,71.96,2.45,0.00287,0.01089,0.00877
41.04,29.41,202301,5.47,0.38,77.44,0.72,0.00318,0.01172,0.00258
41.04,29.41,202302,8.67,0.44,75.84,2.53,0.00504,0.01148,0.00906
41.04,29.41,202303,10.41,0.38,81.4,2.88,0.00606,0.01232,0.01031
41.04,29.41,202304,15.39,0.45,77.59,3.03,0.00895,0.01175,0.01085
41.04,29.41,202305,18.83,0.48,75.98,1.35,0.01095,0.0115,0.00483
41.04,29.41,202306,23.93,0.57,50.76,1.56,0.01392,0.00768,0.00559
41.04,29.41,202307,25.58,0.63,28.76,0.79,0.01488,0.00435,0.00283
41.04,29.41,202308,21.98,0.61,33.24,0.51,0.01279,0.00503,0.00183
41.04,29.41,202309,17.75,0.6,55.94,0.89,0.01032,0.00847,0.00319
41.04,29.41,202310,11.5,0.52,63.42,1.83,0.00669,0.0096,0.00655
41.04,29.41,202311,6.57,0.42,78.12,6.97,0.00382,0.01183,0.02496
41.04,29.41,202312,4.93,0.38,71.96,2.45,0.00287,0.01089,0.00877
41.04,29.44,202301,5.47,0.38,77.44,0.72,0.00318,0.01172,0.00258
41.04,29.44,202302,8.67,0.44,75.84,2.53,0.00504,0.01148,0.00906
41.04,29.44,202303,10.41,0.38,81.4,2.88,0.00606,0.01232,0.01031
41.04,29.44,202304,15.39,0.45,77.59,3.03,0.00895,0.01175,0.01085
41.04,29.44,202305,18.83,0.48,75.98,1.35,0.01095,0.0115,0.00483
41.04,29.44,202306,23.93,0.57,50.76,1.56,0.01392,0.00768,0.00559
41.04,29.44,202307,25.58,0.63,28.76,0.79,0.01488,0.00435,0.00283
41.04,29.44,202308,21.98,0.61,33.24,0.51,0.01279,0.00503,0.00183
41.04,29.44,202309,17.75,0.6,55.94,0.89,0.01032,0.00847,0.00319
41.04,29.44,202310,11.5,0.52,63.42,1.83,0.00669,0.0096,0.00655
41.04,29.44,202311,6.57,0.42,78.12,6.97,0.00382,0.01183,0.02496
41.04,29.44,202312,4.93,0.38,71.96,2.45,0.00287,0.01089,0.00877
41.04,29.47,202301,5.47,0.38,77.44,0.72,0.00318,0.01172,0.00258
41.04,29.47,202302,8.67,0.44,75.84,2.53,0.00504,0.01148,0.00906
41.04,29.47,202303,10.41,0.38,81.4,2.88,0.00606,0.01232,0.01031
41.04,29.47,202304,15.39,0.45,77.59,3.03,0.00895,0.01175,0.01085
41.04,29.47,202305,18.83,0.48,75.98,1.35,0.01095,0.0115,0.00483
41.04,29.47,202306,23.93,0.57,50.76,1.56,0.01392,0.00768,0.00559
41.04,29.47,202307,25.58,0.63,28.76,0.79,0.01488,0.00435,0.00283
41.04,29.47,202308,21.98,0.61,33.24,0.51,0.01279,0.00503,0.00183
41.04,29.47,202309,17.75,0.6,55.94,0.89,0.01032,0.00847,0.00319
41.04,29.47,202310,11.5,0.52,63.42,1.83,0.00669,0.0096,0.00655
41.04,29.47,202311,6.57,0.42,78.12,6.97,0.00382,0.01183,0.02496
41.04,29.47,202312,4.93,0.38,71.96,2.45,0.00287,0.01089,0.00877
41.04,29.5,202301,5.47,0.38,77.44,0.72,0.00318,0.01172,0.00258
41.04,29.5,202302,8.67,0.44,75.84,2.53,0.00504,0.01148,0.00906
41.04,29.5,202303,10.41,0.38,81.4,2.88,0.00606,0.01232,0.01031
41.04,29.5,202304,15.39,0.45,77.59,3.03,0.00895,0.01175,0.01085
41.04,29.5,202305,18.83,0.48,75.98,1.35,0.01095,0.0115,0.00483
41.04,29.5,202306,23.93,0.57,50.76,1.56,0.01392,0.00768,0.00559
41.04,29.5,202307,25.58,0.63,28.76,0.79,0.01488,0.00435,0.00283
41.04,29.5,202308,21.98,0.61,33.24,0.51,0.01279,0.00503,0.00183
41.04,29.5,202309,17.75,0.6,55.94,0.89,0.01032,0.00847,0.00319
41.04,29.5,202310,11.5,0.52,63.42,1.83,0.00669,0.0096,0.00655
41.04,29.5,202311,6.57,0.42,78.12,6.97,0.00382,0.01183,0.02496
41.04,29.5,202312,4.93,0.38,71.96,2.45,0.00287,0.01089,0.00877
41.04,29.53,202301,5.47,0.38,77.44,0.72,0.00318,0.01172,0.00258
41.04,29.53,202302,8.67,0.44,75.84,2.53,0.00504,0.01148,0.00906
41.04,29.53,202303,10.41,0.38,81.4,2.88,0.00606,0.01232,0.01031
41.04,29.53,202304,15.39,0.45,77.59,3.03,0.00895,0.01175,0.01085
41.04,29.53,202305,18.83,0.48,75.98,1.35,0.01095,0.0115,0.00483
41.04,29.53,202306,23.93,0.57,50.76,1.56,0.01392,0.00768,0.00559
41.04,29.53,202307,25.58,0.63,28.76,0.79,0.01488,0.00435,0.00283
41.04,29.53,202308,21.98,0.61,33.24,0.51,0.01279,0.00503,0.00183
41.04,29.53,202309,17.75,0.6,55.94,0.89,0.01032,0.00847,0.00319
41.04,29.53,202310,11.5,0.52,63.42,1.83,0.00669,0.0096,0.00655
41.04,29.53,202311,6.57,0.42,78.12,6.97,0.00382,0.01183,0.02496
41.04,29.53,202312,4.93,0.38,71.96,2.45,0.00287,0.01089,0.00877
41.04,29.56,202301,5.47,0.38,77.44,0.72,0.00318,0.01172,0.00258
41.04,29.56,202302,8.67,0.44,75.84,2.53,0.00504,0.01148,0.00906
41.04,29.56,202303,10.41,0.38,81.4,2.88,0.00606,0.01232,0.01031
41.04,29.56,202304,15.39,0.45,77.59,3.03,0.00895,0.01175,0.01085
41.04,29.56,202305,18.83,0.48,75.98,1.35,0.01095,0.0115,0.00483
41.04,29.56,202306,23.93,0.57,50.76,1.56,0.01392,0.00768,0.00559
41.04,29.56,202307,25.58,0.63,28.76,0.79,0.01488,0.00435,0.00283
41.04,29.56,202308,21.98,0.61,33.24,0.51,0.01279,0.00503,0.00183
41.04,29.56,202309,17.75,0.6,55.94,0.89,0.01032,0.00847,0.00319
41.04,29.56,202310,11.5,0.52,63.42,1.83,0.00669,0.0096,0.00655
41.04,29.56,202311,6.57,0.42,78.12,6.97,0.00382,0.01183,0.02496
41.04,29.56,202312,4.93,0.38,71.96,2.45,0.00287,0.01089,0.00877
41.04,29.59,202301,5.47,0.38,77.44,0.72,0.00318,0.01172,0.00258
41.04,29.59,202302,8.67,0.44,75.84,2.53,0.00504,0.01148,0.00906
41.04,29.59,202303,10.41,0.38,81.4,2.88,0.00606,0.01232,0.01031
41.04,29.59,202304,15.39,0.45,77.59,3.03,0.00895,0.01175,0.01085
41.04,29.59,202305,18.83,0.48,75.98,1.35,0.01095,0.0115,0.00483
41.04,29.59,202306,23.93,0.57,50.76,1.56,0.01392,0.00768,0.00559
41.04,29.59,202307,25.58,0.63,28.76,0.79,0.01488,0.00435,0.00283
41.04,29.59,202308,21.98,0.61,33.24,0.51,0.01279,0.00503,0.00183
41.04,29.59,202309,17.75,0.6,55.94,0.89,0.01032,0.00847,0.00319
41.04,29.59,202310,11.5,0.52,63.42,1.83,0.00669,0.0096,0.00655
41.04,29.59,202311,6.57,0.42,78.12,6.97,0.00382,0.01183,0.02496
41.04,29.59,202312,4.93,0.38,71.96,2.45,0.00287,0.01089,0.00877
41.04,29.62,202301,5.47,0.38,77.44,0.72,0.00318,0.01172,0.00258
41.04,29.62,202302,8.67,0.44,75.84,2.53,0.00504,0.01148,0.00906
41.04,29.62,202303,10.41,0.38,81.4,2.88,0.00606,0.01232,0.01031
41.04,29.62,202304,15.39,0.45,77.59,3.03,0.00895,0.01175,0.01085
41.04,29.62,202305,18.83,0.48,75.98,1.35,0.01095,0.0115,0.00483
41.04,29.62,202306,23.93,0.57,50.76,1.56,0.01392,0.00768,0.00559
41.04,29.62,202307,25.58,0.63,28.76,0.79,0.01488,0.00435,0.00283
41.04,29.62,202308,21.98,0.61,33.24,0.51,0.01279,0.00503,0.00183
41.04,29.62,202309,17.75,0.6,55.94,0.89,0.01032,0.00847,0.00319
41.04,29.62,202310,11.5,0.52,63.42,1.83,0.00669,0.0096,0.00655
41.04,29.62,202311,6.57,0.42,78.12,6.97,0.00382,0.01183,0.02496
41.04,29.62,202312,4.93,0.38,71.96,2.45,0.00287,0.01089,0.00877
41.04,29.65,202301,5.47,0.38,77.44,0.72,0.00318,0.01172,0.00258
41.04,29.65,202302,8.67,0.44,75.84,2.53,0.00504,0.01148,0.00906
41.04,29.65,202303,10.41,0.38,81.4,2.88,0.00606,0.01232,0.01031
41.04,29.65,202304,15.39,0.45,77.59,3.03,0.00895,0.01175,0.01085
41.04,29.65,202305,18.83,0.48,75.98,1.35,0.01095,0.0115,0.00483
41.04,29.65,202306,23.93,0.57,50.76,1.56,0.01392,0.00768,0.00559
41.04,29.65,202307,25.58,0.63,28.76,0.79,0.01488,0.00435,0.00283
41.04,29.65,202308,21.98,0.61,33.24,0.51,0.01279,0.00503,0.00183
41.04,29.65,202309,17.75,0.6,55.94,0.89,0.01032,0.00847,0.00319
41.04,29.65,202310,11.5,0.52,63.42,1.83,0.00669,0.0096,0.00655
41.04,29.65,202311,6.57,0.42,78.12,6.97,0.00382,0.01183,0.02496
41.04,29.65,202312,4.93,0.38,71.96,2.45,0.00287,0.01089,0.00877
41.04,29.68,202301,5.47,0.38,77.44,0.72,0.00318,0.01172,0.00258
41.04,29.68,202302,8.67,0.44,75.84,2.53,0.00504,0.01148,0.00906
41.04,29.68,202303,10.41,0.38,81.4,2.88,0.00606,0.01232,0.01031
41.04,29.68,202304,15.39,0.45,77.59,3.03,0.00895,0.01175,0.01085
41.04,29.68,202305,18.83,0.48,75.98,1.35,0.01095,0.0115,0.00483
41.04,29.68,202306,23.93,0.57,50.76,1.56,0.01392,0.00768,0.00559
41.04,29.68,202307,25.58,0.63,28.76,0.79,0.01488,0.00435,0.00283
41.04,29.68,202308,21.98,0.61,33.24,0.51,0.01279,0.00503,0.00183
41.04,29.68,202309,17.75,0.6,55.94,0.89,0.01032,0.00847,0.00319
41.04,29.68,202310,11.5,0.52,63.42,1.83,0.00669,0.0096,0.00655
41.04,29.68,202311,6.57,0.42,78.12,6.97,0.00382,0.01183,0.02496
41.04,29.68,202312,4.93,0.38,71.96,2.45,0.00287,0.01089,0.00877
41.04,29.71,202301,5.47,0.38,77.44,0.81,0.00318,0.01172,0.0029
41.04,29.71,202302,8.67,0.44,75.84,3.12,0.00504,0.01148,0.01117
41.04,29.71,202303,10.41,0.38,81.4,3.56,0.00606,0.01232,0.01275
41.04,29.71,202304,15.39,0.45,77.59,3.15,0.00895,0.01175,0.01128
41.04,29.71,202305,18.83,0.48,75.98,1.85,0.01095,0.0115,0.00663
41.04,29.71,202306,23.93,0.57,50.76,3.94,0.01392,0.00768,0.01411
41.04,29.71,202307,25.58,0.63,28.76,2.15,0.01488,0.00435,0.0077
41.04,29.71,202308,21.98,0.61,33.24,0.82,0.01279,0.00503,0.00294
41.04,29.71,202309,17.75,0.6,55.94,0.95,0.01032,0.00847,0.0034
41.04,29.71,202310,11.5,0.52,63.42,2.61,0.00669,0.0096,0.00935
41.04,29.71,202311,6.57,0.42,78.12,6.92,0.00382,0.01183,0.02478
41.04,29.71,202312,4.93,0.38,71.96,2.87,0.00287,0.01089,0.01028
41.04,29.74,202301,5.47,0.38,77.44,0.81,0.00318,0.01172,0.0029
41.04,29.74,202302,8.67,0.44,75.84,3.12,0.00504,0.01148,0.01117
41.04,29.74,202303,10.41,0.38,81.4,3.56,0.00606,0.01232,0.01275
41.04,29.74,202304,15.39,0.45,77.59,3.15,0.00895,0.01175,0.01128
41.04,29.74,202305,18.83,0.48,75.98,1.85,0.01095,0.0115,0.00663
41.04,29.74,202306,23.93,0.57,50.76,3.94,0.01392,0.00768,0.01411
41.04,29.74,202307,25.58,0.63,28.76,2.15,0.01488,0.00435,0.0077
41.04,29.74,202308,21.98,0.61,33.24,0.82,0.01279,0.00503,0.00294
41.04,29.74,202309,17.75,0.6,55.94,0.95,0.01032,0.00847,0.0034
41.04,29.74,202310,11.5,0.52,63.42,2.61,0.00669,0.0096,0.00935
41.04,29.74,202311,6.57,0.42,78.12,6.92,0.00382,0.01183,0.02478
41.04,29.74,202312,4.93,0.38,71.96,2.87,0.00287,0.01089,0.01028
41.04,29.77,202301,5.47,0.38,77.44,0.81,0.00318,0.01172,0.0029
41.04,29.77,202302,8.67,0.44,75.84,3.12,0.00504,0.01148,0.01117
41.04,29.77,202303,10.41,0.38,81.4,3.56,0.00606,0.01232,0.01275
41.04,29.77,202304,15.39,0.45,77.59,3.15,0.00895,0.01175,0.01128
41.04,29.77,202305,18.83,0.48,75.98,1.85,0.01095,0.0115,0.00663
41.04,29.77,202306,23.93,0.57,50.76,3.94,0.01392,0.00768,0.01411
41.04,29.77,202307,25.58,0.63,28.76,2.15,0.01488,0.00435,0.0077
41.04,29.77,202308,21.98,0.61,33.24,0.82,0.01279,0.00503,0.00294
41.04,29.77,202309,17.75,0.6,55.94,0.95,0.01032,0.00847,0.0034
41.04,29.77,202310,11.5,0.52,63.42,2.61,0.00669,0.0096,0.00935
41.04,29.77,202311,6.57,0.42,78.12,6.92,0.00382,0.01183,0.02478
41.04,29.77,202312,4.93,0.38,71.96,2.87,0.00287,0.01089,0.01028
41.04,29.8,202301,5.47,0.38,77.44,0.81,0.00318,0.01172,0.0029
41.04,29.8,202302,8.67,0.44,75.84,3.12,0.00504,0.01148,0.01117
41.04,29.8,202303,10.41,0.38,81.4,3.56,0.00606,0.01232,0.01275
41.04,29.8,202304,15.39,0.45,77.59,3.15,0.00895,0.01175,0.01128
41.04,29.8,202305,18.83,0.48,75.98,1.85,0.01095,0.0115,0.00663
41.04,29.8,202306,23.93,0.57,50.76,3.94,0.01392,0.00768,0.01411
41.04,29.8,202307,25.58,0.63,28.76,2.15,0.01488,0.00435,0.0077
41.04,29.8,202308,21.98,0.61,33.24,0.82,0.01279,0.00503,0.00294
41.04,29.8,202309,17.75,0.6,55.94,0.95,0.01032,0.00847,0.0034
41.04,29.8,202310,11.5,0.52,63.42,2.61,0.00669,0.0096,0.00935
41.04,29.8,202311,6.57,0.42,78.12,6.92,0.00382,0.01183,0.02478
41.04,29.8,202312,4.93,0.38,71.96,2.87,0.00287,0.01089,0.01028
41.04,29.83,202301,5.47,0.38,77.44,0.81,0.00318,0.01172,0.0029
41.04,29.83,202302,8.67,0.44,75.84,3.12,0.00504,0.01148,0.01117
41.04,29.83,202303,10.41,0.38,81.4,3.56,0.00606,0.01232,0.01275
41.04,29.83,202304,15.39,0.45,77.59,3.15,0.00895,0.01175,0.01128
41.04,29.83,202305,18.83,0.48,75.98,1.85,0.01095,0.0115,0.00663
41.04,29.83,202306,23.93,0.57,50.76,3.94,0.01392,0.00768,0.01411
41.04,29.83,202307,25.58,0.63,28.76,2.15,0.01488,0.00435,0.0077
41.04,29.83,202308,21.98,0.61,33.24,0.82,0.01279,0.00503,0.00294
41.04,29.83,202309,17.75,0.6,55.94,0.95,0.01032,0.00847,0.0034
41.04,29.83,202310,11.5,0.52,63.42,2.61,0.00669,0.0096,0.00935
41.04,29.83,202311,6.57,0.42,78.12,6.92,0.00382,0.01183,0.02478
41.04,29.83,202312,4.93,0.38,71.96,2.87,0.00287,0.01089,0.01028
41.04,29.86,202301,5.47,0.38,77.44,0.81,0.00318,0.01172,0.0029
41.04,29.86,202302,8.67,0.44,75.84,3.12,0.00504,0.01148,0.01117
41.04,29.86,202303,10.41,0.38,81.4,3.56,0.00606,0.01232,0.01275
41.04,29.86,202304,15.39,0.45,77.59,3.15,0.00895,0.01175,0.01128
41.04,29.86,202305,18.83,0.48,75.98,1.85,0.01095,0.0115,0.00663
41.04,29.86,202306,23.93,0.57,50.76,3.94,0.01392,0.00768,0.01411
41.04,29.86,202307,25.58,0.63,28.76,2.15,0.01488,0.00435,0.0077
41.04,29.86,202308,21.98,0.61,33.24,0.82,0.01279,0.00503,0.00294
41.04,29.86,202309,17.75,0.6,55.94,0.95,0.01032,0.00847,0.0034
41.04,29.86,202310,11.5,0.52,63.42,2.61,0.00669,0.0096,0.00935
41.04,29.86,202311,6.57,0.42,78.12,6.92,0.00382,0.01183,0.02478
41.04,29.86,202312,4.93,0.38,71.96,2.87,0.00287,0.01089,0.01028
41.06,28.0,202301,5.51,0.38,69.94,0.87,0.00321,0.01059,0.00312
41.06,28.0,202302,8.89,0.45,66.0,1.39,0.00517,0.00999,0.00498
41.06,28.0,202303,11.1,0.41,71.25,2.38,0.00646,0.01079,0.00852
41.06,28.0,202304,15.63,0.45,72.39,3.11,0.00909,0.01096,0.01114
41.06,28.0,202305,18.84,0.48,71.78,1.18,0.01096,0.01087,0.00423
41.06,28.0,202306,24.01,0.58,45.28,0.92,0.01397,0.00686,0.00329
41.06,28.0,202307,26.15,0.65,23.83,0.27,0.01521,0.00361,0.00097
41.06,28.0,202308,21.47,0.59,31.41,0.21,0.01249,0.00476,0.00075
41.06,28.0,202309,16.72,0.56,46.02,0.96,0.00973,0.00697,0.00344
41.06,28.0,202310,11.52,0.52,49.57,0.71,0.0067,0.0075,0.00254
41.06,28.0,202311,6.49,0.41,68.19,6.61,0.00378,0.01032,0.02367
41.06,28.0,202312,4.82,0.38,64.93,2.62,0.0028,0.00983,0.00938
41.06,28.03,202301,5.51,0.38,69.94,0.87,0.00321,0.01059,0.00312
41.06,28.03,202302,8.89,0.45,66.0,1.39,0.00517,0.00999,0.00498
41.06,28.03,202303,11.1,0.41,71.25,2.38,0.00646,0.01079,0.00852
41.06,28.03,202304,15.63,0.45,72.39,3.11,0.00909,0.01096,0.01114
41.06,28.03,202305,18.84,0.48,71.78,1.18,0.01096,0.01087,0.00423
41.06,28.03,202306,24.01,0.58,45.28,0.92,0.01397,0.00686,0.00329
41.06,28.03,202307,26.15,0.65,23.83,0.27,0.01521,0.00361,0.00097
41.06,28.03,202308,21.47,0.59,31.41,0.21,0.01249,0.00476,0.00075
41.06,28.03,202309,16.72,0.56,46.02,0.96,0.00973,0.00697,0.00344
41.06,28.03,202310,11.52,0.52,49.57,0.71,0.0067,0.0075,0.00254
41.06,28.03,202311,6.49,0.41,68.19,6.61,0.00378,0.01032,0.02367
41.06,28.03,202312,4.82,0.38,64.93,2.62,0.0028,0.00983,0.00938
41.06,28.06,202301,5.51,0.38,69.94,0.87,0.00321,0.01059,0.00312
41.06,28.06,202302,8.89,0.45,66.0,1.39,0.00517,0.00999,0.00498
41.06,28.06,202303,11.1,0.41,71.25,2.38,0.00646,0.01079,0.00852
41.06,28.06,202304,15.63,0.45,72.39,3.11,0.00909,0.01096,0.01114
41.06,28.06,202305,18.84,0.48,71.78,1.18,0.01096,0.01087,0.00423
41.06,28.06,202306,24.01,0.58,45.28,0.92,0.01397,0.00686,0.00329
41.06,28.06,202307,26.15,0.65,23.83,0.27,0.01521,0.00361,0.00097
41.06,28.06,202308,21.47,0.59,31.41,0.21,0.01249,0.00476,0.00075
41.06,28.06,202309,16.72,0.56,46.02,0.96,0.00973,0.00697,0.00344
41.06,28.06,202310,11.52,0.52,49.57,0.71,0.0067,0.0075,0.00254
41.06,28.06,202311,6.49,0.41,68.19,6.61,0.00378,0.01032,0.02367
41.06,28.06,202312,4.82,0.38,64.93,2.62,0.0028,0.00983,0.00938
41.06,28.09,202301,5.51,0.38,69.94,0.87,0.00321,0.01059,0.00312
41.06,28.09,202302,8.89,0.45,66.0,1.39,0.00517,0.00999,0.00498
41.06,28.09,202303,11.1,0.41,71.25,2.38,0.00646,0.01079,0.00852
41.06,28.09,202304,15.63,0.45,72.39,3.11,0.00909,0.01096,0.01114
41.06,28.09,202305,18.84,0.48,71.78,1.18,0.01096,0.01087,0.00423
41.06,28.09,202306,24.01,0.58,45.28,0.92,0.01397,0.00686,0.00329
41.06,28.09,202307,26.15,0.65,23.83,0.27,0.01521,0.00361,0.00097
41.06,28.09,202308,21.47,0.59,31.41,0.21,0.01249,0.00476,0.00075
41.06,28.09,202309,16.72,0.56,46.02,0.96,0.00973,0.00697,0.00344
41.06,28.09,202310,11.52,0.52,49.57,0.71,0.0067,0.0075,0.00254
41.06,28.09,202311,6.49,0.41,68.19,6.61,0.00378,0.01032,0.02367
41.06,28.09,202312,4.82,0.38,64.93,2.62,0.0028,0.00983,0.00938
41.06,28.12,202301,5.51,0.38,69.94,0.87,0.00321,0.01059,0.00312
41.06,28.12,202302,8.89,0.45,66.0,1.39,0.00517,0.00999,0.00498
41.06,28.12,202303,11.1,0.41,71.25,2.38,0.00646,0.01079,0.00852
41.06,28.12,202304,15.63,0.45,72.39,3.11,0.00909,0.01096,0.01114
41.06,28.12,202305,18.84,0.48,71.78,1.18,0.01096,0.01087,0.00423
41.06,28.12,202306,24.01,0.58,45.28,0.92,0.01397,0.00686,0.00329
41.06,28.12,202307,26.15,0.65,23.83,0.27,0.01521,0.00361,0.00097
41.06,28.12,202308,21.47,0.59,31.41,0.21,0.01249,0.00476,0.00075
41.06,28.12,202309,16.72,0.56,46.02,0.96,0.00973,0.00697,0.00344
41.06,28.12,202310,11.52,0.52,49.57,0.71,0.0067,0.0075,0.00254
41.06,28.12,202311,6.49,0.41,68.19,6.61,0.00378,0.01032,0.02367
41.06,28.12,202312,4.82,0.38,64.93,2.62,0.0028,0.00983,0.00938
41.06,28.3,202301,5.51,0.38,69.94,0.87,0.00321,0.01059,0.00312
41.06,28.3,202302,8.89,0.45,66.0,1.39,0.00517,0.00999,0.00498
41.06,28.3,202303,11.1,0.41,71.25,2.38,0.00646,0.01079,0.00852
41.06,28.3,202304,15.63,0.45,72.39,3.11,0.00909,0.01096,0.01114
41.06,28.3,202305,18.84,0.48,71.78,1.18,0.01096,0.01087,0.00423
41.06,28.3,202306,24.01,0.58,45.28,0.92,0.01397,0.00686,0.00329
41.06,28.3,202307,26.15,0.65,23.83,0.27,0.01521,0.00361,0.00097
41.06,28.3,202308,21.47,0.59,31.41,0.21,0.01249,0.00476,0.00075
41.06,28.3,202309,16.72,0.56,46.02,0.96,0.00973,0.00697,0.00344
41.06,28.3,202310,11.52,0.52,49.57,0.71,0.0067,0.0075,0.00254
41.06,28.3,202311,6.49,0.41,68.19,6.61,0.00378,0.01032,0.02367
41.06,28.3,202312,4.82,0.38,64.93,2.62,0.0028,0.00983,0.00938
41.06,28.33,202301,5.51,0.38,69.94,0.87,0.00321,0.01059,0.00312
41.06,28.33,202302,8.89,0.45,66.0,1.39,0.00517,0.00999,0.00498
41.06,28.33,202303,11.1,0.41,71.25,2.38,0.00646,0.01079,0.00852
41.06,28.33,202304,15.63,0.45,72.39,3.11,0.00909,0.01096,0.01114
41.06,28.33,202305,18.84,0.48,71.78,1.18,0.01096,0.01087,0.00423
41.06,28.33,202306,24.01,0.58,45.28,0.92,0.01397,0.00686,0.00329
41.06,28.33,202307,26.15,0.65,23.83,0.27,0.01521,0.00361,0.00097
41.06,28.33,202308,21.47,0.59,31.41,0.21,0.01249,0.00476,0.00075
41.06,28.33,202309,16.72,0.56,46.02,0.96,0.00973,0.00697,0.00344
41.06,28.33,202310,11.52,0.52,49.57,0.71,0.0067,0.0075,0.00254
41.06,28.33,202311,6.49,0.41,68.19,6.61,0.00378,0.01032,0.02367
41.06,28.33,202312,4.82,0.38,64.93,2.62,0.0028,0.00983,0.00938
41.06,28.36,202301,5.51,0.38,69.94,0.87,0.00321,0.01059,0.00312
41.06,28.36,202302,8.89,0.45,66.0,1.39,0.00517,0.00999,0.00498
41.06,28.36,202303,11.1,0.41,71.25,2.38,0.00646,0.01079,0.00852
41.06,28.36,202304,15.63,0.45,72.39,3.11,0.00909,0.01096,0.01114
41.06,28.36,202305,18.84,0.48,71.78,1.18,0.01096,0.01087,0.00423
41.06,28.36,202306,24.01,0.58,45.28,0.92,0.01397,0.00686,0.00329
41.06,28.36,202307,26.15,0.65,23.83,0.27,0.01521,0.00361,0.00097
41.06,28.36,202308,21.47,0.59,31.41,0.21,0.01249,0.00476,0.00075
41.06,28.36,202309,16.72,0.56,46.02,0.96,0.00973,0.00697,0.00344
41.06,28.36,202310,11.52,0.52,49.57,0.71,0.0067,0.0075,0.00254
41.06,28.36,202311,6.49,0.41,68.19,6.61,0.00378,0.01032,0.02367
41.06,28.36,202312,4.82,0.38,64.93,2.62,0.0028,0.00983,0.00938
41.06,28.39,202301,5.51,0.38,69.94,0.87,0.00321,0.01059,0.00312
41.06,28.39,202302,8.89,0.45,66.0,1.39,0.00517,0.00999,0.00498
41.06,28.39,202303,11.1,0.41,71.25,2.38,0.00646,0.01079,0.00852
41.06,28.39,202304,15.63,0.45,72.39,3.11,0.00909,0.01096,0.01114
41.06,28.39,202305,18.84,0.48,71.78,1.18,0.01096,0.01087,0.00423
41.06,28.39,202306,24.01,0.58,45.28,0.92,0.01397,0.00686,0.00329
41.06,28.39,202307,26.15,0.65,23.83,0.27,0.01521,0.00361,0.00097
41.06,28.39,202308,21.47,0.59,31.41,0.21,0.01249,0.00476,0.00075
41.06,28.39,202309,16.72,0.56,46.02,0.96,0.00973,0.00697,0.00344
41.06,28.39,202310,11.52,0.52,49.57,0.71,0.0067,0.0075,0.00254
41.06,28.39,202311,6.49,0.41,68.19,6.61,0.00378,0.01032,0.02367
41.06,28.39,202312,4.82,0.38,64.93,2.62,0.0028,0.00983,0.00938
41.06,28.42,202301,5.51,0.38,69.94,0.87,0.00321,0.01059,0.00312
41.06,28.42,202302,8.89,0.45,66.0,1.39,0.00517,0.00999,0.00498
41.06,28.42,202303,11.1,0.41,71.25,2.38,0.00646,0.01079,0.00852
41.06,28.42,202304,15.63,0.45,72.39,3.11,0.00909,0.01096,0.01114
41.06,28.42,202305,18.84,0.48,71.78,1.18,0.01096,0.01087,0.00423
41.06,28.42,202306,24.01,0.58,45.28,0.92,0.01397,0.00686,0.00329
41.06,28.42,202307,26.15,0.65,23.83,0.27,0.01521,0.00361,0.00097
41.06,28.42,202308,21.47,0.59,31.41,0.21,0.01249,0.00476,0.00075
41.06,28.42,202309,16.72,0.56,46.02,0.96,0.00973,0.00697,0.00344
41.06,28.42,202310,11.52,0.52,49.57,0.71,0.0067,0.0075,0.00254
41.06,28.42,202311,6.49,0.41,68.19,6.61,0.00378,0.01032,0.02367
41.06,28.42,202312,4.82,0.38,64.93,2.62,0.0028,0.00983,0.00938
41.06,28.45,202301,5.51,0.38,69.94,0.72,0.00321,0.01059,0.00258
41.06,28.45,202302,8.89,0.45,66.0,1.83,0.00517,0.00999,0.00655
41.06,28.45,202303,11.1,0.41,71.25,2.49,0.00646,0.01079,0.00892
41.06,28.45,202304,15.63,0.45,72.39,3.07,0.00909,0.01096,0.01099
41.06,28.45,202305,18.84,0.48,71.78,1.24,0.01096,0.01087,0.00444
41.06,28.45,202306,24.01,0.58,45.28,0.86,0.01397,0.00686,0.00308
41.06,28.45,202307,26.15,0.65,23.83,0.33,0.01521,0.00361,0.00118
41.06,28.45,202308,21.47,0.59,31.41,0.3,0.01249,0.00476,0.00107
41.06,28.45,202309,16.72,0.56,46.02,0.71,0.00973,0.00697,0.00254
41.06,28.45,202310,11.52,0.52,49.57,1.15,0.0067,0.0075,0.00412
41.06,28.45,202311,6.49,0.41,68.19,6.37,0.00378,0.01032,0.02281
41.06,28.45,202312,4.82,0.38,64.93,2.3,0.0028,0.00983,0.00824
41.06,28.48,202301,5.51,0.38,69.94,0.72,0.00321,0.01059,0.00258
41.06,28.48,202302,8.89,0.45,66.0,1.83,0.00517,0.00999,0.00655
41.06,28.48,202303,11.1,0.41,71.25,2.49,0.00646,0.01079,0.00892
41.06,28.48,202304,15.63,0.45,72.39,3.07,0.00909,0.01096,0.01099
41.06,28.48,202305,18.84,0.48,71.78,1.24,0.01096,0.01087,0.00444
41.06,28.48,202306,24.01,0.58,45.28,0.86,0.01397,0.00686,0.00308
41.06,28.48,202307,26.15,0.65,23.83,0.33,0.01521,0.00361,0.00118
41.06,28.48,202308,21.47,0.59,31.41,0.3,0.01249,0.00476,0.00107
41.06,28.48,202309,16.72,0.56,46.02,0.71,0.00973,0.00697,0.00254
41.06,28.48,202310,11.52,0.52,49.57,1.15,0.0067,0.0075,0.00412
41.06,28.48,202311,6.49,0.41,68.19,6.37,0.00378,0.01032,0.02281
41.06,28.48,202312,4.82,0.38,64.93,2.3,0.0028,0.00983,0.00824
41.06,28.51,202301,5.51,0.38,69.94,0.72,0.00321,0.01059,0.00258
41.06,28.51,202302,8.89,0.45,66.0,1.83,0.00517,0.00999,0.00655
41.06,28.51,202303,11.1,0.41,71.25,2.49,0.00646,0.01079,0.00892
41.06,28.51,202304,15.63,0.45,72.39,3.07,0.00909,0.01096,0.01099
41.06,28.51,202305,18.84,0.48,71.78,1.24,0.01096,0.01087,0.00444
41.06,28.51,202306,24.01,0.58,45.28,0.86,0.01397,0.00686,0.00308
41.06,28.51,202307,26.15,0.65,23.83,0.33,0.01521,0.00361,0.00118
41.06,28.51,202308,21.47,0.59,31.41,0.3,0.01249,0.00476,0.00107
41.06,28.51,202309,16.72,0.56,46.02,0.71,0.00973,0.00697,0.00254
41.06,28.51,202310,11.52,0.52,49.57,1.15,0.0067,0.0075,0.00412
41.06,28.51,202311,6.49,0.41,68.19,6.37,0.00378,0.01032,0.02281
41.06,28.51,202312,4.82,0.38,64.93,2.3,0.0028,0.00983,0.00824
41.06,28.54,202301,5.51,0.38,69.94,0.72,0.00321,0.01059,0.00258
41.06,28.54,202302,8.89,0.45,66.0,1.83,0.00517,0.00999,0.00655
41.06,28.54,202303,11.1,0.41,71.25,2.49,0.00646,0.01079,0.00892
41.06,28.54,202304,15.63,0.45,72.39,3.07,0.00909,0.01096,0.01099
41.06,28.54,202305,18.84,0.48,71.78,1.24,0.01096,0.01087,0.00444
41.06,28.54,202306,24.01,0.58,45.28,0.86,0.01397,0.00686,0.00308
41.06,28.54,202307,26.15,0.65,23.83,0.33,0.01521,0.00361,0.00118
41.06,28.54,202308,21.47,0.59,31.41,0.3,0.01249,0.00476,0.00107
41.06,28.54,202309,16.72,0.56,46.02,0.71,0.00973,0.00697,0.00254
41.06,28.54,202310,11.52,0.52,49.57,1.15,0.0067,0.0075,0.00412
41.06,28.54,202311,6.49,0.41,68.19,6.37,0.00378,0.01032,0.02281
41.06,28.54,202312,4.82,0.38,64.93,2.3,0.0028,0.00983,0.00824
41.06,28.57,202301,5.51,0.38,69.94,0.72,0.00321,0.01059,0.00258
41.06,28.57,202302,8.89,0.45,66.0,1.83,0.00517,0.00999,0.00655
41.06,28.57,202303,11.1,0.41,71.25,2.49,0.00646,0.01079,0.00892
41.06,28.57,202304,15.63,0.45,72.39,3.07,0.00909,0.01096,0.01099
41.06,28.57,202305,18.84,0.48,71.78,1.24,0.01096,0.01087,0.00444
41.06,28.57,202306,24.01,0.58,45.28,0.86,0.01397,0.00686,0.00308
41.06,28.57,202307,26.15,0.65,23.83,0.33,0.01521,0.00361,0.00118
41.06,28.57,202308,21.47,0.59,31.41,0.3,0.01249,0.00476,0.00107
41.06,28.57,202309,16.72,0.56,46.02,0.71,0.00973,0.00697,0.00254
41.06,28.57,202310,11.52,0.52,49.57,1.15,0.0067,0.0075,0.00412
41.06,28.57,202311,6.49,0.41,68.19,6.37,0.00378,0.01032,0.02281
41.06,28.57,202312,4.82,0.38,64.93,2.3,0.0028,0.00983,0.00824
41.06,28.6,202301,5.51,0.38,69.94,0.72,0.00321,0.01059,0.00258
41.06,28.6,202302,8.89,0.45,66.0,1.83,0.00517,0.00999,0.00655
41.06,28.6,202303,11.1,0.41,71.25,2.49,0.00646,0.01079,0.00892
41.06,28.6,202304,15.63,0.45,72.39,3.07,0.00909,0.01096,0.01099
41.06,28.6,202305,18.84,0.48,71.78,1.24,0.01096,0.01087,0.00444
41.06,28.6,202306,24.01,0.58,45.28,0.86,0.01397,0.00686,0.00308
41.06,28.6,202307,26.15,0.65,23.83,0.33,0.01521,0.00361,0.00118
41.06,28.6,202308,21.47,0.59,31.41,0.3,0.01249,0.00476,0.00107
41.06,28.6,202309,16.72,0.56,46.02,0.71,0.00973,0.00697,0.00254
41.06,28.6,202310,11.52,0.52,49.57,1.15,0.0067,0.0075,0.00412
41.06,28.6,202311,6.49,0.41,68.19,6.37,0.00378,0.01032,0.02281
41.06,28.6,202312,4.82,0.38,64.93,2.3,0.0028,0.00983,0.00824
41.06,28.63,202301,5.51,0.38,69.94,0.72,0.00321,0.01059,0.00258
41.06,28.63,202302,8.89,0.45,66.0,1.83,0.00517,0.00999,0.00655
41.06,28.63,202303,11.1,0.41,71.25,2.49,0.00646,0.01079,0.00892
41.06,28.63,202304,15.63,0.45,72.39,3.07,0.00909,0.01096,0.01099
41.06,28.63,202305,18.84,0.48,71.78,1.24,0.01096,0.01087,0.00444
41.06,28.63,202306,24.01,0.58,45.28,0.86,0.01397,0.00686,0.00308
41.06,28.63,202307,26.15,0.65,23.83,0.33,0.01521,0.00361,0.00118
41.06,28.63,202308,21.47,0.59,31.41,0.3,0.01249,0.00476,0.00107
41.06,28.63,202309,16.72,0.56,46.02,0.71,0.00973,0.00697,0.00254
41.06,28.63,202310,11.52,0.52,49.57,1.15,0.0067,0.0075,0.00412
41.06,28.63,202311,6.49,0.41,68.19,6.37,0.00378,0.01032,0.02281
41.06,28.63,202312,4.82,0.38,64.93,2.3,0.0028,0.00983,0.00824
41.06,28.66,202301,5.51,0.38,69.94,0.72,0.00321,0.01059,0.00258
41.06,28.66,202302,8.89,0.45,66.0,1.83,0.00517,0.00999,0.00655
41.06,28.66,202303,11.1,0.41,71.25,2.49,0.00646,0.01079,0.00892
41.06,28.66,202304,15.63,0.45,72.39,3.07,0.00909,0.01096,0.01099
41.06,28.66,202305,18.84,0.48,71.78,1.24,0.01096,0.01087,0.00444
41.06,28.66,202306,24.01,0.58,45.28,0.86,0.01397,0.00686,0.00308
41.06,28.66,202307,26.15,0.65,23.83,0.33,0.01521,0.00361,0.00118
41.06,28.66,202308,21.47,0.59,31.41,0.3,0.01249,0.00476,0.00107
41.06,28.66,202309,16.72,0.56,46.02,0.71,0.00973,0.00697,0.00254
41.06,28.66,202310,11.52,0.52,49.57,1.15,0.0067,0.0075,0.00412
41.06,28.66,202311,6.49,0.41,68.19,6.37,0.00378,0.01032,0.02281
41.06,28.66,202312,4.82,0.38,64.93,2.3,0.0028,0.00983,0.00824
41.06,28.69,202301,5.51,0.38,69.94,0.72,0.00321,0.01059,0.00258
41.06,28.69,202302,8.89,0.45,66.0,1.83,0.00517,0.00999,0.00655
41.06,28.69,202303,11.1,0.41,71.25,2.49,0.00646,0.01079,0.00892
41.06,28.69,202304,15.63,0.45,72.39,3.07,0.00909,0.01096,0.01099
41.06,28.69,202305,18.84,0.48,71.78,1.24,0.01096,0.01087,0.00444
41.06,28.69,202306,24.01,0.58,45.28,0.86,0.01397,0.00686,0.00308
41.06,28.69,202307,26.15,0.65,23.83,0.33,0.01521,0.00361,0.00118
41.06,28.69,202308,21.47,0.59,31.41,0.3,0.01249,0.00476,0.00107
41.06,28.69,202309,16.72,0.56,46.02,0.71,0.00973,0.00697,0.00254
41.06,28.69,202310,11.52,0.52,49.57,1.15,0.0067,0.0075,0.00412
41.06,28.69,202311,6.49,0.41,68.19,6.37,0.00378,0.01032,0.02281
41.06,28.69,202312,4.82,0.38,64.93,2.3,0.0028,0.00983,0.00824
41.06,28.72,202301,5.51,0.38,69.94,0.72,0.00321,0.01059,0.00258
41.06,28.72,202302,8.89,0.45,66.0,1.83,0.00517,0.00999,0.00655
41.06,28.72,202303,11.1,0.41,71.25,2.49,0.00646,0.01079,0.00892
41.06,28.72,202304,15.63,0.45,72.39,3.07,0.00909,0.01096,0.01099
41.06,28.72,202305,18.84,0.48,71.78,1.24,0.01096,0.01087,0.00444
41.06,28.72,202306,24.01,0.58,45.28,0.86,0.01397,0.00686,0.00308
41.06,28.72,202307,26.15,0.65,23.83,0.33,0.01521,0.00361,0.00118
41.06,28.72,202308,21.47,0.59,31.41,0.3,0.01249,0.00476,0.00107
41.06,28.72,202309,16.72,0.56,46.02,0.71,0.00973,0.00697,0.00254
41.06,28.72,202310,11.52,0.52,49.57,1.15,0.0067,0.0075,0.00412
41.06,28.72,202311,6.49,0.41,68.19,6.37,0.00378,0.01032,0.02281
41.06,28.72,202312,4.82,0.38,64.93,2.3,0.0028,0.00983,0.00824
41.06,28.75,202301,5.51,0.38,69.94,0.72,0.00321,0.01059,0.00258
41.06,28.75,202302,8.89,0.45,66.0,1.83,0.00517,0.00999,0.00655
41.06,28.75,202303,11.1,0.41,71.25,2.49,0.00646,0.01079,0.00892
41.06,28.75,202304,15.63,0.45,72.39,3.07,0.00909,0.01096,0.01099
41.06,28.75,202305,18.84,0.48,71.78,1.24,0.01096,0.01087,0.00444
41.06,28.75,202306,24.01,0.58,45.28,0.86,0.01397,0.00686,0.00308
41.06,28.75,202307,26.15,0.65,23.83,0.33,0.01521,0.00361,0.00118
41.06,28.75,202308,21.47,0.59,31.41,0.3,0.01249,0.00476,0.00107
41.06,28.75,202309,16.72,0.56,46.02,0.71,0.00973,0.00697,0.00254
41.06,28.75,202310,11.52,0.52,49.57,1.15,0.0067,0.0075,0.00412
41.06,28.75,202311,6.49,0.41,68.19,6.37,0.00378,0.01032,0.02281
41.06,28.75,202312,4.82,0.38,64.93,2.3,0.0028,0.00983,0.00824
41.06,28.78,202301,5.51,0.38,69.94,0.72,0.00321,0.01059,0.00258
41.06,28.78,202302,8.89,0.45,66.0,1.83,0.00517,0.00999,0.00655
41.06,28.78,202303,11.1,0.41,71.25,2.49,0.00646,0.01079,0.00892
41.06,28.78,202304,15.63,0.45,72.39,3.07,0.00909,0.01096,0.01099
41.06,28.78,202305,18.84,0.48,71.78,1.24,0.01096,0.01087,0.00444
41.06,28.78,202306,24.01,0.58,45.28,0.86,0.01397,0.00686,0.00308
41.06,28.78,202307,26.15,0.65,23.83,0.33,0.01521,0.00361,0.00118
41.06,28.78,202308,21.47,0.59,31.41,0.3,0.01249,0.00476,0.00107
41.06,28.78,202309,16.72,0.56,46.02,0.71,0.00973,0.00697,0.00254
41.06,28.78,202310,11.52,0.52,49.57,1.15,0.0067,0.0075,0.00412
41.06,28.78,202311,6.49,0.41,68.19,6.37,0.00378,0.01032,0.02281
41.06,28.78,202312,4.82,0.38,64.93,2.3,0.0028,0.00983,0.00824
41.06,28.81,202301,5.51,0.38,69.94,0.72,0.00321,0.01059,0.00258
41.06,28.81,202302,8.89,0.45,66.0,1.83,0.00517,0.00999,0.00655
41.06,28.81,202303,11.1,0.41,71.25,2.49,0.00646,0.01079,0.00892
41.06,28.81,202304,15.63,0.45,72.39,3.07,0.00909,0.01096,0.01099
41.06,28.81,202305,18.84,0.48,71.78,1.24,0.01096,0.01087,0.00444
41.06,28.81,202306,24.01,0.58,45.28,0.86,0.01397,0.00686,0.00308
41.06,28.81,202307,26.15,0.65,23.83,0.33,0.01521,0.00361,0.00118
41.06,28.81,202308,21.47,0.59,31.41,0.3,0.01249,0.00476,0.00107
41.06,28.81,202309,16.72,0.56,46.02,0.71,0.00973,0.00697,0.00254
41.06,28.81,202310,11.52,0.52,49.57,1.15,0.0067,0.0075,0.00412
41.06,28.81,202311,6.49,0.41,68.19,6.37,0.00378,0.01032,0.02281
41.06,28.81,202312,4.82,0.38,64.93,2.3,0.0028,0.00983,0.00824
41.06,28.84,202301,5.51,0.38,69.94,0.72,0.00321,0.01059,0.00258
41.06,28.84,202302,8.89,0.45,66.0,1.83,0.00517,0.00999,0.00655
41.06,28.84,202303,11.1,0.41,71.25,2.49,0.00646,0.01079,0.00892
41.06,28.84,202304,15.63,0.45,72.39,3.07,0.00909,0.01096,0.01099
41.06,28.84,202305,18.84,0.48,71.78,1.24,0.01096,0.01087,0.00444
41.06,28.84,202306,24.01,0.58,45.28,0.86,0.01397,0.00686,0.00308
41.06,28.84,202307,26.15,0.65,23.83,0.33,0.01521,0.00361,0.00118
41.06,28.84,202308,21.47,0.59,31.41,0.3,0.01249,0.00476,0.00107
41.06,28.84,202309,16.72,0.56,46.02,0.71,0.00973,0.00697,0.00254
41.06,28.84,202310,11.52,0.52,49.57,1.15,0.0067,0.0075,0.00412
41.06,28.84,202311,6.49,0.41,68.19,6.37,0.00378,0.01032,0.02281
41.06,28.84,202312,4.82,0.38,64.93,2.3,0.0028,0.00983,0.00824
41.06,28.87,202301,5.51,0.38,69.94,0.72,0.00321,0.01059,0.00258
41.06,28.87,202302,8.89,0.45,66.0,1.83,0.00517,0.00999,0.00655
41.06,28.87,202303,11.1,0.41,71.25,2.49,0.00646,0.01079,0.00892
41.06,28.87,202304,15.63,0.45,72.39,3.07,0.00909,0.01096,0.01099
41.06,28.87,202305,18.84,0.48,71.78,1.24,0.01096,0.01087,0.00444
41.06,28.87,202306,24.01,0.58,45.28,0.86,0.01397,0.00686,0.00308
41.06,28.87,202307,26.15,0.65,23.83,0.33,0.01521,0.00361,0.00118
41.06,28.87,202308,21.47,0.59,31.41,0.3,0.01249,0.00476,0.00107
41.06,28.87,202309,16.72,0.56,46.02,0.71,0.00973,0.00697,0.00254
41.06,28.87,202310,11.52,0.52,49.57,1.15,0.0067,0.0075,0.00412
41.06,28.87,202311,6.49,0.41,68.19,6.37,0.00378,0.01032,0.02281
41.06,28.87,202312,4.82,0.38,64.93,2.3,0.0028,0.00983,0.00824
41.06,28.9,202301,5.51,0.38,69.94,0.72,0.00321,0.01059,0.00258
41.06,28.9,202302,8.89,0.45,66.0,1.83,0.00517,0.00999,0.00655
41.06,28.9,202303,11.1,0.41,71.25,2.49,0.00646,0.01079,0.00892
41.06,28.9,202304,15.63,0.45,72.39,3.07,0.00909,0.01096,0.01099
41.06,28.9,202305,18.84,0.48,71.78,1.24,0.01096,0.01087,0.00444
41.06,28.9,202306,24.01,0.58,45.28,0.86,0.01397,0.00686,0.00308
41.06,28.9,202307,26.15,0.65,23.83,0.33,0.01521,0.00361,0.00118
41.06,28.9,202308,21.47,0.59,31.41,0.3,0.01249,0.00476,0.00107
41.06,28.9,202309,16.72,0.56,46.02,0.71,0.00973,0.00697,0.00254
41.06,28.9,202310,11.52,0.52,49.57,1.15,0.0067,0.0075,0.00412
41.06,28.9,202311,6.49,0.41,68.19,6.37,0.00378,0.01032,0.02281
41.06,28.9,202312,4.82,0.38,64.93,2.3,0.0028,0.00983,0.00824
41.06,28.93,202301,5.51,0.38,69.94,0.72,0.00321,0.01059,0.00258
41.06,28.93,202302,8.89,0.45,66.0,1.83,0.00517,0.00999,0.00655
41.06,28.93,202303,11.1,0.41,71.25,2.49,0.00646,0.01079,0.00892
41.06,28.93,202304,15.63,0.45,72.39,3.07,0.00909,0.01096,0.01099
41.06,28.93,202305,18.84,0.48,71.78,1.24,0.01096,0.01087,0.00444
41.06,28.93,202306,24.01,0.58,45.28,0.86,0.01397,0.00686,0.00308
41.06,28.93,202307,26.15,0.65,23.83,0.33,0.01521,0.00361,0.00118
41.06,28.93,202308,21.47,0.59,31.41,0.3,0.01249,0.00476,0.00107
41.06,28.93,202309,16.72,0.56,46.02,0.71,0.00973,0.00697,0.00254
41.06,28.93,202310,11.52,0.52,49.57,1.15,0.0067,0.0075,0.00412
41.06,28.93,202311,6.49,0.41,68.19,6.37,0.00378,0.01032,0.02281
41.06,28.93,202312,4.82,0.38,64.93,2.3,0.0028,0.00983,0.00824
41.06,28.96,202301,5.51,0.38,69.94,0.72,0.00321,0.01059,0.00258
41.06,28.96,202302,8.89,0.45,66.0,1.83,0.00517,0.00999,0.00655
41.06,28.96,202303,11.1,0.41,71.25,2.49,0.00646,0.01079,0.00892
41.06,28.96,202304,15.63,0.45,72.39,3.07,0.00909,0.01096,0.01099
41.06,28.96,202305,18.84,0.48,71.78,1.24,0.01096,0.01087,0.00444
41.06,28.96,202306,24.01,0.58,45.28,0.86,0.01397,0.00686,0.00308
41.06,28.96,202307,26.15,0.65,23.83,0.33,0.01521,0.00361,0.00118
41.06,28.96,202308,21.47,0.59,31.41,0.3,0.01249,0.00476,0.00107
41.06,28.96,202309,16.72,0.56,46.02,0.71,0.00973,0.00697,0.00254
41.06,28.96,202310,11.52,0.52,49.57,1.15,0.0067,0.0075,0.00412
41.06,28.96,202311,6.49,0.41,68.19,6.37,0.00378,0.01032,0.02281
41.06,28.96,202312,4.82,0.38,64.93,2.3,0.0028,0.00983,0.00824
41.06,28.99,202301,5.51,0.38,69.94,0.72,0.00321,0.01059,0.00258
41.06,28.99,202302,8.89,0.45,66.0,1.83,0.00517,0.00999,0.00655
41.06,28.99,202303,11.1,0.41,71.25,2.49,0.00646,0.01079,0.00892
41.06,28.99,202304,15.63,0.45,72.39,3.07,0.00909,0.01096,0.01099
41.06,28.99,202305,18.84,0.48,71.78,1.24,0.01096,0.01087,0.00444
41.06,28.99,202306,24.01,0.58,45.28,0.86,0.01397,0.00686,0.00308
41.06,28.99,202307,26.15,0.65,23.83,0.33,0.01521,0.00361,0.00118
41.06,28.99,202308,21.47,0.59,31.41,0.3,0.01249,0.00476,0.00107
41.06,28.99,202309,16.72,0.56,46.02,0.71,0.00973,0.00697,0.00254
41.06,28.99,202310,11.52,0.52,49.57,1.15,0.0067,0.0075,0.00412
41.06,28.99,202311,6.49,0.41,68.19,6.37,0.00378,0.01032,0.02281
41.06,28.99,202312,4.82,0.38,64.93,2.3,0.0028,0.00983,0.00824
41.06,29.02,202301,5.47,0.38,77.44,0.72,0.00318,0.01172,0.00258
41.06,29.02,202302,8.67,0.44,75.84,1.83,0.00504,0.01148,0.00655
41.06,29.02,202303,10.41,0.38,81.4,2.49,0.00606,0.01232,0.00892
41.06,29.02,202304,15.39,0.45,77.59,3.07,0.00895,0.01175,0.01099
41.06,29.02,202305,18.83,0.48,75.98,1.24,0.01095,0.0115,0.00444
41.06,29.02,202306,23.93,0.57,50.76,0.86,0.01392,0.00768,0.00308
41.06,29.02,202307,25.58,0.63,28.76,0.33,0.01488,0.00435,0.00118
41.06,29.02,202308,21.98,0.61,33.24,0.3,0.01279,0.00503,0.00107
41.06,29.02,202309,17.75,0.6,55.94,0.71,0.01032,0.00847,0.00254
41.06,29.02,202310,11.5,0.52,63.42,1.15,0.00669,0.0096,0.00412
41.06,29.02,202311,6.57,0.42,78.12,6.37,0.00382,0.01183,0.02281
41.06,29.02,202312,4.93,0.38,71.96,2.3,0.00287,0.01089,0.00824
41.06,29.08,202301,5.47,0.38,77.44,0.72,0.00318,0.01172,0.00258
41.06,29.08,202302,8.67,0.44,75.84,2.53,0.00504,0.01148,0.00906
41.06,29.08,202303,10.41,0.38,81.4,2.88,0.00606,0.01232,0.01031
41.06,29.08,202304,15.39,0.45,77.59,3.03,0.00895,0.01175,0.01085
41.06,29.08,202305,18.83,0.48,75.98,1.35,0.01095,0.0115,0.00483
41.06,29.08,202306,23.93,0.57,50.76,1.56,0.01392,0.00768,0.00559
41.06,29.08,202307,25.58,0.63,28.76,0.79,0.01488,0.00435,0.00283
41.06,29.08,202308,21.98,0.61,33.24,0.51,0.01279,0.00503,0.00183
41.06,29.08,202309,17.75,0.6,55.94,0.89,0.01032,0.00847,0.00319
41.06,29.08,202310,11.5,0.52,63.42,1.83,0.00669,0.0096,0.00655
41.06,29.08,202311,6.57,0.42,78.12,6.97,0.00382,0.01183,0.02496
41.06,29.08,202312,4.93,0.38,71.96,2.45,0.00287,0.01089,0.00877
41.06,29.11,202301,5.47,0.38,77.44,0.72,0.00318,0.01172,0.00258
41.06,29.11,202302,8.67,0.44,75.84,2.53,0.00504,0.01148,0.00906
41.06,29.11,202303,10.41,0.38,81.4,2.88,0.00606,0.01232,0.01031
41.06,29.11,202304,15.39,0.45,77.59,3.03,0.00895,0.01175,0.01085
41.06,29.11,202305,18.83,0.48,75.98,1.35,0.01095,0.0115,0.00483
41.06,29.11,202306,23.93,0.57,50.76,1.56,0.01392,0.00768,0.00559
41.06,29.11,202307,25.58,0.63,28.76,0.79,0.01488,0.00435,0.00283
41.06,29.11,202308,21.98,0.61,33.24,0.51,0.01279,0.00503,0.00183
41.06,29.11,202309,17.75,0.6,55.94,0.89,0.01032,0.00847,0.00319
41.06,29.11,202310,11.5,0.52,63.42,1.83,0.00669,0.0096,0.00655
41.06,29.11,202311,6.57,0.42,78.12,6.97,0.00382,0.01183,0.02496
41.06,29.11,202312,4.93,0.38,71.96,2.45,0.00287,0.01089,0.00877
41.06,29.14,202301,5.47,0.38,77.44,0.72,0.00318,0.01172,0.00258
41.06,29.14,202302,8.67,0.44,75.84,2.53,0.00504,0.01148,0.00906
41.06,29.14,202303,10.41,0.38,81.4,2.88,0.00606,0.01232,0.01031
41.06,29.14,202304,15.39,0.45,77.59,3.03,0.00895,0.01175,0.01085
41.06,29.14,202305,18.83,0.48,75.98,1.35,0.01095,0.0115,0.00483
41.06,29.14,202306,23.93,0.57,50.76,1.56,0.01392,0.00768,0.00559
41.06,29.14,202307,25.58,0.63,28.76,0.79,0.01488,0.00435,0.00283
41.06,29.14,202308,21.98,0.61,33.24,0.51,0.01279,0.00503,0.00183
41.06,29.14,202309,17.75,0.6,55.94,0.89,0.01032,0.00847,0.00319
41.06,29.14,202310,11.5,0.52,63.42,1.83,0.00669,0.0096,0.00655
41.06,29.14,202311,6.57,0.42,78.12,6.97,0.00382,0.01183,0.02496
41.06,29.14,202312,4.93,0.38,71.96,2.45,0.00287,0.01089,0.00877
41.06,29.17,202301,5.47,0.38,77.44,0.72,0.00318,0.01172,0.00258
41.06,29.17,202302,8.67,0.44,75.84,2.53,0.00504,0.01148,0.00906
41.06,29.17,202303,10.41,0.38,81.4,2.88,0.00606,0.01232,0.01031
41.06,29.17,202304,15.39,0.45,77.59,3.03,0.00895,0.01175,0.01085
41.06,29.17,202305,18.83,0.48,75.98,1.35,0.01095,0.0115,0.00483
41.06,29.17,202306,23.93,0.57,50.76,1.56,0.01392,0.00768,0.00559
41.06,29.17,202307,25.58,0.63,28.76,0.79,0.01488,0.00435,0.00283
41.06,29.17,202308,21.98,0.61,33.24,0.51,0.01279,0.00503,0.00183
41.06,29.17,202309,17.75,0.6,55.94,0.89,0.01032,0.00847,0.00319
41.06,29.17,202310,11.5,0.52,63.42,1.83,0.00669,0.0096,0.00655
41.06,29.17,202311,6.57,0.42,78.12,6.97,0.00382,0.01183,0.02496
41.06,29.17,202312,4.93,0.38,71.96,2.45,0.00287,0.01089,0.00877
41.06,29.2,202301,5.47,0.38,77.44,0.72,0.00318,0.01172,0.00258
41.06,29.2,202302,8.67,0.44,75.84,2.53,0.00504,0.01148,0.00906
41.06,29.2,202303,10.41,0.38,81.4,2.88,0.00606,0.01232,0.01031
41.06,29.2,202304,15.39,0.45,77.59,3.03,0.00895,0.01175,0.01085
41.06,29.2,202305,18.83,0.48,75.98,1.35,0.01095,0.0115,0.00483
41.06,29.2,202306,23.93,0.57,50.76,1.56,0.01392,0.00768,0.00559
41.06,29.2,202307,25.58,0.63,28.76,0.79,0.01488,0.00435,0.00283
41.06,29.2,202308,21.98,0.61,33.24,0.51,0.01279,0.00503,0.00183
41.06,29.2,202309,17.75,0.6,55.94,0.89,0.01032,0.00847,0.00319
41.06,29.2,202310,11.5,0.52,63.42,1.83,0.00669,0.0096,0.00655
41.06,29.2,202311,6.57,0.42,78.12,6.97,0.00382,0.01183,0.02496
41.06,29.2,202312,4.93,0.38,71.96,2.45,0.00287,0.01089,0.00877
41.06,29.23,202301,5.47,0.38,77.44,0.72,0.00318,0.01172,0.00258
41.06,29.23,202302,8.67,0.44,75.84,2.53,0.00504,0.01148,0.00906
41.06,29.23,202303,10.41,0.38,81.4,2.88,0.00606,0.01232,0.01031
41.06,29.23,202304,15.39,0.45,77.59,3.03,0.00895,0.01175,0.01085
41.06,29.23,202305,18.83,0.48,75.98,1.35,0.01095,0.0115,0.00483
41.06,29.23,202306,23.93,0.57,50.76,1.56,0.01392,0.00768,0.00559
41.06,29.23,202307,25.58,0.63,28.76,0.79,0.01488,0.00435,0.00283
41.06,29.23,202308,21.98,0.61,33.24,0.51,0.01279,0.00503,0.00183
41.06,29.23,202309,17.75,0.6,55.94,0.89,0.01032,0.00847,0.00319
41.06,29.23,202310,11.5,0.52,63.42,1.83,0.00669,0.0096,0.00655
41.06,29.23,202311,6.57,0.42,78.12,6.97,0.00382,0.01183,0.02496
41.06,29.23,202312,4.93,0.38,71.96,2.45,0.00287,0.01089,0.00877
41.06,29.26,202301,5.47,0.38,77.44,0.72,0.00318,0.01172,0.00258
41.06,29.26,202302,8.67,0.44,75.84,2.53,0.00504,0.01148,0.00906
41.06,29.26,202303,10.41,0.38,81.4,2.88,0.00606,0.01232,0.01031
41.06,29.26,202304,15.39,0.45,77.59,3.03,0.00895,0.01175,0.01085
41.06,29.26,202305,18.83,0.48,75.98,1.35,0.01095,0.0115,0.00483
41.06,29.26,202306,23.93,0.57,50.76,1.56,0.01392,0.00768,0.00559
41.06,29.26,202307,25.58,0.63,28.76,0.79,0.01488,0.00435,0.00283
41.06,29.26,202308,21.98,0.61,33.24,0.51,0.01279,0.00503,0.00183
41.06,29.26,202309,17.75,0.6,55.94,0.89,0.01032,0.00847,0.00319
41.06,29.26,202310,11.5,0.52,63.42,1.83,0.00669,0.0096,0.00655
41.06,29.26,202311,6.57,0.42,78.12,6.97,0.00382,0.01183,0.02496
41.06,29.26,202312,4.93,0.38,71.96,2.45,0.00287,0.01089,0.00877
41.06,29.29,202301,5.47,0.38,77.44,0.72,0.00318,0.01172,0.00258
41.06,29.29,202302,8.67,0.44,75.84,2.53,0.00504,0.01148,0.00906
41.06,29.29,202303,10.41,0.38,81.4,2.88,0.00606,0.01232,0.01031
41.06,29.29,202304,15.39,0.45,77.59,3.03,0.00895,0.01175,0.01085
41.06,29.29,202305,18.83,0.48,75.98,1.35,0.01095,0.0115,0.00483
41.06,29.29,202306,23.93,0.57,50.76,1.56,0.01392,0.00768,0.00559
41.06,29.29,202307,25.58,0.63,28.76,0.79,0.01488,0.00435,0.00283
41.06,29.29,202308,21.98,0.61,33.24,0.51,0.01279,0.00503,0.00183
41.06,29.29,202309,17.75,0.6,55.94,0.89,0.01032,0.00847,0.00319
41.06,29.29,202310,11.5,0.52,63.42,1.83,0.00669,0.0096,0.00655
41.06,29.29,202311,6.57,0.42,78.12,6.97,0.00382,0.01183,0.02496
41.06,29.29,202312,4.93,0.38,71.96,2.45,0.00287,0.01089,0.00877
41.06,29.32,202301,5.47,0.38,77.44,0.72,0.00318,0.01172,0.00258
41.06,29.32,202302,8.67,0.44,75.84,2.53,0.00504,0.01148,0.00906
41.06,29.32,202303,10.41,0.38,81.4,2.88,0.00606,0.01232,0.01031
41.06,29.32,202304,15.39,0.45,77.59,3.03,0.00895,0.01175,0.01085
41.06,29.32,202305,18.83,0.48,75.98,1.35,0.01095,0.0115,0.00483
41.06,29.32,202306,23.93,0.57,50.76,1.56,0.01392,0.00768,0.00559
41.06,29.32,202307,25.58,0.63,28.76,0.79,0.01488,0.00435,0.00283
41.06,29.32,202308,21.98,0.61,33.24,0.51,0.01279,0.00503,0.00183
41.06,29.32,202309,17.75,0.6,55.94,0.89,0.01032,0.00847,0.00319
41.06,29.32,202310,11.5,0.52,63.42,1.83,0.00669,0.0096,0.00655
41.06,29.32,202311,6.57,0.42,78.12,6.97,0.00382,0.01183,0.02496
41.06,29.32,202312,4.93,0.38,71.96,2.45,0.00287,0.01089,0.00877
41.06,29.35,202301,5.47,0.38,77.44,0.72,0.00318,0.01172,0.00258
41.06,29.35,202302,8.67,0.44,75.84,2.53,0.00504,0.01148,0.00906
41.06,29.35,202303,10.41,0.38,81.4,2.88,0.00606,0.01232,0.01031
41.06,29.35,202304,15.39,0.45,77.59,3.03,0.00895,0.01175,0.01085
41.06,29.35,202305,18.83,0.48,75.98,1.35,0.01095,0.0115,0.00483
41.06,29.35,202306,23.93,0.57,50.76,1.56,0.01392,0.00768,0.00559
41.06,29.35,202307,25.58,0.63,28.76,0.79,0.01488,0.00435,0.00283
41.06,29.35,202308,21.98,0.61,33.24,0.51,0.01279,0.00503,0.00183
41.06,29.35,202309,17.75,0.6,55.94,0.89,0.01032,0.00847,0.00319
41.06,29.35,202310,11.5,0.52,63.42,1.83,0.00669,0.0096,0.00655
41.06,29.35,202311,6.57,0.42,78.12,6.97,0.00382,0.01183,0.02496
41.06,29.35,202312,4.93,0.38,71.96,2.45,0.00287,0.01089,0.00877
41.06,29.38,202301,5.47,0.38,77.44,0.72,0.00318,0.01172,0.00258
41.06,29.38,202302,8.67,0.44,75.84,2.53,0.00504,0.01148,0.00906
41.06,29.38,202303,10.41,0.38,81.4,2.88,0.00606,0.01232,0.01031
41.06,29.38,202304,15.39,0.45,77.59,3.03,0.00895,0.01175,0.01085
41.06,29.38,202305,18.83,0.48,75.98,1.35,0.01095,0.0115,0.00483
41.06,29.38,202306,23.93,0.57,50.76,1.56,0.01392,0.00768,0.00559
41.06,29.38,202307,25.58,0.63,28.76,0.79,0.01488,0.00435,0.00283
41.06,29.38,202308,21.98,0.61,33.24,0.51,0.01279,0.00503,0.00183
41.06,29.38,202309,17.75,0.6,55.94,0.89,0.01032,0.00847,0.00319
41.06,29.38,202310,11.5,0.52,63.42,1.83,0.00669,0.0096,0.00655
41.06,29.38,202311,6.57,0.42,78.12,6.97,0.00382,0.01183,0.02496
41.06,29.38,202312,4.93,0.38,71.96,2.45,0.00287,0.01089,0.00877
41.06,29.41,202301,5.47,0.38,77.44,0.72,0.00318,0.01172,0.00258
41.06,29.41,202302,8.67,0.44,75.84,2.53,0.00504,0.01148,0.00906
41.06,29.41,202303,10.41,0.38,81.4,2.88,0.00606,0.01232,0.01031
41.06,29.41,202304,15.39,0.45,77.59,3.03,0.00895,0.01175,0.01085
41.06,29.41,202305,18.83,0.48,75.98,1.35,0.01095,0.0115,0.00483
41.06,29.41,202306,23.93,0.57,50.76,1.56,0.01392,0.00768,0.00559
41.06,29.41,202307,25.58,0.63,28.76,0.79,0.01488,0.00435,0.00283
41.06,29.41,202308,21.98,0.61,33.24,0.51,0.01279,0.00503,0.00183
41.06,29.41,202309,17.75,0.6,55.94,0.89,0.01032,0.00847,0.00319
41.06,29.41,202310,11.5,0.52,63.42,1.83,0.00669,0.0096,0.00655
41.06,29.41,202311,6.57,0.42,78.12,6.97,0.00382,0.01183,0.02496
41.06,29.41,202312,4.93,0.38,71.96,2.45,0.00287,0.01089,0.00877
41.06,29.44,202301,5.47,0.38,77.44,0.72,0.00318,0.01172,0.00258
41.06,29.44,202302,8.67,0.44,75.84,2.53,0.00504,0.01148,0.00906
41.06,29.44,202303,10.41,0.38,81.4,2.88,0.00606,0.01232,0.01031
41.06,29.44,202304,15.39,0.45,77.59,3.03,0.00895,0.01175,0.01085
41.06,29.44,202305,18.83,0.48,75.98,1.35,0.01095,0.0115,0.00483
41.06,29.44,202306,23.93,0.57,50.76,1.56,0.01392,0.00768,0.00559
41.06,29.44,202307,25.58,0.63,28.76,0.79,0.01488,0.00435,0.00283
41.06,29.44,202308,21.98,0.61,33.24,0.51,0.01279,0.00503,0.00183
41.06,29.44,202309,17.75,0.6,55.94,0.89,0.01032,0.00847,0.00319
41.06,29.44,202310,11.5,0.52,63.42,1.83,0.00669,0.0096,0.00655
41.06,29.44,202311,6.57,0.42,78.12,6.97,0.00382,0.01183,0.02496
41.06,29.44,202312,4.93,0.38,71.96,2.45,0.00287,0.01089,0.00877
41.06,29.47,202301,5.47,0.38,77.44,0.72,0.00318,0.01172,0.00258
41.06,29.47,202302,8.67,0.44,75.84,2.53,0.00504,0.01148,0.00906
41.06,29.47,202303,10.41,0.38,81.4,2.88,0.00606,0.01232,0.01031
41.06,29.47,202304,15.39,0.45,77.59,3.03,0.00895,0.01175,0.01085
41.06,29.47,202305,18.83,0.48,75.98,1.35,0.01095,0.0115,0.00483
41.06,29.47,202306,23.93,0.57,50.76,1.56,0.01392,0.00768,0.00559
41.06,29.47,202307,25.58,0.63,28.76,0.79,0.01488,0.00435,0.00283
41.06,29.47,202308,21.98,0.61,33.24,0.51,0.01279,0.00503,0.00183
41.06,29.47,202309,17.75,0.6,55.94,0.89,0.01032,0.00847,0.00319
41.06,29.47,202310,11.5,0.52,63.42,1.83,0.00669,0.0096,0.00655
41.06,29.47,202311,6.57,0.42,78.12,6.97,0.00382,0.01183,0.02496
41.06,29.47,202312,4.93,0.38,71.96,2.45,0.00287,0.01089,0.00877
41.06,29.5,202301,5.47,0.38,77.44,0.72,0.00318,0.01172,0.00258
41.06,29.5,202302,8.67,0.44,75.84,2.53,0.00504,0.01148,0.00906
41.06,29.5,202303,10.41,0.38,81.4,2.88,0.00606,0.01232,0.01031
41.06,29.5,202304,15.39,0.45,77.59,3.03,0.00895,0.01175,0.01085
41.06,29.5,202305,18.83,0.48,75.98,1.35,0.01095,0.0115,0.00483
41.06,29.5,202306,23.93,0.57,50.76,1.56,0.01392,0.00768,0.00559
41.06,29.5,202307,25.58,0.63,28.76,0.79,0.01488,0.00435,0.00283
41.06,29.5,202308,21.98,0.61,33.24,0.51,0.01279,0.00503,0.00183
41.06,29.5,202309,17.75,0.6,55.94,0.89,0.01032,0.00847,0.00319
41.06,29.5,202310,11.5,0.52,63.42,1.83,0.00669,0.0096,0.00655
41.06,29.5,202311,6.57,0.42,78.12,6.97,0.00382,0.01183,0.02496
41.06,29.5,202312,4.93,0.38,71.96,2.45,0.00287,0.01089,0.00877
41.06,29.53,202301,5.47,0.38,77.44,0.72,0.00318,0.01172,0.00258
41.06,29.53,202302,8.67,0.44,75.84,2.53,0.00504,0.01148,0.00906
41.06,29.53,202303,10.41,0.38,81.4,2.88,0.00606,0.01232,0.01031
41.06,29.53,202304,15.39,0.45,77.59,3.03,0.00895,0.01175,0.01085
41.06,29.53,202305,18.83,0.48,75.98,1.35,0.01095,0.0115,0.00483
41.06,29.53,202306,23.93,0.57,50.76,1.56,0.01392,0.00768,0.00559
41.06,29.53,202307,25.58,0.63,28.76,0.79,0.01488,0.00435,0.00283
41.06,29.53,202308,21.98,0.61,33.24,0.51,0.01279,0.00503,0.00183
41.06,29.53,202309,17.75,0.6,55.94,0.89,0.01032,0.00847,0.00319
41.06,29.53,202310,11.5,0.52,63.42,1.83,0.00669,0.0096,0.00655
41.06,29.53,202311,6.57,0.42,78.12,6.97,0.00382,0.01183,0.02496
41.06,29.53,202312,4.93,0.38,71.96,2.45,0.00287,0.01089,0.00877
41.06,29.56,202301,5.47,0.38,77.44,0.72,0.00318,0.01172,0.00258
41.06,29.56,202302,8.67,0.44,75.84,2.53,0.00504,0.01148,0.00906
41.06,29.56,202303,10.41,0.38,81.4,2.88,0.00606,0.01232,0.01031
41.06,29.56,202304,15.39,0.45,77.59,3.03,0.00895,0.01175,0.01085
41.06,29.56,202305,18.83,0.48,75.98,1.35,0.01095,0.0115,0.00483
41.06,29.56,202306,23.93,0.57,50.76,1.56,0.01392,0.00768,0.00559
41.06,29.56,202307,25.58,0.63,28.76,0.79,0.01488,0.00435,0.00283
41.06,29.56,202308,21.98,0.61,33.24,0.51,0.01279,0.00503,0.00183
41.06,29.56,202309,17.75,0.6,55.94,0.89,0.01032,0.00847,0.00319
41.06,29.56,202310,11.5,0.52,63.42,1.83,0.00669,0.0096,0.00655
41.06,29.56,202311,6.57,0.42,78.12,6.97,0.00382,0.01183,0.02496
41.06,29.56,202312,4.93,0.38,71.96,2.45,0.00287,0.01089,0.00877
41.06,29.59,202301,5.47,0.38,77.44,0.72,0.00318,0.01172,0.00258
41.06,29.59,202302,8.67,0.44,75.84,2.53,0.00504,0.01148,0.00906
41.06,29.59,202303,10.41,0.38,81.4,2.88,0.00606,0.01232,0.01031
41.06,29.59,202304,15.39,0.45,77.59,3.03,0.00895,0.01175,0.01085
41.06,29.59,202305,18.83,0.48,75.98,1.35,0.01095,0.0115,0.00483
41.06,29.59,202306,23.93,0.57,50.76,1.56,0.01392,0.00768,0.00559
41.06,29.59,202307,25.58,0.63,28.76,0.79,0.01488,0.00435,0.00283
41.06,29.59,202308,21.98,0.61,33.24,0.51,0.01279,0.00503,0.00183
41.06,29.59,202309,17.75,0.6,55.94,0.89,0.01032,0.00847,0.00319
41.06,29.59,202310,11.5,0.52,63.42,1.83,0.00669,0.0096,0.00655
41.06,29.59,202311,6.57,0.42,78.12,6.97,0.00382,0.01183,0.02496
41.06,29.59,202312,4.93,0.38,71.96,2.45,0.00287,0.01089,0.00877
41.06,29.62,202301,5.47,0.38,77.44,0.72,0.00318,0.01172,0.00258
41.06,29.62,202302,8.67,0.44,75.84,2.53,0.00504,0.01148,0.00906
41.06,29.62,202303,10.41,0.38,81.4,2.88,0.00606,0.01232,0.01031
41.06,29.62,202304,15.39,0.45,77.59,3.03,0.00895,0.01175,0.01085
41.06,29.62,202305,18.83,0.48,75.98,1.35,0.01095,0.0115,0.00483
41.06,29.62,202306,23.93,0.57,50.76,1.56,0.01392,0.00768,0.00559
41.06,29.62,202307,25.58,0.63,28.76,0.79,0.01488,0.00435,0.00283
41.06,29.62,202308,21.98,0.61,33.24,0.51,0.01279,0.00503,0.00183
41.06,29.62,202309,17.75,0.6,55.94,0.89,0.01032,0.00847,0.00319
41.06,29.62,202310,11.5,0.52,63.42,1.83,0.00669,0.0096,0.00655
41.06,29.62,202311,6.57,0.42,78.12,6.97,0.00382,0.01183,0.02496
41.06,29.62,202312,4.93,0.38,71.96,2.45,0.00287,0.01089,0.00877
41.06,29.65,202301,5.47,0.38,77.44,0.72,0.00318,0.01172,0.00258
41.06,29.65,202302,8.67,0.44,75.84,2.53,0.00504,0.01148,0.00906
41.06,29.65,202303,10.41,0.38,81.4,2.88,0.00606,0.01232,0.01031
41.06,29.65,202304,15.39,0.45,77.59,3.03,0.00895,0.01175,0.01085
41.06,29.65,202305,18.83,0.48,75.98,1.35,0.01095,0.0115,0.00483
41.06,29.65,202306,23.93,0.57,50.76,1.56,0.01392,0.00768,0.00559
41.06,29.65,202307,25.58,0.63,28.76,0.79,0.01488,0.00435,0.00283
41.06,29.65,202308,21.98,0.61,33.24,0.51,0.01279,0.00503,0.00183
41.06,29.65,202309,17.75,0.6,55.94,0.89,0.01032,0.00847,0.00319
41.06,29.65,202310,11.5,0.52,63.42,1.83,0.00669,0.0096,0.00655
41.06,29.65,202311,6.57,0.42,78.12,6.97,0.00382,0.01183,0.02496
41.06,29.65,202312,4.93,0.38,71.96,2.45,0.00287,0.01089,0.00877
41.06,29.68,202301,5.47,0.38,77.44,0.72,0.00318,0.01172,0.00258
41.06,29.68,202302,8.67,0.44,75.84,2.53,0.00504,0.01148,0.00906
41.06,29.68,202303,10.41,0.38,81.4,2.88,0.00606,0.01232,0.01031
41.06,29.68,202304,15.39,0.45,77.59,3.03,0.00895,0.01175,0.01085
41.06,29.68,202305,18.83,0.48,75.98,1.35,0.01095,0.0115,0.00483
41.06,29.68,202306,23.93,0.57,50.76,1.56,0.01392,0.00768,0.00559
41.06,29.68,202307,25.58,0.63,28.76,0.79,0.01488,0.00435,0.00283
41.06,29.68,202308,21.98,0.61,33.24,0.51,0.01279,0.00503,0.00183
41.06,29.68,202309,17.75,0.6,55.94,0.89,0.01032,0.00847,0.00319
41.06,29.68,202310,11.5,0.52,63.42,1.83,0.00669,0.0096,0.00655
41.06,29.68,202311,6.57,0.42,78.12,6.97,0.00382,0.01183,0.02496
41.06,29.68,202312,4.93,0.38,71.96,2.45,0.00287,0.01089,0.00877
41.06,29.71,202301,5.47,0.38,77.44,0.81,0.00318,0.01172,0.0029
41.06,29.71,202302,8.67,0.44,75.84,3.12,0.00504,0.01148,0.01117
41.06,29.71,202303,10.41,0.38,81.4,3.56,0.00606,0.01232,0.01275
41.06,29.71,202304,15.39,0.45,77.59,3.15,0.00895,0.01175,0.01128
41.06,29.71,202305,18.83,0.48,75.98,1.85,0.01095,0.0115,0.00663
41.06,29.71,202306,23.93,0.57,50.76,3.94,0.01392,0.00768,0.01411
41.06,29.71,202307,25.58,0.63,28.76,2.15,0.01488,0.00435,0.0077
41.06,29.71,202308,21.98,0.61,33.24,0.82,0.01279,0.00503,0.00294
41.06,29.71,202309,17.75,0.6,55.94,0.95,0.01032,0.00847,0.0034
41.06,29.71,202310,11.5,0.52,63.42,2.61,0.00669,0.0096,0.00935
41.06,29.71,202311,6.57,0.42,78.12,6.92,0.00382,0.01183,0.02478
41.06,29.71,202312,4.93,0.38,71.96,2.87,0.00287,0.01089,0.01028
41.06,29.74,202301,5.47,0.38,77.44,0.81,0.00318,0.01172,0.0029
41.06,29.74,202302,8.67,0.44,75.84,3.12,0.00504,0.01148,0.01117
41.06,29.74,202303,10.41,0.38,81.4,3.56,0.00606,0.01232,0.01275
41.06,29.74,202304,15.39,0.45,77.59,3.15,0.00895,0.01175,0.01128
41.06,29.74,202305,18.83,0.48,75.98,1.85,0.01095,0.0115,0.00663
41.06,29.74,202306,23.93,0.57,50.76,3.94,0.01392,0.00768,0.01411
41.06,29.74,202307,25.58,0.63,28.76,2.15,0.01488,0.00435,0.0077
41.06,29.74,202308,21.98,0.61,33.24,0.82,0.01279,0.00503,0.00294
41.06,29.74,202309,17.75,0.6,55.94,0.95,0.01032,0.00847,0.0034
41.06,29.74,202310,11.5,0.52,63.42,2.61,0.00669,0.0096,0.00935
41.06,29.74,202311,6.57,0.42,78.12,6.92,0.00382,0.01183,0.02478
41.06,29.74,202312,4.93,0.38,71.96,2.87,0.00287,0.01089,0.01028
41.06,29.77,202301,5.47,0.38,77.44,0.81,0.00318,0.01172,0.0029
41.06,29.77,202302,8.67,0.44,75.84,3.12,0.00504,0.01148,0.01117
41.06,29.77,202303,10.41,0.38,81.4,3.56,0.00606,0.01232,0.01275
41.06,29.77,202304,15.39,0.45,77.59,3.15,0.00895,0.01175,0.01128
41.06,29.77,202305,18.83,0.48,75.98,1.85,0.01095,0.0115,0.00663
41.06,29.77,202306,23.93,0.57,50.76,3.94,0.01392,0.00768,0.01411
41.06,29.77,202307,25.58,0.63,28.76,2.15,0.01488,0.00435,0.0077
41.06,29.77,202308,21.98,0.61,33.24,0.82,0.01279,0.00503,0.00294
41.06,29.77,202309,17.75,0.6,55.94,0.95,0.01032,0.00847,0.0034
41.06,29.77,202310,11.5,0.52,63.42,2.61,0.00669,0.0096,0.00935
41.06,29.77,202311,6.57,0.42,78.12,6.92,0.00382,0.01183,0.02478
41.06,29.77,202312,4.93,0.38,71.96,2.87,0.00287,0.01089,0.01028
41.06,29.8,202301,5.47,0.38,77.44,0.81,0.00318,0.01172,0.0029
41.06,29.8,202302,8.67,0.44,75.84,3.12,0.00504,0.01148,0.01117
41.06,29.8,202303,10.41,0.38,81.4,3.56,0.00606,0.01232,0.01275
41.06,29.8,202304,15.39,0.45,77.59,3.15,0.00895,0.01175,0.01128
41.06,29.8,202305,18.83,0.48,75.98,1.85,0.01095,0.0115,0.00663
41.06,29.8,202306,23.93,0.57,50.76,3.94,0.01392,0.00768,0.01411
41.06,29.8,202307,25.58,0.63,28.76,2.15,0.01488,0.00435,0.0077
41.06,29.8,202308,21.98,0.61,33.24,0.82,0.01279,0.00503,0.00294
41.06,29.8,202309,17.75,0.6,55.94,0.95,0.01032,0.00847,0.0034
41.06,29.8,202310,11.5,0.52,63.42,2.61,0.00669,0.0096,0.00935
41.06,29.8,202311,6.57,0.42,78.12,6.92,0.00382,0.01183,0.02478
41.06,29.8,202312,4.93,0.38,71.96,2.87,0.00287,0.01089,0.01028
41.06,29.83,202301,5.47,0.38,77.44,0.81,0.00318,0.01172,0.0029
41.06,29.83,202302,8.67,0.44,75.84,3.12,0.00504,0.01148,0.01117
41.06,29.83,202303,10.41,0.38,81.4,3.56,0.00606,0.01232,0.01275
41.06,29.83,202304,15.39,0.45,77.59,3.15,0.00895,0.01175,0.01128
41.06,29.83,202305,18.83,0.48,75.98,1.85,0.01095,0.0115,0.00663
41.06,29.83,202306,23.93,0.57,50.76,3.94,0.01392,0.00768,0.01411
41.06,29.83,202307,25.58,0.63,28.76,2.15,0.01488,0.00435,0.0077
41.06,29.83,202308,21.98,0.61,33.24,0.82,0.01279,0.00503,0.00294
41.06,29.83,202309,17.75,0.6,55.94,0.95,0.01032,0.00847,0.0034
41.06,29.83,202310,11.5,0.52,63.42,2.61,0.00669,0.0096,0.00935
41.06,29.83,202311,6.57,0.42,78.12,6.92,0.00382,0.01183,0.02478
41.06,29.83,202312,4.93,0.38,71.96,2.87,0.00287,0.01089,0.01028
41.06,29.86,202301,5.47,0.38,77.44,0.81,0.00318,0.01172,0.0029
41.06,29.86,202302,8.67,0.44,75.84,3.12,0.00504,0.01148,0.01117
41.06,29.86,202303,10.41,0.38,81.4,3.56,0.00606,0.01232,0.01275
41.06,29.86,202304,15.39,0.45,77.59,3.15,0.00895,0.01175,0.01128
41.06,29.86,202305,18.83,0.48,75.98,1.85,0.01095,0.0115,0.00663
41.06,29.86,202306,23.93,0.57,50.76,3.94,0.01392,0.00768,0.01411
41.06,29.86,202307,25.58,0.63,28.76,2.15,0.01488,0.00435,0.0077
41.06,29.86,202308,21.98,0.61,33.24,0.82,0.01279,0.00503,0.00294
41.06,29.86,202309,17.75,0.6,55.94,0.95,0.01032,0.00847,0.0034
41.06,29.86,202310,11.5,0.52,63.42,2.61,0.00669,0.0096,0.00935
41.06,29.86,202311,6.57,0.42,78.12,6.92,0.00382,0.01183,0.02478
41.06,29.86,202312,4.93,0.38,71.96,2.87,0.00287,0.01089,0.01028
41.08,28.0,202301,5.51,0.38,69.94,0.87,0.00321,0.01059,0.00312
41.08,28.0,202302,8.89,0.45,66.0,1.39,0.00517,0.00999,0.00498
41.08,28.0,202303,11.1,0.41,71.25,2.38,0.00646,0.01079,0.00852
41.08,28.0,202304,15.63,0.45,72.39,3.11,0.00909,0.01096,0.01114
41.08,28.0,202305,18.84,0.48,71.78,1.18,0.01096,0.01087,0.00423
41.08,28.0,202306,24.01,0.58,45.28,0.92,0.01397,0.00686,0.00329
41.08,28.0,202307,26.15,0.65,23.83,0.27,0.01521,0.00361,0.00097
41.08,28.0,202308,21.47,0.59,31.41,0.21,0.01249,0.00476,0.00075
41.08,28.0,202309,16.72,0.56,46.02,0.96,0.00973,0.00697,0.00344
41.08,28.0,202310,11.52,0.52,49.57,0.71,0.0067,0.0075,0.00254
41.08,28.0,202311,6.49,0.41,68.19,6.61,0.00378,0.01032,0.02367
41.08,28.0,202312,4.82,0.38,64.93,2.62,0.0028,0.00983,0.00938
41.08,28.03,202301,5.51,0.38,69.94,0.87,0.00321,0.01059,0.00312
41.08,28.03,202302,8.89,0.45,66.0,1.39,0.00517,0.00999,0.00498
41.08,28.03,202303,11.1,0.41,71.25,2.38,0.00646,0.01079,0.00852
41.08,28.03,202304,15.63,0.45,72.39,3.11,0.00909,0.01096,0.01114
41.08,28.03,202305,18.84,0.48,71.78,1.18,0.01096,0.01087,0.00423
41.08,28.03,202306,24.01,0.58,45.28,0.92,0.01397,0.00686,0.00329
41.08,28.03,202307,26.15,0.65,23.83,0.27,0.01521,0.00361,0.00097
41.08,28.03,202308,21.47,0.59,31.41,0.21,0.01249,0.00476,0.00075
41.08,28.03,202309,16.72,0.56,46.02,0.96,0.00973,0.00697,0.00344
41.08,28.03,202310,11.52,0.52,49.57,0.71,0.0067,0.0075,0.00254
41.08,28.03,202311,6.49,0.41,68.19,6.61,0.00378,0.01032,0.02367
41.08,28.03,202312,4.82,0.38,64.93,2.62,0.0028,0.00983,0.00938
41.08,28.06,202301,5.51,0.38,69.94,0.87,0.00321,0.01059,0.00312
41.08,28.06,202302,8.89,0.45,66.0,1.39,0.00517,0.00999,0.00498
41.08,28.06,202303,11.1,0.41,71.25,2.38,0.00646,0.01079,0.00852
41.08,28.06,202304,15.63,0.45,72.39,3.11,0.00909,0.01096,0.01114
41.08,28.06,202305,18.84,0.48,71.78,1.18,0.01096,0.01087,0.00423
41.08,28.06,202306,24.01,0.58,45.28,0.92,0.01397,0.00686,0.00329
41.08,28.06,202307,26.15,0.65,23.83,0.27,0.01521,0.00361,0.00097
41.08,28.06,202308,21.47,0.59,31.41,0.21,0.01249,0.00476,0.00075
41.08,28.06,202309,16.72,0.56,46.02,0.96,0.00973,0.00697,0.00344
41.08,28.06,202310,11.52,0.52,49.57,0.71,0.0067,0.0075,0.00254
41.08,28.06,202311,6.49,0.41,68.19,6.61,0.00378,0.01032,0.02367
41.08,28.06,202312,4.82,0.38,64.93,2.62,0.0028,0.00983,0.00938
41.08,28.09,202301,5.51,0.38,69.94,0.87,0.00321,0.01059,0.00312
41.08,28.09,202302,8.89,0.45,66.0,1.39,0.00517,0.00999,0.00498
41.08,28.09,202303,11.1,0.41,71.25,2.38,0.00646,0.01079,0.00852
41.08,28.09,202304,15.63,0.45,72.39,3.11,0.00909,0.01096,0.01114
41.08,28.09,202305,18.84,0.48,71.78,1.18,0.01096,0.01087,0.00423
41.08,28.09,202306,24.01,0.58,45.28,0.92,0.01397,0.00686,0.00329
41.08,28.09,202307,26.15,0.65,23.83,0.27,0.01521,0.00361,0.00097
41.08,28.09,202308,21.47,0.59,31.41,0.21,0.01249,0.00476,0.00075
41.08,28.09,202309,16.72,0.56,46.02,0.96,0.00973,0.00697,0.00344
41.08,28.09,202310,11.52,0.52,49.57,0.71,0.0067,0.0075,0.00254
41.08,28.09,202311,6.49,0.41,68.19,6.61,0.00378,0.01032,0.02367
41.08,28.09,202312,4.82,0.38,64.93,2.62,0.0028,0.00983,0.00938
41.08,28.12,202301,5.51,0.38,69.94,0.87,0.00321,0.01059,0.00312
41.08,28.12,202302,8.89,0.45,66.0,1.39,0.00517,0.00999,0.00498
41.08,28.12,202303,11.1,0.41,71.25,2.38,0.00646,0.01079,0.00852
41.08,28.12,202304,15.63,0.45,72.39,3.11,0.00909,0.01096,0.01114
41.08,28.12,202305,18.84,0.48,71.78,1.18,0.01096,0.01087,0.00423
41.08,28.12,202306,24.01,0.58,45.28,0.92,0.01397,0.00686,0.00329
41.08,28.12,202307,26.15,0.65,23.83,0.27,0.01521,0.00361,0.00097
41.08,28.12,202308,21.47,0.59,31.41,0.21,0.01249,0.00476,0.00075
41.08,28.12,202309,16.72,0.56,46.02,0.96,0.00973,0.00697,0.00344
41.08,28.12,202310,11.52,0.52,49.57,0.71,0.0067,0.0075,0.00254
41.08,28.12,202311,6.49,0.41,68.19,6.61,0.00378,0.01032,0.02367
41.08,28.12,202312,4.82,0.38,64.93,2.62,0.0028,0.00983,0.00938
41.08,28.15,202301,5.51,0.38,69.94,0.87,0.00321,0.01059,0.00312
41.08,28.15,202302,8.89,0.45,66.0,1.39,0.00517,0.00999,0.00498
41.08,28.15,202303,11.1,0.41,71.25,2.38,0.00646,0.01079,0.00852
41.08,28.15,202304,15.63,0.45,72.39,3.11,0.00909,0.01096,0.01114
41.08,28.15,202305,18.84,0.48,71.78,1.18,0.01096,0.01087,0.00423
41.08,28.15,202306,24.01,0.58,45.28,0.92,0.01397,0.00686,0.00329
41.08,28.15,202307,26.15,0.65,23.83,0.27,0.01521,0.00361,0.00097
41.08,28.15,202308,21.47,0.59,31.41,0.21,0.01249,0.00476,0.00075
41.08,28.15,202309,16.72,0.56,46.02,0.96,0.00973,0.00697,0.00344
41.08,28.15,202310,11.52,0.52,49.57,0.71,0.0067,0.0075,0.00254
41.08,28.15,202311,6.49,0.41,68.19,6.61,0.00378,0.01032,0.02367
41.08,28.15,202312,4.82,0.38,64.93,2.62,0.0028,0.00983,0.00938
41.08,28.18,202301,5.51,0.38,69.94,0.87,0.00321,0.01059,0.00312
41.08,28.18,202302,8.89,0.45,66.0,1.39,0.00517,0.00999,0.00498
41.08,28.18,202303,11.1,0.41,71.25,2.38,0.00646,0.01079,0.00852
41.08,28.18,202304,15.63,0.45,72.39,3.11,0.00909,0.01096,0.01114
41.08,28.18,202305,18.84,0.48,71.78,1.18,0.01096,0.01087,0.00423
41.08,28.18,202306,24.01,0.58,45.28,0.92,0.01397,0.00686,0.00329
41.08,28.18,202307,26.15,0.65,23.83,0.27,0.01521,0.00361,0.00097
41.08,28.18,202308,21.47,0.59,31.41,0.21,0.01249,0.00476,0.00075
41.08,28.18,202309,16.72,0.56,46.02,0.96,0.00973,0.00697,0.00344
41.08,28.18,202310,11.52,0.52,49.57,0.71,0.0067,0.0075,0.00254
41.08,28.18,202311,6.49,0.41,68.19,6.61,0.00378,0.01032,0.02367
41.08,28.18,202312,4.82,0.38,64.93,2.62,0.0028,0.00983,0.00938
41.08,28.21,202301,5.51,0.38,69.94,0.87,0.00321,0.01059,0.00312
41.08,28.21,202302,8.89,0.45,66.0,1.39,0.00517,0.00999,0.00498
41.08,28.21,202303,11.1,0.41,71.25,2.38,0.00646,0.01079,0.00852
41.08,28.21,202304,15.63,0.45,72.39,3.11,0.00909,0.01096,0.01114
41.08,28.21,202305,18.84,0.48,71.78,1.18,0.01096,0.01087,0.00423
41.08,28.21,202306,24.01,0.58,45.28,0.92,0.01397,0.00686,0.00329
41.08,28.21,202307,26.15,0.65,23.83,0.27,0.01521,0.00361,0.00097
41.08,28.21,202308,21.47,0.59,31.41,0.21,0.01249,0.00476,0.00075
41.08,28.21,202309,16.72,0.56,46.02,0.96,0.00973,0.00697,0.00344
41.08,28.21,202310,11.52,0.52,49.57,0.71,0.0067,0.0075,0.00254
41.08,28.21,202311,6.49,0.41,68.19,6.61,0.00378,0.01032,0.02367
41.08,28.21,202312,4.82,0.38,64.93,2.62,0.0028,0.00983,0.00938
41.08,28.24,202301,5.51,0.38,69.94,0.87,0.00321,0.01059,0.00312
41.08,28.24,202302,8.89,0.45,66.0,1.39,0.00517,0.00999,0.00498
41.08,28.24,202303,11.1,0.41,71.25,2.38,0.00646,0.01079,0.00852
41.08,28.24,202304,15.63,0.45,72.39,3.11,0.00909,0.01096,0.01114
41.08,28.24,202305,18.84,0.48,71.78,1.18,0.01096,0.01087,0.00423
41.08,28.24,202306,24.01,0.58,45.28,0.92,0.01397,0.00686,0.00329
41.08,28.24,202307,26.15,0.65,23.83,0.27,0.01521,0.00361,0.00097
41.08,28.24,202308,21.47,0.59,31.41,0.21,0.01249,0.00476,0.00075
41.08,28.24,202309,16.72,0.56,46.02,0.96,0.00973,0.00697,0.00344
41.08,28.24,202310,11.52,0.52,49.57,0.71,0.0067,0.0075,0.00254
41.08,28.24,202311,6.49,0.41,68.19,6.61,0.00378,0.01032,0.02367
41.08,28.24,202312,4.82,0.38,64.93,2.62,0.0028,0.00983,0.00938
41.08,28.27,202301,5.51,0.38,69.94,0.87,0.00321,0.01059,0.00312
41.08,28.27,202302,8.89,0.45,66.0,1.39,0.00517,0.00999,0.00498
41.08,28.27,202303,11.1,0.41,71.25,2.38,0.00646,0.01079,0.00852
41.08,28.27,202304,15.63,0.45,72.39,3.11,0.00909,0.01096,0.01114
41.08,28.27,202305,18.84,0.48,71.78,1.18,0.01096,0.01087,0.00423
41.08,28.27,202306,24.01,0.58,45.28,0.92,0.01397,0.00686,0.00329
41.08,28.27,202307,26.15,0.65,23.83,0.27,0.01521,0.00361,0.00097
41.08,28.27,202308,21.47,0.59,31.41,0.21,0.01249,0.00476,0.00075
41.08,28.27,202309,16.72,0.56,46.02,0.96,0.00973,0.00697,0.00344
41.08,28.27,202310,11.52,0.52,49.57,0.71,0.0067,0.0075,0.00254
41.08,28.27,202311,6.49,0.41,68.19,6.61,0.00378,0.01032,0.02367
41.08,28.27,202312,4.82,0.38,64.93,2.62,0.0028,0.00983,0.00938
41.08,28.3,202301,5.51,0.38,69.94,0.87,0.00321,0.01059,0.00312
41.08,28.3,202302,8.89,0.45,66.0,1.39,0.00517,0.00999,0.00498
41.08,28.3,202303,11.1,0.41,71.25,2.38,0.00646,0.01079,0.00852
41.08,28.3,202304,15.63,0.45,72.39,3.11,0.00909,0.01096,0.01114
41.08,28.3,202305,18.84,0.48,71.78,1.18,0.01096,0.01087,0.00423
41.08,28.3,202306,24.01,0.58,45.28,0.92,0.01397,0.00686,0.00329
41.08,28.3,202307,26.15,0.65,23.83,0.27,0.01521,0.00361,0.00097
41.08,28.3,202308,21.47,0.59,31.41,0.21,0.01249,0.00476,0.00075
41.08,28.3,202309,16.72,0.56,46.02,0.96,0.00973,0.00697,0.00344
41.08,28.3,202310,11.52,0.52,49.57,0.71,0.0067,0.0075,0.00254
41.08,28.3,202311,6.49,0.41,68.19,6.61,0.00378,0.01032,0.02367
41.08,28.3,202312,4.82,0.38,64.93,2.62,0.0028,0.00983,0.00938
41.08,28.33,202301,5.51,0.38,69.94,0.87,0.00321,0.01059,0.00312
41.08,28.33,202302,8.89,0.45,66.0,1.39,0.00517,0.00999,0.00498
41.08,28.33,202303,11.1,0.41,71.25,2.38,0.00646,0.01079,0.00852
41.08,28.33,202304,15.63,0.45,72.39,3.11,0.00909,0.01096,0.01114
41.08,28.33,202305,18.84,0.48,71.78,1.18,0.01096,0.01087,0.00423
41.08,28.33,202306,24.01,0.58,45.28,0.92,0.01397,0.00686,0.00329
41.08,28.33,202307,26.15,0.65,23.83,0.27,0.01521,0.00361,0.00097
41.08,28.33,202308,21.47,0.59,31.41,0.21,0.01249,0.00476,0.00075
41.08,28.33,202309,16.72,0.56,46.02,0.96,0.00973,0.00697,0.00344
41.08,28.33,202310,11.52,0.52,49.57,0.71,0.0067,0.0075,0.00254
41.08,28.33,202311,6.49,0.41,68.19,6.61,0.00378,0.01032,0.02367
41.08,28.33,202312,4.82,0.38,64.93,2.62,0.0028,0.00983,0.00938
41.08,28.36,202301,5.51,0.38,69.94,0.87,0.00321,0.01059,0.00312
41.08,28.36,202302,8.89,0.45,66.0,1.39,0.00517,0.00999,0.00498
41.08,28.36,202303,11.1,0.41,71.25,2.38,0.00646,0.01079,0.00852
41.08,28.36,202304,15.63,0.45,72.39,3.11,0.00909,0.01096,0.01114
41.08,28.36,202305,18.84,0.48,71.78,1.18,0.01096,0.01087,0.00423
41.08,28.36,202306,24.01,0.58,45.28,0.92,0.01397,0.00686,0.00329
41.08,28.36,202307,26.15,0.65,23.83,0.27,0.01521,0.00361,0.00097
41.08,28.36,202308,21.47,0.59,31.41,0.21,0.01249,0.00476,0.00075
41.08,28.36,202309,16.72,0.56,46.02,0.96,0.00973,0.00697,0.00344
41.08,28.36,202310,11.52,0.52,49.57,0.71,0.0067,0.0075,0.00254
41.08,28.36,202311,6.49,0.41,68.19,6.61,0.00378,0.01032,0.02367
41.08,28.36,202312,4.82,0.38,64.93,2.62,0.0028,0.00983,0.00938
41.08,28.39,202301,5.51,0.38,69.94,0.87,0.00321,0.01059,0.00312
41.08,28.39,202302,8.89,0.45,66.0,1.39,0.00517,0.00999,0.00498
41.08,28.39,202303,11.1,0.41,71.25,2.38,0.00646,0.01079,0.00852
41.08,28.39,202304,15.63,0.45,72.39,3.11,0.00909,0.01096,0.01114
41.08,28.39,202305,18.84,0.48,71.78,1.18,0.01096,0.01087,0.00423
41.08,28.39,202306,24.01,0.58,45.28,0.92,0.01397,0.00686,0.00329
41.08,28.39,202307,26.15,0.65,23.83,0.27,0.01521,0.00361,0.00097
41.08,28.39,202308,21.47,0.59,31.41,0.21,0.01249,0.00476,0.00075
41.08,28.39,202309,16.72,0.56,46.02,0.96,0.00973,0.00697,0.00344
41.08,28.39,202310,11.52,0.52,49.57,0.71,0.0067,0.0075,0.00254
41.08,28.39,202311,6.49,0.41,68.19,6.61,0.00378,0.01032,0.02367
41.08,28.39,202312,4.82,0.38,64.93,2.62,0.0028,0.00983,0.00938
41.08,28.42,202301,5.51,0.38,69.94,0.87,0.00321,0.01059,0.00312
41.08,28.42,202302,8.89,0.45,66.0,1.39,0.00517,0.00999,0.00498
41.08,28.42,202303,11.1,0.41,71.25,2.38,0.00646,0.01079,0.00852
41.08,28.42,202304,15.63,0.45,72.39,3.11,0.00909,0.01096,0.01114
41.08,28.42,202305,18.84,0.48,71.78,1.18,0.01096,0.01087,0.00423
41.08,28.42,202306,24.01,0.58,45.28,0.92,0.01397,0.00686,0.00329
41.08,28.42,202307,26.15,0.65,23.83,0.27,0.01521,0.00361,0.00097
41.08,28.42,202308,21.47,0.59,31.41,0.21,0.01249,0.00476,0.00075
41.08,28.42,202309,16.72,0.56,46.02,0.96,0.00973,0.00697,0.00344
41.08,28.42,202310,11.52,0.52,49.57,0.71,0.0067,0.0075,0.00254
41.08,28.42,202311,6.49,0.41,68.19,6.61,0.00378,0.01032,0.02367
41.08,28.42,202312,4.82,0.38,64.93,2.62,0.0028,0.00983,0.00938
41.08,28.45,202301,5.51,0.38,69.94,0.72,0.00321,0.01059,0.00258
41.08,28.45,202302,8.89,0.45,66.0,1.83,0.00517,0.00999,0.00655
41.08,28.45,202303,11.1,0.41,71.25,2.49,0.00646,0.01079,0.00892
41.08,28.45,202304,15.63,0.45,72.39,3.07,0.00909,0.01096,0.01099
41.08,28.45,202305,18.84,0.48,71.78,1.24,0.01096,0.01087,0.00444
41.08,28.45,202306,24.01,0.58,45.28,0.86,0.01397,0.00686,0.00308
41.08,28.45,202307,26.15,0.65,23.83,0.33,0.01521,0.00361,0.00118
41.08,28.45,202308,21.47,0.59,31.41,0.3,0.01249,0.00476,0.00107
41.08,28.45,202309,16.72,0.56,46.02,0.71,0.00973,0.00697,0.00254
41.08,28.45,202310,11.52,0.52,49.57,1.15,0.0067,0.0075,0.00412
41.08,28.45,202311,6.49,0.41,68.19,6.37,0.00378,0.01032,0.02281
41.08,28.45,202312,4.82,0.38,64.93,2.3,0.0028,0.00983,0.00824
41.08,28.48,202301,5.51,0.38,69.94,0.72,0.00321,0.01059,0.00258
41.08,28.48,202302,8.89,0.45,66.0,1.83,0.00517,0.00999,0.00655
41.08,28.48,202303,11.1,0.41,71.25,2.49,0.00646,0.01079,0.00892
41.08,28.48,202304,15.63,0.45,72.39,3.07,0.00909,0.01096,0.01099
41.08,28.48,202305,18.84,0.48,71.78,1.24,0.01096,0.01087,0.00444
41.08,28.48,202306,24.01,0.58,45.28,0.86,0.01397,0.00686,0.00308
41.08,28.48,202307,26.15,0.65,23.83,0.33,0.01521,0.00361,0.00118
41.08,28.48,202308,21.47,0.59,31.41,0.3,0.01249,0.00476,0.00107
41.08,28.48,202309,16.72,0.56,46.02,0.71,0.00973,0.00697,0.00254
41.08,28.48,202310,11.52,0.52,49.57,1.15,0.0067,0.0075,0.00412
41.08,28.48,202311,6.49,0.41,68.19,6.37,0.00378,0.01032,0.02281
41.08,28.48,202312,4.82,0.38,64.93,2.3,0.0028,0.00983,0.00824
41.08,28.51,202301,5.51,0.38,69.94,0.72,0.00321,0.01059,0.00258
41.08,28.51,202302,8.89,0.45,66.0,1.83,0.00517,0.00999,0.00655
41.08,28.51,202303,11.1,0.41,71.25,2.49,0.00646,0.01079,0.00892
41.08,28.51,202304,15.63,0.45,72.39,3.07,0.00909,0.01096,0.01099
41.08,28.51,202305,18.84,0.48,71.78,1.24,0.01096,0.01087,0.00444
41.08,28.51,202306,24.01,0.58,45.28,0.86,0.01397,0.00686,0.00308
41.08,28.51,202307,26.15,0.65,23.83,0.33,0.01521,0.00361,0.00118
41.08,28.51,202308,21.47,0.59,31.41,0.3,0.01249,0.00476,0.00107
41.08,28.51,202309,16.72,0.56,46.02,0.71,0.00973,0.00697,0.00254
41.08,28.51,202310,11.52,0.52,49.57,1.15,0.0067,0.0075,0.00412
41.08,28.51,202311,6.49,0.41,68.19,6.37,0.00378,0.01032,0.02281
41.08,28.51,202312,4.82,0.38,64.93,2.3,0.0028,0.00983,0.00824
41.08,28.54,202301,5.51,0.38,69.94,0.72,0.00321,0.01059,0.00258
41.08,28.54,202302,8.89,0.45,66.0,1.83,0.00517,0.00999,0.00655
41.08,28.54,202303,11.1,0.41,71.25,2.49,0.00646,0.01079,0.00892
41.08,28.54,202304,15.63,0.45,72.39,3.07,0.00909,0.01096,0.01099
41.08,28.54,202305,18.84,0.48,71.78,1.24,0.01096,0.01087,0.00444
41.08,28.54,202306,24.01,0.58,45.28,0.86,0.01397,0.00686,0.00308
41.08,28.54,202307,26.15,0.65,23.83,0.33,0.01521,0.00361,0.00118
41.08,28.54,202308,21.47,0.59,31.41,0.3,0.01249,0.00476,0.00107
41.08,28.54,202309,16.72,0.56,46.02,0.71,0.00973,0.00697,0.00254
41.08,28.54,202310,11.52,0.52,49.57,1.15,0.0067,0.0075,0.00412
41.08,28.54,202311,6.49,0.41,68.19,6.37,0.00378,0.01032,0.02281
41.08,28.54,202312,4.82,0.38,64.93,2.3,0.0028,0.00983,0.00824
41.08,28.57,202301,5.51,0.38,69.94,0.72,0.00321,0.01059,0.00258
41.08,28.57,202302,8.89,0.45,66.0,1.83,0.00517,0.00999,0.00655
41.08,28.57,202303,11.1,0.41,71.25,2.49,0.00646,0.01079,0.00892
41.08,28.57,202304,15.63,0.45,72.39,3.07,0.00909,0.01096,0.01099
41.08,28.57,202305,18.84,0.48,71.78,1.24,0.01096,0.01087,0.00444
41.08,28.57,202306,24.01,0.58,45.28,0.86,0.01397,0.00686,0.00308
41.08,28.57,202307,26.15,0.65,23.83,0.33,0.01521,0.00361,0.00118
41.08,28.57,202308,21.47,0.59,31.41,0.3,0.01249,0.00476,0.00107
41.08,28.57,202309,16.72,0.56,46.02,0.71,0.00973,0.00697,0.00254
41.08,28.57,202310,11.52,0.52,49.57,1.15,0.0067,0.0075,0.00412
41.08,28.57,202311,6.49,0.41,68.19,6.37,0.00378,0.01032,0.02281
41.08,28.57,202312,4.82,0.38,64.93,2.3,0.0028,0.00983,0.00824
41.08,28.6,202301,5.51,0.38,69.94,0.72,0.00321,0.01059,0.00258
41.08,28.6,202302,8.89,0.45,66.0,1.83,0.00517,0.00999,0.00655
41.08,28.6,202303,11.1,0.41,71.25,2.49,0.00646,0.01079,0.00892
41.08,28.6,202304,15.63,0.45,72.39,3.07,0.00909,0.01096,0.01099
41.08,28.6,202305,18.84,0.48,71.78,1.24,0.01096,0.01087,0.00444
41.08,28.6,202306,24.01,0.58,45.28,0.86,0.01397,0.00686,0.00308
41.08,28.6,202307,26.15,0.65,23.83,0.33,0.01521,0.00361,0.00118
41.08,28.6,202308,21.47,0.59,31.41,0.3,0.01249,0.00476,0.00107
41.08,28.6,202309,16.72,0.56,46.02,0.71,0.00973,0.00697,0.00254
41.08,28.6,202310,11.52,0.52,49.57,1.15,0.0067,0.0075,0.00412
41.08,28.6,202311,6.49,0.41,68.19,6.37,0.00378,0.01032,0.02281
41.08,28.6,202312,4.82,0.38,64.93,2.3,0.0028,0.00983,0.00824
41.08,28.63,202301,5.51,0.38,69.94,0.72,0.00321,0.01059,0.00258
41.08,28.63,202302,8.89,0.45,66.0,1.83,0.00517,0.00999,0.00655
41.08,28.63,202303,11.1,0.41,71.25,2.49,0.00646,0.01079,0.00892
41.08,28.63,202304,15.63,0.45,72.39,3.07,0.00909,0.01096,0.01099
41.08,28.63,202305,18.84,0.48,71.78,1.24,0.01096,0.01087,0.00444
41.08,28.63,202306,24.01,0.58,45.28,0.86,0.01397,0.00686,0.00308
41.08,28.63,202307,26.15,0.65,23.83,0.33,0.01521,0.00361,0.00118
41.08,28.63,202308,21.47,0.59,31.41,0.3,0.01249,0.00476,0.00107
41.08,28.63,202309,16.72,0.56,46.02,0.71,0.00973,0.00697,0.00254
41.08,28.63,202310,11.52,0.52,49.57,1.15,0.0067,0.0075,0.00412
41.08,28.63,202311,6.49,0.41,68.19,6.37,0.00378,0.01032,0.02281
41.08,28.63,202312,4.82,0.38,64.93,2.3,0.0028,0.00983,0.00824
41.08,28.66,202301,5.51,0.38,69.94,0.72,0.00321,0.01059,0.00258
41.08,28.66,202302,8.89,0.45,66.0,1.83,0.00517,0.00999,0.00655
41.08,28.66,202303,11.1,0.41,71.25,2.49,0.00646,0.01079,0.00892
41.08,28.66,202304,15.63,0.45,72.39,3.07,0.00909,0.01096,0.01099
41.08,28.66,202305,18.84,0.48,71.78,1.24,0.01096,0.01087,0.00444
41.08,28.66,202306,24.01,0.58,45.28,0.86,0.01397,0.00686,0.00308
41.08,28.66,202307,26.15,0.65,23.83,0.33,0.01521,0.00361,0.00118
41.08,28.66,202308,21.47,0.59,31.41,0.3,0.01249,0.00476,0.00107
41.08,28.66,202309,16.72,0.56,46.02,0.71,0.00973,0.00697,0.00254
41.08,28.66,202310,11.52,0.52,49.57,1.15,0.0067,0.0075,0.00412
41.08,28.66,202311,6.49,0.41,68.19,6.37,0.00378,0.01032,0.02281
41.08,28.66,202312,4.82,0.38,64.93,2.3,0.0028,0.00983,0.00824
41.08,28.69,202301,5.51,0.38,69.94,0.72,0.00321,0.01059,0.00258
41.08,28.69,202302,8.89,0.45,66.0,1.83,0.00517,0.00999,0.00655
41.08,28.69,202303,11.1,0.41,71.25,2.49,0.00646,0.01079,0.00892
41.08,28.69,202304,15.63,0.45,72.39,3.07,0.00909,0.01096,0.01099
41.08,28.69,202305,18.84,0.48,71.78,1.24,0.01096,0.01087,0.00444
41.08,28.69,202306,24.01,0.58,45.28,0.86,0.01397,0.00686,0.00308
41.08,28.69,202307,26.15,0.65,23.83,0.33,0.01521,0.00361,0.00118
41.08,28.69,202308,21.47,0.59,31.41,0.3,0.01249,0.00476,0.00107
41.08,28.69,202309,16.72,0.56,46.02,0.71,0.00973,0.00697,0.00254
41.08,28.69,202310,11.52,0.52,49.57,1.15,0.0067,0.0075,0.00412
41.08,28.69,202311,6.49,0.41,68.19,6.37,0.00378,0.01032,0.02281
41.08,28.69,202312,4.82,0.38,64.93,2.3,0.0028,0.00983,0.00824
41.08,28.72,202301,5.51,0.38,69.94,0.72,0.00321,0.01059,0.00258
41.08,28.72,202302,8.89,0.45,66.0,1.83,0.00517,0.00999,0.00655
41.08,28.72,202303,11.1,0.41,71.25,2.49,0.00646,0.01079,0.00892
41.08,28.72,202304,15.63,0.45,72.39,3.07,0.00909,0.01096,0.01099
41.08,28.72,202305,18.84,0.48,71.78,1.24,0.01096,0.01087,0.00444
41.08,28.72,202306,24.01,0.58,45.28,0.86,0.01397,0.00686,0.00308
41.08,28.72,202307,26.15,0.65,23.83,0.33,0.01521,0.00361,0.00118
41.08,28.72,202308,21.47,0.59,31.41,0.3,0.01249,0.00476,0.00107
41.08,28.72,202309,16.72,0.56,46.02,0.71,0.00973,0.00697,0.00254
41.08,28.72,202310,11.52,0.52,49.57,1.15,0.0067,0.0075,0.00412
41.08,28.72,202311,6.49,0.41,68.19,6.37,0.00378,0.01032,0.02281
41.08,28.72,202312,4.82,0.38,64.93,2.3,0.0028,0.00983,0.00824
41.08,28.75,202301,5.51,0.38,69.94,0.72,0.00321,0.01059,0.00258
41.08,28.75,202302,8.89,0.45,66.0,1.83,0.00517,0.00999,0.00655
41.08,28.75,202303,11.1,0.41,71.25,2.49,0.00646,0.01079,0.00892
41.08,28.75,202304,15.63,0.45,72.39,3.07,0.00909,0.01096,0.01099
41.08,28.75,202305,18.84,0.48,71.78,1.24,0.01096,0.01087,0.00444
41.08,28.75,202306,24.01,0.58,45.28,0.86,0.01397,0.00686,0.00308
41.08,28.75,202307,26.15,0.65,23.83,0.33,0.01521,0.00361,0.00118
41.08,28.75,202308,21.47,0.59,31.41,0.3,0.01249,0.00476,0.00107
41.08,28.75,202309,16.72,0.56,46.02,0.71,0.00973,0.00697,0.00254
41.08,28.75,202310,11.52,0.52,49.57,1.15,0.0067,0.0075,0.00412
41.08,28.75,202311,6.49,0.41,68.19,6.37,0.00378,0.01032,0.02281
41.08,28.75,202312,4.82,0.38,64.93,2.3,0.0028,0.00983,0.00824
41.08,28.78,202301,5.51,0.38,69.94,0.72,0.00321,0.01059,0.00258
41.08,28.78,202302,8.89,0.45,66.0,1.83,0.00517,0.00999,0.00655
41.08,28.78,202303,11.1,0.41,71.25,2.49,0.00646,0.01079,0.00892
41.08,28.78,202304,15.63,0.45,72.39,3.07,0.00909,0.01096,0.01099
41.08,28.78,202305,18.84,0.48,71.78,1.24,0.01096,0.01087,0.00444
41.08,28.78,202306,24.01,0.58,45.28,0.86,0.01397,0.00686,0.00308
41.08,28.78,202307,26.15,0.65,23.83,0.33,0.01521,0.00361,0.00118
41.08,28.78,202308,21.47,0.59,31.41,0.3,0.01249,0.00476,0.00107
41.08,28.78,202309,16.72,0.56,46.02,0.71,0.00973,0.00697,0.00254
41.08,28.78,202310,11.52,0.52,49.57,1.15,0.0067,0.0075,0.00412
41.08,28.78,202311,6.49,0.41,68.19,6.37,0.00378,0.01032,0.02281
41.08,28.78,202312,4.82,0.38,64.93,2.3,0.0028,0.00983,0.00824
41.08,28.81,202301,5.51,0.38,69.94,0.72,0.00321,0.01059,0.00258
41.08,28.81,202302,8.89,0.45,66.0,1.83,0.00517,0.00999,0.00655
41.08,28.81,202303,11.1,0.41,71.25,2.49,0.00646,0.01079,0.00892
41.08,28.81,202304,15.63,0.45,72.39,3.07,0.00909,0.01096,0.01099
41.08,28.81,202305,18.84,0.48,71.78,1.24,0.01096,0.01087,0.00444
41.08,28.81,202306,24.01,0.58,45.28,0.86,0.01397,0.00686,0.00308
41.08,28.81,202307,26.15,0.65,23.83,0.33,0.01521,0.00361,0.00118
41.08,28.81,202308,21.47,0.59,31.41,0.3,0.01249,0.00476,0.00107
41.08,28.81,202309,16.72,0.56,46.02,0.71,0.00973,0.00697,0.00254
41.08,28.81,202310,11.52,0.52,49.57,1.15,0.0067,0.0075,0.00412
41.08,28.81,202311,6.49,0.41,68.19,6.37,0.00378,0.01032,0.02281
41.08,28.81,202312,4.82,0.38,64.93,2.3,0.0028,0.00983,0.00824
41.08,28.84,202301,5.51,0.38,69.94,0.72,0.00321,0.01059,0.00258
41.08,28.84,202302,8.89,0.45,66.0,1.83,0.00517,0.00999,0.00655
41.08,28.84,202303,11.1,0.41,71.25,2.49,0.00646,0.01079,0.00892
41.08,28.84,202304,15.63,0.45,72.39,3.07,0.00909,0.01096,0.01099
41.08,28.84,202305,18.84,0.48,71.78,1.24,0.01096,0.01087,0.00444
41.08,28.84,202306,24.01,0.58,45.28,0.86,0.01397,0.00686,0.00308
41.08,28.84,202307,26.15,0.65,23.83,0.33,0.01521,0.00361,0.00118
41.08,28.84,202308,21.47,0.59,31.41,0.3,0.01249,0.00476,0.00107
41.08,28.84,202309,16.72,0.56,46.02,0.71,0.00973,0.00697,0.00254
41.08,28.84,202310,11.52,0.52,49.57,1.15,0.0067,0.0075,0.00412
41.08,28.84,202311,6.49,0.41,68.19,6.37,0.00378,0.01032,0.02281
41.08,28.84,202312,4.82,0.38,64.93,2.3,0.0028,0.00983,0.00824
41.08,28.87,202301,5.51,0.38,69.94,0.72,0.00321,0.01059,0.00258
41.08,28.87,202302,8.89,0.45,66.0,1.83,0.00517,0.00999,0.00655
41.08,28.87,202303,11.1,0.41,71.25,2.49,0.00646,0.01079,0.00892
41.08,28.87,202304,15.63,0.45,72.39,3.07,0.00909,0.01096,0.01099
41.08,28.87,202305,18.84,0.48,71.78,1.24,0.01096,0.01087,0.00444
41.08,28.87,202306,24.01,0.58,45.28,0.86,0.01397,0.00686,0.00308
41.08,28.87,202307,26.15,0.65,23.83,0.33,0.01521,0.00361,0.00118
41.08,28.87,202308,21.47,0.59,31.41,0.3,0.01249,0.00476,0.00107
41.08,28.87,202309,16.72,0.56,46.02,0.71,0.00973,0.00697,0.00254
41.08,28.87,202310,11.52,0.52,49.57,1.15,0.0067,0.0075,0.00412
41.08,28.87,202311,6.49,0.41,68.19,6.37,0.00378,0.01032,0.02281
41.08,28.87,202312,4.82,0.38,64.93,2.3,0.0028,0.00983,0.00824
41.08,28.9,202301,5.51,0.38,69.94,0.72,0.00321,0.01059,0.00258
41.08,28.9,202302,8.89,0.45,66.0,1.83,0.00517,0.00999,0.00655
41.08,28.9,202303,11.1,0.41,71.25,2.49,0.00646,0.01079,0.00892
41.08,28.9,202304,15.63,0.45,72.39,3.07,0.00909,0.01096,0.01099
41.08,28.9,202305,18.84,0.48,71.78,1.24,0.01096,0.01087,0.00444
41.08,28.9,202306,24.01,0.58,45.28,0.86,0.01397,0.00686,0.00308
41.08,28.9,202307,26.15,0.65,23.83,0.33,0.01521,0.00361,0.00118
41.08,28.9,202308,21.47,0.59,31.41,0.3,0.01249,0.00476,0.00107
41.08,28.9,202309,16.72,0.56,46.02,0.71,0.00973,0.00697,0.00254
41.08,28.9,202310,11.52,0.52,49.57,1.15,0.0067,0.0075,0.00412
41.08,28.9,202311,6.49,0.41,68.19,6.37,0.00378,0.01032,0.02281
41.08,28.9,202312,4.82,0.38,64.93,2.3,0.0028,0.00983,0.00824
41.08,28.93,202301,5.51,0.38,69.94,0.72,0.00321,0.01059,0.00258
41.08,28.93,202302,8.89,0.45,66.0,1.83,0.00517,0.00999,0.00655
41.08,28.93,202303,11.1,0.41,71.25,2.49,0.00646,0.01079,0.00892
41.08,28.93,202304,15.63,0.45,72.39,3.07,0.00909,0.01096,0.01099
41.08,28.93,202305,18.84,0.48,71.78,1.24,0.01096,0.01087,0.00444
41.08,28.93,202306,24.01,0.58,45.28,0.86,0.01397,0.00686,0.00308
41.08,28.93,202307,26.15,0.65,23.83,0.33,0.01521,0.00361,0.00118
41.08,28.93,202308,21.47,0.59,31.41,0.3,0.01249,0.00476,0.00107
41.08,28.93,202309,16.72,0.56,46.02,0.71,0.00973,0.00697,0.00254
41.08,28.93,202310,11.52,0.52,49.57,1.15,0.0067,0.0075,0.00412
41.08,28.93,202311,6.49,0.41,68.19,6.37,0.00378,0.01032,0.02281
41.08,28.93,202312,4.82,0.38,64.93,2.3,0.0028,0.00983,0.00824
41.08,28.96,202301,5.51,0.38,69.94,0.72,0.00321,0.01059,0.00258
41.08,28.96,202302,8.89,0.45,66.0,1.83,0.00517,0.00999,0.00655
41.08,28.96,202303,11.1,0.41,71.25,2.49,0.00646,0.01079,0.00892
41.08,28.96,202304,15.63,0.45,72.39,3.07,0.00909,0.01096,0.01099
41.08,28.96,202305,18.84,0.48,71.78,1.24,0.01096,0.01087,0.00444
41.08,28.96,202306,24.01,0.58,45.28,0.86,0.01397,0.00686,0.00308
41.08,28.96,202307,26.15,0.65,23.83,0.33,0.01521,0.00361,0.00118
41.08,28.96,202308,21.47,0.59,31.41,0.3,0.01249,0.00476,0.00107
41.08,28.96,202309,16.72,0.56,46.02,0.71,0.00973,0.00697,0.00254
41.08,28.96,202310,11.52,0.52,49.57,1.15,0.0067,0.0075,0.00412
41.08,28.96,202311,6.49,0.41,68.19,6.37,0.00378,0.01032,0.02281
41.08,28.96,202312,4.82,0.38,64.93,2.3,0.0028,0.00983,0.00824
41.08,28.99,202301,5.51,0.38,69.94,0.72,0.00321,0.01059,0.00258
41.08,28.99,202302,8.89,0.45,66.0,1.83,0.00517,0.00999,0.00655
41.08,28.99,202303,11.1,0.41,71.25,2.49,0.00646,0.01079,0.00892
41.08,28.99,202304,15.63,0.45,72.39,3.07,0.00909,0.01096,0.01099
41.08,28.99,202305,18.84,0.48,71.78,1.24,0.01096,0.01087,0.00444
41.08,28.99,202306,24.01,0.58,45.28,0.86,0.01397,0.00686,0.00308
41.08,28.99,202307,26.15,0.65,23.83,0.33,0.01521,0.00361,0.00118
41.08,28.99,202308,21.47,0.59,31.41,0.3,0.01249,0.00476,0.00107
41.08,28.99,202309,16.72,0.56,46.02,0.71,0.00973,0.00697,0.00254
41.08,28.99,202310,11.52,0.52,49.57,1.15,0.0067,0.0075,0.00412
41.08,28.99,202311,6.49,0.41,68.19,6.37,0.00378,0.01032,0.02281
41.08,28.99,202312,4.82,0.38,64.93,2.3,0.0028,0.00983,0.00824
41.08,29.02,202301,5.47,0.38,77.44,0.72,0.00318,0.01172,0.00258
41.08,29.02,202302,8.67,0.44,75.84,1.83,0.00504,0.01148,0.00655
41.08,29.02,202303,10.41,0.38,81.4,2.49,0.00606,0.01232,0.00892
41.08,29.02,202304,15.39,0.45,77.59,3.07,0.00895,0.01175,0.01099
41.08,29.02,202305,18.83,0.48,75.98,1.24,0.01095,0.0115,0.00444
41.08,29.02,202306,23.93,0.57,50.76,0.86,0.01392,0.00768,0.00308
41.08,29.02,202307,25.58,0.63,28.76,0.33,0.01488,0.00435,0.00118
41.08,29.02,202308,21.98,0.61,33.24,0.3,0.01279,0.00503,0.00107
41.08,29.02,202309,17.75,0.6,55.94,0.71,0.01032,0.00847,0.00254
41.08,29.02,202310,11.5,0.52,63.42,1.15,0.00669,0.0096,0.00412
41.08,29.02,202311,6.57,0.42,78.12,6.37,0.00382,0.01183,0.02281
41.08,29.02,202312,4.93,0.38,71.96,2.3,0.00287,0.01089,0.00824
41.08,29.05,202301,5.47,0.38,77.44,0.72,0.00318,0.01172,0.00258
41.08,29.05,202302,8.67,0.44,75.84,1.83,0.00504,0.01148,0.00655
41.08,29.05,202303,10.41,0.38,81.4,2.49,0.00606,0.01232,0.00892
41.08,29.05,202304,15.39,0.45,77.59,3.07,0.00895,0.01175,0.01099
41.08,29.05,202305,18.83,0.48,75.98,1.24,0.01095,0.0115,0.00444
41.08,29.05,202306,23.93,0.57,50.76,0.86,0.01392,0.00768,0.00308
41.08,29.05,202307,25.58,0.63,28.76,0.33,0.01488,0.00435,0.00118
41.08,29.05,202308,21.98,0.61,33.24,0.3,0.01279,0.00503,0.00107
41.08,29.05,202309,17.75,0.6,55.94,0.71,0.01032,0.00847,0.00254
41.08,29.05,202310,11.5,0.52,63.42,1.15,0.00669,0.0096,0.00412
41.08,29.05,202311,6.57,0.42,78.12,6.37,0.00382,0.01183,0.02281
41.08,29.05,202312,4.93,0.38,71.96,2.3,0.00287,0.01089,0.00824
41.08,29.08,202301,5.47,0.38,77.44,0.72,0.00318,0.01172,0.00258
41.08,29.08,202302,8.67,0.44,75.84,2.53,0.00504,0.01148,0.00906
41.08,29.08,202303,10.41,0.38,81.4,2.88,0.00606,0.01232,0.01031
41.08,29.08,202304,15.39,0.45,77.59,3.03,0.00895,0.01175,0.01085
41.08,29.08,202305,18.83,0.48,75.98,1.35,0.01095,0.0115,0.00483
41.08,29.08,202306,23.93,0.57,50.76,1.56,0.01392,0.00768,0.00559
41.08,29.08,202307,25.58,0.63,28.76,0.79,0.01488,0.00435,0.00283
41.08,29.08,202308,21.98,0.61,33.24,0.51,0.01279,0.00503,0.00183
41.08,29.08,202309,17.75,0.6,55.94,0.89,0.01032,0.00847,0.00319
41.08,29.08,202310,11.5,0.52,63.42,1.83,0.00669,0.0096,0.00655
41.08,29.08,202311,6.57,0.42,78.12,6.97,0.00382,0.01183,0.02496
41.08,29.08,202312,4.93,0.38,71.96,2.45,0.00287,0.01089,0.00877
41.08,29.11,202301,5.47,0.38,77.44,0.72,0.00318,0.01172,0.00258
41.08,29.11,202302,8.67,0.44,75.84,2.53,0.00504,0.01148,0.00906
41.08,29.11,202303,10.41,0.38,81.4,2.88,0.00606,0.01232,0.01031
41.08,29.11,202304,15.39,0.45,77.59,3.03,0.00895,0.01175,0.01085
41.08,29.11,202305,18.83,0.48,75.98,1.35,0.01095,0.0115,0.00483
41.08,29.11,202306,23.93,0.57,50.76,1.56,0.01392,0.00768,0.00559
41.08,29.11,202307,25.58,0.63,28.76,0.79,0.01488,0.00435,0.00283
41.08,29.11,202308,21.98,0.61,33.24,0.51,0.01279,0.00503,0.00183
41.08,29.11,202309,17.75,0.6,55.94,0.89,0.01032,0.00847,0.00319
41.08,29.11,202310,11.5,0.52,63.42,1.83,0.00669,0.0096,0.00655
41.08,29.11,202311,6.57,0.42,78.12,6.97,0.00382,0.01183,0.02496
41.08,29.11,202312,4.93,0.38,71.96,2.45,0.00287,0.01089,0.00877
41.08,29.14,202301,5.47,0.38,77.44,0.72,0.00318,0.01172,0.00258
41.08,29.14,202302,8.67,0.44,75.84,2.53,0.00504,0.01148,0.00906
41.08,29.14,202303,10.41,0.38,81.4,2.88,0.00606,0.01232,0.01031
41.08,29.14,202304,15.39,0.45,77.59,3.03,0.00895,0.01175,0.01085
41.08,29.14,202305,18.83,0.48,75.98,1.35,0.01095,0.0115,0.00483
41.08,29.14,202306,23.93,0.57,50.76,1.56,0.01392,0.00768,0.00559
41.08,29.14,202307,25.58,0.63,28.76,0.79,0.01488,0.00435,0.00283
41.08,29.14,202308,21.98,0.61,33.24,0.51,0.01279,0.00503,0.00183
41.08,29.14,202309,17.75,0.6,55.94,0.89,0.01032,0.00847,0.00319
41.08,29.14,202310,11.5,0.52,63.42,1.83,0.00669,0.0096,0.00655
41.08,29.14,202311,6.57,0.42,78.12,6.97,0.00382,0.01183,0.02496
41.08,29.14,202312,4.93,0.38,71.96,2.45,0.00287,0.01089,0.00877
41.08,29.17,202301,5.47,0.38,77.44,0.72,0.00318,0.01172,0.00258
41.08,29.17,202302,8.67,0.44,75.84,2.53,0.00504,0.01148,0.00906
41.08,29.17,202303,10.41,0.38,81.4,2.88,0.00606,0.01232,0.01031
41.08,29.17,202304,15.39,0.45,77.59,3.03,0.00895,0.01175,0.01085
41.08,29.17,202305,18.83,0.48,75.98,1.35,0.01095,0.0115,0.00483
41.08,29.17,202306,23.93,0.57,50.76,1.56,0.01392,0.00768,0.00559
41.08,29.17,202307,25.58,0.63,28.76,0.79,0.01488,0.00435,0.00283
41.08,29.17,202308,21.98,0.61,33.24,0.51,0.01279,0.00503,0.00183
41.08,29.17,202309,17.75,0.6,55.94,0.89,0.01032,0.00847,0.00319
41.08,29.17,202310,11.5,0.52,63.42,1.83,0.00669,0.0096,0.00655
41.08,29.17,202311,6.57,0.42,78.12,6.97,0.00382,0.01183,0.02496
41.08,29.17,202312,4.93,0.38,71.96,2.45,0.00287,0.01089,0.00877
41.08,29.2,202301,5.47,0.38,77.44,0.72,0.00318,0.01172,0.00258
41.08,29.2,202302,8.67,0.44,75.84,2.53,0.00504,0.01148,0.00906
41.08,29.2,202303,10.41,0.38,81.4,2.88,0.00606,0.01232,0.01031
41.08,29.2,202304,15.39,0.45,77.59,3.03,0.00895,0.01175,0.01085
41.08,29.2,202305,18.83,0.48,75.98,1.35,0.01095,0.0115,0.00483
41.08,29.2,202306,23.93,0.57,50.76,1.56,0.01392,0.00768,0.00559
41.08,29.2,202307,25.58,0.63,28.76,0.79,0.01488,0.00435,0.00283
41.08,29.2,202308,21.98,0.61,33.24,0.51,0.01279,0.00503,0.00183
41.08,29.2,202309,17.75,0.6,55.94,0.89,0.01032,0.00847,0.00319
41.08,29.2,202310,11.5,0.52,63.42,1.83,0.00669,0.0096,0.00655
41.08,29.2,202311,6.57,0.42,78.12,6.97,0.00382,0.01183,0.02496
41.08,29.2,202312,4.93,0.38,71.96,2.45,0.00287,0.01089,0.00877
41.08,29.23,202301,5.47,0.38,77.44,0.72,0.00318,0.01172,0.00258
41.08,29.23,202302,8.67,0.44,75.84,2.53,0.00504,0.01148,0.00906
41.08,29.23,202303,10.41,0.38,81.4,2.88,0.00606,0.01232,0.01031
41.08,29.23,202304,15.39,0.45,77.59,3.03,0.00895,0.01175,0.01085
41.08,29.23,202305,18.83,0.48,75.98,1.35,0.01095,0.0115,0.00483
41.08,29.23,202306,23.93,0.57,50.76,1.56,0.01392,0.00768,0.00559
41.08,29.23,202307,25.58,0.63,28.76,0.79,0.01488,0.00435,0.00283
41.08,29.23,202308,21.98,0.61,33.24,0.51,0.01279,0.00503,0.00183
41.08,29.23,202309,17.75,0.6,55.94,0.89,0.01032,0.00847,0.00319
41.08,29.23,202310,11.5,0.52,63.42,1.83,0.00669,0.0096,0.00655
41.08,29.23,202311,6.57,0.42,78.12,6.97,0.00382,0.01183,0.02496
41.08,29.23,202312,4.93,0.38,71.96,2.45,0.00287,0.01089,0.00877
41.08,29.26,202301,5.47,0.38,77.44,0.72,0.00318,0.01172,0.00258
41.08,29.26,202302,8.67,0.44,75.84,2.53,0.00504,0.01148,0.00906
41.08,29.26,202303,10.41,0.38,81.4,2.88,0.00606,0.01232,0.01031
41.08,29.26,202304,15.39,0.45,77.59,3.03,0.00895,0.01175,0.01085
41.08,29.26,202305,18.83,0.48,75.98,1.35,0.01095,0.0115,0.00483
41.08,29.26,202306,23.93,0.57,50.76,1.56,0.01392,0.00768,0.00559
41.08,29.26,202307,25.58,0.63,28.76,0.79,0.01488,0.00435,0.00283
41.08,29.26,202308,21.98,0.61,33.24,0.51,0.01279,0.00503,0.00183
41.08,29.26,202309,17.75,0.6,55.94,0.89,0.01032,0.00847,0.00319
41.08,29.26,202310,11.5,0.52,63.42,1.83,0.00669,0.0096,0.00655
41.08,29.26,202311,6.57,0.42,78.12,6.97,0.00382,0.01183,0.02496
41.08,29.26,202312,4.93,0.38,71.96,2.45,0.00287,0.01089,0.00877
41.08,29.29,202301,5.47,0.38,77.44,0.72,0.00318,0.01172,0.00258
41.08,29.29,202302,8.67,0.44,75.84,2.53,0.00504,0.01148,0.00906
41.08,29.29,202303,10.41,0.38,81.4,2.88,0.00606,0.01232,0.01031
41.08,29.29,202304,15.39,0.45,77.59,3.03,0.00895,0.01175,0.01085
41.08,29.29,202305,18.83,0.48,75.98,1.35,0.01095,0.0115,0.00483
41.08,29.29,202306,23.93,0.57,50.76,1.56,0.01392,0.00768,0.00559
41.08,29.29,202307,25.58,0.63,28.76,0.79,0.01488,0.00435,0.00283
41.08,29.29,202308,21.98,0.61,33.24,0.51,0.01279,0.00503,0.00183
41.08,29.29,202309,17.75,0.6,55.94,0.89,0.01032,0.00847,0.00319
41.08,29.29,202310,11.5,0.52,63.42,1.83,0.00669,0.0096,0.00655
41.08,29.29,202311,6.57,0.42,78.12,6.97,0.00382,0.01183,0.02496
41.08,29.29,202312,4.93,0.38,71.96,2.45,0.00287,0.01089,0.00877
41.08,29.32,202301,5.47,0.38,77.44,0.72,0.00318,0.01172,0.00258
41.08,29.32,202302,8.67,0.44,75.84,2.53,0.00504,0.01148,0.00906
41.08,29.32,202303,10.41,0.38,81.4,2.88,0.00606,0.01232,0.01031
41.08,29.32,202304,15.39,0.45,77.59,3.03,0.00895,0.01175,0.01085
41.08,29.32,202305,18.83,0.48,75.98,1.35,0.01095,0.0115,0.00483
41.08,29.32,202306,23.93,0.57,50.76,1.56,0.01392,0.00768,0.00559
41.08,29.32,202307,25.58,0.63,28.76,0.79,0.01488,0.00435,0.00283
41.08,29.32,202308,21.98,0.61,33.24,0.51,0.01279,0.00503,0.00183
41.08,29.32,202309,17.75,0.6,55.94,0.89,0.01032,0.00847,0.00319
41.08,29.32,202310,11.5,0.52,63.42,1.83,0.00669,0.0096,0.00655
41.08,29.32,202311,6.57,0.42,78.12,6.97,0.00382,0.01183,0.02496
41.08,29.32,202312,4.93,0.38,71.96,2.45,0.00287,0.01089,0.00877
41.08,29.35,202301,5.47,0.38,77.44,0.72,0.00318,0.01172,0.00258
41.08,29.35,202302,8.67,0.44,75.84,2.53,0.00504,0.01148,0.00906
41.08,29.35,202303,10.41,0.38,81.4,2.88,0.00606,0.01232,0.01031
41.08,29.35,202304,15.39,0.45,77.59,3.03,0.00895,0.01175,0.01085
41.08,29.35,202305,18.83,0.48,75.98,1.35,0.01095,0.0115,0.00483
41.08,29.35,202306,23.93,0.57,50.76,1.56,0.01392,0.00768,0.00559
41.08,29.35,202307,25.58,0.63,28.76,0.79,0.01488,0.00435,0.00283
41.08,29.35,202308,21.98,0.61,33.24,0.51,0.01279,0.00503,0.00183
41.08,29.35,202309,17.75,0.6,55.94,0.89,0.01032,0.00847,0.00319
41.08,29.35,202310,11.5,0.52,63.42,1.83,0.00669,0.0096,0.00655
41.08,29.35,202311,6.57,0.42,78.12,6.97,0.00382,0.01183,0.02496
41.08,29.35,202312,4.93,0.38,71.96,2.45,0.00287,0.01089,0.00877
41.08,29.38,202301,5.47,0.38,77.44,0.72,0.00318,0.01172,0.00258
41.08,29.38,202302,8.67,0.44,75.84,2.53,0.00504,0.01148,0.00906
41.08,29.38,202303,10.41,0.38,81.4,2.88,0.00606,0.01232,0.01031
41.08,29.38,202304,15.39,0.45,77.59,3.03,0.00895,0.01175,0.01085
41.08,29.38,202305,18.83,0.48,75.98,1.35,0.01095,0.0115,0.00483
41.08,29.38,202306,23.93,0.57,50.76,1.56,0.01392,0.00768,0.00559
41.08,29.38,202307,25.58,0.63,28.76,0.79,0.01488,0.00435,0.00283
41.08,29.38,202308,21.98,0.61,33.24,0.51,0.01279,0.00503,0.00183
41.08,29.38,202309,17.75,0.6,55.94,0.89,0.01032,0.00847,0.00319
41.08,29.38,202310,11.5,0.52,63.42,1.83,0.00669,0.0096,0.00655
41.08,29.38,202311,6.57,0.42,78.12,6.97,0.00382,0.01183,0.02496
41.08,29.38,202312,4.93,0.38,71.96,2.45,0.00287,0.01089,0.00877
41.08,29.41,202301,5.47,0.38,77.44,0.72,0.00318,0.01172,0.00258
41.08,29.41,202302,8.67,0.44,75.84,2.53,0.00504,0.01148,0.00906
41.08,29.41,202303,10.41,0.38,81.4,2.88,0.00606,0.01232,0.01031
41.08,29.41,202304,15.39,0.45,77.59,3.03,0.00895,0.01175,0.01085
41.08,29.41,202305,18.83,0.48,75.98,1.35,0.01095,0.0115,0.00483
41.08,29.41,202306,23.93,0.57,50.76,1.56,0.01392,0.00768,0.00559
41.08,29.41,202307,25.58,0.63,28.76,0.79,0.01488,0.00435,0.00283
41.08,29.41,202308,21.98,0.61,33.24,0.51,0.01279,0.00503,0.00183
41.08,29.41,202309,17.75,0.6,55.94,0.89,0.01032,0.00847,0.00319
41.08,29.41,202310,11.5,0.52,63.42,1.83,0.00669,0.0096,0.00655
41.08,29.41,202311,6.57,0.42,78.12,6.97,0.00382,0.01183,0.02496
41.08,29.41,202312,4.93,0.38,71.96,2.45,0.00287,0.01089,0.00877
41.08,29.44,202301,5.47,0.38,77.44,0.72,0.00318,0.01172,0.00258
41.08,29.44,202302,8.67,0.44,75.84,2.53,0.00504,0.01148,0.00906
41.08,29.44,202303,10.41,0.38,81.4,2.88,0.00606,0.01232,0.01031
41.08,29.44,202304,15.39,0.45,77.59,3.03,0.00895,0.01175,0.01085
41.08,29.44,202305,18.83,0.48,75.98,1.35,0.01095,0.0115,0.00483
41.08,29.44,202306,23.93,0.57,50.76,1.56,0.01392,0.00768,0.00559
41.08,29.44,202307,25.58,0.63,28.76,0.79,0.01488,0.00435,0.00283
41.08,29.44,202308,21.98,0.61,33.24,0.51,0.01279,0.00503,0.00183
41.08,29.44,202309,17.75,0.6,55.94,0.89,0.01032,0.00847,0.00319
41.08,29.44,202310,11.5,0.52,63.42,1.83,0.00669,0.0096,0.00655
41.08,29.44,202311,6.57,0.42,78.12,6.97,0.00382,0.01183,0.02496
41.08,29.44,202312,4.93,0.38,71.96,2.45,0.00287,0.01089,0.00877
41.08,29.47,202301,5.47,0.38,77.44,0.72,0.00318,0.01172,0.00258
41.08,29.47,202302,8.67,0.44,75.84,2.53,0.00504,0.01148,0.00906
41.08,29.47,202303,10.41,0.38,81.4,2.88,0.00606,0.01232,0.01031
41.08,29.47,202304,15.39,0.45,77.59,3.03,0.00895,0.01175,0.01085
41.08,29.47,202305,18.83,0.48,75.98,1.35,0.01095,0.0115,0.00483
41.08,29.47,202306,23.93,0.57,50.76,1.56,0.01392,0.00768,0.00559
41.08,29.47,202307,25.58,0.63,28.76,0.79,0.01488,0.00435,0.00283
41.08,29.47,202308,21.98,0.61,33.24,0.51,0.01279,0.00503,0.00183
41.08,29.47,202309,17.75,0.6,55.94,0.89,0.01032,0.00847,0.00319
41.08,29.47,202310,11.5,0.52,63.42,1.83,0.00669,0.0096,0.00655
41.08,29.47,202311,6.57,0.42,78.12,6.97,0.00382,0.01183,0.02496
41.08,29.47,202312,4.93,0.38,71.96,2.45,0.00287,0.01089,0.00877
41.08,29.5,202301,5.47,0.38,77.44,0.72,0.00318,0.01172,0.00258
41.08,29.5,202302,8.67,0.44,75.84,2.53,0.00504,0.01148,0.00906
41.08,29.5,202303,10.41,0.38,81.4,2.88,0.00606,0.01232,0.01031
41.08,29.5,202304,15.39,0.45,77.59,3.03,0.00895,0.01175,0.01085
41.08,29.5,202305,18.83,0.48,75.98,1.35,0.01095,0.0115,0.00483
41.08,29.5,202306,23.93,0.57,50.76,1.56,0.01392,0.00768,0.00559
41.08,29.5,202307,25.58,0.63,28.76,0.79,0.01488,0.00435,0.00283
41.08,29.5,202308,21.98,0.61,33.24,0.51,0.01279,0.00503,0.00183
41.08,29.5,202309,17.75,0.6,55.94,0.89,0.01032,0.00847,0.00319
41.08,29.5,202310,11.5,0.52,63.42,1.83,0.00669,0.0096,0.00655
41.08,29.5,202311,6.57,0.42,78.12,6.97,0.00382,0.01183,0.02496
41.08,29.5,202312,4.93,0.38,71.96,2.45,0.00287,0.01089,0.00877
41.08,29.53,202301,5.47,0.38,77.44,0.72,0.00318,0.01172,0.00258
41.08,29.53,202302,8.67,0.44,75.84,2.53,0.00504,0.01148,0.00906
41.08,29.53,202303,10.41,0.38,81.4,2.88,0.00606,0.01232,0.01031
41.08,29.53,202304,15.39,0.45,77.59,3.03,0.00895,0.01175,0.01085
41.08,29.53,202305,18.83,0.48,75.98,1.35,0.01095,0.0115,0.00483
41.08,29.53,202306,23.93,0.57,50.76,1.56,0.01392,0.00768,0.00559
41.08,29.53,202307,25.58,0.63,28.76,0.79,0.01488,0.00435,0.00283
41.08,29.53,202308,21.98,0.61,33.24,0.51,0.01279,0.00503,0.00183
41.08,29.53,202309,17.75,0.6,55.94,0.89,0.01032,0.00847,0.00319
41.08,29.53,202310,11.5,0.52,63.42,1.83,0.00669,0.0096,0.00655
41.08,29.53,202311,6.57,0.42,78.12,6.97,0.00382,0.01183,0.02496
41.08,29.53,202312,4.93,0.38,71.96,2.45,0.00287,0.01089,0.00877
41.08,29.56,202301,5.47,0.38,77.44,0.72,0.00318,0.01172,0.00258
41.08,29.56,202302,8.67,0.44,75.84,2.53,0.00504,0.01148,0.00906
41.08,29.56,202303,10.41,0.38,81.4,2.88,0.00606,0.01232,0.01031
41.08,29.56,202304,15.39,0.45,77.59,3.03,0.00895,0.01175,0.01085
41.08,29.56,202305,18.83,0.48,75.98,1.35,0.01095,0.0115,0.00483
41.08,29.56,202306,23.93,0.57,50.76,1.56,0.01392,0.00768,0.00559
41.08,29.56,202307,25.58,0.63,28.76,0.79,0.01488,0.00435,0.00283
41.08,29.56,202308,21.98,0.61,33.24,0.51,0.01279,0.00503,0.00183
41.08,29.56,202309,17.75,0.6,55.94,0.89,0.01032,0.00847,0.00319
41.08,29.56,202310,11.5,0.52,63.42,1.83,0.00669,0.0096,0.00655
41.08,29.56,202311,6.57,0.42,78.12,6.97,0.00382,0.01183,0.02496
41.08,29.56,202312,4.93,0.38,71.96,2.45,0.00287,0.01089,0.00877
41.08,29.59,202301,5.47,0.38,77.44,0.72,0.00318,0.01172,0.00258
41.08,29.59,202302,8.67,0.44,75.84,2.53,0.00504,0.01148,0.00906
41.08,29.59,202303,10.41,0.38,81.4,2.88,0.00606,0.01232,0.01031
41.08,29.59,202304,15.39,0.45,77.59,3.03,0.00895,0.01175,0.01085
41.08,29.59,202305,18.83,0.48,75.98,1.35,0.01095,0.0115,0.00483
41.08,29.59,202306,23.93,0.57,50.76,1.56,0.01392,0.00768,0.00559
41.08,29.59,202307,25.58,0.63,28.76,0.79,0.01488,0.00435,0.00283
41.08,29.59,202308,21.98,0.61,33.24,0.51,0.01279,0.00503,0.00183
41.08,29.59,202309,17.75,0.6,55.94,0.89,0.01032,0.00847,0.00319
41.08,29.59,202310,11.5,0.52,63.42,1.83,0.00669,0.0096,0.00655
41.08,29.59,202311,6.57,0.42,78.12,6.97,0.00382,0.01183,0.02496
41.08,29.59,202312,4.93,0.38,71.96,2.45,0.00287,0.01089,0.00877
41.08,29.62,202301,5.47,0.38,77.44,0.72,0.00318,0.01172,0.00258
41.08,29.62,202302,8.67,0.44,75.84,2.53,0.00504,0.01148,0.00906
41.08,29.62,202303,10.41,0.38,81.4,2.88,0.00606,0.01232,0.01031
41.08,29.62,202304,15.39,0.45,77.59,3.03,0.00895,0.01175,0.01085
41.08,29.62,202305,18.83,0.48,75.98,1.35,0.01095,0.0115,0.00483
41.08,29.62,202306,23.93,0.57,50.76,1.56,0.01392,0.00768,0.00559
41.08,29.62,202307,25.58,0.63,28.76,0.79,0.01488,0.00435,0.00283
41.08,29.62,202308,21.98,0.61,33.24,0.51,0.01279,0.00503,0.00183
41.08,29.62,202309,17.75,0.6,55.94,0.89,0.01032,0.00847,0.00319
41.08,29.62,202310,11.5,0.52,63.42,1.83,0.00669,0.0096,0.00655
41.08,29.62,202311,6.57,0.42,78.12,6.97,0.00382,0.01183,0.02496
41.08,29.62,202312,4.93,0.38,71.96,2.45,0.00287,0.01089,0.00877
41.08,29.65,202301,5.47,0.38,77.44,0.72,0.00318,0.01172,0.00258
41.08,29.65,202302,8.67,0.44,75.84,2.53,0.00504,0.01148,0.00906
41.08,29.65,202303,10.41,0.38,81.4,2.88,0.00606,0.01232,0.01031
41.08,29.65,202304,15.39,0.45,77.59,3.03,0.00895,0.01175,0.01085
41.08,29.65,202305,18.83,0.48,75.98,1.35,0.01095,0.0115,0.00483
41.08,29.65,202306,23.93,0.57,50.76,1.56,0.01392,0.00768,0.00559
41.08,29.65,202307,25.58,0.63,28.76,0.79,0.01488,0.00435,0.00283
41.08,29.65,202308,21.98,0.61,33.24,0.51,0.01279,0.00503,0.00183
41.08,29.65,202309,17.75,0.6,55.94,0.89,0.01032,0.00847,0.00319
41.08,29.65,202310,11.5,0.52,63.42,1.83,0.00669,0.0096,0.00655
41.08,29.65,202311,6.57,0.42,78.12,6.97,0.00382,0.01183,0.02496
41.08,29.65,202312,4.93,0.38,71.96,2.45,0.00287,0.01089,0.00877
41.08,29.68,202301,5.47,0.38,77.44,0.72,0.00318,0.01172,0.00258
41.08,29.68,202302,8.67,0.44,75.84,2.53,0.00504,0.01148,0.00906
41.08,29.68,202303,10.41,0.38,81.4,2.88,0.00606,0.01232,0.01031
41.08,29.68,202304,15.39,0.45,77.59,3.03,0.00895,0.01175,0.01085
41.08,29.68,202305,18.83,0.48,75.98,1.35,0.01095,0.0115,0.00483
41.08,29.68,202306,23.93,0.57,50.76,1.56,0.01392,0.00768,0.00559
41.08,29.68,202307,25.58,0.63,28.76,0.79,0.01488,0.00435,0.00283
41.08,29.68,202308,21.98,0.61,33.24,0.51,0.01279,0.00503,0.00183
41.08,29.68,202309,17.75,0.6,55.94,0.89,0.01032,0.00847,0.00319
41.08,29.68,202310,11.5,0.52,63.42,1.83,0.00669,0.0096,0.00655
41.08,29.68,202311,6.57,0.42,78.12,6.97,0.00382,0.01183,0.02496
41.08,29.68,202312,4.93,0.38,71.96,2.45,0.00287,0.01089,0.00877
41.08,29.71,202301,5.47,0.38,77.44,0.81,0.00318,0.01172,0.0029
41.08,29.71,202302,8.67,0.44,75.84,3.12,0.00504,0.01148,0.01117
41.08,29.71,202303,10.41,0.38,81.4,3.56,0.00606,0.01232,0.01275
41.08,29.71,202304,15.39,0.45,77.59,3.15,0.00895,0.01175,0.01128
41.08,29.71,202305,18.83,0.48,75.98,1.85,0.01095,0.0115,0.00663
41.08,29.71,202306,23.93,0.57,50.76,3.94,0.01392,0.00768,0.01411
41.08,29.71,202307,25.58,0.63,28.76,2.15,0.01488,0.00435,0.0077
41.08,29.71,202308,21.98,0.61,33.24,0.82,0.01279,0.00503,0.00294
41.08,29.71,202309,17.75,0.6,55.94,0.95,0.01032,0.00847,0.0034
41.08,29.71,202310,11.5,0.52,63.42,2.61,0.00669,0.0096,0.00935
41.08,29.71,202311,6.57,0.42,78.12,6.92,0.00382,0.01183,0.02478
41.08,29.71,202312,4.93,0.38,71.96,2.87,0.00287,0.01089,0.01028
41.08,29.74,202301,5.47,0.38,77.44,0.81,0.00318,0.01172,0.0029
41.08,29.74,202302,8.67,0.44,75.84,3.12,0.00504,0.01148,0.01117
41.08,29.74,202303,10.41,0.38,81.4,3.56,0.00606,0.01232,0.01275
41.08,29.74,202304,15.39,0.45,77.59,3.15,0.00895,0.01175,0.01128
41.08,29.74,202305,18.83,0.48,75.98,1.85,0.01095,0.0115,0.00663
41.08,29.74,202306,23.93,0.57,50.76,3.94,0.01392,0.00768,0.01411
41.08,29.74,202307,25.58,0.63,28.76,2.15,0.01488,0.00435,0.0077
41.08,29.74,202308,21.98,0.61,33.24,0.82,0.01279,0.00503,0.00294
41.08,29.74,202309,17.75,0.6,55.94,0.95,0.01032,0.00847,0.0034
41.08,29.74,202310,11.5,0.52,63.42,2.61,0.00669,0.0096,0.00935
41.08,29.74,202311,6.57,0.42,78.12,6.92,0.00382,0.01183,0.02478
41.08,29.74,202312,4.93,0.38,71.96,2.87,0.00287,0.01089,0.01028
41.08,29.77,202301,5.47,0.38,77.44,0.81,0.00318,0.01172,0.0029
41.08,29.77,202302,8.67,0.44,75.84,3.12,0.00504,0.01148,0.01117
41.08,29.77,202303,10.41,0.38,81.4,3.56,0.00606,0.01232,0.01275
41.08,29.77,202304,15.39,0.45,77.59,3.15,0.00895,0.01175,0.01128
41.08,29.77,202305,18.83,0.48,75.98,1.85,0.01095,0.0115,0.00663
41.08,29.77,202306,23.93,0.57,50.76,3.94,0.01392,0.00768,0.01411
41.08,29.77,202307,25.58,0.63,28.76,2.15,0.01488,0.00435,0.0077
41.08,29.77,202308,21.98,0.61,33.24,0.82,0.01279,0.00503,0.00294
41.08,29.77,202309,17.75,0.6,55.94,0.95,0.01032,0.00847,0.0034
41.08,29.77,202310,11.5,0.52,63.42,2.61,0.00669,0.0096,0.00935
41.08,29.77,202311,6.57,0.42,78.12,6.92,0.00382,0.01183,0.02478
41.08,29.77,202312,4.93,0.38,71.96,2.87,0.00287,0.01089,0.01028
41.08,29.8,202301,5.47,0.38,77.44,0.81,0.00318,0.01172,0.0029
41.08,29.8,202302,8.67,0.44,75.84,3.12,0.00504,0.01148,0.01117
41.08,29.8,202303,10.41,0.38,81.4,3.56,0.00606,0.01232,0.01275
41.08,29.8,202304,15.39,0.45,77.59,3.15,0.00895,0.01175,0.01128
41.08,29.8,202305,18.83,0.48,75.98,1.85,0.01095,0.0115,0.00663
41.08,29.8,202306,23.93,0.57,50.76,3.94,0.01392,0.00768,0.01411
41.08,29.8,202307,25.58,0.63,28.76,2.15,0.01488,0.00435,0.0077
41.08,29.8,202308,21.98,0.61,33.24,0.82,0.01279,0.00503,0.00294
41.08,29.8,202309,17.75,0.6,55.94,0.95,0.01032,0.00847,0.0034
41.08,29.8,202310,11.5,0.52,63.42,2.61,0.00669,0.0096,0.00935
41.08,29.8,202311,6.57,0.42,78.12,6.92,0.00382,0.01183,0.02478
41.08,29.8,202312,4.93,0.38,71.96,2.87,0.00287,0.01089,0.01028
41.08,29.83,202301,5.47,0.38,77.44,0.81,0.00318,0.01172,0.0029
41.08,29.83,202302,8.67,0.44,75.84,3.12,0.00504,0.01148,0.01117
41.08,29.83,202303,10.41,0.38,81.4,3.56,0.00606,0.01232,0.01275
41.08,29.83,202304,15.39,0.45,77.59,3.15,0.00895,0.01175,0.01128
41.08,29.83,202305,18.83,0.48,75.98,1.85,0.01095,0.0115,0.00663
41.08,29.83,202306,23.93,0.57,50.76,3.94,0.01392,0.00768,0.01411
41.08,29.83,202307,25.58,0.63,28.76,2.15,0.01488,0.00435,0.0077
41.08,29.83,202308,21.98,0.61,33.24,0.82,0.01279,0.00503,0.00294
41.08,29.83,202309,17.75,0.6,55.94,0.95,0.01032,0.00847,0.0034
41.08,29.83,202310,11.5,0.52,63.42,2.61,0.00669,0.0096,0.00935
41.08,29.83,202311,6.57,0.42,78.12,6.92,0.00382,0.01183,0.02478
41.08,29.83,202312,4.93,0.38,71.96,2.87,0.00287,0.01089,0.01028
41.08,29.86,202301,5.47,0.38,77.44,0.81,0.00318,0.01172,0.0029
41.08,29.86,202302,8.67,0.44,75.84,3.12,0.00504,0.01148,0.01117
41.08,29.86,202303,10.41,0.38,81.4,3.56,0.00606,0.01232,0.01275
41.08,29.86,202304,15.39,0.45,77.59,3.15,0.00895,0.01175,0.01128
41.08,29.86,202305,18.83,0.48,75.98,1.85,0.01095,0.0115,0.00663
41.08,29.86,202306,23.93,0.57,50.76,3.94,0.01392,0.00768,0.01411
41.08,29.86,202307,25.58,0.63,28.76,2.15,0.01488,0.00435,0.0077
41.08,29.86,202308,21.98,0.61,33.24,0.82,0.01279,0.00503,0.00294
41.08,29.86,202309,17.75,0.6,55.94,0.95,0.01032,0.00847,0.0034
41.08,29.86,202310,11.5,0.52,63.42,2.61,0.00669,0.0096,0.00935
41.08,29.86,202311,6.57,0.42,78.12,6.92,0.00382,0.01183,0.02478
41.08,29.86,202312,4.93,0.38,71.96,2.87,0.00287,0.01089,0.01028
41.08,29.89,202301,5.47,0.38,77.44,0.81,0.00318,0.01172,0.0029
41.08,29.89,202302,8.67,0.44,75.84,3.12,0.00504,0.01148,0.01117
41.08,29.89,202303,10.41,0.38,81.4,3.56,0.00606,0.01232,0.01275
41.08,29.89,202304,15.39,0.45,77.59,3.15,0.00895,0.01175,0.01128
41.08,29.89,202305,18.83,0.48,75.98,1.85,0.01095,0.0115,0.00663
41.08,29.89,202306,23.93,0.57,50.76,3.94,0.01392,0.00768,0.01411
41.08,29.89,202307,25.58,0.63,28.76,2.15,0.01488,0.00435,0.0077
41.08,29.89,202308,21.98,0.61,33.24,0.82,0.01279,0.00503,0.00294
41.08,29.89,202309,17.75,0.6,55.94,0.95,0.01032,0.00847,0.0034
41.08,29.89,202310,11.5,0.52,63.42,2.61,0.00669,0.0096,0.00935
41.08,29.89,202311,6.57,0.42,78.12,6.92,0.00382,0.01183,0.02478
41.08,29.89,202312,4.93,0.38,71.96,2.87,0.00287,0.01089,0.01028
41.1,28.0,202301,5.51,0.38,69.94,0.87,0.00321,0.01059,0.00312
41.1,28.0,202302,8.89,0.45,66.0,1.39,0.00517,0.00999,0.00498
41.1,28.0,202303,11.1,0.41,71.25,2.38,0.00646,0.01079,0.00852
41.1,28.0,202304,15.63,0.45,72.39,3.11,0.00909,0.01096,0.01114
41.1,28.0,202305,18.84,0.48,71.78,1.18,0.01096,0.01087,0.00423
41.1,28.0,202306,24.01,0.58,45.28,0.92,0.01397,0.00686,0.00329
41.1,28.0,202307,26.15,0.65,23.83,0.27,0.01521,0.00361,0.00097
41.1,28.0,202308,21.47,0.59,31.41,0.21,0.01249,0.00476,0.00075
41.1,28.0,202309,16.72,0.56,46.02,0.96,0.00973,0.00697,0.00344
41.1,28.0,202310,11.52,0.52,49.57,0.71,0.0067,0.0075,0.00254
41.1,28.0,202311,6.49,0.41,68.19,6.61,0.00378,0.01032,0.02367
41.1,28.0,202312,4.82,0.38,64.93,2.62,0.0028,0.00983,0.00938
41.1,28.03,202301,5.51,0.38,69.94,0.87,0.00321,0.01059,0.00312
41.1,28.03,202302,8.89,0.45,66.0,1.39,0.00517,0.00999,0.00498
41.1,28.03,202303,11.1,0.41,71.25,2.38,0.00646,0.01079,0.00852
41.1,28.03,202304,15.63,0.45,72.39,3.11,0.00909,0.01096,0.01114
41.1,28.03,202305,18.84,0.48,71.78,1.18,0.01096,0.01087,0.00423
41.1,28.03,202306,24.01,0.58,45.28,0.92,0.01397,0.00686,0.00329
41.1,28.03,202307,26.15,0.65,23.83,0.27,0.01521,0.00361,0.00097
41.1,28.03,202308,21.47,0.59,31.41,0.21,0.01249,0.00476,0.00075
41.1,28.03,202309,16.72,0.56,46.02,0.96,0.00973,0.00697,0.00344
41.1,28.03,202310,11.52,0.52,49.57,0.71,0.0067,0.0075,0.00254
41.1,28.03,202311,6.49,0.41,68.19,6.61,0.00378,0.01032,0.02367
41.1,28.03,202312,4.82,0.38,64.93,2.62,0.0028,0.00983,0.00938
41.1,28.06,202301,5.51,0.38,69.94,0.87,0.00321,0.01059,0.00312
41.1,28.06,202302,8.89,0.45,66.0,1.39,0.00517,0.00999,0.00498
41.1,28.06,202303,11.1,0.41,71.25,2.38,0.00646,0.01079,0.00852
41.1,28.06,202304,15.63,0.45,72.39,3.11,0.00909,0.01096,0.01114
41.1,28.06,202305,18.84,0.48,71.78,1.18,0.01096,0.01087,0.00423
41.1,28.06,202306,24.01,0.58,45.28,0.92,0.01397,0.00686,0.00329
41.1,28.06,202307,26.15,0.65,23.83,0.27,0.01521,0.00361,0.00097
41.1,28.06,202308,21.47,0.59,31.41,0.21,0.01249,0.00476,0.00075
41.1,28.06,202309,16.72,0.56,46.02,0.96,0.00973,0.00697,0.00344
41.1,28.06,202310,11.52,0.52,49.57,0.71,0.0067,0.0075,0.00254
41.1,28.06,202311,6.49,0.41,68.19,6.61,0.00378,0.01032,0.02367
41.1,28.06,202312,4.82,0.38,64.93,2.62,0.0028,0.00983,0.00938
41.1,28.09,202301,5.51,0.38,69.94,0.87,0.00321,0.01059,0.00312
41.1,28.09,202302,8.89,0.45,66.0,1.39,0.00517,0.00999,0.00498
41.1,28.09,202303,11.1,0.41,71.25,2.38,0.00646,0.01079,0.00852
41.1,28.09,202304,15.63,0.45,72.39,3.11,0.00909,0.01096,0.01114
41.1,28.09,202305,18.84,0.48,71.78,1.18,0.01096,0.01087,0.00423
41.1,28.09,202306,24.01,0.58,45.28,0.92,0.01397,0.00686,0.00329
41.1,28.09,202307,26.15,0.65,23.83,0.27,0.01521,0.00361,0.00097
41.1,28.09,202308,21.47,0.59,31.41,0.21,0.01249,0.00476,0.00075
41.1,28.09,202309,16.72,0.56,46.02,0.96,0.00973,0.00697,0.00344
41.1,28.09,202310,11.52,0.52,49.57,0.71,0.0067,0.0075,0.00254
41.1,28.09,202311,6.49,0.41,68.19,6.61,0.00378,0.01032,0.02367
41.1,28.09,202312,4.82,0.38,64.93,2.62,0.0028,0.00983,0.00938
41.1,28.12,202301,5.51,0.38,69.94,0.87,0.00321,0.01059,0.00312
41.1,28.12,202302,8.89,0.45,66.0,1.39,0.00517,0.00999,0.00498
41.1,28.12,202303,11.1,0.41,71.25,2.38,0.00646,0.01079,0.00852
41.1,28.12,202304,15.63,0.45,72.39,3.11,0.00909,0.01096,0.01114
41.1,28.12,202305,18.84,0.48,71.78,1.18,0.01096,0.01087,0.00423
41.1,28.12,202306,24.01,0.58,45.28,0.92,0.01397,0.00686,0.00329
41.1,28.12,202307,26.15,0.65,23.83,0.27,0.01521,0.00361,0.00097
41.1,28.12,202308,21.47,0.59,31.41,0.21,0.01249,0.00476,0.00075
41.1,28.12,202309,16.72,0.56,46.02,0.96,0.00973,0.00697,0.00344
41.1,28.12,202310,11.52,0.52,49.57,0.71,0.0067,0.0075,0.00254
41.1,28.12,202311,6.49,0.41,68.19,6.61,0.00378,0.01032,0.02367
41.1,28.12,202312,4.82,0.38,64.93,2.62,0.0028,0.00983,0.00938
41.1,28.15,202301,5.51,0.38,69.94,0.87,0.00321,0.01059,0.00312
41.1,28.15,202302,8.89,0.45,66.0,1.39,0.00517,0.00999,0.00498
41.1,28.15,202303,11.1,0.41,71.25,2.38,0.00646,0.01079,0.00852
41.1,28.15,202304,15.63,0.45,72.39,3.11,0.00909,0.01096,0.01114
41.1,28.15,202305,18.84,0.48,71.78,1.18,0.01096,0.01087,0.00423
41.1,28.15,202306,24.01,0.58,45.28,0.92,0.01397,0.00686,0.00329
41.1,28.15,202307,26.15,0.65,23.83,0.27,0.01521,0.00361,0.00097
41.1,28.15,202308,21.47,0.59,31.41,0.21,0.01249,0.00476,0.00075
41.1,28.15,202309,16.72,0.56,46.02,0.96,0.00973,0.00697,0.00344
41.1,28.15,202310,11.52,0.52,49.57,0.71,0.0067,0.0075,0.00254
41.1,28.15,202311,6.49,0.41,68.19,6.61,0.00378,0.01032,0.02367
41.1,28.15,202312,4.82,0.38,64.93,2.62,0.0028,0.00983,0.00938
41.1,28.18,202301,5.51,0.38,69.94,0.87,0.00321,0.01059,0.00312
41.1,28.18,202302,8.89,0.45,66.0,1.39,0.00517,0.00999,0.00498
41.1,28.18,202303,11.1,0.41,71.25,2.38,0.00646,0.01079,0.00852
41.1,28.18,202304,15.63,0.45,72.39,3.11,0.00909,0.01096,0.01114
41.1,28.18,202305,18.84,0.48,71.78,1.18,0.01096,0.01087,0.00423
41.1,28.18,202306,24.01,0.58,45.28,0.92,0.01397,0.00686,0.00329
41.1,28.18,202307,26.15,0.65,23.83,0.27,0.01521,0.00361,0.00097
41.1,28.18,202308,21.47,0.59,31.41,0.21,0.01249,0.00476,0.00075
41.1,28.18,202309,16.72,0.56,46.02,0.96,0.00973,0.00697,0.00344
41.1,28.18,202310,11.52,0.52,49.57,0.71,0.0067,0.0075,0.00254
41.1,28.18,202311,6.49,0.41,68.19,6.61,0.00378,0.01032,0.02367
41.1,28.18,202312,4.82,0.38,64.93,2.62,0.0028,0.00983,0.00938
41.1,28.21,202301,5.51,0.38,69.94,0.87,0.00321,0.01059,0.00312
41.1,28.21,202302,8.89,0.45,66.0,1.39,0.00517,0.00999,0.00498
41.1,28.21,202303,11.1,0.41,71.25,2.38,0.00646,0.01079,0.00852
41.1,28.21,202304,15.63,0.45,72.39,3.11,0.00909,0.01096,0.01114
41.1,28.21,202305,18.84,0.48,71.78,1.18,0.01096,0.01087,0.00423
41.1,28.21,202306,24.01,0.58,45.28,0.92,0.01397,0.00686,0.00329
41.1,28.21,202307,26.15,0.65,23.83,0.27,0.01521,0.00361,0.00097
41.1,28.21,202308,21.47,0.59,31.41,0.21,0.01249,0.00476,0.00075
41.1,28.21,202309,16.72,0.56,46.02,0.96,0.00973,0.00697,0.00344
41.1,28.21,202310,11.52,0.52,49.57,0.71,0.0067,0.0075,0.00254
41.1,28.21,202311,6.49,0.41,68.19,6.61,0.00378,0.01032,0.02367
41.1,28.21,202312,4.82,0.38,64.93,2.62,0.0028,0.00983,0.00938
41.1,28.24,202301,5.51,0.38,69.94,0.87,0.00321,0.01059,0.00312
41.1,28.24,202302,8.89,0.45,66.0,1.39,0.00517,0.00999,0.00498
41.1,28.24,202303,11.1,0.41,71.25,2.38,0.00646,0.01079,0.00852
41.1,28.24,202304,15.63,0.45,72.39,3.11,0.00909,0.01096,0.01114
41.1,28.24,202305,18.84,0.48,71.78,1.18,0.01096,0.01087,0.00423
41.1,28.24,202306,24.01,0.58,45.28,0.92,0.01397,0.00686,0.00329
41.1,28.24,202307,26.15,0.65,23.83,0.27,0.01521,0.00361,0.00097
41.1,28.24,202308,21.47,0.59,31.41,0.21,0.01249,0.00476,0.00075
41.1,28.24,202309,16.72,0.56,46.02,0.96,0.00973,0.00697,0.00344
41.1,28.24,202310,11.52,0.52,49.57,0.71,0.0067,0.0075,0.00254
41.1,28.24,202311,6.49,0.41,68.19,6.61,0.00378,0.01032,0.02367
41.1,28.24,202312,4.82,0.38,64.93,2.62,0.0028,0.00983,0.00938
41.1,28.27,202301,5.51,0.38,69.94,0.87,0.00321,0.01059,0.00312
41.1,28.27,202302,8.89,0.45,66.0,1.39,0.00517,0.00999,0.00498
41.1,28.27,202303,11.1,0.41,71.25,2.38,0.00646,0.01079,0.00852
41.1,28.27,202304,15.63,0.45,72.39,3.11,0.00909,0.01096,0.01114
41.1,28.27,202305,18.84,0.48,71.78,1.18,0.01096,0.01087,0.00423
41.1,28.27,202306,24.01,0.58,45.28,0.92,0.01397,0.00686,0.00329
41.1,28.27,202307,26.15,0.65,23.83,0.27,0.01521,0.00361,0.00097
41.1,28.27,202308,21.47,0.59,31.41,0.21,0.01249,0.00476,0.00075
41.1,28.27,202309,16.72,0.56,46.02,0.96,0.00973,0.00697,0.00344
41.1,28.27,202310,11.52,0.52,49.57,0.71,0.0067,0.0075,0.00254
41.1,28.27,202311,6.49,0.41,68.19,6.61,0.00378,0.01032,0.02367
41.1,28.27,202312,4.82,0.38,64.93,2.62,0.0028,0.00983,0.00938
41.1,28.3,202301,5.51,0.38,69.94,0.87,0.00321,0.01059,0.00312
41.1,28.3,202302,8.89,0.45,66.0,1.39,0.00517,0.00999,0.00498
41.1,28.3,202303,11.1,0.41,71.25,2.38,0.00646,0.01079,0.00852
41.1,28.3,202304,15.63,0.45,72.39,3.11,0.00909,0.01096,0.01114
41.1,28.3,202305,18.84,0.48,71.78,1.18,0.01096,0.01087,0.00423
41.1,28.3,202306,24.01,0.58,45.28,0.92,0.01397,0.00686,0.00329
41.1,28.3,202307,26.15,0.65,23.83,0.27,0.01521,0.00361,0.00097
41.1,28.3,202308,21.47,0.59,31.41,0.21,0.01249,0.00476,0.00075
41.1,28.3,202309,16.72,0.56,46.02,0.96,0.00973,0.00697,0.00344
41.1,28.3,202310,11.52,0.52,49.57,0.71,0.0067,0.0075,0.00254
41.1,28.3,202311,6.49,0.41,68.19,6.61,0.00378,0.01032,0.02367
41.1,28.3,202312,4.82,0.38,64.93,2.62,0.0028,0.00983,0.00938
41.1,28.33,202301,5.51,0.38,69.94,0.87,0.00321,0.01059,0.00312
41.1,28.33,202302,8.89,0.45,66.0,1.39,0.00517,0.00999,0.00498
41.1,28.33,202303,11.1,0.41,71.25,2.38,0.00646,0.01079,0.00852
41.1,28.33,202304,15.63,0.45,72.39,3.11,0.00909,0.01096,0.01114
41.1,28.33,202305,18.84,0.48,71.78,1.18,0.01096,0.01087,0.00423
41.1,28.33,202306,24.01,0.58,45.28,0.92,0.01397,0.00686,0.00329
41.1,28.33,202307,26.15,0.65,23.83,0.27,0.01521,0.00361,0.00097
41.1,28.33,202308,21.47,0.59,31.41,0.21,0.01249,0.00476,0.00075
41.1,28.33,202309,16.72,0.56,46.02,0.96,0.00973,0.00697,0.00344
41.1,28.33,202310,11.52,0.52,49.57,0.71,0.0067,0.0075,0.00254
41.1,28.33,202311,6.49,0.41,68.19,6.61,0.00378,0.01032,0.02367
41.1,28.33,202312,4.82,0.38,64.93,2.62,0.0028,0.00983,0.00938
41.1,28.36,202301,5.51,0.38,69.94,0.87,0.00321,0.01059,0.00312
41.1,28.36,202302,8.89,0.45,66.0,1.39,0.00517,0.00999,0.00498
41.1,28.36,202303,11.1,0.41,71.25,2.38,0.00646,0.01079,0.00852
41.1,28.36,202304,15.63,0.45,72.39,3.11,0.00909,0.01096,0.01114
41.1,28.36,202305,18.84,0.48,71.78,1.18,0.01096,0.01087,0.00423
41.1,28.36,202306,24.01,0.58,45.28,0.92,0.01397,0.00686,0.00329
41.1,28.36,202307,26.15,0.65,23.83,0.27,0.01521,0.00361,0.00097
41.1,28.36,202308,21.47,0.59,31.41,0.21,0.01249,0.00476,0.00075
41.1,28.36,202309,16.72,0.56,46.02,0.96,0.00973,0.00697,0.00344
41.1,28.36,202310,11.52,0.52,49.57,0.71,0.0067,0.0075,0.00254
41.1,28.36,202311,6.49,0.41,68.19,6.61,0.00378,0.01032,0.02367
41.1,28.36,202312,4.82,0.38,64.93,2.62,0.0028,0.00983,0.00938
41.1,28.39,202301,5.51,0.38,69.94,0.87,0.00321,0.01059,0.00312
41.1,28.39,202302,8.89,0.45,66.0,1.39,0.00517,0.00999,0.00498
41.1,28.39,202303,11.1,0.41,71.25,2.38,0.00646,0.01079,0.00852
41.1,28.39,202304,15.63,0.45,72.39,3.11,0.00909,0.01096,0.01114
41.1,28.39,202305,18.84,0.48,71.78,1.18,0.01096,0.01087,0.00423
41.1,28.39,202306,24.01,0.58,45.28,0.92,0.01397,0.00686,0.00329
41.1,28.39,202307,26.15,0.65,23.83,0.27,0.01521,0.00361,0.00097
41.1,28.39,202308,21.47,0.59,31.41,0.21,0.01249,0.00476,0.00075
41.1,28.39,202309,16.72,0.56,46.02,0.96,0.00973,0.00697,0.00344
41.1,28.39,202310,11.52,0.52,49.57,0.71,0.0067,0.0075,0.00254
41.1,28.39,202311,6.49,0.41,68.19,6.61,0.00378,0.01032,0.02367
41.1,28.39,202312,4.82,0.38,64.93,2.62,0.0028,0.00983,0.00938
41.1,28.42,202301,5.51,0.38,69.94,0.87,0.00321,0.01059,0.00312
41.1,28.42,202302,8.89,0.45,66.0,1.39,0.00517,0.00999,0.00498
41.1,28.42,202303,11.1,0.41,71.25,2.38,0.00646,0.01079,0.00852
41.1,28.42,202304,15.63,0.45,72.39,3.11,0.00909,0.01096,0.01114
41.1,28.42,202305,18.84,0.48,71.78,1.18,0.01096,0.01087,0.00423
41.1,28.42,202306,24.01,0.58,45.28,0.92,0.01397,0.00686,0.00329
41.1,28.42,202307,26.15,0.65,23.83,0.27,0.01521,0.00361,0.00097
41.1,28.42,202308,21.47,0.59,31.41,0.21,0.01249,0.00476,0.00075
41.1,28.42,202309,16.72,0.56,46.02,0.96,0.00973,0.00697,0.00344
41.1,28.42,202310,11.52,0.52,49.57,0.71,0.0067,0.0075,0.00254
41.1,28.42,202311,6.49,0.41,68.19,6.61,0.00378,0.01032,0.02367
41.1,28.42,202312,4.82,0.38,64.93,2.62,0.0028,0.00983,0.00938
41.1,28.45,202301,5.51,0.38,69.94,0.72,0.00321,0.01059,0.00258
41.1,28.45,202302,8.89,0.45,66.0,1.83,0.00517,0.00999,0.00655
41.1,28.45,202303,11.1,0.41,71.25,2.49,0.00646,0.01079,0.00892
41.1,28.45,202304,15.63,0.45,72.39,3.07,0.00909,0.01096,0.01099
41.1,28.45,202305,18.84,0.48,71.78,1.24,0.01096,0.01087,0.00444
41.1,28.45,202306,24.01,0.58,45.28,0.86,0.01397,0.00686,0.00308
41.1,28.45,202307,26.15,0.65,23.83,0.33,0.01521,0.00361,0.00118
41.1,28.45,202308,21.47,0.59,31.41,0.3,0.01249,0.00476,0.00107
41.1,28.45,202309,16.72,0.56,46.02,0.71,0.00973,0.00697,0.00254
41.1,28.45,202310,11.52,0.52,49.57,1.15,0.0067,0.0075,0.00412
41.1,28.45,202311,6.49,0.41,68.19,6.37,0.00378,0.01032,0.02281
41.1,28.45,202312,4.82,0.38,64.93,2.3,0.0028,0.00983,0.00824
41.1,28.48,202301,5.51,0.38,69.94,0.72,0.00321,0.01059,0.00258
41.1,28.48,202302,8.89,0.45,66.0,1.83,0.00517,0.00999,0.00655
41.1,28.48,202303,11.1,0.41,71.25,2.49,0.00646,0.01079,0.00892
41.1,28.48,202304,15.63,0.45,72.39,3.07,0.00909,0.01096,0.01099
41.1,28.48,202305,18.84,0.48,71.78,1.24,0.01096,0.01087,0.00444
41.1,28.48,202306,24.01,0.58,45.28,0.86,0.01397,0.00686,0.00308
41.1,28.48,202307,26.15,0.65,23.83,0.33,0.01521,0.00361,0.00118
41.1,28.48,202308,21.47,0.59,31.41,0.3,0.01249,0.00476,0.00107
41.1,28.48,202309,16.72,0.56,46.02,0.71,0.00973,0.00697,0.00254
41.1,28.48,202310,11.52,0.52,49.57,1.15,0.0067,0.0075,0.00412
41.1,28.48,202311,6.49,0.41,68.19,6.37,0.00378,0.01032,0.02281
41.1,28.48,202312,4.82,0.38,64.93,2.3,0.0028,0.00983,0.00824
41.1,28.51,202301,5.51,0.38,69.94,0.72,0.00321,0.01059,0.00258
41.1,28.51,202302,8.89,0.45,66.0,1.83,0.00517,0.00999,0.00655
41.1,28.51,202303,11.1,0.41,71.25,2.49,0.00646,0.01079,0.00892
41.1,28.51,202304,15.63,0.45,72.39,3.07,0.00909,0.01096,0.01099
41.1,28.51,202305,18.84,0.48,71.78,1.24,0.01096,0.01087,0.00444
41.1,28.51,202306,24.01,0.58,45.28,0.86,0.01397,0.00686,0.00308
41.1,28.51,202307,26.15,0.65,23.83,0.33,0.01521,0.00361,0.00118
41.1,28.51,202308,21.47,0.59,31.41,0.3,0.01249,0.00476,0.00107
41.1,28.51,202309,16.72,0.56,46.02,0.71,0.00973,0.00697,0.00254
41.1,28.51,202310,11.52,0.52,49.57,1.15,0.0067,0.0075,0.00412
41.1,28.51,202311,6.49,0.41,68.19,6.37,0.00378,0.01032,0.02281
41.1,28.51,202312,4.82,0.38,64.93,2.3,0.0028,0.00983,0.00824
41.1,28.54,202301,5.51,0.38,69.94,0.72,0.00321,0.01059,0.00258
41.1,28.54,202302,8.89,0.45,66.0,1.83,0.00517,0.00999,0.00655
41.1,28.54,202303,11.1,0.41,71.25,2.49,0.00646,0.01079,0.00892
41.1,28.54,202304,15.63,0.45,72.39,3.07,0.00909,0.01096,0.01099
41.1,28.54,202305,18.84,0.48,71.78,1.24,0.01096,0.01087,0.00444
41.1,28.54,202306,24.01,0.58,45.28,0.86,0.01397,0.00686,0.00308
41.1,28.54,202307,26.15,0.65,23.83,0.33,0.01521,0.00361,0.00118
41.1,28.54,202308,21.47,0.59,31.41,0.3,0.01249,0.00476,0.00107
41.1,28.54,202309,16.72,0.56,46.02,0.71,0.00973,0.00697,0.00254
41.1,28.54,202310,11.52,0.52,49.57,1.15,0.0067,0.0075,0.00412
41.1,28.54,202311,6.49,0.41,68.19,6.37,0.00378,0.01032,0.02281
41.1,28.54,202312,4.82,0.38,64.93,2.3,0.0028,0.00983,0.00824
41.1,28.57,202301,5.51,0.38,69.94,0.72,0.00321,0.01059,0.00258
41.1,28.57,202302,8.89,0.45,66.0,1.83,0.00517,0.00999,0.00655
41.1,28.57,202303,11.1,0.41,71.25,2.49,0.00646,0.01079,0.00892
41.1,28.57,202304,15.63,0.45,72.39,3.07,0.00909,0.01096,0.01099
41.1,28.57,202305,18.84,0.48,71.78,1.24,0.01096,0.01087,0.00444
41.1,28.57,202306,24.01,0.58,45.28,0.86,0.01397,0.00686,0.00308
41.1,28.57,202307,26.15,0.65,23.83,0.33,0.01521,0.00361,0.00118
41.1,28.57,202308,21.47,0.59,31.41,0.3,0.01249,0.00476,0.00107
41.1,28.57,202309,16.72,0.56,46.02,0.71,0.00973,0.00697,0.00254
41.1,28.57,202310,11.52,0.52,49.57,1.15,0.0067,0.0075,0.00412
41.1,28.57,202311,6.49,0.41,68.19,6.37,0.00378,0.01032,0.02281
41.1,28.57,202312,4.82,0.38,64.93,2.3,0.0028,0.00983,0.00824
41.1,28.6,202301,5.51,0.38,69.94,0.72,0.00321,0.01059,0.00258
41.1,28.6,202302,8.89,0.45,66.0,1.83,0.00517,0.00999,0.00655
41.1,28.6,202303,11.1,0.41,71.25,2.49,0.00646,0.01079,0.00892
41.1,28.6,202304,15.63,0.45,72.39,3.07,0.00909,0.01096,0.01099
41.1,28.6,202305,18.84,0.48,71.78,1.24,0.01096,0.01087,0.00444
41.1,28.6,202306,24.01,0.58,45.28,0.86,0.01397,0.00686,0.00308
41.1,28.6,202307,26.15,0.65,23.83,0.33,0.01521,0.00361,0.00118
41.1,28.6,202308,21.47,0.59,31.41,0.3,0.01249,0.00476,0.00107
41.1,28.6,202309,16.72,0.56,46.02,0.71,0.00973,0.00697,0.00254
41.1,28.6,202310,11.52,0.52,49.57,1.15,0.0067,0.0075,0.00412
41.1,28.6,202311,6.49,0.41,68.19,6.37,0.00378,0.01032,0.02281
41.1,28.6,202312,4.82,0.38,64.93,2.3,0.0028,0.00983,0.00824
41.1,28.63,202301,5.51,0.38,69.94,0.72,0.00321,0.01059,0.00258
41.1,28.63,202302,8.89,0.45,66.0,1.83,0.00517,0.00999,0.00655
41.1,28.63,202303,11.1,0.41,71.25,2.49,0.00646,0.01079,0.00892
41.1,28.63,202304,15.63,0.45,72.39,3.07,0.00909,0.01096,0.01099
41.1,28.63,202305,18.84,0.48,71.78,1.24,0.01096,0.01087,0.00444
41.1,28.63,202306,24.01,0.58,45.28,0.86,0.01397,0.00686,0.00308
41.1,28.63,202307,26.15,0.65,23.83,0.33,0.01521,0.00361,0.00118
41.1,28.63,202308,21.47,0.59,31.41,0.3,0.01249,0.00476,0.00107
41.1,28.63,202309,16.72,0.56,46.02,0.71,0.00973,0.00697,0.00254
41.1,28.63,202310,11.52,0.52,49.57,1.15,0.0067,0.0075,0.00412
41.1,28.63,202311,6.49,0.41,68.19,6.37,0.00378,0.01032,0.02281
41.1,28.63,202312,4.82,0.38,64.93,2.3,0.0028,0.00983,0.00824
41.1,28.66,202301,5.51,0.38,69.94,0.72,0.00321,0.01059,0.00258
41.1,28.66,202302,8.89,0.45,66.0,1.83,0.00517,0.00999,0.00655
41.1,28.66,202303,11.1,0.41,71.25,2.49,0.00646,0.01079,0.00892
41.1,28.66,202304,15.63,0.45,72.39,3.07,0.00909,0.01096,0.01099
41.1,28.66,202305,18.84,0.48,71.78,1.24,0.01096,0.01087,0.00444
41.1,28.66,202306,24.01,0.58,45.28,0.86,0.01397,0.00686,0.00308
41.1,28.66,202307,26.15,0.65,23.83,0.33,0.01521,0.00361,0.00118
41.1,28.66,202308,21.47,0.59,31.41,0.3,0.01249,0.00476,0.00107
41.1,28.66,202309,16.72,0.56,46.02,0.71,0.00973,0.00697,0.00254
41.1,28.66,202310,11.52,0.52,49.57,1.15,0.0067,0.0075,0.00412
41.1,28.66,202311,6.49,0.41,68.19,6.37,0.00378,0.01032,0.02281
41.1,28.66,202312,4.82,0.38,64.93,2.3,0.0028,0.00983,0.00824
41.1,28.69,202301,5.51,0.38,69.94,0.72,0.00321,0.01059,0.00258
41.1,28.69,202302,8.89,0.45,66.0,1.83,0.00517,0.00999,0.00655
41.1,28.69,202303,11.1,0.41,71.25,2.49,0.00646,0.01079,0.00892
41.1,28.69,202304,15.63,0.45,72.39,3.07,0.00909,0.01096,0.01099
41.1,28.69,202305,18.84,0.48,71.78,1.24,0.01096,0.01087,0.00444
41.1,28.69,202306,24.01,0.58,45.28,0.86,0.01397,0.00686,0.00308
41.1,28.69,202307,26.15,0.65,23.83,0.33,0.01521,0.00361,0.00118
41.1,28.69,202308,21.47,0.59,31.41,0.3,0.01249,0.00476,0.00107
41.1,28.69,202309,16.72,0.56,46.02,0.71,0.00973,0.00697,0.00254
41.1,28.69,202310,11.52,0.52,49.57,1.15,0.0067,0.0075,0.00412
41.1,28.69,202311,6.49,0.41,68.19,6.37,0.00378,0.01032,0.02281
41.1,28.69,202312,4.82,0.38,64.93,2.3,0.0028,0.00983,0.00824
41.1,28.72,202301,5.51,0.38,69.94,0.72,0.00321,0.01059,0.00258
41.1,28.72,202302,8.89,0.45,66.0,1.83,0.00517,0.00999,0.00655
41.1,28.72,202303,11.1,0.41,71.25,2.49,0.00646,0.01079,0.00892
41.1,28.72,202304,15.63,0.45,72.39,3.07,0.00909,0.01096,0.01099
41.1,28.72,202305,18.84,0.48,71.78,1.24,0.01096,0.01087,0.00444
41.1,28.72,202306,24.01,0.58,45.28,0.86,0.01397,0.00686,0.00308
41.1,28.72,202307,26.15,0.65,23.83,0.33,0.01521,0.00361,0.00118
41.1,28.72,202308,21.47,0.59,31.41,0.3,0.01249,0.00476,0.00107
41.1,28.72,202309,16.72,0.56,46.02,0.71,0.00973,0.00697,0.00254
41.1,28.72,202310,11.52,0.52,49.57,1.15,0.0067,0.0075,0.00412
41.1,28.72,202311,6.49,0.41,68.19,6.37,0.00378,0.01032,0.02281
41.1,28.72,202312,4.82,0.38,64.93,2.3,0.0028,0.00983,0.00824
41.1,28.75,202301,5.51,0.38,69.94,0.72,0.00321,0.01059,0.00258
41.1,28.75,202302,8.89,0.45,66.0,1.83,0.00517,0.00999,0.00655
41.1,28.75,202303,11.1,0.41,71.25,2.49,0.00646,0.01079,0.00892
41.1,28.75,202304,15.63,0.45,72.39,3.07,0.00909,0.01096,0.01099
41.1,28.75,202305,18.84,0.48,71.78,1.24,0.01096,0.01087,0.00444
41.1,28.75,202306,24.01,0.58,45.28,0.86,0.01397,0.00686,0.00308
41.1,28.75,202307,26.15,0.65,23.83,0.33,0.01521,0.00361,0.00118
41.1,28.75,202308,21.47,0.59,31.41,0.3,0.01249,0.00476,0.00107
41.1,28.75,202309,16.72,0.56,46.02,0.71,0.00973,0.00697,0.00254
41.1,28.75,202310,11.52,0.52,49.57,1.15,0.0067,0.0075,0.00412
41.1,28.75,202311,6.49,0.41,68.19,6.37,0.00378,0.01032,0.02281
41.1,28.75,202312,4.82,0.38,64.93,2.3,0.0028,0.00983,0.00824
41.1,28.78,202301,5.51,0.38,69.94,0.72,0.00321,0.01059,0.00258
41.1,28.78,202302,8.89,0.45,66.0,1.83,0.00517,0.00999,0.00655
41.1,28.78,202303,11.1,0.41,71.25,2.49,0.00646,0.01079,0.00892
41.1,28.78,202304,15.63,0.45,72.39,3.07,0.00909,0.01096,0.01099
41.1,28.78,202305,18.84,0.48,71.78,1.24,0.01096,0.01087,0.00444
41.1,28.78,202306,24.01,0.58,45.28,0.86,0.01397,0.00686,0.00308
41.1,28.78,202307,26.15,0.65,23.83,0.33,0.01521,0.00361,0.00118
41.1,28.78,202308,21.47,0.59,31.41,0.3,0.01249,0.00476,0.00107
41.1,28.78,202309,16.72,0.56,46.02,0.71,0.00973,0.00697,0.00254
41.1,28.78,202310,11.52,0.52,49.57,1.15,0.0067,0.0075,0.00412
41.1,28.78,202311,6.49,0.41,68.19,6.37,0.00378,0.01032,0.02281
41.1,28.78,202312,4.82,0.38,64.93,2.3,0.0028,0.00983,0.00824
41.1,28.81,202301,5.51,0.38,69.94,0.72,0.00321,0.01059,0.00258
41.1,28.81,202302,8.89,0.45,66.0,1.83,0.00517,0.00999,0.00655
41.1,28.81,202303,11.1,0.41,71.25,2.49,0.00646,0.01079,0.00892
41.1,28.81,202304,15.63,0.45,72.39,3.07,0.00909,0.01096,0.01099
41.1,28.81,202305,18.84,0.48,71.78,1.24,0.01096,0.01087,0.00444
41.1,28.81,202306,24.01,0.58,45.28,0.86,0.01397,0.00686,0.00308
41.1,28.81,202307,26.15,0.65,23.83,0.33,0.01521,0.00361,0.00118
41.1,28.81,202308,21.47,0.59,31.41,0.3,0.01249,0.00476,0.00107
41.1,28.81,202309,16.72,0.56,46.02,0.71,0.00973,0.00697,0.00254
41.1,28.81,202310,11.52,0.52,49.57,1.15,0.0067,0.0075,0.00412
41.1,28.81,202311,6.49,0.41,68.19,6.37,0.00378,0.01032,0.02281
41.1,28.81,202312,4.82,0.38,64.93,2.3,0.0028,0.00983,0.00824
41.1,28.84,202301,5.51,0.38,69.94,0.72,0.00321,0.01059,0.00258
41.1,28.84,202302,8.89,0.45,66.0,1.83,0.00517,0.00999,0.00655
41.1,28.84,202303,11.1,0.41,71.25,2.49,0.00646,0.01079,0.00892
41.1,28.84,202304,15.63,0.45,72.39,3.07,0.00909,0.01096,0.01099
41.1,28.84,202305,18.84,0.48,71.78,1.24,0.01096,0.01087,0.00444
41.1,28.84,202306,24.01,0.58,45.28,0.86,0.01397,0.00686,0.00308
41.1,28.84,202307,26.15,0.65,23.83,0.33,0.01521,0.00361,0.00118
41.1,28.84,202308,21.47,0.59,31.41,0.3,0.01249,0.00476,0.00107
41.1,28.84,202309,16.72,0.56,46.02,0.71,0.00973,0.00697,0.00254
41.1,28.84,202310,11.52,0.52,49.57,1.15,0.0067,0.0075,0.00412
41.1,28.84,202311,6.49,0.41,68.19,6.37,0.00378,0.01032,0.02281
41.1,28.84,202312,4.82,0.38,64.93,2.3,0.0028,0.00983,0.00824
41.1,28.87,202301,5.51,0.38,69.94,0.72,0.00321,0.01059,0.00258
41.1,28.87,202302,8.89,0.45,66.0,1.83,0.00517,0.00999,0.00655
41.1,28.87,202303,11.1,0.41,71.25,2.49,0.00646,0.01079,0.00892
41.1,28.87,202304,15.63,0.45,72.39,3.07,0.00909,0.01096,0.01099
41.1,28.87,202305,18.84,0.48,71.78,1.24,0.01096,0.01087,0.00444
41.1,28.87,202306,24.01,0.58,45.28,0.86,0.01397,0.00686,0.00308
41.1,28.87,202307,26.15,0.65,23.83,0.33,0.01521,0.00361,0.00118
41.1,28.87,202308,21.47,0.59,31.41,0.3,0.01249,0.00476,0.00107
41.1,28.87,202309,16.72,0.56,46.02,0.71,0.00973,0.00697,0.00254
41.1,28.87,202310,11.52,0.52,49.57,1.15,0.0067,0.0075,0.00412
41.1,28.87,202311,6.49,0.41,68.19,6.37,0.00378,0.01032,0.02281
41.1,28.87,202312,4.82,0.38,64.93,2.3,0.0028,0.00983,0.00824
41.1,28.9,202301,5.51,0.38,69.94,0.72,0.00321,0.01059,0.00258
41.1,28.9,202302,8.89,0.45,66.0,1.83,0.00517,0.00999,0.00655
41.1,28.9,202303,11.1,0.41,71.25,2.49,0.00646,0.01079,0.00892
41.1,28.9,202304,15.63,0.45,72.39,3.07,0.00909,0.01096,0.01099
41.1,28.9,202305,18.84,0.48,71.78,1.24,0.01096,0.01087,0.00444
41.1,28.9,202306,24.01,0.58,45.28,0.86,0.01397,0.00686,0.00308
41.1,28.9,202307,26.15,0.65,23.83,0.33,0.01521,0.00361,0.00118
41.1,28.9,202308,21.47,0.59,31.41,0.3,0.01249,0.00476,0.00107
41.1,28.9,202309,16.72,0.56,46.02,0.71,0.00973,0.00697,0.00254
41.1,28.9,202310,11.52,0.52,49.57,1.15,0.0067,0.0075,0.00412
41.1,28.9,202311,6.49,0.41,68.19,6.37,0.00378,0.01032,0.02281
41.1,28.9,202312,4.82,0.38,64.93,2.3,0.0028,0.00983,0.00824
41.1,28.93,202301,5.51,0.38,69.94,0.72,0.00321,0.01059,0.00258
41.1,28.93,202302,8.89,0.45,66.0,1.83,0.00517,0.00999,0.00655
41.1,28.93,202303,11.1,0.41,71.25,2.49,0.00646,0.01079,0.00892
41.1,28.93,202304,15.63,0.45,72.39,3.07,0.00909,0.01096,0.01099
41.1,28.93,202305,18.84,0.48,71.78,1.24,0.01096,0.01087,0.00444
41.1,28.93,202306,24.01,0.58,45.28,0.86,0.01397,0.00686,0.00308
41.1,28.93,202307,26.15,0.65,23.83,0.33,0.01521,0.00361,0.00118
41.1,28.93,202308,21.47,0.59,31.41,0.3,0.01249,0.00476,0.00107
41.1,28.93,202309,16.72,0.56,46.02,0.71,0.00973,0.00697,0.00254
41.1,28.93,202310,11.52,0.52,49.57,1.15,0.0067,0.0075,0.00412
41.1,28.93,202311,6.49,0.41,68.19,6.37,0.00378,0.01032,0.02281
41.1,28.93,202312,4.82,0.38,64.93,2.3,0.0028,0.00983,0.00824
41.1,28.96,202301,5.51,0.38,69.94,0.72,0.00321,0.01059,0.00258
41.1,28.96,202302,8.89,0.45,66.0,1.83,0.00517,0.00999,0.00655
41.1,28.96,202303,11.1,0.41,71.25,2.49,0.00646,0.01079,0.00892
41.1,28.96,202304,15.63,0.45,72.39,3.07,0.00909,0.01096,0.01099
41.1,28.96,202305,18.84,0.48,71.78,1.24,0.01096,0.01087,0.00444
41.1,28.96,202306,24.01,0.58,45.28,0.86,0.01397,0.00686,0.00308
41.1,28.96,202307,26.15,0.65,23.83,0.33,0.01521,0.00361,0.00118
41.1,28.96,202308,21.47,0.59,31.41,0.3,0.01249,0.00476,0.00107
41.1,28.96,202309,16.72,0.56,46.02,0.71,0.00973,0.00697,0.00254
41.1,28.96,202310,11.52,0.52,49.57,1.15,0.0067,0.0075,0.00412
41.1,28.96,202311,6.49,0.41,68.19,6.37,0.00378,0.01032,0.02281
41.1,28.96,202312,4.82,0.38,64.93,2.3,0.0028,0.00983,0.00824
41.1,28.99,202301,5.51,0.38,69.94,0.72,0.00321,0.01059,0.00258
41.1,28.99,202302,8.89,0.45,66.0,1.83,0.00517,0.00999,0.00655
41.1,28.99,202303,11.1,0.41,71.25,2.49,0.00646,0.01079,0.00892
41.1,28.99,202304,15.63,0.45,72.39,3.07,0.00909,0.01096,0.01099
41.1,28.99,202305,18.84,0.48,71.78,1.24,0.01096,0.01087,0.00444
41.1,28.99,202306,24.01,0.58,45.28,0.86,0.01397,0.00686,0.00308
41.1,28.99,202307,26.15,0.65,23.83,0.33,0.01521,0.00361,0.00118
41.1,28.99,202308,21.47,0.59,31.41,0.3,0.01249,0.00476,0.00107
41.1,28.99,202309,16.72,0.56,46.02,0.71,0.00973,0.00697,0.00254
41.1,28.99,202310,11.52,0.52,49.57,1.15,0.0067,0.0075,0.00412
41.1,28.99,202311,6.49,0.41,68.19,6.37,0.00378,0.01032,0.02281
41.1,28.99,202312,4.82,0.38,64.93,2.3,0.0028,0.00983,0.00824
41.1,29.02,202301,5.47,0.38,77.44,0.72,0.00318,0.01172,0.00258
41.1,29.02,202302,8.67,0.44,75.84,1.83,0.00504,0.01148,0.00655
41.1,29.02,202303,10.41,0.38,81.4,2.49,0.00606,0.01232,0.00892
41.1,29.02,202304,15.39,0.45,77.59,3.07,0.00895,0.01175,0.01099
41.1,29.02,202305,18.83,0.48,75.98,1.24,0.01095,0.0115,0.00444
41.1,29.02,202306,23.93,0.57,50.76,0.86,0.01392,0.00768,0.00308
41.1,29.02,202307,25.58,0.63,28.76,0.33,0.01488,0.00435,0.00118
41.1,29.02,202308,21.98,0.61,33.24,0.3,0.01279,0.00503,0.00107
41.1,29.02,202309,17.75,0.6,55.94,0.71,0.01032,0.00847,0.00254
41.1,29.02,202310,11.5,0.52,63.42,1.15,0.00669,0.0096,0.00412
41.1,29.02,202311,6.57,0.42,78.12,6.37,0.00382,0.01183,0.02281
41.1,29.02,202312,4.93,0.38,71.96,2.3,0.00287,0.01089,0.00824
41.1,29.05,202301,5.47,0.38,77.44,0.72,0.00318,0.01172,0.00258
41.1,29.05,202302,8.67,0.44,75.84,1.83,0.00504,0.01148,0.00655
41.1,29.05,202303,10.41,0.38,81.4,2.49,0.00606,0.01232,0.00892
41.1,29.05,202304,15.39,0.45,77.59,3.07,0.00895,0.01175,0.01099
41.1,29.05,202305,18.83,0.48,75.98,1.24,0.01095,0.0115,0.00444
41.1,29.05,202306,23.93,0.57,50.76,0.86,0.01392,0.00768,0.00308
41.1,29.05,202307,25.58,0.63,28.76,0.33,0.01488,0.00435,0.00118
41.1,29.05,202308,21.98,0.61,33.24,0.3,0.01279,0.00503,0.00107
41.1,29.05,202309,17.75,0.6,55.94,0.71,0.01032,0.00847,0.00254
41.1,29.05,202310,11.5,0.52,63.42,1.15,0.00669,0.0096,0.00412
41.1,29.05,202311,6.57,0.42,78.12,6.37,0.00382,0.01183,0.02281
41.1,29.05,202312,4.93,0.38,71.96,2.3,0.00287,0.01089,0.00824
41.1,29.08,202301,5.47,0.38,77.44,0.72,0.00318,0.01172,0.00258
41.1,29.08,202302,8.67,0.44,75.84,2.53,0.00504,0.01148,0.00906
41.1,29.08,202303,10.41,0.38,81.4,2.88,0.00606,0.01232,0.01031
41.1,29.08,202304,15.39,0.45,77.59,3.03,0.00895,0.01175,0.01085
41.1,29.08,202305,18.83,0.48,75.98,1.35,0.01095,0.0115,0.00483
41.1,29.08,202306,23.93,0.57,50.76,1.56,0.01392,0.00768,0.00559
41.1,29.08,202307,25.58,0.63,28.76,0.79,0.01488,0.00435,0.00283
41.1,29.08,202308,21.98,0.61,33.24,0.51,0.01279,0.00503,0.00183
41.1,29.08,202309,17.75,0.6,55.94,0.89,0.01032,0.00847,0.00319
41.1,29.08,202310,11.5,0.52,63.42,1.83,0.00669,0.0096,0.00655
41.1,29.08,202311,6.57,0.42,78.12,6.97,0.00382,0.01183,0.02496
41.1,29.08,202312,4.93,0.38,71.96,2.45,0.00287,0.01089,0.00877
41.1,29.11,202301,5.47,0.38,77.44,0.72,0.00318,0.01172,0.00258
41.1,29.11,202302,8.67,0.44,75.84,2.53,0.00504,0.01148,0.00906
41.1,29.11,202303,10.41,0.38,81.4,2.88,0.00606,0.01232,0.01031
41.1,29.11,202304,15.39,0.45,77.59,3.03,0.00895,0.01175,0.01085
41.1,29.11,202305,18.83,0.48,75.98,1.35,0.01095,0.0115,0.00483
41.1,29.11,202306,23.93,0.57,50.76,1.56,0.01392,0.00768,0.00559
41.1,29.11,202307,25.58,0.63,28.76,0.79,0.01488,0.00435,0.00283
41.1,29.11,202308,21.98,0.61,33.24,0.51,0.01279,0.00503,0.00183
41.1,29.11,202309,17.75,0.6,55.94,0.89,0.01032,0.00847,0.00319
41.1,29.11,202310,11.5,0.52,63.42,1.83,0.00669,0.0096,0.00655
41.1,29.11,202311,6.57,0.42,78.12,6.97,0.00382,0.01183,0.02496
41.1,29.11,202312,4.93,0.38,71.96,2.45,0.00287,0.01089,0.00877
41.1,29.14,202301,5.47,0.38,77.44,0.72,0.00318,0.01172,0.00258
41.1,29.14,202302,8.67,0.44,75.84,2.53,0.00504,0.01148,0.00906
41.1,29.14,202303,10.41,0.38,81.4,2.88,0.00606,0.01232,0.01031
41.1,29.14,202304,15.39,0.45,77.59,3.03,0.00895,0.01175,0.01085
41.1,29.14,202305,18.83,0.48,75.98,1.35,0.01095,0.0115,0.00483
41.1,29.14,202306,23.93,0.57,50.76,1.56,0.01392,0.00768,0.00559
41.1,29.14,202307,25.58,0.63,28.76,0.79,0.01488,0.00435,0.00283
41.1,29.14,202308,21.98,0.61,33.24,0.51,0.01279,0.00503,0.00183
41.1,29.14,202309,17.75,0.6,55.94,0.89,0.01032,0.00847,0.00319
41.1,29.14,202310,11.5,0.52,63.42,1.83,0.00669,0.0096,0.00655
41.1,29.14,202311,6.57,0.42,78.12,6.97,0.00382,0.01183,0.02496
41.1,29.14,202312,4.93,0.38,71.96,2.45,0.00287,0.01089,0.00877
41.1,29.17,202301,5.47,0.38,77.44,0.72,0.00318,0.01172,0.00258
41.1,29.17,202302,8.67,0.44,75.84,2.53,0.00504,0.01148,0.00906
41.1,29.17,202303,10.41,0.38,81.4,2.88,0.00606,0.01232,0.01031
41.1,29.17,202304,15.39,0.45,77.59,3.03,0.00895,0.01175,0.01085
41.1,29.17,202305,18.83,0.48,75.98,1.35,0.01095,0.0115,0.00483
41.1,29.17,202306,23.93,0.57,50.76,1.56,0.01392,0.00768,0.00559
41.1,29.17,202307,25.58,0.63,28.76,0.79,0.01488,0.00435,0.00283
41.1,29.17,202308,21.98,0.61,33.24,0.51,0.01279,0.00503,0.00183
41.1,29.17,202309,17.75,0.6,55.94,0.89,0.01032,0.00847,0.00319
41.1,29.17,202310,11.5,0.52,63.42,1.83,0.00669,0.0096,0.00655
41.1,29.17,202311,6.57,0.42,78.12,6.97,0.00382,0.01183,0.02496
41.1,29.17,202312,4.93,0.38,71.96,2.45,0.00287,0.01089,0.00877
41.1,29.2,202301,5.47,0.38,77.44,0.72,0.00318,0.01172,0.00258
41.1,29.2,202302,8.67,0.44,75.84,2.53,0.00504,0.01148,0.00906
41.1,29.2,202303,10.41,0.38,81.4,2.88,0.00606,0.01232,0.01031
41.1,29.2,202304,15.39,0.45,77.59,3.03,0.00895,0.01175,0.01085
41.1,29.2,202305,18.83,0.48,75.98,1.35,0.01095,0.0115,0.00483
41.1,29.2,202306,23.93,0.57,50.76,1.56,0.01392,0.00768,0.00559
41.1,29.2,202307,25.58,0.63,28.76,0.79,0.01488,0.00435,0.00283
41.1,29.2,202308,21.98,0.61,33.24,0.51,0.01279,0.00503,0.00183
41.1,29.2,202309,17.75,0.6,55.94,0.89,0.01032,0.00847,0.00319
41.1,29.2,202310,11.5,0.52,63.42,1.83,0.00669,0.0096,0.00655
41.1,29.2,202311,6.57,0.42,78.12,6.97,0.00382,0.01183,0.02496
41.1,29.2,202312,4.93,0.38,71.96,2.45,0.00287,0.01089,0.00877
41.1,29.23,202301,5.47,0.38,77.44,0.72,0.00318,0.01172,0.00258
41.1,29.23,202302,8.67,0.44,75.84,2.53,0.00504,0.01148,0.00906
41.1,29.23,202303,10.41,0.38,81.4,2.88,0.00606,0.01232,0.01031
41.1,29.23,202304,15.39,0.45,77.59,3.03,0.00895,0.01175,0.01085
41.1,29.23,202305,18.83,0.48,75.98,1.35,0.01095,0.0115,0.00483
41.1,29.23,202306,23.93,0.57,50.76,1.56,0.01392,0.00768,0.00559
41.1,29.23,202307,25.58,0.63,28.76,0.79,0.01488,0.00435,0.00283
41.1,29.23,202308,21.98,0.61,33.24,0.51,0.01279,0.00503,0.00183
41.1,29.23,202309,17.75,0.6,55.94,0.89,0.01032,0.00847,0.00319
41.1,29.23,202310,11.5,0.52,63.42,1.83,0.00669,0.0096,0.00655
41.1,29.23,202311,6.57,0.42,78.12,6.97,0.00382,0.01183,0.02496
41.1,29.23,202312,4.93,0.38,71.96,2.45,0.00287,0.01089,0.00877
41.1,29.26,202301,5.47,0.38,77.44,0.72,0.00318,0.01172,0.00258
41.1,29.26,202302,8.67,0.44,75.84,2.53,0.00504,0.01148,0.00906
41.1,29.26,202303,10.41,0.38,81.4,2.88,0.00606,0.01232,0.01031
41.1,29.26,202304,15.39,0.45,77.59,3.03,0.00895,0.01175,0.01085
41.1,29.26,202305,18.83,0.48,75.98,1.35,0.01095,0.0115,0.00483
41.1,29.26,202306,23.93,0.57,50.76,1.56,0.01392,0.00768,0.00559
41.1,29.26,202307,25.58,0.63,28.76,0.79,0.01488,0.00435,0.00283
41.1,29.26,202308,21.98,0.61,33.24,0.51,0.01279,0.00503,0.00183
41.1,29.26,202309,17.75,0.6,55.94,0.89,0.01032,0.00847,0.00319
41.1,29.26,202310,11.5,0.52,63.42,1.83,0.00669,0.0096,0.00655
41.1,29.26,202311,6.57,0.42,78.12,6.97,0.00382,0.01183,0.02496
41.1,29.26,202312,4.93,0.38,71.96,2.45,0.00287,0.01089,0.00877
41.1,29.29,202301,5.47,0.38,77.44,0.72,0.00318,0.01172,0.00258
41.1,29.29,202302,8.67,0.44,75.84,2.53,0.00504,0.01148,0.00906
41.1,29.29,202303,10.41,0.38,81.4,2.88,0.00606,0.01232,0.01031
41.1,29.29,202304,15.39,0.45,77.59,3.03,0.00895,0.01175,0.01085
41.1,29.29,202305,18.83,0.48,75.98,1.35,0.01095,0.0115,0.00483
41.1,29.29,202306,23.93,0.57,50.76,1.56,0.01392,0.00768,0.00559
41.1,29.29,202307,25.58,0.63,28.76,0.79,0.01488,0.00435,0.00283
41.1,29.29,202308,21.98,0.61,33.24,0.51,0.01279,0.00503,0.00183
41.1,29.29,202309,17.75,0.6,55.94,0.89,0.01032,0.00847,0.00319
41.1,29.29,202310,11.5,0.52,63.42,1.83,0.00669,0.0096,0.00655
41.1,29.29,202311,6.57,0.42,78.12,6.97,0.00382,0.01183,0.02496
41.1,29.29,202312,4.93,0.38,71.96,2.45,0.00287,0.01089,0.00877
41.1,29.32,202301,5.47,0.38,77.44,0.72,0.00318,0.01172,0.00258
41.1,29.32,202302,8.67,0.44,75.84,2.53,0.00504,0.01148,0.00906
41.1,29.32,202303,10.41,0.38,81.4,2.88,0.00606,0.01232,0.01031
41.1,29.32,202304,15.39,0.45,77.59,3.03,0.00895,0.01175,0.01085
41.1,29.32,202305,18.83,0.48,75.98,1.35,0.01095,0.0115,0.00483
41.1,29.32,202306,23.93,0.57,50.76,1.56,0.01392,0.00768,0.00559
41.1,29.32,202307,25.58,0.63,28.76,0.79,0.01488,0.00435,0.00283
41.1,29.32,202308,21.98,0.61,33.24,0.51,0.01279,0.00503,0.00183
41.1,29.32,202309,17.75,0.6,55.94,0.89,0.01032,0.00847,0.00319
41.1,29.32,202310,11.5,0.52,63.42,1.83,0.00669,0.0096,0.00655
41.1,29.32,202311,6.57,0.42,78.12,6.97,0.00382,0.01183,0.02496
41.1,29.32,202312,4.93,0.38,71.96,2.45,0.00287,0.01089,0.00877
41.1,29.35,202301,5.47,0.38,77.44,0.72,0.00318,0.01172,0.00258
41.1,29.35,202302,8.67,0.44,75.84,2.53,0.00504,0.01148,0.00906
41.1,29.35,202303,10.41,0.38,81.4,2.88,0.00606,0.01232,0.01031
41.1,29.35,202304,15.39,0.45,77.59,3.03,0.00895,0.01175,0.01085
41.1,29.35,202305,18.83,0.48,75.98,1.35,0.01095,0.0115,0.00483
41.1,29.35,202306,23.93,0.57,50.76,1.56,0.01392,0.00768,0.00559
41.1,29.35,202307,25.58,0.63,28.76,0.79,0.01488,0.00435,0.00283
41.1,29.35,202308,21.98,0.61,33.24,0.51,0.01279,0.00503,0.00183
41.1,29.35,202309,17.75,0.6,55.94,0.89,0.01032,0.00847,0.00319
41.1,29.35,202310,11.5,0.52,63.42,1.83,0.00669,0.0096,0.00655
41.1,29.35,202311,6.57,0.42,78.12,6.97,0.00382,0.01183,0.02496
41.1,29.35,202312,4.93,0.38,71.96,2.45,0.00287,0.01089,0.00877
41.1,29.38,202301,5.47,0.38,77.44,0.72,0.00318,0.01172,0.00258
41.1,29.38,202302,8.67,0.44,75.84,2.53,0.00504,0.01148,0.00906
41.1,29.38,202303,10.41,0.38,81.4,2.88,0.00606,0.01232,0.01031
41.1,29.38,202304,15.39,0.45,77.59,3.03,0.00895,0.01175,0.01085
41.1,29.38,202305,18.83,0.48,75.98,1.35,0.01095,0.0115,0.00483
41.1,29.38,202306,23.93,0.57,50.76,1.56,0.01392,0.00768,0.00559
41.1,29.38,202307,25.58,0.63,28.76,0.79,0.01488,0.00435,0.00283
41.1,29.38,202308,21.98,0.61,33.24,0.51,0.01279,0.00503,0.00183
41.1,29.38,202309,17.75,0.6,55.94,0.89,0.01032,0.00847,0.00319
41.1,29.38,202310,11.5,0.52,63.42,1.83,0.00669,0.0096,0.00655
41.1,29.38,202311,6.57,0.42,78.12,6.97,0.00382,0.01183,0.02496
41.1,29.38,202312,4.93,0.38,71.96,2.45,0.00287,0.01089,0.00877
41.1,29.41,202301,5.47,0.38,77.44,0.72,0.00318,0.01172,0.00258
41.1,29.41,202302,8.67,0.44,75.84,2.53,0.00504,0.01148,0.00906
41.1,29.41,202303,10.41,0.38,81.4,2.88,0.00606,0.01232,0.01031
41.1,29.41,202304,15.39,0.45,77.59,3.03,0.00895,0.01175,0.01085
41.1,29.41,202305,18.83,0.48,75.98,1.35,0.01095,0.0115,0.00483
41.1,29.41,202306,23.93,0.57,50.76,1.56,0.01392,0.00768,0.00559
41.1,29.41,202307,25.58,0.63,28.76,0.79,0.01488,0.00435,0.00283
41.1,29.41,202308,21.98,0.61,33.24,0.51,0.01279,0.00503,0.00183
41.1,29.41,202309,17.75,0.6,55.94,0.89,0.01032,0.00847,0.00319
41.1,29.41,202310,11.5,0.52,63.42,1.83,0.00669,0.0096,0.00655
41.1,29.41,202311,6.57,0.42,78.12,6.97,0.00382,0.01183,0.02496
41.1,29.41,202312,4.93,0.38,71.96,2.45,0.00287,0.01089,0.00877
41.1,29.44,202301,5.47,0.38,77.44,0.72,0.00318,0.01172,0.00258
41.1,29.44,202302,8.67,0.44,75.84,2.53,0.00504,0.01148,0.00906
41.1,29.44,202303,10.41,0.38,81.4,2.88,0.00606,0.01232,0.01031
41.1,29.44,202304,15.39,0.45,77.59,3.03,0.00895,0.01175,0.01085
41.1,29.44,202305,18.83,0.48,75.98,1.35,0.01095,0.0115,0.00483
41.1,29.44,202306,23.93,0.57,50.76,1.56,0.01392,0.00768,0.00559
41.1,29.44,202307,25.58,0.63,28.76,0.79,0.01488,0.00435,0.00283
41.1,29.44,202308,21.98,0.61,33.24,0.51,0.01279,0.00503,0.00183
41.1,29.44,202309,17.75,0.6,55.94,0.89,0.01032,0.00847,0.00319
41.1,29.44,202310,11.5,0.52,63.42,1.83,0.00669,0.0096,0.00655
41.1,29.44,202311,6.57,0.42,78.12,6.97,0.00382,0.01183,0.02496
41.1,29.44,202312,4.93,0.38,71.96,2.45,0.00287,0.01089,0.00877
41.1,29.47,202301,5.47,0.38,77.44,0.72,0.00318,0.01172,0.00258
41.1,29.47,202302,8.67,0.44,75.84,2.53,0.00504,0.01148,0.00906
41.1,29.47,202303,10.41,0.38,81.4,2.88,0.00606,0.01232,0.01031
41.1,29.47,202304,15.39,0.45,77.59,3.03,0.00895,0.01175,0.01085
41.1,29.47,202305,18.83,0.48,75.98,1.35,0.01095,0.0115,0.00483
41.1,29.47,202306,23.93,0.57,50.76,1.56,0.01392,0.00768,0.00559
41.1,29.47,202307,25.58,0.63,28.76,0.79,0.01488,0.00435,0.00283
41.1,29.47,202308,21.98,0.61,33.24,0.51,0.01279,0.00503,0.00183
41.1,29.47,202309,17.75,0.6,55.94,0.89,0.01032,0.00847,0.00319
41.1,29.47,202310,11.5,0.52,63.42,1.83,0.00669,0.0096,0.00655
41.1,29.47,202311,6.57,0.42,78.12,6.97,0.00382,0.01183,0.02496
41.1,29.47,202312,4.93,0.38,71.96,2.45,0.00287,0.01089,0.00877
41.1,29.5,202301,5.47,0.38,77.44,0.72,0.00318,0.01172,0.00258
41.1,29.5,202302,8.67,0.44,75.84,2.53,0.00504,0.01148,0.00906
41.1,29.5,202303,10.41,0.38,81.4,2.88,0.00606,0.01232,0.01031
41.1,29.5,202304,15.39,0.45,77.59,3.03,0.00895,0.01175,0.01085
41.1,29.5,202305,18.83,0.48,75.98,1.35,0.01095,0.0115,0.00483
41.1,29.5,202306,23.93,0.57,50.76,1.56,0.01392,0.00768,0.00559
41.1,29.5,202307,25.58,0.63,28.76,0.79,0.01488,0.00435,0.00283
41.1,29.5,202308,21.98,0.61,33.24,0.51,0.01279,0.00503,0.00183
41.1,29.5,202309,17.75,0.6,55.94,0.89,0.01032,0.00847,0.00319
41.1,29.5,202310,11.5,0.52,63.42,1.83,0.00669,0.0096,0.00655
41.1,29.5,202311,6.57,0.42,78.12,6.97,0.00382,0.01183,0.02496
41.1,29.5,202312,4.93,0.38,71.96,2.45,0.00287,0.01089,0.00877
41.1,29.53,202301,5.47,0.38,77.44,0.72,0.00318,0.01172,0.00258
41.1,29.53,202302,8.67,0.44,75.84,2.53,0.00504,0.01148,0.00906
41.1,29.53,202303,10.41,0.38,81.4,2.88,0.00606,0.01232,0.01031
41.1,29.53,202304,15.39,0.45,77.59,3.03,0.00895,0.01175,0.01085
41.1,29.53,202305,18.83,0.48,75.98,1.35,0.01095,0.0115,0.00483
41.1,29.53,202306,23.93,0.57,50.76,1.56,0.01392,0.00768,0.00559
41.1,29.53,202307,25.58,0.63,28.76,0.79,0.01488,0.00435,0.00283
41.1,29.53,202308,21.98,0.61,33.24,0.51,0.01279,0.00503,0.00183
41.1,29.53,202309,17.75,0.6,55.94,0.89,0.01032,0.00847,0.00319
41.1,29.53,202310,11.5,0.52,63.42,1.83,0.00669,0.0096,0.00655
41.1,29.53,202311,6.57,0.42,78.12,6.97,0.00382,0.01183,0.02496
41.1,29.53,202312,4.93,0.38,71.96,2.45,0.00287,0.01089,0.00877
41.1,29.56,202301,5.47,0.38,77.44,0.72,0.00318,0.01172,0.00258
41.1,29.56,202302,8.67,0.44,75.84,2.53,0.00504,0.01148,0.00906
41.1,29.56,202303,10.41,0.38,81.4,2.88,0.00606,0.01232,0.01031
41.1,29.56,202304,15.39,0.45,77.59,3.03,0.00895,0.01175,0.01085
41.1,29.56,202305,18.83,0.48,75.98,1.35,0.01095,0.0115,0.00483
41.1,29.56,202306,23.93,0.57,50.76,1.56,0.01392,0.00768,0.00559
41.1,29.56,202307,25.58,0.63,28.76,0.79,0.01488,0.00435,0.00283
41.1,29.56,202308,21.98,0.61,33.24,0.51,0.01279,0.00503,0.00183
41.1,29.56,202309,17.75,0.6,55.94,0.89,0.01032,0.00847,0.00319
41.1,29.56,202310,11.5,0.52,63.42,1.83,0.00669,0.0096,0.00655
41.1,29.56,202311,6.57,0.42,78.12,6.97,0.00382,0.01183,0.02496
41.1,29.56,202312,4.93,0.38,71.96,2.45,0.00287,0.01089,0.00877
41.1,29.59,202301,5.47,0.38,77.44,0.72,0.00318,0.01172,0.00258
41.1,29.59,202302,8.67,0.44,75.84,2.53,0.00504,0.01148,0.00906
41.1,29.59,202303,10.41,0.38,81.4,2.88,0.00606,0.01232,0.01031
41.1,29.59,202304,15.39,0.45,77.59,3.03,0.00895,0.01175,0.01085
41.1,29.59,202305,18.83,0.48,75.98,1.35,0.01095,0.0115,0.00483
41.1,29.59,202306,23.93,0.57,50.76,1.56,0.01392,0.00768,0.00559
41.1,29.59,202307,25.58,0.63,28.76,0.79,0.01488,0.00435,0.00283
41.1,29.59,202308,21.98,0.61,33.24,0.51,0.01279,0.00503,0.00183
41.1,29.59,202309,17.75,0.6,55.94,0.89,0.01032,0.00847,0.00319
41.1,29.59,202310,11.5,0.52,63.42,1.83,0.00669,0.0096,0.00655
41.1,29.59,202311,6.57,0.42,78.12,6.97,0.00382,0.01183,0.02496
41.1,29.59,202312,4.93,0.38,71.96,2.45,0.00287,0.01089,0.00877
41.1,29.62,202301,5.47,0.38,77.44,0.72,0.00318,0.01172,0.00258
41.1,29.62,202302,8.67,0.44,75.84,2.53,0.00504,0.01148,0.00906
41.1,29.62,202303,10.41,0.38,81.4,2.88,0.00606,0.01232,0.01031
41.1,29.62,202304,15.39,0.45,77.59,3.03,0.00895,0.01175,0.01085
41.1,29.62,202305,18.83,0.48,75.98,1.35,0.01095,0.0115,0.00483
41.1,29.62,202306,23.93,0.57,50.76,1.56,0.01392,0.00768,0.00559
41.1,29.62,202307,25.58,0.63,28.76,0.79,0.01488,0.00435,0.00283
41.1,29.62,202308,21.98,0.61,33.24,0.51,0.01279,0.00503,0.00183
41.1,29.62,202309,17.75,0.6,55.94,0.89,0.01032,0.00847,0.00319
41.1,29.62,202310,11.5,0.52,63.42,1.83,0.00669,0.0096,0.00655
41.1,29.62,202311,6.57,0.42,78.12,6.97,0.00382,0.01183,0.02496
41.1,29.62,202312,4.93,0.38,71.96,2.45,0.00287,0.01089,0.00877
41.1,29.65,202301,5.47,0.38,77.44,0.72,0.00318,0.01172,0.00258
41.1,29.65,202302,8.67,0.44,75.84,2.53,0.00504,0.01148,0.00906
41.1,29.65,202303,10.41,0.38,81.4,2.88,0.00606,0.01232,0.01031
41.1,29.65,202304,15.39,0.45,77.59,3.03,0.00895,0.01175,0.01085
41.1,29.65,202305,18.83,0.48,75.98,1.35,0.01095,0.0115,0.00483
41.1,29.65,202306,23.93,0.57,50.76,1.56,0.01392,0.00768,0.00559
41.1,29.65,202307,25.58,0.63,28.76,0.79,0.01488,0.00435,0.00283
41.1,29.65,202308,21.98,0.61,33.24,0.51,0.01279,0.00503,0.00183
41.1,29.65,202309,17.75,0.6,55.94,0.89,0.01032,0.00847,0.00319
41.1,29.65,202310,11.5,0.52,63.42,1.83,0.00669,0.0096,0.00655
41.1,29.65,202311,6.57,0.42,78.12,6.97,0.00382,0.01183,0.02496
41.1,29.65,202312,4.93,0.38,71.96,2.45,0.00287,0.01089,0.00877
41.1,29.68,202301,5.47,0.38,77.44,0.72,0.00318,0.01172,0.00258
41.1,29.68,202302,8.67,0.44,75.84,2.53,0.00504,0.01148,0.00906
41.1,29.68,202303,10.41,0.38,81.4,2.88,0.00606,0.01232,0.01031
41.1,29.68,202304,15.39,0.45,77.59,3.03,0.00895,0.01175,0.01085
41.1,29.68,202305,18.83,0.48,75.98,1.35,0.01095,0.0115,0.00483
41.1,29.68,202306,23.93,0.57,50.76,1.56,0.01392,0.00768,0.00559
41.1,29.68,202307,25.58,0.63,28.76,0.79,0.01488,0.00435,0.00283
41.1,29.68,202308,21.98,0.61,33.24,0.51,0.01279,0.00503,0.00183
41.1,29.68,202309,17.75,0.6,55.94,0.89,0.01032,0.00847,0.00319
41.1,29.68,202310,11.5,0.52,63.42,1.83,0.00669,0.0096,0.00655
41.1,29.68,202311,6.57,0.42,78.12,6.97,0.00382,0.01183,0.02496
41.1,29.68,202312,4.93,0.38,71.96,2.45,0.00287,0.01089,0.00877
41.1,29.71,202301,5.47,0.38,77.44,0.81,0.00318,0.01172,0.0029
41.1,29.71,202302,8.67,0.44,75.84,3.12,0.00504,0.01148,0.01117
41.1,29.71,202303,10.41,0.38,81.4,3.56,0.00606,0.01232,0.01275
41.1,29.71,202304,15.39,0.45,77.59,3.15,0.00895,0.01175,0.01128
41.1,29.71,202305,18.83,0.48,75.98,1.85,0.01095,0.0115,0.00663
41.1,29.71,202306,23.93,0.57,50.76,3.94,0.01392,0.00768,0.01411
41.1,29.71,202307,25.58,0.63,28.76,2.15,0.01488,0.00435,0.0077
41.1,29.71,202308,21.98,0.61,33.24,0.82,0.01279,0.00503,0.00294
41.1,29.71,202309,17.75,0.6,55.94,0.95,0.01032,0.00847,0.0034
41.1,29.71,202310,11.5,0.52,63.42,2.61,0.00669,0.0096,0.00935
41.1,29.71,202311,6.57,0.42,78.12,6.92,0.00382,0.01183,0.02478
41.1,29.71,202312,4.93,0.38,71.96,2.87,0.00287,0.01089,0.01028
41.1,29.74,202301,5.47,0.38,77.44,0.81,0.00318,0.01172,0.0029
41.1,29.74,202302,8.67,0.44,75.84,3.12,0.00504,0.01148,0.01117
41.1,29.74,202303,10.41,0.38,81.4,3.56,0.00606,0.01232,0.01275
41.1,29.74,202304,15.39,0.45,77.59,3.15,0.00895,0.01175,0.01128
41.1,29.74,202305,18.83,0.48,75.98,1.85,0.01095,0.0115,0.00663
41.1,29.74,202306,23.93,0.57,50.76,3.94,0.01392,0.00768,0.01411
41.1,29.74,202307,25.58,0.63,28.76,2.15,0.01488,0.00435,0.0077
41.1,29.74,202308,21.98,0.61,33.24,0.82,0.01279,0.00503,0.00294
41.1,29.74,202309,17.75,0.6,55.94,0.95,0.01032,0.00847,0.0034
41.1,29.74,202310,11.5,0.52,63.42,2.61,0.00669,0.0096,0.00935
41.1,29.74,202311,6.57,0.42,78.12,6.92,0.00382,0.01183,0.02478
41.1,29.74,202312,4.93,0.38,71.96,2.87,0.00287,0.01089,0.01028
41.1,29.77,202301,5.47,0.38,77.44,0.81,0.00318,0.01172,0.0029
41.1,29.77,202302,8.67,0.44,75.84,3.12,0.00504,0.01148,0.01117
41.1,29.77,202303,10.41,0.38,81.4,3.56,0.00606,0.01232,0.01275
41.1,29.77,202304,15.39,0.45,77.59,3.15,0.00895,0.01175,0.01128
41.1,29.77,202305,18.83,0.48,75.98,1.85,0.01095,0.0115,0.00663
41.1,29.77,202306,23.93,0.57,50.76,3.94,0.01392,0.00768,0.01411
41.1,29.77,202307,25.58,0.63,28.76,2.15,0.01488,0.00435,0.0077
41.1,29.77,202308,21.98,0.61,33.24,0.82,0.01279,0.00503,0.00294
41.1,29.77,202309,17.75,0.6,55.94,0.95,0.01032,0.00847,0.0034
41.1,29.77,202310,11.5,0.52,63.42,2.61,0.00669,0.0096,0.00935
41.1,29.77,202311,6.57,0.42,78.12,6.92,0.00382,0.01183,0.02478
41.1,29.77,202312,4.93,0.38,71.96,2.87,0.00287,0.01089,0.01028
41.1,29.8,202301,5.47,0.38,77.44,0.81,0.00318,0.01172,0.0029
41.1,29.8,202302,8.67,0.44,75.84,3.12,0.00504,0.01148,0.01117
41.1,29.8,202303,10.41,0.38,81.4,3.56,0.00606,0.01232,0.01275
41.1,29.8,202304,15.39,0.45,77.59,3.15,0.00895,0.01175,0.01128
41.1,29.8,202305,18.83,0.48,75.98,1.85,0.01095,0.0115,0.00663
41.1,29.8,202306,23.93,0.57,50.76,3.94,0.01392,0.00768,0.01411
41.1,29.8,202307,25.58,0.63,28.76,2.15,0.01488,0.00435,0.0077
41.1,29.8,202308,21.98,0.61,33.24,0.82,0.01279,0.00503,0.00294
41.1,29.8,202309,17.75,0.6,55.94,0.95,0.01032,0.00847,0.0034
41.1,29.8,202310,11.5,0.52,63.42,2.61,0.00669,0.0096,0.00935
41.1,29.8,202311,6.57,0.42,78.12,6.92,0.00382,0.01183,0.02478
41.1,29.8,202312,4.93,0.38,71.96,2.87,0.00287,0.01089,0.01028
41.1,29.83,202301,5.47,0.38,77.44,0.81,0.00318,0.01172,0.0029
41.1,29.83,202302,8.67,0.44,75.84,3.12,0.00504,0.01148,0.01117
41.1,29.83,202303,10.41,0.38,81.4,3.56,0.00606,0.01232,0.01275
41.1,29.83,202304,15.39,0.45,77.59,3.15,0.00895,0.01175,0.01128
41.1,29.83,202305,18.83,0.48,75.98,1.85,0.01095,0.0115,0.00663
41.1,29.83,202306,23.93,0.57,50.76,3.94,0.01392,0.00768,0.01411
41.1,29.83,202307,25.58,0.63,28.76,2.15,0.01488,0.00435,0.0077
41.1,29.83,202308,21.98,0.61,33.24,0.82,0.01279,0.00503,0.00294
41.1,29.83,202309,17.75,0.6,55.94,0.95,0.01032,0.00847,0.0034
41.1,29.83,202310,11.5,0.52,63.42,2.61,0.00669,0.0096,0.00935
41.1,29.83,202311,6.57,0.42,78.12,6.92,0.00382,0.01183,0.02478
41.1,29.83,202312,4.93,0.38,71.96,2.87,0.00287,0.01089,0.01028
41.1,29.86,202301,5.47,0.38,77.44,0.81,0.00318,0.01172,0.0029
41.1,29.86,202302,8.67,0.44,75.84,3.12,0.00504,0.01148,0.01117
41.1,29.86,202303,10.41,0.38,81.4,3.56,0.00606,0.01232,0.01275
41.1,29.86,202304,15.39,0.45,77.59,3.15,0.00895,0.01175,0.01128
41.1,29.86,202305,18.83,0.48,75.98,1.85,0.01095,0.0115,0.00663
41.1,29.86,202306,23.93,0.57,50.76,3.94,0.01392,0.00768,0.01411
41.1,29.86,202307,25.58,0.63,28.76,2.15,0.01488,0.00435,0.0077
41.1,29.86,202308,21.98,0.61,33.24,0.82,0.01279,0.00503,0.00294
41.1,29.86,202309,17.75,0.6,55.94,0.95,0.01032,0.00847,0.0034
41.1,29.86,202310,11.5,0.52,63.42,2.61,0.00669,0.0096,0.00935
41.1,29.86,202311,6.57,0.42,78.12,6.92,0.00382,0.01183,0.02478
41.1,29.86,202312,4.93,0.38,71.96,2.87,0.00287,0.01089,0.01028
41.1,29.89,202301,5.47,0.38,77.44,0.81,0.00318,0.01172,0.0029
41.1,29.89,202302,8.67,0.44,75.84,3.12,0.00504,0.01148,0.01117
41.1,29.89,202303,10.41,0.38,81.4,3.56,0.00606,0.01232,0.01275
41.1,29.89,202304,15.39,0.45,77.59,3.15,0.00895,0.01175,0.01128
41.1,29.89,202305,18.83,0.48,75.98,1.85,0.01095,0.0115,0.00663
41.1,29.89,202306,23.93,0.57,50.76,3.94,0.01392,0.00768,0.01411
41.1,29.89,202307,25.58,0.63,28.76,2.15,0.01488,0.00435,0.0077
41.1,29.89,202308,21.98,0.61,33.24,0.82,0.01279,0.00503,0.00294
41.1,29.89,202309,17.75,0.6,55.94,0.95,0.01032,0.00847,0.0034
41.1,29.89,202310,11.5,0.52,63.42,2.61,0.00669,0.0096,0.00935
41.1,29.89,202311,6.57,0.42,78.12,6.92,0.00382,0.01183,0.02478
41.1,29.89,202312,4.93,0.38,71.96,2.87,0.00287,0.01089,0.01028
41.12,28.0,202301,5.51,0.38,69.94,0.87,0.00321,0.01059,0.00312
41.12,28.0,202302,8.89,0.45,66.0,1.39,0.00517,0.00999,0.00498
41.12,28.0,202303,11.1,0.41,71.25,2.38,0.00646,0.01079,0.00852
41.12,28.0,202304,15.63,0.45,72.39,3.11,0.00909,0.01096,0.01114
41.12,28.0,202305,18.84,0.48,71.78,1.18,0.01096,0.01087,0.00423
41.12,28.0,202306,24.01,0.58,45.28,0.92,0.01397,0.00686,0.00329
41.12,28.0,202307,26.15,0.65,23.83,0.27,0.01521,0.00361,0.00097
41.12,28.0,202308,21.47,0.59,31.41,0.21,0.01249,0.00476,0.00075
41.12,28.0,202309,16.72,0.56,46.02,0.96,0.00973,0.00697,0.00344
41.12,28.0,202310,11.52,0.52,49.57,0.71,0.0067,0.0075,0.00254
41.12,28.0,202311,6.49,0.41,68.19,6.61,0.00378,0.01032,0.02367
41.12,28.0,202312,4.82,0.38,64.93,2.62,0.0028,0.00983,0.00938
41.12,28.03,202301,5.51,0.38,69.94,0.87,0.00321,0.01059,0.00312
41.12,28.03,202302,8.89,0.45,66.0,1.39,0.00517,0.00999,0.00498
41.12,28.03,202303,11.1,0.41,71.25,2.38,0.00646,0.01079,0.00852
41.12,28.03,202304,15.63,0.45,72.39,3.11,0.00909,0.01096,0.01114
41.12,28.03,202305,18.84,0.48,71.78,1.18,0.01096,0.01087,0.00423
41.12,28.03,202306,24.01,0.58,45.28,0.92,0.01397,0.00686,0.00329
41.12,28.03,202307,26.15,0.65,23.83,0.27,0.01521,0.00361,0.00097
41.12,28.03,202308,21.47,0.59,31.41,0.21,0.01249,0.00476,0.00075
41.12,28.03,202309,16.72,0.56,46.02,0.96,0.00973,0.00697,0.00344
41.12,28.03,202310,11.52,0.52,49.57,0.71,0.0067,0.0075,0.00254
41.12,28.03,202311,6.49,0.41,68.19,6.61,0.00378,0.01032,0.02367
41.12,28.03,202312,4.82,0.38,64.93,2.62,0.0028,0.00983,0.00938
41.12,28.06,202301,5.51,0.38,69.94,0.87,0.00321,0.01059,0.00312
41.12,28.06,202302,8.89,0.45,66.0,1.39,0.00517,0.00999,0.00498
41.12,28.06,202303,11.1,0.41,71.25,2.38,0.00646,0.01079,0.00852
41.12,28.06,202304,15.63,0.45,72.39,3.11,0.00909,0.01096,0.01114
41.12,28.06,202305,18.84,0.48,71.78,1.18,0.01096,0.01087,0.00423
41.12,28.06,202306,24.01,0.58,45.28,0.92,0.01397,0.00686,0.00329
41.12,28.06,202307,26.15,0.65,23.83,0.27,0.01521,0.00361,0.00097
41.12,28.06,202308,21.47,0.59,31.41,0.21,0.01249,0.00476,0.00075
41.12,28.06,202309,16.72,0.56,46.02,0.96,0.00973,0.00697,0.00344
41.12,28.06,202310,11.52,0.52,49.57,0.71,0.0067,0.0075,0.00254
41.12,28.06,202311,6.49,0.41,68.19,6.61,0.00378,0.01032,0.02367
41.12,28.06,202312,4.82,0.38,64.93,2.62,0.0028,0.00983,0.00938
41.12,28.09,202301,5.51,0.38,69.94,0.87,0.00321,0.01059,0.00312
41.12,28.09,202302,8.89,0.45,66.0,1.39,0.00517,0.00999,0.00498
41.12,28.09,202303,11.1,0.41,71.25,2.38,0.00646,0.01079,0.00852
41.12,28.09,202304,15.63,0.45,72.39,3.11,0.00909,0.01096,0.01114
41.12,28.09,202305,18.84,0.48,71.78,1.18,0.01096,0.01087,0.00423
41.12,28.09,202306,24.01,0.58,45.28,0.92,0.01397,0.00686,0.00329
41.12,28.09,202307,26.15,0.65,23.83,0.27,0.01521,0.00361,0.00097
41.12,28.09,202308,21.47,0.59,31.41,0.21,0.01249,0.00476,0.00075
41.12,28.09,202309,16.72,0.56,46.02,0.96,0.00973,0.00697,0.00344
41.12,28.09,202310,11.52,0.52,49.57,0.71,0.0067,0.0075,0.00254
41.12,28.09,202311,6.49,0.41,68.19,6.61,0.00378,0.01032,0.02367
41.12,28.09,202312,4.82,0.38,64.93,2.62,0.0028,0.00983,0.00938
41.12,28.12,202301,5.51,0.38,69.94,0.87,0.00321,0.01059,0.00312
41.12,28.12,202302,8.89,0.45,66.0,1.39,0.00517,0.00999,0.00498
41.12,28.12,202303,11.1,0.41,71.25,2.38,0.00646,0.01079,0.00852
41.12,28.12,202304,15.63,0.45,72.39,3.11,0.00909,0.01096,0.01114
41.12,28.12,202305,18.84,0.48,71.78,1.18,0.01096,0.01087,0.00423
41.12,28.12,202306,24.01,0.58,45.28,0.92,0.01397,0.00686,0.00329
41.12,28.12,202307,26.15,0.65,23.83,0.27,0.01521,0.00361,0.00097
41.12,28.12,202308,21.47,0.59,31.41,0.21,0.01249,0.00476,0.00075
41.12,28.12,202309,16.72,0.56,46.02,0.96,0.00973,0.00697,0.00344
41.12,28.12,202310,11.52,0.52,49.57,0.71,0.0067,0.0075,0.00254
41.12,28.12,202311,6.49,0.41,68.19,6.61,0.00378,0.01032,0.02367
41.12,28.12,202312,4.82,0.38,64.93,2.62,0.0028,0.00983,0.00938
41.12,28.15,202301,5.51,0.38,69.94,0.87,0.00321,0.01059,0.00312
41.12,28.15,202302,8.89,0.45,66.0,1.39,0.00517,0.00999,0.00498
41.12,28.15,202303,11.1,0.41,71.25,2.38,0.00646,0.01079,0.00852
41.12,28.15,202304,15.63,0.45,72.39,3.11,0.00909,0.01096,0.01114
41.12,28.15,202305,18.84,0.48,71.78,1.18,0.01096,0.01087,0.00423
41.12,28.15,202306,24.01,0.58,45.28,0.92,0.01397,0.00686,0.00329
41.12,28.15,202307,26.15,0.65,23.83,0.27,0.01521,0.00361,0.00097
41.12,28.15,202308,21.47,0.59,31.41,0.21,0.01249,0.00476,0.00075
41.12,28.15,202309,16.72,0.56,46.02,0.96,0.00973,0.00697,0.00344
41.12,28.15,202310,11.52,0.52,49.57,0.71,0.0067,0.0075,0.00254
41.12,28.15,202311,6.49,0.41,68.19,6.61,0.00378,0.01032,0.02367
41.12,28.15,202312,4.82,0.38,64.93,2.62,0.0028,0.00983,0.00938
41.12,28.18,202301,5.51,0.38,69.94,0.87,0.00321,0.01059,0.00312
41.12,28.18,202302,8.89,0.45,66.0,1.39,0.00517,0.00999,0.00498
41.12,28.18,202303,11.1,0.41,71.25,2.38,0.00646,0.01079,0.00852
41.12,28.18,202304,15.63,0.45,72.39,3.11,0.00909,0.01096,0.01114
41.12,28.18,202305,18.84,0.48,71.78,1.18,0.01096,0.01087,0.00423
41.12,28.18,202306,24.01,0.58,45.28,0.92,0.01397,0.00686,0.00329
41.12,28.18,202307,26.15,0.65,23.83,0.27,0.01521,0.00361,0.00097
41.12,28.18,202308,21.47,0.59,31.41,0.21,0.01249,0.00476,0.00075
41.12,28.18,202309,16.72,0.56,46.02,0.96,0.00973,0.00697,0.00344
41.12,28.18,202310,11.52,0.52,49.57,0.71,0.0067,0.0075,0.00254
41.12,28.18,202311,6.49,0.41,68.19,6.61,0.00378,0.01032,0.02367
41.12,28.18,202312,4.82,0.38,64.93,2.62,0.0028,0.00983,0.00938
41.12,28.21,202301,5.51,0.38,69.94,0.87,0.00321,0.01059,0.00312
41.12,28.21,202302,8.89,0.45,66.0,1.39,0.00517,0.00999,0.00498
41.12,28.21,202303,11.1,0.41,71.25,2.38,0.00646,0.01079,0.00852
41.12,28.21,202304,15.63,0.45,72.39,3.11,0.00909,0.01096,0.01114
41.12,28.21,202305,18.84,0.48,71.78,1.18,0.01096,0.01087,0.00423
41.12,28.21,202306,24.01,0.58,45.28,0.92,0.01397,0.00686,0.00329
41.12,28.21,202307,26.15,0.65,23.83,0.27,0.01521,0.00361,0.00097
41.12,28.21,202308,21.47,0.59,31.41,0.21,0.01249,0.00476,0.00075
41.12,28.21,202309,16.72,0.56,46.02,0.96,0.00973,0.00697,0.00344
41.12,28.21,202310,11.52,0.52,49.57,0.71,0.0067,0.0075,0.00254
41.12,28.21,202311,6.49,0.41,68.19,6.61,0.00378,0.01032,0.02367
41.12,28.21,202312,4.82,0.38,64.93,2.62,0.0028,0.00983,0.00938
41.12,28.24,202301,5.51,0.38,69.94,0.87,0.00321,0.01059,0.00312
41.12,28.24,202302,8.89,0.45,66.0,1.39,0.00517,0.00999,0.00498
41.12,28.24,202303,11.1,0.41,71.25,2.38,0.00646,0.01079,0.00852
41.12,28.24,202304,15.63,0.45,72.39,3.11,0.00909,0.01096,0.01114
41.12,28.24,202305,18.84,0.48,71.78,1.18,0.01096,0.01087,0.00423
41.12,28.24,202306,24.01,0.58,45.28,0.92,0.01397,0.00686,0.00329
41.12,28.24,202307,26.15,0.65,23.83,0.27,0.01521,0.00361,0.00097
41.12,28.24,202308,21.47,0.59,31.41,0.21,0.01249,0.00476,0.00075
41.12,28.24,202309,16.72,0.56,46.02,0.96,0.00973,0.00697,0.00344
41.12,28.24,202310,11.52,0.52,49.57,0.71,0.0067,0.0075,0.00254
41.12,28.24,202311,6.49,0.41,68.19,6.61,0.00378,0.01032,0.02367
41.12,28.24,202312,4.82,0.38,64.93,2.62,0.0028,0.00983,0.00938
41.12,28.27,202301,5.51,0.38,69.94,0.87,0.00321,0.01059,0.00312
41.12,28.27,202302,8.89,0.45,66.0,1.39,0.00517,0.00999,0.00498
41.12,28.27,202303,11.1,0.41,71.25,2.38,0.00646,0.01079,0.00852
41.12,28.27,202304,15.63,0.45,72.39,3.11,0.00909,0.01096,0.01114
41.12,28.27,202305,18.84,0.48,71.78,1.18,0.01096,0.01087,0.00423
41.12,28.27,202306,24.01,0.58,45.28,0.92,0.01397,0.00686,0.00329
41.12,28.27,202307,26.15,0.65,23.83,0.27,0.01521,0.00361,0.00097
41.12,28.27,202308,21.47,0.59,31.41,0.21,0.01249,0.00476,0.00075
41.12,28.27,202309,16.72,0.56,46.02,0.96,0.00973,0.00697,0.00344
41.12,28.27,202310,11.52,0.52,49.57,0.71,0.0067,0.0075,0.00254
41.12,28.27,202311,6.49,0.41,68.19,6.61,0.00378,0.01032,0.02367
41.12,28.27,202312,4.82,0.38,64.93,2.62,0.0028,0.00983,0.00938
41.12,28.3,202301,5.51,0.38,69.94,0.87,0.00321,0.01059,0.00312
41.12,28.3,202302,8.89,0.45,66.0,1.39,0.00517,0.00999,0.00498
41.12,28.3,202303,11.1,0.41,71.25,2.38,0.00646,0.01079,0.00852
41.12,28.3,202304,15.63,0.45,72.39,3.11,0.00909,0.01096,0.01114
41.12,28.3,202305,18.84,0.48,71.78,1.18,0.01096,0.01087,0.00423
41.12,28.3,202306,24.01,0.58,45.28,0.92,0.01397,0.00686,0.00329
41.12,28.3,202307,26.15,0.65,23.83,0.27,0.01521,0.00361,0.00097
41.12,28.3,202308,21.47,0.59,31.41,0.21,0.01249,0.00476,0.00075
41.12,28.3,202309,16.72,0.56,46.02,0.96,0.00973,0.00697,0.00344
41.12,28.3,202310,11.52,0.52,49.57,0.71,0.0067,0.0075,0.00254
41.12,28.3,202311,6.49,0.41,68.19,6.61,0.00378,0.01032,0.02367
41.12,28.3,202312,4.82,0.38,64.93,2.62,0.0028,0.00983,0.00938
41.12,28.33,202301,5.51,0.38,69.94,0.87,0.00321,0.01059,0.00312
41.12,28.33,202302,8.89,0.45,66.0,1.39,0.00517,0.00999,0.00498
41.12,28.33,202303,11.1,0.41,71.25,2.38,0.00646,0.01079,0.00852
41.12,28.33,202304,15.63,0.45,72.39,3.11,0.00909,0.01096,0.01114
41.12,28.33,202305,18.84,0.48,71.78,1.18,0.01096,0.01087,0.00423
41.12,28.33,202306,24.01,0.58,45.28,0.92,0.01397,0.00686,0.00329
41.12,28.33,202307,26.15,0.65,23.83,0.27,0.01521,0.00361,0.00097
41.12,28.33,202308,21.47,0.59,31.41,0.21,0.01249,0.00476,0.00075
41.12,28.33,202309,16.72,0.56,46.02,0.96,0.00973,0.00697,0.00344
41.12,28.33,202310,11.52,0.52,49.57,0.71,0.0067,0.0075,0.00254
41.12,28.33,202311,6.49,0.41,68.19,6.61,0.00378,0.01032,0.02367
41.12,28.33,202312,4.82,0.38,64.93,2.62,0.0028,0.00983,0.00938
41.12,28.36,202301,5.51,0.38,69.94,0.87,0.00321,0.01059,0.00312
41.12,28.36,202302,8.89,0.45,66.0,1.39,0.00517,0.00999,0.00498
41.12,28.36,202303,11.1,0.41,71.25,2.38,0.00646,0.01079,0.00852
41.12,28.36,202304,15.63,0.45,72.39,3.11,0.00909,0.01096,0.01114
41.12,28.36,202305,18.84,0.48,71.78,1.18,0.01096,0.01087,0.00423
41.12,28.36,202306,24.01,0.58,45.28,0.92,0.01397,0.00686,0.00329
41.12,28.36,202307,26.15,0.65,23.83,0.27,0.01521,0.00361,0.00097
41.12,28.36,202308,21.47,0.59,31.41,0.21,0.01249,0.00476,0.00075
41.12,28.36,202309,16.72,0.56,46.02,0.96,0.00973,0.00697,0.00344
41.12,28.36,202310,11.52,0.52,49.57,0.71,0.0067,0.0075,0.00254
41.12,28.36,202311,6.49,0.41,68.19,6.61,0.00378,0.01032,0.02367
41.12,28.36,202312,4.82,0.38,64.93,2.62,0.0028,0.00983,0.00938
41.12,28.39,202301,5.51,0.38,69.94,0.87,0.00321,0.01059,0.00312
41.12,28.39,202302,8.89,0.45,66.0,1.39,0.00517,0.00999,0.00498
41.12,28.39,202303,11.1,0.41,71.25,2.38,0.00646,0.01079,0.00852
41.12,28.39,202304,15.63,0.45,72.39,3.11,0.00909,0.01096,0.01114
41.12,28.39,202305,18.84,0.48,71.78,1.18,0.01096,0.01087,0.00423
41.12,28.39,202306,24.01,0.58,45.28,0.92,0.01397,0.00686,0.00329
41.12,28.39,202307,26.15,0.65,23.83,0.27,0.01521,0.00361,0.00097
41.12,28.39,202308,21.47,0.59,31.41,0.21,0.01249,0.00476,0.00075
41.12,28.39,202309,16.72,0.56,46.02,0.96,0.00973,0.00697,0.00344
41.12,28.39,202310,11.52,0.52,49.57,0.71,0.0067,0.0075,0.00254
41.12,28.39,202311,6.49,0.41,68.19,6.61,0.00378,0.01032,0.02367
41.12,28.39,202312,4.82,0.38,64.93,2.62,0.0028,0.00983,0.00938
41.12,28.42,202301,5.51,0.38,69.94,0.87,0.00321,0.01059,0.00312
41.12,28.42,202302,8.89,0.45,66.0,1.39,0.00517,0.00999,0.00498
41.12,28.42,202303,11.1,0.41,71.25,2.38,0.00646,0.01079,0.00852
41.12,28.42,202304,15.63,0.45,72.39,3.11,0.00909,0.01096,0.01114
41.12,28.42,202305,18.84,0.48,71.78,1.18,0.01096,0.01087,0.00423
41.12,28.42,202306,24.01,0.58,45.28,0.92,0.01397,0.00686,0.00329
41.12,28.42,202307,26.15,0.65,23.83,0.27,0.01521,0.00361,0.00097
41.12,28.42,202308,21.47,0.59,31.41,0.21,0.01249,0.00476,0.00075
41.12,28.42,202309,16.72,0.56,46.02,0.96,0.00973,0.00697,0.00344
41.12,28.42,202310,11.52,0.52,49.57,0.71,0.0067,0.0075,0.00254
41.12,28.42,202311,6.49,0.41,68.19,6.61,0.00378,0.01032,0.02367
41.12,28.42,202312,4.82,0.38,64.93,2.62,0.0028,0.00983,0.00938
41.12,28.45,202301,5.51,0.38,69.94,0.72,0.00321,0.01059,0.00258
41.12,28.45,202302,8.89,0.45,66.0,1.83,0.00517,0.00999,0.00655
41.12,28.45,202303,11.1,0.41,71.25,2.49,0.00646,0.01079,0.00892
41.12,28.45,202304,15.63,0.45,72.39,3.07,0.00909,0.01096,0.01099
41.12,28.45,202305,18.84,0.48,71.78,1.24,0.01096,0.01087,0.00444
41.12,28.45,202306,24.01,0.58,45.28,0.86,0.01397,0.00686,0.00308
41.12,28.45,202307,26.15,0.65,23.83,0.33,0.01521,0.00361,0.00118
41.12,28.45,202308,21.47,0.59,31.41,0.3,0.01249,0.00476,0.00107
41.12,28.45,202309,16.72,0.56,46.02,0.71,0.00973,0.00697,0.00254
41.12,28.45,202310,11.52,0.52,49.57,1.15,0.0067,0.0075,0.00412
41.12,28.45,202311,6.49,0.41,68.19,6.37,0.00378,0.01032,0.02281
41.12,28.45,202312,4.82,0.38,64.93,2.3,0.0028,0.00983,0.00824
41.12,28.48,202301,5.51,0.38,69.94,0.72,0.00321,0.01059,0.00258
41.12,28.48,202302,8.89,0.45,66.0,1.83,0.00517,0.00999,0.00655
41.12,28.48,202303,11.1,0.41,71.25,2.49,0.00646,0.01079,0.00892
41.12,28.48,202304,15.63,0.45,72.39,3.07,0.00909,0.01096,0.01099
41.12,28.48,202305,18.84,0.48,71.78,1.24,0.01096,0.01087,0.00444
41.12,28.48,202306,24.01,0.58,45.28,0.86,0.01397,0.00686,0.00308
41.12,28.48,202307,26.15,0.65,23.83,0.33,0.01521,0.00361,0.00118
41.12,28.48,202308,21.47,0.59,31.41,0.3,0.01249,0.00476,0.00107
41.12,28.48,202309,16.72,0.56,46.02,0.71,0.00973,0.00697,0.00254
41.12,28.48,202310,11.52,0.52,49.57,1.15,0.0067,0.0075,0.00412
41.12,28.48,202311,6.49,0.41,68.19,6.37,0.00378,0.01032,0.02281
41.12,28.48,202312,4.82,0.38,64.93,2.3,0.0028,0.00983,0.00824
41.12,28.51,202301,5.51,0.38,69.94,0.72,0.00321,0.01059,0.00258
41.12,28.51,202302,8.89,0.45,66.0,1.83,0.00517,0.00999,0.00655
41.12,28.51,202303,11.1,0.41,71.25,2.49,0.00646,0.01079,0.00892
41.12,28.51,202304,15.63,0.45,72.39,3.07,0.00909,0.01096,0.01099
41.12,28.51,202305,18.84,0.48,71.78,1.24,0.01096,0.01087,0.00444
41.12,28.51,202306,24.01,0.58,45.28,0.86,0.01397,0.00686,0.00308
41.12,28.51,202307,26.15,0.65,23.83,0.33,0.01521,0.00361,0.00118
41.12,28.51,202308,21.47,0.59,31.41,0.3,0.01249,0.00476,0.00107
41.12,28.51,202309,16.72,0.56,46.02,0.71,0.00973,0.00697,0.00254
41.12,28.51,202310,11.52,0.52,49.57,1.15,0.0067,0.0075,0.00412
41.12,28.51,202311,6.49,0.41,68.19,6.37,0.00378,0.01032,0.02281
41.12,28.51,202312,4.82,0.38,64.93,2.3,0.0028,0.00983,0.00824
41.12,28.54,202301,5.51,0.38,69.94,0.72,0.00321,0.01059,0.00258
41.12,28.54,202302,8.89,0.45,66.0,1.83,0.00517,0.00999,0.00655
41.12,28.54,202303,11.1,0.41,71.25,2.49,0.00646,0.01079,0.00892
41.12,28.54,202304,15.63,0.45,72.39,3.07,0.00909,0.01096,0.01099
41.12,28.54,202305,18.84,0.48,71.78,1.24,0.01096,0.01087,0.00444
41.12,28.54,202306,24.01,0.58,45.28,0.86,0.01397,0.00686,0.00308
41.12,28.54,202307,26.15,0.65,23.83,0.33,0.01521,0.00361,0.00118
41.12,28.54,202308,21.47,0.59,31.41,0.3,0.01249,0.00476,0.00107
41.12,28.54,202309,16.72,0.56,46.02,0.71,0.00973,0.00697,0.00254
41.12,28.54,202310,11.52,0.52,49.57,1.15,0.0067,0.0075,0.00412
41.12,28.54,202311,6.49,0.41,68.19,6.37,0.00378,0.01032,0.02281
41.12,28.54,202312,4.82,0.38,64.93,2.3,0.0028,0.00983,0.00824
41.12,28.57,202301,5.51,0.38,69.94,0.72,0.00321,0.01059,0.00258
41.12,28.57,202302,8.89,0.45,66.0,1.83,0.00517,0.00999,0.00655
41.12,28.57,202303,11.1,0.41,71.25,2.49,0.00646,0.01079,0.00892
41.12,28.57,202304,15.63,0.45,72.39,3.07,0.00909,0.01096,0.01099
41.12,28.57,202305,18.84,0.48,71.78,1.24,0.01096,0.01087,0.00444
41.12,28.57,202306,24.01,0.58,45.28,0.86,0.01397,0.00686,0.00308
41.12,28.57,202307,26.15,0.65,23.83,0.33,0.01521,0.00361,0.00118
41.12,28.57,202308,21.47,0.59,31.41,0.3,0.01249,0.00476,0.00107
41.12,28.57,202309,16.72,0.56,46.02,0.71,0.00973,0.00697,0.00254
41.12,28.57,202310,11.52,0.52,49.57,1.15,0.0067,0.0075,0.00412
41.12,28.57,202311,6.49,0.41,68.19,6.37,0.00378,0.01032,0.02281
41.12,28.57,202312,4.82,0.38,64.93,2.3,0.0028,0.00983,0.00824
41.12,28.6,202301,5.51,0.38,69.94,0.72,0.00321,0.01059,0.00258
41.12,28.6,202302,8.89,0.45,66.0,1.83,0.00517,0.00999,0.00655
41.12,28.6,202303,11.1,0.41,71.25,2.49,0.00646,0.01079,0.00892
41.12,28.6,202304,15.63,0.45,72.39,3.07,0.00909,0.01096,0.01099
41.12,28.6,202305,18.84,0.48,71.78,1.24,0.01096,0.01087,0.00444
41.12,28.6,202306,24.01,0.58,45.28,0.86,0.01397,0.00686,0.00308
41.12,28.6,202307,26.15,0.65,23.83,0.33,0.01521,0.00361,0.00118
41.12,28.6,202308,21.47,0.59,31.41,0.3,0.01249,0.00476,0.00107
41.12,28.6,202309,16.72,0.56,46.02,0.71,0.00973,0.00697,0.00254
41.12,28.6,202310,11.52,0.52,49.57,1.15,0.0067,0.0075,0.00412
41.12,28.6,202311,6.49,0.41,68.19,6.37,0.00378,0.01032,0.02281
41.12,28.6,202312,4.82,0.38,64.93,2.3,0.0028,0.00983,0.00824
41.12,28.63,202301,5.51,0.38,69.94,0.72,0.00321,0.01059,0.00258
41.12,28.63,202302,8.89,0.45,66.0,1.83,0.00517,0.00999,0.00655
41.12,28.63,202303,11.1,0.41,71.25,2.49,0.00646,0.01079,0.00892
41.12,28.63,202304,15.63,0.45,72.39,3.07,0.00909,0.01096,0.01099
41.12,28.63,202305,18.84,0.48,71.78,1.24,0.01096,0.01087,0.00444
41.12,28.63,202306,24.01,0.58,45.28,0.86,0.01397,0.00686,0.00308
41.12,28.63,202307,26.15,0.65,23.83,0.33,0.01521,0.00361,0.00118
41.12,28.63,202308,21.47,0.59,31.41,0.3,0.01249,0.00476,0.00107
41.12,28.63,202309,16.72,0.56,46.02,0.71,0.00973,0.00697,0.00254
41.12,28.63,202310,11.52,0.52,49.57,1.15,0.0067,0.0075,0.00412
41.12,28.63,202311,6.49,0.41,68.19,6.37,0.00378,0.01032,0.02281
41.12,28.63,202312,4.82,0.38,64.93,2.3,0.0028,0.00983,0.00824
41.12,28.66,202301,5.51,0.38,69.94,0.72,0.00321,0.01059,0.00258
41.12,28.66,202302,8.89,0.45,66.0,1.83,0.00517,0.00999,0.00655
41.12,28.66,202303,11.1,0.41,71.25,2.49,0.00646,0.01079,0.00892
41.12,28.66,202304,15.63,0.45,72.39,3.07,0.00909,0.01096,0.01099
41.12,28.66,202305,18.84,0.48,71.78,1.24,0.01096,0.01087,0.00444
41.12,28.66,202306,24.01,0.58,45.28,0.86,0.01397,0.00686,0.00308
41.12,28.66,202307,26.15,0.65,23.83,0.33,0.01521,0.00361,0.00118
41.12,28.66,202308,21.47,0.59,31.41,0.3,0.01249,0.00476,0.00107
41.12,28.66,202309,16.72,0.56,46.02,0.71,0.00973,0.00697,0.00254
41.12,28.66,202310,11.52,0.52,49.57,1.15,0.0067,0.0075,0.00412
41.12,28.66,202311,6.49,0.41,68.19,6.37,0.00378,0.01032,0.02281
41.12,28.66,202312,4.82,0.38,64.93,2.3,0.0028,0.00983,0.00824
41.12,28.69,202301,5.51,0.38,69.94,0.72,0.00321,0.01059,0.00258
41.12,28.69,202302,8.89,0.45,66.0,1.83,0.00517,0.00999,0.00655
41.12,28.69,202303,11.1,0.41,71.25,2.49,0.00646,0.01079,0.00892
41.12,28.69,202304,15.63,0.45,72.39,3.07,0.00909,0.01096,0.01099
41.12,28.69,202305,18.84,0.48,71.78,1.24,0.01096,0.01087,0.00444
41.12,28.69,202306,24.01,0.58,45.28,0.86,0.01397,0.00686,0.00308
41.12,28.69,202307,26.15,0.65,23.83,0.33,0.01521,0.00361,0.00118
41.12,28.69,202308,21.47,0.59,31.41,0.3,0.01249,0.00476,0.00107
41.12,28.69,202309,16.72,0.56,46.02,0.71,0.00973,0.00697,0.00254
41.12,28.69,202310,11.52,0.52,49.57,1.15,0.0067,0.0075,0.00412
41.12,28.69,202311,6.49,0.41,68.19,6.37,0.00378,0.01032,0.02281
41.12,28.69,202312,4.82,0.38,64.93,2.3,0.0028,0.00983,0.00824
41.12,28.72,202301,5.51,0.38,69.94,0.72,0.00321,0.01059,0.00258
41.12,28.72,202302,8.89,0.45,66.0,1.83,0.00517,0.00999,0.00655
41.12,28.72,202303,11.1,0.41,71.25,2.49,0.00646,0.01079,0.00892
41.12,28.72,202304,15.63,0.45,72.39,3.07,0.00909,0.01096,0.01099
41.12,28.72,202305,18.84,0.48,71.78,1.24,0.01096,0.01087,0.00444
41.12,28.72,202306,24.01,0.58,45.28,0.86,0.01397,0.00686,0.00308
41.12,28.72,202307,26.15,0.65,23.83,0.33,0.01521,0.00361,0.00118
41.12,28.72,202308,21.47,0.59,31.41,0.3,0.01249,0.00476,0.00107
41.12,28.72,202309,16.72,0.56,46.02,0.71,0.00973,0.00697,0.00254
41.12,28.72,202310,11.52,0.52,49.57,1.15,0.0067,0.0075,0.00412
41.12,28.72,202311,6.49,0.41,68.19,6.37,0.00378,0.01032,0.02281
41.12,28.72,202312,4.82,0.38,64.93,2.3,0.0028,0.00983,0.00824
41.12,28.75,202301,5.51,0.38,69.94,0.72,0.00321,0.01059,0.00258
41.12,28.75,202302,8.89,0.45,66.0,1.83,0.00517,0.00999,0.00655
41.12,28.75,202303,11.1,0.41,71.25,2.49,0.00646,0.01079,0.00892
41.12,28.75,202304,15.63,0.45,72.39,3.07,0.00909,0.01096,0.01099
41.12,28.75,202305,18.84,0.48,71.78,1.24,0.01096,0.01087,0.00444
41.12,28.75,202306,24.01,0.58,45.28,0.86,0.01397,0.00686,0.00308
41.12,28.75,202307,26.15,0.65,23.83,0.33,0.01521,0.00361,0.00118
41.12,28.75,202308,21.47,0.59,31.41,0.3,0.01249,0.00476,0.00107
41.12,28.75,202309,16.72,0.56,46.02,0.71,0.00973,0.00697,0.00254
41.12,28.75,202310,11.52,0.52,49.57,1.15,0.0067,0.0075,0.00412
41.12,28.75,202311,6.49,0.41,68.19,6.37,0.00378,0.01032,0.02281
41.12,28.75,202312,4.82,0.38,64.93,2.3,0.0028,0.00983,0.00824
41.12,28.78,202301,5.51,0.38,69.94,0.72,0.00321,0.01059,0.00258
41.12,28.78,202302,8.89,0.45,66.0,1.83,0.00517,0.00999,0.00655
41.12,28.78,202303,11.1,0.41,71.25,2.49,0.00646,0.01079,0.00892
41.12,28.78,202304,15.63,0.45,72.39,3.07,0.00909,0.01096,0.01099
41.12,28.78,202305,18.84,0.48,71.78,1.24,0.01096,0.01087,0.00444
41.12,28.78,202306,24.01,0.58,45.28,0.86,0.01397,0.00686,0.00308
41.12,28.78,202307,26.15,0.65,23.83,0.33,0.01521,0.00361,0.00118
41.12,28.78,202308,21.47,0.59,31.41,0.3,0.01249,0.00476,0.00107
41.12,28.78,202309,16.72,0.56,46.02,0.71,0.00973,0.00697,0.00254
41.12,28.78,202310,11.52,0.52,49.57,1.15,0.0067,0.0075,0.00412
41.12,28.78,202311,6.49,0.41,68.19,6.37,0.00378,0.01032,0.02281
41.12,28.78,202312,4.82,0.38,64.93,2.3,0.0028,0.00983,0.00824
41.12,28.81,202301,5.51,0.38,69.94,0.72,0.00321,0.01059,0.00258
41.12,28.81,202302,8.89,0.45,66.0,1.83,0.00517,0.00999,0.00655
41.12,28.81,202303,11.1,0.41,71.25,2.49,0.00646,0.01079,0.00892
41.12,28.81,202304,15.63,0.45,72.39,3.07,0.00909,0.01096,0.01099
41.12,28.81,202305,18.84,0.48,71.78,1.24,0.01096,0.01087,0.00444
41.12,28.81,202306,24.01,0.58,45.28,0.86,0.01397,0.00686,0.00308
41.12,28.81,202307,26.15,0.65,23.83,0.33,0.01521,0.00361,0.00118
41.12,28.81,202308,21.47,0.59,31.41,0.3,0.01249,0.00476,0.00107
41.12,28.81,202309,16.72,0.56,46.02,0.71,0.00973,0.00697,0.00254
41.12,28.81,202310,11.52,0.52,49.57,1.15,0.0067,0.0075,0.00412
41.12,28.81,202311,6.49,0.41,68.19,6.37,0.00378,0.01032,0.02281
41.12,28.81,202312,4.82,0.38,64.93,2.3,0.0028,0.00983,0.00824
41.12,28.84,202301,5.51,0.38,69.94,0.72,0.00321,0.01059,0.00258
41.12,28.84,202302,8.89,0.45,66.0,1.83,0.00517,0.00999,0.00655
41.12,28.84,202303,11.1,0.41,71.25,2.49,0.00646,0.01079,0.00892
41.12,28.84,202304,15.63,0.45,72.39,3.07,0.00909,0.01096,0.01099
41.12,28.84,202305,18.84,0.48,71.78,1.24,0.01096,0.01087,0.00444
41.12,28.84,202306,24.01,0.58,45.28,0.86,0.01397,0.00686,0.00308
41.12,28.84,202307,26.15,0.65,23.83,0.33,0.01521,0.00361,0.00118
41.12,28.84,202308,21.47,0.59,31.41,0.3,0.01249,0.00476,0.00107
41.12,28.84,202309,16.72,0.56,46.02,0.71,0.00973,0.00697,0.00254
41.12,28.84,202310,11.52,0.52,49.57,1.15,0.0067,0.0075,0.00412
41.12,28.84,202311,6.49,0.41,68.19,6.37,0.00378,0.01032,0.02281
41.12,28.84,202312,4.82,0.38,64.93,2.3,0.0028,0.00983,0.00824
41.12,28.87,202301,5.51,0.38,69.94,0.72,0.00321,0.01059,0.00258
41.12,28.87,202302,8.89,0.45,66.0,1.83,0.00517,0.00999,0.00655
41.12,28.87,202303,11.1,0.41,71.25,2.49,0.00646,0.01079,0.00892
41.12,28.87,202304,15.63,0.45,72.39,3.07,0.00909,0.01096,0.01099
41.12,28.87,202305,18.84,0.48,71.78,1.24,0.01096,0.01087,0.00444
41.12,28.87,202306,24.01,0.58,45.28,0.86,0.01397,0.00686,0.00308
41.12,28.87,202307,26.15,0.65,23.83,0.33,0.01521,0.00361,0.00118
41.12,28.87,202308,21.47,0.59,31.41,0.3,0.01249,0.00476,0.00107
41.12,28.87,202309,16.72,0.56,46.02,0.71,0.00973,0.00697,0.00254
41.12,28.87,202310,11.52,0.52,49.57,1.15,0.0067,0.0075,0.00412
41.12,28.87,202311,6.49,0.41,68.19,6.37,0.00378,0.01032,0.02281
41.12,28.87,202312,4.82,0.38,64.93,2.3,0.0028,0.00983,0.00824
41.12,28.9,202301,5.51,0.38,69.94,0.72,0.00321,0.01059,0.00258
41.12,28.9,202302,8.89,0.45,66.0,1.83,0.00517,0.00999,0.00655
41.12,28.9,202303,11.1,0.41,71.25,2.49,0.00646,0.01079,0.00892
41.12,28.9,202304,15.63,0.45,72.39,3.07,0.00909,0.01096,0.01099
41.12,28.9,202305,18.84,0.48,71.78,1.24,0.01096,0.01087,0.00444
41.12,28.9,202306,24.01,0.58,45.28,0.86,0.01397,0.00686,0.00308
41.12,28.9,202307,26.15,0.65,23.83,0.33,0.01521,0.00361,0.00118
41.12,28.9,202308,21.47,0.59,31.41,0.3,0.01249,0.00476,0.00107
41.12,28.9,202309,16.72,0.56,46.02,0.71,0.00973,0.00697,0.00254
41.12,28.9,202310,11.52,0.52,49.57,1.15,0.0067,0.0075,0.00412
41.12,28.9,202311,6.49,0.41,68.19,6.37,0.00378,0.01032,0.02281
41.12,28.9,202312,4.82,0.38,64.93,2.3,0.0028,0.00983,0.00824
41.12,28.93,202301,5.51,0.38,69.94,0.72,0.00321,0.01059,0.00258
41.12,28.93,202302,8.89,0.45,66.0,1.83,0.00517,0.00999,0.00655
41.12,28.93,202303,11.1,0.41,71.25,2.49,0.00646,0.01079,0.00892
41.12,28.93,202304,15.63,0.45,72.39,3.07,0.00909,0.01096,0.01099
41.12,28.93,202305,18.84,0.48,71.78,1.24,0.01096,0.01087,0.00444
41.12,28.93,202306,24.01,0.58,45.28,0.86,0.01397,0.00686,0.00308
41.12,28.93,202307,26.15,0.65,23.83,0.33,0.01521,0.00361,0.00118
41.12,28.93,202308,21.47,0.59,31.41,0.3,0.01249,0.00476,0.00107
41.12,28.93,202309,16.72,0.56,46.02,0.71,0.00973,0.00697,0.00254
41.12,28.93,202310,11.52,0.52,49.57,1.15,0.0067,0.0075,0.00412
41.12,28.93,202311,6.49,0.41,68.19,6.37,0.00378,0.01032,0.02281
41.12,28.93,202312,4.82,0.38,64.93,2.3,0.0028,0.00983,0.00824
41.12,28.96,202301,5.51,0.38,69.94,0.72,0.00321,0.01059,0.00258
41.12,28.96,202302,8.89,0.45,66.0,1.83,0.00517,0.00999,0.00655
41.12,28.96,202303,11.1,0.41,71.25,2.49,0.00646,0.01079,0.00892
41.12,28.96,202304,15.63,0.45,72.39,3.07,0.00909,0.01096,0.01099
41.12,28.96,202305,18.84,0.48,71.78,1.24,0.01096,0.01087,0.00444
41.12,28.96,202306,24.01,0.58,45.28,0.86,0.01397,0.00686,0.00308
41.12,28.96,202307,26.15,0.65,23.83,0.33,0.01521,0.00361,0.00118
41.12,28.96,202308,21.47,0.59,31.41,0.3,0.01249,0.00476,0.00107
41.12,28.96,202309,16.72,0.56,46.02,0.71,0.00973,0.00697,0.00254
41.12,28.96,202310,11.52,0.52,49.57,1.15,0.0067,0.0075,0.00412
41.12,28.96,202311,6.49,0.41,68.19,6.37,0.00378,0.01032,0.02281
41.12,28.96,202312,4.82,0.38,64.93,2.3,0.0028,0.00983,0.00824
41.12,28.99,202301,5.51,0.38,69.94,0.72,0.00321,0.01059,0.00258
41.12,28.99,202302,8.89,0.45,66.0,1.83,0.00517,0.00999,0.00655
41.12,28.99,202303,11.1,0.41,71.25,2.49,0.00646,0.01079,0.00892
41.12,28.99,202304,15.63,0.45,72.39,3.07,0.00909,0.01096,0.01099
41.12,28.99,202305,18.84,0.48,71.78,1.24,0.01096,0.01087,0.00444
41.12,28.99,202306,24.01,0.58,45.28,0.86,0.01397,0.00686,0.00308
41.12,28.99,202307,26.15,0.65,23.83,0.33,0.01521,0.00361,0.00118
41.12,28.99,202308,21.47,0.59,31.41,0.3,0.01249,0.00476,0.00107
41.12,28.99,202309,16.72,0.56,46.02,0.71,0.00973,0.00697,0.00254
41.12,28.99,202310,11.52,0.52,49.57,1.15,0.0067,0.0075,0.00412
41.12,28.99,202311,6.49,0.41,68.19,6.37,0.00378,0.01032,0.02281
41.12,28.99,202312,4.82,0.38,64.93,2.3,0.0028,0.00983,0.00824
41.12,29.02,202301,5.47,0.38,77.44,0.72,0.00318,0.01172,0.00258
41.12,29.02,202302,8.67,0.44,75.84,1.83,0.00504,0.01148,0.00655
41.12,29.02,202303,10.41,0.38,81.4,2.49,0.00606,0.01232,0.00892
41.12,29.02,202304,15.39,0.45,77.59,3.07,0.00895,0.01175,0.01099
41.12,29.02,202305,18.83,0.48,75.98,1.24,0.01095,0.0115,0.00444
41.12,29.02,202306,23.93,0.57,50.76,0.86,0.01392,0.00768,0.00308
41.12,29.02,202307,25.58,0.63,28.76,0.33,0.01488,0.00435,0.00118
41.12,29.02,202308,21.98,0.61,33.24,0.3,0.01279,0.00503,0.00107
41.12,29.02,202309,17.75,0.6,55.94,0.71,0.01032,0.00847,0.00254
41.12,29.02,202310,11.5,0.52,63.42,1.15,0.00669,0.0096,0.00412
41.12,29.02,202311,6.57,0.42,78.12,6.37,0.00382,0.01183,0.02281
41.12,29.02,202312,4.93,0.38,71.96,2.3,0.00287,0.01089,0.00824
41.12,29.05,202301,5.47,0.38,77.44,0.72,0.00318,0.01172,0.00258
41.12,29.05,202302,8.67,0.44,75.84,1.83,0.00504,0.01148,0.00655
41.12,29.05,202303,10.41,0.38,81.4,2.49,0.00606,0.01232,0.00892
41.12,29.05,202304,15.39,0.45,77.59,3.07,0.00895,0.01175,0.01099
41.12,29.05,202305,18.83,0.48,75.98,1.24,0.01095,0.0115,0.00444
41.12,29.05,202306,23.93,0.57,50.76,0.86,0.01392,0.00768,0.00308
41.12,29.05,202307,25.58,0.63,28.76,0.33,0.01488,0.00435,0.00118
41.12,29.05,202308,21.98,0.61,33.24,0.3,0.01279,0.00503,0.00107
41.12,29.05,202309,17.75,0.6,55.94,0.71,0.01032,0.00847,0.00254
41.12,29.05,202310,11.5,0.52,63.42,1.15,0.00669,0.0096,0.00412
41.12,29.05,202311,6.57,0.42,78.12,6.37,0.00382,0.01183,0.02281
41.12,29.05,202312,4.93,0.38,71.96,2.3,0.00287,0.01089,0.00824
41.12,29.11,202301,5.47,0.38,77.44,0.72,0.00318,0.01172,0.00258
41.12,29.11,202302,8.67,0.44,75.84,2.53,0.00504,0.01148,0.00906
41.12,29.11,202303,10.41,0.38,81.4,2.88,0.00606,0.01232,0.01031
41.12,29.11,202304,15.39,0.45,77.59,3.03,0.00895,0.01175,0.01085
41.12,29.11,202305,18.83,0.48,75.98,1.35,0.01095,0.0115,0.00483
41.12,29.11,202306,23.93,0.57,50.76,1.56,0.01392,0.00768,0.00559
41.12,29.11,202307,25.58,0.63,28.76,0.79,0.01488,0.00435,0.00283
41.12,29.11,202308,21.98,0.61,33.24,0.51,0.01279,0.00503,0.00183
41.12,29.11,202309,17.75,0.6,55.94,0.89,0.01032,0.00847,0.00319
41.12,29.11,202310,11.5,0.52,63.42,1.83,0.00669,0.0096,0.00655
41.12,29.11,202311,6.57,0.42,78.12,6.97,0.00382,0.01183,0.02496
41.12,29.11,202312,4.93,0.38,71.96,2.45,0.00287,0.01089,0.00877
41.12,29.14,202301,5.47,0.38,77.44,0.72,0.00318,0.01172,0.00258
41.12,29.14,202302,8.67,0.44,75.84,2.53,0.00504,0.01148,0.00906
41.12,29.14,202303,10.41,0.38,81.4,2.88,0.00606,0.01232,0.01031
41.12,29.14,202304,15.39,0.45,77.59,3.03,0.00895,0.01175,0.01085
41.12,29.14,202305,18.83,0.48,75.98,1.35,0.01095,0.0115,0.00483
41.12,29.14,202306,23.93,0.57,50.76,1.56,0.01392,0.00768,0.00559
41.12,29.14,202307,25.58,0.63,28.76,0.79,0.01488,0.00435,0.00283
41.12,29.14,202308,21.98,0.61,33.24,0.51,0.01279,0.00503,0.00183
41.12,29.14,202309,17.75,0.6,55.94,0.89,0.01032,0.00847,0.00319
41.12,29.14,202310,11.5,0.52,63.42,1.83,0.00669,0.0096,0.00655
41.12,29.14,202311,6.57,0.42,78.12,6.97,0.00382,0.01183,0.02496
41.12,29.14,202312,4.93,0.38,71.96,2.45,0.00287,0.01089,0.00877
41.12,29.17,202301,5.47,0.38,77.44,0.72,0.00318,0.01172,0.00258
41.12,29.17,202302,8.67,0.44,75.84,2.53,0.00504,0.01148,0.00906
41.12,29.17,202303,10.41,0.38,81.4,2.88,0.00606,0.01232,0.01031
41.12,29.17,202304,15.39,0.45,77.59,3.03,0.00895,0.01175,0.01085
41.12,29.17,202305,18.83,0.48,75.98,1.35,0.01095,0.0115,0.00483
41.12,29.17,202306,23.93,0.57,50.76,1.56,0.01392,0.00768,0.00559
41.12,29.17,202307,25.58,0.63,28.76,0.79,0.01488,0.00435,0.00283
41.12,29.17,202308,21.98,0.61,33.24,0.51,0.01279,0.00503,0.00183
41.12,29.17,202309,17.75,0.6,55.94,0.89,0.01032,0.00847,0.00319
41.12,29.17,202310,11.5,0.52,63.42,1.83,0.00669,0.0096,0.00655
41.12,29.17,202311,6.57,0.42,78.12,6.97,0.00382,0.01183,0.02496
41.12,29.17,202312,4.93,0.38,71.96,2.45,0.00287,0.01089,0.00877
41.12,29.2,202301,5.47,0.38,77.44,0.72,0.00318,0.01172,0.00258
41.12,29.2,202302,8.67,0.44,75.84,2.53,0.00504,0.01148,0.00906
41.12,29.2,202303,10.41,0.38,81.4,2.88,0.00606,0.01232,0.01031
41.12,29.2,202304,15.39,0.45,77.59,3.03,0.00895,0.01175,0.01085
41.12,29.2,202305,18.83,0.48,75.98,1.35,0.01095,0.0115,0.00483
41.12,29.2,202306,23.93,0.57,50.76,1.56,0.01392,0.00768,0.00559
41.12,29.2,202307,25.58,0.63,28.76,0.79,0.01488,0.00435,0.00283
41.12,29.2,202308,21.98,0.61,33.24,0.51,0.01279,0.00503,0.00183
41.12,29.2,202309,17.75,0.6,55.94,0.89,0.01032,0.00847,0.00319
41.12,29.2,202310,11.5,0.52,63.42,1.83,0.00669,0.0096,0.00655
41.12,29.2,202311,6.57,0.42,78.12,6.97,0.00382,0.01183,0.02496
41.12,29.2,202312,4.93,0.38,71.96,2.45,0.00287,0.01089,0.00877
41.12,29.23,202301,5.47,0.38,77.44,0.72,0.00318,0.01172,0.00258
41.12,29.23,202302,8.67,0.44,75.84,2.53,0.00504,0.01148,0.00906
41.12,29.23,202303,10.41,0.38,81.4,2.88,0.00606,0.01232,0.01031
41.12,29.23,202304,15.39,0.45,77.59,3.03,0.00895,0.01175,0.01085
41.12,29.23,202305,18.83,0.48,75.98,1.35,0.01095,0.0115,0.00483
41.12,29.23,202306,23.93,0.57,50.76,1.56,0.01392,0.00768,0.00559
41.12,29.23,202307,25.58,0.63,28.76,0.79,0.01488,0.00435,0.00283
41.12,29.23,202308,21.98,0.61,33.24,0.51,0.01279,0.00503,0.00183
41.12,29.23,202309,17.75,0.6,55.94,0.89,0.01032,0.00847,0.00319
41.12,29.23,202310,11.5,0.52,63.42,1.83,0.00669,0.0096,0.00655
41.12,29.23,202311,6.57,0.42,78.12,6.97,0.00382,0.01183,0.02496
41.12,29.23,202312,4.93,0.38,71.96,2.45,0.00287,0.01089,0.00877
41.12,29.26,202301,5.47,0.38,77.44,0.72,0.00318,0.01172,0.00258
41.12,29.26,202302,8.67,0.44,75.84,2.53,0.00504,0.01148,0.00906
41.12,29.26,202303,10.41,0.38,81.4,2.88,0.00606,0.01232,0.01031
41.12,29.26,202304,15.39,0.45,77.59,3.03,0.00895,0.01175,0.01085
41.12,29.26,202305,18.83,0.48,75.98,1.35,0.01095,0.0115,0.00483
41.12,29.26,202306,23.93,0.57,50.76,1.56,0.01392,0.00768,0.00559
41.12,29.26,202307,25.58,0.63,28.76,0.79,0.01488,0.00435,0.00283
41.12,29.26,202308,21.98,0.61,33.24,0.51,0.01279,0.00503,0.00183
41.12,29.26,202309,17.75,0.6,55.94,0.89,0.01032,0.00847,0.00319
41.12,29.26,202310,11.5,0.52,63.42,1.83,0.00669,0.0096,0.00655
41.12,29.26,202311,6.57,0.42,78.12,6.97,0.00382,0.01183,0.02496
41.12,29.26,202312,4.93,0.38,71.96,2.45,0.00287,0.01089,0.00877
41.12,29.29,202301,5.47,0.38,77.44,0.72,0.00318,0.01172,0.00258
41.12,29.29,202302,8.67,0.44,75.84,2.53,0.00504,0.01148,0.00906
41.12,29.29,202303,10.41,0.38,81.4,2.88,0.00606,0.01232,0.01031
41.12,29.29,202304,15.39,0.45,77.59,3.03,0.00895,0.01175,0.01085
41.12,29.29,202305,18.83,0.48,75.98,1.35,0.01095,0.0115,0.00483
41.12,29.29,202306,23.93,0.57,50.76,1.56,0.01392,0.00768,0.00559
41.12,29.29,202307,25.58,0.63,28.76,0.79,0.01488,0.00435,0.00283
41.12,29.29,202308,21.98,0.61,33.24,0.51,0.01279,0.00503,0.00183
41.12,29.29,202309,17.75,0.6,55.94,0.89,0.01032,0.00847,0.00319
41.12,29.29,202310,11.5,0.52,63.42,1.83,0.00669,0.0096,0.00655
41.12,29.29,202311,6.57,0.42,78.12,6.97,0.00382,0.01183,0.02496
41.12,29.29,202312,4.93,0.38,71.96,2.45,0.00287,0.01089,0.00877
41.12,29.32,202301,5.47,0.38,77.44,0.72,0.00318,0.01172,0.00258
41.12,29.32,202302,8.67,0.44,75.84,2.53,0.00504,0.01148,0.00906
41.12,29.32,202303,10.41,0.38,81.4,2.88,0.00606,0.01232,0.01031
41.12,29.32,202304,15.39,0.45,77.59,3.03,0.00895,0.01175,0.01085
41.12,29.32,202305,18.83,0.48,75.98,1.35,0.01095,0.0115,0.00483
41.12,29.32,202306,23.93,0.57,50.76,1.56,0.01392,0.00768,0.00559
41.12,29.32,202307,25.58,0.63,28.76,0.79,0.01488,0.00435,0.00283
41.12,29.32,202308,21.98,0.61,33.24,0.51,0.01279,0.00503,0.00183
41.12,29.32,202309,17.75,0.6,55.94,0.89,0.01032,0.00847,0.00319
41.12,29.32,202310,11.5,0.52,63.42,1.83,0.00669,0.0096,0.00655
41.12,29.32,202311,6.57,0.42,78.12,6.97,0.00382,0.01183,0.02496
41.12,29.32,202312,4.93,0.38,71.96,2.45,0.00287,0.01089,0.00877
41.12,29.35,202301,5.47,0.38,77.44,0.72,0.00318,0.01172,0.00258
41.12,29.35,202302,8.67,0.44,75.84,2.53,0.00504,0.01148,0.00906
41.12,29.35,202303,10.41,0.38,81.4,2.88,0.00606,0.01232,0.01031
41.12,29.35,202304,15.39,0.45,77.59,3.03,0.00895,0.01175,0.01085
41.12,29.35,202305,18.83,0.48,75.98,1.35,0.01095,0.0115,0.00483
41.12,29.35,202306,23.93,0.57,50.76,1.56,0.01392,0.00768,0.00559
41.12,29.35,202307,25.58,0.63,28.76,0.79,0.01488,0.00435,0.00283
41.12,29.35,202308,21.98,0.61,33.24,0.51,0.01279,0.00503,0.00183
41.12,29.35,202309,17.75,0.6,55.94,0.89,0.01032,0.00847,0.00319
41.12,29.35,202310,11.5,0.52,63.42,1.83,0.00669,0.0096,0.00655
41.12,29.35,202311,6.57,0.42,78.12,6.97,0.00382,0.01183,0.02496
41.12,29.35,202312,4.93,0.38,71.96,2.45,0.00287,0.01089,0.00877
41.12,29.38,202301,5.47,0.38,77.44,0.72,0.00318,0.01172,0.00258
41.12,29.38,202302,8.67,0.44,75.84,2.53,0.00504,0.01148,0.00906
41.12,29.38,202303,10.41,0.38,81.4,2.88,0.00606,0.01232,0.01031
41.12,29.38,202304,15.39,0.45,77.59,3.03,0.00895,0.01175,0.01085
41.12,29.38,202305,18.83,0.48,75.98,1.35,0.01095,0.0115,0.00483
41.12,29.38,202306,23.93,0.57,50.76,1.56,0.01392,0.00768,0.00559
41.12,29.38,202307,25.58,0.63,28.76,0.79,0.01488,0.00435,0.00283
41.12,29.38,202308,21.98,0.61,33.24,0.51,0.01279,0.00503,0.00183
41.12,29.38,202309,17.75,0.6,55.94,0.89,0.01032,0.00847,0.00319
41.12,29.38,202310,11.5,0.52,63.42,1.83,0.00669,0.0096,0.00655
41.12,29.38,202311,6.57,0.42,78.12,6.97,0.00382,0.01183,0.02496
41.12,29.38,202312,4.93,0.38,71.96,2.45,0.00287,0.01089,0.00877
41.12,29.41,202301,5.47,0.38,77.44,0.72,0.00318,0.01172,0.00258
41.12,29.41,202302,8.67,0.44,75.84,2.53,0.00504,0.01148,0.00906
41.12,29.41,202303,10.41,0.38,81.4,2.88,0.00606,0.01232,0.01031
41.12,29.41,202304,15.39,0.45,77.59,3.03,0.00895,0.01175,0.01085
41.12,29.41,202305,18.83,0.48,75.98,1.35,0.01095,0.0115,0.00483
41.12,29.41,202306,23.93,0.57,50.76,1.56,0.01392,0.00768,0.00559
41.12,29.41,202307,25.58,0.63,28.76,0.79,0.01488,0.00435,0.00283
41.12,29.41,202308,21.98,0.61,33.24,0.51,0.01279,0.00503,0.00183
41.12,29.41,202309,17.75,0.6,55.94,0.89,0.01032,0.00847,0.00319
41.12,29.41,202310,11.5,0.52,63.42,1.83,0.00669,0.0096,0.00655
41.12,29.41,202311,6.57,0.42,78.12,6.97,0.00382,0.01183,0.02496
41.12,29.41,202312,4.93,0.38,71.96,2.45,0.00287,0.01089,0.00877
41.12,29.44,202301,5.47,0.38,77.44,0.72,0.00318,0.01172,0.00258
41.12,29.44,202302,8.67,0.44,75.84,2.53,0.00504,0.01148,0.00906
41.12,29.44,202303,10.41,0.38,81.4,2.88,0.00606,0.01232,0.01031
41.12,29.44,202304,15.39,0.45,77.59,3.03,0.00895,0.01175,0.01085
41.12,29.44,202305,18.83,0.48,75.98,1.35,0.01095,0.0115,0.00483
41.12,29.44,202306,23.93,0.57,50.76,1.56,0.01392,0.00768,0.00559
41.12,29.44,202307,25.58,0.63,28.76,0.79,0.01488,0.00435,0.00283
41.12,29.44,202308,21.98,0.61,33.24,0.51,0.01279,0.00503,0.00183
41.12,29.44,202309,17.75,0.6,55.94,0.89,0.01032,0.00847,0.00319
41.12,29.44,202310,11.5,0.52,63.42,1.83,0.00669,0.0096,0.00655
41.12,29.44,202311,6.57,0.42,78.12,6.97,0.00382,0.01183,0.02496
41.12,29.44,202312,4.93,0.38,71.96,2.45,0.00287,0.01089,0.00877
41.12,29.47,202301,5.47,0.38,77.44,0.72,0.00318,0.01172,0.00258
41.12,29.47,202302,8.67,0.44,75.84,2.53,0.00504,0.01148,0.00906
41.12,29.47,202303,10.41,0.38,81.4,2.88,0.00606,0.01232,0.01031
41.12,29.47,202304,15.39,0.45,77.59,3.03,0.00895,0.01175,0.01085
41.12,29.47,202305,18.83,0.48,75.98,1.35,0.01095,0.0115,0.00483
41.12,29.47,202306,23.93,0.57,50.76,1.56,0.01392,0.00768,0.00559
41.12,29.47,202307,25.58,0.63,28.76,0.79,0.01488,0.00435,0.00283
41.12,29.47,202308,21.98,0.61,33.24,0.51,0.01279,0.00503,0.00183
41.12,29.47,202309,17.75,0.6,55.94,0.89,0.01032,0.00847,0.00319
41.12,29.47,202310,11.5,0.52,63.42,1.83,0.00669,0.0096,0.00655
41.12,29.47,202311,6.57,0.42,78.12,6.97,0.00382,0.01183,0.02496
41.12,29.47,202312,4.93,0.38,71.96,2.45,0.00287,0.01089,0.00877
41.12,29.5,202301,5.47,0.38,77.44,0.72,0.00318,0.01172,0.00258
41.12,29.5,202302,8.67,0.44,75.84,2.53,0.00504,0.01148,0.00906
41.12,29.5,202303,10.41,0.38,81.4,2.88,0.00606,0.01232,0.01031
41.12,29.5,202304,15.39,0.45,77.59,3.03,0.00895,0.01175,0.01085
41.12,29.5,202305,18.83,0.48,75.98,1.35,0.01095,0.0115,0.00483
41.12,29.5,202306,23.93,0.57,50.76,1.56,0.01392,0.00768,0.00559
41.12,29.5,202307,25.58,0.63,28.76,0.79,0.01488,0.00435,0.00283
41.12,29.5,202308,21.98,0.61,33.24,0.51,0.01279,0.00503,0.00183
41.12,29.5,202309,17.75,0.6,55.94,0.89,0.01032,0.00847,0.00319
41.12,29.5,202310,11.5,0.52,63.42,1.83,0.00669,0.0096,0.00655
41.12,29.5,202311,6.57,0.42,78.12,6.97,0.00382,0.01183,0.02496
41.12,29.5,202312,4.93,0.38,71.96,2.45,0.00287,0.01089,0.00877
41.12,29.53,202301,5.47,0.38,77.44,0.72,0.00318,0.01172,0.00258
41.12,29.53,202302,8.67,0.44,75.84,2.53,0.00504,0.01148,0.00906
41.12,29.53,202303,10.41,0.38,81.4,2.88,0.00606,0.01232,0.01031
41.12,29.53,202304,15.39,0.45,77.59,3.03,0.00895,0.01175,0.01085
41.12,29.53,202305,18.83,0.48,75.98,1.35,0.01095,0.0115,0.00483
41.12,29.53,202306,23.93,0.57,50.76,1.56,0.01392,0.00768,0.00559
41.12,29.53,202307,25.58,0.63,28.76,0.79,0.01488,0.00435,0.00283
41.12,29.53,202308,21.98,0.61,33.24,0.51,0.01279,0.00503,0.00183
41.12,29.53,202309,17.75,0.6,55.94,0.89,0.01032,0.00847,0.00319
41.12,29.53,202310,11.5,0.52,63.42,1.83,0.00669,0.0096,0.00655
41.12,29.53,202311,6.57,0.42,78.12,6.97,0.00382,0.01183,0.02496
41.12,29.53,202312,4.93,0.38,71.96,2.45,0.00287,0.01089,0.00877
41.12,29.56,202301,5.47,0.38,77.44,0.72,0.00318,0.01172,0.00258
41.12,29.56,202302,8.67,0.44,75.84,2.53,0.00504,0.01148,0.00906
41.12,29.56,202303,10.41,0.38,81.4,2.88,0.00606,0.01232,0.01031
41.12,29.56,202304,15.39,0.45,77.59,3.03,0.00895,0.01175,0.01085
41.12,29.56,202305,18.83,0.48,75.98,1.35,0.01095,0.0115,0.00483
41.12,29.56,202306,23.93,0.57,50.76,1.56,0.01392,0.00768,0.00559
41.12,29.56,202307,25.58,0.63,28.76,0.79,0.01488,0.00435,0.00283
41.12,29.56,202308,21.98,0.61,33.24,0.51,0.01279,0.00503,0.00183
41.12,29.56,202309,17.75,0.6,55.94,0.89,0.01032,0.00847,0.00319
41.12,29.56,202310,11.5,0.52,63.42,1.83,0.00669,0.0096,0.00655
41.12,29.56,202311,6.57,0.42,78.12,6.97,0.00382,0.01183,0.02496
41.12,29.56,202312,4.93,0.38,71.96,2.45,0.00287,0.01089,0.00877
41.12,29.59,202301,5.47,0.38,77.44,0.72,0.00318,0.01172,0.00258
41.12,29.59,202302,8.67,0.44,75.84,2.53,0.00504,0.01148,0.00906
41.12,29.59,202303,10.41,0.38,81.4,2.88,0.00606,0.01232,0.01031
41.12,29.59,202304,15.39,0.45,77.59,3.03,0.00895,0.01175,0.01085
41.12,29.59,202305,18.83,0.48,75.98,1.35,0.01095,0.0115,0.00483
41.12,29.59,202306,23.93,0.57,50.76,1.56,0.01392,0.00768,0.00559
41.12,29.59,202307,25.58,0.63,28.76,0.79,0.01488,0.00435,0.00283
41.12,29.59,202308,21.98,0.61,33.24,0.51,0.01279,0.00503,0.00183
41.12,29.59,202309,17.75,0.6,55.94,0.89,0.01032,0.00847,0.00319
41.12,29.59,202310,11.5,0.52,63.42,1.83,0.00669,0.0096,0.00655
41.12,29.59,202311,6.57,0.42,78.12,6.97,0.00382,0.01183,0.02496
41.12,29.59,202312,4.93,0.38,71.96,2.45,0.00287,0.01089,0.00877
41.12,29.62,202301,5.47,0.38,77.44,0.72,0.00318,0.01172,0.00258
41.12,29.62,202302,8.67,0.44,75.84,2.53,0.00504,0.01148,0.00906
41.12,29.62,202303,10.41,0.38,81.4,2.88,0.00606,0.01232,0.01031
41.12,29.62,202304,15.39,0.45,77.59,3.03,0.00895,0.01175,0.01085
41.12,29.62,202305,18.83,0.48,75.98,1.35,0.01095,0.0115,0.00483
41.12,29.62,202306,23.93,0.57,50.76,1.56,0.01392,0.00768,0.00559
41.12,29.62,202307,25.58,0.63,28.76,0.79,0.01488,0.00435,0.00283
41.12,29.62,202308,21.98,0.61,33.24,0.51,0.01279,0.00503,0.00183
41.12,29.62,202309,17.75,0.6,55.94,0.89,0.01032,0.00847,0.00319
41.12,29.62,202310,11.5,0.52,63.42,1.83,0.00669,0.0096,0.00655
41.12,29.62,202311,6.57,0.42,78.12,6.97,0.00382,0.01183,0.02496
41.12,29.62,202312,4.93,0.38,71.96,2.45,0.00287,0.01089,0.00877
41.12,29.65,202301,5.47,0.38,77.44,0.72,0.00318,0.01172,0.00258
41.12,29.65,202302,8.67,0.44,75.84,2.53,0.00504,0.01148,0.00906
41.12,29.65,202303,10.41,0.38,81.4,2.88,0.00606,0.01232,0.01031
41.12,29.65,202304,15.39,0.45,77.59,3.03,0.00895,0.01175,0.01085
41.12,29.65,202305,18.83,0.48,75.98,1.35,0.01095,0.0115,0.00483
41.12,29.65,202306,23.93,0.57,50.76,1.56,0.01392,0.00768,0.00559
41.12,29.65,202307,25.58,0.63,28.76,0.79,0.01488,0.00435,0.00283
41.12,29.65,202308,21.98,0.61,33.24,0.51,0.01279,0.00503,0.00183
41.12,29.65,202309,17.75,0.6,55.94,0.89,0.01032,0.00847,0.00319
41.12,29.65,202310,11.5,0.52,63.42,1.83,0.00669,0.0096,0.00655
41.12,29.65,202311,6.57,0.42,78.12,6.97,0.00382,0.01183,0.02496
41.12,29.65,202312,4.93,0.38,71.96,2.45,0.00287,0.01089,0.00877
41.12,29.68,202301,5.47,0.38,77.44,0.72,0.00318,0.01172,0.00258
41.12,29.68,202302,8.67,0.44,75.84,2.53,0.00504,0.01148,0.00906
41.12,29.68,202303,10.41,0.38,81.4,2.88,0.00606,0.01232,0.01031
41.12,29.68,202304,15.39,0.45,77.59,3.03,0.00895,0.01175,0.01085
41.12,29.68,202305,18.83,0.48,75.98,1.35,0.01095,0.0115,0.00483
41.12,29.68,202306,23.93,0.57,50.76,1.56,0.01392,0.00768,0.00559
41.12,29.68,202307,25.58,0.63,28.76,0.79,0.01488,0.00435,0.00283
41.12,29.68,202308,21.98,0.61,33.24,0.51,0.01279,0.00503,0.00183
41.12,29.68,202309,17.75,0.6,55.94,0.89,0.01032,0.00847,0.00319
41.12,29.68,202310,11.5,0.52,63.42,1.83,0.00669,0.0096,0.00655
41.12,29.68,202311,6.57,0.42,78.12,6.97,0.00382,0.01183,0.02496
41.12,29.68,202312,4.93,0.38,71.96,2.45,0.00287,0.01089,0.00877
41.12,29.71,202301,5.47,0.38,77.44,0.81,0.00318,0.01172,0.0029
41.12,29.71,202302,8.67,0.44,75.84,3.12,0.00504,0.01148,0.01117
41.12,29.71,202303,10.41,0.38,81.4,3.56,0.00606,0.01232,0.01275
41.12,29.71,202304,15.39,0.45,77.59,3.15,0.00895,0.01175,0.01128
41.12,29.71,202305,18.83,0.48,75.98,1.85,0.01095,0.0115,0.00663
41.12,29.71,202306,23.93,0.57,50.76,3.94,0.01392,0.00768,0.01411
41.12,29.71,202307,25.58,0.63,28.76,2.15,0.01488,0.00435,0.0077
41.12,29.71,202308,21.98,0.61,33.24,0.82,0.01279,0.00503,0.00294
41.12,29.71,202309,17.75,0.6,55.94,0.95,0.01032,0.00847,0.0034
41.12,29.71,202310,11.5,0.52,63.42,2.61,0.00669,0.0096,0.00935
41.12,29.71,202311,6.57,0.42,78.12,6.92,0.00382,0.01183,0.02478
41.12,29.71,202312,4.93,0.38,71.96,2.87,0.00287,0.01089,0.01028
41.12,29.74,202301,5.47,0.38,77.44,0.81,0.00318,0.01172,0.0029
41.12,29.74,202302,8.67,0.44,75.84,3.12,0.00504,0.01148,0.01117
41.12,29.74,202303,10.41,0.38,81.4,3.56,0.00606,0.01232,0.01275
41.12,29.74,202304,15.39,0.45,77.59,3.15,0.00895,0.01175,0.01128
41.12,29.74,202305,18.83,0.48,75.98,1.85,0.01095,0.0115,0.00663
41.12,29.74,202306,23.93,0.57,50.76,3.94,0.01392,0.00768,0.01411
41.12,29.74,202307,25.58,0.63,28.76,2.15,0.01488,0.00435,0.0077
41.12,29.74,202308,21.98,0.61,33.24,0.82,0.01279,0.00503,0.00294
41.12,29.74,202309,17.75,0.6,55.94,0.95,0.01032,0.00847,0.0034
41.12,29.74,202310,11.5,0.52,63.42,2.61,0.00669,0.0096,0.00935
41.12,29.74,202311,6.57,0.42,78.12,6.92,0.00382,0.01183,0.02478
41.12,29.74,202312,4.93,0.38,71.96,2.87,0.00287,0.01089,0.01028
41.12,29.77,202301,5.47,0.38,77.44,0.81,0.00318,0.01172,0.0029
41.12,29.77,202302,8.67,0.44,75.84,3.12,0.00504,0.01148,0.01117
41.12,29.77,202303,10.41,0.38,81.4,3.56,0.00606,0.01232,0.01275
41.12,29.77,202304,15.39,0.45,77.59,3.15,0.00895,0.01175,0.01128
41.12,29.77,202305,18.83,0.48,75.98,1.85,0.01095,0.0115,0.00663
41.12,29.77,202306,23.93,0.57,50.76,3.94,0.01392,0.00768,0.01411
41.12,29.77,202307,25.58,0.63,28.76,2.15,0.01488,0.00435,0.0077
41.12,29.77,202308,21.98,0.61,33.24,0.82,0.01279,0.00503,0.00294
41.12,29.77,202309,17.75,0.6,55.94,0.95,0.01032,0.00847,0.0034
41.12,29.77,202310,11.5,0.52,63.42,2.61,0.00669,0.0096,0.00935
41.12,29.77,202311,6.57,0.42,78.12,6.92,0.00382,0.01183,0.02478
41.12,29.77,202312,4.93,0.38,71.96,2.87,0.00287,0.01089,0.01028
41.12,29.8,202301,5.47,0.38,77.44,0.81,0.00318,0.01172,0.0029
41.12,29.8,202302,8.67,0.44,75.84,3.12,0.00504,0.01148,0.01117
41.12,29.8,202303,10.41,0.38,81.4,3.56,0.00606,0.01232,0.01275
41.12,29.8,202304,15.39,0.45,77.59,3.15,0.00895,0.01175,0.01128
41.12,29.8,202305,18.83,0.48,75.98,1.85,0.01095,0.0115,0.00663
41.12,29.8,202306,23.93,0.57,50.76,3.94,0.01392,0.00768,0.01411
41.12,29.8,202307,25.58,0.63,28.76,2.15,0.01488,0.00435,0.0077
41.12,29.8,202308,21.98,0.61,33.24,0.82,0.01279,0.00503,0.00294
41.12,29.8,202309,17.75,0.6,55.94,0.95,0.01032,0.00847,0.0034
41.12,29.8,202310,11.5,0.52,63.42,2.61,0.00669,0.0096,0.00935
41.12,29.8,202311,6.57,0.42,78.12,6.92,0.00382,0.01183,0.02478
41.12,29.8,202312,4.93,0.38,71.96,2.87,0.00287,0.01089,0.01028
41.12,29.83,202301,5.47,0.38,77.44,0.81,0.00318,0.01172,0.0029
41.12,29.83,202302,8.67,0.44,75.84,3.12,0.00504,0.01148,0.01117
41.12,29.83,202303,10.41,0.38,81.4,3.56,0.00606,0.01232,0.01275
41.12,29.83,202304,15.39,0.45,77.59,3.15,0.00895,0.01175,0.01128
41.12,29.83,202305,18.83,0.48,75.98,1.85,0.01095,0.0115,0.00663
41.12,29.83,202306,23.93,0.57,50.76,3.94,0.01392,0.00768,0.01411
41.12,29.83,202307,25.58,0.63,28.76,2.15,0.01488,0.00435,0.0077
41.12,29.83,202308,21.98,0.61,33.24,0.82,0.01279,0.00503,0.00294
41.12,29.83,202309,17.75,0.6,55.94,0.95,0.01032,0.00847,0.0034
41.12,29.83,202310,11.5,0.52,63.42,2.61,0.00669,0.0096,0.00935
41.12,29.83,202311,6.57,0.42,78.12,6.92,0.00382,0.01183,0.02478
41.12,29.83,202312,4.93,0.38,71.96,2.87,0.00287,0.01089,0.01028
41.12,29.86,202301,5.47,0.38,77.44,0.81,0.00318,0.01172,0.0029
41.12,29.86,202302,8.67,0.44,75.84,3.12,0.00504,0.01148,0.01117
41.12,29.86,202303,10.41,0.38,81.4,3.56,0.00606,0.01232,0.01275
41.12,29.86,202304,15.39,0.45,77.59,3.15,0.00895,0.01175,0.01128
41.12,29.86,202305,18.83,0.48,75.98,1.85,0.01095,0.0115,0.00663
41.12,29.86,202306,23.93,0.57,50.76,3.94,0.01392,0.00768,0.01411
41.12,29.86,202307,25.58,0.63,28.76,2.15,0.01488,0.00435,0.0077
41.12,29.86,202308,21.98,0.61,33.24,0.82,0.01279,0.00503,0.00294
41.12,29.86,202309,17.75,0.6,55.94,0.95,0.01032,0.00847,0.0034
41.12,29.86,202310,11.5,0.52,63.42,2.61,0.00669,0.0096,0.00935
41.12,29.86,202311,6.57,0.42,78.12,6.92,0.00382,0.01183,0.02478
41.12,29.86,202312,4.93,0.38,71.96,2.87,0.00287,0.01089,0.01028
41.12,29.89,202301,5.47,0.38,77.44,0.81,0.00318,0.01172,0.0029
41.12,29.89,202302,8.67,0.44,75.84,3.12,0.00504,0.01148,0.01117
41.12,29.89,202303,10.41,0.38,81.4,3.56,0.00606,0.01232,0.01275
41.12,29.89,202304,15.39,0.45,77.59,3.15,0.00895,0.01175,0.01128
41.12,29.89,202305,18.83,0.48,75.98,1.85,0.01095,0.0115,0.00663
41.12,29.89,202306,23.93,0.57,50.76,3.94,0.01392,0.00768,0.01411
41.12,29.89,202307,25.58,0.63,28.76,2.15,0.01488,0.00435,0.0077
41.12,29.89,202308,21.98,0.61,33.24,0.82,0.01279,0.00503,0.00294
41.12,29.89,202309,17.75,0.6,55.94,0.95,0.01032,0.00847,0.0034
41.12,29.89,202310,11.5,0.52,63.42,2.61,0.00669,0.0096,0.00935
41.12,29.89,202311,6.57,0.42,78.12,6.92,0.00382,0.01183,0.02478
41.12,29.89,202312,4.93,0.38,71.96,2.87,0.00287,0.01089,0.01028
41.14,28.0,202301,5.51,0.38,69.94,0.87,0.00321,0.01059,0.00312
41.14,28.0,202302,8.89,0.45,66.0,1.39,0.00517,0.00999,0.00498
41.14,28.0,202303,11.1,0.41,71.25,2.38,0.00646,0.01079,0.00852
41.14,28.0,202304,15.63,0.45,72.39,3.11,0.00909,0.01096,0.01114
41.14,28.0,202305,18.84,0.48,71.78,1.18,0.01096,0.01087,0.00423
41.14,28.0,202306,24.01,0.58,45.28,0.92,0.01397,0.00686,0.00329
41.14,28.0,202307,26.15,0.65,23.83,0.27,0.01521,0.00361,0.00097
41.14,28.0,202308,21.47,0.59,31.41,0.21,0.01249,0.00476,0.00075
41.14,28.0,202309,16.72,0.56,46.02,0.96,0.00973,0.00697,0.00344
41.14,28.0,202310,11.52,0.52,49.57,0.71,0.0067,0.0075,0.00254
41.14,28.0,202311,6.49,0.41,68.19,6.61,0.00378,0.01032,0.02367
41.14,28.0,202312,4.82,0.38,64.93,2.62,0.0028,0.00983,0.00938
41.14,28.03,202301,5.51,0.38,69.94,0.87,0.00321,0.01059,0.00312
41.14,28.03,202302,8.89,0.45,66.0,1.39,0.00517,0.00999,0.00498
41.14,28.03,202303,11.1,0.41,71.25,2.38,0.00646,0.01079,0.00852
41.14,28.03,202304,15.63,0.45,72.39,3.11,0.00909,0.01096,0.01114
41.14,28.03,202305,18.84,0.48,71.78,1.18,0.01096,0.01087,0.00423
41.14,28.03,202306,24.01,0.58,45.28,0.92,0.01397,0.00686,0.00329
41.14,28.03,202307,26.15,0.65,23.83,0.27,0.01521,0.00361,0.00097
41.14,28.03,202308,21.47,0.59,31.41,0.21,0.01249,0.00476,0.00075
41.14,28.03,202309,16.72,0.56,46.02,0.96,0.00973,0.00697,0.00344
41.14,28.03,202310,11.52,0.52,49.57,0.71,0.0067,0.0075,0.00254
41.14,28.03,202311,6.49,0.41,68.19,6.61,0.00378,0.01032,0.02367
41.14,28.03,202312,4.82,0.38,64.93,2.62,0.0028,0.00983,0.00938
41.14,28.06,202301,5.51,0.38,69.94,0.87,0.00321,0.01059,0.00312
41.14,28.06,202302,8.89,0.45,66.0,1.39,0.00517,0.00999,0.00498
41.14,28.06,202303,11.1,0.41,71.25,2.38,0.00646,0.01079,0.00852
41.14,28.06,202304,15.63,0.45,72.39,3.11,0.00909,0.01096,0.01114
41.14,28.06,202305,18.84,0.48,71.78,1.18,0.01096,0.01087,0.00423
41.14,28.06,202306,24.01,0.58,45.28,0.92,0.01397,0.00686,0.00329
41.14,28.06,202307,26.15,0.65,23.83,0.27,0.01521,0.00361,0.00097
41.14,28.06,202308,21.47,0.59,31.41,0.21,0.01249,0.00476,0.00075
41.14,28.06,202309,16.72,0.56,46.02,0.96,0.00973,0.00697,0.00344
41.14,28.06,202310,11.52,0.52,49.57,0.71,0.0067,0.0075,0.00254
41.14,28.06,202311,6.49,0.41,68.19,6.61,0.00378,0.01032,0.02367
41.14,28.06,202312,4.82,0.38,64.93,2.62,0.0028,0.00983,0.00938
41.14,28.09,202301,5.51,0.38,69.94,0.87,0.00321,0.01059,0.00312
41.14,28.09,202302,8.89,0.45,66.0,1.39,0.00517,0.00999,0.00498
41.14,28.09,202303,11.1,0.41,71.25,2.38,0.00646,0.01079,0.00852
41.14,28.09,202304,15.63,0.45,72.39,3.11,0.00909,0.01096,0.01114
41.14,28.09,202305,18.84,0.48,71.78,1.18,0.01096,0.01087,0.00423
41.14,28.09,202306,24.01,0.58,45.28,0.92,0.01397,0.00686,0.00329
41.14,28.09,202307,26.15,0.65,23.83,0.27,0.01521,0.00361,0.00097
41.14,28.09,202308,21.47,0.59,31.41,0.21,0.01249,0.00476,0.00075
41.14,28.09,202309,16.72,0.56,46.02,0.96,0.00973,0.00697,0.00344
41.14,28.09,202310,11.52,0.52,49.57,0.71,0.0067,0.0075,0.00254
41.14,28.09,202311,6.49,0.41,68.19,6.61,0.00378,0.01032,0.02367
41.14,28.09,202312,4.82,0.38,64.93,2.62,0.0028,0.00983,0.00938
41.14,28.12,202301,5.51,0.38,69.94,0.87,0.00321,0.01059,0.00312
41.14,28.12,202302,8.89,0.45,66.0,1.39,0.00517,0.00999,0.00498
41.14,28.12,202303,11.1,0.41,71.25,2.38,0.00646,0.01079,0.00852
41.14,28.12,202304,15.63,0.45,72.39,3.11,0.00909,0.01096,0.01114
41.14,28.12,202305,18.84,0.48,71.78,1.18,0.01096,0.01087,0.00423
41.14,28.12,202306,24.01,0.58,45.28,0.92,0.01397,0.00686,0.00329
41.14,28.12,202307,26.15,0.65,23.83,0.27,0.01521,0.00361,0.00097
41.14,28.12,202308,21.47,0.59,31.41,0.21,0.01249,0.00476,0.00075
41.14,28.12,202309,16.72,0.56,46.02,0.96,0.00973,0.00697,0.00344
41.14,28.12,202310,11.52,0.52,49.57,0.71,0.0067,0.0075,0.00254
41.14,28.12,202311,6.49,0.41,68.19,6.61,0.00378,0.01032,0.02367
41.14,28.12,202312,4.82,0.38,64.93,2.62,0.0028,0.00983,0.00938
41.14,28.15,202301,5.51,0.38,69.94,0.87,0.00321,0.01059,0.00312
41.14,28.15,202302,8.89,0.45,66.0,1.39,0.00517,0.00999,0.00498
41.14,28.15,202303,11.1,0.41,71.25,2.38,0.00646,0.01079,0.00852
41.14,28.15,202304,15.63,0.45,72.39,3.11,0.00909,0.01096,0.01114
41.14,28.15,202305,18.84,0.48,71.78,1.18,0.01096,0.01087,0.00423
41.14,28.15,202306,24.01,0.58,45.28,0.92,0.01397,0.00686,0.00329
41.14,28.15,202307,26.15,0.65,23.83,0.27,0.01521,0.00361,0.00097
41.14,28.15,202308,21.47,0.59,31.41,0.21,0.01249,0.00476,0.00075
41.14,28.15,202309,16.72,0.56,46.02,0.96,0.00973,0.00697,0.00344
41.14,28.15,202310,11.52,0.52,49.57,0.71,0.0067,0.0075,0.00254
41.14,28.15,202311,6.49,0.41,68.19,6.61,0.00378,0.01032,0.02367
41.14,28.15,202312,4.82,0.38,64.93,2.62,0.0028,0.00983,0.00938
41.14,28.18,202301,5.51,0.38,69.94,0.87,0.00321,0.01059,0.00312
41.14,28.18,202302,8.89,0.45,66.0,1.39,0.00517,0.00999,0.00498
41.14,28.18,202303,11.1,0.41,71.25,2.38,0.00646,0.01079,0.00852
41.14,28.18,202304,15.63,0.45,72.39,3.11,0.00909,0.01096,0.01114
41.14,28.18,202305,18.84,0.48,71.78,1.18,0.01096,0.01087,0.00423
41.14,28.18,202306,24.01,0.58,45.28,0.92,0.01397,0.00686,0.00329
41.14,28.18,202307,26.15,0.65,23.83,0.27,0.01521,0.00361,0.00097
41.14,28.18,202308,21.47,0.59,31.41,0.21,0.01249,0.00476,0.00075
41.14,28.18,202309,16.72,0.56,46.02,0.96,0.00973,0.00697,0.00344
41.14,28.18,202310,11.52,0.52,49.57,0.71,0.0067,0.0075,0.00254
41.14,28.18,202311,6.49,0.41,68.19,6.61,0.00378,0.01032,0.02367
41.14,28.18,202312,4.82,0.38,64.93,2.62,0.0028,0.00983,0.00938
41.14,28.21,202301,5.51,0.38,69.94,0.87,0.00321,0.01059,0.00312
41.14,28.21,202302,8.89,0.45,66.0,1.39,0.00517,0.00999,0.00498
41.14,28.21,202303,11.1,0.41,71.25,2.38,0.00646,0.01079,0.00852
41.14,28.21,202304,15.63,0.45,72.39,3.11,0.00909,0.01096,0.01114
41.14,28.21,202305,18.84,0.48,71.78,1.18,0.01096,0.01087,0.00423
41.14,28.21,202306,24.01,0.58,45.28,0.92,0.01397,0.00686,0.00329
41.14,28.21,202307,26.15,0.65,23.83,0.27,0.01521,0.00361,0.00097
41.14,28.21,202308,21.47,0.59,31.41,0.21,0.01249,0.00476,0.00075
41.14,28.21,202309,16.72,0.56,46.02,0.96,0.00973,0.00697,0.00344
41.14,28.21,202310,11.52,0.52,49.57,0.71,0.0067,0.0075,0.00254
41.14,28.21,202311,6.49,0.41,68.19,6.61,0.00378,0.01032,0.02367
41.14,28.21,202312,4.82,0.38,64.93,2.62,0.0028,0.00983,0.00938
41.14,28.24,202301,5.51,0.38,69.94,0.87,0.00321,0.01059,0.00312
41.14,28.24,202302,8.89,0.45,66.0,1.39,0.00517,0.00999,0.00498
41.14,28.24,202303,11.1,0.41,71.25,2.38,0.00646,0.01079,0.00852
41.14,28.24,202304,15.63,0.45,72.39,3.11,0.00909,0.01096,0.01114
41.14,28.24,202305,18.84,0.48,71.78,1.18,0.01096,0.01087,0.00423
41.14,28.24,202306,24.01,0.58,45.28,0.92,0.01397,0.00686,0.00329
41.14,28.24,202307,26.15,0.65,23.83,0.27,0.01521,0.00361,0.00097
41.14,28.24,202308,21.47,0.59,31.41,0.21,0.01249,0.00476,0.00075
41.14,28.24,202309,16.72,0.56,46.02,0.96,0.00973,0.00697,0.00344
41.14,28.24,202310,11.52,0.52,49.57,0.71,0.0067,0.0075,0.00254
41.14,28.24,202311,6.49,0.41,68.19,6.61,0.00378,0.01032,0.02367
41.14,28.24,202312,4.82,0.38,64.93,2.62,0.0028,0.00983,0.00938
41.14,28.27,202301,5.51,0.38,69.94,0.87,0.00321,0.01059,0.00312
41.14,28.27,202302,8.89,0.45,66.0,1.39,0.00517,0.00999,0.00498
41.14,28.27,202303,11.1,0.41,71.25,2.38,0.00646,0.01079,0.00852
41.14,28.27,202304,15.63,0.45,72.39,3.11,0.00909,0.01096,0.01114
41.14,28.27,202305,18.84,0.48,71.78,1.18,0.01096,0.01087,0.00423
41.14,28.27,202306,24.01,0.58,45.28,0.92,0.01397,0.00686,0.00329
41.14,28.27,202307,26.15,0.65,23.83,0.27,0.01521,0.00361,0.00097
41.14,28.27,202308,21.47,0.59,31.41,0.21,0.01249,0.00476,0.00075
41.14,28.27,202309,16.72,0.56,46.02,0.96,0.00973,0.00697,0.00344
41.14,28.27,202310,11.52,0.52,49.57,0.71,0.0067,0.0075,0.00254
41.14,28.27,202311,6.49,0.41,68.19,6.61,0.00378,0.01032,0.02367
41.14,28.27,202312,4.82,0.38,64.93,2.62,0.0028,0.00983,0.00938
41.14,28.3,202301,5.51,0.38,69.94,0.87,0.00321,0.01059,0.00312
41.14,28.3,202302,8.89,0.45,66.0,1.39,0.00517,0.00999,0.00498
41.14,28.3,202303,11.1,0.41,71.25,2.38,0.00646,0.01079,0.00852
41.14,28.3,202304,15.63,0.45,72.39,3.11,0.00909,0.01096,0.01114
41.14,28.3,202305,18.84,0.48,71.78,1.18,0.01096,0.01087,0.00423
41.14,28.3,202306,24.01,0.58,45.28,0.92,0.01397,0.00686,0.00329
41.14,28.3,202307,26.15,0.65,23.83,0.27,0.01521,0.00361,0.00097
41.14,28.3,202308,21.47,0.59,31.41,0.21,0.01249,0.00476,0.00075
41.14,28.3,202309,16.72,0.56,46.02,0.96,0.00973,0.00697,0.00344
41.14,28.3,202310,11.52,0.52,49.57,0.71,0.0067,0.0075,0.00254
41.14,28.3,202311,6.49,0.41,68.19,6.61,0.00378,0.01032,0.02367
41.14,28.3,202312,4.82,0.38,64.93,2.62,0.0028,0.00983,0.00938
41.14,28.33,202301,5.51,0.38,69.94,0.87,0.00321,0.01059,0.00312
41.14,28.33,202302,8.89,0.45,66.0,1.39,0.00517,0.00999,0.00498
41.14,28.33,202303,11.1,0.41,71.25,2.38,0.00646,0.01079,0.00852
41.14,28.33,202304,15.63,0.45,72.39,3.11,0.00909,0.01096,0.01114
41.14,28.33,202305,18.84,0.48,71.78,1.18,0.01096,0.01087,0.00423
41.14,28.33,202306,24.01,0.58,45.28,0.92,0.01397,0.00686,0.00329
41.14,28.33,202307,26.15,0.65,23.83,0.27,0.01521,0.00361,0.00097
41.14,28.33,202308,21.47,0.59,31.41,0.21,0.01249,0.00476,0.00075
41.14,28.33,202309,16.72,0.56,46.02,0.96,0.00973,0.00697,0.00344
41.14,28.33,202310,11.52,0.52,49.57,0.71,0.0067,0.0075,0.00254
41.14,28.33,202311,6.49,0.41,68.19,6.61,0.00378,0.01032,0.02367
41.14,28.33,202312,4.82,0.38,64.93,2.62,0.0028,0.00983,0.00938
41.14,28.36,202301,5.51,0.38,69.94,0.87,0.00321,0.01059,0.00312
41.14,28.36,202302,8.89,0.45,66.0,1.39,0.00517,0.00999,0.00498
41.14,28.36,202303,11.1,0.41,71.25,2.38,0.00646,0.01079,0.00852
41.14,28.36,202304,15.63,0.45,72.39,3.11,0.00909,0.01096,0.01114
41.14,28.36,202305,18.84,0.48,71.78,1.18,0.01096,0.01087,0.00423
41.14,28.36,202306,24.01,0.58,45.28,0.92,0.01397,0.00686,0.00329
41.14,28.36,202307,26.15,0.65,23.83,0.27,0.01521,0.00361,0.00097
41.14,28.36,202308,21.47,0.59,31.41,0.21,0.01249,0.00476,0.00075
41.14,28.36,202309,16.72,0.56,46.02,0.96,0.00973,0.00697,0.00344
41.14,28.36,202310,11.52,0.52,49.57,0.71,0.0067,0.0075,0.00254
41.14,28.36,202311,6.49,0.41,68.19,6.61,0.00378,0.01032,0.02367
41.14,28.36,202312,4.82,0.38,64.93,2.62,0.0028,0.00983,0.00938
41.14,28.39,202301,5.51,0.38,69.94,0.87,0.00321,0.01059,0.00312
41.14,28.39,202302,8.89,0.45,66.0,1.39,0.00517,0.00999,0.00498
41.14,28.39,202303,11.1,0.41,71.25,2.38,0.00646,0.01079,0.00852
41.14,28.39,202304,15.63,0.45,72.39,3.11,0.00909,0.01096,0.01114
41.14,28.39,202305,18.84,0.48,71.78,1.18,0.01096,0.01087,0.00423
41.14,28.39,202306,24.01,0.58,45.28,0.92,0.01397,0.00686,0.00329
41.14,28.39,202307,26.15,0.65,23.83,0.27,0.01521,0.00361,0.00097
41.14,28.39,202308,21.47,0.59,31.41,0.21,0.01249,0.00476,0.00075
41.14,28.39,202309,16.72,0.56,46.02,0.96,0.00973,0.00697,0.00344
41.14,28.39,202310,11.52,0.52,49.57,0.71,0.0067,0.0075,0.00254
41.14,28.39,202311,6.49,0.41,68.19,6.61,0.00378,0.01032,0.02367
41.14,28.39,202312,4.82,0.38,64.93,2.62,0.0028,0.00983,0.00938
41.14,28.42,202301,5.51,0.38,69.94,0.87,0.00321,0.01059,0.00312
41.14,28.42,202302,8.89,0.45,66.0,1.39,0.00517,0.00999,0.00498
41.14,28.42,202303,11.1,0.41,71.25,2.38,0.00646,0.01079,0.00852
41.14,28.42,202304,15.63,0.45,72.39,3.11,0.00909,0.01096,0.01114
41.14,28.42,202305,18.84,0.48,71.78,1.18,0.01096,0.01087,0.00423
41.14,28.42,202306,24.01,0.58,45.28,0.92,0.01397,0.00686,0.00329
41.14,28.42,202307,26.15,0.65,23.83,0.27,0.01521,0.00361,0.00097
41.14,28.42,202308,21.47,0.59,31.41,0.21,0.01249,0.00476,0.00075
41.14,28.42,202309,16.72,0.56,46.02,0.96,0.00973,0.00697,0.00344
41.14,28.42,202310,11.52,0.52,49.57,0.71,0.0067,0.0075,0.00254
41.14,28.42,202311,6.49,0.41,68.19,6.61,0.00378,0.01032,0.02367
41.14,28.42,202312,4.82,0.38,64.93,2.62,0.0028,0.00983,0.00938
41.14,28.45,202301,5.51,0.38,69.94,0.72,0.00321,0.01059,0.00258
41.14,28.45,202302,8.89,0.45,66.0,1.83,0.00517,0.00999,0.00655
41.14,28.45,202303,11.1,0.41,71.25,2.49,0.00646,0.01079,0.00892
41.14,28.45,202304,15.63,0.45,72.39,3.07,0.00909,0.01096,0.01099
41.14,28.45,202305,18.84,0.48,71.78,1.24,0.01096,0.01087,0.00444
41.14,28.45,202306,24.01,0.58,45.28,0.86,0.01397,0.00686,0.00308
41.14,28.45,202307,26.15,0.65,23.83,0.33,0.01521,0.00361,0.00118
41.14,28.45,202308,21.47,0.59,31.41,0.3,0.01249,0.00476,0.00107
41.14,28.45,202309,16.72,0.56,46.02,0.71,0.00973,0.00697,0.00254
41.14,28.45,202310,11.52,0.52,49.57,1.15,0.0067,0.0075,0.00412
41.14,28.45,202311,6.49,0.41,68.19,6.37,0.00378,0.01032,0.02281
41.14,28.45,202312,4.82,0.38,64.93,2.3,0.0028,0.00983,0.00824
41.14,28.48,202301,5.51,0.38,69.94,0.72,0.00321,0.01059,0.00258
41.14,28.48,202302,8.89,0.45,66.0,1.83,0.00517,0.00999,0.00655
41.14,28.48,202303,11.1,0.41,71.25,2.49,0.00646,0.01079,0.00892
41.14,28.48,202304,15.63,0.45,72.39,3.07,0.00909,0.01096,0.01099
41.14,28.48,202305,18.84,0.48,71.78,1.24,0.01096,0.01087,0.00444
41.14,28.48,202306,24.01,0.58,45.28,0.86,0.01397,0.00686,0.00308
41.14,28.48,202307,26.15,0.65,23.83,0.33,0.01521,0.00361,0.00118
41.14,28.48,202308,21.47,0.59,31.41,0.3,0.01249,0.00476,0.00107
41.14,28.48,202309,16.72,0.56,46.02,0.71,0.00973,0.00697,0.00254
41.14,28.48,202310,11.52,0.52,49.57,1.15,0.0067,0.0075,0.00412
41.14,28.48,202311,6.49,0.41,68.19,6.37,0.00378,0.01032,0.02281
41.14,28.48,202312,4.82,0.38,64.93,2.3,0.0028,0.00983,0.00824
41.14,28.51,202301,5.51,0.38,69.94,0.72,0.00321,0.01059,0.00258
41.14,28.51,202302,8.89,0.45,66.0,1.83,0.00517,0.00999,0.00655
41.14,28.51,202303,11.1,0.41,71.25,2.49,0.00646,0.01079,0.00892
41.14,28.51,202304,15.63,0.45,72.39,3.07,0.00909,0.01096,0.01099
41.14,28.51,202305,18.84,0.48,71.78,1.24,0.01096,0.01087,0.00444
41.14,28.51,202306,24.01,0.58,45.28,0.86,0.01397,0.00686,0.00308
41.14,28.51,202307,26.15,0.65,23.83,0.33,0.01521,0.00361,0.00118
41.14,28.51,202308,21.47,0.59,31.41,0.3,0.01249,0.00476,0.00107
41.14,28.51,202309,16.72,0.56,46.02,0.71,0.00973,0.00697,0.00254
41.14,28.51,202310,11.52,0.52,49.57,1.15,0.0067,0.0075,0.00412
41.14,28.51,202311,6.49,0.41,68.19,6.37,0.00378,0.01032,0.02281
41.14,28.51,202312,4.82,0.38,64.93,2.3,0.0028,0.00983,0.00824
41.14,28.54,202301,5.51,0.38,69.94,0.72,0.00321,0.01059,0.00258
41.14,28.54,202302,8.89,0.45,66.0,1.83,0.00517,0.00999,0.00655
41.14,28.54,202303,11.1,0.41,71.25,2.49,0.00646,0.01079,0.00892
41.14,28.54,202304,15.63,0.45,72.39,3.07,0.00909,0.01096,0.01099
41.14,28.54,202305,18.84,0.48,71.78,1.24,0.01096,0.01087,0.00444
41.14,28.54,202306,24.01,0.58,45.28,0.86,0.01397,0.00686,0.00308
41.14,28.54,202307,26.15,0.65,23.83,0.33,0.01521,0.00361,0.00118
41.14,28.54,202308,21.47,0.59,31.41,0.3,0.01249,0.00476,0.00107
41.14,28.54,202309,16.72,0.56,46.02,0.71,0.00973,0.00697,0.00254
41.14,28.54,202310,11.52,0.52,49.57,1.15,0.0067,0.0075,0.00412
41.14,28.54,202311,6.49,0.41,68.19,6.37,0.00378,0.01032,0.02281
41.14,28.54,202312,4.82,0.38,64.93,2.3,0.0028,0.00983,0.00824
41.14,28.57,202301,5.51,0.38,69.94,0.72,0.00321,0.01059,0.00258
41.14,28.57,202302,8.89,0.45,66.0,1.83,0.00517,0.00999,0.00655
41.14,28.57,202303,11.1,0.41,71.25,2.49,0.00646,0.01079,0.00892
41.14,28.57,202304,15.63,0.45,72.39,3.07,0.00909,0.01096,0.01099
41.14,28.57,202305,18.84,0.48,71.78,1.24,0.01096,0.01087,0.00444
41.14,28.57,202306,24.01,0.58,45.28,0.86,0.01397,0.00686,0.00308
41.14,28.57,202307,26.15,0.65,23.83,0.33,0.01521,0.00361,0.00118
41.14,28.57,202308,21.47,0.59,31.41,0.3,0.01249,0.00476,0.00107
41.14,28.57,202309,16.72,0.56,46.02,0.71,0.00973,0.00697,0.00254
41.14,28.57,202310,11.52,0.52,49.57,1.15,0.0067,0.0075,0.00412
41.14,28.57,202311,6.49,0.41,68.19,6.37,0.00378,0.01032,0.02281
41.14,28.57,202312,4.82,0.38,64.93,2.3,0.0028,0.00983,0.00824
41.14,28.6,202301,5.51,0.38,69.94,0.72,0.00321,0.01059,0.00258
41.14,28.6,202302,8.89,0.45,66.0,1.83,0.00517,0.00999,0.00655
41.14,28.6,202303,11.1,0.41,71.25,2.49,0.00646,0.01079,0.00892
41.14,28.6,202304,15.63,0.45,72.39,3.07,0.00909,0.01096,0.01099
41.14,28.6,202305,18.84,0.48,71.78,1.24,0.01096,0.01087,0.00444
41.14,28.6,202306,24.01,0.58,45.28,0.86,0.01397,0.00686,0.00308
41.14,28.6,202307,26.15,0.65,23.83,0.33,0.01521,0.00361,0.00118
41.14,28.6,202308,21.47,0.59,31.41,0.3,0.01249,0.00476,0.00107
41.14,28.6,202309,16.72,0.56,46.02,0.71,0.00973,0.00697,0.00254
41.14,28.6,202310,11.52,0.52,49.57,1.15,0.0067,0.0075,0.00412
41.14,28.6,202311,6.49,0.41,68.19,6.37,0.00378,0.01032,0.02281
41.14,28.6,202312,4.82,0.38,64.93,2.3,0.0028,0.00983,0.00824
41.14,28.63,202301,5.51,0.38,69.94,0.72,0.00321,0.01059,0.00258
41.14,28.63,202302,8.89,0.45,66.0,1.83,0.00517,0.00999,0.00655
41.14,28.63,202303,11.1,0.41,71.25,2.49,0.00646,0.01079,0.00892
41.14,28.63,202304,15.63,0.45,72.39,3.07,0.00909,0.01096,0.01099
41.14,28.63,202305,18.84,0.48,71.78,1.24,0.01096,0.01087,0.00444
41.14,28.63,202306,24.01,0.58,45.28,0.86,0.01397,0.00686,0.00308
41.14,28.63,202307,26.15,0.65,23.83,0.33,0.01521,0.00361,0.00118
41.14,28.63,202308,21.47,0.59,31.41,0.3,0.01249,0.00476,0.00107
41.14,28.63,202309,16.72,0.56,46.02,0.71,0.00973,0.00697,0.00254
41.14,28.63,202310,11.52,0.52,49.57,1.15,0.0067,0.0075,0.00412
41.14,28.63,202311,6.49,0.41,68.19,6.37,0.00378,0.01032,0.02281
41.14,28.63,202312,4.82,0.38,64.93,2.3,0.0028,0.00983,0.00824
41.14,28.66,202301,5.51,0.38,69.94,0.72,0.00321,0.01059,0.00258
41.14,28.66,202302,8.89,0.45,66.0,1.83,0.00517,0.00999,0.00655
41.14,28.66,202303,11.1,0.41,71.25,2.49,0.00646,0.01079,0.00892
41.14,28.66,202304,15.63,0.45,72.39,3.07,0.00909,0.01096,0.01099
41.14,28.66,202305,18.84,0.48,71.78,1.24,0.01096,0.01087,0.00444
41.14,28.66,202306,24.01,0.58,45.28,0.86,0.01397,0.00686,0.00308
41.14,28.66,202307,26.15,0.65,23.83,0.33,0.01521,0.00361,0.00118
41.14,28.66,202308,21.47,0.59,31.41,0.3,0.01249,0.00476,0.00107
41.14,28.66,202309,16.72,0.56,46.02,0.71,0.00973,0.00697,0.00254
41.14,28.66,202310,11.52,0.52,49.57,1.15,0.0067,0.0075,0.00412
41.14,28.66,202311,6.49,0.41,68.19,6.37,0.00378,0.01032,0.02281
41.14,28.66,202312,4.82,0.38,64.93,2.3,0.0028,0.00983,0.00824
41.14,28.69,202301,5.51,0.38,69.94,0.72,0.00321,0.01059,0.00258
41.14,28.69,202302,8.89,0.45,66.0,1.83,0.00517,0.00999,0.00655
41.14,28.69,202303,11.1,0.41,71.25,2.49,0.00646,0.01079,0.00892
41.14,28.69,202304,15.63,0.45,72.39,3.07,0.00909,0.01096,0.01099
41.14,28.69,202305,18.84,0.48,71.78,1.24,0.01096,0.01087,0.00444
41.14,28.69,202306,24.01,0.58,45.28,0.86,0.01397,0.00686,0.00308
41.14,28.69,202307,26.15,0.65,23.83,0.33,0.01521,0.00361,0.00118
41.14,28.69,202308,21.47,0.59,31.41,0.3,0.01249,0.00476,0.00107
41.14,28.69,202309,16.72,0.56,46.02,0.71,0.00973,0.00697,0.00254
41.14,28.69,202310,11.52,0.52,49.57,1.15,0.0067,0.0075,0.00412
41.14,28.69,202311,6.49,0.41,68.19,6.37,0.00378,0.01032,0.02281
41.14,28.69,202312,4.82,0.38,64.93,2.3,0.0028,0.00983,0.00824
41.14,28.72,202301,5.51,0.38,69.94,0.72,0.00321,0.01059,0.00258
41.14,28.72,202302,8.89,0.45,66.0,1.83,0.00517,0.00999,0.00655
41.14,28.72,202303,11.1,0.41,71.25,2.49,0.00646,0.01079,0.00892
41.14,28.72,202304,15.63,0.45,72.39,3.07,0.00909,0.01096,0.01099
41.14,28.72,202305,18.84,0.48,71.78,1.24,0.01096,0.01087,0.00444
41.14,28.72,202306,24.01,0.58,45.28,0.86,0.01397,0.00686,0.00308
41.14,28.72,202307,26.15,0.65,23.83,0.33,0.01521,0.00361,0.00118
41.14,28.72,202308,21.47,0.59,31.41,0.3,0.01249,0.00476,0.00107
41.14,28.72,202309,16.72,0.56,46.02,0.71,0.00973,0.00697,0.00254
41.14,28.72,202310,11.52,0.52,49.57,1.15,0.0067,0.0075,0.00412
41.14,28.72,202311,6.49,0.41,68.19,6.37,0.00378,0.01032,0.02281
41.14,28.72,202312,4.82,0.38,64.93,2.3,0.0028,0.00983,0.00824
41.14,28.75,202301,5.51,0.38,69.94,0.72,0.00321,0.01059,0.00258
41.14,28.75,202302,8.89,0.45,66.0,1.83,0.00517,0.00999,0.00655
41.14,28.75,202303,11.1,0.41,71.25,2.49,0.00646,0.01079,0.00892
41.14,28.75,202304,15.63,0.45,72.39,3.07,0.00909,0.01096,0.01099
41.14,28.75,202305,18.84,0.48,71.78,1.24,0.01096,0.01087,0.00444
41.14,28.75,202306,24.01,0.58,45.28,0.86,0.01397,0.00686,0.00308
41.14,28.75,202307,26.15,0.65,23.83,0.33,0.01521,0.00361,0.00118
41.14,28.75,202308,21.47,0.59,31.41,0.3,0.01249,0.00476,0.00107
41.14,28.75,202309,16.72,0.56,46.02,0.71,0.00973,0.00697,0.00254
41.14,28.75,202310,11.52,0.52,49.57,1.15,0.0067,0.0075,0.00412
41.14,28.75,202311,6.49,0.41,68.19,6.37,0.00378,0.01032,0.02281
41.14,28.75,202312,4.82,0.38,64.93,2.3,0.0028,0.00983,0.00824
41.14,28.78,202301,5.51,0.38,69.94,0.72,0.00321,0.01059,0.00258
41.14,28.78,202302,8.89,0.45,66.0,1.83,0.00517,0.00999,0.00655
41.14,28.78,202303,11.1,0.41,71.25,2.49,0.00646,0.01079,0.00892
41.14,28.78,202304,15.63,0.45,72.39,3.07,0.00909,0.01096,0.01099
41.14,28.78,202305,18.84,0.48,71.78,1.24,0.01096,0.01087,0.00444
41.14,28.78,202306,24.01,0.58,45.28,0.86,0.01397,0.00686,0.00308
41.14,28.78,202307,26.15,0.65,23.83,0.33,0.01521,0.00361,0.00118
41.14,28.78,202308,21.47,0.59,31.41,0.3,0.01249,0.00476,0.00107
41.14,28.78,202309,16.72,0.56,46.02,0.71,0.00973,0.00697,0.00254
41.14,28.78,202310,11.52,0.52,49.57,1.15,0.0067,0.0075,0.00412
41.14,28.78,202311,6.49,0.41,68.19,6.37,0.00378,0.01032,0.02281
41.14,28.78,202312,4.82,0.38,64.93,2.3,0.0028,0.00983,0.00824
41.14,28.81,202301,5.51,0.38,69.94,0.72,0.00321,0.01059,0.00258
41.14,28.81,202302,8.89,0.45,66.0,1.83,0.00517,0.00999,0.00655
41.14,28.81,202303,11.1,0.41,71.25,2.49,0.00646,0.01079,0.00892
41.14,28.81,202304,15.63,0.45,72.39,3.07,0.00909,0.01096,0.01099
41.14,28.81,202305,18.84,0.48,71.78,1.24,0.01096,0.01087,0.00444
41.14,28.81,202306,24.01,0.58,45.28,0.86,0.01397,0.00686,0.00308
41.14,28.81,202307,26.15,0.65,23.83,0.33,0.01521,0.00361,0.00118
41.14,28.81,202308,21.47,0.59,31.41,0.3,0.01249,0.00476,0.00107
41.14,28.81,202309,16.72,0.56,46.02,0.71,0.00973,0.00697,0.00254
41.14,28.81,202310,11.52,0.52,49.57,1.15,0.0067,0.0075,0.00412
41.14,28.81,202311,6.49,0.41,68.19,6.37,0.00378,0.01032,0.02281
41.14,28.81,202312,4.82,0.38,64.93,2.3,0.0028,0.00983,0.00824
41.14,28.84,202301,5.51,0.38,69.94,0.72,0.00321,0.01059,0.00258
41.14,28.84,202302,8.89,0.45,66.0,1.83,0.00517,0.00999,0.00655
41.14,28.84,202303,11.1,0.41,71.25,2.49,0.00646,0.01079,0.00892
41.14,28.84,202304,15.63,0.45,72.39,3.07,0.00909,0.01096,0.01099
41.14,28.84,202305,18.84,0.48,71.78,1.24,0.01096,0.01087,0.00444
41.14,28.84,202306,24.01,0.58,45.28,0.86,0.01397,0.00686,0.00308
41.14,28.84,202307,26.15,0.65,23.83,0.33,0.01521,0.00361,0.00118
41.14,28.84,202308,21.47,0.59,31.41,0.3,0.01249,0.00476,0.00107
41.14,28.84,202309,16.72,0.56,46.02,0.71,0.00973,0.00697,0.00254
41.14,28.84,202310,11.52,0.52,49.57,1.15,0.0067,0.0075,0.00412
41.14,28.84,202311,6.49,0.41,68.19,6.37,0.00378,0.01032,0.02281
41.14,28.84,202312,4.82,0.38,64.93,2.3,0.0028,0.00983,0.00824
41.14,28.87,202301,5.51,0.38,69.94,0.72,0.00321,0.01059,0.00258
41.14,28.87,202302,8.89,0.45,66.0,1.83,0.00517,0.00999,0.00655
41.14,28.87,202303,11.1,0.41,71.25,2.49,0.00646,0.01079,0.00892
41.14,28.87,202304,15.63,0.45,72.39,3.07,0.00909,0.01096,0.01099
41.14,28.87,202305,18.84,0.48,71.78,1.24,0.01096,0.01087,0.00444
41.14,28.87,202306,24.01,0.58,45.28,0.86,0.01397,0.00686,0.00308
41.14,28.87,202307,26.15,0.65,23.83,0.33,0.01521,0.00361,0.00118
41.14,28.87,202308,21.47,0.59,31.41,0.3,0.01249,0.00476,0.00107
41.14,28.87,202309,16.72,0.56,46.02,0.71,0.00973,0.00697,0.00254
41.14,28.87,202310,11.52,0.52,49.57,1.15,0.0067,0.0075,0.00412
41.14,28.87,202311,6.49,0.41,68.19,6.37,0.00378,0.01032,0.02281
41.14,28.87,202312,4.82,0.38,64.93,2.3,0.0028,0.00983,0.00824
41.14,28.9,202301,5.51,0.38,69.94,0.72,0.00321,0.01059,0.00258
41.14,28.9,202302,8.89,0.45,66.0,1.83,0.00517,0.00999,0.00655
41.14,28.9,202303,11.1,0.41,71.25,2.49,0.00646,0.01079,0.00892
41.14,28.9,202304,15.63,0.45,72.39,3.07,0.00909,0.01096,0.01099
41.14,28.9,202305,18.84,0.48,71.78,1.24,0.01096,0.01087,0.00444
41.14,28.9,202306,24.01,0.58,45.28,0.86,0.01397,0.00686,0.00308
41.14,28.9,202307,26.15,0.65,23.83,0.33,0.01521,0.00361,0.00118
41.14,28.9,202308,21.47,0.59,31.41,0.3,0.01249,0.00476,0.00107
41.14,28.9,202309,16.72,0.56,46.02,0.71,0.00973,0.00697,0.00254
41.14,28.9,202310,11.52,0.52,49.57,1.15,0.0067,0.0075,0.00412
41.14,28.9,202311,6.49,0.41,68.19,6.37,0.00378,0.01032,0.02281
41.14,28.9,202312,4.82,0.38,64.93,2.3,0.0028,0.00983,0.00824
41.14,28.93,202301,5.51,0.38,69.94,0.72,0.00321,0.01059,0.00258
41.14,28.93,202302,8.89,0.45,66.0,1.83,0.00517,0.00999,0.00655
41.14,28.93,202303,11.1,0.41,71.25,2.49,0.00646,0.01079,0.00892
41.14,28.93,202304,15.63,0.45,72.39,3.07,0.00909,0.01096,0.01099
41.14,28.93,202305,18.84,0.48,71.78,1.24,0.01096,0.01087,0.00444
41.14,28.93,202306,24.01,0.58,45.28,0.86,0.01397,0.00686,0.00308
41.14,28.93,202307,26.15,0.65,23.83,0.33,0.01521,0.00361,0.00118
41.14,28.93,202308,21.47,0.59,31.41,0.3,0.01249,0.00476,0.00107
41.14,28.93,202309,16.72,0.56,46.02,0.71,0.00973,0.00697,0.00254
41.14,28.93,202310,11.52,0.52,49.57,1.15,0.0067,0.0075,0.00412
41.14,28.93,202311,6.49,0.41,68.19,6.37,0.00378,0.01032,0.02281
41.14,28.93,202312,4.82,0.38,64.93,2.3,0.0028,0.00983,0.00824
41.14,28.96,202301,5.51,0.38,69.94,0.72,0.00321,0.01059,0.00258
41.14,28.96,202302,8.89,0.45,66.0,1.83,0.00517,0.00999,0.00655
41.14,28.96,202303,11.1,0.41,71.25,2.49,0.00646,0.01079,0.00892
41.14,28.96,202304,15.63,0.45,72.39,3.07,0.00909,0.01096,0.01099
41.14,28.96,202305,18.84,0.48,71.78,1.24,0.01096,0.01087,0.00444
41.14,28.96,202306,24.01,0.58,45.28,0.86,0.01397,0.00686,0.00308
41.14,28.96,202307,26.15,0.65,23.83,0.33,0.01521,0.00361,0.00118
41.14,28.96,202308,21.47,0.59,31.41,0.3,0.01249,0.00476,0.00107
41.14,28.96,202309,16.72,0.56,46.02,0.71,0.00973,0.00697,0.00254
41.14,28.96,202310,11.52,0.52,49.57,1.15,0.0067,0.0075,0.00412
41.14,28.96,202311,6.49,0.41,68.19,6.37,0.00378,0.01032,0.02281
41.14,28.96,202312,4.82,0.38,64.93,2.3,0.0028,0.00983,0.00824
41.14,28.99,202301,5.51,0.38,69.94,0.72,0.00321,0.01059,0.00258
41.14,28.99,202302,8.89,0.45,66.0,1.83,0.00517,0.00999,0.00655
41.14,28.99,202303,11.1,0.41,71.25,2.49,0.00646,0.01079,0.00892
41.14,28.99,202304,15.63,0.45,72.39,3.07,0.00909,0.01096,0.01099
41.14,28.99,202305,18.84,0.48,71.78,1.24,0.01096,0.01087,0.00444
41.14,28.99,202306,24.01,0.58,45.28,0.86,0.01397,0.00686,0.00308
41.14,28.99,202307,26.15,0.65,23.83,0.33,0.01521,0.00361,0.00118
41.14,28.99,202308,21.47,0.59,31.41,0.3,0.01249,0.00476,0.00107
41.14,28.99,202309,16.72,0.56,46.02,0.71,0.00973,0.00697,0.00254
41.14,28.99,202310,11.52,0.52,49.57,1.15,0.0067,0.0075,0.00412
41.14,28.99,202311,6.49,0.41,68.19,6.37,0.00378,0.01032,0.02281
41.14,28.99,202312,4.82,0.38,64.93,2.3,0.0028,0.00983,0.00824
41.14,29.02,202301,5.47,0.38,77.44,0.72,0.00318,0.01172,0.00258
41.14,29.02,202302,8.67,0.44,75.84,1.83,0.00504,0.01148,0.00655
41.14,29.02,202303,10.41,0.38,81.4,2.49,0.00606,0.01232,0.00892
41.14,29.02,202304,15.39,0.45,77.59,3.07,0.00895,0.01175,0.01099
41.14,29.02,202305,18.83,0.48,75.98,1.24,0.01095,0.0115,0.00444
41.14,29.02,202306,23.93,0.57,50.76,0.86,0.01392,0.00768,0.00308
41.14,29.02,202307,25.58,0.63,28.76,0.33,0.01488,0.00435,0.00118
41.14,29.02,202308,21.98,0.61,33.24,0.3,0.01279,0.00503,0.00107
41.14,29.02,202309,17.75,0.6,55.94,0.71,0.01032,0.00847,0.00254
41.14,29.02,202310,11.5,0.52,63.42,1.15,0.00669,0.0096,0.00412
41.14,29.02,202311,6.57,0.42,78.12,6.37,0.00382,0.01183,0.02281
41.14,29.02,202312,4.93,0.38,71.96,2.3,0.00287,0.01089,0.00824
41.14,29.05,202301,5.47,0.38,77.44,0.72,0.00318,0.01172,0.00258
41.14,29.05,202302,8.67,0.44,75.84,1.83,0.00504,0.01148,0.00655
41.14,29.05,202303,10.41,0.38,81.4,2.49,0.00606,0.01232,0.00892
41.14,29.05,202304,15.39,0.45,77.59,3.07,0.00895,0.01175,0.01099
41.14,29.05,202305,18.83,0.48,75.98,1.24,0.01095,0.0115,0.00444
41.14,29.05,202306,23.93,0.57,50.76,0.86,0.01392,0.00768,0.00308
41.14,29.05,202307,25.58,0.63,28.76,0.33,0.01488,0.00435,0.00118
41.14,29.05,202308,21.98,0.61,33.24,0.3,0.01279,0.00503,0.00107
41.14,29.05,202309,17.75,0.6,55.94,0.71,0.01032,0.00847,0.00254
41.14,29.05,202310,11.5,0.52,63.42,1.15,0.00669,0.0096,0.00412
41.14,29.05,202311,6.57,0.42,78.12,6.37,0.00382,0.01183,0.02281
41.14,29.05,202312,4.93,0.38,71.96,2.3,0.00287,0.01089,0.00824
41.14,29.08,202301,5.47,0.38,77.44,0.72,0.00318,0.01172,0.00258
41.14,29.08,202302,8.67,0.44,75.84,2.53,0.00504,0.01148,0.00906
41.14,29.08,202303,10.41,0.38,81.4,2.88,0.00606,0.01232,0.01031
41.14,29.08,202304,15.39,0.45,77.59,3.03,0.00895,0.01175,0.01085
41.14,29.08,202305,18.83,0.48,75.98,1.35,0.01095,0.0115,0.00483
41.14,29.08,202306,23.93,0.57,50.76,1.56,0.01392,0.00768,0.00559
41.14,29.08,202307,25.58,0.63,28.76,0.79,0.01488,0.00435,0.00283
41.14,29.08,202308,21.98,0.61,33.24,0.51,0.01279,0.00503,0.00183
41.14,29.08,202309,17.75,0.6,55.94,0.89,0.01032,0.00847,0.00319
41.14,29.08,202310,11.5,0.52,63.42,1.83,0.00669,0.0096,0.00655
41.14,29.08,202311,6.57,0.42,78.12,6.97,0.00382,0.01183,0.02496
41.14,29.08,202312,4.93,0.38,71.96,2.45,0.00287,0.01089,0.00877
41.14,29.11,202301,5.47,0.38,77.44,0.72,0.00318,0.01172,0.00258
41.14,29.11,202302,8.67,0.44,75.84,2.53,0.00504,0.01148,0.00906
41.14,29.11,202303,10.41,0.38,81.4,2.88,0.00606,0.01232,0.01031
41.14,29.11,202304,15.39,0.45,77.59,3.03,0.00895,0.01175,0.01085
41.14,29.11,202305,18.83,0.48,75.98,1.35,0.01095,0.0115,0.00483
41.14,29.11,202306,23.93,0.57,50.76,1.56,0.01392,0.00768,0.00559
41.14,29.11,202307,25.58,0.63,28.76,0.79,0.01488,0.00435,0.00283
41.14,29.11,202308,21.98,0.61,33.24,0.51,0.01279,0.00503,0.00183
41.14,29.11,202309,17.75,0.6,55.94,0.89,0.01032,0.00847,0.00319
41.14,29.11,202310,11.5,0.52,63.42,1.83,0.00669,0.0096,0.00655
41.14,29.11,202311,6.57,0.42,78.12,6.97,0.00382,0.01183,0.02496
41.14,29.11,202312,4.93,0.38,71.96,2.45,0.00287,0.01089,0.00877
41.14,29.14,202301,5.47,0.38,77.44,0.72,0.00318,0.01172,0.00258
41.14,29.14,202302,8.67,0.44,75.84,2.53,0.00504,0.01148,0.00906
41.14,29.14,202303,10.41,0.38,81.4,2.88,0.00606,0.01232,0.01031
41.14,29.14,202304,15.39,0.45,77.59,3.03,0.00895,0.01175,0.01085
41.14,29.14,202305,18.83,0.48,75.98,1.35,0.01095,0.0115,0.00483
41.14,29.14,202306,23.93,0.57,50.76,1.56,0.01392,0.00768,0.00559
41.14,29.14,202307,25.58,0.63,28.76,0.79,0.01488,0.00435,0.00283
41.14,29.14,202308,21.98,0.61,33.24,0.51,0.01279,0.00503,0.00183
41.14,29.14,202309,17.75,0.6,55.94,0.89,0.01032,0.00847,0.00319
41.14,29.14,202310,11.5,0.52,63.42,1.83,0.00669,0.0096,0.00655
41.14,29.14,202311,6.57,0.42,78.12,6.97,0.00382,0.01183,0.02496
41.14,29.14,202312,4.93,0.38,71.96,2.45,0.00287,0.01089,0.00877
41.14,29.17,202301,5.47,0.38,77.44,0.72,0.00318,0.01172,0.00258
41.14,29.17,202302,8.67,0.44,75.84,2.53,0.00504,0.01148,0.00906
41.14,29.17,202303,10.41,0.38,81.4,2.88,0.00606,0.01232,0.01031
41.14,29.17,202304,15.39,0.45,77.59,3.03,0.00895,0.01175,0.01085
41.14,29.17,202305,18.83,0.48,75.98,1.35,0.01095,0.0115,0.00483
41.14,29.17,202306,23.93,0.57,50.76,1.56,0.01392,0.00768,0.00559
41.14,29.17,202307,25.58,0.63,28.76,0.79,0.01488,0.00435,0.00283
41.14,29.17,202308,21.98,0.61,33.24,0.51,0.01279,0.00503,0.00183
41.14,29.17,202309,17.75,0.6,55.94,0.89,0.01032,0.00847,0.00319
41.14,29.17,202310,11.5,0.52,63.42,1.83,0.00669,0.0096,0.00655
41.14,29.17,202311,6.57,0.42,78.12,6.97,0.00382,0.01183,0.02496
41.14,29.17,202312,4.93,0.38,71.96,2.45,0.00287,0.01089,0.00877
41.14,29.2,202301,5.47,0.38,77.44,0.72,0.00318,0.01172,0.00258
41.14,29.2,202302,8.67,0.44,75.84,2.53,0.00504,0.01148,0.00906
41.14,29.2,202303,10.41,0.38,81.4,2.88,0.00606,0.01232,0.01031
41.14,29.2,202304,15.39,0.45,77.59,3.03,0.00895,0.01175,0.01085
41.14,29.2,202305,18.83,0.48,75.98,1.35,0.01095,0.0115,0.00483
41.14,29.2,202306,23.93,0.57,50.76,1.56,0.01392,0.00768,0.00559
41.14,29.2,202307,25.58,0.63,28.76,0.79,0.01488,0.00435,0.00283
41.14,29.2,202308,21.98,0.61,33.24,0.51,0.01279,0.00503,0.00183
41.14,29.2,202309,17.75,0.6,55.94,0.89,0.01032,0.00847,0.00319
41.14,29.2,202310,11.5,0.52,63.42,1.83,0.00669,0.0096,0.00655
41.14,29.2,202311,6.57,0.42,78.12,6.97,0.00382,0.01183,0.02496
41.14,29.2,202312,4.93,0.38,71.96,2.45,0.00287,0.01089,0.00877
41.14,29.23,202301,5.47,0.38,77.44,0.72,0.00318,0.01172,0.00258
41.14,29.23,202302,8.67,0.44,75.84,2.53,0.00504,0.01148,0.00906
41.14,29.23,202303,10.41,0.38,81.4,2.88,0.00606,0.01232,0.01031
41.14,29.23,202304,15.39,0.45,77.59,3.03,0.00895,0.01175,0.01085
41.14,29.23,202305,18.83,0.48,75.98,1.35,0.01095,0.0115,0.00483
41.14,29.23,202306,23.93,0.57,50.76,1.56,0.01392,0.00768,0.00559
41.14,29.23,202307,25.58,0.63,28.76,0.79,0.01488,0.00435,0.00283
41.14,29.23,202308,21.98,0.61,33.24,0.51,0.01279,0.00503,0.00183
41.14,29.23,202309,17.75,0.6,55.94,0.89,0.01032,0.00847,0.00319
41.14,29.23,202310,11.5,0.52,63.42,1.83,0.00669,0.0096,0.00655
41.14,29.23,202311,6.57,0.42,78.12,6.97,0.00382,0.01183,0.02496
41.14,29.23,202312,4.93,0.38,71.96,2.45,0.00287,0.01089,0.00877
41.14,29.26,202301,5.47,0.38,77.44,0.72,0.00318,0.01172,0.00258
41.14,29.26,202302,8.67,0.44,75.84,2.53,0.00504,0.01148,0.00906
41.14,29.26,202303,10.41,0.38,81.4,2.88,0.00606,0.01232,0.01031
41.14,29.26,202304,15.39,0.45,77.59,3.03,0.00895,0.01175,0.01085
41.14,29.26,202305,18.83,0.48,75.98,1.35,0.01095,0.0115,0.00483
41.14,29.26,202306,23.93,0.57,50.76,1.56,0.01392,0.00768,0.00559
41.14,29.26,202307,25.58,0.63,28.76,0.79,0.01488,0.00435,0.00283
41.14,29.26,202308,21.98,0.61,33.24,0.51,0.01279,0.00503,0.00183
41.14,29.26,202309,17.75,0.6,55.94,0.89,0.01032,0.00847,0.00319
41.14,29.26,202310,11.5,0.52,63.42,1.83,0.00669,0.0096,0.00655
41.14,29.26,202311,6.57,0.42,78.12,6.97,0.00382,0.01183,0.02496
41.14,29.26,202312,4.93,0.38,71.96,2.45,0.00287,0.01089,0.00877
41.14,29.29,202301,5.47,0.38,77.44,0.72,0.00318,0.01172,0.00258
41.14,29.29,202302,8.67,0.44,75.84,2.53,0.00504,0.01148,0.00906
41.14,29.29,202303,10.41,0.38,81.4,2.88,0.00606,0.01232,0.01031
41.14,29.29,202304,15.39,0.45,77.59,3.03,0.00895,0.01175,0.01085
41.14,29.29,202305,18.83,0.48,75.98,1.35,0.01095,0.0115,0.00483
41.14,29.29,202306,23.93,0.57,50.76,1.56,0.01392,0.00768,0.00559
41.14,29.29,202307,25.58,0.63,28.76,0.79,0.01488,0.00435,0.00283
41.14,29.29,202308,21.98,0.61,33.24,0.51,0.01279,0.00503,0.00183
41.14,29.29,202309,17.75,0.6,55.94,0.89,0.01032,0.00847,0.00319
41.14,29.29,202310,11.5,0.52,63.42,1.83,0.00669,0.0096,0.00655
41.14,29.29,202311,6.57,0.42,78.12,6.97,0.00382,0.01183,0.02496
41.14,29.29,202312,4.93,0.38,71.96,2.45,0.00287,0.01089,0.00877
41.14,29.32,202301,5.47,0.38,77.44,0.72,0.00318,0.01172,0.00258
41.14,29.32,202302,8.67,0.44,75.84,2.53,0.00504,0.01148,0.00906
41.14,29.32,202303,10.41,0.38,81.4,2.88,0.00606,0.01232,0.01031
41.14,29.32,202304,15.39,0.45,77.59,3.03,0.00895,0.01175,0.01085
41.14,29.32,202305,18.83,0.48,75.98,1.35,0.01095,0.0115,0.00483
41.14,29.32,202306,23.93,0.57,50.76,1.56,0.01392,0.00768,0.00559
41.14,29.32,202307,25.58,0.63,28.76,0.79,0.01488,0.00435,0.00283
41.14,29.32,202308,21.98,0.61,33.24,0.51,0.01279,0.00503,0.00183
41.14,29.32,202309,17.75,0.6,55.94,0.89,0.01032,0.00847,0.00319
41.14,29.32,202310,11.5,0.52,63.42,1.83,0.00669,0.0096,0.00655
41.14,29.32,202311,6.57,0.42,78.12,6.97,0.00382,0.01183,0.02496
41.14,29.32,202312,4.93,0.38,71.96,2.45,0.00287,0.01089,0.00877
41.14,29.35,202301,5.47,0.38,77.44,0.72,0.00318,0.01172,0.00258
41.14,29.35,202302,8.67,0.44,75.84,2.53,0.00504,0.01148,0.00906
41.14,29.35,202303,10.41,0.38,81.4,2.88,0.00606,0.01232,0.01031
41.14,29.35,202304,15.39,0.45,77.59,3.03,0.00895,0.01175,0.01085
41.14,29.35,202305,18.83,0.48,75.98,1.35,0.01095,0.0115,0.00483
41.14,29.35,202306,23.93,0.57,50.76,1.56,0.01392,0.00768,0.00559
41.14,29.35,202307,25.58,0.63,28.76,0.79,0.01488,0.00435,0.00283
41.14,29.35,202308,21.98,0.61,33.24,0.51,0.01279,0.00503,0.00183
41.14,29.35,202309,17.75,0.6,55.94,0.89,0.01032,0.00847,0.00319
41.14,29.35,202310,11.5,0.52,63.42,1.83,0.00669,0.0096,0.00655
41.14,29.35,202311,6.57,0.42,78.12,6.97,0.00382,0.01183,0.02496
41.14,29.35,202312,4.93,0.38,71.96,2.45,0.00287,0.01089,0.00877
41.14,29.38,202301,5.47,0.38,77.44,0.72,0.00318,0.01172,0.00258
41.14,29.38,202302,8.67,0.44,75.84,2.53,0.00504,0.01148,0.00906
41.14,29.38,202303,10.41,0.38,81.4,2.88,0.00606,0.01232,0.01031
41.14,29.38,202304,15.39,0.45,77.59,3.03,0.00895,0.01175,0.01085
41.14,29.38,202305,18.83,0.48,75.98,1.35,0.01095,0.0115,0.00483
41.14,29.38,202306,23.93,0.57,50.76,1.56,0.01392,0.00768,0.00559
41.14,29.38,202307,25.58,0.63,28.76,0.79,0.01488,0.00435,0.00283
41.14,29.38,202308,21.98,0.61,33.24,0.51,0.01279,0.00503,0.00183
41.14,29.38,202309,17.75,0.6,55.94,0.89,0.01032,0.00847,0.00319
41.14,29.38,202310,11.5,0.52,63.42,1.83,0.00669,0.0096,0.00655
41.14,29.38,202311,6.57,0.42,78.12,6.97,0.00382,0.01183,0.02496
41.14,29.38,202312,4.93,0.38,71.96,2.45,0.00287,0.01089,0.00877
41.14,29.41,202301,5.47,0.38,77.44,0.72,0.00318,0.01172,0.00258
41.14,29.41,202302,8.67,0.44,75.84,2.53,0.00504,0.01148,0.00906
41.14,29.41,202303,10.41,0.38,81.4,2.88,0.00606,0.01232,0.01031
41.14,29.41,202304,15.39,0.45,77.59,3.03,0.00895,0.01175,0.01085
41.14,29.41,202305,18.83,0.48,75.98,1.35,0.01095,0.0115,0.00483
41.14,29.41,202306,23.93,0.57,50.76,1.56,0.01392,0.00768,0.00559
41.14,29.41,202307,25.58,0.63,28.76,0.79,0.01488,0.00435,0.00283
41.14,29.41,202308,21.98,0.61,33.24,0.51,0.01279,0.00503,0.00183
41.14,29.41,202309,17.75,0.6,55.94,0.89,0.01032,0.00847,0.00319
41.14,29.41,202310,11.5,0.52,63.42,1.83,0.00669,0.0096,0.00655
41.14,29.41,202311,6.57,0.42,78.12,6.97,0.00382,0.01183,0.02496
41.14,29.41,202312,4.93,0.38,71.96,2.45,0.00287,0.01089,0.00877
41.14,29.44,202301,5.47,0.38,77.44,0.72,0.00318,0.01172,0.00258
41.14,29.44,202302,8.67,0.44,75.84,2.53,0.00504,0.01148,0.00906
41.14,29.44,202303,10.41,0.38,81.4,2.88,0.00606,0.01232,0.01031
41.14,29.44,202304,15.39,0.45,77.59,3.03,0.00895,0.01175,0.01085
41.14,29.44,202305,18.83,0.48,75.98,1.35,0.01095,0.0115,0.00483
41.14,29.44,202306,23.93,0.57,50.76,1.56,0.01392,0.00768,0.00559
41.14,29.44,202307,25.58,0.63,28.76,0.79,0.01488,0.00435,0.00283
41.14,29.44,202308,21.98,0.61,33.24,0.51,0.01279,0.00503,0.00183
41.14,29.44,202309,17.75,0.6,55.94,0.89,0.01032,0.00847,0.00319
41.14,29.44,202310,11.5,0.52,63.42,1.83,0.00669,0.0096,0.00655
41.14,29.44,202311,6.57,0.42,78.12,6.97,0.00382,0.01183,0.02496
41.14,29.44,202312,4.93,0.38,71.96,2.45,0.00287,0.01089,0.00877
41.14,29.47,202301,5.47,0.38,77.44,0.72,0.00318,0.01172,0.00258
41.14,29.47,202302,8.67,0.44,75.84,2.53,0.00504,0.01148,0.00906
41.14,29.47,202303,10.41,0.38,81.4,2.88,0.00606,0.01232,0.01031
41.14,29.47,202304,15.39,0.45,77.59,3.03,0.00895,0.01175,0.01085
41.14,29.47,202305,18.83,0.48,75.98,1.35,0.01095,0.0115,0.00483
41.14,29.47,202306,23.93,0.57,50.76,1.56,0.01392,0.00768,0.00559
41.14,29.47,202307,25.58,0.63,28.76,0.79,0.01488,0.00435,0.00283
41.14,29.47,202308,21.98,0.61,33.24,0.51,0.01279,0.00503,0.00183
41.14,29.47,202309,17.75,0.6,55.94,0.89,0.01032,0.00847,0.00319
41.14,29.47,202310,11.5,0.52,63.42,1.83,0.00669,0.0096,0.00655
41.14,29.47,202311,6.57,0.42,78.12,6.97,0.00382,0.01183,0.02496
41.14,29.47,202312,4.93,0.38,71.96,2.45,0.00287,0.01089,0.00877
41.14,29.5,202301,5.47,0.38,77.44,0.72,0.00318,0.01172,0.00258
41.14,29.5,202302,8.67,0.44,75.84,2.53,0.00504,0.01148,0.00906
41.14,29.5,202303,10.41,0.38,81.4,2.88,0.00606,0.01232,0.01031
41.14,29.5,202304,15.39,0.45,77.59,3.03,0.00895,0.01175,0.01085
41.14,29.5,202305,18.83,0.48,75.98,1.35,0.01095,0.0115,0.00483
41.14,29.5,202306,23.93,0.57,50.76,1.56,0.01392,0.00768,0.00559
41.14,29.5,202307,25.58,0.63,28.76,0.79,0.01488,0.00435,0.00283
41.14,29.5,202308,21.98,0.61,33.24,0.51,0.01279,0.00503,0.00183
41.14,29.5,202309,17.75,0.6,55.94,0.89,0.01032,0.00847,0.00319
41.14,29.5,202310,11.5,0.52,63.42,1.83,0.00669,0.0096,0.00655
41.14,29.5,202311,6.57,0.42,78.12,6.97,0.00382,0.01183,0.02496
41.14,29.5,202312,4.93,0.38,71.96,2.45,0.00287,0.01089,0.00877
41.14,29.53,202301,5.47,0.38,77.44,0.72,0.00318,0.01172,0.00258
41.14,29.53,202302,8.67,0.44,75.84,2.53,0.00504,0.01148,0.00906
41.14,29.53,202303,10.41,0.38,81.4,2.88,0.00606,0.01232,0.01031
41.14,29.53,202304,15.39,0.45,77.59,3.03,0.00895,0.01175,0.01085
41.14,29.53,202305,18.83,0.48,75.98,1.35,0.01095,0.0115,0.00483
41.14,29.53,202306,23.93,0.57,50.76,1.56,0.01392,0.00768,0.00559
41.14,29.53,202307,25.58,0.63,28.76,0.79,0.01488,0.00435,0.00283
41.14,29.53,202308,21.98,0.61,33.24,0.51,0.01279,0.00503,0.00183
41.14,29.53,202309,17.75,0.6,55.94,0.89,0.01032,0.00847,0.00319
41.14,29.53,202310,11.5,0.52,63.42,1.83,0.00669,0.0096,0.00655
41.14,29.53,202311,6.57,0.42,78.12,6.97,0.00382,0.01183,0.02496
41.14,29.53,202312,4.93,0.38,71.96,2.45,0.00287,0.01089,0.00877
41.14,29.56,202301,5.47,0.38,77.44,0.72,0.00318,0.01172,0.00258
41.14,29.56,202302,8.67,0.44,75.84,2.53,0.00504,0.01148,0.00906
41.14,29.56,202303,10.41,0.38,81.4,2.88,0.00606,0.01232,0.01031
41.14,29.56,202304,15.39,0.45,77.59,3.03,0.00895,0.01175,0.01085
41.14,29.56,202305,18.83,0.48,75.98,1.35,0.01095,0.0115,0.00483
41.14,29.56,202306,23.93,0.57,50.76,1.56,0.01392,0.00768,0.00559
41.14,29.56,202307,25.58,0.63,28.76,0.79,0.01488,0.00435,0.00283
41.14,29.56,202308,21.98,0.61,33.24,0.51,0.01279,0.00503,0.00183
41.14,29.56,202309,17.75,0.6,55.94,0.89,0.01032,0.00847,0.00319
41.14,29.56,202310,11.5,0.52,63.42,1.83,0.00669,0.0096,0.00655
41.14,29.56,202311,6.57,0.42,78.12,6.97,0.00382,0.01183,0.02496
41.14,29.56,202312,4.93,0.38,71.96,2.45,0.00287,0.01089,0.00877
41.14,29.59,202301,5.47,0.38,77.44,0.72,0.00318,0.01172,0.00258
41.14,29.59,202302,8.67,0.44,75.84,2.53,0.00504,0.01148,0.00906
41.14,29.59,202303,10.41,0.38,81.4,2.88,0.00606,0.01232,0.01031
41.14,29.59,202304,15.39,0.45,77.59,3.03,0.00895,0.01175,0.01085
41.14,29.59,202305,18.83,0.48,75.98,1.35,0.01095,0.0115,0.00483
41.14,29.59,202306,23.93,0.57,50.76,1.56,0.01392,0.00768,0.00559
41.14,29.59,202307,25.58,0.63,28.76,0.79,0.01488,0.00435,0.00283
41.14,29.59,202308,21.98,0.61,33.24,0.51,0.01279,0.00503,0.00183
41.14,29.59,202309,17.75,0.6,55.94,0.89,0.01032,0.00847,0.00319
41.14,29.59,202310,11.5,0.52,63.42,1.83,0.00669,0.0096,0.00655
41.14,29.59,202311,6.57,0.42,78.12,6.97,0.00382,0.01183,0.02496
41.14,29.59,202312,4.93,0.38,71.96,2.45,0.00287,0.01089,0.00877
41.14,29.62,202301,5.47,0.38,77.44,0.72,0.00318,0.01172,0.00258
41.14,29.62,202302,8.67,0.44,75.84,2.53,0.00504,0.01148,0.00906
41.14,29.62,202303,10.41,0.38,81.4,2.88,0.00606,0.01232,0.01031
41.14,29.62,202304,15.39,0.45,77.59,3.03,0.00895,0.01175,0.01085
41.14,29.62,202305,18.83,0.48,75.98,1.35,0.01095,0.0115,0.00483
41.14,29.62,202306,23.93,0.57,50.76,1.56,0.01392,0.00768,0.00559
41.14,29.62,202307,25.58,0.63,28.76,0.79,0.01488,0.00435,0.00283
41.14,29.62,202308,21.98,0.61,33.24,0.51,0.01279,0.00503,0.00183
41.14,29.62,202309,17.75,0.6,55.94,0.89,0.01032,0.00847,0.00319
41.14,29.62,202310,11.5,0.52,63.42,1.83,0.00669,0.0096,0.00655
41.14,29.62,202311,6.57,0.42,78.12,6.97,0.00382,0.01183,0.02496
41.14,29.62,202312,4.93,0.38,71.96,2.45,0.00287,0.01089,0.00877
41.14,29.65,202301,5.47,0.38,77.44,0.72,0.00318,0.01172,0.00258
41.14,29.65,202302,8.67,0.44,75.84,2.53,0.00504,0.01148,0.00906
41.14,29.65,202303,10.41,0.38,81.4,2.88,0.00606,0.01232,0.01031
41.14,29.65,202304,15.39,0.45,77.59,3.03,0.00895,0.01175,0.01085
41.14,29.65,202305,18.83,0.48,75.98,1.35,0.01095,0.0115,0.00483
41.14,29.65,202306,23.93,0.57,50.76,1.56,0.01392,0.00768,0.00559
41.14,29.65,202307,25.58,0.63,28.76,0.79,0.01488,0.00435,0.00283
41.14,29.65,202308,21.98,0.61,33.24,0.51,0.01279,0.00503,0.00183
41.14,29.65,202309,17.75,0.6,55.94,0.89,0.01032,0.00847,0.00319
41.14,29.65,202310,11.5,0.52,63.42,1.83,0.00669,0.0096,0.00655
41.14,29.65,202311,6.57,0.42,78.12,6.97,0.00382,0.01183,0.02496
41.14,29.65,202312,4.93,0.38,71.96,2.45,0.00287,0.01089,0.00877
41.14,29.68,202301,5.47,0.38,77.44,0.72,0.00318,0.01172,0.00258
41.14,29.68,202302,8.67,0.44,75.84,2.53,0.00504,0.01148,0.00906
41.14,29.68,202303,10.41,0.38,81.4,2.88,0.00606,0.01232,0.01031
41.14,29.68,202304,15.39,0.45,77.59,3.03,0.00895,0.01175,0.01085
41.14,29.68,202305,18.83,0.48,75.98,1.35,0.01095,0.0115,0.00483
41.14,29.68,202306,23.93,0.57,50.76,1.56,0.01392,0.00768,0.00559
41.14,29.68,202307,25.58,0.63,28.76,0.79,0.01488,0.00435,0.00283
41.14,29.68,202308,21.98,0.61,33.24,0.51,0.01279,0.00503,0.00183
41.14,29.68,202309,17.75,0.6,55.94,0.89,0.01032,0.00847,0.00319
41.14,29.68,202310,11.5,0.52,63.42,1.83,0.00669,0.0096,0.00655
41.14,29.68,202311,6.57,0.42,78.12,6.97,0.00382,0.01183,0.02496
41.14,29.68,202312,4.93,0.38,71.96,2.45,0.00287,0.01089,0.00877
41.14,29.71,202301,5.47,0.38,77.44,0.81,0.00318,0.01172,0.0029
41.14,29.71,202302,8.67,0.44,75.84,3.12,0.00504,0.01148,0.01117
41.14,29.71,202303,10.41,0.38,81.4,3.56,0.00606,0.01232,0.01275
41.14,29.71,202304,15.39,0.45,77.59,3.15,0.00895,0.01175,0.01128
41.14,29.71,202305,18.83,0.48,75.98,1.85,0.01095,0.0115,0.00663
41.14,29.71,202306,23.93,0.57,50.76,3.94,0.01392,0.00768,0.01411
41.14,29.71,202307,25.58,0.63,28.76,2.15,0.01488,0.00435,0.0077
41.14,29.71,202308,21.98,0.61,33.24,0.82,0.01279,0.00503,0.00294
41.14,29.71,202309,17.75,0.6,55.94,0.95,0.01032,0.00847,0.0034
41.14,29.71,202310,11.5,0.52,63.42,2.61,0.00669,0.0096,0.00935
41.14,29.71,202311,6.57,0.42,78.12,6.92,0.00382,0.01183,0.02478
41.14,29.71,202312,4.93,0.38,71.96,2.87,0.00287,0.01089,0.01028
41.14,29.74,202301,5.47,0.38,77.44,0.81,0.00318,0.01172,0.0029
41.14,29.74,202302,8.67,0.44,75.84,3.12,0.00504,0.01148,0.01117
41.14,29.74,202303,10.41,0.38,81.4,3.56,0.00606,0.01232,0.01275
41.14,29.74,202304,15.39,0.45,77.59,3.15,0.00895,0.01175,0.01128
41.14,29.74,202305,18.83,0.48,75.98,1.85,0.01095,0.0115,0.00663
41.14,29.74,202306,23.93,0.57,50.76,3.94,0.01392,0.00768,0.01411
41.14,29.74,202307,25.58,0.63,28.76,2.15,0.01488,0.00435,0.0077
41.14,29.74,202308,21.98,0.61,33.24,0.82,0.01279,0.00503,0.00294
41.14,29.74,202309,17.75,0.6,55.94,0.95,0.01032,0.00847,0.0034
41.14,29.74,202310,11.5,0.52,63.42,2.61,0.00669,0.0096,0.00935
41.14,29.74,202311,6.57,0.42,78.12,6.92,0.00382,0.01183,0.02478
41.14,29.74,202312,4.93,0.38,71.96,2.87,0.00287,0.01089,0.01028
41.14,29.77,202301,5.47,0.38,77.44,0.81,0.00318,0.01172,0.0029
41.14,29.77,202302,8.67,0.44,75.84,3.12,0.00504,0.01148,0.01117
41.14,29.77,202303,10.41,0.38,81.4,3.56,0.00606,0.01232,0.01275
41.14,29.77,202304,15.39,0.45,77.59,3.15,0.00895,0.01175,0.01128
41.14,29.77,202305,18.83,0.48,75.98,1.85,0.01095,0.0115,0.00663
41.14,29.77,202306,23.93,0.57,50.76,3.94,0.01392,0.00768,0.01411
41.14,29.77,202307,25.58,0.63,28.76,2.15,0.01488,0.00435,0.0077
41.14,29.77,202308,21.98,0.61,33.24,0.82,0.01279,0.00503,0.00294
41.14,29.77,202309,17.75,0.6,55.94,0.95,0.01032,0.00847,0.0034
41.14,29.77,202310,11.5,0.52,63.42,2.61,0.00669,0.0096,0.00935
41.14,29.77,202311,6.57,0.42,78.12,6.92,0.00382,0.01183,0.02478
41.14,29.77,202312,4.93,0.38,71.96,2.87,0.00287,0.01089,0.01028
41.14,29.8,202301,5.47,0.38,77.44,0.81,0.00318,0.01172,0.0029
41.14,29.8,202302,8.67,0.44,75.84,3.12,0.00504,0.01148,0.01117
41.14,29.8,202303,10.41,0.38,81.4,3.56,0.00606,0.01232,0.01275
41.14,29.8,202304,15.39,0.45,77.59,3.15,0.00895,0.01175,0.01128
41.14,29.8,202305,18.83,0.48,75.98,1.85,0.01095,0.0115,0.00663
41.14,29.8,202306,23.93,0.57,50.76,3.94,0.01392,0.00768,0.01411
41.14,29.8,202307,25.58,0.63,28.76,2.15,0.01488,0.00435,0.0077
41.14,29.8,202308,21.98,0.61,33.24,0.82,0.01279,0.00503,0.00294
41.14,29.8,202309,17.75,0.6,55.94,0.95,0.01032,0.00847,0.0034
41.14,29.8,202310,11.5,0.52,63.42,2.61,0.00669,0.0096,0.00935
41.14,29.8,202311,6.57,0.42,78.12,6.92,0.00382,0.01183,0.02478
41.14,29.8,202312,4.93,0.38,71.96,2.87,0.00287,0.01089,0.01028
41.14,29.86,202301,5.47,0.38,77.44,0.81,0.00318,0.01172,0.0029
41.14,29.86,202302,8.67,0.44,75.84,3.12,0.00504,0.01148,0.01117
41.14,29.86,202303,10.41,0.38,81.4,3.56,0.00606,0.01232,0.01275
41.14,29.86,202304,15.39,0.45,77.59,3.15,0.00895,0.01175,0.01128
41.14,29.86,202305,18.83,0.48,75.98,1.85,0.01095,0.0115,0.00663
41.14,29.86,202306,23.93,0.57,50.76,3.94,0.01392,0.00768,0.01411
41.14,29.86,202307,25.58,0.63,28.76,2.15,0.01488,0.00435,0.0077
41.14,29.86,202308,21.98,0.61,33.24,0.82,0.01279,0.00503,0.00294
41.14,29.86,202309,17.75,0.6,55.94,0.95,0.01032,0.00847,0.0034
41.14,29.86,202310,11.5,0.52,63.42,2.61,0.00669,0.0096,0.00935
41.14,29.86,202311,6.57,0.42,78.12,6.92,0.00382,0.01183,0.02478
41.14,29.86,202312,4.93,0.38,71.96,2.87,0.00287,0.01089,0.01028
41.14,29.89,202301,5.47,0.38,77.44,0.81,0.00318,0.01172,0.0029
41.14,29.89,202302,8.67,0.44,75.84,3.12,0.00504,0.01148,0.01117
41.14,29.89,202303,10.41,0.38,81.4,3.56,0.00606,0.01232,0.01275
41.14,29.89,202304,15.39,0.45,77.59,3.15,0.00895,0.01175,0.01128
41.14,29.89,202305,18.83,0.48,75.98,1.85,0.01095,0.0115,0.00663
41.14,29.89,202306,23.93,0.57,50.76,3.94,0.01392,0.00768,0.01411
41.14,29.89,202307,25.58,0.63,28.76,2.15,0.01488,0.00435,0.0077
41.14,29.89,202308,21.98,0.61,33.24,0.82,0.01279,0.00503,0.00294
41.14,29.89,202309,17.75,0.6,55.94,0.95,0.01032,0.00847,0.0034
41.14,29.89,202310,11.5,0.52,63.42,2.61,0.00669,0.0096,0.00935
41.14,29.89,202311,6.57,0.42,78.12,6.92,0.00382,0.01183,0.02478
41.14,29.89,202312,4.93,0.38,71.96,2.87,0.00287,0.01089,0.01028
41.16,28.0,202301,5.51,0.38,69.94,0.87,0.00321,0.01059,0.00312
41.16,28.0,202302,8.89,0.45,66.0,1.39,0.00517,0.00999,0.00498
41.16,28.0,202303,11.1,0.41,71.25,2.38,0.00646,0.01079,0.00852
41.16,28.0,202304,15.63,0.45,72.39,3.11,0.00909,0.01096,0.01114
41.16,28.0,202305,18.84,0.48,71.78,1.18,0.01096,0.01087,0.00423
41.16,28.0,202306,24.01,0.58,45.28,0.92,0.01397,0.00686,0.00329
41.16,28.0,202307,26.15,0.65,23.83,0.27,0.01521,0.00361,0.00097
41.16,28.0,202308,21.47,0.59,31.41,0.21,0.01249,0.00476,0.00075
41.16,28.0,202309,16.72,0.56,46.02,0.96,0.00973,0.00697,0.00344
41.16,28.0,202310,11.52,0.52,49.57,0.71,0.0067,0.0075,0.00254
41.16,28.0,202311,6.49,0.41,68.19,6.61,0.00378,0.01032,0.02367
41.16,28.0,202312,4.82,0.38,64.93,2.62,0.0028,0.00983,0.00938
41.16,28.03,202301,5.51,0.38,69.94,0.87,0.00321,0.01059,0.00312
41.16,28.03,202302,8.89,0.45,66.0,1.39,0.00517,0.00999,0.00498
41.16,28.03,202303,11.1,0.41,71.25,2.38,0.00646,0.01079,0.00852
41.16,28.03,202304,15.63,0.45,72.39,3.11,0.00909,0.01096,0.01114
41.16,28.03,202305,18.84,0.48,71.78,1.18,0.01096,0.01087,0.00423
41.16,28.03,202306,24.01,0.58,45.28,0.92,0.01397,0.00686,0.00329
41.16,28.03,202307,26.15,0.65,23.83,0.27,0.01521,0.00361,0.00097
41.16,28.03,202308,21.47,0.59,31.41,0.21,0.01249,0.00476,0.00075
41.16,28.03,202309,16.72,0.56,46.02,0.96,0.00973,0.00697,0.00344
41.16,28.03,202310,11.52,0.52,49.57,0.71,0.0067,0.0075,0.00254
41.16,28.03,202311,6.49,0.41,68.19,6.61,0.00378,0.01032,0.02367
41.16,28.03,202312,4.82,0.38,64.93,2.62,0.0028,0.00983,0.00938
41.16,28.06,202301,5.51,0.38,69.94,0.87,0.00321,0.01059,0.00312
41.16,28.06,202302,8.89,0.45,66.0,1.39,0.00517,0.00999,0.00498
41.16,28.06,202303,11.1,0.41,71.25,2.38,0.00646,0.01079,0.00852
41.16,28.06,202304,15.63,0.45,72.39,3.11,0.00909,0.01096,0.01114
41.16,28.06,202305,18.84,0.48,71.78,1.18,0.01096,0.01087,0.00423
41.16,28.06,202306,24.01,0.58,45.28,0.92,0.01397,0.00686,0.00329
41.16,28.06,202307,26.15,0.65,23.83,0.27,0.01521,0.00361,0.00097
41.16,28.06,202308,21.47,0.59,31.41,0.21,0.01249,0.00476,0.00075
41.16,28.06,202309,16.72,0.56,46.02,0.96,0.00973,0.00697,0.00344
41.16,28.06,202310,11.52,0.52,49.57,0.71,0.0067,0.0075,0.00254
41.16,28.06,202311,6.49,0.41,68.19,6.61,0.00378,0.01032,0.02367
41.16,28.06,202312,4.82,0.38,64.93,2.62,0.0028,0.00983,0.00938
41.16,28.09,202301,5.51,0.38,69.94,0.87,0.00321,0.01059,0.00312
41.16,28.09,202302,8.89,0.45,66.0,1.39,0.00517,0.00999,0.00498
41.16,28.09,202303,11.1,0.41,71.25,2.38,0.00646,0.01079,0.00852
41.16,28.09,202304,15.63,0.45,72.39,3.11,0.00909,0.01096,0.01114
41.16,28.09,202305,18.84,0.48,71.78,1.18,0.01096,0.01087,0.00423
41.16,28.09,202306,24.01,0.58,45.28,0.92,0.01397,0.00686,0.00329
41.16,28.09,202307,26.15,0.65,23.83,0.27,0.01521,0.00361,0.00097
41.16,28.09,202308,21.47,0.59,31.41,0.21,0.01249,0.00476,0.00075
41.16,28.09,202309,16.72,0.56,46.02,0.96,0.00973,0.00697,0.00344
41.16,28.09,202310,11.52,0.52,49.57,0.71,0.0067,0.0075,0.00254
41.16,28.09,202311,6.49,0.41,68.19,6.61,0.00378,0.01032,0.02367
41.16,28.09,202312,4.82,0.38,64.93,2.62,0.0028,0.00983,0.00938
41.16,28.12,202301,5.51,0.38,69.94,0.87,0.00321,0.01059,0.00312
41.16,28.12,202302,8.89,0.45,66.0,1.39,0.00517,0.00999,0.00498
41.16,28.12,202303,11.1,0.41,71.25,2.38,0.00646,0.01079,0.00852
41.16,28.12,202304,15.63,0.45,72.39,3.11,0.00909,0.01096,0.01114
41.16,28.12,202305,18.84,0.48,71.78,1.18,0.01096,0.01087,0.00423
41.16,28.12,202306,24.01,0.58,45.28,0.92,0.01397,0.00686,0.00329
41.16,28.12,202307,26.15,0.65,23.83,0.27,0.01521,0.00361,0.00097
41.16,28.12,202308,21.47,0.59,31.41,0.21,0.01249,0.00476,0.00075
41.16,28.12,202309,16.72,0.56,46.02,0.96,0.00973,0.00697,0.00344
41.16,28.12,202310,11.52,0.52,49.57,0.71,0.0067,0.0075,0.00254
41.16,28.12,202311,6.49,0.41,68.19,6.61,0.00378,0.01032,0.02367
41.16,28.12,202312,4.82,0.38,64.93,2.62,0.0028,0.00983,0.00938
41.16,28.15,202301,5.51,0.38,69.94,0.87,0.00321,0.01059,0.00312
41.16,28.15,202302,8.89,0.45,66.0,1.39,0.00517,0.00999,0.00498
41.16,28.15,202303,11.1,0.41,71.25,2.38,0.00646,0.01079,0.00852
41.16,28.15,202304,15.63,0.45,72.39,3.11,0.00909,0.01096,0.01114
41.16,28.15,202305,18.84,0.48,71.78,1.18,0.01096,0.01087,0.00423
41.16,28.15,202306,24.01,0.58,45.28,0.92,0.01397,0.00686,0.00329
41.16,28.15,202307,26.15,0.65,23.83,0.27,0.01521,0.00361,0.00097
41.16,28.15,202308,21.47,0.59,31.41,0.21,0.01249,0.00476,0.00075
41.16,28.15,202309,16.72,0.56,46.02,0.96,0.00973,0.00697,0.00344
41.16,28.15,202310,11.52,0.52,49.57,0.71,0.0067,0.0075,0.00254
41.16,28.15,202311,6.49,0.41,68.19,6.61,0.00378,0.01032,0.02367
41.16,28.15,202312,4.82,0.38,64.93,2.62,0.0028,0.00983,0.00938
41.16,28.18,202301,5.51,0.38,69.94,0.87,0.00321,0.01059,0.00312
41.16,28.18,202302,8.89,0.45,66.0,1.39,0.00517,0.00999,0.00498
41.16,28.18,202303,11.1,0.41,71.25,2.38,0.00646,0.01079,0.00852
41.16,28.18,202304,15.63,0.45,72.39,3.11,0.00909,0.01096,0.01114
41.16,28.18,202305,18.84,0.48,71.78,1.18,0.01096,0.01087,0.00423
41.16,28.18,202306,24.01,0.58,45.28,0.92,0.01397,0.00686,0.00329
41.16,28.18,202307,26.15,0.65,23.83,0.27,0.01521,0.00361,0.00097
41.16,28.18,202308,21.47,0.59,31.41,0.21,0.01249,0.00476,0.00075
41.16,28.18,202309,16.72,0.56,46.02,0.96,0.00973,0.00697,0.00344
41.16,28.18,202310,11.52,0.52,49.57,0.71,0.0067,0.0075,0.00254
41.16,28.18,202311,6.49,0.41,68.19,6.61,0.00378,0.01032,0.02367
41.16,28.18,202312,4.82,0.38,64.93,2.62,0.0028,0.00983,0.00938
41.16,28.21,202301,5.51,0.38,69.94,0.87,0.00321,0.01059,0.00312
41.16,28.21,202302,8.89,0.45,66.0,1.39,0.00517,0.00999,0.00498
41.16,28.21,202303,11.1,0.41,71.25,2.38,0.00646,0.01079,0.00852
41.16,28.21,202304,15.63,0.45,72.39,3.11,0.00909,0.01096,0.01114
41.16,28.21,202305,18.84,0.48,71.78,1.18,0.01096,0.01087,0.00423
41.16,28.21,202306,24.01,0.58,45.28,0.92,0.01397,0.00686,0.00329
41.16,28.21,202307,26.15,0.65,23.83,0.27,0.01521,0.00361,0.00097
41.16,28.21,202308,21.47,0.59,31.41,0.21,0.01249,0.00476,0.00075
41.16,28.21,202309,16.72,0.56,46.02,0.96,0.00973,0.00697,0.00344
41.16,28.21,202310,11.52,0.52,49.57,0.71,0.0067,0.0075,0.00254
41.16,28.21,202311,6.49,0.41,68.19,6.61,0.00378,0.01032,0.02367
41.16,28.21,202312,4.82,0.38,64.93,2.62,0.0028,0.00983,0.00938
41.16,28.24,202301,5.51,0.38,69.94,0.87,0.00321,0.01059,0.00312
41.16,28.24,202302,8.89,0.45,66.0,1.39,0.00517,0.00999,0.00498
41.16,28.24,202303,11.1,0.41,71.25,2.38,0.00646,0.01079,0.00852
41.16,28.24,202304,15.63,0.45,72.39,3.11,0.00909,0.01096,0.01114
41.16,28.24,202305,18.84,0.48,71.78,1.18,0.01096,0.01087,0.00423
41.16,28.24,202306,24.01,0.58,45.28,0.92,0.01397,0.00686,0.00329
41.16,28.24,202307,26.15,0.65,23.83,0.27,0.01521,0.00361,0.00097
41.16,28.24,202308,21.47,0.59,31.41,0.21,0.01249,0.00476,0.00075
41.16,28.24,202309,16.72,0.56,46.02,0.96,0.00973,0.00697,0.00344
41.16,28.24,202310,11.52,0.52,49.57,0.71,0.0067,0.0075,0.00254
41.16,28.24,202311,6.49,0.41,68.19,6.61,0.00378,0.01032,0.02367
41.16,28.24,202312,4.82,0.38,64.93,2.62,0.0028,0.00983,0.00938
41.16,28.27,202301,5.51,0.38,69.94,0.87,0.00321,0.01059,0.00312
41.16,28.27,202302,8.89,0.45,66.0,1.39,0.00517,0.00999,0.00498
41.16,28.27,202303,11.1,0.41,71.25,2.38,0.00646,0.01079,0.00852
41.16,28.27,202304,15.63,0.45,72.39,3.11,0.00909,0.01096,0.01114
41.16,28.27,202305,18.84,0.48,71.78,1.18,0.01096,0.01087,0.00423
41.16,28.27,202306,24.01,0.58,45.28,0.92,0.01397,0.00686,0.00329
41.16,28.27,202307,26.15,0.65,23.83,0.27,0.01521,0.00361,0.00097
41.16,28.27,202308,21.47,0.59,31.41,0.21,0.01249,0.00476,0.00075
41.16,28.27,202309,16.72,0.56,46.02,0.96,0.00973,0.00697,0.00344
41.16,28.27,202310,11.52,0.52,49.57,0.71,0.0067,0.0075,0.00254
41.16,28.27,202311,6.49,0.41,68.19,6.61,0.00378,0.01032,0.02367
41.16,28.27,202312,4.82,0.38,64.93,2.62,0.0028,0.00983,0.00938
41.16,28.3,202301,5.51,0.38,69.94,0.87,0.00321,0.01059,0.00312
41.16,28.3,202302,8.89,0.45,66.0,1.39,0.00517,0.00999,0.00498
41.16,28.3,202303,11.1,0.41,71.25,2.38,0.00646,0.01079,0.00852
41.16,28.3,202304,15.63,0.45,72.39,3.11,0.00909,0.01096,0.01114
41.16,28.3,202305,18.84,0.48,71.78,1.18,0.01096,0.01087,0.00423
41.16,28.3,202306,24.01,0.58,45.28,0.92,0.01397,0.00686,0.00329
41.16,28.3,202307,26.15,0.65,23.83,0.27,0.01521,0.00361,0.00097
41.16,28.3,202308,21.47,0.59,31.41,0.21,0.01249,0.00476,0.00075
41.16,28.3,202309,16.72,0.56,46.02,0.96,0.00973,0.00697,0.00344
41.16,28.3,202310,11.52,0.52,49.57,0.71,0.0067,0.0075,0.00254
41.16,28.3,202311,6.49,0.41,68.19,6.61,0.00378,0.01032,0.02367
41.16,28.3,202312,4.82,0.38,64.93,2.62,0.0028,0.00983,0.00938
41.16,28.33,202301,5.51,0.38,69.94,0.87,0.00321,0.01059,0.00312
41.16,28.33,202302,8.89,0.45,66.0,1.39,0.00517,0.00999,0.00498
41.16,28.33,202303,11.1,0.41,71.25,2.38,0.00646,0.01079,0.00852
41.16,28.33,202304,15.63,0.45,72.39,3.11,0.00909,0.01096,0.01114
41.16,28.33,202305,18.84,0.48,71.78,1.18,0.01096,0.01087,0.00423
41.16,28.33,202306,24.01,0.58,45.28,0.92,0.01397,0.00686,0.00329
41.16,28.33,202307,26.15,0.65,23.83,0.27,0.01521,0.00361,0.00097
41.16,28.33,202308,21.47,0.59,31.41,0.21,0.01249,0.00476,0.00075
41.16,28.33,202309,16.72,0.56,46.02,0.96,0.00973,0.00697,0.00344
41.16,28.33,202310,11.52,0.52,49.57,0.71,0.0067,0.0075,0.00254
41.16,28.33,202311,6.49,0.41,68.19,6.61,0.00378,0.01032,0.02367
41.16,28.33,202312,4.82,0.38,64.93,2.62,0.0028,0.00983,0.00938
41.16,28.36,202301,5.51,0.38,69.94,0.87,0.00321,0.01059,0.00312
41.16,28.36,202302,8.89,0.45,66.0,1.39,0.00517,0.00999,0.00498
41.16,28.36,202303,11.1,0.41,71.25,2.38,0.00646,0.01079,0.00852
41.16,28.36,202304,15.63,0.45,72.39,3.11,0.00909,0.01096,0.01114
41.16,28.36,202305,18.84,0.48,71.78,1.18,0.01096,0.01087,0.00423
41.16,28.36,202306,24.01,0.58,45.28,0.92,0.01397,0.00686,0.00329
41.16,28.36,202307,26.15,0.65,23.83,0.27,0.01521,0.00361,0.00097
41.16,28.36,202308,21.47,0.59,31.41,0.21,0.01249,0.00476,0.00075
41.16,28.36,202309,16.72,0.56,46.02,0.96,0.00973,0.00697,0.00344
41.16,28.36,202310,11.52,0.52,49.57,0.71,0.0067,0.0075,0.00254
41.16,28.36,202311,6.49,0.41,68.19,6.61,0.00378,0.01032,0.02367
41.16,28.36,202312,4.82,0.38,64.93,2.62,0.0028,0.00983,0.00938
41.16,28.39,202301,5.51,0.38,69.94,0.87,0.00321,0.01059,0.00312
41.16,28.39,202302,8.89,0.45,66.0,1.39,0.00517,0.00999,0.00498
41.16,28.39,202303,11.1,0.41,71.25,2.38,0.00646,0.01079,0.00852
41.16,28.39,202304,15.63,0.45,72.39,3.11,0.00909,0.01096,0.01114
41.16,28.39,202305,18.84,0.48,71.78,1.18,0.01096,0.01087,0.00423
41.16,28.39,202306,24.01,0.58,45.28,0.92,0.01397,0.00686,0.00329
41.16,28.39,202307,26.15,0.65,23.83,0.27,0.01521,0.00361,0.00097
41.16,28.39,202308,21.47,0.59,31.41,0.21,0.01249,0.00476,0.00075
41.16,28.39,202309,16.72,0.56,46.02,0.96,0.00973,0.00697,0.00344
41.16,28.39,202310,11.52,0.52,49.57,0.71,0.0067,0.0075,0.00254
41.16,28.39,202311,6.49,0.41,68.19,6.61,0.00378,0.01032,0.02367
41.16,28.39,202312,4.82,0.38,64.93,2.62,0.0028,0.00983,0.00938
41.16,28.42,202301,5.51,0.38,69.94,0.87,0.00321,0.01059,0.00312
41.16,28.42,202302,8.89,0.45,66.0,1.39,0.00517,0.00999,0.00498
41.16,28.42,202303,11.1,0.41,71.25,2.38,0.00646,0.01079,0.00852
41.16,28.42,202304,15.63,0.45,72.39,3.11,0.00909,0.01096,0.01114
41.16,28.42,202305,18.84,0.48,71.78,1.18,0.01096,0.01087,0.00423
41.16,28.42,202306,24.01,0.58,45.28,0.92,0.01397,0.00686,0.00329
41.16,28.42,202307,26.15,0.65,23.83,0.27,0.01521,0.00361,0.00097
41.16,28.42,202308,21.47,0.59,31.41,0.21,0.01249,0.00476,0.00075
41.16,28.42,202309,16.72,0.56,46.02,0.96,0.00973,0.00697,0.00344
41.16,28.42,202310,11.52,0.52,49.57,0.71,0.0067,0.0075,0.00254
41.16,28.42,202311,6.49,0.41,68.19,6.61,0.00378,0.01032,0.02367
41.16,28.42,202312,4.82,0.38,64.93,2.62,0.0028,0.00983,0.00938
41.16,28.45,202301,5.51,0.38,69.94,0.72,0.00321,0.01059,0.00258
41.16,28.45,202302,8.89,0.45,66.0,1.83,0.00517,0.00999,0.00655
41.16,28.45,202303,11.1,0.41,71.25,2.49,0.00646,0.01079,0.00892
41.16,28.45,202304,15.63,0.45,72.39,3.07,0.00909,0.01096,0.01099
41.16,28.45,202305,18.84,0.48,71.78,1.24,0.01096,0.01087,0.00444
41.16,28.45,202306,24.01,0.58,45.28,0.86,0.01397,0.00686,0.00308
41.16,28.45,202307,26.15,0.65,23.83,0.33,0.01521,0.00361,0.00118
41.16,28.45,202308,21.47,0.59,31.41,0.3,0.01249,0.00476,0.00107
41.16,28.45,202309,16.72,0.56,46.02,0.71,0.00973,0.00697,0.00254
41.16,28.45,202310,11.52,0.52,49.57,1.15,0.0067,0.0075,0.00412
41.16,28.45,202311,6.49,0.41,68.19,6.37,0.00378,0.01032,0.02281
41.16,28.45,202312,4.82,0.38,64.93,2.3,0.0028,0.00983,0.00824
41.16,28.48,202301,5.51,0.38,69.94,0.72,0.00321,0.01059,0.00258
41.16,28.48,202302,8.89,0.45,66.0,1.83,0.00517,0.00999,0.00655
41.16,28.48,202303,11.1,0.41,71.25,2.49,0.00646,0.01079,0.00892
41.16,28.48,202304,15.63,0.45,72.39,3.07,0.00909,0.01096,0.01099
41.16,28.48,202305,18.84,0.48,71.78,1.24,0.01096,0.01087,0.00444
41.16,28.48,202306,24.01,0.58,45.28,0.86,0.01397,0.00686,0.00308
41.16,28.48,202307,26.15,0.65,23.83,0.33,0.01521,0.00361,0.00118
41.16,28.48,202308,21.47,0.59,31.41,0.3,0.01249,0.00476,0.00107
41.16,28.48,202309,16.72,0.56,46.02,0.71,0.00973,0.00697,0.00254
41.16,28.48,202310,11.52,0.52,49.57,1.15,0.0067,0.0075,0.00412
41.16,28.48,202311,6.49,0.41,68.19,6.37,0.00378,0.01032,0.02281
41.16,28.48,202312,4.82,0.38,64.93,2.3,0.0028,0.00983,0.00824
41.16,28.51,202301,5.51,0.38,69.94,0.72,0.00321,0.01059,0.00258
41.16,28.51,202302,8.89,0.45,66.0,1.83,0.00517,0.00999,0.00655
41.16,28.51,202303,11.1,0.41,71.25,2.49,0.00646,0.01079,0.00892
41.16,28.51,202304,15.63,0.45,72.39,3.07,0.00909,0.01096,0.01099
41.16,28.51,202305,18.84,0.48,71.78,1.24,0.01096,0.01087,0.00444
41.16,28.51,202306,24.01,0.58,45.28,0.86,0.01397,0.00686,0.00308
41.16,28.51,202307,26.15,0.65,23.83,0.33,0.01521,0.00361,0.00118
41.16,28.51,202308,21.47,0.59,31.41,0.3,0.01249,0.00476,0.00107
41.16,28.51,202309,16.72,0.56,46.02,0.71,0.00973,0.00697,0.00254
41.16,28.51,202310,11.52,0.52,49.57,1.15,0.0067,0.0075,0.00412
41.16,28.51,202311,6.49,0.41,68.19,6.37,0.00378,0.01032,0.02281
41.16,28.51,202312,4.82,0.38,64.93,2.3,0.0028,0.00983,0.00824
41.16,28.54,202301,5.51,0.38,69.94,0.72,0.00321,0.01059,0.00258
41.16,28.54,202302,8.89,0.45,66.0,1.83,0.00517,0.00999,0.00655
41.16,28.54,202303,11.1,0.41,71.25,2.49,0.00646,0.01079,0.00892
41.16,28.54,202304,15.63,0.45,72.39,3.07,0.00909,0.01096,0.01099
41.16,28.54,202305,18.84,0.48,71.78,1.24,0.01096,0.01087,0.00444
41.16,28.54,202306,24.01,0.58,45.28,0.86,0.01397,0.00686,0.00308
41.16,28.54,202307,26.15,0.65,23.83,0.33,0.01521,0.00361,0.00118
41.16,28.54,202308,21.47,0.59,31.41,0.3,0.01249,0.00476,0.00107
41.16,28.54,202309,16.72,0.56,46.02,0.71,0.00973,0.00697,0.00254
41.16,28.54,202310,11.52,0.52,49.57,1.15,0.0067,0.0075,0.00412
41.16,28.54,202311,6.49,0.41,68.19,6.37,0.00378,0.01032,0.02281
41.16,28.54,202312,4.82,0.38,64.93,2.3,0.0028,0.00983,0.00824
41.16,28.57,202301,5.51,0.38,69.94,0.72,0.00321,0.01059,0.00258
41.16,28.57,202302,8.89,0.45,66.0,1.83,0.00517,0.00999,0.00655
41.16,28.57,202303,11.1,0.41,71.25,2.49,0.00646,0.01079,0.00892
41.16,28.57,202304,15.63,0.45,72.39,3.07,0.00909,0.01096,0.01099
41.16,28.57,202305,18.84,0.48,71.78,1.24,0.01096,0.01087,0.00444
41.16,28.57,202306,24.01,0.58,45.28,0.86,0.01397,0.00686,0.00308
41.16,28.57,202307,26.15,0.65,23.83,0.33,0.01521,0.00361,0.00118
41.16,28.57,202308,21.47,0.59,31.41,0.3,0.01249,0.00476,0.00107
41.16,28.57,202309,16.72,0.56,46.02,0.71,0.00973,0.00697,0.00254
41.16,28.57,202310,11.52,0.52,49.57,1.15,0.0067,0.0075,0.00412
41.16,28.57,202311,6.49,0.41,68.19,6.37,0.00378,0.01032,0.02281
41.16,28.57,202312,4.82,0.38,64.93,2.3,0.0028,0.00983,0.00824
41.16,28.6,202301,5.51,0.38,69.94,0.72,0.00321,0.01059,0.00258
41.16,28.6,202302,8.89,0.45,66.0,1.83,0.00517,0.00999,0.00655
41.16,28.6,202303,11.1,0.41,71.25,2.49,0.00646,0.01079,0.00892
41.16,28.6,202304,15.63,0.45,72.39,3.07,0.00909,0.01096,0.01099
41.16,28.6,202305,18.84,0.48,71.78,1.24,0.01096,0.01087,0.00444
41.16,28.6,202306,24.01,0.58,45.28,0.86,0.01397,0.00686,0.00308
41.16,28.6,202307,26.15,0.65,23.83,0.33,0.01521,0.00361,0.00118
41.16,28.6,202308,21.47,0.59,31.41,0.3,0.01249,0.00476,0.00107
41.16,28.6,202309,16.72,0.56,46.02,0.71,0.00973,0.00697,0.00254
41.16,28.6,202310,11.52,0.52,49.57,1.15,0.0067,0.0075,0.00412
41.16,28.6,202311,6.49,0.41,68.19,6.37,0.00378,0.01032,0.02281
41.16,28.6,202312,4.82,0.38,64.93,2.3,0.0028,0.00983,0.00824
41.16,28.63,202301,5.51,0.38,69.94,0.72,0.00321,0.01059,0.00258
41.16,28.63,202302,8.89,0.45,66.0,1.83,0.00517,0.00999,0.00655
41.16,28.63,202303,11.1,0.41,71.25,2.49,0.00646,0.01079,0.00892
41.16,28.63,202304,15.63,0.45,72.39,3.07,0.00909,0.01096,0.01099
41.16,28.63,202305,18.84,0.48,71.78,1.24,0.01096,0.01087,0.00444
41.16,28.63,202306,24.01,0.58,45.28,0.86,0.01397,0.00686,0.00308
41.16,28.63,202307,26.15,0.65,23.83,0.33,0.01521,0.00361,0.00118
41.16,28.63,202308,21.47,0.59,31.41,0.3,0.01249,0.00476,0.00107
41.16,28.63,202309,16.72,0.56,46.02,0.71,0.00973,0.00697,0.00254
41.16,28.63,202310,11.52,0.52,49.57,1.15,0.0067,0.0075,0.00412
41.16,28.63,202311,6.49,0.41,68.19,6.37,0.00378,0.01032,0.02281
41.16,28.63,202312,4.82,0.38,64.93,2.3,0.0028,0.00983,0.00824
41.16,28.66,202301,5.51,0.38,69.94,0.72,0.00321,0.01059,0.00258
41.16,28.66,202302,8.89,0.45,66.0,1.83,0.00517,0.00999,0.00655
41.16,28.66,202303,11.1,0.41,71.25,2.49,0.00646,0.01079,0.00892
41.16,28.66,202304,15.63,0.45,72.39,3.07,0.00909,0.01096,0.01099
41.16,28.66,202305,18.84,0.48,71.78,1.24,0.01096,0.01087,0.00444
41.16,28.66,202306,24.01,0.58,45.28,0.86,0.01397,0.00686,0.00308
41.16,28.66,202307,26.15,0.65,23.83,0.33,0.01521,0.00361,0.00118
41.16,28.66,202308,21.47,0.59,31.41,0.3,0.01249,0.00476,0.00107
41.16,28.66,202309,16.72,0.56,46.02,0.71,0.00973,0.00697,0.00254
41.16,28.66,202310,11.52,0.52,49.57,1.15,0.0067,0.0075,0.00412
41.16,28.66,202311,6.49,0.41,68.19,6.37,0.00378,0.01032,0.02281
41.16,28.66,202312,4.82,0.38,64.93,2.3,0.0028,0.00983,0.00824
41.16,28.69,202301,5.51,0.38,69.94,0.72,0.00321,0.01059,0.00258
41.16,28.69,202302,8.89,0.45,66.0,1.83,0.00517,0.00999,0.00655
41.16,28.69,202303,11.1,0.41,71.25,2.49,0.00646,0.01079,0.00892
41.16,28.69,202304,15.63,0.45,72.39,3.07,0.00909,0.01096,0.01099
41.16,28.69,202305,18.84,0.48,71.78,1.24,0.01096,0.01087,0.00444
41.16,28.69,202306,24.01,0.58,45.28,0.86,0.01397,0.00686,0.00308
41.16,28.69,202307,26.15,0.65,23.83,0.33,0.01521,0.00361,0.00118
41.16,28.69,202308,21.47,0.59,31.41,0.3,0.01249,0.00476,0.00107
41.16,28.69,202309,16.72,0.56,46.02,0.71,0.00973,0.00697,0.00254
41.16,28.69,202310,11.52,0.52,49.57,1.15,0.0067,0.0075,0.00412
41.16,28.69,202311,6.49,0.41,68.19,6.37,0.00378,0.01032,0.02281
41.16,28.69,202312,4.82,0.38,64.93,2.3,0.0028,0.00983,0.00824
41.16,28.72,202301,5.51,0.38,69.94,0.72,0.00321,0.01059,0.00258
41.16,28.72,202302,8.89,0.45,66.0,1.83,0.00517,0.00999,0.00655
41.16,28.72,202303,11.1,0.41,71.25,2.49,0.00646,0.01079,0.00892
41.16,28.72,202304,15.63,0.45,72.39,3.07,0.00909,0.01096,0.01099
41.16,28.72,202305,18.84,0.48,71.78,1.24,0.01096,0.01087,0.00444
41.16,28.72,202306,24.01,0.58,45.28,0.86,0.01397,0.00686,0.00308
41.16,28.72,202307,26.15,0.65,23.83,0.33,0.01521,0.00361,0.00118
41.16,28.72,202308,21.47,0.59,31.41,0.3,0.01249,0.00476,0.00107
41.16,28.72,202309,16.72,0.56,46.02,0.71,0.00973,0.00697,0.00254
41.16,28.72,202310,11.52,0.52,49.57,1.15,0.0067,0.0075,0.00412
41.16,28.72,202311,6.49,0.41,68.19,6.37,0.00378,0.01032,0.02281
41.16,28.72,202312,4.82,0.38,64.93,2.3,0.0028,0.00983,0.00824
41.16,28.75,202301,5.51,0.38,69.94,0.72,0.00321,0.01059,0.00258
41.16,28.75,202302,8.89,0.45,66.0,1.83,0.00517,0.00999,0.00655
41.16,28.75,202303,11.1,0.41,71.25,2.49,0.00646,0.01079,0.00892
41.16,28.75,202304,15.63,0.45,72.39,3.07,0.00909,0.01096,0.01099
41.16,28.75,202305,18.84,0.48,71.78,1.24,0.01096,0.01087,0.00444
41.16,28.75,202306,24.01,0.58,45.28,0.86,0.01397,0.00686,0.00308
41.16,28.75,202307,26.15,0.65,23.83,0.33,0.01521,0.00361,0.00118
41.16,28.75,202308,21.47,0.59,31.41,0.3,0.01249,0.00476,0.00107
41.16,28.75,202309,16.72,0.56,46.02,0.71,0.00973,0.00697,0.00254
41.16,28.75,202310,11.52,0.52,49.57,1.15,0.0067,0.0075,0.00412
41.16,28.75,202311,6.49,0.41,68.19,6.37,0.00378,0.01032,0.02281
41.16,28.75,202312,4.82,0.38,64.93,2.3,0.0028,0.00983,0.00824
41.16,28.78,202301,5.51,0.38,69.94,0.72,0.00321,0.01059,0.00258
41.16,28.78,202302,8.89,0.45,66.0,1.83,0.00517,0.00999,0.00655
41.16,28.78,202303,11.1,0.41,71.25,2.49,0.00646,0.01079,0.00892
41.16,28.78,202304,15.63,0.45,72.39,3.07,0.00909,0.01096,0.01099
41.16,28.78,202305,18.84,0.48,71.78,1.24,0.01096,0.01087,0.00444
41.16,28.78,202306,24.01,0.58,45.28,0.86,0.01397,0.00686,0.00308
41.16,28.78,202307,26.15,0.65,23.83,0.33,0.01521,0.00361,0.00118
41.16,28.78,202308,21.47,0.59,31.41,0.3,0.01249,0.00476,0.00107
41.16,28.78,202309,16.72,0.56,46.02,0.71,0.00973,0.00697,0.00254
41.16,28.78,202310,11.52,0.52,49.57,1.15,0.0067,0.0075,0.00412
41.16,28.78,202311,6.49,0.41,68.19,6.37,0.00378,0.01032,0.02281
41.16,28.78,202312,4.82,0.38,64.93,2.3,0.0028,0.00983,0.00824
41.16,28.81,202301,5.51,0.38,69.94,0.72,0.00321,0.01059,0.00258
41.16,28.81,202302,8.89,0.45,66.0,1.83,0.00517,0.00999,0.00655
41.16,28.81,202303,11.1,0.41,71.25,2.49,0.00646,0.01079,0.00892
41.16,28.81,202304,15.63,0.45,72.39,3.07,0.00909,0.01096,0.01099
41.16,28.81,202305,18.84,0.48,71.78,1.24,0.01096,0.01087,0.00444
41.16,28.81,202306,24.01,0.58,45.28,0.86,0.01397,0.00686,0.00308
41.16,28.81,202307,26.15,0.65,23.83,0.33,0.01521,0.00361,0.00118
41.16,28.81,202308,21.47,0.59,31.41,0.3,0.01249,0.00476,0.00107
41.16,28.81,202309,16.72,0.56,46.02,0.71,0.00973,0.00697,0.00254
41.16,28.81,202310,11.52,0.52,49.57,1.15,0.0067,0.0075,0.00412
41.16,28.81,202311,6.49,0.41,68.19,6.37,0.00378,0.01032,0.02281
41.16,28.81,202312,4.82,0.38,64.93,2.3,0.0028,0.00983,0.00824
41.16,28.84,202301,5.51,0.38,69.94,0.72,0.00321,0.01059,0.00258
41.16,28.84,202302,8.89,0.45,66.0,1.83,0.00517,0.00999,0.00655
41.16,28.84,202303,11.1,0.41,71.25,2.49,0.00646,0.01079,0.00892
41.16,28.84,202304,15.63,0.45,72.39,3.07,0.00909,0.01096,0.01099
41.16,28.84,202305,18.84,0.48,71.78,1.24,0.01096,0.01087,0.00444
41.16,28.84,202306,24.01,0.58,45.28,0.86,0.01397,0.00686,0.00308
41.16,28.84,202307,26.15,0.65,23.83,0.33,0.01521,0.00361,0.00118
41.16,28.84,202308,21.47,0.59,31.41,0.3,0.01249,0.00476,0.00107
41.16,28.84,202309,16.72,0.56,46.02,0.71,0.00973,0.00697,0.00254
41.16,28.84,202310,11.52,0.52,49.57,1.15,0.0067,0.0075,0.00412
41.16,28.84,202311,6.49,0.41,68.19,6.37,0.00378,0.01032,0.02281
41.16,28.84,202312,4.82,0.38,64.93,2.3,0.0028,0.00983,0.00824
41.16,28.87,202301,5.51,0.38,69.94,0.72,0.00321,0.01059,0.00258
41.16,28.87,202302,8.89,0.45,66.0,1.83,0.00517,0.00999,0.00655
41.16,28.87,202303,11.1,0.41,71.25,2.49,0.00646,0.01079,0.00892
41.16,28.87,202304,15.63,0.45,72.39,3.07,0.00909,0.01096,0.01099
41.16,28.87,202305,18.84,0.48,71.78,1.24,0.01096,0.01087,0.00444
41.16,28.87,202306,24.01,0.58,45.28,0.86,0.01397,0.00686,0.00308
41.16,28.87,202307,26.15,0.65,23.83,0.33,0.01521,0.00361,0.00118
41.16,28.87,202308,21.47,0.59,31.41,0.3,0.01249,0.00476,0.00107
41.16,28.87,202309,16.72,0.56,46.02,0.71,0.00973,0.00697,0.00254
41.16,28.87,202310,11.52,0.52,49.57,1.15,0.0067,0.0075,0.00412
41.16,28.87,202311,6.49,0.41,68.19,6.37,0.00378,0.01032,0.02281
41.16,28.87,202312,4.82,0.38,64.93,2.3,0.0028,0.00983,0.00824
41.16,28.9,202301,5.51,0.38,69.94,0.72,0.00321,0.01059,0.00258
41.16,28.9,202302,8.89,0.45,66.0,1.83,0.00517,0.00999,0.00655
41.16,28.9,202303,11.1,0.41,71.25,2.49,0.00646,0.01079,0.00892
41.16,28.9,202304,15.63,0.45,72.39,3.07,0.00909,0.01096,0.01099
41.16,28.9,202305,18.84,0.48,71.78,1.24,0.01096,0.01087,0.00444
41.16,28.9,202306,24.01,0.58,45.28,0.86,0.01397,0.00686,0.00308
41.16,28.9,202307,26.15,0.65,23.83,0.33,0.01521,0.00361,0.00118
41.16,28.9,202308,21.47,0.59,31.41,0.3,0.01249,0.00476,0.00107
41.16,28.9,202309,16.72,0.56,46.02,0.71,0.00973,0.00697,0.00254
41.16,28.9,202310,11.52,0.52,49.57,1.15,0.0067,0.0075,0.00412
41.16,28.9,202311,6.49,0.41,68.19,6.37,0.00378,0.01032,0.02281
41.16,28.9,202312,4.82,0.38,64.93,2.3,0.0028,0.00983,0.00824
41.16,28.93,202301,5.51,0.38,69.94,0.72,0.00321,0.01059,0.00258
41.16,28.93,202302,8.89,0.45,66.0,1.83,0.00517,0.00999,0.00655
41.16,28.93,202303,11.1,0.41,71.25,2.49,0.00646,0.01079,0.00892
41.16,28.93,202304,15.63,0.45,72.39,3.07,0.00909,0.01096,0.01099
41.16,28.93,202305,18.84,0.48,71.78,1.24,0.01096,0.01087,0.00444
41.16,28.93,202306,24.01,0.58,45.28,0.86,0.01397,0.00686,0.00308
41.16,28.93,202307,26.15,0.65,23.83,0.33,0.01521,0.00361,0.00118
41.16,28.93,202308,21.47,0.59,31.41,0.3,0.01249,0.00476,0.00107
41.16,28.93,202309,16.72,0.56,46.02,0.71,0.00973,0.00697,0.00254
41.16,28.93,202310,11.52,0.52,49.57,1.15,0.0067,0.0075,0.00412
41.16,28.93,202311,6.49,0.41,68.19,6.37,0.00378,0.01032,0.02281
41.16,28.93,202312,4.82,0.38,64.93,2.3,0.0028,0.00983,0.00824
41.16,28.96,202301,5.51,0.38,69.94,0.72,0.00321,0.01059,0.00258
41.16,28.96,202302,8.89,0.45,66.0,1.83,0.00517,0.00999,0.00655
41.16,28.96,202303,11.1,0.41,71.25,2.49,0.00646,0.01079,0.00892
41.16,28.96,202304,15.63,0.45,72.39,3.07,0.00909,0.01096,0.01099
41.16,28.96,202305,18.84,0.48,71.78,1.24,0.01096,0.01087,0.00444
41.16,28.96,202306,24.01,0.58,45.28,0.86,0.01397,0.00686,0.00308
41.16,28.96,202307,26.15,0.65,23.83,0.33,0.01521,0.00361,0.00118
41.16,28.96,202308,21.47,0.59,31.41,0.3,0.01249,0.00476,0.00107
41.16,28.96,202309,16.72,0.56,46.02,0.71,0.00973,0.00697,0.00254
41.16,28.96,202310,11.52,0.52,49.57,1.15,0.0067,0.0075,0.00412
41.16,28.96,202311,6.49,0.41,68.19,6.37,0.00378,0.01032,0.02281
41.16,28.96,202312,4.82,0.38,64.93,2.3,0.0028,0.00983,0.00824
41.16,28.99,202301,5.51,0.38,69.94,0.72,0.00321,0.01059,0.00258
41.16,28.99,202302,8.89,0.45,66.0,1.83,0.00517,0.00999,0.00655
41.16,28.99,202303,11.1,0.41,71.25,2.49,0.00646,0.01079,0.00892
41.16,28.99,202304,15.63,0.45,72.39,3.07,0.00909,0.01096,0.01099
41.16,28.99,202305,18.84,0.48,71.78,1.24,0.01096,0.01087,0.00444
41.16,28.99,202306,24.01,0.58,45.28,0.86,0.01397,0.00686,0.00308
41.16,28.99,202307,26.15,0.65,23.83,0.33,0.01521,0.00361,0.00118
41.16,28.99,202308,21.47,0.59,31.41,0.3,0.01249,0.00476,0.00107
41.16,28.99,202309,16.72,0.56,46.02,0.71,0.00973,0.00697,0.00254
41.16,28.99,202310,11.52,0.52,49.57,1.15,0.0067,0.0075,0.00412
41.16,28.99,202311,6.49,0.41,68.19,6.37,0.00378,0.01032,0.02281
41.16,28.99,202312,4.82,0.38,64.93,2.3,0.0028,0.00983,0.00824
41.16,29.02,202301,5.47,0.38,77.44,0.72,0.00318,0.01172,0.00258
41.16,29.02,202302,8.67,0.44,75.84,1.83,0.00504,0.01148,0.00655
41.16,29.02,202303,10.41,0.38,81.4,2.49,0.00606,0.01232,0.00892
41.16,29.02,202304,15.39,0.45,77.59,3.07,0.00895,0.01175,0.01099
41.16,29.02,202305,18.83,0.48,75.98,1.24,0.01095,0.0115,0.00444
41.16,29.02,202306,23.93,0.57,50.76,0.86,0.01392,0.00768,0.00308
41.16,29.02,202307,25.58,0.63,28.76,0.33,0.01488,0.00435,0.00118
41.16,29.02,202308,21.98,0.61,33.24,0.3,0.01279,0.00503,0.00107
41.16,29.02,202309,17.75,0.6,55.94,0.71,0.01032,0.00847,0.00254
41.16,29.02,202310,11.5,0.52,63.42,1.15,0.00669,0.0096,0.00412
41.16,29.02,202311,6.57,0.42,78.12,6.37,0.00382,0.01183,0.02281
41.16,29.02,202312,4.93,0.38,71.96,2.3,0.00287,0.01089,0.00824
41.16,29.08,202301,5.47,0.38,77.44,0.72,0.00318,0.01172,0.00258
41.16,29.08,202302,8.67,0.44,75.84,2.53,0.00504,0.01148,0.00906
41.16,29.08,202303,10.41,0.38,81.4,2.88,0.00606,0.01232,0.01031
41.16,29.08,202304,15.39,0.45,77.59,3.03,0.00895,0.01175,0.01085
41.16,29.08,202305,18.83,0.48,75.98,1.35,0.01095,0.0115,0.00483
41.16,29.08,202306,23.93,0.57,50.76,1.56,0.01392,0.00768,0.00559
41.16,29.08,202307,25.58,0.63,28.76,0.79,0.01488,0.00435,0.00283
41.16,29.08,202308,21.98,0.61,33.24,0.51,0.01279,0.00503,0.00183
41.16,29.08,202309,17.75,0.6,55.94,0.89,0.01032,0.00847,0.00319
41.16,29.08,202310,11.5,0.52,63.42,1.83,0.00669,0.0096,0.00655
41.16,29.08,202311,6.57,0.42,78.12,6.97,0.00382,0.01183,0.02496
41.16,29.08,202312,4.93,0.38,71.96,2.45,0.00287,0.01089,0.00877
41.16,29.11,202301,5.47,0.38,77.44,0.72,0.00318,0.01172,0.00258
41.16,29.11,202302,8.67,0.44,75.84,2.53,0.00504,0.01148,0.00906
41.16,29.11,202303,10.41,0.38,81.4,2.88,0.00606,0.01232,0.01031
41.16,29.11,202304,15.39,0.45,77.59,3.03,0.00895,0.01175,0.01085
41.16,29.11,202305,18.83,0.48,75.98,1.35,0.01095,0.0115,0.00483
41.16,29.11,202306,23.93,0.57,50.76,1.56,0.01392,0.00768,0.00559
41.16,29.11,202307,25.58,0.63,28.76,0.79,0.01488,0.00435,0.00283
41.16,29.11,202308,21.98,0.61,33.24,0.51,0.01279,0.00503,0.00183
41.16,29.11,202309,17.75,0.6,55.94,0.89,0.01032,0.00847,0.00319
41.16,29.11,202310,11.5,0.52,63.42,1.83,0.00669,0.0096,0.00655
41.16,29.11,202311,6.57,0.42,78.12,6.97,0.00382,0.01183,0.02496
41.16,29.11,202312,4.93,0.38,71.96,2.45,0.00287,0.01089,0.00877
41.16,29.14,202301,5.47,0.38,77.44,0.72,0.00318,0.01172,0.00258
41.16,29.14,202302,8.67,0.44,75.84,2.53,0.00504,0.01148,0.00906
41.16,29.14,202303,10.41,0.38,81.4,2.88,0.00606,0.01232,0.01031
41.16,29.14,202304,15.39,0.45,77.59,3.03,0.00895,0.01175,0.01085
41.16,29.14,202305,18.83,0.48,75.98,1.35,0.01095,0.0115,0.00483
41.16,29.14,202306,23.93,0.57,50.76,1.56,0.01392,0.00768,0.00559
41.16,29.14,202307,25.58,0.63,28.76,0.79,0.01488,0.00435,0.00283
41.16,29.14,202308,21.98,0.61,33.24,0.51,0.01279,0.00503,0.00183
41.16,29.14,202309,17.75,0.6,55.94,0.89,0.01032,0.00847,0.00319
41.16,29.14,202310,11.5,0.52,63.42,1.83,0.00669,0.0096,0.00655
41.16,29.14,202311,6.57,0.42,78.12,6.97,0.00382,0.01183,0.02496
41.16,29.14,202312,4.93,0.38,71.96,2.45,0.00287,0.01089,0.00877
41.16,29.17,202301,5.47,0.38,77.44,0.72,0.00318,0.01172,0.00258
41.16,29.17,202302,8.67,0.44,75.84,2.53,0.00504,0.01148,0.00906
41.16,29.17,202303,10.41,0.38,81.4,2.88,0.00606,0.01232,0.01031
41.16,29.17,202304,15.39,0.45,77.59,3.03,0.00895,0.01175,0.01085
41.16,29.17,202305,18.83,0.48,75.98,1.35,0.01095,0.0115,0.00483
41.16,29.17,202306,23.93,0.57,50.76,1.56,0.01392,0.00768,0.00559
41.16,29.17,202307,25.58,0.63,28.76,0.79,0.01488,0.00435,0.00283
41.16,29.17,202308,21.98,0.61,33.24,0.51,0.01279,0.00503,0.00183
41.16,29.17,202309,17.75,0.6,55.94,0.89,0.01032,0.00847,0.00319
41.16,29.17,202310,11.5,0.52,63.42,1.83,0.00669,0.0096,0.00655
41.16,29.17,202311,6.57,0.42,78.12,6.97,0.00382,0.01183,0.02496
41.16,29.17,202312,4.93,0.38,71.96,2.45,0.00287,0.01089,0.00877
41.16,29.2,202301,5.47,0.38,77.44,0.72,0.00318,0.01172,0.00258
41.16,29.2,202302,8.67,0.44,75.84,2.53,0.00504,0.01148,0.00906
41.16,29.2,202303,10.41,0.38,81.4,2.88,0.00606,0.01232,0.01031
41.16,29.2,202304,15.39,0.45,77.59,3.03,0.00895,0.01175,0.01085
41.16,29.2,202305,18.83,0.48,75.98,1.35,0.01095,0.0115,0.00483
41.16,29.2,202306,23.93,0.57,50.76,1.56,0.01392,0.00768,0.00559
41.16,29.2,202307,25.58,0.63,28.76,0.79,0.01488,0.00435,0.00283
41.16,29.2,202308,21.98,0.61,33.24,0.51,0.01279,0.00503,0.00183
41.16,29.2,202309,17.75,0.6,55.94,0.89,0.01032,0.00847,0.00319
41.16,29.2,202310,11.5,0.52,63.42,1.83,0.00669,0.0096,0.00655
41.16,29.2,202311,6.57,0.42,78.12,6.97,0.00382,0.01183,0.02496
41.16,29.2,202312,4.93,0.38,71.96,2.45,0.00287,0.01089,0.00877
41.16,29.23,202301,5.47,0.38,77.44,0.72,0.00318,0.01172,0.00258
41.16,29.23,202302,8.67,0.44,75.84,2.53,0.00504,0.01148,0.00906
41.16,29.23,202303,10.41,0.38,81.4,2.88,0.00606,0.01232,0.01031
41.16,29.23,202304,15.39,0.45,77.59,3.03,0.00895,0.01175,0.01085
41.16,29.23,202305,18.83,0.48,75.98,1.35,0.01095,0.0115,0.00483
41.16,29.23,202306,23.93,0.57,50.76,1.56,0.01392,0.00768,0.00559
41.16,29.23,202307,25.58,0.63,28.76,0.79,0.01488,0.00435,0.00283
41.16,29.23,202308,21.98,0.61,33.24,0.51,0.01279,0.00503,0.00183
41.16,29.23,202309,17.75,0.6,55.94,0.89,0.01032,0.00847,0.00319
41.16,29.23,202310,11.5,0.52,63.42,1.83,0.00669,0.0096,0.00655
41.16,29.23,202311,6.57,0.42,78.12,6.97,0.00382,0.01183,0.02496
41.16,29.23,202312,4.93,0.38,71.96,2.45,0.00287,0.01089,0.00877
41.16,29.26,202301,5.47,0.38,77.44,0.72,0.00318,0.01172,0.00258
41.16,29.26,202302,8.67,0.44,75.84,2.53,0.00504,0.01148,0.00906
41.16,29.26,202303,10.41,0.38,81.4,2.88,0.00606,0.01232,0.01031
41.16,29.26,202304,15.39,0.45,77.59,3.03,0.00895,0.01175,0.01085
41.16,29.26,202305,18.83,0.48,75.98,1.35,0.01095,0.0115,0.00483
41.16,29.26,202306,23.93,0.57,50.76,1.56,0.01392,0.00768,0.00559
41.16,29.26,202307,25.58,0.63,28.76,0.79,0.01488,0.00435,0.00283
41.16,29.26,202308,21.98,0.61,33.24,0.51,0.01279,0.00503,0.00183
41.16,29.26,202309,17.75,0.6,55.94,0.89,0.01032,0.00847,0.00319
41.16,29.26,202310,11.5,0.52,63.42,1.83,0.00669,0.0096,0.00655
41.16,29.26,202311,6.57,0.42,78.12,6.97,0.00382,0.01183,0.02496
41.16,29.26,202312,4.93,0.38,71.96,2.45,0.00287,0.01089,0.00877
41.16,29.29,202301,5.47,0.38,77.44,0.72,0.00318,0.01172,0.00258
41.16,29.29,202302,8.67,0.44,75.84,2.53,0.00504,0.01148,0.00906
41.16,29.29,202303,10.41,0.38,81.4,2.88,0.00606,0.01232,0.01031
41.16,29.29,202304,15.39,0.45,77.59,3.03,0.00895,0.01175,0.01085
41.16,29.29,202305,18.83,0.48,75.98,1.35,0.01095,0.0115,0.00483
41.16,29.29,202306,23.93,0.57,50.76,1.56,0.01392,0.00768,0.00559
41.16,29.29,202307,25.58,0.63,28.76,0.79,0.01488,0.00435,0.00283
41.16,29.29,202308,21.98,0.61,33.24,0.51,0.01279,0.00503,0.00183
41.16,29.29,202309,17.75,0.6,55.94,0.89,0.01032,0.00847,0.00319
41.16,29.29,202310,11.5,0.52,63.42,1.83,0.00669,0.0096,0.00655
41.16,29.29,202311,6.57,0.42,78.12,6.97,0.00382,0.01183,0.02496
41.16,29.29,202312,4.93,0.38,71.96,2.45,0.00287,0.01089,0.00877
41.16,29.32,202301,5.47,0.38,77.44,0.72,0.00318,0.01172,0.00258
41.16,29.32,202302,8.67,0.44,75.84,2.53,0.00504,0.01148,0.00906
41.16,29.32,202303,10.41,0.38,81.4,2.88,0.00606,0.01232,0.01031
41.16,29.32,202304,15.39,0.45,77.59,3.03,0.00895,0.01175,0.01085
41.16,29.32,202305,18.83,0.48,75.98,1.35,0.01095,0.0115,0.00483
41.16,29.32,202306,23.93,0.57,50.76,1.56,0.01392,0.00768,0.00559
41.16,29.32,202307,25.58,0.63,28.76,0.79,0.01488,0.00435,0.00283
41.16,29.32,202308,21.98,0.61,33.24,0.51,0.01279,0.00503,0.00183
41.16,29.32,202309,17.75,0.6,55.94,0.89,0.01032,0.00847,0.00319
41.16,29.32,202310,11.5,0.52,63.42,1.83,0.00669,0.0096,0.00655
41.16,29.32,202311,6.57,0.42,78.12,6.97,0.00382,0.01183,0.02496
41.16,29.32,202312,4.93,0.38,71.96,2.45,0.00287,0.01089,0.00877
41.16,29.35,202301,5.47,0.38,77.44,0.72,0.00318,0.01172,0.00258
41.16,29.35,202302,8.67,0.44,75.84,2.53,0.00504,0.01148,0.00906
41.16,29.35,202303,10.41,0.38,81.4,2.88,0.00606,0.01232,0.01031
41.16,29.35,202304,15.39,0.45,77.59,3.03,0.00895,0.01175,0.01085
41.16,29.35,202305,18.83,0.48,75.98,1.35,0.01095,0.0115,0.00483
41.16,29.35,202306,23.93,0.57,50.76,1.56,0.01392,0.00768,0.00559
41.16,29.35,202307,25.58,0.63,28.76,0.79,0.01488,0.00435,0.00283
41.16,29.35,202308,21.98,0.61,33.24,0.51,0.01279,0.00503,0.00183
41.16,29.35,202309,17.75,0.6,55.94,0.89,0.01032,0.00847,0.00319
41.16,29.35,202310,11.5,0.52,63.42,1.83,0.00669,0.0096,0.00655
41.16,29.35,202311,6.57,0.42,78.12,6.97,0.00382,0.01183,0.02496
41.16,29.35,202312,4.93,0.38,71.96,2.45,0.00287,0.01089,0.00877
41.16,29.38,202301,5.47,0.38,77.44,0.72,0.00318,0.01172,0.00258
41.16,29.38,202302,8.67,0.44,75.84,2.53,0.00504,0.01148,0.00906
41.16,29.38,202303,10.41,0.38,81.4,2.88,0.00606,0.01232,0.01031
41.16,29.38,202304,15.39,0.45,77.59,3.03,0.00895,0.01175,0.01085
41.16,29.38,202305,18.83,0.48,75.98,1.35,0.01095,0.0115,0.00483
41.16,29.38,202306,23.93,0.57,50.76,1.56,0.01392,0.00768,0.00559
41.16,29.38,202307,25.58,0.63,28.76,0.79,0.01488,0.00435,0.00283
41.16,29.38,202308,21.98,0.61,33.24,0.51,0.01279,0.00503,0.00183
41.16,29.38,202309,17.75,0.6,55.94,0.89,0.01032,0.00847,0.00319
41.16,29.38,202310,11.5,0.52,63.42,1.83,0.00669,0.0096,0.00655
41.16,29.38,202311,6.57,0.42,78.12,6.97,0.00382,0.01183,0.02496
41.16,29.38,202312,4.93,0.38,71.96,2.45,0.00287,0.01089,0.00877
41.16,29.41,202301,5.47,0.38,77.44,0.72,0.00318,0.01172,0.00258
41.16,29.41,202302,8.67,0.44,75.84,2.53,0.00504,0.01148,0.00906
41.16,29.41,202303,10.41,0.38,81.4,2.88,0.00606,0.01232,0.01031
41.16,29.41,202304,15.39,0.45,77.59,3.03,0.00895,0.01175,0.01085
41.16,29.41,202305,18.83,0.48,75.98,1.35,0.01095,0.0115,0.00483
41.16,29.41,202306,23.93,0.57,50.76,1.56,0.01392,0.00768,0.00559
41.16,29.41,202307,25.58,0.63,28.76,0.79,0.01488,0.00435,0.00283
41.16,29.41,202308,21.98,0.61,33.24,0.51,0.01279,0.00503,0.00183
41.16,29.41,202309,17.75,0.6,55.94,0.89,0.01032,0.00847,0.00319
41.16,29.41,202310,11.5,0.52,63.42,1.83,0.00669,0.0096,0.00655
41.16,29.41,202311,6.57,0.42,78.12,6.97,0.00382,0.01183,0.02496
41.16,29.41,202312,4.93,0.38,71.96,2.45,0.00287,0.01089,0.00877
41.16,29.44,202301,5.47,0.38,77.44,0.72,0.00318,0.01172,0.00258
41.16,29.44,202302,8.67,0.44,75.84,2.53,0.00504,0.01148,0.00906
41.16,29.44,202303,10.41,0.38,81.4,2.88,0.00606,0.01232,0.01031
41.16,29.44,202304,15.39,0.45,77.59,3.03,0.00895,0.01175,0.01085
41.16,29.44,202305,18.83,0.48,75.98,1.35,0.01095,0.0115,0.00483
41.16,29.44,202306,23.93,0.57,50.76,1.56,0.01392,0.00768,0.00559
41.16,29.44,202307,25.58,0.63,28.76,0.79,0.01488,0.00435,0.00283
41.16,29.44,202308,21.98,0.61,33.24,0.51,0.01279,0.00503,0.00183
41.16,29.44,202309,17.75,0.6,55.94,0.89,0.01032,0.00847,0.00319
41.16,29.44,202310,11.5,0.52,63.42,1.83,0.00669,0.0096,0.00655
41.16,29.44,202311,6.57,0.42,78.12,6.97,0.00382,0.01183,0.02496
41.16,29.44,202312,4.93,0.38,71.96,2.45,0.00287,0.01089,0.00877
41.16,29.47,202301,5.47,0.38,77.44,0.72,0.00318,0.01172,0.00258
41.16,29.47,202302,8.67,0.44,75.84,2.53,0.00504,0.01148,0.00906
41.16,29.47,202303,10.41,0.38,81.4,2.88,0.00606,0.01232,0.01031
41.16,29.47,202304,15.39,0.45,77.59,3.03,0.00895,0.01175,0.01085
41.16,29.47,202305,18.83,0.48,75.98,1.35,0.01095,0.0115,0.00483
41.16,29.47,202306,23.93,0.57,50.76,1.56,0.01392,0.00768,0.00559
41.16,29.47,202307,25.58,0.63,28.76,0.79,0.01488,0.00435,0.00283
41.16,29.47,202308,21.98,0.61,33.24,0.51,0.01279,0.00503,0.00183
41.16,29.47,202309,17.75,0.6,55.94,0.89,0.01032,0.00847,0.00319
41.16,29.47,202310,11.5,0.52,63.42,1.83,0.00669,0.0096,0.00655
41.16,29.47,202311,6.57,0.42,78.12,6.97,0.00382,0.01183,0.02496
41.16,29.47,202312,4.93,0.38,71.96,2.45,0.00287,0.01089,0.00877
41.16,29.5,202301,5.47,0.38,77.44,0.72,0.00318,0.01172,0.00258
41.16,29.5,202302,8.67,0.44,75.84,2.53,0.00504,0.01148,0.00906
41.16,29.5,202303,10.41,0.38,81.4,2.88,0.00606,0.01232,0.01031
41.16,29.5,202304,15.39,0.45,77.59,3.03,0.00895,0.01175,0.01085
41.16,29.5,202305,18.83,0.48,75.98,1.35,0.01095,0.0115,0.00483
41.16,29.5,202306,23.93,0.57,50.76,1.56,0.01392,0.00768,0.00559
41.16,29.5,202307,25.58,0.63,28.76,0.79,0.01488,0.00435,0.00283
41.16,29.5,202308,21.98,0.61,33.24,0.51,0.01279,0.00503,0.00183
41.16,29.5,202309,17.75,0.6,55.94,0.89,0.01032,0.00847,0.00319
41.16,29.5,202310,11.5,0.52,63.42,1.83,0.00669,0.0096,0.00655
41.16,29.5,202311,6.57,0.42,78.12,6.97,0.00382,0.01183,0.02496
41.16,29.5,202312,4.93,0.38,71.96,2.45,0.00287,0.01089,0.00877
41.16,29.53,202301,5.47,0.38,77.44,0.72,0.00318,0.01172,0.00258
41.16,29.53,202302,8.67,0.44,75.84,2.53,0.00504,0.01148,0.00906
41.16,29.53,202303,10.41,0.38,81.4,2.88,0.00606,0.01232,0.01031
41.16,29.53,202304,15.39,0.45,77.59,3.03,0.00895,0.01175,0.01085
41.16,29.53,202305,18.83,0.48,75.98,1.35,0.01095,0.0115,0.00483
41.16,29.53,202306,23.93,0.57,50.76,1.56,0.01392,0.00768,0.00559
41.16,29.53,202307,25.58,0.63,28.76,0.79,0.01488,0.00435,0.00283
41.16,29.53,202308,21.98,0.61,33.24,0.51,0.01279,0.00503,0.00183
41.16,29.53,202309,17.75,0.6,55.94,0.89,0.01032,0.00847,0.00319
41.16,29.53,202310,11.5,0.52,63.42,1.83,0.00669,0.0096,0.00655
41.16,29.53,202311,6.57,0.42,78.12,6.97,0.00382,0.01183,0.02496
41.16,29.53,202312,4.93,0.38,71.96,2.45,0.00287,0.01089,0.00877
41.16,29.56,202301,5.47,0.38,77.44,0.72,0.00318,0.01172,0.00258
41.16,29.56,202302,8.67,0.44,75.84,2.53,0.00504,0.01148,0.00906
41.16,29.56,202303,10.41,0.38,81.4,2.88,0.00606,0.01232,0.01031
41.16,29.56,202304,15.39,0.45,77.59,3.03,0.00895,0.01175,0.01085
41.16,29.56,202305,18.83,0.48,75.98,1.35,0.01095,0.0115,0.00483
41.16,29.56,202306,23.93,0.57,50.76,1.56,0.01392,0.00768,0.00559
41.16,29.56,202307,25.58,0.63,28.76,0.79,0.01488,0.00435,0.00283
41.16,29.56,202308,21.98,0.61,33.24,0.51,0.01279,0.00503,0.00183
41.16,29.56,202309,17.75,0.6,55.94,0.89,0.01032,0.00847,0.00319
41.16,29.56,202310,11.5,0.52,63.42,1.83,0.00669,0.0096,0.00655
41.16,29.56,202311,6.57,0.42,78.12,6.97,0.00382,0.01183,0.02496
41.16,29.56,202312,4.93,0.38,71.96,2.45,0.00287,0.01089,0.00877
41.16,29.59,202301,5.47,0.38,77.44,0.72,0.00318,0.01172,0.00258
41.16,29.59,202302,8.67,0.44,75.84,2.53,0.00504,0.01148,0.00906
41.16,29.59,202303,10.41,0.38,81.4,2.88,0.00606,0.01232,0.01031
41.16,29.59,202304,15.39,0.45,77.59,3.03,0.00895,0.01175,0.01085
41.16,29.59,202305,18.83,0.48,75.98,1.35,0.01095,0.0115,0.00483
41.16,29.59,202306,23.93,0.57,50.76,1.56,0.01392,0.00768,0.00559
41.16,29.59,202307,25.58,0.63,28.76,0.79,0.01488,0.00435,0.00283
41.16,29.59,202308,21.98,0.61,33.24,0.51,0.01279,0.00503,0.00183
41.16,29.59,202309,17.75,0.6,55.94,0.89,0.01032,0.00847,0.00319
41.16,29.59,202310,11.5,0.52,63.42,1.83,0.00669,0.0096,0.00655
41.16,29.59,202311,6.57,0.42,78.12,6.97,0.00382,0.01183,0.02496
41.16,29.59,202312,4.93,0.38,71.96,2.45,0.00287,0.01089,0.00877
41.16,29.62,202301,5.47,0.38,77.44,0.72,0.00318,0.01172,0.00258
41.16,29.62,202302,8.67,0.44,75.84,2.53,0.00504,0.01148,0.00906
41.16,29.62,202303,10.41,0.38,81.4,2.88,0.00606,0.01232,0.01031
41.16,29.62,202304,15.39,0.45,77.59,3.03,0.00895,0.01175,0.01085
41.16,29.62,202305,18.83,0.48,75.98,1.35,0.01095,0.0115,0.00483
41.16,29.62,202306,23.93,0.57,50.76,1.56,0.01392,0.00768,0.00559
41.16,29.62,202307,25.58,0.63,28.76,0.79,0.01488,0.00435,0.00283
41.16,29.62,202308,21.98,0.61,33.24,0.51,0.01279,0.00503,0.00183
41.16,29.62,202309,17.75,0.6,55.94,0.89,0.01032,0.00847,0.00319
41.16,29.62,202310,11.5,0.52,63.42,1.83,0.00669,0.0096,0.00655
41.16,29.62,202311,6.57,0.42,78.12,6.97,0.00382,0.01183,0.02496
41.16,29.62,202312,4.93,0.38,71.96,2.45,0.00287,0.01089,0.00877
41.16,29.65,202301,5.47,0.38,77.44,0.72,0.00318,0.01172,0.00258
41.16,29.65,202302,8.67,0.44,75.84,2.53,0.00504,0.01148,0.00906
41.16,29.65,202303,10.41,0.38,81.4,2.88,0.00606,0.01232,0.01031
41.16,29.65,202304,15.39,0.45,77.59,3.03,0.00895,0.01175,0.01085
41.16,29.65,202305,18.83,0.48,75.98,1.35,0.01095,0.0115,0.00483
41.16,29.65,202306,23.93,0.57,50.76,1.56,0.01392,0.00768,0.00559
41.16,29.65,202307,25.58,0.63,28.76,0.79,0.01488,0.00435,0.00283
41.16,29.65,202308,21.98,0.61,33.24,0.51,0.01279,0.00503,0.00183
41.16,29.65,202309,17.75,0.6,55.94,0.89,0.01032,0.00847,0.00319
41.16,29.65,202310,11.5,0.52,63.42,1.83,0.00669,0.0096,0.00655
41.16,29.65,202311,6.57,0.42,78.12,6.97,0.00382,0.01183,0.02496
41.16,29.65,202312,4.93,0.38,71.96,2.45,0.00287,0.01089,0.00877
41.16,29.68,202301,5.47,0.38,77.44,0.72,0.00318,0.01172,0.00258
41.16,29.68,202302,8.67,0.44,75.84,2.53,0.00504,0.01148,0.00906
41.16,29.68,202303,10.41,0.38,81.4,2.88,0.00606,0.01232,0.01031
41.16,29.68,202304,15.39,0.45,77.59,3.03,0.00895,0.01175,0.01085
41.16,29.68,202305,18.83,0.48,75.98,1.35,0.01095,0.0115,0.00483
41.16,29.68,202306,23.93,0.57,50.76,1.56,0.01392,0.00768,0.00559
41.16,29.68,202307,25.58,0.63,28.76,0.79,0.01488,0.00435,0.00283
41.16,29.68,202308,21.98,0.61,33.24,0.51,0.01279,0.00503,0.00183
41.16,29.68,202309,17.75,0.6,55.94,0.89,0.01032,0.00847,0.00319
41.16,29.68,202310,11.5,0.52,63.42,1.83,0.00669,0.0096,0.00655
41.16,29.68,202311,6.57,0.42,78.12,6.97,0.00382,0.01183,0.02496
41.16,29.68,202312,4.93,0.38,71.96,2.45,0.00287,0.01089,0.00877
41.18,28.03,202301,5.51,0.38,69.94,0.87,0.00321,0.01059,0.00312
41.18,28.03,202302,8.89,0.45,66.0,1.39,0.00517,0.00999,0.00498
41.18,28.03,202303,11.1,0.41,71.25,2.38,0.00646,0.01079,0.00852
41.18,28.03,202304,15.63,0.45,72.39,3.11,0.00909,0.01096,0.01114
41.18,28.03,202305,18.84,0.48,71.78,1.18,0.01096,0.01087,0.00423
41.18,28.03,202306,24.01,0.58,45.28,0.92,0.01397,0.00686,0.00329
41.18,28.03,202307,26.15,0.65,23.83,0.27,0.01521,0.00361,0.00097
41.18,28.03,202308,21.47,0.59,31.41,0.21,0.01249,0.00476,0.00075
41.18,28.03,202309,16.72,0.56,46.02,0.96,0.00973,0.00697,0.00344
41.18,28.03,202310,11.52,0.52,49.57,0.71,0.0067,0.0075,0.00254
41.18,28.03,202311,6.49,0.41,68.19,6.61,0.00378,0.01032,0.02367
41.18,28.03,202312,4.82,0.38,64.93,2.62,0.0028,0.00983,0.00938
41.18,28.06,202301,5.51,0.38,69.94,0.87,0.00321,0.01059,0.00312
41.18,28.06,202302,8.89,0.45,66.0,1.39,0.00517,0.00999,0.00498
41.18,28.06,202303,11.1,0.41,71.25,2.38,0.00646,0.01079,0.00852
41.18,28.06,202304,15.63,0.45,72.39,3.11,0.00909,0.01096,0.01114
41.18,28.06,202305,18.84,0.48,71.78,1.18,0.01096,0.01087,0.00423
41.18,28.06,202306,24.01,0.58,45.28,0.92,0.01397,0.00686,0.00329
41.18,28.06,202307,26.15,0.65,23.83,0.27,0.01521,0.00361,0.00097
41.18,28.06,202308,21.47,0.59,31.41,0.21,0.01249,0.00476,0.00075
41.18,28.06,202309,16.72,0.56,46.02,0.96,0.00973,0.00697,0.00344
41.18,28.06,202310,11.52,0.52,49.57,0.71,0.0067,0.0075,0.00254
41.18,28.06,202311,6.49,0.41,68.19,6.61,0.00378,0.01032,0.02367
41.18,28.06,202312,4.82,0.38,64.93,2.62,0.0028,0.00983,0.00938
41.18,28.09,202301,5.51,0.38,69.94,0.87,0.00321,0.01059,0.00312
41.18,28.09,202302,8.89,0.45,66.0,1.39,0.00517,0.00999,0.00498
41.18,28.09,202303,11.1,0.41,71.25,2.38,0.00646,0.01079,0.00852
41.18,28.09,202304,15.63,0.45,72.39,3.11,0.00909,0.01096,0.01114
41.18,28.09,202305,18.84,0.48,71.78,1.18,0.01096,0.01087,0.00423
41.18,28.09,202306,24.01,0.58,45.28,0.92,0.01397,0.00686,0.00329
41.18,28.09,202307,26.15,0.65,23.83,0.27,0.01521,0.00361,0.00097
41.18,28.09,202308,21.47,0.59,31.41,0.21,0.01249,0.00476,0.00075
41.18,28.09,202309,16.72,0.56,46.02,0.96,0.00973,0.00697,0.00344
41.18,28.09,202310,11.52,0.52,49.57,0.71,0.0067,0.0075,0.00254
41.18,28.09,202311,6.49,0.41,68.19,6.61,0.00378,0.01032,0.02367
41.18,28.09,202312,4.82,0.38,64.93,2.62,0.0028,0.00983,0.00938
41.18,28.12,202301,5.51,0.38,69.94,0.87,0.00321,0.01059,0.00312
41.18,28.12,202302,8.89,0.45,66.0,1.39,0.00517,0.00999,0.00498
41.18,28.12,202303,11.1,0.41,71.25,2.38,0.00646,0.01079,0.00852
41.18,28.12,202304,15.63,0.45,72.39,3.11,0.00909,0.01096,0.01114
41.18,28.12,202305,18.84,0.48,71.78,1.18,0.01096,0.01087,0.00423
41.18,28.12,202306,24.01,0.58,45.28,0.92,0.01397,0.00686,0.00329
41.18,28.12,202307,26.15,0.65,23.83,0.27,0.01521,0.00361,0.00097
41.18,28.12,202308,21.47,0.59,31.41,0.21,0.01249,0.00476,0.00075
41.18,28.12,202309,16.72,0.56,46.02,0.96,0.00973,0.00697,0.00344
41.18,28.12,202310,11.52,0.52,49.57,0.71,0.0067,0.0075,0.00254
41.18,28.12,202311,6.49,0.41,68.19,6.61,0.00378,0.01032,0.02367
41.18,28.12,202312,4.82,0.38,64.93,2.62,0.0028,0.00983,0.00938
41.18,28.15,202301,5.51,0.38,69.94,0.87,0.00321,0.01059,0.00312
41.18,28.15,202302,8.89,0.45,66.0,1.39,0.00517,0.00999,0.00498
41.18,28.15,202303,11.1,0.41,71.25,2.38,0.00646,0.01079,0.00852
41.18,28.15,202304,15.63,0.45,72.39,3.11,0.00909,0.01096,0.01114
41.18,28.15,202305,18.84,0.48,71.78,1.18,0.01096,0.01087,0.00423
41.18,28.15,202306,24.01,0.58,45.28,0.92,0.01397,0.00686,0.00329
41.18,28.15,202307,26.15,0.65,23.83,0.27,0.01521,0.00361,0.00097
41.18,28.15,202308,21.47,0.59,31.41,0.21,0.01249,0.00476,0.00075
41.18,28.15,202309,16.72,0.56,46.02,0.96,0.00973,0.00697,0.00344
41.18,28.15,202310,11.52,0.52,49.57,0.71,0.0067,0.0075,0.00254
41.18,28.15,202311,6.49,0.41,68.19,6.61,0.00378,0.01032,0.02367
41.18,28.15,202312,4.82,0.38,64.93,2.62,0.0028,0.00983,0.00938
41.18,28.18,202301,5.51,0.38,69.94,0.87,0.00321,0.01059,0.00312
41.18,28.18,202302,8.89,0.45,66.0,1.39,0.00517,0.00999,0.00498
41.18,28.18,202303,11.1,0.41,71.25,2.38,0.00646,0.01079,0.00852
41.18,28.18,202304,15.63,0.45,72.39,3.11,0.00909,0.01096,0.01114
41.18,28.18,202305,18.84,0.48,71.78,1.18,0.01096,0.01087,0.00423
41.18,28.18,202306,24.01,0.58,45.28,0.92,0.01397,0.00686,0.00329
41.18,28.18,202307,26.15,0.65,23.83,0.27,0.01521,0.00361,0.00097
41.18,28.18,202308,21.47,0.59,31.41,0.21,0.01249,0.00476,0.00075
41.18,28.18,202309,16.72,0.56,46.02,0.96,0.00973,0.00697,0.00344
41.18,28.18,202310,11.52,0.52,49.57,0.71,0.0067,0.0075,0.00254
41.18,28.18,202311,6.49,0.41,68.19,6.61,0.00378,0.01032,0.02367
41.18,28.18,202312,4.82,0.38,64.93,2.62,0.0028,0.00983,0.00938
41.18,28.21,202301,5.51,0.38,69.94,0.87,0.00321,0.01059,0.00312
41.18,28.21,202302,8.89,0.45,66.0,1.39,0.00517,0.00999,0.00498
41.18,28.21,202303,11.1,0.41,71.25,2.38,0.00646,0.01079,0.00852
41.18,28.21,202304,15.63,0.45,72.39,3.11,0.00909,0.01096,0.01114
41.18,28.21,202305,18.84,0.48,71.78,1.18,0.01096,0.01087,0.00423
41.18,28.21,202306,24.01,0.58,45.28,0.92,0.01397,0.00686,0.00329
41.18,28.21,202307,26.15,0.65,23.83,0.27,0.01521,0.00361,0.00097
41.18,28.21,202308,21.47,0.59,31.41,0.21,0.01249,0.00476,0.00075
41.18,28.21,202309,16.72,0.56,46.02,0.96,0.00973,0.00697,0.00344
41.18,28.21,202310,11.52,0.52,49.57,0.71,0.0067,0.0075,0.00254
41.18,28.21,202311,6.49,0.41,68.19,6.61,0.00378,0.01032,0.02367
41.18,28.21,202312,4.82,0.38,64.93,2.62,0.0028,0.00983,0.00938
41.18,28.24,202301,5.51,0.38,69.94,0.87,0.00321,0.01059,0.00312
41.18,28.24,202302,8.89,0.45,66.0,1.39,0.00517,0.00999,0.00498
41.18,28.24,202303,11.1,0.41,71.25,2.38,0.00646,0.01079,0.00852
41.18,28.24,202304,15.63,0.45,72.39,3.11,0.00909,0.01096,0.01114
41.18,28.24,202305,18.84,0.48,71.78,1.18,0.01096,0.01087,0.00423
41.18,28.24,202306,24.01,0.58,45.28,0.92,0.01397,0.00686,0.00329
41.18,28.24,202307,26.15,0.65,23.83,0.27,0.01521,0.00361,0.00097
41.18,28.24,202308,21.47,0.59,31.41,0.21,0.01249,0.00476,0.00075
41.18,28.24,202309,16.72,0.56,46.02,0.96,0.00973,0.00697,0.00344
41.18,28.24,202310,11.52,0.52,49.57,0.71,0.0067,0.0075,0.00254
41.18,28.24,202311,6.49,0.41,68.19,6.61,0.00378,0.01032,0.02367
41.18,28.24,202312,4.82,0.38,64.93,2.62,0.0028,0.00983,0.00938
41.18,28.27,202301,5.51,0.38,69.94,0.87,0.00321,0.01059,0.00312
41.18,28.27,202302,8.89,0.45,66.0,1.39,0.00517,0.00999,0.00498
41.18,28.27,202303,11.1,0.41,71.25,2.38,0.00646,0.01079,0.00852
41.18,28.27,202304,15.63,0.45,72.39,3.11,0.00909,0.01096,0.01114
41.18,28.27,202305,18.84,0.48,71.78,1.18,0.01096,0.01087,0.00423
41.18,28.27,202306,24.01,0.58,45.28,0.92,0.01397,0.00686,0.00329
41.18,28.27,202307,26.15,0.65,23.83,0.27,0.01521,0.00361,0.00097
41.18,28.27,202308,21.47,0.59,31.41,0.21,0.01249,0.00476,0.00075
41.18,28.27,202309,16.72,0.56,46.02,0.96,0.00973,0.00697,0.00344
41.18,28.27,202310,11.52,0.52,49.57,0.71,0.0067,0.0075,0.00254
41.18,28.27,202311,6.49,0.41,68.19,6.61,0.00378,0.01032,0.02367
41.18,28.27,202312,4.82,0.38,64.93,2.62,0.0028,0.00983,0.00938
41.18,28.3,202301,5.51,0.38,69.94,0.87,0.00321,0.01059,0.00312
41.18,28.3,202302,8.89,0.45,66.0,1.39,0.00517,0.00999,0.00498
41.18,28.3,202303,11.1,0.41,71.25,2.38,0.00646,0.01079,0.00852
41.18,28.3,202304,15.63,0.45,72.39,3.11,0.00909,0.01096,0.01114
41.18,28.3,202305,18.84,0.48,71.78,1.18,0.01096,0.01087,0.00423
41.18,28.3,202306,24.01,0.58,45.28,0.92,0.01397,0.00686,0.00329
41.18,28.3,202307,26.15,0.65,23.83,0.27,0.01521,0.00361,0.00097
41.18,28.3,202308,21.47,0.59,31.41,0.21,0.01249,0.00476,0.00075
41.18,28.3,202309,16.72,0.56,46.02,0.96,0.00973,0.00697,0.00344
41.18,28.3,202310,11.52,0.52,49.57,0.71,0.0067,0.0075,0.00254
41.18,28.3,202311,6.49,0.41,68.19,6.61,0.00378,0.01032,0.02367
41.18,28.3,202312,4.82,0.38,64.93,2.62,0.0028,0.00983,0.00938
41.18,28.33,202301,5.51,0.38,69.94,0.87,0.00321,0.01059,0.00312
41.18,28.33,202302,8.89,0.45,66.0,1.39,0.00517,0.00999,0.00498
41.18,28.33,202303,11.1,0.41,71.25,2.38,0.00646,0.01079,0.00852
41.18,28.33,202304,15.63,0.45,72.39,3.11,0.00909,0.01096,0.01114
41.18,28.33,202305,18.84,0.48,71.78,1.18,0.01096,0.01087,0.00423
41.18,28.33,202306,24.01,0.58,45.28,0.92,0.01397,0.00686,0.00329
41.18,28.33,202307,26.15,0.65,23.83,0.27,0.01521,0.00361,0.00097
41.18,28.33,202308,21.47,0.59,31.41,0.21,0.01249,0.00476,0.00075
41.18,28.33,202309,16.72,0.56,46.02,0.96,0.00973,0.00697,0.00344
41.18,28.33,202310,11.52,0.52,49.57,0.71,0.0067,0.0075,0.00254
41.18,28.33,202311,6.49,0.41,68.19,6.61,0.00378,0.01032,0.02367
41.18,28.33,202312,4.82,0.38,64.93,2.62,0.0028,0.00983,0.00938
41.18,28.36,202301,5.51,0.38,69.94,0.87,0.00321,0.01059,0.00312
41.18,28.36,202302,8.89,0.45,66.0,1.39,0.00517,0.00999,0.00498
41.18,28.36,202303,11.1,0.41,71.25,2.38,0.00646,0.01079,0.00852
41.18,28.36,202304,15.63,0.45,72.39,3.11,0.00909,0.01096,0.01114
41.18,28.36,202305,18.84,0.48,71.78,1.18,0.01096,0.01087,0.00423
41.18,28.36,202306,24.01,0.58,45.28,0.92,0.01397,0.00686,0.00329
41.18,28.36,202307,26.15,0.65,23.83,0.27,0.01521,0.00361,0.00097
41.18,28.36,202308,21.47,0.59,31.41,0.21,0.01249,0.00476,0.00075
41.18,28.36,202309,16.72,0.56,46.02,0.96,0.00973,0.00697,0.00344
41.18,28.36,202310,11.52,0.52,49.57,0.71,0.0067,0.0075,0.00254
41.18,28.36,202311,6.49,0.41,68.19,6.61,0.00378,0.01032,0.02367
41.18,28.36,202312,4.82,0.38,64.93,2.62,0.0028,0.00983,0.00938
41.18,28.39,202301,5.51,0.38,69.94,0.87,0.00321,0.01059,0.00312
41.18,28.39,202302,8.89,0.45,66.0,1.39,0.00517,0.00999,0.00498
41.18,28.39,202303,11.1,0.41,71.25,2.38,0.00646,0.01079,0.00852
41.18,28.39,202304,15.63,0.45,72.39,3.11,0.00909,0.01096,0.01114
41.18,28.39,202305,18.84,0.48,71.78,1.18,0.01096,0.01087,0.00423
41.18,28.39,202306,24.01,0.58,45.28,0.92,0.01397,0.00686,0.00329
41.18,28.39,202307,26.15,0.65,23.83,0.27,0.01521,0.00361,0.00097
41.18,28.39,202308,21.47,0.59,31.41,0.21,0.01249,0.00476,0.00075
41.18,28.39,202309,16.72,0.56,46.02,0.96,0.00973,0.00697,0.00344
41.18,28.39,202310,11.52,0.52,49.57,0.71,0.0067,0.0075,0.00254
41.18,28.39,202311,6.49,0.41,68.19,6.61,0.00378,0.01032,0.02367
41.18,28.39,202312,4.82,0.38,64.93,2.62,0.0028,0.00983,0.00938
41.18,28.42,202301,5.51,0.38,69.94,0.87,0.00321,0.01059,0.00312
41.18,28.42,202302,8.89,0.45,66.0,1.39,0.00517,0.00999,0.00498
41.18,28.42,202303,11.1,0.41,71.25,2.38,0.00646,0.01079,0.00852
41.18,28.42,202304,15.63,0.45,72.39,3.11,0.00909,0.01096,0.01114
41.18,28.42,202305,18.84,0.48,71.78,1.18,0.01096,0.01087,0.00423
41.18,28.42,202306,24.01,0.58,45.28,0.92,0.01397,0.00686,0.00329
41.18,28.42,202307,26.15,0.65,23.83,0.27,0.01521,0.00361,0.00097
41.18,28.42,202308,21.47,0.59,31.41,0.21,0.01249,0.00476,0.00075
41.18,28.42,202309,16.72,0.56,46.02,0.96,0.00973,0.00697,0.00344
41.18,28.42,202310,11.52,0.52,49.57,0.71,0.0067,0.0075,0.00254
41.18,28.42,202311,6.49,0.41,68.19,6.61,0.00378,0.01032,0.02367
41.18,28.42,202312,4.82,0.38,64.93,2.62,0.0028,0.00983,0.00938
41.18,28.45,202301,5.51,0.38,69.94,0.72,0.00321,0.01059,0.00258
41.18,28.45,202302,8.89,0.45,66.0,1.83,0.00517,0.00999,0.00655
41.18,28.45,202303,11.1,0.41,71.25,2.49,0.00646,0.01079,0.00892
41.18,28.45,202304,15.63,0.45,72.39,3.07,0.00909,0.01096,0.01099
41.18,28.45,202305,18.84,0.48,71.78,1.24,0.01096,0.01087,0.00444
41.18,28.45,202306,24.01,0.58,45.28,0.86,0.01397,0.00686,0.00308
41.18,28.45,202307,26.15,0.65,23.83,0.33,0.01521,0.00361,0.00118
41.18,28.45,202308,21.47,0.59,31.41,0.3,0.01249,0.00476,0.00107
41.18,28.45,202309,16.72,0.56,46.02,0.71,0.00973,0.00697,0.00254
41.18,28.45,202310,11.52,0.52,49.57,1.15,0.0067,0.0075,0.00412
41.18,28.45,202311,6.49,0.41,68.19,6.37,0.00378,0.01032,0.02281
41.18,28.45,202312,4.82,0.38,64.93,2.3,0.0028,0.00983,0.00824
41.18,28.48,202301,5.51,0.38,69.94,0.72,0.00321,0.01059,0.00258
41.18,28.48,202302,8.89,0.45,66.0,1.83,0.00517,0.00999,0.00655
41.18,28.48,202303,11.1,0.41,71.25,2.49,0.00646,0.01079,0.00892
41.18,28.48,202304,15.63,0.45,72.39,3.07,0.00909,0.01096,0.01099
41.18,28.48,202305,18.84,0.48,71.78,1.24,0.01096,0.01087,0.00444
41.18,28.48,202306,24.01,0.58,45.28,0.86,0.01397,0.00686,0.00308
41.18,28.48,202307,26.15,0.65,23.83,0.33,0.01521,0.00361,0.00118
41.18,28.48,202308,21.47,0.59,31.41,0.3,0.01249,0.00476,0.00107
41.18,28.48,202309,16.72,0.56,46.02,0.71,0.00973,0.00697,0.00254
41.18,28.48,202310,11.52,0.52,49.57,1.15,0.0067,0.0075,0.00412
41.18,28.48,202311,6.49,0.41,68.19,6.37,0.00378,0.01032,0.02281
41.18,28.48,202312,4.82,0.38,64.93,2.3,0.0028,0.00983,0.00824
41.18,28.51,202301,5.51,0.38,69.94,0.72,0.00321,0.01059,0.00258
41.18,28.51,202302,8.89,0.45,66.0,1.83,0.00517,0.00999,0.00655
41.18,28.51,202303,11.1,0.41,71.25,2.49,0.00646,0.01079,0.00892
41.18,28.51,202304,15.63,0.45,72.39,3.07,0.00909,0.01096,0.01099
41.18,28.51,202305,18.84,0.48,71.78,1.24,0.01096,0.01087,0.00444
41.18,28.51,202306,24.01,0.58,45.28,0.86,0.01397,0.00686,0.00308
41.18,28.51,202307,26.15,0.65,23.83,0.33,0.01521,0.00361,0.00118
41.18,28.51,202308,21.47,0.59,31.41,0.3,0.01249,0.00476,0.00107
41.18,28.51,202309,16.72,0.56,46.02,0.71,0.00973,0.00697,0.00254
41.18,28.51,202310,11.52,0.52,49.57,1.15,0.0067,0.0075,0.00412
41.18,28.51,202311,6.49,0.41,68.19,6.37,0.00378,0.01032,0.02281
41.18,28.51,202312,4.82,0.38,64.93,2.3,0.0028,0.00983,0.00824
41.18,28.54,202301,5.51,0.38,69.94,0.72,0.00321,0.01059,0.00258
41.18,28.54,202302,8.89,0.45,66.0,1.83,0.00517,0.00999,0.00655
41.18,28.54,202303,11.1,0.41,71.25,2.49,0.00646,0.01079,0.00892
41.18,28.54,202304,15.63,0.45,72.39,3.07,0.00909,0.01096,0.01099
41.18,28.54,202305,18.84,0.48,71.78,1.24,0.01096,0.01087,0.00444
41.18,28.54,202306,24.01,0.58,45.28,0.86,0.01397,0.00686,0.00308
41.18,28.54,202307,26.15,0.65,23.83,0.33,0.01521,0.00361,0.00118
41.18,28.54,202308,21.47,0.59,31.41,0.3,0.01249,0.00476,0.00107
41.18,28.54,202309,16.72,0.56,46.02,0.71,0.00973,0.00697,0.00254
41.18,28.54,202310,11.52,0.52,49.57,1.15,0.0067,0.0075,0.00412
41.18,28.54,202311,6.49,0.41,68.19,6.37,0.00378,0.01032,0.02281
41.18,28.54,202312,4.82,0.38,64.93,2.3,0.0028,0.00983,0.00824
41.18,28.57,202301,5.51,0.38,69.94,0.72,0.00321,0.01059,0.00258
41.18,28.57,202302,8.89,0.45,66.0,1.83,0.00517,0.00999,0.00655
41.18,28.57,202303,11.1,0.41,71.25,2.49,0.00646,0.01079,0.00892
41.18,28.57,202304,15.63,0.45,72.39,3.07,0.00909,0.01096,0.01099
41.18,28.57,202305,18.84,0.48,71.78,1.24,0.01096,0.01087,0.00444
41.18,28.57,202306,24.01,0.58,45.28,0.86,0.01397,0.00686,0.00308
41.18,28.57,202307,26.15,0.65,23.83,0.33,0.01521,0.00361,0.00118
41.18,28.57,202308,21.47,0.59,31.41,0.3,0.01249,0.00476,0.00107
41.18,28.57,202309,16.72,0.56,46.02,0.71,0.00973,0.00697,0.00254
41.18,28.57,202310,11.52,0.52,49.57,1.15,0.0067,0.0075,0.00412
41.18,28.57,202311,6.49,0.41,68.19,6.37,0.00378,0.01032,0.02281
41.18,28.57,202312,4.82,0.38,64.93,2.3,0.0028,0.00983,0.00824
41.18,28.6,202301,5.51,0.38,69.94,0.72,0.00321,0.01059,0.00258
41.18,28.6,202302,8.89,0.45,66.0,1.83,0.00517,0.00999,0.00655
41.18,28.6,202303,11.1,0.41,71.25,2.49,0.00646,0.01079,0.00892
41.18,28.6,202304,15.63,0.45,72.39,3.07,0.00909,0.01096,0.01099
41.18,28.6,202305,18.84,0.48,71.78,1.24,0.01096,0.01087,0.00444
41.18,28.6,202306,24.01,0.58,45.28,0.86,0.01397,0.00686,0.00308
41.18,28.6,202307,26.15,0.65,23.83,0.33,0.01521,0.00361,0.00118
41.18,28.6,202308,21.47,0.59,31.41,0.3,0.01249,0.00476,0.00107
41.18,28.6,202309,16.72,0.56,46.02,0.71,0.00973,0.00697,0.00254
41.18,28.6,202310,11.52,0.52,49.57,1.15,0.0067,0.0075,0.00412
41.18,28.6,202311,6.49,0.41,68.19,6.37,0.00378,0.01032,0.02281
41.18,28.6,202312,4.82,0.38,64.93,2.3,0.0028,0.00983,0.00824
41.18,28.63,202301,5.51,0.38,69.94,0.72,0.00321,0.01059,0.00258
41.18,28.63,202302,8.89,0.45,66.0,1.83,0.00517,0.00999,0.00655
41.18,28.63,202303,11.1,0.41,71.25,2.49,0.00646,0.01079,0.00892
41.18,28.63,202304,15.63,0.45,72.39,3.07,0.00909,0.01096,0.01099
41.18,28.63,202305,18.84,0.48,71.78,1.24,0.01096,0.01087,0.00444
41.18,28.63,202306,24.01,0.58,45.28,0.86,0.01397,0.00686,0.00308
41.18,28.63,202307,26.15,0.65,23.83,0.33,0.01521,0.00361,0.00118
41.18,28.63,202308,21.47,0.59,31.41,0.3,0.01249,0.00476,0.00107
41.18,28.63,202309,16.72,0.56,46.02,0.71,0.00973,0.00697,0.00254
41.18,28.63,202310,11.52,0.52,49.57,1.15,0.0067,0.0075,0.00412
41.18,28.63,202311,6.49,0.41,68.19,6.37,0.00378,0.01032,0.02281
41.18,28.63,202312,4.82,0.38,64.93,2.3,0.0028,0.00983,0.00824
41.18,28.66,202301,5.51,0.38,69.94,0.72,0.00321,0.01059,0.00258
41.18,28.66,202302,8.89,0.45,66.0,1.83,0.00517,0.00999,0.00655
41.18,28.66,202303,11.1,0.41,71.25,2.49,0.00646,0.01079,0.00892
41.18,28.66,202304,15.63,0.45,72.39,3.07,0.00909,0.01096,0.01099
41.18,28.66,202305,18.84,0.48,71.78,1.24,0.01096,0.01087,0.00444
41.18,28.66,202306,24.01,0.58,45.28,0.86,0.01397,0.00686,0.00308
41.18,28.66,202307,26.15,0.65,23.83,0.33,0.01521,0.00361,0.00118
41.18,28.66,202308,21.47,0.59,31.41,0.3,0.01249,0.00476,0.00107
41.18,28.66,202309,16.72,0.56,46.02,0.71,0.00973,0.00697,0.00254
41.18,28.66,202310,11.52,0.52,49.57,1.15,0.0067,0.0075,0.00412
41.18,28.66,202311,6.49,0.41,68.19,6.37,0.00378,0.01032,0.02281
41.18,28.66,202312,4.82,0.38,64.93,2.3,0.0028,0.00983,0.00824
41.18,28.69,202301,5.51,0.38,69.94,0.72,0.00321,0.01059,0.00258
41.18,28.69,202302,8.89,0.45,66.0,1.83,0.00517,0.00999,0.00655
41.18,28.69,202303,11.1,0.41,71.25,2.49,0.00646,0.01079,0.00892
41.18,28.69,202304,15.63,0.45,72.39,3.07,0.00909,0.01096,0.01099
41.18,28.69,202305,18.84,0.48,71.78,1.24,0.01096,0.01087,0.00444
41.18,28.69,202306,24.01,0.58,45.28,0.86,0.01397,0.00686,0.00308
41.18,28.69,202307,26.15,0.65,23.83,0.33,0.01521,0.00361,0.00118
41.18,28.69,202308,21.47,0.59,31.41,0.3,0.01249,0.00476,0.00107
41.18,28.69,202309,16.72,0.56,46.02,0.71,0.00973,0.00697,0.00254
41.18,28.69,202310,11.52,0.52,49.57,1.15,0.0067,0.0075,0.00412
41.18,28.69,202311,6.49,0.41,68.19,6.37,0.00378,0.01032,0.02281
41.18,28.69,202312,4.82,0.38,64.93,2.3,0.0028,0.00983,0.00824
41.18,28.72,202301,5.51,0.38,69.94,0.72,0.00321,0.01059,0.00258
41.18,28.72,202302,8.89,0.45,66.0,1.83,0.00517,0.00999,0.00655
41.18,28.72,202303,11.1,0.41,71.25,2.49,0.00646,0.01079,0.00892
41.18,28.72,202304,15.63,0.45,72.39,3.07,0.00909,0.01096,0.01099
41.18,28.72,202305,18.84,0.48,71.78,1.24,0.01096,0.01087,0.00444
41.18,28.72,202306,24.01,0.58,45.28,0.86,0.01397,0.00686,0.00308
41.18,28.72,202307,26.15,0.65,23.83,0.33,0.01521,0.00361,0.00118
41.18,28.72,202308,21.47,0.59,31.41,0.3,0.01249,0.00476,0.00107
41.18,28.72,202309,16.72,0.56,46.02,0.71,0.00973,0.00697,0.00254
41.18,28.72,202310,11.52,0.52,49.57,1.15,0.0067,0.0075,0.00412
41.18,28.72,202311,6.49,0.41,68.19,6.37,0.00378,0.01032,0.02281
41.18,28.72,202312,4.82,0.38,64.93,2.3,0.0028,0.00983,0.00824
41.18,28.75,202301,5.51,0.38,69.94,0.72,0.00321,0.01059,0.00258
41.18,28.75,202302,8.89,0.45,66.0,1.83,0.00517,0.00999,0.00655
41.18,28.75,202303,11.1,0.41,71.25,2.49,0.00646,0.01079,0.00892
41.18,28.75,202304,15.63,0.45,72.39,3.07,0.00909,0.01096,0.01099
41.18,28.75,202305,18.84,0.48,71.78,1.24,0.01096,0.01087,0.00444
41.18,28.75,202306,24.01,0.58,45.28,0.86,0.01397,0.00686,0.00308
41.18,28.75,202307,26.15,0.65,23.83,0.33,0.01521,0.00361,0.00118
41.18,28.75,202308,21.47,0.59,31.41,0.3,0.01249,0.00476,0.00107
41.18,28.75,202309,16.72,0.56,46.02,0.71,0.00973,0.00697,0.00254
41.18,28.75,202310,11.52,0.52,49.57,1.15,0.0067,0.0075,0.00412
41.18,28.75,202311,6.49,0.41,68.19,6.37,0.00378,0.01032,0.02281
41.18,28.75,202312,4.82,0.38,64.93,2.3,0.0028,0.00983,0.00824
41.18,28.78,202301,5.51,0.38,69.94,0.72,0.00321,0.01059,0.00258
41.18,28.78,202302,8.89,0.45,66.0,1.83,0.00517,0.00999,0.00655
41.18,28.78,202303,11.1,0.41,71.25,2.49,0.00646,0.01079,0.00892
41.18,28.78,202304,15.63,0.45,72.39,3.07,0.00909,0.01096,0.01099
41.18,28.78,202305,18.84,0.48,71.78,1.24,0.01096,0.01087,0.00444
41.18,28.78,202306,24.01,0.58,45.28,0.86,0.01397,0.00686,0.00308
41.18,28.78,202307,26.15,0.65,23.83,0.33,0.01521,0.00361,0.00118
41.18,28.78,202308,21.47,0.59,31.41,0.3,0.01249,0.00476,0.00107
41.18,28.78,202309,16.72,0.56,46.02,0.71,0.00973,0.00697,0.00254
41.18,28.78,202310,11.52,0.52,49.57,1.15,0.0067,0.0075,0.00412
41.18,28.78,202311,6.49,0.41,68.19,6.37,0.00378,0.01032,0.02281
41.18,28.78,202312,4.82,0.38,64.93,2.3,0.0028,0.00983,0.00824
41.18,28.81,202301,5.51,0.38,69.94,0.72,0.00321,0.01059,0.00258
41.18,28.81,202302,8.89,0.45,66.0,1.83,0.00517,0.00999,0.00655
41.18,28.81,202303,11.1,0.41,71.25,2.49,0.00646,0.01079,0.00892
41.18,28.81,202304,15.63,0.45,72.39,3.07,0.00909,0.01096,0.01099
41.18,28.81,202305,18.84,0.48,71.78,1.24,0.01096,0.01087,0.00444
41.18,28.81,202306,24.01,0.58,45.28,0.86,0.01397,0.00686,0.00308
41.18,28.81,202307,26.15,0.65,23.83,0.33,0.01521,0.00361,0.00118
41.18,28.81,202308,21.47,0.59,31.41,0.3,0.01249,0.00476,0.00107
41.18,28.81,202309,16.72,0.56,46.02,0.71,0.00973,0.00697,0.00254
41.18,28.81,202310,11.52,0.52,49.57,1.15,0.0067,0.0075,0.00412
41.18,28.81,202311,6.49,0.41,68.19,6.37,0.00378,0.01032,0.02281
41.18,28.81,202312,4.82,0.38,64.93,2.3,0.0028,0.00983,0.00824
41.18,28.84,202301,5.51,0.38,69.94,0.72,0.00321,0.01059,0.00258
41.18,28.84,202302,8.89,0.45,66.0,1.83,0.00517,0.00999,0.00655
41.18,28.84,202303,11.1,0.41,71.25,2.49,0.00646,0.01079,0.00892
41.18,28.84,202304,15.63,0.45,72.39,3.07,0.00909,0.01096,0.01099
41.18,28.84,202305,18.84,0.48,71.78,1.24,0.01096,0.01087,0.00444
41.18,28.84,202306,24.01,0.58,45.28,0.86,0.01397,0.00686,0.00308
41.18,28.84,202307,26.15,0.65,23.83,0.33,0.01521,0.00361,0.00118
41.18,28.84,202308,21.47,0.59,31.41,0.3,0.01249,0.00476,0.00107
41.18,28.84,202309,16.72,0.56,46.02,0.71,0.00973,0.00697,0.00254
41.18,28.84,202310,11.52,0.52,49.57,1.15,0.0067,0.0075,0.00412
41.18,28.84,202311,6.49,0.41,68.19,6.37,0.00378,0.01032,0.02281
41.18,28.84,202312,4.82,0.38,64.93,2.3,0.0028,0.00983,0.00824
41.18,28.87,202301,5.51,0.38,69.94,0.72,0.00321,0.01059,0.00258
41.18,28.87,202302,8.89,0.45,66.0,1.83,0.00517,0.00999,0.00655
41.18,28.87,202303,11.1,0.41,71.25,2.49,0.00646,0.01079,0.00892
41.18,28.87,202304,15.63,0.45,72.39,3.07,0.00909,0.01096,0.01099
41.18,28.87,202305,18.84,0.48,71.78,1.24,0.01096,0.01087,0.00444
41.18,28.87,202306,24.01,0.58,45.28,0.86,0.01397,0.00686,0.00308
41.18,28.87,202307,26.15,0.65,23.83,0.33,0.01521,0.00361,0.00118
41.18,28.87,202308,21.47,0.59,31.41,0.3,0.01249,0.00476,0.00107
41.18,28.87,202309,16.72,0.56,46.02,0.71,0.00973,0.00697,0.00254
41.18,28.87,202310,11.52,0.52,49.57,1.15,0.0067,0.0075,0.00412
41.18,28.87,202311,6.49,0.41,68.19,6.37,0.00378,0.01032,0.02281
41.18,28.87,202312,4.82,0.38,64.93,2.3,0.0028,0.00983,0.00824
41.18,28.9,202301,5.51,0.38,69.94,0.72,0.00321,0.01059,0.00258
41.18,28.9,202302,8.89,0.45,66.0,1.83,0.00517,0.00999,0.00655
41.18,28.9,202303,11.1,0.41,71.25,2.49,0.00646,0.01079,0.00892
41.18,28.9,202304,15.63,0.45,72.39,3.07,0.00909,0.01096,0.01099
41.18,28.9,202305,18.84,0.48,71.78,1.24,0.01096,0.01087,0.00444
41.18,28.9,202306,24.01,0.58,45.28,0.86,0.01397,0.00686,0.00308
41.18,28.9,202307,26.15,0.65,23.83,0.33,0.01521,0.00361,0.00118
41.18,28.9,202308,21.47,0.59,31.41,0.3,0.01249,0.00476,0.00107
41.18,28.9,202309,16.72,0.56,46.02,0.71,0.00973,0.00697,0.00254
41.18,28.9,202310,11.52,0.52,49.57,1.15,0.0067,0.0075,0.00412
41.18,28.9,202311,6.49,0.41,68.19,6.37,0.00378,0.01032,0.02281
41.18,28.9,202312,4.82,0.38,64.93,2.3,0.0028,0.00983,0.00824
41.18,28.93,202301,5.51,0.38,69.94,0.72,0.00321,0.01059,0.00258
41.18,28.93,202302,8.89,0.45,66.0,1.83,0.00517,0.00999,0.00655
41.18,28.93,202303,11.1,0.41,71.25,2.49,0.00646,0.01079,0.00892
41.18,28.93,202304,15.63,0.45,72.39,3.07,0.00909,0.01096,0.01099
41.18,28.93,202305,18.84,0.48,71.78,1.24,0.01096,0.01087,0.00444
41.18,28.93,202306,24.01,0.58,45.28,0.86,0.01397,0.00686,0.00308
41.18,28.93,202307,26.15,0.65,23.83,0.33,0.01521,0.00361,0.00118
41.18,28.93,202308,21.47,0.59,31.41,0.3,0.01249,0.00476,0.00107
41.18,28.93,202309,16.72,0.56,46.02,0.71,0.00973,0.00697,0.00254
41.18,28.93,202310,11.52,0.52,49.57,1.15,0.0067,0.0075,0.00412
41.18,28.93,202311,6.49,0.41,68.19,6.37,0.00378,0.01032,0.02281
41.18,28.93,202312,4.82,0.38,64.93,2.3,0.0028,0.00983,0.00824
41.18,28.96,202301,5.51,0.38,69.94,0.72,0.00321,0.01059,0.00258
41.18,28.96,202302,8.89,0.45,66.0,1.83,0.00517,0.00999,0.00655
41.18,28.96,202303,11.1,0.41,71.25,2.49,0.00646,0.01079,0.00892
41.18,28.96,202304,15.63,0.45,72.39,3.07,0.00909,0.01096,0.01099
41.18,28.96,202305,18.84,0.48,71.78,1.24,0.01096,0.01087,0.00444
41.18,28.96,202306,24.01,0.58,45.28,0.86,0.01397,0.00686,0.00308
41.18,28.96,202307,26.15,0.65,23.83,0.33,0.01521,0.00361,0.00118
41.18,28.96,202308,21.47,0.59,31.41,0.3,0.01249,0.00476,0.00107
41.18,28.96,202309,16.72,0.56,46.02,0.71,0.00973,0.00697,0.00254
41.18,28.96,202310,11.52,0.52,49.57,1.15,0.0067,0.0075,0.00412
41.18,28.96,202311,6.49,0.41,68.19,6.37,0.00378,0.01032,0.02281
41.18,28.96,202312,4.82,0.38,64.93,2.3,0.0028,0.00983,0.00824
41.18,28.99,202301,5.51,0.38,69.94,0.72,0.00321,0.01059,0.00258
41.18,28.99,202302,8.89,0.45,66.0,1.83,0.00517,0.00999,0.00655
41.18,28.99,202303,11.1,0.41,71.25,2.49,0.00646,0.01079,0.00892
41.18,28.99,202304,15.63,0.45,72.39,3.07,0.00909,0.01096,0.01099
41.18,28.99,202305,18.84,0.48,71.78,1.24,0.01096,0.01087,0.00444
41.18,28.99,202306,24.01,0.58,45.28,0.86,0.01397,0.00686,0.00308
41.18,28.99,202307,26.15,0.65,23.83,0.33,0.01521,0.00361,0.00118
41.18,28.99,202308,21.47,0.59,31.41,0.3,0.01249,0.00476,0.00107
41.18,28.99,202309,16.72,0.56,46.02,0.71,0.00973,0.00697,0.00254
41.18,28.99,202310,11.52,0.52,49.57,1.15,0.0067,0.0075,0.00412
41.18,28.99,202311,6.49,0.41,68.19,6.37,0.00378,0.01032,0.02281
41.18,28.99,202312,4.82,0.38,64.93,2.3,0.0028,0.00983,0.00824
41.18,29.02,202301,5.47,0.38,77.44,0.72,0.00318,0.01172,0.00258
41.18,29.02,202302,8.67,0.44,75.84,1.83,0.00504,0.01148,0.00655
41.18,29.02,202303,10.41,0.38,81.4,2.49,0.00606,0.01232,0.00892
41.18,29.02,202304,15.39,0.45,77.59,3.07,0.00895,0.01175,0.01099
41.18,29.02,202305,18.83,0.48,75.98,1.24,0.01095,0.0115,0.00444
41.18,29.02,202306,23.93,0.57,50.76,0.86,0.01392,0.00768,0.00308
41.18,29.02,202307,25.58,0.63,28.76,0.33,0.01488,0.00435,0.00118
41.18,29.02,202308,21.98,0.61,33.24,0.3,0.01279,0.00503,0.00107
41.18,29.02,202309,17.75,0.6,55.94,0.71,0.01032,0.00847,0.00254
41.18,29.02,202310,11.5,0.52,63.42,1.15,0.00669,0.0096,0.00412
41.18,29.02,202311,6.57,0.42,78.12,6.37,0.00382,0.01183,0.02281
41.18,29.02,202312,4.93,0.38,71.96,2.3,0.00287,0.01089,0.00824
41.18,29.05,202301,5.47,0.38,77.44,0.72,0.00318,0.01172,0.00258
41.18,29.05,202302,8.67,0.44,75.84,1.83,0.00504,0.01148,0.00655
41.18,29.05,202303,10.41,0.38,81.4,2.49,0.00606,0.01232,0.00892
41.18,29.05,202304,15.39,0.45,77.59,3.07,0.00895,0.01175,0.01099
41.18,29.05,202305,18.83,0.48,75.98,1.24,0.01095,0.0115,0.00444
41.18,29.05,202306,23.93,0.57,50.76,0.86,0.01392,0.00768,0.00308
41.18,29.05,202307,25.58,0.63,28.76,0.33,0.01488,0.00435,0.00118
41.18,29.05,202308,21.98,0.61,33.24,0.3,0.01279,0.00503,0.00107
41.18,29.05,202309,17.75,0.6,55.94,0.71,0.01032,0.00847,0.00254
41.18,29.05,202310,11.5,0.52,63.42,1.15,0.00669,0.0096,0.00412
41.18,29.05,202311,6.57,0.42,78.12,6.37,0.00382,0.01183,0.02281
41.18,29.05,202312,4.93,0.38,71.96,2.3,0.00287,0.01089,0.00824
41.18,29.11,202301,5.47,0.38,77.44,0.72,0.00318,0.01172,0.00258
41.18,29.11,202302,8.67,0.44,75.84,2.53,0.00504,0.01148,0.00906
41.18,29.11,202303,10.41,0.38,81.4,2.88,0.00606,0.01232,0.01031
41.18,29.11,202304,15.39,0.45,77.59,3.03,0.00895,0.01175,0.01085
41.18,29.11,202305,18.83,0.48,75.98,1.35,0.01095,0.0115,0.00483
41.18,29.11,202306,23.93,0.57,50.76,1.56,0.01392,0.00768,0.00559
41.18,29.11,202307,25.58,0.63,28.76,0.79,0.01488,0.00435,0.00283
41.18,29.11,202308,21.98,0.61,33.24,0.51,0.01279,0.00503,0.00183
41.18,29.11,202309,17.75,0.6,55.94,0.89,0.01032,0.00847,0.00319
41.18,29.11,202310,11.5,0.52,63.42,1.83,0.00669,0.0096,0.00655
41.18,29.11,202311,6.57,0.42,78.12,6.97,0.00382,0.01183,0.02496
41.18,29.11,202312,4.93,0.38,71.96,2.45,0.00287,0.01089,0.00877
41.18,29.14,202301,5.47,0.38,77.44,0.72,0.00318,0.01172,0.00258
41.18,29.14,202302,8.67,0.44,75.84,2.53,0.00504,0.01148,0.00906
41.18,29.14,202303,10.41,0.38,81.4,2.88,0.00606,0.01232,0.01031
41.18,29.14,202304,15.39,0.45,77.59,3.03,0.00895,0.01175,0.01085
41.18,29.14,202305,18.83,0.48,75.98,1.35,0.01095,0.0115,0.00483
41.18,29.14,202306,23.93,0.57,50.76,1.56,0.01392,0.00768,0.00559
41.18,29.14,202307,25.58,0.63,28.76,0.79,0.01488,0.00435,0.00283
41.18,29.14,202308,21.98,0.61,33.24,0.51,0.01279,0.00503,0.00183
41.18,29.14,202309,17.75,0.6,55.94,0.89,0.01032,0.00847,0.00319
41.18,29.14,202310,11.5,0.52,63.42,1.83,0.00669,0.0096,0.00655
41.18,29.14,202311,6.57,0.42,78.12,6.97,0.00382,0.01183,0.02496
41.18,29.14,202312,4.93,0.38,71.96,2.45,0.00287,0.01089,0.00877
41.18,29.17,202301,5.47,0.38,77.44,0.72,0.00318,0.01172,0.00258
41.18,29.17,202302,8.67,0.44,75.84,2.53,0.00504,0.01148,0.00906
41.18,29.17,202303,10.41,0.38,81.4,2.88,0.00606,0.01232,0.01031
41.18,29.17,202304,15.39,0.45,77.59,3.03,0.00895,0.01175,0.01085
41.18,29.17,202305,18.83,0.48,75.98,1.35,0.01095,0.0115,0.00483
41.18,29.17,202306,23.93,0.57,50.76,1.56,0.01392,0.00768,0.00559
41.18,29.17,202307,25.58,0.63,28.76,0.79,0.01488,0.00435,0.00283
41.18,29.17,202308,21.98,0.61,33.24,0.51,0.01279,0.00503,0.00183
41.18,29.17,202309,17.75,0.6,55.94,0.89,0.01032,0.00847,0.00319
41.18,29.17,202310,11.5,0.52,63.42,1.83,0.00669,0.0096,0.00655
41.18,29.17,202311,6.57,0.42,78.12,6.97,0.00382,0.01183,0.02496
41.18,29.17,202312,4.93,0.38,71.96,2.45,0.00287,0.01089,0.00877
41.18,29.2,202301,5.47,0.38,77.44,0.72,0.00318,0.01172,0.00258
41.18,29.2,202302,8.67,0.44,75.84,2.53,0.00504,0.01148,0.00906
41.18,29.2,202303,10.41,0.38,81.4,2.88,0.00606,0.01232,0.01031
41.18,29.2,202304,15.39,0.45,77.59,3.03,0.00895,0.01175,0.01085
41.18,29.2,202305,18.83,0.48,75.98,1.35,0.01095,0.0115,0.00483
41.18,29.2,202306,23.93,0.57,50.76,1.56,0.01392,0.00768,0.00559
41.18,29.2,202307,25.58,0.63,28.76,0.79,0.01488,0.00435,0.00283
41.18,29.2,202308,21.98,0.61,33.24,0.51,0.01279,0.00503,0.00183
41.18,29.2,202309,17.75,0.6,55.94,0.89,0.01032,0.00847,0.00319
41.18,29.2,202310,11.5,0.52,63.42,1.83,0.00669,0.0096,0.00655
41.18,29.2,202311,6.57,0.42,78.12,6.97,0.00382,0.01183,0.02496
41.18,29.2,202312,4.93,0.38,71.96,2.45,0.00287,0.01089,0.00877
41.18,29.23,202301,5.47,0.38,77.44,0.72,0.00318,0.01172,0.00258
41.18,29.23,202302,8.67,0.44,75.84,2.53,0.00504,0.01148,0.00906
41.18,29.23,202303,10.41,0.38,81.4,2.88,0.00606,0.01232,0.01031
41.18,29.23,202304,15.39,0.45,77.59,3.03,0.00895,0.01175,0.01085
41.18,29.23,202305,18.83,0.48,75.98,1.35,0.01095,0.0115,0.00483
41.18,29.23,202306,23.93,0.57,50.76,1.56,0.01392,0.00768,0.00559
41.18,29.23,202307,25.58,0.63,28.76,0.79,0.01488,0.00435,0.00283
41.18,29.23,202308,21.98,0.61,33.24,0.51,0.01279,0.00503,0.00183
41.18,29.23,202309,17.75,0.6,55.94,0.89,0.01032,0.00847,0.00319
41.18,29.23,202310,11.5,0.52,63.42,1.83,0.00669,0.0096,0.00655
41.18,29.23,202311,6.57,0.42,78.12,6.97,0.00382,0.01183,0.02496
41.18,29.23,202312,4.93,0.38,71.96,2.45,0.00287,0.01089,0.00877
41.18,29.26,202301,5.47,0.38,77.44,0.72,0.00318,0.01172,0.00258
41.18,29.26,202302,8.67,0.44,75.84,2.53,0.00504,0.01148,0.00906
41.18,29.26,202303,10.41,0.38,81.4,2.88,0.00606,0.01232,0.01031
41.18,29.26,202304,15.39,0.45,77.59,3.03,0.00895,0.01175,0.01085
41.18,29.26,202305,18.83,0.48,75.98,1.35,0.01095,0.0115,0.00483
41.18,29.26,202306,23.93,0.57,50.76,1.56,0.01392,0.00768,0.00559
41.18,29.26,202307,25.58,0.63,28.76,0.79,0.01488,0.00435,0.00283
41.18,29.26,202308,21.98,0.61,33.24,0.51,0.01279,0.00503,0.00183
41.18,29.26,202309,17.75,0.6,55.94,0.89,0.01032,0.00847,0.00319
41.18,29.26,202310,11.5,0.52,63.42,1.83,0.00669,0.0096,0.00655
41.18,29.26,202311,6.57,0.42,78.12,6.97,0.00382,0.01183,0.02496
41.18,29.26,202312,4.93,0.38,71.96,2.45,0.00287,0.01089,0.00877
41.18,29.29,202301,5.47,0.38,77.44,0.72,0.00318,0.01172,0.00258
41.18,29.29,202302,8.67,0.44,75.84,2.53,0.00504,0.01148,0.00906
41.18,29.29,202303,10.41,0.38,81.4,2.88,0.00606,0.01232,0.01031
41.18,29.29,202304,15.39,0.45,77.59,3.03,0.00895,0.01175,0.01085
41.18,29.29,202305,18.83,0.48,75.98,1.35,0.01095,0.0115,0.00483
41.18,29.29,202306,23.93,0.57,50.76,1.56,0.01392,0.00768,0.00559
41.18,29.29,202307,25.58,0.63,28.76,0.79,0.01488,0.00435,0.00283
41.18,29.29,202308,21.98,0.61,33.24,0.51,0.01279,0.00503,0.00183
41.18,29.29,202309,17.75,0.6,55.94,0.89,0.01032,0.00847,0.00319
41.18,29.29,202310,11.5,0.52,63.42,1.83,0.00669,0.0096,0.00655
41.18,29.29,202311,6.57,0.42,78.12,6.97,0.00382,0.01183,0.02496
41.18,29.29,202312,4.93,0.38,71.96,2.45,0.00287,0.01089,0.00877
41.18,29.32,202301,5.47,0.38,77.44,0.72,0.00318,0.01172,0.00258
41.18,29.32,202302,8.67,0.44,75.84,2.53,0.00504,0.01148,0.00906
41.18,29.32,202303,10.41,0.38,81.4,2.88,0.00606,0.01232,0.01031
41.18,29.32,202304,15.39,0.45,77.59,3.03,0.00895,0.01175,0.01085
41.18,29.32,202305,18.83,0.48,75.98,1.35,0.01095,0.0115,0.00483
41.18,29.32,202306,23.93,0.57,50.76,1.56,0.01392,0.00768,0.00559
41.18,29.32,202307,25.58,0.63,28.76,0.79,0.01488,0.00435,0.00283
41.18,29.32,202308,21.98,0.61,33.24,0.51,0.01279,0.00503,0.00183
41.18,29.32,202309,17.75,0.6,55.94,0.89,0.01032,0.00847,0.00319
41.18,29.32,202310,11.5,0.52,63.42,1.83,0.00669,0.0096,0.00655
41.18,29.32,202311,6.57,0.42,78.12,6.97,0.00382,0.01183,0.02496
41.18,29.32,202312,4.93,0.38,71.96,2.45,0.00287,0.01089,0.00877
41.18,29.35,202301,5.47,0.38,77.44,0.72,0.00318,0.01172,0.00258
41.18,29.35,202302,8.67,0.44,75.84,2.53,0.00504,0.01148,0.00906
41.18,29.35,202303,10.41,0.38,81.4,2.88,0.00606,0.01232,0.01031
41.18,29.35,202304,15.39,0.45,77.59,3.03,0.00895,0.01175,0.01085
41.18,29.35,202305,18.83,0.48,75.98,1.35,0.01095,0.0115,0.00483
41.18,29.35,202306,23.93,0.57,50.76,1.56,0.01392,0.00768,0.00559
41.18,29.35,202307,25.58,0.63,28.76,0.79,0.01488,0.00435,0.00283
41.18,29.35,202308,21.98,0.61,33.24,0.51,0.01279,0.00503,0.00183
41.18,29.35,202309,17.75,0.6,55.94,0.89,0.01032,0.00847,0.00319
41.18,29.35,202310,11.5,0.52,63.42,1.83,0.00669,0.0096,0.00655
41.18,29.35,202311,6.57,0.42,78.12,6.97,0.00382,0.01183,0.02496
41.18,29.35,202312,4.93,0.38,71.96,2.45,0.00287,0.01089,0.00877
41.18,29.38,202301,5.47,0.38,77.44,0.72,0.00318,0.01172,0.00258
41.18,29.38,202302,8.67,0.44,75.84,2.53,0.00504,0.01148,0.00906
41.18,29.38,202303,10.41,0.38,81.4,2.88,0.00606,0.01232,0.01031
41.18,29.38,202304,15.39,0.45,77.59,3.03,0.00895,0.01175,0.01085
41.18,29.38,202305,18.83,0.48,75.98,1.35,0.01095,0.0115,0.00483
41.18,29.38,202306,23.93,0.57,50.76,1.56,0.01392,0.00768,0.00559
41.18,29.38,202307,25.58,0.63,28.76,0.79,0.01488,0.00435,0.00283
41.18,29.38,202308,21.98,0.61,33.24,0.51,0.01279,0.00503,0.00183
41.18,29.38,202309,17.75,0.6,55.94,0.89,0.01032,0.00847,0.00319
41.18,29.38,202310,11.5,0.52,63.42,1.83,0.00669,0.0096,0.00655
41.18,29.38,202311,6.57,0.42,78.12,6.97,0.00382,0.01183,0.02496
41.18,29.38,202312,4.93,0.38,71.96,2.45,0.00287,0.01089,0.00877
41.18,29.41,202301,5.47,0.38,77.44,0.72,0.00318,0.01172,0.00258
41.18,29.41,202302,8.67,0.44,75.84,2.53,0.00504,0.01148,0.00906
41.18,29.41,202303,10.41,0.38,81.4,2.88,0.00606,0.01232,0.01031
41.18,29.41,202304,15.39,0.45,77.59,3.03,0.00895,0.01175,0.01085
41.18,29.41,202305,18.83,0.48,75.98,1.35,0.01095,0.0115,0.00483
41.18,29.41,202306,23.93,0.57,50.76,1.56,0.01392,0.00768,0.00559
41.18,29.41,202307,25.58,0.63,28.76,0.79,0.01488,0.00435,0.00283
41.18,29.41,202308,21.98,0.61,33.24,0.51,0.01279,0.00503,0.00183
41.18,29.41,202309,17.75,0.6,55.94,0.89,0.01032,0.00847,0.00319
41.18,29.41,202310,11.5,0.52,63.42,1.83,0.00669,0.0096,0.00655
41.18,29.41,202311,6.57,0.42,78.12,6.97,0.00382,0.01183,0.02496
41.18,29.41,202312,4.93,0.38,71.96,2.45,0.00287,0.01089,0.00877
41.18,29.44,202301,5.47,0.38,77.44,0.72,0.00318,0.01172,0.00258
41.18,29.44,202302,8.67,0.44,75.84,2.53,0.00504,0.01148,0.00906
41.18,29.44,202303,10.41,0.38,81.4,2.88,0.00606,0.01232,0.01031
41.18,29.44,202304,15.39,0.45,77.59,3.03,0.00895,0.01175,0.01085
41.18,29.44,202305,18.83,0.48,75.98,1.35,0.01095,0.0115,0.00483
41.18,29.44,202306,23.93,0.57,50.76,1.56,0.01392,0.00768,0.00559
41.18,29.44,202307,25.58,0.63,28.76,0.79,0.01488,0.00435,0.00283
41.18,29.44,202308,21.98,0.61,33.24,0.51,0.01279,0.00503,0.00183
41.18,29.44,202309,17.75,0.6,55.94,0.89,0.01032,0.00847,0.00319
41.18,29.44,202310,11.5,0.52,63.42,1.83,0.00669,0.0096,0.00655
41.18,29.44,202311,6.57,0.42,78.12,6.97,0.00382,0.01183,0.02496
41.18,29.44,202312,4.93,0.38,71.96,2.45,0.00287,0.01089,0.00877
41.18,29.47,202301,5.47,0.38,77.44,0.72,0.00318,0.01172,0.00258
41.18,29.47,202302,8.67,0.44,75.84,2.53,0.00504,0.01148,0.00906
41.18,29.47,202303,10.41,0.38,81.4,2.88,0.00606,0.01232,0.01031
41.18,29.47,202304,15.39,0.45,77.59,3.03,0.00895,0.01175,0.01085
41.18,29.47,202305,18.83,0.48,75.98,1.35,0.01095,0.0115,0.00483
41.18,29.47,202306,23.93,0.57,50.76,1.56,0.01392,0.00768,0.00559
41.18,29.47,202307,25.58,0.63,28.76,0.79,0.01488,0.00435,0.00283
41.18,29.47,202308,21.98,0.61,33.24,0.51,0.01279,0.00503,0.00183
41.18,29.47,202309,17.75,0.6,55.94,0.89,0.01032,0.00847,0.00319
41.18,29.47,202310,11.5,0.52,63.42,1.83,0.00669,0.0096,0.00655
41.18,29.47,202311,6.57,0.42,78.12,6.97,0.00382,0.01183,0.02496
41.18,29.47,202312,4.93,0.38,71.96,2.45,0.00287,0.01089,0.00877
41.18,29.5,202301,5.47,0.38,77.44,0.72,0.00318,0.01172,0.00258
41.18,29.5,202302,8.67,0.44,75.84,2.53,0.00504,0.01148,0.00906
41.18,29.5,202303,10.41,0.38,81.4,2.88,0.00606,0.01232,0.01031
41.18,29.5,202304,15.39,0.45,77.59,3.03,0.00895,0.01175,0.01085
41.18,29.5,202305,18.83,0.48,75.98,1.35,0.01095,0.0115,0.00483
41.18,29.5,202306,23.93,0.57,50.76,1.56,0.01392,0.00768,0.00559
41.18,29.5,202307,25.58,0.63,28.76,0.79,0.01488,0.00435,0.00283
41.18,29.5,202308,21.98,0.61,33.24,0.51,0.01279,0.00503,0.00183
41.18,29.5,202309,17.75,0.6,55.94,0.89,0.01032,0.00847,0.00319
41.18,29.5,202310,11.5,0.52,63.42,1.83,0.00669,0.0096,0.00655
41.18,29.5,202311,6.57,0.42,78.12,6.97,0.00382,0.01183,0.02496
41.18,29.5,202312,4.93,0.38,71.96,2.45,0.00287,0.01089,0.00877
41.2,28.03,202301,5.51,0.38,69.94,0.87,0.00321,0.01059,0.00312
41.2,28.03,202302,8.89,0.45,66.0,1.39,0.00517,0.00999,0.00498
41.2,28.03,202303,11.1,0.41,71.25,2.38,0.00646,0.01079,0.00852
41.2,28.03,202304,15.63,0.45,72.39,3.11,0.00909,0.01096,0.01114
41.2,28.03,202305,18.84,0.48,71.78,1.18,0.01096,0.01087,0.00423
41.2,28.03,202306,24.01,0.58,45.28,0.92,0.01397,0.00686,0.00329
41.2,28.03,202307,26.15,0.65,23.83,0.27,0.01521,0.00361,0.00097
41.2,28.03,202308,21.47,0.59,31.41,0.21,0.01249,0.00476,0.00075
41.2,28.03,202309,16.72,0.56,46.02,0.96,0.00973,0.00697,0.00344
41.2,28.03,202310,11.52,0.52,49.57,0.71,0.0067,0.0075,0.00254
41.2,28.03,202311,6.49,0.41,68.19,6.61,0.00378,0.01032,0.02367
41.2,28.03,202312,4.82,0.38,64.93,2.62,0.0028,0.00983,0.00938
41.2,28.06,202301,5.51,0.38,69.94,0.87,0.00321,0.01059,0.00312
41.2,28.06,202302,8.89,0.45,66.0,1.39,0.00517,0.00999,0.00498
41.2,28.06,202303,11.1,0.41,71.25,2.38,0.00646,0.01079,0.00852
41.2,28.06,202304,15.63,0.45,72.39,3.11,0.00909,0.01096,0.01114
41.2,28.06,202305,18.84,0.48,71.78,1.18,0.01096,0.01087,0.00423
41.2,28.06,202306,24.01,0.58,45.28,0.92,0.01397,0.00686,0.00329
41.2,28.06,202307,26.15,0.65,23.83,0.27,0.01521,0.00361,0.00097
41.2,28.06,202308,21.47,0.59,31.41,0.21,0.01249,0.00476,0.00075
41.2,28.06,202309,16.72,0.56,46.02,0.96,0.00973,0.00697,0.00344
41.2,28.06,202310,11.52,0.52,49.57,0.71,0.0067,0.0075,0.00254
41.2,28.06,202311,6.49,0.41,68.19,6.61,0.00378,0.01032,0.02367
41.2,28.06,202312,4.82,0.38,64.93,2.62,0.0028,0.00983,0.00938
41.2,28.09,202301,5.51,0.38,69.94,0.87,0.00321,0.01059,0.00312
41.2,28.09,202302,8.89,0.45,66.0,1.39,0.00517,0.00999,0.00498
41.2,28.09,202303,11.1,0.41,71.25,2.38,0.00646,0.01079,0.00852
41.2,28.09,202304,15.63,0.45,72.39,3.11,0.00909,0.01096,0.01114
41.2,28.09,202305,18.84,0.48,71.78,1.18,0.01096,0.01087,0.00423
41.2,28.09,202306,24.01,0.58,45.28,0.92,0.01397,0.00686,0.00329
41.2,28.09,202307,26.15,0.65,23.83,0.27,0.01521,0.00361,0.00097
41.2,28.09,202308,21.47,0.59,31.41,0.21,0.01249,0.00476,0.00075
41.2,28.09,202309,16.72,0.56,46.02,0.96,0.00973,0.00697,0.00344
41.2,28.09,202310,11.52,0.52,49.57,0.71,0.0067,0.0075,0.00254
41.2,28.09,202311,6.49,0.41,68.19,6.61,0.00378,0.01032,0.02367
41.2,28.09,202312,4.82,0.38,64.93,2.62,0.0028,0.00983,0.00938
41.2,28.12,202301,5.51,0.38,69.94,0.87,0.00321,0.01059,0.00312
41.2,28.12,202302,8.89,0.45,66.0,1.39,0.00517,0.00999,0.00498
41.2,28.12,202303,11.1,0.41,71.25,2.38,0.00646,0.01079,0.00852
41.2,28.12,202304,15.63,0.45,72.39,3.11,0.00909,0.01096,0.01114
41.2,28.12,202305,18.84,0.48,71.78,1.18,0.01096,0.01087,0.00423
41.2,28.12,202306,24.01,0.58,45.28,0.92,0.01397,0.00686,0.00329
41.2,28.12,202307,26.15,0.65,23.83,0.27,0.01521,0.00361,0.00097
41.2,28.12,202308,21.47,0.59,31.41,0.21,0.01249,0.00476,0.00075
41.2,28.12,202309,16.72,0.56,46.02,0.96,0.00973,0.00697,0.00344
41.2,28.12,202310,11.52,0.52,49.57,0.71,0.0067,0.0075,0.00254
41.2,28.12,202311,6.49,0.41,68.19,6.61,0.00378,0.01032,0.02367
41.2,28.12,202312,4.82,0.38,64.93,2.62,0.0028,0.00983,0.00938
41.2,28.15,202301,5.51,0.38,69.94,0.87,0.00321,0.01059,0.00312
41.2,28.15,202302,8.89,0.45,66.0,1.39,0.00517,0.00999,0.00498
41.2,28.15,202303,11.1,0.41,71.25,2.38,0.00646,0.01079,0.00852
41.2,28.15,202304,15.63,0.45,72.39,3.11,0.00909,0.01096,0.01114
41.2,28.15,202305,18.84,0.48,71.78,1.18,0.01096,0.01087,0.00423
41.2,28.15,202306,24.01,0.58,45.28,0.92,0.01397,0.00686,0.00329
41.2,28.15,202307,26.15,0.65,23.83,0.27,0.01521,0.00361,0.00097
41.2,28.15,202308,21.47,0.59,31.41,0.21,0.01249,0.00476,0.00075
41.2,28.15,202309,16.72,0.56,46.02,0.96,0.00973,0.00697,0.00344
41.2,28.15,202310,11.52,0.52,49.57,0.71,0.0067,0.0075,0.00254
41.2,28.15,202311,6.49,0.41,68.19,6.61,0.00378,0.01032,0.02367
41.2,28.15,202312,4.82,0.38,64.93,2.62,0.0028,0.00983,0.00938
41.2,28.18,202301,5.51,0.38,69.94,0.87,0.00321,0.01059,0.00312
41.2,28.18,202302,8.89,0.45,66.0,1.39,0.00517,0.00999,0.00498
41.2,28.18,202303,11.1,0.41,71.25,2.38,0.00646,0.01079,0.00852
41.2,28.18,202304,15.63,0.45,72.39,3.11,0.00909,0.01096,0.01114
41.2,28.18,202305,18.84,0.48,71.78,1.18,0.01096,0.01087,0.00423
41.2,28.18,202306,24.01,0.58,45.28,0.92,0.01397,0.00686,0.00329
41.2,28.18,202307,26.15,0.65,23.83,0.27,0.01521,0.00361,0.00097
41.2,28.18,202308,21.47,0.59,31.41,0.21,0.01249,0.00476,0.00075
41.2,28.18,202309,16.72,0.56,46.02,0.96,0.00973,0.00697,0.00344
41.2,28.18,202310,11.52,0.52,49.57,0.71,0.0067,0.0075,0.00254
41.2,28.18,202311,6.49,0.41,68.19,6.61,0.00378,0.01032,0.02367
41.2,28.18,202312,4.82,0.38,64.93,2.62,0.0028,0.00983,0.00938
41.2,28.21,202301,5.51,0.38,69.94,0.87,0.00321,0.01059,0.00312
41.2,28.21,202302,8.89,0.45,66.0,1.39,0.00517,0.00999,0.00498
41.2,28.21,202303,11.1,0.41,71.25,2.38,0.00646,0.01079,0.00852
41.2,28.21,202304,15.63,0.45,72.39,3.11,0.00909,0.01096,0.01114
41.2,28.21,202305,18.84,0.48,71.78,1.18,0.01096,0.01087,0.00423
41.2,28.21,202306,24.01,0.58,45.28,0.92,0.01397,0.00686,0.00329
41.2,28.21,202307,26.15,0.65,23.83,0.27,0.01521,0.00361,0.00097
41.2,28.21,202308,21.47,0.59,31.41,0.21,0.01249,0.00476,0.00075
41.2,28.21,202309,16.72,0.56,46.02,0.96,0.00973,0.00697,0.00344
41.2,28.21,202310,11.52,0.52,49.57,0.71,0.0067,0.0075,0.00254
41.2,28.21,202311,6.49,0.41,68.19,6.61,0.00378,0.01032,0.02367
41.2,28.21,202312,4.82,0.38,64.93,2.62,0.0028,0.00983,0.00938
41.2,28.24,202301,5.51,0.38,69.94,0.87,0.00321,0.01059,0.00312
41.2,28.24,202302,8.89,0.45,66.0,1.39,0.00517,0.00999,0.00498
41.2,28.24,202303,11.1,0.41,71.25,2.38,0.00646,0.01079,0.00852
41.2,28.24,202304,15.63,0.45,72.39,3.11,0.00909,0.01096,0.01114
41.2,28.24,202305,18.84,0.48,71.78,1.18,0.01096,0.01087,0.00423
41.2,28.24,202306,24.01,0.58,45.28,0.92,0.01397,0.00686,0.00329
41.2,28.24,202307,26.15,0.65,23.83,0.27,0.01521,0.00361,0.00097
41.2,28.24,202308,21.47,0.59,31.41,0.21,0.01249,0.00476,0.00075
41.2,28.24,202309,16.72,0.56,46.02,0.96,0.00973,0.00697,0.00344
41.2,28.24,202310,11.52,0.52,49.57,0.71,0.0067,0.0075,0.00254
41.2,28.24,202311,6.49,0.41,68.19,6.61,0.00378,0.01032,0.02367
41.2,28.24,202312,4.82,0.38,64.93,2.62,0.0028,0.00983,0.00938
41.2,28.27,202301,5.51,0.38,69.94,0.87,0.00321,0.01059,0.00312
41.2,28.27,202302,8.89,0.45,66.0,1.39,0.00517,0.00999,0.00498
41.2,28.27,202303,11.1,0.41,71.25,2.38,0.00646,0.01079,0.00852
41.2,28.27,202304,15.63,0.45,72.39,3.11,0.00909,0.01096,0.01114
41.2,28.27,202305,18.84,0.48,71.78,1.18,0.01096,0.01087,0.00423
41.2,28.27,202306,24.01,0.58,45.28,0.92,0.01397,0.00686,0.00329
41.2,28.27,202307,26.15,0.65,23.83,0.27,0.01521,0.00361,0.00097
41.2,28.27,202308,21.47,0.59,31.41,0.21,0.01249,0.00476,0.00075
41.2,28.27,202309,16.72,0.56,46.02,0.96,0.00973,0.00697,0.00344
41.2,28.27,202310,11.52,0.52,49.57,0.71,0.0067,0.0075,0.00254
41.2,28.27,202311,6.49,0.41,68.19,6.61,0.00378,0.01032,0.02367
41.2,28.27,202312,4.82,0.38,64.93,2.62,0.0028,0.00983,0.00938
41.2,28.3,202301,5.51,0.38,69.94,0.87,0.00321,0.01059,0.00312
41.2,28.3,202302,8.89,0.45,66.0,1.39,0.00517,0.00999,0.00498
41.2,28.3,202303,11.1,0.41,71.25,2.38,0.00646,0.01079,0.00852
41.2,28.3,202304,15.63,0.45,72.39,3.11,0.00909,0.01096,0.01114
41.2,28.3,202305,18.84,0.48,71.78,1.18,0.01096,0.01087,0.00423
41.2,28.3,202306,24.01,0.58,45.28,0.92,0.01397,0.00686,0.00329
41.2,28.3,202307,26.15,0.65,23.83,0.27,0.01521,0.00361,0.00097
41.2,28.3,202308,21.47,0.59,31.41,0.21,0.01249,0.00476,0.00075
41.2,28.3,202309,16.72,0.56,46.02,0.96,0.00973,0.00697,0.00344
41.2,28.3,202310,11.52,0.52,49.57,0.71,0.0067,0.0075,0.00254
41.2,28.3,202311,6.49,0.41,68.19,6.61,0.00378,0.01032,0.02367
41.2,28.3,202312,4.82,0.38,64.93,2.62,0.0028,0.00983,0.00938
41.2,28.33,202301,5.51,0.38,69.94,0.87,0.00321,0.01059,0.00312
41.2,28.33,202302,8.89,0.45,66.0,1.39,0.00517,0.00999,0.00498
41.2,28.33,202303,11.1,0.41,71.25,2.38,0.00646,0.01079,0.00852
41.2,28.33,202304,15.63,0.45,72.39,3.11,0.00909,0.01096,0.01114
41.2,28.33,202305,18.84,0.48,71.78,1.18,0.01096,0.01087,0.00423
41.2,28.33,202306,24.01,0.58,45.28,0.92,0.01397,0.00686,0.00329
41.2,28.33,202307,26.15,0.65,23.83,0.27,0.01521,0.00361,0.00097
41.2,28.33,202308,21.47,0.59,31.41,0.21,0.01249,0.00476,0.00075
41.2,28.33,202309,16.72,0.56,46.02,0.96,0.00973,0.00697,0.00344
41.2,28.33,202310,11.52,0.52,49.57,0.71,0.0067,0.0075,0.00254
41.2,28.33,202311,6.49,0.41,68.19,6.61,0.00378,0.01032,0.02367
41.2,28.33,202312,4.82,0.38,64.93,2.62,0.0028,0.00983,0.00938
41.2,28.36,202301,5.51,0.38,69.94,0.87,0.00321,0.01059,0.00312
41.2,28.36,202302,8.89,0.45,66.0,1.39,0.00517,0.00999,0.00498
41.2,28.36,202303,11.1,0.41,71.25,2.38,0.00646,0.01079,0.00852
41.2,28.36,202304,15.63,0.45,72.39,3.11,0.00909,0.01096,0.01114
41.2,28.36,202305,18.84,0.48,71.78,1.18,0.01096,0.01087,0.00423
41.2,28.36,202306,24.01,0.58,45.28,0.92,0.01397,0.00686,0.00329
41.2,28.36,202307,26.15,0.65,23.83,0.27,0.01521,0.00361,0.00097
41.2,28.36,202308,21.47,0.59,31.41,0.21,0.01249,0.00476,0.00075
41.2,28.36,202309,16.72,0.56,46.02,0.96,0.00973,0.00697,0.00344
41.2,28.36,202310,11.52,0.52,49.57,0.71,0.0067,0.0075,0.00254
41.2,28.36,202311,6.49,0.41,68.19,6.61,0.00378,0.01032,0.02367
41.2,28.36,202312,4.82,0.38,64.93,2.62,0.0028,0.00983,0.00938
41.2,28.39,202301,5.51,0.38,69.94,0.87,0.00321,0.01059,0.00312
41.2,28.39,202302,8.89,0.45,66.0,1.39,0.00517,0.00999,0.00498
41.2,28.39,202303,11.1,0.41,71.25,2.38,0.00646,0.01079,0.00852
41.2,28.39,202304,15.63,0.45,72.39,3.11,0.00909,0.01096,0.01114
41.2,28.39,202305,18.84,0.48,71.78,1.18,0.01096,0.01087,0.00423
41.2,28.39,202306,24.01,0.58,45.28,0.92,0.01397,0.00686,0.00329
41.2,28.39,202307,26.15,0.65,23.83,0.27,0.01521,0.00361,0.00097
41.2,28.39,202308,21.47,0.59,31.41,0.21,0.01249,0.00476,0.00075
41.2,28.39,202309,16.72,0.56,46.02,0.96,0.00973,0.00697,0.00344
41.2,28.39,202310,11.52,0.52,49.57,0.71,0.0067,0.0075,0.00254
41.2,28.39,202311,6.49,0.41,68.19,6.61,0.00378,0.01032,0.02367
41.2,28.39,202312,4.82,0.38,64.93,2.62,0.0028,0.00983,0.00938
41.2,28.42,202301,5.51,0.38,69.94,0.87,0.00321,0.01059,0.00312
41.2,28.42,202302,8.89,0.45,66.0,1.39,0.00517,0.00999,0.00498
41.2,28.42,202303,11.1,0.41,71.25,2.38,0.00646,0.01079,0.00852
41.2,28.42,202304,15.63,0.45,72.39,3.11,0.00909,0.01096,0.01114
41.2,28.42,202305,18.84,0.48,71.78,1.18,0.01096,0.01087,0.00423
41.2,28.42,202306,24.01,0.58,45.28,0.92,0.01397,0.00686,0.00329
41.2,28.42,202307,26.15,0.65,23.83,0.27,0.01521,0.00361,0.00097
41.2,28.42,202308,21.47,0.59,31.41,0.21,0.01249,0.00476,0.00075
41.2,28.42,202309,16.72,0.56,46.02,0.96,0.00973,0.00697,0.00344
41.2,28.42,202310,11.52,0.52,49.57,0.71,0.0067,0.0075,0.00254
41.2,28.42,202311,6.49,0.41,68.19,6.61,0.00378,0.01032,0.02367
41.2,28.42,202312,4.82,0.38,64.93,2.62,0.0028,0.00983,0.00938
41.2,28.45,202301,5.51,0.38,69.94,0.72,0.00321,0.01059,0.00258
41.2,28.45,202302,8.89,0.45,66.0,1.83,0.00517,0.00999,0.00655
41.2,28.45,202303,11.1,0.41,71.25,2.49,0.00646,0.01079,0.00892
41.2,28.45,202304,15.63,0.45,72.39,3.07,0.00909,0.01096,0.01099
41.2,28.45,202305,18.84,0.48,71.78,1.24,0.01096,0.01087,0.00444
41.2,28.45,202306,24.01,0.58,45.28,0.86,0.01397,0.00686,0.00308
41.2,28.45,202307,26.15,0.65,23.83,0.33,0.01521,0.00361,0.00118
41.2,28.45,202308,21.47,0.59,31.41,0.3,0.01249,0.00476,0.00107
41.2,28.45,202309,16.72,0.56,46.02,0.71,0.00973,0.00697,0.00254
41.2,28.45,202310,11.52,0.52,49.57,1.15,0.0067,0.0075,0.00412
41.2,28.45,202311,6.49,0.41,68.19,6.37,0.00378,0.01032,0.02281
41.2,28.45,202312,4.82,0.38,64.93,2.3,0.0028,0.00983,0.00824
41.2,28.48,202301,5.51,0.38,69.94,0.72,0.00321,0.01059,0.00258
41.2,28.48,202302,8.89,0.45,66.0,1.83,0.00517,0.00999,0.00655
41.2,28.48,202303,11.1,0.41,71.25,2.49,0.00646,0.01079,0.00892
41.2,28.48,202304,15.63,0.45,72.39,3.07,0.00909,0.01096,0.01099
41.2,28.48,202305,18.84,0.48,71.78,1.24,0.01096,0.01087,0.00444
41.2,28.48,202306,24.01,0.58,45.28,0.86,0.01397,0.00686,0.00308
41.2,28.48,202307,26.15,0.65,23.83,0.33,0.01521,0.00361,0.00118
41.2,28.48,202308,21.47,0.59,31.41,0.3,0.01249,0.00476,0.00107
41.2,28.48,202309,16.72,0.56,46.02,0.71,0.00973,0.00697,0.00254
41.2,28.48,202310,11.52,0.52,49.57,1.15,0.0067,0.0075,0.00412
41.2,28.48,202311,6.49,0.41,68.19,6.37,0.00378,0.01032,0.02281
41.2,28.48,202312,4.82,0.38,64.93,2.3,0.0028,0.00983,0.00824
41.2,28.51,202301,5.51,0.38,69.94,0.72,0.00321,0.01059,0.00258
41.2,28.51,202302,8.89,0.45,66.0,1.83,0.00517,0.00999,0.00655
41.2,28.51,202303,11.1,0.41,71.25,2.49,0.00646,0.01079,0.00892
41.2,28.51,202304,15.63,0.45,72.39,3.07,0.00909,0.01096,0.01099
41.2,28.51,202305,18.84,0.48,71.78,1.24,0.01096,0.01087,0.00444
41.2,28.51,202306,24.01,0.58,45.28,0.86,0.01397,0.00686,0.00308
41.2,28.51,202307,26.15,0.65,23.83,0.33,0.01521,0.00361,0.00118
41.2,28.51,202308,21.47,0.59,31.41,0.3,0.01249,0.00476,0.00107
41.2,28.51,202309,16.72,0.56,46.02,0.71,0.00973,0.00697,0.00254
41.2,28.51,202310,11.52,0.52,49.57,1.15,0.0067,0.0075,0.00412
41.2,28.51,202311,6.49,0.41,68.19,6.37,0.00378,0.01032,0.02281
41.2,28.51,202312,4.82,0.38,64.93,2.3,0.0028,0.00983,0.00824
41.2,28.54,202301,5.51,0.38,69.94,0.72,0.00321,0.01059,0.00258
41.2,28.54,202302,8.89,0.45,66.0,1.83,0.00517,0.00999,0.00655
41.2,28.54,202303,11.1,0.41,71.25,2.49,0.00646,0.01079,0.00892
41.2,28.54,202304,15.63,0.45,72.39,3.07,0.00909,0.01096,0.01099
41.2,28.54,202305,18.84,0.48,71.78,1.24,0.01096,0.01087,0.00444
41.2,28.54,202306,24.01,0.58,45.28,0.86,0.01397,0.00686,0.00308
41.2,28.54,202307,26.15,0.65,23.83,0.33,0.01521,0.00361,0.00118
41.2,28.54,202308,21.47,0.59,31.41,0.3,0.01249,0.00476,0.00107
41.2,28.54,202309,16.72,0.56,46.02,0.71,0.00973,0.00697,0.00254
41.2,28.54,202310,11.52,0.52,49.57,1.15,0.0067,0.0075,0.00412
41.2,28.54,202311,6.49,0.41,68.19,6.37,0.00378,0.01032,0.02281
41.2,28.54,202312,4.82,0.38,64.93,2.3,0.0028,0.00983,0.00824
41.2,28.57,202301,5.51,0.38,69.94,0.72,0.00321,0.01059,0.00258
41.2,28.57,202302,8.89,0.45,66.0,1.83,0.00517,0.00999,0.00655
41.2,28.57,202303,11.1,0.41,71.25,2.49,0.00646,0.01079,0.00892
41.2,28.57,202304,15.63,0.45,72.39,3.07,0.00909,0.01096,0.01099
41.2,28.57,202305,18.84,0.48,71.78,1.24,0.01096,0.01087,0.00444
41.2,28.57,202306,24.01,0.58,45.28,0.86,0.01397,0.00686,0.00308
41.2,28.57,202307,26.15,0.65,23.83,0.33,0.01521,0.00361,0.00118
41.2,28.57,202308,21.47,0.59,31.41,0.3,0.01249,0.00476,0.00107
41.2,28.57,202309,16.72,0.56,46.02,0.71,0.00973,0.00697,0.00254
41.2,28.57,202310,11.52,0.52,49.57,1.15,0.0067,0.0075,0.00412
41.2,28.57,202311,6.49,0.41,68.19,6.37,0.00378,0.01032,0.02281
41.2,28.57,202312,4.82,0.38,64.93,2.3,0.0028,0.00983,0.00824
41.2,28.6,202301,5.51,0.38,69.94,0.72,0.00321,0.01059,0.00258
41.2,28.6,202302,8.89,0.45,66.0,1.83,0.00517,0.00999,0.00655
41.2,28.6,202303,11.1,0.41,71.25,2.49,0.00646,0.01079,0.00892
41.2,28.6,202304,15.63,0.45,72.39,3.07,0.00909,0.01096,0.01099
41.2,28.6,202305,18.84,0.48,71.78,1.24,0.01096,0.01087,0.00444
41.2,28.6,202306,24.01,0.58,45.28,0.86,0.01397,0.00686,0.00308
41.2,28.6,202307,26.15,0.65,23.83,0.33,0.01521,0.00361,0.00118
41.2,28.6,202308,21.47,0.59,31.41,0.3,0.01249,0.00476,0.00107
41.2,28.6,202309,16.72,0.56,46.02,0.71,0.00973,0.00697,0.00254
41.2,28.6,202310,11.52,0.52,49.57,1.15,0.0067,0.0075,0.00412
41.2,28.6,202311,6.49,0.41,68.19,6.37,0.00378,0.01032,0.02281
41.2,28.6,202312,4.82,0.38,64.93,2.3,0.0028,0.00983,0.00824
41.2,28.63,202301,5.51,0.38,69.94,0.72,0.00321,0.01059,0.00258
41.2,28.63,202302,8.89,0.45,66.0,1.83,0.00517,0.00999,0.00655
41.2,28.63,202303,11.1,0.41,71.25,2.49,0.00646,0.01079,0.00892
41.2,28.63,202304,15.63,0.45,72.39,3.07,0.00909,0.01096,0.01099
41.2,28.63,202305,18.84,0.48,71.78,1.24,0.01096,0.01087,0.00444
41.2,28.63,202306,24.01,0.58,45.28,0.86,0.01397,0.00686,0.00308
41.2,28.63,202307,26.15,0.65,23.83,0.33,0.01521,0.00361,0.00118
41.2,28.63,202308,21.47,0.59,31.41,0.3,0.01249,0.00476,0.00107
41.2,28.63,202309,16.72,0.56,46.02,0.71,0.00973,0.00697,0.00254
41.2,28.63,202310,11.52,0.52,49.57,1.15,0.0067,0.0075,0.00412
41.2,28.63,202311,6.49,0.41,68.19,6.37,0.00378,0.01032,0.02281
41.2,28.63,202312,4.82,0.38,64.93,2.3,0.0028,0.00983,0.00824
41.2,28.66,202301,5.51,0.38,69.94,0.72,0.00321,0.01059,0.00258
41.2,28.66,202302,8.89,0.45,66.0,1.83,0.00517,0.00999,0.00655
41.2,28.66,202303,11.1,0.41,71.25,2.49,0.00646,0.01079,0.00892
41.2,28.66,202304,15.63,0.45,72.39,3.07,0.00909,0.01096,0.01099
41.2,28.66,202305,18.84,0.48,71.78,1.24,0.01096,0.01087,0.00444
41.2,28.66,202306,24.01,0.58,45.28,0.86,0.01397,0.00686,0.00308
41.2,28.66,202307,26.15,0.65,23.83,0.33,0.01521,0.00361,0.00118
41.2,28.66,202308,21.47,0.59,31.41,0.3,0.01249,0.00476,0.00107
41.2,28.66,202309,16.72,0.56,46.02,0.71,0.00973,0.00697,0.00254
41.2,28.66,202310,11.52,0.52,49.57,1.15,0.0067,0.0075,0.00412
41.2,28.66,202311,6.49,0.41,68.19,6.37,0.00378,0.01032,0.02281
41.2,28.66,202312,4.82,0.38,64.93,2.3,0.0028,0.00983,0.00824
41.2,28.69,202301,5.51,0.38,69.94,0.72,0.00321,0.01059,0.00258
41.2,28.69,202302,8.89,0.45,66.0,1.83,0.00517,0.00999,0.00655
41.2,28.69,202303,11.1,0.41,71.25,2.49,0.00646,0.01079,0.00892
41.2,28.69,202304,15.63,0.45,72.39,3.07,0.00909,0.01096,0.01099
41.2,28.69,202305,18.84,0.48,71.78,1.24,0.01096,0.01087,0.00444
41.2,28.69,202306,24.01,0.58,45.28,0.86,0.01397,0.00686,0.00308
41.2,28.69,202307,26.15,0.65,23.83,0.33,0.01521,0.00361,0.00118
41.2,28.69,202308,21.47,0.59,31.41,0.3,0.01249,0.00476,0.00107
41.2,28.69,202309,16.72,0.56,46.02,0.71,0.00973,0.00697,0.00254
41.2,28.69,202310,11.52,0.52,49.57,1.15,0.0067,0.0075,0.00412
41.2,28.69,202311,6.49,0.41,68.19,6.37,0.00378,0.01032,0.02281
41.2,28.69,202312,4.82,0.38,64.93,2.3,0.0028,0.00983,0.00824
41.2,28.72,202301,5.51,0.38,69.94,0.72,0.00321,0.01059,0.00258
41.2,28.72,202302,8.89,0.45,66.0,1.83,0.00517,0.00999,0.00655
41.2,28.72,202303,11.1,0.41,71.25,2.49,0.00646,0.01079,0.00892
41.2,28.72,202304,15.63,0.45,72.39,3.07,0.00909,0.01096,0.01099
41.2,28.72,202305,18.84,0.48,71.78,1.24,0.01096,0.01087,0.00444
41.2,28.72,202306,24.01,0.58,45.28,0.86,0.01397,0.00686,0.00308
41.2,28.72,202307,26.15,0.65,23.83,0.33,0.01521,0.00361,0.00118
41.2,28.72,202308,21.47,0.59,31.41,0.3,0.01249,0.00476,0.00107
41.2,28.72,202309,16.72,0.56,46.02,0.71,0.00973,0.00697,0.00254
41.2,28.72,202310,11.52,0.52,49.57,1.15,0.0067,0.0075,0.00412
41.2,28.72,202311,6.49,0.41,68.19,6.37,0.00378,0.01032,0.02281
41.2,28.72,202312,4.82,0.38,64.93,2.3,0.0028,0.00983,0.00824
41.2,28.75,202301,5.51,0.38,69.94,0.72,0.00321,0.01059,0.00258
41.2,28.75,202302,8.89,0.45,66.0,1.83,0.00517,0.00999,0.00655
41.2,28.75,202303,11.1,0.41,71.25,2.49,0.00646,0.01079,0.00892
41.2,28.75,202304,15.63,0.45,72.39,3.07,0.00909,0.01096,0.01099
41.2,28.75,202305,18.84,0.48,71.78,1.24,0.01096,0.01087,0.00444
41.2,28.75,202306,24.01,0.58,45.28,0.86,0.01397,0.00686,0.00308
41.2,28.75,202307,26.15,0.65,23.83,0.33,0.01521,0.00361,0.00118
41.2,28.75,202308,21.47,0.59,31.41,0.3,0.01249,0.00476,0.00107
41.2,28.75,202309,16.72,0.56,46.02,0.71,0.00973,0.00697,0.00254
41.2,28.75,202310,11.52,0.52,49.57,1.15,0.0067,0.0075,0.00412
41.2,28.75,202311,6.49,0.41,68.19,6.37,0.00378,0.01032,0.02281
41.2,28.75,202312,4.82,0.38,64.93,2.3,0.0028,0.00983,0.00824
41.2,28.78,202301,5.51,0.38,69.94,0.72,0.00321,0.01059,0.00258
41.2,28.78,202302,8.89,0.45,66.0,1.83,0.00517,0.00999,0.00655
41.2,28.78,202303,11.1,0.41,71.25,2.49,0.00646,0.01079,0.00892
41.2,28.78,202304,15.63,0.45,72.39,3.07,0.00909,0.01096,0.01099
41.2,28.78,202305,18.84,0.48,71.78,1.24,0.01096,0.01087,0.00444
41.2,28.78,202306,24.01,0.58,45.28,0.86,0.01397,0.00686,0.00308
41.2,28.78,202307,26.15,0.65,23.83,0.33,0.01521,0.00361,0.00118
41.2,28.78,202308,21.47,0.59,31.41,0.3,0.01249,0.00476,0.00107
41.2,28.78,202309,16.72,0.56,46.02,0.71,0.00973,0.00697,0.00254
41.2,28.78,202310,11.52,0.52,49.57,1.15,0.0067,0.0075,0.00412
41.2,28.78,202311,6.49,0.41,68.19,6.37,0.00378,0.01032,0.02281
41.2,28.78,202312,4.82,0.38,64.93,2.3,0.0028,0.00983,0.00824
41.2,28.81,202301,5.51,0.38,69.94,0.72,0.00321,0.01059,0.00258
41.2,28.81,202302,8.89,0.45,66.0,1.83,0.00517,0.00999,0.00655
41.2,28.81,202303,11.1,0.41,71.25,2.49,0.00646,0.01079,0.00892
41.2,28.81,202304,15.63,0.45,72.39,3.07,0.00909,0.01096,0.01099
41.2,28.81,202305,18.84,0.48,71.78,1.24,0.01096,0.01087,0.00444
41.2,28.81,202306,24.01,0.58,45.28,0.86,0.01397,0.00686,0.00308
41.2,28.81,202307,26.15,0.65,23.83,0.33,0.01521,0.00361,0.00118
41.2,28.81,202308,21.47,0.59,31.41,0.3,0.01249,0.00476,0.00107
41.2,28.81,202309,16.72,0.56,46.02,0.71,0.00973,0.00697,0.00254
41.2,28.81,202310,11.52,0.52,49.57,1.15,0.0067,0.0075,0.00412
41.2,28.81,202311,6.49,0.41,68.19,6.37,0.00378,0.01032,0.02281
41.2,28.81,202312,4.82,0.38,64.93,2.3,0.0028,0.00983,0.00824
41.2,28.84,202301,5.51,0.38,69.94,0.72,0.00321,0.01059,0.00258
41.2,28.84,202302,8.89,0.45,66.0,1.83,0.00517,0.00999,0.00655
41.2,28.84,202303,11.1,0.41,71.25,2.49,0.00646,0.01079,0.00892
41.2,28.84,202304,15.63,0.45,72.39,3.07,0.00909,0.01096,0.01099
41.2,28.84,202305,18.84,0.48,71.78,1.24,0.01096,0.01087,0.00444
41.2,28.84,202306,24.01,0.58,45.28,0.86,0.01397,0.00686,0.00308
41.2,28.84,202307,26.15,0.65,23.83,0.33,0.01521,0.00361,0.00118
41.2,28.84,202308,21.47,0.59,31.41,0.3,0.01249,0.00476,0.00107
41.2,28.84,202309,16.72,0.56,46.02,0.71,0.00973,0.00697,0.00254
41.2,28.84,202310,11.52,0.52,49.57,1.15,0.0067,0.0075,0.00412
41.2,28.84,202311,6.49,0.41,68.19,6.37,0.00378,0.01032,0.02281
41.2,28.84,202312,4.82,0.38,64.93,2.3,0.0028,0.00983,0.00824
41.2,28.87,202301,5.51,0.38,69.94,0.72,0.00321,0.01059,0.00258
41.2,28.87,202302,8.89,0.45,66.0,1.83,0.00517,0.00999,0.00655
41.2,28.87,202303,11.1,0.41,71.25,2.49,0.00646,0.01079,0.00892
41.2,28.87,202304,15.63,0.45,72.39,3.07,0.00909,0.01096,0.01099
41.2,28.87,202305,18.84,0.48,71.78,1.24,0.01096,0.01087,0.00444
41.2,28.87,202306,24.01,0.58,45.28,0.86,0.01397,0.00686,0.00308
41.2,28.87,202307,26.15,0.65,23.83,0.33,0.01521,0.00361,0.00118
41.2,28.87,202308,21.47,0.59,31.41,0.3,0.01249,0.00476,0.00107
41.2,28.87,202309,16.72,0.56,46.02,0.71,0.00973,0.00697,0.00254
41.2,28.87,202310,11.52,0.52,49.57,1.15,0.0067,0.0075,0.00412
41.2,28.87,202311,6.49,0.41,68.19,6.37,0.00378,0.01032,0.02281
41.2,28.87,202312,4.82,0.38,64.93,2.3,0.0028,0.00983,0.00824
41.2,28.9,202301,5.51,0.38,69.94,0.72,0.00321,0.01059,0.00258
41.2,28.9,202302,8.89,0.45,66.0,1.83,0.00517,0.00999,0.00655
41.2,28.9,202303,11.1,0.41,71.25,2.49,0.00646,0.01079,0.00892
41.2,28.9,202304,15.63,0.45,72.39,3.07,0.00909,0.01096,0.01099
41.2,28.9,202305,18.84,0.48,71.78,1.24,0.01096,0.01087,0.00444
41.2,28.9,202306,24.01,0.58,45.28,0.86,0.01397,0.00686,0.00308
41.2,28.9,202307,26.15,0.65,23.83,0.33,0.01521,0.00361,0.00118
41.2,28.9,202308,21.47,0.59,31.41,0.3,0.01249,0.00476,0.00107
41.2,28.9,202309,16.72,0.56,46.02,0.71,0.00973,0.00697,0.00254
41.2,28.9,202310,11.52,0.52,49.57,1.15,0.0067,0.0075,0.00412
41.2,28.9,202311,6.49,0.41,68.19,6.37,0.00378,0.01032,0.02281
41.2,28.9,202312,4.82,0.38,64.93,2.3,0.0028,0.00983,0.00824
41.2,28.93,202301,5.51,0.38,69.94,0.72,0.00321,0.01059,0.00258
41.2,28.93,202302,8.89,0.45,66.0,1.83,0.00517,0.00999,0.00655
41.2,28.93,202303,11.1,0.41,71.25,2.49,0.00646,0.01079,0.00892
41.2,28.93,202304,15.63,0.45,72.39,3.07,0.00909,0.01096,0.01099
41.2,28.93,202305,18.84,0.48,71.78,1.24,0.01096,0.01087,0.00444
41.2,28.93,202306,24.01,0.58,45.28,0.86,0.01397,0.00686,0.00308
41.2,28.93,202307,26.15,0.65,23.83,0.33,0.01521,0.00361,0.00118
41.2,28.93,202308,21.47,0.59,31.41,0.3,0.01249,0.00476,0.00107
41.2,28.93,202309,16.72,0.56,46.02,0.71,0.00973,0.00697,0.00254
41.2,28.93,202310,11.52,0.52,49.57,1.15,0.0067,0.0075,0.00412
41.2,28.93,202311,6.49,0.41,68.19,6.37,0.00378,0.01032,0.02281
41.2,28.93,202312,4.82,0.38,64.93,2.3,0.0028,0.00983,0.00824
41.2,28.96,202301,5.51,0.38,69.94,0.72,0.00321,0.01059,0.00258
41.2,28.96,202302,8.89,0.45,66.0,1.83,0.00517,0.00999,0.00655
41.2,28.96,202303,11.1,0.41,71.25,2.49,0.00646,0.01079,0.00892
41.2,28.96,202304,15.63,0.45,72.39,3.07,0.00909,0.01096,0.01099
41.2,28.96,202305,18.84,0.48,71.78,1.24,0.01096,0.01087,0.00444
41.2,28.96,202306,24.01,0.58,45.28,0.86,0.01397,0.00686,0.00308
41.2,28.96,202307,26.15,0.65,23.83,0.33,0.01521,0.00361,0.00118
41.2,28.96,202308,21.47,0.59,31.41,0.3,0.01249,0.00476,0.00107
41.2,28.96,202309,16.72,0.56,46.02,0.71,0.00973,0.00697,0.00254
41.2,28.96,202310,11.52,0.52,49.57,1.15,0.0067,0.0075,0.00412
41.2,28.96,202311,6.49,0.41,68.19,6.37,0.00378,0.01032,0.02281
41.2,28.96,202312,4.82,0.38,64.93,2.3,0.0028,0.00983,0.00824
41.2,28.99,202301,5.51,0.38,69.94,0.72,0.00321,0.01059,0.00258
41.2,28.99,202302,8.89,0.45,66.0,1.83,0.00517,0.00999,0.00655
41.2,28.99,202303,11.1,0.41,71.25,2.49,0.00646,0.01079,0.00892
41.2,28.99,202304,15.63,0.45,72.39,3.07,0.00909,0.01096,0.01099
41.2,28.99,202305,18.84,0.48,71.78,1.24,0.01096,0.01087,0.00444
41.2,28.99,202306,24.01,0.58,45.28,0.86,0.01397,0.00686,0.00308
41.2,28.99,202307,26.15,0.65,23.83,0.33,0.01521,0.00361,0.00118
41.2,28.99,202308,21.47,0.59,31.41,0.3,0.01249,0.00476,0.00107
41.2,28.99,202309,16.72,0.56,46.02,0.71,0.00973,0.00697,0.00254
41.2,28.99,202310,11.52,0.52,49.57,1.15,0.0067,0.0075,0.00412
41.2,28.99,202311,6.49,0.41,68.19,6.37,0.00378,0.01032,0.02281
41.2,28.99,202312,4.82,0.38,64.93,2.3,0.0028,0.00983,0.00824
41.2,29.02,202301,5.47,0.38,77.44,0.72,0.00318,0.01172,0.00258
41.2,29.02,202302,8.67,0.44,75.84,1.83,0.00504,0.01148,0.00655
41.2,29.02,202303,10.41,0.38,81.4,2.49,0.00606,0.01232,0.00892
41.2,29.02,202304,15.39,0.45,77.59,3.07,0.00895,0.01175,0.01099
41.2,29.02,202305,18.83,0.48,75.98,1.24,0.01095,0.0115,0.00444
41.2,29.02,202306,23.93,0.57,50.76,0.86,0.01392,0.00768,0.00308
41.2,29.02,202307,25.58,0.63,28.76,0.33,0.01488,0.00435,0.00118
41.2,29.02,202308,21.98,0.61,33.24,0.3,0.01279,0.00503,0.00107
41.2,29.02,202309,17.75,0.6,55.94,0.71,0.01032,0.00847,0.00254
41.2,29.02,202310,11.5,0.52,63.42,1.15,0.00669,0.0096,0.00412
41.2,29.02,202311,6.57,0.42,78.12,6.37,0.00382,0.01183,0.02281
41.2,29.02,202312,4.93,0.38,71.96,2.3,0.00287,0.01089,0.00824
41.2,29.05,202301,5.47,0.38,77.44,0.72,0.00318,0.01172,0.00258
41.2,29.05,202302,8.67,0.44,75.84,1.83,0.00504,0.01148,0.00655
41.2,29.05,202303,10.41,0.38,81.4,2.49,0.00606,0.01232,0.00892
41.2,29.05,202304,15.39,0.45,77.59,3.07,0.00895,0.01175,0.01099
41.2,29.05,202305,18.83,0.48,75.98,1.24,0.01095,0.0115,0.00444
41.2,29.05,202306,23.93,0.57,50.76,0.86,0.01392,0.00768,0.00308
41.2,29.05,202307,25.58,0.63,28.76,0.33,0.01488,0.00435,0.00118
41.2,29.05,202308,21.98,0.61,33.24,0.3,0.01279,0.00503,0.00107
41.2,29.05,202309,17.75,0.6,55.94,0.71,0.01032,0.00847,0.00254
41.2,29.05,202310,11.5,0.52,63.42,1.15,0.00669,0.0096,0.00412
41.2,29.05,202311,6.57,0.42,78.12,6.37,0.00382,0.01183,0.02281
41.2,29.05,202312,4.93,0.38,71.96,2.3,0.00287,0.01089,0.00824
41.2,29.08,202301,5.47,0.38,77.44,0.72,0.00318,0.01172,0.00258
41.2,29.08,202302,8.67,0.44,75.84,2.53,0.00504,0.01148,0.00906
41.2,29.08,202303,10.41,0.38,81.4,2.88,0.00606,0.01232,0.01031
41.2,29.08,202304,15.39,0.45,77.59,3.03,0.00895,0.01175,0.01085
41.2,29.08,202305,18.83,0.48,75.98,1.35,0.01095,0.0115,0.00483
41.2,29.08,202306,23.93,0.57,50.76,1.56,0.01392,0.00768,0.00559
41.2,29.08,202307,25.58,0.63,28.76,0.79,0.01488,0.00435,0.00283
41.2,29.08,202308,21.98,0.61,33.24,0.51,0.01279,0.00503,0.00183
41.2,29.08,202309,17.75,0.6,55.94,0.89,0.01032,0.00847,0.00319
41.2,29.08,202310,11.5,0.52,63.42,1.83,0.00669,0.0096,0.00655
41.2,29.08,202311,6.57,0.42,78.12,6.97,0.00382,0.01183,0.02496
41.2,29.08,202312,4.93,0.38,71.96,2.45,0.00287,0.01089,0.00877
41.2,29.14,202301,5.47,0.38,77.44,0.72,0.00318,0.01172,0.00258
41.2,29.14,202302,8.67,0.44,75.84,2.53,0.00504,0.01148,0.00906
41.2,29.14,202303,10.41,0.38,81.4,2.88,0.00606,0.01232,0.01031
41.2,29.14,202304,15.39,0.45,77.59,3.03,0.00895,0.01175,0.01085
41.2,29.14,202305,18.83,0.48,75.98,1.35,0.01095,0.0115,0.00483
41.2,29.14,202306,23.93,0.57,50.76,1.56,0.01392,0.00768,0.00559
41.2,29.14,202307,25.58,0.63,28.76,0.79,0.01488,0.00435,0.00283
41.2,29.14,202308,21.98,0.61,33.24,0.51,0.01279,0.00503,0.00183
41.2,29.14,202309,17.75,0.6,55.94,0.89,0.01032,0.00847,0.00319
41.2,29.14,202310,11.5,0.52,63.42,1.83,0.00669,0.0096,0.00655
41.2,29.14,202311,6.57,0.42,78.12,6.97,0.00382,0.01183,0.02496
41.2,29.14,202312,4.93,0.38,71.96,2.45,0.00287,0.01089,0.00877
41.2,29.17,202301,5.47,0.38,77.44,0.72,0.00318,0.01172,0.00258
41.2,29.17,202302,8.67,0.44,75.84,2.53,0.00504,0.01148,0.00906
41.2,29.17,202303,10.41,0.38,81.4,2.88,0.00606,0.01232,0.01031
41.2,29.17,202304,15.39,0.45,77.59,3.03,0.00895,0.01175,0.01085
41.2,29.17,202305,18.83,0.48,75.98,1.35,0.01095,0.0115,0.00483
41.2,29.17,202306,23.93,0.57,50.76,1.56,0.01392,0.00768,0.00559
41.2,29.17,202307,25.58,0.63,28.76,0.79,0.01488,0.00435,0.00283
41.2,29.17,202308,21.98,0.61,33.24,0.51,0.01279,0.00503,0.00183
41.2,29.17,202309,17.75,0.6,55.94,0.89,0.01032,0.00847,0.00319
41.2,29.17,202310,11.5,0.52,63.42,1.83,0.00669,0.0096,0.00655
41.2,29.17,202311,6.57,0.42,78.12,6.97,0.00382,0.01183,0.02496
41.2,29.17,202312,4.93,0.38,71.96,2.45,0.00287,0.01089,0.00877
41.2,29.2,202301,5.47,0.38,77.44,0.72,0.00318,0.01172,0.00258
41.2,29.2,202302,8.67,0.44,75.84,2.53,0.00504,0.01148,0.00906
41.2,29.2,202303,10.41,0.38,81.4,2.88,0.00606,0.01232,0.01031
41.2,29.2,202304,15.39,0.45,77.59,3.03,0.00895,0.01175,0.01085
41.2,29.2,202305,18.83,0.48,75.98,1.35,0.01095,0.0115,0.00483
41.2,29.2,202306,23.93,0.57,50.76,1.56,0.01392,0.00768,0.00559
41.2,29.2,202307,25.58,0.63,28.76,0.79,0.01488,0.00435,0.00283
41.2,29.2,202308,21.98,0.61,33.24,0.51,0.01279,0.00503,0.00183
41.2,29.2,202309,17.75,0.6,55.94,0.89,0.01032,0.00847,0.00319
41.2,29.2,202310,11.5,0.52,63.42,1.83,0.00669,0.0096,0.00655
41.2,29.2,202311,6.57,0.42,78.12,6.97,0.00382,0.01183,0.02496
41.2,29.2,202312,4.93,0.38,71.96,2.45,0.00287,0.01089,0.00877
41.2,29.23,202301,5.47,0.38,77.44,0.72,0.00318,0.01172,0.00258
41.2,29.23,202302,8.67,0.44,75.84,2.53,0.00504,0.01148,0.00906
41.2,29.23,202303,10.41,0.38,81.4,2.88,0.00606,0.01232,0.01031
41.2,29.23,202304,15.39,0.45,77.59,3.03,0.00895,0.01175,0.01085
41.2,29.23,202305,18.83,0.48,75.98,1.35,0.01095,0.0115,0.00483
41.2,29.23,202306,23.93,0.57,50.76,1.56,0.01392,0.00768,0.00559
41.2,29.23,202307,25.58,0.63,28.76,0.79,0.01488,0.00435,0.00283
41.2,29.23,202308,21.98,0.61,33.24,0.51,0.01279,0.00503,0.00183
41.2,29.23,202309,17.75,0.6,55.94,0.89,0.01032,0.00847,0.00319
41.2,29.23,202310,11.5,0.52,63.42,1.83,0.00669,0.0096,0.00655
41.2,29.23,202311,6.57,0.42,78.12,6.97,0.00382,0.01183,0.02496
41.2,29.23,202312,4.93,0.38,71.96,2.45,0.00287,0.01089,0.00877
41.2,29.26,202301,5.47,0.38,77.44,0.72,0.00318,0.01172,0.00258
41.2,29.26,202302,8.67,0.44,75.84,2.53,0.00504,0.01148,0.00906
41.2,29.26,202303,10.41,0.38,81.4,2.88,0.00606,0.01232,0.01031
41.2,29.26,202304,15.39,0.45,77.59,3.03,0.00895,0.01175,0.01085
41.2,29.26,202305,18.83,0.48,75.98,1.35,0.01095,0.0115,0.00483
41.2,29.26,202306,23.93,0.57,50.76,1.56,0.01392,0.00768,0.00559
41.2,29.26,202307,25.58,0.63,28.76,0.79,0.01488,0.00435,0.00283
41.2,29.26,202308,21.98,0.61,33.24,0.51,0.01279,0.00503,0.00183
41.2,29.26,202309,17.75,0.6,55.94,0.89,0.01032,0.00847,0.00319
41.2,29.26,202310,11.5,0.52,63.42,1.83,0.00669,0.0096,0.00655
41.2,29.26,202311,6.57,0.42,78.12,6.97,0.00382,0.01183,0.02496
41.2,29.26,202312,4.93,0.38,71.96,2.45,0.00287,0.01089,0.00877
41.2,29.29,202301,5.47,0.38,77.44,0.72,0.00318,0.01172,0.00258
41.2,29.29,202302,8.67,0.44,75.84,2.53,0.00504,0.01148,0.00906
41.2,29.29,202303,10.41,0.38,81.4,2.88,0.00606,0.01232,0.01031
41.2,29.29,202304,15.39,0.45,77.59,3.03,0.00895,0.01175,0.01085
41.2,29.29,202305,18.83,0.48,75.98,1.35,0.01095,0.0115,0.00483
41.2,29.29,202306,23.93,0.57,50.76,1.56,0.01392,0.00768,0.00559
41.2,29.29,202307,25.58,0.63,28.76,0.79,0.01488,0.00435,0.00283
41.2,29.29,202308,21.98,0.61,33.24,0.51,0.01279,0.00503,0.00183
41.2,29.29,202309,17.75,0.6,55.94,0.89,0.01032,0.00847,0.00319
41.2,29.29,202310,11.5,0.52,63.42,1.83,0.00669,0.0096,0.00655
41.2,29.29,202311,6.57,0.42,78.12,6.97,0.00382,0.01183,0.02496
41.2,29.29,202312,4.93,0.38,71.96,2.45,0.00287,0.01089,0.00877
41.2,29.32,202301,5.47,0.38,77.44,0.72,0.00318,0.01172,0.00258
41.2,29.32,202302,8.67,0.44,75.84,2.53,0.00504,0.01148,0.00906
41.2,29.32,202303,10.41,0.38,81.4,2.88,0.00606,0.01232,0.01031
41.2,29.32,202304,15.39,0.45,77.59,3.03,0.00895,0.01175,0.01085
41.2,29.32,202305,18.83,0.48,75.98,1.35,0.01095,0.0115,0.00483
41.2,29.32,202306,23.93,0.57,50.76,1.56,0.01392,0.00768,0.00559
41.2,29.32,202307,25.58,0.63,28.76,0.79,0.01488,0.00435,0.00283
41.2,29.32,202308,21.98,0.61,33.24,0.51,0.01279,0.00503,0.00183
41.2,29.32,202309,17.75,0.6,55.94,0.89,0.01032,0.00847,0.00319
41.2,29.32,202310,11.5,0.52,63.42,1.83,0.00669,0.0096,0.00655
41.2,29.32,202311,6.57,0.42,78.12,6.97,0.00382,0.01183,0.02496
41.2,29.32,202312,4.93,0.38,71.96,2.45,0.00287,0.01089,0.00877
41.2,29.35,202301,5.47,0.38,77.44,0.72,0.00318,0.01172,0.00258
41.2,29.35,202302,8.67,0.44,75.84,2.53,0.00504,0.01148,0.00906
41.2,29.35,202303,10.41,0.38,81.4,2.88,0.00606,0.01232,0.01031
41.2,29.35,202304,15.39,0.45,77.59,3.03,0.00895,0.01175,0.01085
41.2,29.35,202305,18.83,0.48,75.98,1.35,0.01095,0.0115,0.00483
41.2,29.35,202306,23.93,0.57,50.76,1.56,0.01392,0.00768,0.00559
41.2,29.35,202307,25.58,0.63,28.76,0.79,0.01488,0.00435,0.00283
41.2,29.35,202308,21.98,0.61,33.24,0.51,0.01279,0.00503,0.00183
41.2,29.35,202309,17.75,0.6,55.94,0.89,0.01032,0.00847,0.00319
41.2,29.35,202310,11.5,0.52,63.42,1.83,0.00669,0.0096,0.00655
41.2,29.35,202311,6.57,0.42,78.12,6.97,0.00382,0.01183,0.02496
41.2,29.35,202312,4.93,0.38,71.96,2.45,0.00287,0.01089,0.00877
41.2,29.38,202301,5.47,0.38,77.44,0.72,0.00318,0.01172,0.00258
41.2,29.38,202302,8.67,0.44,75.84,2.53,0.00504,0.01148,0.00906
41.2,29.38,202303,10.41,0.38,81.4,2.88,0.00606,0.01232,0.01031
41.2,29.38,202304,15.39,0.45,77.59,3.03,0.00895,0.01175,0.01085
41.2,29.38,202305,18.83,0.48,75.98,1.35,0.01095,0.0115,0.00483
41.2,29.38,202306,23.93,0.57,50.76,1.56,0.01392,0.00768,0.00559
41.2,29.38,202307,25.58,0.63,28.76,0.79,0.01488,0.00435,0.00283
41.2,29.38,202308,21.98,0.61,33.24,0.51,0.01279,0.00503,0.00183
41.2,29.38,202309,17.75,0.6,55.94,0.89,0.01032,0.00847,0.00319
41.2,29.38,202310,11.5,0.52,63.42,1.83,0.00669,0.0096,0.00655
41.2,29.38,202311,6.57,0.42,78.12,6.97,0.00382,0.01183,0.02496
41.2,29.38,202312,4.93,0.38,71.96,2.45,0.00287,0.01089,0.00877
41.2,29.41,202301,5.47,0.38,77.44,0.72,0.00318,0.01172,0.00258
41.2,29.41,202302,8.67,0.44,75.84,2.53,0.00504,0.01148,0.00906
41.2,29.41,202303,10.41,0.38,81.4,2.88,0.00606,0.01232,0.01031
41.2,29.41,202304,15.39,0.45,77.59,3.03,0.00895,0.01175,0.01085
41.2,29.41,202305,18.83,0.48,75.98,1.35,0.01095,0.0115,0.00483
41.2,29.41,202306,23.93,0.57,50.76,1.56,0.01392,0.00768,0.00559
41.2,29.41,202307,25.58,0.63,28.76,0.79,0.01488,0.00435,0.00283
41.2,29.41,202308,21.98,0.61,33.24,0.51,0.01279,0.00503,0.00183
41.2,29.41,202309,17.75,0.6,55.94,0.89,0.01032,0.00847,0.00319
41.2,29.41,202310,11.5,0.52,63.42,1.83,0.00669,0.0096,0.00655
41.2,29.41,202311,6.57,0.42,78.12,6.97,0.00382,0.01183,0.02496
41.2,29.41,202312,4.93,0.38,71.96,2.45,0.00287,0.01089,0.00877
41.22,28.0,202301,5.51,0.38,69.94,0.87,0.00321,0.01059,0.00312
41.22,28.0,202302,8.89,0.45,66.0,1.39,0.00517,0.00999,0.00498
41.22,28.0,202303,11.1,0.41,71.25,2.38,0.00646,0.01079,0.00852
41.22,28.0,202304,15.63,0.45,72.39,3.11,0.00909,0.01096,0.01114
41.22,28.0,202305,18.84,0.48,71.78,1.18,0.01096,0.01087,0.00423
41.22,28.0,202306,24.01,0.58,45.28,0.92,0.01397,0.00686,0.00329
41.22,28.0,202307,26.15,0.65,23.83,0.27,0.01521,0.00361,0.00097
41.22,28.0,202308,21.47,0.59,31.41,0.21,0.01249,0.00476,0.00075
41.22,28.0,202309,16.72,0.56,46.02,0.96,0.00973,0.00697,0.00344
41.22,28.0,202310,11.52,0.52,49.57,0.71,0.0067,0.0075,0.00254
41.22,28.0,202311,6.49,0.41,68.19,6.61,0.00378,0.01032,0.02367
41.22,28.0,202312,4.82,0.38,64.93,2.62,0.0028,0.00983,0.00938
41.22,28.03,202301,5.51,0.38,69.94,0.87,0.00321,0.01059,0.00312
41.22,28.03,202302,8.89,0.45,66.0,1.39,0.00517,0.00999,0.00498
41.22,28.03,202303,11.1,0.41,71.25,2.38,0.00646,0.01079,0.00852
41.22,28.03,202304,15.63,0.45,72.39,3.11,0.00909,0.01096,0.01114
41.22,28.03,202305,18.84,0.48,71.78,1.18,0.01096,0.01087,0.00423
41.22,28.03,202306,24.01,0.58,45.28,0.92,0.01397,0.00686,0.00329
41.22,28.03,202307,26.15,0.65,23.83,0.27,0.01521,0.00361,0.00097
41.22,28.03,202308,21.47,0.59,31.41,0.21,0.01249,0.00476,0.00075
41.22,28.03,202309,16.72,0.56,46.02,0.96,0.00973,0.00697,0.00344
41.22,28.03,202310,11.52,0.52,49.57,0.71,0.0067,0.0075,0.00254
41.22,28.03,202311,6.49,0.41,68.19,6.61,0.00378,0.01032,0.02367
41.22,28.03,202312,4.82,0.38,64.93,2.62,0.0028,0.00983,0.00938
41.22,28.06,202301,5.51,0.38,69.94,0.87,0.00321,0.01059,0.00312
41.22,28.06,202302,8.89,0.45,66.0,1.39,0.00517,0.00999,0.00498
41.22,28.06,202303,11.1,0.41,71.25,2.38,0.00646,0.01079,0.00852
41.22,28.06,202304,15.63,0.45,72.39,3.11,0.00909,0.01096,0.01114
41.22,28.06,202305,18.84,0.48,71.78,1.18,0.01096,0.01087,0.00423
41.22,28.06,202306,24.01,0.58,45.28,0.92,0.01397,0.00686,0.00329
41.22,28.06,202307,26.15,0.65,23.83,0.27,0.01521,0.00361,0.00097
41.22,28.06,202308,21.47,0.59,31.41,0.21,0.01249,0.00476,0.00075
41.22,28.06,202309,16.72,0.56,46.02,0.96,0.00973,0.00697,0.00344
41.22,28.06,202310,11.52,0.52,49.57,0.71,0.0067,0.0075,0.00254
41.22,28.06,202311,6.49,0.41,68.19,6.61,0.00378,0.01032,0.02367
41.22,28.06,202312,4.82,0.38,64.93,2.62,0.0028,0.00983,0.00938
41.22,28.09,202301,5.51,0.38,69.94,0.87,0.00321,0.01059,0.00312
41.22,28.09,202302,8.89,0.45,66.0,1.39,0.00517,0.00999,0.00498
41.22,28.09,202303,11.1,0.41,71.25,2.38,0.00646,0.01079,0.00852
41.22,28.09,202304,15.63,0.45,72.39,3.11,0.00909,0.01096,0.01114
41.22,28.09,202305,18.84,0.48,71.78,1.18,0.01096,0.01087,0.00423
41.22,28.09,202306,24.01,0.58,45.28,0.92,0.01397,0.00686,0.00329
41.22,28.09,202307,26.15,0.65,23.83,0.27,0.01521,0.00361,0.00097
41.22,28.09,202308,21.47,0.59,31.41,0.21,0.01249,0.00476,0.00075
41.22,28.09,202309,16.72,0.56,46.02,0.96,0.00973,0.00697,0.00344
41.22,28.09,202310,11.52,0.52,49.57,0.71,0.0067,0.0075,0.00254
41.22,28.09,202311,6.49,0.41,68.19,6.61,0.00378,0.01032,0.02367
41.22,28.09,202312,4.82,0.38,64.93,2.62,0.0028,0.00983,0.00938
41.22,28.12,202301,5.51,0.38,69.94,0.87,0.00321,0.01059,0.00312
41.22,28.12,202302,8.89,0.45,66.0,1.39,0.00517,0.00999,0.00498
41.22,28.12,202303,11.1,0.41,71.25,2.38,0.00646,0.01079,0.00852
41.22,28.12,202304,15.63,0.45,72.39,3.11,0.00909,0.01096,0.01114
41.22,28.12,202305,18.84,0.48,71.78,1.18,0.01096,0.01087,0.00423
41.22,28.12,202306,24.01,0.58,45.28,0.92,0.01397,0.00686,0.00329
41.22,28.12,202307,26.15,0.65,23.83,0.27,0.01521,0.00361,0.00097
41.22,28.12,202308,21.47,0.59,31.41,0.21,0.01249,0.00476,0.00075
41.22,28.12,202309,16.72,0.56,46.02,0.96,0.00973,0.00697,0.00344
41.22,28.12,202310,11.52,0.52,49.57,0.71,0.0067,0.0075,0.00254
41.22,28.12,202311,6.49,0.41,68.19,6.61,0.00378,0.01032,0.02367
41.22,28.12,202312,4.82,0.38,64.93,2.62,0.0028,0.00983,0.00938
41.22,28.15,202301,5.51,0.38,69.94,0.87,0.00321,0.01059,0.00312
41.22,28.15,202302,8.89,0.45,66.0,1.39,0.00517,0.00999,0.00498
41.22,28.15,202303,11.1,0.41,71.25,2.38,0.00646,0.01079,0.00852
41.22,28.15,202304,15.63,0.45,72.39,3.11,0.00909,0.01096,0.01114
41.22,28.15,202305,18.84,0.48,71.78,1.18,0.01096,0.01087,0.00423
41.22,28.15,202306,24.01,0.58,45.28,0.92,0.01397,0.00686,0.00329
41.22,28.15,202307,26.15,0.65,23.83,0.27,0.01521,0.00361,0.00097
41.22,28.15,202308,21.47,0.59,31.41,0.21,0.01249,0.00476,0.00075
41.22,28.15,202309,16.72,0.56,46.02,0.96,0.00973,0.00697,0.00344
41.22,28.15,202310,11.52,0.52,49.57,0.71,0.0067,0.0075,0.00254
41.22,28.15,202311,6.49,0.41,68.19,6.61,0.00378,0.01032,0.02367
41.22,28.15,202312,4.82,0.38,64.93,2.62,0.0028,0.00983,0.00938
41.22,28.18,202301,5.51,0.38,69.94,0.87,0.00321,0.01059,0.00312
41.22,28.18,202302,8.89,0.45,66.0,1.39,0.00517,0.00999,0.00498
41.22,28.18,202303,11.1,0.41,71.25,2.38,0.00646,0.01079,0.00852
41.22,28.18,202304,15.63,0.45,72.39,3.11,0.00909,0.01096,0.01114
41.22,28.18,202305,18.84,0.48,71.78,1.18,0.01096,0.01087,0.00423
41.22,28.18,202306,24.01,0.58,45.28,0.92,0.01397,0.00686,0.00329
41.22,28.18,202307,26.15,0.65,23.83,0.27,0.01521,0.00361,0.00097
41.22,28.18,202308,21.47,0.59,31.41,0.21,0.01249,0.00476,0.00075
41.22,28.18,202309,16.72,0.56,46.02,0.96,0.00973,0.00697,0.00344
41.22,28.18,202310,11.52,0.52,49.57,0.71,0.0067,0.0075,0.00254
41.22,28.18,202311,6.49,0.41,68.19,6.61,0.00378,0.01032,0.02367
41.22,28.18,202312,4.82,0.38,64.93,2.62,0.0028,0.00983,0.00938
41.22,28.21,202301,5.51,0.38,69.94,0.87,0.00321,0.01059,0.00312
41.22,28.21,202302,8.89,0.45,66.0,1.39,0.00517,0.00999,0.00498
41.22,28.21,202303,11.1,0.41,71.25,2.38,0.00646,0.01079,0.00852
41.22,28.21,202304,15.63,0.45,72.39,3.11,0.00909,0.01096,0.01114
41.22,28.21,202305,18.84,0.48,71.78,1.18,0.01096,0.01087,0.00423
41.22,28.21,202306,24.01,0.58,45.28,0.92,0.01397,0.00686,0.00329
41.22,28.21,202307,26.15,0.65,23.83,0.27,0.01521,0.00361,0.00097
41.22,28.21,202308,21.47,0.59,31.41,0.21,0.01249,0.00476,0.00075
41.22,28.21,202309,16.72,0.56,46.02,0.96,0.00973,0.00697,0.00344
41.22,28.21,202310,11.52,0.52,49.57,0.71,0.0067,0.0075,0.00254
41.22,28.21,202311,6.49,0.41,68.19,6.61,0.00378,0.01032,0.02367
41.22,28.21,202312,4.82,0.38,64.93,2.62,0.0028,0.00983,0.00938
41.22,28.24,202301,5.51,0.38,69.94,0.87,0.00321,0.01059,0.00312
41.22,28.24,202302,8.89,0.45,66.0,1.39,0.00517,0.00999,0.00498
41.22,28.24,202303,11.1,0.41,71.25,2.38,0.00646,0.01079,0.00852
41.22,28.24,202304,15.63,0.45,72.39,3.11,0.00909,0.01096,0.01114
41.22,28.24,202305,18.84,0.48,71.78,1.18,0.01096,0.01087,0.00423
41.22,28.24,202306,24.01,0.58,45.28,0.92,0.01397,0.00686,0.00329
41.22,28.24,202307,26.15,0.65,23.83,0.27,0.01521,0.00361,0.00097
41.22,28.24,202308,21.47,0.59,31.41,0.21,0.01249,0.00476,0.00075
41.22,28.24,202309,16.72,0.56,46.02,0.96,0.00973,0.00697,0.00344
41.22,28.24,202310,11.52,0.52,49.57,0.71,0.0067,0.0075,0.00254
41.22,28.24,202311,6.49,0.41,68.19,6.61,0.00378,0.01032,0.02367
41.22,28.24,202312,4.82,0.38,64.93,2.62,0.0028,0.00983,0.00938
41.22,28.27,202301,5.51,0.38,69.94,0.87,0.00321,0.01059,0.00312
41.22,28.27,202302,8.89,0.45,66.0,1.39,0.00517,0.00999,0.00498
41.22,28.27,202303,11.1,0.41,71.25,2.38,0.00646,0.01079,0.00852
41.22,28.27,202304,15.63,0.45,72.39,3.11,0.00909,0.01096,0.01114
41.22,28.27,202305,18.84,0.48,71.78,1.18,0.01096,0.01087,0.00423
41.22,28.27,202306,24.01,0.58,45.28,0.92,0.01397,0.00686,0.00329
41.22,28.27,202307,26.15,0.65,23.83,0.27,0.01521,0.00361,0.00097
41.22,28.27,202308,21.47,0.59,31.41,0.21,0.01249,0.00476,0.00075
41.22,28.27,202309,16.72,0.56,46.02,0.96,0.00973,0.00697,0.00344
41.22,28.27,202310,11.52,0.52,49.57,0.71,0.0067,0.0075,0.00254
41.22,28.27,202311,6.49,0.41,68.19,6.61,0.00378,0.01032,0.02367
41.22,28.27,202312,4.82,0.38,64.93,2.62,0.0028,0.00983,0.00938
41.22,28.3,202301,5.51,0.38,69.94,0.87,0.00321,0.01059,0.00312
41.22,28.3,202302,8.89,0.45,66.0,1.39,0.00517,0.00999,0.00498
41.22,28.3,202303,11.1,0.41,71.25,2.38,0.00646,0.01079,0.00852
41.22,28.3,202304,15.63,0.45,72.39,3.11,0.00909,0.01096,0.01114
41.22,28.3,202305,18.84,0.48,71.78,1.18,0.01096,0.01087,0.00423
41.22,28.3,202306,24.01,0.58,45.28,0.92,0.01397,0.00686,0.00329
41.22,28.3,202307,26.15,0.65,23.83,0.27,0.01521,0.00361,0.00097
41.22,28.3,202308,21.47,0.59,31.41,0.21,0.01249,0.00476,0.00075
41.22,28.3,202309,16.72,0.56,46.02,0.96,0.00973,0.00697,0.00344
41.22,28.3,202310,11.52,0.52,49.57,0.71,0.0067,0.0075,0.00254
41.22,28.3,202311,6.49,0.41,68.19,6.61,0.00378,0.01032,0.02367
41.22,28.3,202312,4.82,0.38,64.93,2.62,0.0028,0.00983,0.00938
41.22,28.33,202301,5.51,0.38,69.94,0.87,0.00321,0.01059,0.00312
41.22,28.33,202302,8.89,0.45,66.0,1.39,0.00517,0.00999,0.00498
41.22,28.33,202303,11.1,0.41,71.25,2.38,0.00646,0.01079,0.00852
41.22,28.33,202304,15.63,0.45,72.39,3.11,0.00909,0.01096,0.01114
41.22,28.33,202305,18.84,0.48,71.78,1.18,0.01096,0.01087,0.00423
41.22,28.33,202306,24.01,0.58,45.28,0.92,0.01397,0.00686,0.00329
41.22,28.33,202307,26.15,0.65,23.83,0.27,0.01521,0.00361,0.00097
41.22,28.33,202308,21.47,0.59,31.41,0.21,0.01249,0.00476,0.00075
41.22,28.33,202309,16.72,0.56,46.02,0.96,0.00973,0.00697,0.00344
41.22,28.33,202310,11.52,0.52,49.57,0.71,0.0067,0.0075,0.00254
41.22,28.33,202311,6.49,0.41,68.19,6.61,0.00378,0.01032,0.02367
41.22,28.33,202312,4.82,0.38,64.93,2.62,0.0028,0.00983,0.00938
41.22,28.36,202301,5.51,0.38,69.94,0.87,0.00321,0.01059,0.00312
41.22,28.36,202302,8.89,0.45,66.0,1.39,0.00517,0.00999,0.00498
41.22,28.36,202303,11.1,0.41,71.25,2.38,0.00646,0.01079,0.00852
41.22,28.36,202304,15.63,0.45,72.39,3.11,0.00909,0.01096,0.01114
41.22,28.36,202305,18.84,0.48,71.78,1.18,0.01096,0.01087,0.00423
41.22,28.36,202306,24.01,0.58,45.28,0.92,0.01397,0.00686,0.00329
41.22,28.36,202307,26.15,0.65,23.83,0.27,0.01521,0.00361,0.00097
41.22,28.36,202308,21.47,0.59,31.41,0.21,0.01249,0.00476,0.00075
41.22,28.36,202309,16.72,0.56,46.02,0.96,0.00973,0.00697,0.00344
41.22,28.36,202310,11.52,0.52,49.57,0.71,0.0067,0.0075,0.00254
41.22,28.36,202311,6.49,0.41,68.19,6.61,0.00378,0.01032,0.02367
41.22,28.36,202312,4.82,0.38,64.93,2.62,0.0028,0.00983,0.00938
41.22,28.39,202301,5.51,0.38,69.94,0.87,0.00321,0.01059,0.00312
41.22,28.39,202302,8.89,0.45,66.0,1.39,0.00517,0.00999,0.00498
41.22,28.39,202303,11.1,0.41,71.25,2.38,0.00646,0.01079,0.00852
41.22,28.39,202304,15.63,0.45,72.39,3.11,0.00909,0.01096,0.01114
41.22,28.39,202305,18.84,0.48,71.78,1.18,0.01096,0.01087,0.00423
41.22,28.39,202306,24.01,0.58,45.28,0.92,0.01397,0.00686,0.00329
41.22,28.39,202307,26.15,0.65,23.83,0.27,0.01521,0.00361,0.00097
41.22,28.39,202308,21.47,0.59,31.41,0.21,0.01249,0.00476,0.00075
41.22,28.39,202309,16.72,0.56,46.02,0.96,0.00973,0.00697,0.00344
41.22,28.39,202310,11.52,0.52,49.57,0.71,0.0067,0.0075,0.00254
41.22,28.39,202311,6.49,0.41,68.19,6.61,0.00378,0.01032,0.02367
41.22,28.39,202312,4.82,0.38,64.93,2.62,0.0028,0.00983,0.00938
41.22,28.42,202301,5.51,0.38,69.94,0.87,0.00321,0.01059,0.00312
41.22,28.42,202302,8.89,0.45,66.0,1.39,0.00517,0.00999,0.00498
41.22,28.42,202303,11.1,0.41,71.25,2.38,0.00646,0.01079,0.00852
41.22,28.42,202304,15.63,0.45,72.39,3.11,0.00909,0.01096,0.01114
41.22,28.42,202305,18.84,0.48,71.78,1.18,0.01096,0.01087,0.00423
41.22,28.42,202306,24.01,0.58,45.28,0.92,0.01397,0.00686,0.00329
41.22,28.42,202307,26.15,0.65,23.83,0.27,0.01521,0.00361,0.00097
41.22,28.42,202308,21.47,0.59,31.41,0.21,0.01249,0.00476,0.00075
41.22,28.42,202309,16.72,0.56,46.02,0.96,0.00973,0.00697,0.00344
41.22,28.42,202310,11.52,0.52,49.57,0.71,0.0067,0.0075,0.00254
41.22,28.42,202311,6.49,0.41,68.19,6.61,0.00378,0.01032,0.02367
41.22,28.42,202312,4.82,0.38,64.93,2.62,0.0028,0.00983,0.00938
41.22,28.45,202301,5.51,0.38,69.94,0.72,0.00321,0.01059,0.00258
41.22,28.45,202302,8.89,0.45,66.0,1.83,0.00517,0.00999,0.00655
41.22,28.45,202303,11.1,0.41,71.25,2.49,0.00646,0.01079,0.00892
41.22,28.45,202304,15.63,0.45,72.39,3.07,0.00909,0.01096,0.01099
41.22,28.45,202305,18.84,0.48,71.78,1.24,0.01096,0.01087,0.00444
41.22,28.45,202306,24.01,0.58,45.28,0.86,0.01397,0.00686,0.00308
41.22,28.45,202307,26.15,0.65,23.83,0.33,0.01521,0.00361,0.00118
41.22,28.45,202308,21.47,0.59,31.41,0.3,0.01249,0.00476,0.00107
41.22,28.45,202309,16.72,0.56,46.02,0.71,0.00973,0.00697,0.00254
41.22,28.45,202310,11.52,0.52,49.57,1.15,0.0067,0.0075,0.00412
41.22,28.45,202311,6.49,0.41,68.19,6.37,0.00378,0.01032,0.02281
41.22,28.45,202312,4.82,0.38,64.93,2.3,0.0028,0.00983,0.00824
41.22,28.48,202301,5.51,0.38,69.94,0.72,0.00321,0.01059,0.00258
41.22,28.48,202302,8.89,0.45,66.0,1.83,0.00517,0.00999,0.00655
41.22,28.48,202303,11.1,0.41,71.25,2.49,0.00646,0.01079,0.00892
41.22,28.48,202304,15.63,0.45,72.39,3.07,0.00909,0.01096,0.01099
41.22,28.48,202305,18.84,0.48,71.78,1.24,0.01096,0.01087,0.00444
41.22,28.48,202306,24.01,0.58,45.28,0.86,0.01397,0.00686,0.00308
41.22,28.48,202307,26.15,0.65,23.83,0.33,0.01521,0.00361,0.00118
41.22,28.48,202308,21.47,0.59,31.41,0.3,0.01249,0.00476,0.00107
41.22,28.48,202309,16.72,0.56,46.02,0.71,0.00973,0.00697,0.00254
41.22,28.48,202310,11.52,0.52,49.57,1.15,0.0067,0.0075,0.00412
41.22,28.48,202311,6.49,0.41,68.19,6.37,0.00378,0.01032,0.02281
41.22,28.48,202312,4.82,0.38,64.93,2.3,0.0028,0.00983,0.00824
41.22,28.51,202301,5.51,0.38,69.94,0.72,0.00321,0.01059,0.00258
41.22,28.51,202302,8.89,0.45,66.0,1.83,0.00517,0.00999,0.00655
41.22,28.51,202303,11.1,0.41,71.25,2.49,0.00646,0.01079,0.00892
41.22,28.51,202304,15.63,0.45,72.39,3.07,0.00909,0.01096,0.01099
41.22,28.51,202305,18.84,0.48,71.78,1.24,0.01096,0.01087,0.00444
41.22,28.51,202306,24.01,0.58,45.28,0.86,0.01397,0.00686,0.00308
41.22,28.51,202307,26.15,0.65,23.83,0.33,0.01521,0.00361,0.00118
41.22,28.51,202308,21.47,0.59,31.41,0.3,0.01249,0.00476,0.00107
41.22,28.51,202309,16.72,0.56,46.02,0.71,0.00973,0.00697,0.00254
41.22,28.51,202310,11.52,0.52,49.57,1.15,0.0067,0.0075,0.00412
41.22,28.51,202311,6.49,0.41,68.19,6.37,0.00378,0.01032,0.02281
41.22,28.51,202312,4.82,0.38,64.93,2.3,0.0028,0.00983,0.00824
41.22,28.54,202301,5.51,0.38,69.94,0.72,0.00321,0.01059,0.00258
41.22,28.54,202302,8.89,0.45,66.0,1.83,0.00517,0.00999,0.00655
41.22,28.54,202303,11.1,0.41,71.25,2.49,0.00646,0.01079,0.00892
41.22,28.54,202304,15.63,0.45,72.39,3.07,0.00909,0.01096,0.01099
41.22,28.54,202305,18.84,0.48,71.78,1.24,0.01096,0.01087,0.00444
41.22,28.54,202306,24.01,0.58,45.28,0.86,0.01397,0.00686,0.00308
41.22,28.54,202307,26.15,0.65,23.83,0.33,0.01521,0.00361,0.00118
41.22,28.54,202308,21.47,0.59,31.41,0.3,0.01249,0.00476,0.00107
41.22,28.54,202309,16.72,0.56,46.02,0.71,0.00973,0.00697,0.00254
41.22,28.54,202310,11.52,0.52,49.57,1.15,0.0067,0.0075,0.00412
41.22,28.54,202311,6.49,0.41,68.19,6.37,0.00378,0.01032,0.02281
41.22,28.54,202312,4.82,0.38,64.93,2.3,0.0028,0.00983,0.00824
41.22,28.57,202301,5.51,0.38,69.94,0.72,0.00321,0.01059,0.00258
41.22,28.57,202302,8.89,0.45,66.0,1.83,0.00517,0.00999,0.00655
41.22,28.57,202303,11.1,0.41,71.25,2.49,0.00646,0.01079,0.00892
41.22,28.57,202304,15.63,0.45,72.39,3.07,0.00909,0.01096,0.01099
41.22,28.57,202305,18.84,0.48,71.78,1.24,0.01096,0.01087,0.00444
41.22,28.57,202306,24.01,0.58,45.28,0.86,0.01397,0.00686,0.00308
41.22,28.57,202307,26.15,0.65,23.83,0.33,0.01521,0.00361,0.00118
41.22,28.57,202308,21.47,0.59,31.41,0.3,0.01249,0.00476,0.00107
41.22,28.57,202309,16.72,0.56,46.02,0.71,0.00973,0.00697,0.00254
41.22,28.57,202310,11.52,0.52,49.57,1.15,0.0067,0.0075,0.00412
41.22,28.57,202311,6.49,0.41,68.19,6.37,0.00378,0.01032,0.02281
41.22,28.57,202312,4.82,0.38,64.93,2.3,0.0028,0.00983,0.00824
41.22,28.6,202301,5.51,0.38,69.94,0.72,0.00321,0.01059,0.00258
41.22,28.6,202302,8.89,0.45,66.0,1.83,0.00517,0.00999,0.00655
41.22,28.6,202303,11.1,0.41,71.25,2.49,0.00646,0.01079,0.00892
41.22,28.6,202304,15.63,0.45,72.39,3.07,0.00909,0.01096,0.01099
41.22,28.6,202305,18.84,0.48,71.78,1.24,0.01096,0.01087,0.00444
41.22,28.6,202306,24.01,0.58,45.28,0.86,0.01397,0.00686,0.00308
41.22,28.6,202307,26.15,0.65,23.83,0.33,0.01521,0.00361,0.00118
41.22,28.6,202308,21.47,0.59,31.41,0.3,0.01249,0.00476,0.00107
41.22,28.6,202309,16.72,0.56,46.02,0.71,0.00973,0.00697,0.00254
41.22,28.6,202310,11.52,0.52,49.57,1.15,0.0067,0.0075,0.00412
41.22,28.6,202311,6.49,0.41,68.19,6.37,0.00378,0.01032,0.02281
41.22,28.6,202312,4.82,0.38,64.93,2.3,0.0028,0.00983,0.00824
41.22,28.63,202301,5.51,0.38,69.94,0.72,0.00321,0.01059,0.00258
41.22,28.63,202302,8.89,0.45,66.0,1.83,0.00517,0.00999,0.00655
41.22,28.63,202303,11.1,0.41,71.25,2.49,0.00646,0.01079,0.00892
41.22,28.63,202304,15.63,0.45,72.39,3.07,0.00909,0.01096,0.01099
41.22,28.63,202305,18.84,0.48,71.78,1.24,0.01096,0.01087,0.00444
41.22,28.63,202306,24.01,0.58,45.28,0.86,0.01397,0.00686,0.00308
41.22,28.63,202307,26.15,0.65,23.83,0.33,0.01521,0.00361,0.00118
41.22,28.63,202308,21.47,0.59,31.41,0.3,0.01249,0.00476,0.00107
41.22,28.63,202309,16.72,0.56,46.02,0.71,0.00973,0.00697,0.00254
41.22,28.63,202310,11.52,0.52,49.57,1.15,0.0067,0.0075,0.00412
41.22,28.63,202311,6.49,0.41,68.19,6.37,0.00378,0.01032,0.02281
41.22,28.63,202312,4.82,0.38,64.93,2.3,0.0028,0.00983,0.00824
41.22,28.66,202301,5.51,0.38,69.94,0.72,0.00321,0.01059,0.00258
41.22,28.66,202302,8.89,0.45,66.0,1.83,0.00517,0.00999,0.00655
41.22,28.66,202303,11.1,0.41,71.25,2.49,0.00646,0.01079,0.00892
41.22,28.66,202304,15.63,0.45,72.39,3.07,0.00909,0.01096,0.01099
41.22,28.66,202305,18.84,0.48,71.78,1.24,0.01096,0.01087,0.00444
41.22,28.66,202306,24.01,0.58,45.28,0.86,0.01397,0.00686,0.00308
41.22,28.66,202307,26.15,0.65,23.83,0.33,0.01521,0.00361,0.00118
41.22,28.66,202308,21.47,0.59,31.41,0.3,0.01249,0.00476,0.00107
41.22,28.66,202309,16.72,0.56,46.02,0.71,0.00973,0.00697,0.00254
41.22,28.66,202310,11.52,0.52,49.57,1.15,0.0067,0.0075,0.00412
41.22,28.66,202311,6.49,0.41,68.19,6.37,0.00378,0.01032,0.02281
41.22,28.66,202312,4.82,0.38,64.93,2.3,0.0028,0.00983,0.00824
41.22,28.69,202301,5.51,0.38,69.94,0.72,0.00321,0.01059,0.00258
41.22,28.69,202302,8.89,0.45,66.0,1.83,0.00517,0.00999,0.00655
41.22,28.69,202303,11.1,0.41,71.25,2.49,0.00646,0.01079,0.00892
41.22,28.69,202304,15.63,0.45,72.39,3.07,0.00909,0.01096,0.01099
41.22,28.69,202305,18.84,0.48,71.78,1.24,0.01096,0.01087,0.00444
41.22,28.69,202306,24.01,0.58,45.28,0.86,0.01397,0.00686,0.00308
41.22,28.69,202307,26.15,0.65,23.83,0.33,0.01521,0.00361,0.00118
41.22,28.69,202308,21.47,0.59,31.41,0.3,0.01249,0.00476,0.00107
41.22,28.69,202309,16.72,0.56,46.02,0.71,0.00973,0.00697,0.00254
41.22,28.69,202310,11.52,0.52,49.57,1.15,0.0067,0.0075,0.00412
41.22,28.69,202311,6.49,0.41,68.19,6.37,0.00378,0.01032,0.02281
41.22,28.69,202312,4.82,0.38,64.93,2.3,0.0028,0.00983,0.00824
41.22,28.72,202301,5.51,0.38,69.94,0.72,0.00321,0.01059,0.00258
41.22,28.72,202302,8.89,0.45,66.0,1.83,0.00517,0.00999,0.00655
41.22,28.72,202303,11.1,0.41,71.25,2.49,0.00646,0.01079,0.00892
41.22,28.72,202304,15.63,0.45,72.39,3.07,0.00909,0.01096,0.01099
41.22,28.72,202305,18.84,0.48,71.78,1.24,0.01096,0.01087,0.00444
41.22,28.72,202306,24.01,0.58,45.28,0.86,0.01397,0.00686,0.00308
41.22,28.72,202307,26.15,0.65,23.83,0.33,0.01521,0.00361,0.00118
41.22,28.72,202308,21.47,0.59,31.41,0.3,0.01249,0.00476,0.00107
41.22,28.72,202309,16.72,0.56,46.02,0.71,0.00973,0.00697,0.00254
41.22,28.72,202310,11.52,0.52,49.57,1.15,0.0067,0.0075,0.00412
41.22,28.72,202311,6.49,0.41,68.19,6.37,0.00378,0.01032,0.02281
41.22,28.72,202312,4.82,0.38,64.93,2.3,0.0028,0.00983,0.00824
41.22,28.75,202301,5.51,0.38,69.94,0.72,0.00321,0.01059,0.00258
41.22,28.75,202302,8.89,0.45,66.0,1.83,0.00517,0.00999,0.00655
41.22,28.75,202303,11.1,0.41,71.25,2.49,0.00646,0.01079,0.00892
41.22,28.75,202304,15.63,0.45,72.39,3.07,0.00909,0.01096,0.01099
41.22,28.75,202305,18.84,0.48,71.78,1.24,0.01096,0.01087,0.00444
41.22,28.75,202306,24.01,0.58,45.28,0.86,0.01397,0.00686,0.00308
41.22,28.75,202307,26.15,0.65,23.83,0.33,0.01521,0.00361,0.00118
41.22,28.75,202308,21.47,0.59,31.41,0.3,0.01249,0.00476,0.00107
41.22,28.75,202309,16.72,0.56,46.02,0.71,0.00973,0.00697,0.00254
41.22,28.75,202310,11.52,0.52,49.57,1.15,0.0067,0.0075,0.00412
41.22,28.75,202311,6.49,0.41,68.19,6.37,0.00378,0.01032,0.02281
41.22,28.75,202312,4.82,0.38,64.93,2.3,0.0028,0.00983,0.00824
41.22,28.78,202301,5.51,0.38,69.94,0.72,0.00321,0.01059,0.00258
41.22,28.78,202302,8.89,0.45,66.0,1.83,0.00517,0.00999,0.00655
41.22,28.78,202303,11.1,0.41,71.25,2.49,0.00646,0.01079,0.00892
41.22,28.78,202304,15.63,0.45,72.39,3.07,0.00909,0.01096,0.01099
41.22,28.78,202305,18.84,0.48,71.78,1.24,0.01096,0.01087,0.00444
41.22,28.78,202306,24.01,0.58,45.28,0.86,0.01397,0.00686,0.00308
41.22,28.78,202307,26.15,0.65,23.83,0.33,0.01521,0.00361,0.00118
41.22,28.78,202308,21.47,0.59,31.41,0.3,0.01249,0.00476,0.00107
41.22,28.78,202309,16.72,0.56,46.02,0.71,0.00973,0.00697,0.00254
41.22,28.78,202310,11.52,0.52,49.57,1.15,0.0067,0.0075,0.00412
41.22,28.78,202311,6.49,0.41,68.19,6.37,0.00378,0.01032,0.02281
41.22,28.78,202312,4.82,0.38,64.93,2.3,0.0028,0.00983,0.00824
41.22,28.81,202301,5.51,0.38,69.94,0.72,0.00321,0.01059,0.00258
41.22,28.81,202302,8.89,0.45,66.0,1.83,0.00517,0.00999,0.00655
41.22,28.81,202303,11.1,0.41,71.25,2.49,0.00646,0.01079,0.00892
41.22,28.81,202304,15.63,0.45,72.39,3.07,0.00909,0.01096,0.01099
41.22,28.81,202305,18.84,0.48,71.78,1.24,0.01096,0.01087,0.00444
41.22,28.81,202306,24.01,0.58,45.28,0.86,0.01397,0.00686,0.00308
41.22,28.81,202307,26.15,0.65,23.83,0.33,0.01521,0.00361,0.00118
41.22,28.81,202308,21.47,0.59,31.41,0.3,0.01249,0.00476,0.00107
41.22,28.81,202309,16.72,0.56,46.02,0.71,0.00973,0.00697,0.00254
41.22,28.81,202310,11.52,0.52,49.57,1.15,0.0067,0.0075,0.00412
41.22,28.81,202311,6.49,0.41,68.19,6.37,0.00378,0.01032,0.02281
41.22,28.81,202312,4.82,0.38,64.93,2.3,0.0028,0.00983,0.00824
41.22,28.84,202301,5.51,0.38,69.94,0.72,0.00321,0.01059,0.00258
41.22,28.84,202302,8.89,0.45,66.0,1.83,0.00517,0.00999,0.00655
41.22,28.84,202303,11.1,0.41,71.25,2.49,0.00646,0.01079,0.00892
41.22,28.84,202304,15.63,0.45,72.39,3.07,0.00909,0.01096,0.01099
41.22,28.84,202305,18.84,0.48,71.78,1.24,0.01096,0.01087,0.00444
41.22,28.84,202306,24.01,0.58,45.28,0.86,0.01397,0.00686,0.00308
41.22,28.84,202307,26.15,0.65,23.83,0.33,0.01521,0.00361,0.00118
41.22,28.84,202308,21.47,0.59,31.41,0.3,0.01249,0.00476,0.00107
41.22,28.84,202309,16.72,0.56,46.02,0.71,0.00973,0.00697,0.00254
41.22,28.84,202310,11.52,0.52,49.57,1.15,0.0067,0.0075,0.00412
41.22,28.84,202311,6.49,0.41,68.19,6.37,0.00378,0.01032,0.02281
41.22,28.84,202312,4.82,0.38,64.93,2.3,0.0028,0.00983,0.00824
41.22,28.87,202301,5.51,0.38,69.94,0.72,0.00321,0.01059,0.00258
41.22,28.87,202302,8.89,0.45,66.0,1.83,0.00517,0.00999,0.00655
41.22,28.87,202303,11.1,0.41,71.25,2.49,0.00646,0.01079,0.00892
41.22,28.87,202304,15.63,0.45,72.39,3.07,0.00909,0.01096,0.01099
41.22,28.87,202305,18.84,0.48,71.78,1.24,0.01096,0.01087,0.00444
41.22,28.87,202306,24.01,0.58,45.28,0.86,0.01397,0.00686,0.00308
41.22,28.87,202307,26.15,0.65,23.83,0.33,0.01521,0.00361,0.00118
41.22,28.87,202308,21.47,0.59,31.41,0.3,0.01249,0.00476,0.00107
41.22,28.87,202309,16.72,0.56,46.02,0.71,0.00973,0.00697,0.00254
41.22,28.87,202310,11.52,0.52,49.57,1.15,0.0067,0.0075,0.00412
41.22,28.87,202311,6.49,0.41,68.19,6.37,0.00378,0.01032,0.02281
41.22,28.87,202312,4.82,0.38,64.93,2.3,0.0028,0.00983,0.00824
41.22,28.9,202301,5.51,0.38,69.94,0.72,0.00321,0.01059,0.00258
41.22,28.9,202302,8.89,0.45,66.0,1.83,0.00517,0.00999,0.00655
41.22,28.9,202303,11.1,0.41,71.25,2.49,0.00646,0.01079,0.00892
41.22,28.9,202304,15.63,0.45,72.39,3.07,0.00909,0.01096,0.01099
41.22,28.9,202305,18.84,0.48,71.78,1.24,0.01096,0.01087,0.00444
41.22,28.9,202306,24.01,0.58,45.28,0.86,0.01397,0.00686,0.00308
41.22,28.9,202307,26.15,0.65,23.83,0.33,0.01521,0.00361,0.00118
41.22,28.9,202308,21.47,0.59,31.41,0.3,0.01249,0.00476,0.00107
41.22,28.9,202309,16.72,0.56,46.02,0.71,0.00973,0.00697,0.00254
41.22,28.9,202310,11.52,0.52,49.57,1.15,0.0067,0.0075,0.00412
41.22,28.9,202311,6.49,0.41,68.19,6.37,0.00378,0.01032,0.02281
41.22,28.9,202312,4.82,0.38,64.93,2.3,0.0028,0.00983,0.00824
41.22,28.93,202301,5.51,0.38,69.94,0.72,0.00321,0.01059,0.00258
41.22,28.93,202302,8.89,0.45,66.0,1.83,0.00517,0.00999,0.00655
41.22,28.93,202303,11.1,0.41,71.25,2.49,0.00646,0.01079,0.00892
41.22,28.93,202304,15.63,0.45,72.39,3.07,0.00909,0.01096,0.01099
41.22,28.93,202305,18.84,0.48,71.78,1.24,0.01096,0.01087,0.00444
41.22,28.93,202306,24.01,0.58,45.28,0.86,0.01397,0.00686,0.00308
41.22,28.93,202307,26.15,0.65,23.83,0.33,0.01521,0.00361,0.00118
41.22,28.93,202308,21.47,0.59,31.41,0.3,0.01249,0.00476,0.00107
41.22,28.93,202309,16.72,0.56,46.02,0.71,0.00973,0.00697,0.00254
41.22,28.93,202310,11.52,0.52,49.57,1.15,0.0067,0.0075,0.00412
41.22,28.93,202311,6.49,0.41,68.19,6.37,0.00378,0.01032,0.02281
41.22,28.93,202312,4.82,0.38,64.93,2.3,0.0028,0.00983,0.00824
41.22,28.96,202301,5.51,0.38,69.94,0.72,0.00321,0.01059,0.00258
41.22,28.96,202302,8.89,0.45,66.0,1.83,0.00517,0.00999,0.00655
41.22,28.96,202303,11.1,0.41,71.25,2.49,0.00646,0.01079,0.00892
41.22,28.96,202304,15.63,0.45,72.39,3.07,0.00909,0.01096,0.01099
41.22,28.96,202305,18.84,0.48,71.78,1.24,0.01096,0.01087,0.00444
41.22,28.96,202306,24.01,0.58,45.28,0.86,0.01397,0.00686,0.00308
41.22,28.96,202307,26.15,0.65,23.83,0.33,0.01521,0.00361,0.00118
41.22,28.96,202308,21.47,0.59,31.41,0.3,0.01249,0.00476,0.00107
41.22,28.96,202309,16.72,0.56,46.02,0.71,0.00973,0.00697,0.00254
41.22,28.96,202310,11.52,0.52,49.57,1.15,0.0067,0.0075,0.00412
41.22,28.96,202311,6.49,0.41,68.19,6.37,0.00378,0.01032,0.02281
41.22,28.96,202312,4.82,0.38,64.93,2.3,0.0028,0.00983,0.00824
41.22,28.99,202301,5.51,0.38,69.94,0.72,0.00321,0.01059,0.00258
41.22,28.99,202302,8.89,0.45,66.0,1.83,0.00517,0.00999,0.00655
41.22,28.99,202303,11.1,0.41,71.25,2.49,0.00646,0.01079,0.00892
41.22,28.99,202304,15.63,0.45,72.39,3.07,0.00909,0.01096,0.01099
41.22,28.99,202305,18.84,0.48,71.78,1.24,0.01096,0.01087,0.00444
41.22,28.99,202306,24.01,0.58,45.28,0.86,0.01397,0.00686,0.00308
41.22,28.99,202307,26.15,0.65,23.83,0.33,0.01521,0.00361,0.00118
41.22,28.99,202308,21.47,0.59,31.41,0.3,0.01249,0.00476,0.00107
41.22,28.99,202309,16.72,0.56,46.02,0.71,0.00973,0.00697,0.00254
41.22,28.99,202310,11.52,0.52,49.57,1.15,0.0067,0.0075,0.00412
41.22,28.99,202311,6.49,0.41,68.19,6.37,0.00378,0.01032,0.02281
41.22,28.99,202312,4.82,0.38,64.93,2.3,0.0028,0.00983,0.00824
41.22,29.02,202301,5.47,0.38,77.44,0.72,0.00318,0.01172,0.00258
41.22,29.02,202302,8.67,0.44,75.84,1.83,0.00504,0.01148,0.00655
41.22,29.02,202303,10.41,0.38,81.4,2.49,0.00606,0.01232,0.00892
41.22,29.02,202304,15.39,0.45,77.59,3.07,0.00895,0.01175,0.01099
41.22,29.02,202305,18.83,0.48,75.98,1.24,0.01095,0.0115,0.00444
41.22,29.02,202306,23.93,0.57,50.76,0.86,0.01392,0.00768,0.00308
41.22,29.02,202307,25.58,0.63,28.76,0.33,0.01488,0.00435,0.00118
41.22,29.02,202308,21.98,0.61,33.24,0.3,0.01279,0.00503,0.00107
41.22,29.02,202309,17.75,0.6,55.94,0.71,0.01032,0.00847,0.00254
41.22,29.02,202310,11.5,0.52,63.42,1.15,0.00669,0.0096,0.00412
41.22,29.02,202311,6.57,0.42,78.12,6.37,0.00382,0.01183,0.02281
41.22,29.02,202312,4.93,0.38,71.96,2.3,0.00287,0.01089,0.00824
41.22,29.05,202301,5.47,0.38,77.44,0.72,0.00318,0.01172,0.00258
41.22,29.05,202302,8.67,0.44,75.84,1.83,0.00504,0.01148,0.00655
41.22,29.05,202303,10.41,0.38,81.4,2.49,0.00606,0.01232,0.00892
41.22,29.05,202304,15.39,0.45,77.59,3.07,0.00895,0.01175,0.01099
41.22,29.05,202305,18.83,0.48,75.98,1.24,0.01095,0.0115,0.00444
41.22,29.05,202306,23.93,0.57,50.76,0.86,0.01392,0.00768,0.00308
41.22,29.05,202307,25.58,0.63,28.76,0.33,0.01488,0.00435,0.00118
41.22,29.05,202308,21.98,0.61,33.24,0.3,0.01279,0.00503,0.00107
41.22,29.05,202309,17.75,0.6,55.94,0.71,0.01032,0.00847,0.00254
41.22,29.05,202310,11.5,0.52,63.42,1.15,0.00669,0.0096,0.00412
41.22,29.05,202311,6.57,0.42,78.12,6.37,0.00382,0.01183,0.02281
41.22,29.05,202312,4.93,0.38,71.96,2.3,0.00287,0.01089,0.00824
41.22,29.08,202301,5.47,0.38,77.44,0.72,0.00318,0.01172,0.00258
41.22,29.08,202302,8.67,0.44,75.84,2.53,0.00504,0.01148,0.00906
41.22,29.08,202303,10.41,0.38,81.4,2.88,0.00606,0.01232,0.01031
41.22,29.08,202304,15.39,0.45,77.59,3.03,0.00895,0.01175,0.01085
41.22,29.08,202305,18.83,0.48,75.98,1.35,0.01095,0.0115,0.00483
41.22,29.08,202306,23.93,0.57,50.76,1.56,0.01392,0.00768,0.00559
41.22,29.08,202307,25.58,0.63,28.76,0.79,0.01488,0.00435,0.00283
41.22,29.08,202308,21.98,0.61,33.24,0.51,0.01279,0.00503,0.00183
41.22,29.08,202309,17.75,0.6,55.94,0.89,0.01032,0.00847,0.00319
41.22,29.08,202310,11.5,0.52,63.42,1.83,0.00669,0.0096,0.00655
41.22,29.08,202311,6.57,0.42,78.12,6.97,0.00382,0.01183,0.02496
41.22,29.08,202312,4.93,0.38,71.96,2.45,0.00287,0.01089,0.00877
41.22,29.23,202301,5.47,0.38,77.44,0.72,0.00318,0.01172,0.00258
41.22,29.23,202302,8.67,0.44,75.84,2.53,0.00504,0.01148,0.00906
41.22,29.23,202303,10.41,0.38,81.4,2.88,0.00606,0.01232,0.01031
41.22,29.23,202304,15.39,0.45,77.59,3.03,0.00895,0.01175,0.01085
41.22,29.23,202305,18.83,0.48,75.98,1.35,0.01095,0.0115,0.00483
41.22,29.23,202306,23.93,0.57,50.76,1.56,0.01392,0.00768,0.00559
41.22,29.23,202307,25.58,0.63,28.76,0.79,0.01488,0.00435,0.00283
41.22,29.23,202308,21.98,0.61,33.24,0.51,0.01279,0.00503,0.00183
41.22,29.23,202309,17.75,0.6,55.94,0.89,0.01032,0.00847,0.00319
41.22,29.23,202310,11.5,0.52,63.42,1.83,0.00669,0.0096,0.00655
41.22,29.23,202311,6.57,0.42,78.12,6.97,0.00382,0.01183,0.02496
41.22,29.23,202312,4.93,0.38,71.96,2.45,0.00287,0.01089,0.00877
41.22,29.26,202301,5.47,0.38,77.44,0.72,0.00318,0.01172,0.00258
41.22,29.26,202302,8.67,0.44,75.84,2.53,0.00504,0.01148,0.00906
41.22,29.26,202303,10.41,0.38,81.4,2.88,0.00606,0.01232,0.01031
41.22,29.26,202304,15.39,0.45,77.59,3.03,0.00895,0.01175,0.01085
41.22,29.26,202305,18.83,0.48,75.98,1.35,0.01095,0.0115,0.00483
41.22,29.26,202306,23.93,0.57,50.76,1.56,0.01392,0.00768,0.00559
41.22,29.26,202307,25.58,0.63,28.76,0.79,0.01488,0.00435,0.00283
41.22,29.26,202308,21.98,0.61,33.24,0.51,0.01279,0.00503,0.00183
41.22,29.26,202309,17.75,0.6,55.94,0.89,0.01032,0.00847,0.00319
41.22,29.26,202310,11.5,0.52,63.42,1.83,0.00669,0.0096,0.00655
41.22,29.26,202311,6.57,0.42,78.12,6.97,0.00382,0.01183,0.02496
41.22,29.26,202312,4.93,0.38,71.96,2.45,0.00287,0.01089,0.00877
41.24,28.0,202301,5.51,0.38,69.94,0.87,0.00321,0.01059,0.00312
41.24,28.0,202302,8.89,0.45,66.0,1.39,0.00517,0.00999,0.00498
41.24,28.0,202303,11.1,0.41,71.25,2.38,0.00646,0.01079,0.00852
41.24,28.0,202304,15.63,0.45,72.39,3.11,0.00909,0.01096,0.01114
41.24,28.0,202305,18.84,0.48,71.78,1.18,0.01096,0.01087,0.00423
41.24,28.0,202306,24.01,0.58,45.28,0.92,0.01397,0.00686,0.00329
41.24,28.0,202307,26.15,0.65,23.83,0.27,0.01521,0.00361,0.00097
41.24,28.0,202308,21.47,0.59,31.41,0.21,0.01249,0.00476,0.00075
41.24,28.0,202309,16.72,0.56,46.02,0.96,0.00973,0.00697,0.00344
41.24,28.0,202310,11.52,0.52,49.57,0.71,0.0067,0.0075,0.00254
41.24,28.0,202311,6.49,0.41,68.19,6.61,0.00378,0.01032,0.02367
41.24,28.0,202312,4.82,0.38,64.93,2.62,0.0028,0.00983,0.00938
41.24,28.03,202301,5.51,0.38,69.94,0.87,0.00321,0.01059,0.00312
41.24,28.03,202302,8.89,0.45,66.0,1.39,0.00517,0.00999,0.00498
41.24,28.03,202303,11.1,0.41,71.25,2.38,0.00646,0.01079,0.00852
41.24,28.03,202304,15.63,0.45,72.39,3.11,0.00909,0.01096,0.01114
41.24,28.03,202305,18.84,0.48,71.78,1.18,0.01096,0.01087,0.00423
41.24,28.03,202306,24.01,0.58,45.28,0.92,0.01397,0.00686,0.00329
41.24,28.03,202307,26.15,0.65,23.83,0.27,0.01521,0.00361,0.00097
41.24,28.03,202308,21.47,0.59,31.41,0.21,0.01249,0.00476,0.00075
41.24,28.03,202309,16.72,0.56,46.02,0.96,0.00973,0.00697,0.00344
41.24,28.03,202310,11.52,0.52,49.57,0.71,0.0067,0.0075,0.00254
41.24,28.03,202311,6.49,0.41,68.19,6.61,0.00378,0.01032,0.02367
41.24,28.03,202312,4.82,0.38,64.93,2.62,0.0028,0.00983,0.00938
41.24,28.06,202301,5.51,0.38,69.94,0.87,0.00321,0.01059,0.00312
41.24,28.06,202302,8.89,0.45,66.0,1.39,0.00517,0.00999,0.00498
41.24,28.06,202303,11.1,0.41,71.25,2.38,0.00646,0.01079,0.00852
41.24,28.06,202304,15.63,0.45,72.39,3.11,0.00909,0.01096,0.01114
41.24,28.06,202305,18.84,0.48,71.78,1.18,0.01096,0.01087,0.00423
41.24,28.06,202306,24.01,0.58,45.28,0.92,0.01397,0.00686,0.00329
41.24,28.06,202307,26.15,0.65,23.83,0.27,0.01521,0.00361,0.00097
41.24,28.06,202308,21.47,0.59,31.41,0.21,0.01249,0.00476,0.00075
41.24,28.06,202309,16.72,0.56,46.02,0.96,0.00973,0.00697,0.00344
41.24,28.06,202310,11.52,0.52,49.57,0.71,0.0067,0.0075,0.00254
41.24,28.06,202311,6.49,0.41,68.19,6.61,0.00378,0.01032,0.02367
41.24,28.06,202312,4.82,0.38,64.93,2.62,0.0028,0.00983,0.00938
41.24,28.09,202301,5.51,0.38,69.94,0.87,0.00321,0.01059,0.00312
41.24,28.09,202302,8.89,0.45,66.0,1.39,0.00517,0.00999,0.00498
41.24,28.09,202303,11.1,0.41,71.25,2.38,0.00646,0.01079,0.00852
41.24,28.09,202304,15.63,0.45,72.39,3.11,0.00909,0.01096,0.01114
41.24,28.09,202305,18.84,0.48,71.78,1.18,0.01096,0.01087,0.00423
41.24,28.09,202306,24.01,0.58,45.28,0.92,0.01397,0.00686,0.00329
41.24,28.09,202307,26.15,0.65,23.83,0.27,0.01521,0.00361,0.00097
41.24,28.09,202308,21.47,0.59,31.41,0.21,0.01249,0.00476,0.00075
41.24,28.09,202309,16.72,0.56,46.02,0.96,0.00973,0.00697,0.00344
41.24,28.09,202310,11.52,0.52,49.57,0.71,0.0067,0.0075,0.00254
41.24,28.09,202311,6.49,0.41,68.19,6.61,0.00378,0.01032,0.02367
41.24,28.09,202312,4.82,0.38,64.93,2.62,0.0028,0.00983,0.00938
41.24,28.12,202301,5.51,0.38,69.94,0.87,0.00321,0.01059,0.00312
41.24,28.12,202302,8.89,0.45,66.0,1.39,0.00517,0.00999,0.00498
41.24,28.12,202303,11.1,0.41,71.25,2.38,0.00646,0.01079,0.00852
41.24,28.12,202304,15.63,0.45,72.39,3.11,0.00909,0.01096,0.01114
41.24,28.12,202305,18.84,0.48,71.78,1.18,0.01096,0.01087,0.00423
41.24,28.12,202306,24.01,0.58,45.28,0.92,0.01397,0.00686,0.00329
41.24,28.12,202307,26.15,0.65,23.83,0.27,0.01521,0.00361,0.00097
41.24,28.12,202308,21.47,0.59,31.41,0.21,0.01249,0.00476,0.00075
41.24,28.12,202309,16.72,0.56,46.02,0.96,0.00973,0.00697,0.00344
41.24,28.12,202310,11.52,0.52,49.57,0.71,0.0067,0.0075,0.00254
41.24,28.12,202311,6.49,0.41,68.19,6.61,0.00378,0.01032,0.02367
41.24,28.12,202312,4.82,0.38,64.93,2.62,0.0028,0.00983,0.00938
41.24,28.15,202301,5.51,0.38,69.94,0.87,0.00321,0.01059,0.00312
41.24,28.15,202302,8.89,0.45,66.0,1.39,0.00517,0.00999,0.00498
41.24,28.15,202303,11.1,0.41,71.25,2.38,0.00646,0.01079,0.00852
41.24,28.15,202304,15.63,0.45,72.39,3.11,0.00909,0.01096,0.01114
41.24,28.15,202305,18.84,0.48,71.78,1.18,0.01096,0.01087,0.00423
41.24,28.15,202306,24.01,0.58,45.28,0.92,0.01397,0.00686,0.00329
41.24,28.15,202307,26.15,0.65,23.83,0.27,0.01521,0.00361,0.00097
41.24,28.15,202308,21.47,0.59,31.41,0.21,0.01249,0.00476,0.00075
41.24,28.15,202309,16.72,0.56,46.02,0.96,0.00973,0.00697,0.00344
41.24,28.15,202310,11.52,0.52,49.57,0.71,0.0067,0.0075,0.00254
41.24,28.15,202311,6.49,0.41,68.19,6.61,0.00378,0.01032,0.02367
41.24,28.15,202312,4.82,0.38,64.93,2.62,0.0028,0.00983,0.00938
41.24,28.18,202301,5.51,0.38,69.94,0.87,0.00321,0.01059,0.00312
41.24,28.18,202302,8.89,0.45,66.0,1.39,0.00517,0.00999,0.00498
41.24,28.18,202303,11.1,0.41,71.25,2.38,0.00646,0.01079,0.00852
41.24,28.18,202304,15.63,0.45,72.39,3.11,0.00909,0.01096,0.01114
41.24,28.18,202305,18.84,0.48,71.78,1.18,0.01096,0.01087,0.00423
41.24,28.18,202306,24.01,0.58,45.28,0.92,0.01397,0.00686,0.00329
41.24,28.18,202307,26.15,0.65,23.83,0.27,0.01521,0.00361,0.00097
41.24,28.18,202308,21.47,0.59,31.41,0.21,0.01249,0.00476,0.00075
41.24,28.18,202309,16.72,0.56,46.02,0.96,0.00973,0.00697,0.00344
41.24,28.18,202310,11.52,0.52,49.57,0.71,0.0067,0.0075,0.00254
41.24,28.18,202311,6.49,0.41,68.19,6.61,0.00378,0.01032,0.02367
41.24,28.18,202312,4.82,0.38,64.93,2.62,0.0028,0.00983,0.00938
41.24,28.21,202301,5.51,0.38,69.94,0.87,0.00321,0.01059,0.00312
41.24,28.21,202302,8.89,0.45,66.0,1.39,0.00517,0.00999,0.00498
41.24,28.21,202303,11.1,0.41,71.25,2.38,0.00646,0.01079,0.00852
41.24,28.21,202304,15.63,0.45,72.39,3.11,0.00909,0.01096,0.01114
41.24,28.21,202305,18.84,0.48,71.78,1.18,0.01096,0.01087,0.00423
41.24,28.21,202306,24.01,0.58,45.28,0.92,0.01397,0.00686,0.00329
41.24,28.21,202307,26.15,0.65,23.83,0.27,0.01521,0.00361,0.00097
41.24,28.21,202308,21.47,0.59,31.41,0.21,0.01249,0.00476,0.00075
41.24,28.21,202309,16.72,0.56,46.02,0.96,0.00973,0.00697,0.00344
41.24,28.21,202310,11.52,0.52,49.57,0.71,0.0067,0.0075,0.00254
41.24,28.21,202311,6.49,0.41,68.19,6.61,0.00378,0.01032,0.02367
41.24,28.21,202312,4.82,0.38,64.93,2.62,0.0028,0.00983,0.00938
41.24,28.24,202301,5.51,0.38,69.94,0.87,0.00321,0.01059,0.00312
41.24,28.24,202302,8.89,0.45,66.0,1.39,0.00517,0.00999,0.00498
41.24,28.24,202303,11.1,0.41,71.25,2.38,0.00646,0.01079,0.00852
41.24,28.24,202304,15.63,0.45,72.39,3.11,0.00909,0.01096,0.01114
41.24,28.24,202305,18.84,0.48,71.78,1.18,0.01096,0.01087,0.00423
41.24,28.24,202306,24.01,0.58,45.28,0.92,0.01397,0.00686,0.00329
41.24,28.24,202307,26.15,0.65,23.83,0.27,0.01521,0.00361,0.00097
41.24,28.24,202308,21.47,0.59,31.41,0.21,0.01249,0.00476,0.00075
41.24,28.24,202309,16.72,0.56,46.02,0.96,0.00973,0.00697,0.00344
41.24,28.24,202310,11.52,0.52,49.57,0.71,0.0067,0.0075,0.00254
41.24,28.24,202311,6.49,0.41,68.19,6.61,0.00378,0.01032,0.02367
41.24,28.24,202312,4.82,0.38,64.93,2.62,0.0028,0.00983,0.00938
41.24,28.27,202301,5.51,0.38,69.94,0.87,0.00321,0.01059,0.00312
41.24,28.27,202302,8.89,0.45,66.0,1.39,0.00517,0.00999,0.00498
41.24,28.27,202303,11.1,0.41,71.25,2.38,0.00646,0.01079,0.00852
41.24,28.27,202304,15.63,0.45,72.39,3.11,0.00909,0.01096,0.01114
41.24,28.27,202305,18.84,0.48,71.78,1.18,0.01096,0.01087,0.00423
41.24,28.27,202306,24.01,0.58,45.28,0.92,0.01397,0.00686,0.00329
41.24,28.27,202307,26.15,0.65,23.83,0.27,0.01521,0.00361,0.00097
41.24,28.27,202308,21.47,0.59,31.41,0.21,0.01249,0.00476,0.00075
41.24,28.27,202309,16.72,0.56,46.02,0.96,0.00973,0.00697,0.00344
41.24,28.27,202310,11.52,0.52,49.57,0.71,0.0067,0.0075,0.00254
41.24,28.27,202311,6.49,0.41,68.19,6.61,0.00378,0.01032,0.02367
41.24,28.27,202312,4.82,0.38,64.93,2.62,0.0028,0.00983,0.00938
41.24,28.3,202301,5.51,0.38,69.94,0.87,0.00321,0.01059,0.00312
41.24,28.3,202302,8.89,0.45,66.0,1.39,0.00517,0.00999,0.00498
41.24,28.3,202303,11.1,0.41,71.25,2.38,0.00646,0.01079,0.00852
41.24,28.3,202304,15.63,0.45,72.39,3.11,0.00909,0.01096,0.01114
41.24,28.3,202305,18.84,0.48,71.78,1.18,0.01096,0.01087,0.00423
41.24,28.3,202306,24.01,0.58,45.28,0.92,0.01397,0.00686,0.00329
41.24,28.3,202307,26.15,0.65,23.83,0.27,0.01521,0.00361,0.00097
41.24,28.3,202308,21.47,0.59,31.41,0.21,0.01249,0.00476,0.00075
41.24,28.3,202309,16.72,0.56,46.02,0.96,0.00973,0.00697,0.00344
41.24,28.3,202310,11.52,0.52,49.57,0.71,0.0067,0.0075,0.00254
41.24,28.3,202311,6.49,0.41,68.19,6.61,0.00378,0.01032,0.02367
41.24,28.3,202312,4.82,0.38,64.93,2.62,0.0028,0.00983,0.00938
41.24,28.33,202301,5.51,0.38,69.94,0.87,0.00321,0.01059,0.00312
41.24,28.33,202302,8.89,0.45,66.0,1.39,0.00517,0.00999,0.00498
41.24,28.33,202303,11.1,0.41,71.25,2.38,0.00646,0.01079,0.00852
41.24,28.33,202304,15.63,0.45,72.39,3.11,0.00909,0.01096,0.01114
41.24,28.33,202305,18.84,0.48,71.78,1.18,0.01096,0.01087,0.00423
41.24,28.33,202306,24.01,0.58,45.28,0.92,0.01397,0.00686,0.00329
41.24,28.33,202307,26.15,0.65,23.83,0.27,0.01521,0.00361,0.00097
41.24,28.33,202308,21.47,0.59,31.41,0.21,0.01249,0.00476,0.00075
41.24,28.33,202309,16.72,0.56,46.02,0.96,0.00973,0.00697,0.00344
41.24,28.33,202310,11.52,0.52,49.57,0.71,0.0067,0.0075,0.00254
41.24,28.33,202311,6.49,0.41,68.19,6.61,0.00378,0.01032,0.02367
41.24,28.33,202312,4.82,0.38,64.93,2.62,0.0028,0.00983,0.00938
41.24,28.36,202301,5.51,0.38,69.94,0.87,0.00321,0.01059,0.00312
41.24,28.36,202302,8.89,0.45,66.0,1.39,0.00517,0.00999,0.00498
41.24,28.36,202303,11.1,0.41,71.25,2.38,0.00646,0.01079,0.00852
41.24,28.36,202304,15.63,0.45,72.39,3.11,0.00909,0.01096,0.01114
41.24,28.36,202305,18.84,0.48,71.78,1.18,0.01096,0.01087,0.00423
41.24,28.36,202306,24.01,0.58,45.28,0.92,0.01397,0.00686,0.00329
41.24,28.36,202307,26.15,0.65,23.83,0.27,0.01521,0.00361,0.00097
41.24,28.36,202308,21.47,0.59,31.41,0.21,0.01249,0.00476,0.00075
41.24,28.36,202309,16.72,0.56,46.02,0.96,0.00973,0.00697,0.00344
41.24,28.36,202310,11.52,0.52,49.57,0.71,0.0067,0.0075,0.00254
41.24,28.36,202311,6.49,0.41,68.19,6.61,0.00378,0.01032,0.02367
41.24,28.36,202312,4.82,0.38,64.93,2.62,0.0028,0.00983,0.00938
41.24,28.39,202301,5.51,0.38,69.94,0.87,0.00321,0.01059,0.00312
41.24,28.39,202302,8.89,0.45,66.0,1.39,0.00517,0.00999,0.00498
41.24,28.39,202303,11.1,0.41,71.25,2.38,0.00646,0.01079,0.00852
41.24,28.39,202304,15.63,0.45,72.39,3.11,0.00909,0.01096,0.01114
41.24,28.39,202305,18.84,0.48,71.78,1.18,0.01096,0.01087,0.00423
41.24,28.39,202306,24.01,0.58,45.28,0.92,0.01397,0.00686,0.00329
41.24,28.39,202307,26.15,0.65,23.83,0.27,0.01521,0.00361,0.00097
41.24,28.39,202308,21.47,0.59,31.41,0.21,0.01249,0.00476,0.00075
41.24,28.39,202309,16.72,0.56,46.02,0.96,0.00973,0.00697,0.00344
41.24,28.39,202310,11.52,0.52,49.57,0.71,0.0067,0.0075,0.00254
41.24,28.39,202311,6.49,0.41,68.19,6.61,0.00378,0.01032,0.02367
41.24,28.39,202312,4.82,0.38,64.93,2.62,0.0028,0.00983,0.00938
41.24,28.42,202301,5.51,0.38,69.94,0.87,0.00321,0.01059,0.00312
41.24,28.42,202302,8.89,0.45,66.0,1.39,0.00517,0.00999,0.00498
41.24,28.42,202303,11.1,0.41,71.25,2.38,0.00646,0.01079,0.00852
41.24,28.42,202304,15.63,0.45,72.39,3.11,0.00909,0.01096,0.01114
41.24,28.42,202305,18.84,0.48,71.78,1.18,0.01096,0.01087,0.00423
41.24,28.42,202306,24.01,0.58,45.28,0.92,0.01397,0.00686,0.00329
41.24,28.42,202307,26.15,0.65,23.83,0.27,0.01521,0.00361,0.00097
41.24,28.42,202308,21.47,0.59,31.41,0.21,0.01249,0.00476,0.00075
41.24,28.42,202309,16.72,0.56,46.02,0.96,0.00973,0.00697,0.00344
41.24,28.42,202310,11.52,0.52,49.57,0.71,0.0067,0.0075,0.00254
41.24,28.42,202311,6.49,0.41,68.19,6.61,0.00378,0.01032,0.02367
41.24,28.42,202312,4.82,0.38,64.93,2.62,0.0028,0.00983,0.00938
41.24,28.45,202301,5.51,0.38,69.94,0.72,0.00321,0.01059,0.00258
41.24,28.45,202302,8.89,0.45,66.0,1.83,0.00517,0.00999,0.00655
41.24,28.45,202303,11.1,0.41,71.25,2.49,0.00646,0.01079,0.00892
41.24,28.45,202304,15.63,0.45,72.39,3.07,0.00909,0.01096,0.01099
41.24,28.45,202305,18.84,0.48,71.78,1.24,0.01096,0.01087,0.00444
41.24,28.45,202306,24.01,0.58,45.28,0.86,0.01397,0.00686,0.00308
41.24,28.45,202307,26.15,0.65,23.83,0.33,0.01521,0.00361,0.00118
41.24,28.45,202308,21.47,0.59,31.41,0.3,0.01249,0.00476,0.00107
41.24,28.45,202309,16.72,0.56,46.02,0.71,0.00973,0.00697,0.00254
41.24,28.45,202310,11.52,0.52,49.57,1.15,0.0067,0.0075,0.00412
41.24,28.45,202311,6.49,0.41,68.19,6.37,0.00378,0.01032,0.02281
41.24,28.45,202312,4.82,0.38,64.93,2.3,0.0028,0.00983,0.00824
41.24,28.48,202301,5.51,0.38,69.94,0.72,0.00321,0.01059,0.00258
41.24,28.48,202302,8.89,0.45,66.0,1.83,0.00517,0.00999,0.00655
41.24,28.48,202303,11.1,0.41,71.25,2.49,0.00646,0.01079,0.00892
41.24,28.48,202304,15.63,0.45,72.39,3.07,0.00909,0.01096,0.01099
41.24,28.48,202305,18.84,0.48,71.78,1.24,0.01096,0.01087,0.00444
41.24,28.48,202306,24.01,0.58,45.28,0.86,0.01397,0.00686,0.00308
41.24,28.48,202307,26.15,0.65,23.83,0.33,0.01521,0.00361,0.00118
41.24,28.48,202308,21.47,0.59,31.41,0.3,0.01249,0.00476,0.00107
41.24,28.48,202309,16.72,0.56,46.02,0.71,0.00973,0.00697,0.00254
41.24,28.48,202310,11.52,0.52,49.57,1.15,0.0067,0.0075,0.00412
41.24,28.48,202311,6.49,0.41,68.19,6.37,0.00378,0.01032,0.02281
41.24,28.48,202312,4.82,0.38,64.93,2.3,0.0028,0.00983,0.00824
41.24,28.51,202301,5.51,0.38,69.94,0.72,0.00321,0.01059,0.00258
41.24,28.51,202302,8.89,0.45,66.0,1.83,0.00517,0.00999,0.00655
41.24,28.51,202303,11.1,0.41,71.25,2.49,0.00646,0.01079,0.00892
41.24,28.51,202304,15.63,0.45,72.39,3.07,0.00909,0.01096,0.01099
41.24,28.51,202305,18.84,0.48,71.78,1.24,0.01096,0.01087,0.00444
41.24,28.51,202306,24.01,0.58,45.28,0.86,0.01397,0.00686,0.00308
41.24,28.51,202307,26.15,0.65,23.83,0.33,0.01521,0.00361,0.00118
41.24,28.51,202308,21.47,0.59,31.41,0.3,0.01249,0.00476,0.00107
41.24,28.51,202309,16.72,0.56,46.02,0.71,0.00973,0.00697,0.00254
41.24,28.51,202310,11.52,0.52,49.57,1.15,0.0067,0.0075,0.00412
41.24,28.51,202311,6.49,0.41,68.19,6.37,0.00378,0.01032,0.02281
41.24,28.51,202312,4.82,0.38,64.93,2.3,0.0028,0.00983,0.00824
41.24,28.54,202301,5.51,0.38,69.94,0.72,0.00321,0.01059,0.00258
41.24,28.54,202302,8.89,0.45,66.0,1.83,0.00517,0.00999,0.00655
41.24,28.54,202303,11.1,0.41,71.25,2.49,0.00646,0.01079,0.00892
41.24,28.54,202304,15.63,0.45,72.39,3.07,0.00909,0.01096,0.01099
41.24,28.54,202305,18.84,0.48,71.78,1.24,0.01096,0.01087,0.00444
41.24,28.54,202306,24.01,0.58,45.28,0.86,0.01397,0.00686,0.00308
41.24,28.54,202307,26.15,0.65,23.83,0.33,0.01521,0.00361,0.00118
41.24,28.54,202308,21.47,0.59,31.41,0.3,0.01249,0.00476,0.00107
41.24,28.54,202309,16.72,0.56,46.02,0.71,0.00973,0.00697,0.00254
41.24,28.54,202310,11.52,0.52,49.57,1.15,0.0067,0.0075,0.00412
41.24,28.54,202311,6.49,0.41,68.19,6.37,0.00378,0.01032,0.02281
41.24,28.54,202312,4.82,0.38,64.93,2.3,0.0028,0.00983,0.00824
41.24,28.57,202301,5.51,0.38,69.94,0.72,0.00321,0.01059,0.00258
41.24,28.57,202302,8.89,0.45,66.0,1.83,0.00517,0.00999,0.00655
41.24,28.57,202303,11.1,0.41,71.25,2.49,0.00646,0.01079,0.00892
41.24,28.57,202304,15.63,0.45,72.39,3.07,0.00909,0.01096,0.01099
41.24,28.57,202305,18.84,0.48,71.78,1.24,0.01096,0.01087,0.00444
41.24,28.57,202306,24.01,0.58,45.28,0.86,0.01397,0.00686,0.00308
41.24,28.57,202307,26.15,0.65,23.83,0.33,0.01521,0.00361,0.00118
41.24,28.57,202308,21.47,0.59,31.41,0.3,0.01249,0.00476,0.00107
41.24,28.57,202309,16.72,0.56,46.02,0.71,0.00973,0.00697,0.00254
41.24,28.57,202310,11.52,0.52,49.57,1.15,0.0067,0.0075,0.00412
41.24,28.57,202311,6.49,0.41,68.19,6.37,0.00378,0.01032,0.02281
41.24,28.57,202312,4.82,0.38,64.93,2.3,0.0028,0.00983,0.00824
41.24,28.6,202301,5.51,0.38,69.94,0.72,0.00321,0.01059,0.00258
41.24,28.6,202302,8.89,0.45,66.0,1.83,0.00517,0.00999,0.00655
41.24,28.6,202303,11.1,0.41,71.25,2.49,0.00646,0.01079,0.00892
41.24,28.6,202304,15.63,0.45,72.39,3.07,0.00909,0.01096,0.01099
41.24,28.6,202305,18.84,0.48,71.78,1.24,0.01096,0.01087,0.00444
41.24,28.6,202306,24.01,0.58,45.28,0.86,0.01397,0.00686,0.00308
41.24,28.6,202307,26.15,0.65,23.83,0.33,0.01521,0.00361,0.00118
41.24,28.6,202308,21.47,0.59,31.41,0.3,0.01249,0.00476,0.00107
41.24,28.6,202309,16.72,0.56,46.02,0.71,0.00973,0.00697,0.00254
41.24,28.6,202310,11.52,0.52,49.57,1.15,0.0067,0.0075,0.00412
41.24,28.6,202311,6.49,0.41,68.19,6.37,0.00378,0.01032,0.02281
41.24,28.6,202312,4.82,0.38,64.93,2.3,0.0028,0.00983,0.00824
41.24,28.63,202301,5.51,0.38,69.94,0.72,0.00321,0.01059,0.00258
41.24,28.63,202302,8.89,0.45,66.0,1.83,0.00517,0.00999,0.00655
41.24,28.63,202303,11.1,0.41,71.25,2.49,0.00646,0.01079,0.00892
41.24,28.63,202304,15.63,0.45,72.39,3.07,0.00909,0.01096,0.01099
41.24,28.63,202305,18.84,0.48,71.78,1.24,0.01096,0.01087,0.00444
41.24,28.63,202306,24.01,0.58,45.28,0.86,0.01397,0.00686,0.00308
41.24,28.63,202307,26.15,0.65,23.83,0.33,0.01521,0.00361,0.00118
41.24,28.63,202308,21.47,0.59,31.41,0.3,0.01249,0.00476,0.00107
41.24,28.63,202309,16.72,0.56,46.02,0.71,0.00973,0.00697,0.00254
41.24,28.63,202310,11.52,0.52,49.57,1.15,0.0067,0.0075,0.00412
41.24,28.63,202311,6.49,0.41,68.19,6.37,0.00378,0.01032,0.02281
41.24,28.63,202312,4.82,0.38,64.93,2.3,0.0028,0.00983,0.00824
41.24,28.66,202301,5.51,0.38,69.94,0.72,0.00321,0.01059,0.00258
41.24,28.66,202302,8.89,0.45,66.0,1.83,0.00517,0.00999,0.00655
41.24,28.66,202303,11.1,0.41,71.25,2.49,0.00646,0.01079,0.00892
41.24,28.66,202304,15.63,0.45,72.39,3.07,0.00909,0.01096,0.01099
41.24,28.66,202305,18.84,0.48,71.78,1.24,0.01096,0.01087,0.00444
41.24,28.66,202306,24.01,0.58,45.28,0.86,0.01397,0.00686,0.00308
41.24,28.66,202307,26.15,0.65,23.83,0.33,0.01521,0.00361,0.00118
41.24,28.66,202308,21.47,0.59,31.41,0.3,0.01249,0.00476,0.00107
41.24,28.66,202309,16.72,0.56,46.02,0.71,0.00973,0.00697,0.00254
41.24,28.66,202310,11.52,0.52,49.57,1.15,0.0067,0.0075,0.00412
41.24,28.66,202311,6.49,0.41,68.19,6.37,0.00378,0.01032,0.02281
41.24,28.66,202312,4.82,0.38,64.93,2.3,0.0028,0.00983,0.00824
41.24,28.69,202301,5.51,0.38,69.94,0.72,0.00321,0.01059,0.00258
41.24,28.69,202302,8.89,0.45,66.0,1.83,0.00517,0.00999,0.00655
41.24,28.69,202303,11.1,0.41,71.25,2.49,0.00646,0.01079,0.00892
41.24,28.69,202304,15.63,0.45,72.39,3.07,0.00909,0.01096,0.01099
41.24,28.69,202305,18.84,0.48,71.78,1.24,0.01096,0.01087,0.00444
41.24,28.69,202306,24.01,0.58,45.28,0.86,0.01397,0.00686,0.00308
41.24,28.69,202307,26.15,0.65,23.83,0.33,0.01521,0.00361,0.00118
41.24,28.69,202308,21.47,0.59,31.41,0.3,0.01249,0.00476,0.00107
41.24,28.69,202309,16.72,0.56,46.02,0.71,0.00973,0.00697,0.00254
41.24,28.69,202310,11.52,0.52,49.57,1.15,0.0067,0.0075,0.00412
41.24,28.69,202311,6.49,0.41,68.19,6.37,0.00378,0.01032,0.02281
41.24,28.69,202312,4.82,0.38,64.93,2.3,0.0028,0.00983,0.00824
41.24,28.72,202301,5.51,0.38,69.94,0.72,0.00321,0.01059,0.00258
41.24,28.72,202302,8.89,0.45,66.0,1.83,0.00517,0.00999,0.00655
41.24,28.72,202303,11.1,0.41,71.25,2.49,0.00646,0.01079,0.00892
41.24,28.72,202304,15.63,0.45,72.39,3.07,0.00909,0.01096,0.01099
41.24,28.72,202305,18.84,0.48,71.78,1.24,0.01096,0.01087,0.00444
41.24,28.72,202306,24.01,0.58,45.28,0.86,0.01397,0.00686,0.00308
41.24,28.72,202307,26.15,0.65,23.83,0.33,0.01521,0.00361,0.00118
41.24,28.72,202308,21.47,0.59,31.41,0.3,0.01249,0.00476,0.00107
41.24,28.72,202309,16.72,0.56,46.02,0.71,0.00973,0.00697,0.00254
41.24,28.72,202310,11.52,0.52,49.57,1.15,0.0067,0.0075,0.00412
41.24,28.72,202311,6.49,0.41,68.19,6.37,0.00378,0.01032,0.02281
41.24,28.72,202312,4.82,0.38,64.93,2.3,0.0028,0.00983,0.00824
41.24,28.75,202301,5.51,0.38,69.94,0.72,0.00321,0.01059,0.00258
41.24,28.75,202302,8.89,0.45,66.0,1.83,0.00517,0.00999,0.00655
41.24,28.75,202303,11.1,0.41,71.25,2.49,0.00646,0.01079,0.00892
41.24,28.75,202304,15.63,0.45,72.39,3.07,0.00909,0.01096,0.01099
41.24,28.75,202305,18.84,0.48,71.78,1.24,0.01096,0.01087,0.00444
41.24,28.75,202306,24.01,0.58,45.28,0.86,0.01397,0.00686,0.00308
41.24,28.75,202307,26.15,0.65,23.83,0.33,0.01521,0.00361,0.00118
41.24,28.75,202308,21.47,0.59,31.41,0.3,0.01249,0.00476,0.00107
41.24,28.75,202309,16.72,0.56,46.02,0.71,0.00973,0.00697,0.00254
41.24,28.75,202310,11.52,0.52,49.57,1.15,0.0067,0.0075,0.00412
41.24,28.75,202311,6.49,0.41,68.19,6.37,0.00378,0.01032,0.02281
41.24,28.75,202312,4.82,0.38,64.93,2.3,0.0028,0.00983,0.00824
41.24,28.78,202301,5.51,0.38,69.94,0.72,0.00321,0.01059,0.00258
41.24,28.78,202302,8.89,0.45,66.0,1.83,0.00517,0.00999,0.00655
41.24,28.78,202303,11.1,0.41,71.25,2.49,0.00646,0.01079,0.00892
41.24,28.78,202304,15.63,0.45,72.39,3.07,0.00909,0.01096,0.01099
41.24,28.78,202305,18.84,0.48,71.78,1.24,0.01096,0.01087,0.00444
41.24,28.78,202306,24.01,0.58,45.28,0.86,0.01397,0.00686,0.00308
41.24,28.78,202307,26.15,0.65,23.83,0.33,0.01521,0.00361,0.00118
41.24,28.78,202308,21.47,0.59,31.41,0.3,0.01249,0.00476,0.00107
41.24,28.78,202309,16.72,0.56,46.02,0.71,0.00973,0.00697,0.00254
41.24,28.78,202310,11.52,0.52,49.57,1.15,0.0067,0.0075,0.00412
41.24,28.78,202311,6.49,0.41,68.19,6.37,0.00378,0.01032,0.02281
41.24,28.78,202312,4.82,0.38,64.93,2.3,0.0028,0.00983,0.00824
41.24,28.81,202301,5.51,0.38,69.94,0.72,0.00321,0.01059,0.00258
41.24,28.81,202302,8.89,0.45,66.0,1.83,0.00517,0.00999,0.00655
41.24,28.81,202303,11.1,0.41,71.25,2.49,0.00646,0.01079,0.00892
41.24,28.81,202304,15.63,0.45,72.39,3.07,0.00909,0.01096,0.01099
41.24,28.81,202305,18.84,0.48,71.78,1.24,0.01096,0.01087,0.00444
41.24,28.81,202306,24.01,0.58,45.28,0.86,0.01397,0.00686,0.00308
41.24,28.81,202307,26.15,0.65,23.83,0.33,0.01521,0.00361,0.00118
41.24,28.81,202308,21.47,0.59,31.41,0.3,0.01249,0.00476,0.00107
41.24,28.81,202309,16.72,0.56,46.02,0.71,0.00973,0.00697,0.00254
41.24,28.81,202310,11.52,0.52,49.57,1.15,0.0067,0.0075,0.00412
41.24,28.81,202311,6.49,0.41,68.19,6.37,0.00378,0.01032,0.02281
41.24,28.81,202312,4.82,0.38,64.93,2.3,0.0028,0.00983,0.00824
41.24,28.84,202301,5.51,0.38,69.94,0.72,0.00321,0.01059,0.00258
41.24,28.84,202302,8.89,0.45,66.0,1.83,0.00517,0.00999,0.00655
41.24,28.84,202303,11.1,0.41,71.25,2.49,0.00646,0.01079,0.00892
41.24,28.84,202304,15.63,0.45,72.39,3.07,0.00909,0.01096,0.01099
41.24,28.84,202305,18.84,0.48,71.78,1.24,0.01096,0.01087,0.00444
41.24,28.84,202306,24.01,0.58,45.28,0.86,0.01397,0.00686,0.00308
41.24,28.84,202307,26.15,0.65,23.83,0.33,0.01521,0.00361,0.00118
41.24,28.84,202308,21.47,0.59,31.41,0.3,0.01249,0.00476,0.00107
41.24,28.84,202309,16.72,0.56,46.02,0.71,0.00973,0.00697,0.00254
41.24,28.84,202310,11.52,0.52,49.57,1.15,0.0067,0.0075,0.00412
41.24,28.84,202311,6.49,0.41,68.19,6.37,0.00378,0.01032,0.02281
41.24,28.84,202312,4.82,0.38,64.93,2.3,0.0028,0.00983,0.00824
41.24,28.87,202301,5.51,0.38,69.94,0.72,0.00321,0.01059,0.00258
41.24,28.87,202302,8.89,0.45,66.0,1.83,0.00517,0.00999,0.00655
41.24,28.87,202303,11.1,0.41,71.25,2.49,0.00646,0.01079,0.00892
41.24,28.87,202304,15.63,0.45,72.39,3.07,0.00909,0.01096,0.01099
41.24,28.87,202305,18.84,0.48,71.78,1.24,0.01096,0.01087,0.00444
41.24,28.87,202306,24.01,0.58,45.28,0.86,0.01397,0.00686,0.00308
41.24,28.87,202307,26.15,0.65,23.83,0.33,0.01521,0.00361,0.00118
41.24,28.87,202308,21.47,0.59,31.41,0.3,0.01249,0.00476,0.00107
41.24,28.87,202309,16.72,0.56,46.02,0.71,0.00973,0.00697,0.00254
41.24,28.87,202310,11.52,0.52,49.57,1.15,0.0067,0.0075,0.00412
41.24,28.87,202311,6.49,0.41,68.19,6.37,0.00378,0.01032,0.02281
41.24,28.87,202312,4.82,0.38,64.93,2.3,0.0028,0.00983,0.00824
41.24,28.9,202301,5.51,0.38,69.94,0.72,0.00321,0.01059,0.00258
41.24,28.9,202302,8.89,0.45,66.0,1.83,0.00517,0.00999,0.00655
41.24,28.9,202303,11.1,0.41,71.25,2.49,0.00646,0.01079,0.00892
41.24,28.9,202304,15.63,0.45,72.39,3.07,0.00909,0.01096,0.01099
41.24,28.9,202305,18.84,0.48,71.78,1.24,0.01096,0.01087,0.00444
41.24,28.9,202306,24.01,0.58,45.28,0.86,0.01397,0.00686,0.00308
41.24,28.9,202307,26.15,0.65,23.83,0.33,0.01521,0.00361,0.00118
41.24,28.9,202308,21.47,0.59,31.41,0.3,0.01249,0.00476,0.00107
41.24,28.9,202309,16.72,0.56,46.02,0.71,0.00973,0.00697,0.00254
41.24,28.9,202310,11.52,0.52,49.57,1.15,0.0067,0.0075,0.00412
41.24,28.9,202311,6.49,0.41,68.19,6.37,0.00378,0.01032,0.02281
41.24,28.9,202312,4.82,0.38,64.93,2.3,0.0028,0.00983,0.00824
41.24,28.93,202301,5.51,0.38,69.94,0.72,0.00321,0.01059,0.00258
41.24,28.93,202302,8.89,0.45,66.0,1.83,0.00517,0.00999,0.00655
41.24,28.93,202303,11.1,0.41,71.25,2.49,0.00646,0.01079,0.00892
41.24,28.93,202304,15.63,0.45,72.39,3.07,0.00909,0.01096,0.01099
41.24,28.93,202305,18.84,0.48,71.78,1.24,0.01096,0.01087,0.00444
41.24,28.93,202306,24.01,0.58,45.28,0.86,0.01397,0.00686,0.00308
41.24,28.93,202307,26.15,0.65,23.83,0.33,0.01521,0.00361,0.00118
41.24,28.93,202308,21.47,0.59,31.41,0.3,0.01249,0.00476,0.00107
41.24,28.93,202309,16.72,0.56,46.02,0.71,0.00973,0.00697,0.00254
41.24,28.93,202310,11.52,0.52,49.57,1.15,0.0067,0.0075,0.00412
41.24,28.93,202311,6.49,0.41,68.19,6.37,0.00378,0.01032,0.02281
41.24,28.93,202312,4.82,0.38,64.93,2.3,0.0028,0.00983,0.00824
41.24,28.96,202301,5.51,0.38,69.94,0.72,0.00321,0.01059,0.00258
41.24,28.96,202302,8.89,0.45,66.0,1.83,0.00517,0.00999,0.00655
41.24,28.96,202303,11.1,0.41,71.25,2.49,0.00646,0.01079,0.00892
41.24,28.96,202304,15.63,0.45,72.39,3.07,0.00909,0.01096,0.01099
41.24,28.96,202305,18.84,0.48,71.78,1.24,0.01096,0.01087,0.00444
41.24,28.96,202306,24.01,0.58,45.28,0.86,0.01397,0.00686,0.00308
41.24,28.96,202307,26.15,0.65,23.83,0.33,0.01521,0.00361,0.00118
41.24,28.96,202308,21.47,0.59,31.41,0.3,0.01249,0.00476,0.00107
41.24,28.96,202309,16.72,0.56,46.02,0.71,0.00973,0.00697,0.00254
41.24,28.96,202310,11.52,0.52,49.57,1.15,0.0067,0.0075,0.00412
41.24,28.96,202311,6.49,0.41,68.19,6.37,0.00378,0.01032,0.02281
41.24,28.96,202312,4.82,0.38,64.93,2.3,0.0028,0.00983,0.00824
41.24,28.99,202301,5.51,0.38,69.94,0.72,0.00321,0.01059,0.00258
41.24,28.99,202302,8.89,0.45,66.0,1.83,0.00517,0.00999,0.00655
41.24,28.99,202303,11.1,0.41,71.25,2.49,0.00646,0.01079,0.00892
41.24,28.99,202304,15.63,0.45,72.39,3.07,0.00909,0.01096,0.01099
41.24,28.99,202305,18.84,0.48,71.78,1.24,0.01096,0.01087,0.00444
41.24,28.99,202306,24.01,0.58,45.28,0.86,0.01397,0.00686,0.00308
41.24,28.99,202307,26.15,0.65,23.83,0.33,0.01521,0.00361,0.00118
41.24,28.99,202308,21.47,0.59,31.41,0.3,0.01249,0.00476,0.00107
41.24,28.99,202309,16.72,0.56,46.02,0.71,0.00973,0.00697,0.00254
41.24,28.99,202310,11.52,0.52,49.57,1.15,0.0067,0.0075,0.00412
41.24,28.99,202311,6.49,0.41,68.19,6.37,0.00378,0.01032,0.02281
41.24,28.99,202312,4.82,0.38,64.93,2.3,0.0028,0.00983,0.00824
41.24,29.02,202301,5.47,0.38,77.44,0.72,0.00318,0.01172,0.00258
41.24,29.02,202302,8.67,0.44,75.84,1.83,0.00504,0.01148,0.00655
41.24,29.02,202303,10.41,0.38,81.4,2.49,0.00606,0.01232,0.00892
41.24,29.02,202304,15.39,0.45,77.59,3.07,0.00895,0.01175,0.01099
41.24,29.02,202305,18.83,0.48,75.98,1.24,0.01095,0.0115,0.00444
41.24,29.02,202306,23.93,0.57,50.76,0.86,0.01392,0.00768,0.00308
41.24,29.02,202307,25.58,0.63,28.76,0.33,0.01488,0.00435,0.00118
41.24,29.02,202308,21.98,0.61,33.24,0.3,0.01279,0.00503,0.00107
41.24,29.02,202309,17.75,0.6,55.94,0.71,0.01032,0.00847,0.00254
41.24,29.02,202310,11.5,0.52,63.42,1.15,0.00669,0.0096,0.00412
41.24,29.02,202311,6.57,0.42,78.12,6.37,0.00382,0.01183,0.02281
41.24,29.02,202312,4.93,0.38,71.96,2.3,0.00287,0.01089,0.00824
41.24,29.05,202301,5.47,0.38,77.44,0.72,0.00318,0.01172,0.00258
41.24,29.05,202302,8.67,0.44,75.84,1.83,0.00504,0.01148,0.00655
41.24,29.05,202303,10.41,0.38,81.4,2.49,0.00606,0.01232,0.00892
41.24,29.05,202304,15.39,0.45,77.59,3.07,0.00895,0.01175,0.01099
41.24,29.05,202305,18.83,0.48,75.98,1.24,0.01095,0.0115,0.00444
41.24,29.05,202306,23.93,0.57,50.76,0.86,0.01392,0.00768,0.00308
41.24,29.05,202307,25.58,0.63,28.76,0.33,0.01488,0.00435,0.00118
41.24,29.05,202308,21.98,0.61,33.24,0.3,0.01279,0.00503,0.00107
41.24,29.05,202309,17.75,0.6,55.94,0.71,0.01032,0.00847,0.00254
41.24,29.05,202310,11.5,0.52,63.42,1.15,0.00669,0.0096,0.00412
41.24,29.05,202311,6.57,0.42,78.12,6.37,0.00382,0.01183,0.02281
41.24,29.05,202312,4.93,0.38,71.96,2.3,0.00287,0.01089,0.00824
41.24,29.08,202301,5.47,0.38,77.44,0.72,0.00318,0.01172,0.00258
41.24,29.08,202302,8.67,0.44,75.84,2.53,0.00504,0.01148,0.00906
41.24,29.08,202303,10.41,0.38,81.4,2.88,0.00606,0.01232,0.01031
41.24,29.08,202304,15.39,0.45,77.59,3.03,0.00895,0.01175,0.01085
41.24,29.08,202305,18.83,0.48,75.98,1.35,0.01095,0.0115,0.00483
41.24,29.08,202306,23.93,0.57,50.76,1.56,0.01392,0.00768,0.00559
41.24,29.08,202307,25.58,0.63,28.76,0.79,0.01488,0.00435,0.00283
41.24,29.08,202308,21.98,0.61,33.24,0.51,0.01279,0.00503,0.00183
41.24,29.08,202309,17.75,0.6,55.94,0.89,0.01032,0.00847,0.00319
41.24,29.08,202310,11.5,0.52,63.42,1.83,0.00669,0.0096,0.00655
41.24,29.08,202311,6.57,0.42,78.12,6.97,0.00382,0.01183,0.02496
41.24,29.08,202312,4.93,0.38,71.96,2.45,0.00287,0.01089,0.00877
41.26,28.06,202301,5.51,0.38,69.94,0.94,0.00321,0.01059,0.00337
41.26,28.06,202302,8.89,0.45,66.0,1.2,0.00517,0.00999,0.0043
41.26,28.06,202303,11.1,0.41,71.25,2.13,0.00646,0.01079,0.00763
41.26,28.06,202304,15.63,0.45,72.39,2.93,0.00909,0.01096,0.01049
41.26,28.06,202305,18.84,0.48,71.78,1.08,0.01096,0.01087,0.00387
41.26,28.06,202306,24.01,0.58,45.28,0.72,0.01397,0.00686,0.00258
41.26,28.06,202307,26.15,0.65,23.83,0.41,0.01521,0.00361,0.00147
41.26,28.06,202308,21.47,0.59,31.41,0.23,0.01249,0.00476,0.00082
41.26,28.06,202309,16.72,0.56,46.02,1.46,0.00973,0.00697,0.00523
41.26,28.06,202310,11.52,0.52,49.57,0.39,0.0067,0.0075,0.0014
41.26,28.06,202311,6.49,0.41,68.19,6.69,0.00378,0.01032,0.02396
41.26,28.06,202312,4.82,0.38,64.93,2.67,0.0028,0.00983,0.00956
41.26,28.09,202301,5.51,0.38,69.94,0.94,0.00321,0.01059,0.00337
41.26,28.09,202302,8.89,0.45,66.0,1.2,0.00517,0.00999,0.0043
41.26,28.09,202303,11.1,0.41,71.25,2.13,0.00646,0.01079,0.00763
41.26,28.09,202304,15.63,0.45,72.39,2.93,0.00909,0.01096,0.01049
41.26,28.09,202305,18.84,0.48,71.78,1.08,0.01096,0.01087,0.00387
41.26,28.09,202306,24.01,0.58,45.28,0.72,0.01397,0.00686,0.00258
41.26,28.09,202307,26.15,0.65,23.83,0.41,0.01521,0.00361,0.00147
41.26,28.09,202308,21.47,0.59,31.41,0.23,0.01249,0.00476,0.00082
41.26,28.09,202309,16.72,0.56,46.02,1.46,0.00973,0.00697,0.00523
41.26,28.09,202310,11.52,0.52,49.57,0.39,0.0067,0.0075,0.0014
41.26,28.09,202311,6.49,0.41,68.19,6.69,0.00378,0.01032,0.02396
41.26,28.09,202312,4.82,0.38,64.93,2.67,0.0028,0.00983,0.00956
41.26,28.12,202301,5.51,0.38,69.94,0.94,0.00321,0.01059,0.00337
41.26,28.12,202302,8.89,0.45,66.0,1.2,0.00517,0.00999,0.0043
41.26,28.12,202303,11.1,0.41,71.25,2.13,0.00646,0.01079,0.00763
41.26,28.12,202304,15.63,0.45,72.39,2.93,0.00909,0.01096,0.01049
41.26,28.12,202305,18.84,0.48,71.78,1.08,0.01096,0.01087,0.00387
41.26,28.12,202306,24.01,0.58,45.28,0.72,0.01397,0.00686,0.00258
41.26,28.12,202307,26.15,0.65,23.83,0.41,0.01521,0.00361,0.00147
41.26,28.12,202308,21.47,0.59,31.41,0.23,0.01249,0.00476,0.00082
41.26,28.12,202309,16.72,0.56,46.02,1.46,0.00973,0.00697,0.00523
41.26,28.12,202310,11.52,0.52,49.57,0.39,0.0067,0.0075,0.0014
41.26,28.12,202311,6.49,0.41,68.19,6.69,0.00378,0.01032,0.02396
41.26,28.12,202312,4.82,0.38,64.93,2.67,0.0028,0.00983,0.00956
41.26,28.15,202301,5.51,0.38,69.94,0.94,0.00321,0.01059,0.00337
41.26,28.15,202302,8.89,0.45,66.0,1.2,0.00517,0.00999,0.0043
41.26,28.15,202303,11.1,0.41,71.25,2.13,0.00646,0.01079,0.00763
41.26,28.15,202304,15.63,0.45,72.39,2.93,0.00909,0.01096,0.01049
41.26,28.15,202305,18.84,0.48,71.78,1.08,0.01096,0.01087,0.00387
41.26,28.15,202306,24.01,0.58,45.28,0.72,0.01397,0.00686,0.00258
41.26,28.15,202307,26.15,0.65,23.83,0.41,0.01521,0.00361,0.00147
41.26,28.15,202308,21.47,0.59,31.41,0.23,0.01249,0.00476,0.00082
41.26,28.15,202309,16.72,0.56,46.02,1.46,0.00973,0.00697,0.00523
41.26,28.15,202310,11.52,0.52,49.57,0.39,0.0067,0.0075,0.0014
41.26,28.15,202311,6.49,0.41,68.19,6.69,0.00378,0.01032,0.02396
41.26,28.15,202312,4.82,0.38,64.93,2.67,0.0028,0.00983,0.00956
41.26,28.18,202301,5.51,0.38,69.94,0.94,0.00321,0.01059,0.00337
41.26,28.18,202302,8.89,0.45,66.0,1.2,0.00517,0.00999,0.0043
41.26,28.18,202303,11.1,0.41,71.25,2.13,0.00646,0.01079,0.00763
41.26,28.18,202304,15.63,0.45,72.39,2.93,0.00909,0.01096,0.01049
41.26,28.18,202305,18.84,0.48,71.78,1.08,0.01096,0.01087,0.00387
41.26,28.18,202306,24.01,0.58,45.28,0.72,0.01397,0.00686,0.00258
41.26,28.18,202307,26.15,0.65,23.83,0.41,0.01521,0.00361,0.00147
41.26,28.18,202308,21.47,0.59,31.41,0.23,0.01249,0.00476,0.00082
41.26,28.18,202309,16.72,0.56,46.02,1.46,0.00973,0.00697,0.00523
41.26,28.18,202310,11.52,0.52,49.57,0.39,0.0067,0.0075,0.0014
41.26,28.18,202311,6.49,0.41,68.19,6.69,0.00378,0.01032,0.02396
41.26,28.18,202312,4.82,0.38,64.93,2.67,0.0028,0.00983,0.00956
41.26,28.21,202301,5.51,0.38,69.94,0.94,0.00321,0.01059,0.00337
41.26,28.21,202302,8.89,0.45,66.0,1.2,0.00517,0.00999,0.0043
41.26,28.21,202303,11.1,0.41,71.25,2.13,0.00646,0.01079,0.00763
41.26,28.21,202304,15.63,0.45,72.39,2.93,0.00909,0.01096,0.01049
41.26,28.21,202305,18.84,0.48,71.78,1.08,0.01096,0.01087,0.00387
41.26,28.21,202306,24.01,0.58,45.28,0.72,0.01397,0.00686,0.00258
41.26,28.21,202307,26.15,0.65,23.83,0.41,0.01521,0.00361,0.00147
41.26,28.21,202308,21.47,0.59,31.41,0.23,0.01249,0.00476,0.00082
41.26,28.21,202309,16.72,0.56,46.02,1.46,0.00973,0.00697,0.00523
41.26,28.21,202310,11.52,0.52,49.57,0.39,0.0067,0.0075,0.0014
41.26,28.21,202311,6.49,0.41,68.19,6.69,0.00378,0.01032,0.02396
41.26,28.21,202312,4.82,0.38,64.93,2.67,0.0028,0.00983,0.00956
41.26,28.24,202301,5.51,0.38,69.94,0.94,0.00321,0.01059,0.00337
41.26,28.24,202302,8.89,0.45,66.0,1.2,0.00517,0.00999,0.0043
41.26,28.24,202303,11.1,0.41,71.25,2.13,0.00646,0.01079,0.00763
41.26,28.24,202304,15.63,0.45,72.39,2.93,0.00909,0.01096,0.01049
41.26,28.24,202305,18.84,0.48,71.78,1.08,0.01096,0.01087,0.00387
41.26,28.24,202306,24.01,0.58,45.28,0.72,0.01397,0.00686,0.00258
41.26,28.24,202307,26.15,0.65,23.83,0.41,0.01521,0.00361,0.00147
41.26,28.24,202308,21.47,0.59,31.41,0.23,0.01249,0.00476,0.00082
41.26,28.24,202309,16.72,0.56,46.02,1.46,0.00973,0.00697,0.00523
41.26,28.24,202310,11.52,0.52,49.57,0.39,0.0067,0.0075,0.0014
41.26,28.24,202311,6.49,0.41,68.19,6.69,0.00378,0.01032,0.02396
41.26,28.24,202312,4.82,0.38,64.93,2.67,0.0028,0.00983,0.00956
41.26,28.27,202301,5.51,0.38,69.94,0.94,0.00321,0.01059,0.00337
41.26,28.27,202302,8.89,0.45,66.0,1.2,0.00517,0.00999,0.0043
41.26,28.27,202303,11.1,0.41,71.25,2.13,0.00646,0.01079,0.00763
41.26,28.27,202304,15.63,0.45,72.39,2.93,0.00909,0.01096,0.01049
41.26,28.27,202305,18.84,0.48,71.78,1.08,0.01096,0.01087,0.00387
41.26,28.27,202306,24.01,0.58,45.28,0.72,0.01397,0.00686,0.00258
41.26,28.27,202307,26.15,0.65,23.83,0.41,0.01521,0.00361,0.00147
41.26,28.27,202308,21.47,0.59,31.41,0.23,0.01249,0.00476,0.00082
41.26,28.27,202309,16.72,0.56,46.02,1.46,0.00973,0.00697,0.00523
41.26,28.27,202310,11.52,0.52,49.57,0.39,0.0067,0.0075,0.0014
41.26,28.27,202311,6.49,0.41,68.19,6.69,0.00378,0.01032,0.02396
41.26,28.27,202312,4.82,0.38,64.93,2.67,0.0028,0.00983,0.00956
41.26,28.3,202301,5.51,0.38,69.94,0.94,0.00321,0.01059,0.00337
41.26,28.3,202302,8.89,0.45,66.0,1.2,0.00517,0.00999,0.0043
41.26,28.3,202303,11.1,0.41,71.25,2.13,0.00646,0.01079,0.00763
41.26,28.3,202304,15.63,0.45,72.39,2.93,0.00909,0.01096,0.01049
41.26,28.3,202305,18.84,0.48,71.78,1.08,0.01096,0.01087,0.00387
41.26,28.3,202306,24.01,0.58,45.28,0.72,0.01397,0.00686,0.00258
41.26,28.3,202307,26.15,0.65,23.83,0.41,0.01521,0.00361,0.00147
41.26,28.3,202308,21.47,0.59,31.41,0.23,0.01249,0.00476,0.00082
41.26,28.3,202309,16.72,0.56,46.02,1.46,0.00973,0.00697,0.00523
41.26,28.3,202310,11.52,0.52,49.57,0.39,0.0067,0.0075,0.0014
41.26,28.3,202311,6.49,0.41,68.19,6.69,0.00378,0.01032,0.02396
41.26,28.3,202312,4.82,0.38,64.93,2.67,0.0028,0.00983,0.00956
41.26,28.33,202301,5.51,0.38,69.94,0.94,0.00321,0.01059,0.00337
41.26,28.33,202302,8.89,0.45,66.0,1.2,0.00517,0.00999,0.0043
41.26,28.33,202303,11.1,0.41,71.25,2.13,0.00646,0.01079,0.00763
41.26,28.33,202304,15.63,0.45,72.39,2.93,0.00909,0.01096,0.01049
41.26,28.33,202305,18.84,0.48,71.78,1.08,0.01096,0.01087,0.00387
41.26,28.33,202306,24.01,0.58,45.28,0.72,0.01397,0.00686,0.00258
41.26,28.33,202307,26.15,0.65,23.83,0.41,0.01521,0.00361,0.00147
41.26,28.33,202308,21.47,0.59,31.41,0.23,0.01249,0.00476,0.00082
41.26,28.33,202309,16.72,0.56,46.02,1.46,0.00973,0.00697,0.00523
41.26,28.33,202310,11.52,0.52,49.57,0.39,0.0067,0.0075,0.0014
41.26,28.33,202311,6.49,0.41,68.19,6.69,0.00378,0.01032,0.02396
41.26,28.33,202312,4.82,0.38,64.93,2.67,0.0028,0.00983,0.00956
41.26,28.36,202301,5.51,0.38,69.94,0.94,0.00321,0.01059,0.00337
41.26,28.36,202302,8.89,0.45,66.0,1.2,0.00517,0.00999,0.0043
41.26,28.36,202303,11.1,0.41,71.25,2.13,0.00646,0.01079,0.00763
41.26,28.36,202304,15.63,0.45,72.39,2.93,0.00909,0.01096,0.01049
41.26,28.36,202305,18.84,0.48,71.78,1.08,0.01096,0.01087,0.00387
41.26,28.36,202306,24.01,0.58,45.28,0.72,0.01397,0.00686,0.00258
41.26,28.36,202307,26.15,0.65,23.83,0.41,0.01521,0.00361,0.00147
41.26,28.36,202308,21.47,0.59,31.41,0.23,0.01249,0.00476,0.00082
41.26,28.36,202309,16.72,0.56,46.02,1.46,0.00973,0.00697,0.00523
41.26,28.36,202310,11.52,0.52,49.57,0.39,0.0067,0.0075,0.0014
41.26,28.36,202311,6.49,0.41,68.19,6.69,0.00378,0.01032,0.02396
41.26,28.36,202312,4.82,0.38,64.93,2.67,0.0028,0.00983,0.00956
41.26,28.39,202301,5.51,0.38,69.94,0.94,0.00321,0.01059,0.00337
41.26,28.39,202302,8.89,0.45,66.0,1.2,0.00517,0.00999,0.0043
41.26,28.39,202303,11.1,0.41,71.25,2.13,0.00646,0.01079,0.00763
41.26,28.39,202304,15.63,0.45,72.39,2.93,0.00909,0.01096,0.01049
41.26,28.39,202305,18.84,0.48,71.78,1.08,0.01096,0.01087,0.00387
41.26,28.39,202306,24.01,0.58,45.28,0.72,0.01397,0.00686,0.00258
41.26,28.39,202307,26.15,0.65,23.83,0.41,0.01521,0.00361,0.00147
41.26,28.39,202308,21.47,0.59,31.41,0.23,0.01249,0.00476,0.00082
41.26,28.39,202309,16.72,0.56,46.02,1.46,0.00973,0.00697,0.00523
41.26,28.39,202310,11.52,0.52,49.57,0.39,0.0067,0.0075,0.0014
41.26,28.39,202311,6.49,0.41,68.19,6.69,0.00378,0.01032,0.02396
41.26,28.39,202312,4.82,0.38,64.93,2.67,0.0028,0.00983,0.00956
41.26,28.42,202301,5.51,0.38,69.94,0.94,0.00321,0.01059,0.00337
41.26,28.42,202302,8.89,0.45,66.0,1.2,0.00517,0.00999,0.0043
41.26,28.42,202303,11.1,0.41,71.25,2.13,0.00646,0.01079,0.00763
41.26,28.42,202304,15.63,0.45,72.39,2.93,0.00909,0.01096,0.01049
41.26,28.42,202305,18.84,0.48,71.78,1.08,0.01096,0.01087,0.00387
41.26,28.42,202306,24.01,0.58,45.28,0.72,0.01397,0.00686,0.00258
41.26,28.42,202307,26.15,0.65,23.83,0.41,0.01521,0.00361,0.00147
41.26,28.42,202308,21.47,0.59,31.41,0.23,0.01249,0.00476,0.00082
41.26,28.42,202309,16.72,0.56,46.02,1.46,0.00973,0.00697,0.00523
41.26,28.42,202310,11.52,0.52,49.57,0.39,0.0067,0.0075,0.0014
41.26,28.42,202311,6.49,0.41,68.19,6.69,0.00378,0.01032,0.02396
41.26,28.42,202312,4.82,0.38,64.93,2.67,0.0028,0.00983,0.00956
41.26,28.45,202301,5.51,0.38,69.94,1.04,0.00321,0.01059,0.00372
41.26,28.45,202302,8.89,0.45,66.0,1.93,0.00517,0.00999,0.00691
41.26,28.45,202303,11.1,0.41,71.25,2.63,0.00646,0.01079,0.00942
41.26,28.45,202304,15.63,0.45,72.39,2.79,0.00909,0.01096,0.00999
41.26,28.45,202305,18.84,0.48,71.78,1.09,0.01096,0.01087,0.0039
41.26,28.45,202306,24.01,0.58,45.28,0.55,0.01397,0.00686,0.00197
41.26,28.45,202307,26.15,0.65,23.83,0.34,0.01521,0.00361,0.00122
41.26,28.45,202308,21.47,0.59,31.41,0.25,0.01249,0.00476,0.0009
41.26,28.45,202309,16.72,0.56,46.02,2.03,0.00973,0.00697,0.00727
41.26,28.45,202310,11.52,0.52,49.57,0.64,0.0067,0.0075,0.00229
41.26,28.45,202311,6.49,0.41,68.19,8.01,0.00378,0.01032,0.02869
41.26,28.45,202312,4.82,0.38,64.93,2.73,0.0028,0.00983,0.00978
41.26,28.48,202301,5.51,0.38,69.94,1.04,0.00321,0.01059,0.00372
41.26,28.48,202302,8.89,0.45,66.0,1.93,0.00517,0.00999,0.00691
41.26,28.48,202303,11.1,0.41,71.25,2.63,0.00646,0.01079,0.00942
41.26,28.48,202304,15.63,0.45,72.39,2.79,0.00909,0.01096,0.00999
41.26,28.48,202305,18.84,0.48,71.78,1.09,0.01096,0.01087,0.0039
41.26,28.48,202306,24.01,0.58,45.28,0.55,0.01397,0.00686,0.00197
41.26,28.48,202307,26.15,0.65,23.83,0.34,0.01521,0.00361,0.00122
41.26,28.48,202308,21.47,0.59,31.41,0.25,0.01249,0.00476,0.0009
41.26,28.48,202309,16.72,0.56,46.02,2.03,0.00973,0.00697,0.00727
41.26,28.48,202310,11.52,0.52,49.57,0.64,0.0067,0.0075,0.00229
41.26,28.48,202311,6.49,0.41,68.19,8.01,0.00378,0.01032,0.02869
41.26,28.48,202312,4.82,0.38,64.93,2.73,0.0028,0.00983,0.00978
41.26,28.51,202301,5.51,0.38,69.94,1.04,0.00321,0.01059,0.00372
41.26,28.51,202302,8.89,0.45,66.0,1.93,0.00517,0.00999,0.00691
41.26,28.51,202303,11.1,0.41,71.25,2.63,0.00646,0.01079,0.00942
41.26,28.51,202304,15.63,0.45,72.39,2.79,0.00909,0.01096,0.00999
41.26,28.51,202305,18.84,0.48,71.78,1.09,0.01096,0.01087,0.0039
41.26,28.51,202306,24.01,0.58,45.28,0.55,0.01397,0.00686,0.00197
41.26,28.51,202307,26.15,0.65,23.83,0.34,0.01521,0.00361,0.00122
41.26,28.51,202308,21.47,0.59,31.41,0.25,0.01249,0.00476,0.0009
41.26,28.51,202309,16.72,0.56,46.02,2.03,0.00973,0.00697,0.00727
41.26,28.51,202310,11.52,0.52,49.57,0.64,0.0067,0.0075,0.00229
41.26,28.51,202311,6.49,0.41,68.19,8.01,0.00378,0.01032,0.02869
41.26,28.51,202312,4.82,0.38,64.93,2.73,0.0028,0.00983,0.00978
41.26,28.54,202301,5.51,0.38,69.94,1.04,0.00321,0.01059,0.00372
41.26,28.54,202302,8.89,0.45,66.0,1.93,0.00517,0.00999,0.00691
41.26,28.54,202303,11.1,0.41,71.25,2.63,0.00646,0.01079,0.00942
41.26,28.54,202304,15.63,0.45,72.39,2.79,0.00909,0.01096,0.00999
41.26,28.54,202305,18.84,0.48,71.78,1.09,0.01096,0.01087,0.0039
41.26,28.54,202306,24.01,0.58,45.28,0.55,0.01397,0.00686,0.00197
41.26,28.54,202307,26.15,0.65,23.83,0.34,0.01521,0.00361,0.00122
41.26,28.54,202308,21.47,0.59,31.41,0.25,0.01249,0.00476,0.0009
41.26,28.54,202309,16.72,0.56,46.02,2.03,0.00973,0.00697,0.00727
41.26,28.54,202310,11.52,0.52,49.57,0.64,0.0067,0.0075,0.00229
41.26,28.54,202311,6.49,0.41,68.19,8.01,0.00378,0.01032,0.02869
41.26,28.54,202312,4.82,0.38,64.93,2.73,0.0028,0.00983,0.00978
41.26,28.57,202301,5.51,0.38,69.94,1.04,0.00321,0.01059,0.00372
41.26,28.57,202302,8.89,0.45,66.0,1.93,0.00517,0.00999,0.00691
41.26,28.57,202303,11.1,0.41,71.25,2.63,0.00646,0.01079,0.00942
41.26,28.57,202304,15.63,0.45,72.39,2.79,0.00909,0.01096,0.00999
41.26,28.57,202305,18.84,0.48,71.78,1.09,0.01096,0.01087,0.0039
41.26,28.57,202306,24.01,0.58,45.28,0.55,0.01397,0.00686,0.00197
41.26,28.57,202307,26.15,0.65,23.83,0.34,0.01521,0.00361,0.00122
41.26,28.57,202308,21.47,0.59,31.41,0.25,0.01249,0.00476,0.0009
41.26,28.57,202309,16.72,0.56,46.02,2.03,0.00973,0.00697,0.00727
41.26,28.57,202310,11.52,0.52,49.57,0.64,0.0067,0.0075,0.00229
41.26,28.57,202311,6.49,0.41,68.19,8.01,0.00378,0.01032,0.02869
41.26,28.57,202312,4.82,0.38,64.93,2.73,0.0028,0.00983,0.00978
41.26,28.6,202301,5.51,0.38,69.94,1.04,0.00321,0.01059,0.00372
41.26,28.6,202302,8.89,0.45,66.0,1.93,0.00517,0.00999,0.00691
41.26,28.6,202303,11.1,0.41,71.25,2.63,0.00646,0.01079,0.00942
41.26,28.6,202304,15.63,0.45,72.39,2.79,0.00909,0.01096,0.00999
41.26,28.6,202305,18.84,0.48,71.78,1.09,0.01096,0.01087,0.0039
41.26,28.6,202306,24.01,0.58,45.28,0.55,0.01397,0.00686,0.00197
41.26,28.6,202307,26.15,0.65,23.83,0.34,0.01521,0.00361,0.00122
41.26,28.6,202308,21.47,0.59,31.41,0.25,0.01249,0.00476,0.0009
41.26,28.6,202309,16.72,0.56,46.02,2.03,0.00973,0.00697,0.00727
41.26,28.6,202310,11.52,0.52,49.57,0.64,0.0067,0.0075,0.00229
41.26,28.6,202311,6.49,0.41,68.19,8.01,0.00378,0.01032,0.02869
41.26,28.6,202312,4.82,0.38,64.93,2.73,0.0028,0.00983,0.00978
41.26,28.63,202301,5.51,0.38,69.94,1.04,0.00321,0.01059,0.00372
41.26,28.63,202302,8.89,0.45,66.0,1.93,0.00517,0.00999,0.00691
41.26,28.63,202303,11.1,0.41,71.25,2.63,0.00646,0.01079,0.00942
41.26,28.63,202304,15.63,0.45,72.39,2.79,0.00909,0.01096,0.00999
41.26,28.63,202305,18.84,0.48,71.78,1.09,0.01096,0.01087,0.0039
41.26,28.63,202306,24.01,0.58,45.28,0.55,0.01397,0.00686,0.00197
41.26,28.63,202307,26.15,0.65,23.83,0.34,0.01521,0.00361,0.00122
41.26,28.63,202308,21.47,0.59,31.41,0.25,0.01249,0.00476,0.0009
41.26,28.63,202309,16.72,0.56,46.02,2.03,0.00973,0.00697,0.00727
41.26,28.63,202310,11.52,0.52,49.57,0.64,0.0067,0.0075,0.00229
41.26,28.63,202311,6.49,0.41,68.19,8.01,0.00378,0.01032,0.02869
41.26,28.63,202312,4.82,0.38,64.93,2.73,0.0028,0.00983,0.00978
41.26,28.66,202301,5.51,0.38,69.94,1.04,0.00321,0.01059,0.00372
41.26,28.66,202302,8.89,0.45,66.0,1.93,0.00517,0.00999,0.00691
41.26,28.66,202303,11.1,0.41,71.25,2.63,0.00646,0.01079,0.00942
41.26,28.66,202304,15.63,0.45,72.39,2.79,0.00909,0.01096,0.00999
41.26,28.66,202305,18.84,0.48,71.78,1.09,0.01096,0.01087,0.0039
41.26,28.66,202306,24.01,0.58,45.28,0.55,0.01397,0.00686,0.00197
41.26,28.66,202307,26.15,0.65,23.83,0.34,0.01521,0.00361,0.00122
41.26,28.66,202308,21.47,0.59,31.41,0.25,0.01249,0.00476,0.0009
41.26,28.66,202309,16.72,0.56,46.02,2.03,0.00973,0.00697,0.00727
41.26,28.66,202310,11.52,0.52,49.57,0.64,0.0067,0.0075,0.00229
41.26,28.66,202311,6.49,0.41,68.19,8.01,0.00378,0.01032,0.02869
41.26,28.66,202312,4.82,0.38,64.93,2.73,0.0028,0.00983,0.00978
41.26,28.69,202301,5.51,0.38,69.94,1.04,0.00321,0.01059,0.00372
41.26,28.69,202302,8.89,0.45,66.0,1.93,0.00517,0.00999,0.00691
41.26,28.69,202303,11.1,0.41,71.25,2.63,0.00646,0.01079,0.00942
41.26,28.69,202304,15.63,0.45,72.39,2.79,0.00909,0.01096,0.00999
41.26,28.69,202305,18.84,0.48,71.78,1.09,0.01096,0.01087,0.0039
41.26,28.69,202306,24.01,0.58,45.28,0.55,0.01397,0.00686,0.00197
41.26,28.69,202307,26.15,0.65,23.83,0.34,0.01521,0.00361,0.00122
41.26,28.69,202308,21.47,0.59,31.41,0.25,0.01249,0.00476,0.0009
41.26,28.69,202309,16.72,0.56,46.02,2.03,0.00973,0.00697,0.00727
41.26,28.69,202310,11.52,0.52,49.57,0.64,0.0067,0.0075,0.00229
41.26,28.69,202311,6.49,0.41,68.19,8.01,0.00378,0.01032,0.02869
41.26,28.69,202312,4.82,0.38,64.93,2.73,0.0028,0.00983,0.00978
41.26,28.72,202301,5.51,0.38,69.94,1.04,0.00321,0.01059,0.00372
41.26,28.72,202302,8.89,0.45,66.0,1.93,0.00517,0.00999,0.00691
41.26,28.72,202303,11.1,0.41,71.25,2.63,0.00646,0.01079,0.00942
41.26,28.72,202304,15.63,0.45,72.39,2.79,0.00909,0.01096,0.00999
41.26,28.72,202305,18.84,0.48,71.78,1.09,0.01096,0.01087,0.0039
41.26,28.72,202306,24.01,0.58,45.28,0.55,0.01397,0.00686,0.00197
41.26,28.72,202307,26.15,0.65,23.83,0.34,0.01521,0.00361,0.00122
41.26,28.72,202308,21.47,0.59,31.41,0.25,0.01249,0.00476,0.0009
41.26,28.72,202309,16.72,0.56,46.02,2.03,0.00973,0.00697,0.00727
41.26,28.72,202310,11.52,0.52,49.57,0.64,0.0067,0.0075,0.00229
41.26,28.72,202311,6.49,0.41,68.19,8.01,0.00378,0.01032,0.02869
41.26,28.72,202312,4.82,0.38,64.93,2.73,0.0028,0.00983,0.00978
41.26,28.75,202301,5.51,0.38,69.94,1.04,0.00321,0.01059,0.00372
41.26,28.75,202302,8.89,0.45,66.0,1.93,0.00517,0.00999,0.00691
41.26,28.75,202303,11.1,0.41,71.25,2.63,0.00646,0.01079,0.00942
41.26,28.75,202304,15.63,0.45,72.39,2.79,0.00909,0.01096,0.00999
41.26,28.75,202305,18.84,0.48,71.78,1.09,0.01096,0.01087,0.0039
41.26,28.75,202306,24.01,0.58,45.28,0.55,0.01397,0.00686,0.00197
41.26,28.75,202307,26.15,0.65,23.83,0.34,0.01521,0.00361,0.00122
41.26,28.75,202308,21.47,0.59,31.41,0.25,0.01249,0.00476,0.0009
41.26,28.75,202309,16.72,0.56,46.02,2.03,0.00973,0.00697,0.00727
41.26,28.75,202310,11.52,0.52,49.57,0.64,0.0067,0.0075,0.00229
41.26,28.75,202311,6.49,0.41,68.19,8.01,0.00378,0.01032,0.02869
41.26,28.75,202312,4.82,0.38,64.93,2.73,0.0028,0.00983,0.00978
41.26,28.78,202301,5.51,0.38,69.94,1.04,0.00321,0.01059,0.00372
41.26,28.78,202302,8.89,0.45,66.0,1.93,0.00517,0.00999,0.00691
41.26,28.78,202303,11.1,0.41,71.25,2.63,0.00646,0.01079,0.00942
41.26,28.78,202304,15.63,0.45,72.39,2.79,0.00909,0.01096,0.00999
41.26,28.78,202305,18.84,0.48,71.78,1.09,0.01096,0.01087,0.0039
41.26,28.78,202306,24.01,0.58,45.28,0.55,0.01397,0.00686,0.00197
41.26,28.78,202307,26.15,0.65,23.83,0.34,0.01521,0.00361,0.00122
41.26,28.78,202308,21.47,0.59,31.41,0.25,0.01249,0.00476,0.0009
41.26,28.78,202309,16.72,0.56,46.02,2.03,0.00973,0.00697,0.00727
41.26,28.78,202310,11.52,0.52,49.57,0.64,0.0067,0.0075,0.00229
41.26,28.78,202311,6.49,0.41,68.19,8.01,0.00378,0.01032,0.02869
41.26,28.78,202312,4.82,0.38,64.93,2.73,0.0028,0.00983,0.00978
41.26,28.81,202301,5.51,0.38,69.94,1.04,0.00321,0.01059,0.00372
41.26,28.81,202302,8.89,0.45,66.0,1.93,0.00517,0.00999,0.00691
41.26,28.81,202303,11.1,0.41,71.25,2.63,0.00646,0.01079,0.00942
41.26,28.81,202304,15.63,0.45,72.39,2.79,0.00909,0.01096,0.00999
41.26,28.81,202305,18.84,0.48,71.78,1.09,0.01096,0.01087,0.0039
41.26,28.81,202306,24.01,0.58,45.28,0.55,0.01397,0.00686,0.00197
41.26,28.81,202307,26.15,0.65,23.83,0.34,0.01521,0.00361,0.00122
41.26,28.81,202308,21.47,0.59,31.41,0.25,0.01249,0.00476,0.0009
41.26,28.81,202309,16.72,0.56,46.02,2.03,0.00973,0.00697,0.00727
41.26,28.81,202310,11.52,0.52,49.57,0.64,0.0067,0.0075,0.00229
41.26,28.81,202311,6.49,0.41,68.19,8.01,0.00378,0.01032,0.02869
41.26,28.81,202312,4.82,0.38,64.93,2.73,0.0028,0.00983,0.00978
41.26,28.84,202301,5.51,0.38,69.94,1.04,0.00321,0.01059,0.00372
41.26,28.84,202302,8.89,0.45,66.0,1.93,0.00517,0.00999,0.00691
41.26,28.84,202303,11.1,0.41,71.25,2.63,0.00646,0.01079,0.00942
41.26,28.84,202304,15.63,0.45,72.39,2.79,0.00909,0.01096,0.00999
41.26,28.84,202305,18.84,0.48,71.78,1.09,0.01096,0.01087,0.0039
41.26,28.84,202306,24.01,0.58,45.28,0.55,0.01397,0.00686,0.00197
41.26,28.84,202307,26.15,0.65,23.83,0.34,0.01521,0.00361,0.00122
41.26,28.84,202308,21.47,0.59,31.41,0.25,0.01249,0.00476,0.0009
41.26,28.84,202309,16.72,0.56,46.02,2.03,0.00973,0.00697,0.00727
41.26,28.84,202310,11.52,0.52,49.57,0.64,0.0067,0.0075,0.00229
41.26,28.84,202311,6.49,0.41,68.19,8.01,0.00378,0.01032,0.02869
41.26,28.84,202312,4.82,0.38,64.93,2.73,0.0028,0.00983,0.00978
41.26,28.87,202301,5.51,0.38,69.94,1.04,0.00321,0.01059,0.00372
41.26,28.87,202302,8.89,0.45,66.0,1.93,0.00517,0.00999,0.00691
41.26,28.87,202303,11.1,0.41,71.25,2.63,0.00646,0.01079,0.00942
41.26,28.87,202304,15.63,0.45,72.39,2.79,0.00909,0.01096,0.00999
41.26,28.87,202305,18.84,0.48,71.78,1.09,0.01096,0.01087,0.0039
41.26,28.87,202306,24.01,0.58,45.28,0.55,0.01397,0.00686,0.00197
41.26,28.87,202307,26.15,0.65,23.83,0.34,0.01521,0.00361,0.00122
41.26,28.87,202308,21.47,0.59,31.41,0.25,0.01249,0.00476,0.0009
41.26,28.87,202309,16.72,0.56,46.02,2.03,0.00973,0.00697,0.00727
41.26,28.87,202310,11.52,0.52,49.57,0.64,0.0067,0.0075,0.00229
41.26,28.87,202311,6.49,0.41,68.19,8.01,0.00378,0.01032,0.02869
41.26,28.87,202312,4.82,0.38,64.93,2.73,0.0028,0.00983,0.00978
41.26,28.9,202301,5.51,0.38,69.94,1.04,0.00321,0.01059,0.00372
41.26,28.9,202302,8.89,0.45,66.0,1.93,0.00517,0.00999,0.00691
41.26,28.9,202303,11.1,0.41,71.25,2.63,0.00646,0.01079,0.00942
41.26,28.9,202304,15.63,0.45,72.39,2.79,0.00909,0.01096,0.00999
41.26,28.9,202305,18.84,0.48,71.78,1.09,0.01096,0.01087,0.0039
41.26,28.9,202306,24.01,0.58,45.28,0.55,0.01397,0.00686,0.00197
41.26,28.9,202307,26.15,0.65,23.83,0.34,0.01521,0.00361,0.00122
41.26,28.9,202308,21.47,0.59,31.41,0.25,0.01249,0.00476,0.0009
41.26,28.9,202309,16.72,0.56,46.02,2.03,0.00973,0.00697,0.00727
41.26,28.9,202310,11.52,0.52,49.57,0.64,0.0067,0.0075,0.00229
41.26,28.9,202311,6.49,0.41,68.19,8.01,0.00378,0.01032,0.02869
41.26,28.9,202312,4.82,0.38,64.93,2.73,0.0028,0.00983,0.00978
41.28,28.09,202301,5.51,0.38,69.94,0.94,0.00321,0.01059,0.00337
41.28,28.09,202302,8.89,0.45,66.0,1.2,0.00517,0.00999,0.0043
41.28,28.09,202303,11.1,0.41,71.25,2.13,0.00646,0.01079,0.00763
41.28,28.09,202304,15.63,0.45,72.39,2.93,0.00909,0.01096,0.01049
41.28,28.09,202305,18.84,0.48,71.78,1.08,0.01096,0.01087,0.00387
41.28,28.09,202306,24.01,0.58,45.28,0.72,0.01397,0.00686,0.00258
41.28,28.09,202307,26.15,0.65,23.83,0.41,0.01521,0.00361,0.00147
41.28,28.09,202308,21.47,0.59,31.41,0.23,0.01249,0.00476,0.00082
41.28,28.09,202309,16.72,0.56,46.02,1.46,0.00973,0.00697,0.00523
41.28,28.09,202310,11.52,0.52,49.57,0.39,0.0067,0.0075,0.0014
41.28,28.09,202311,6.49,0.41,68.19,6.69,0.00378,0.01032,0.02396
41.28,28.09,202312,4.82,0.38,64.93,2.67,0.0028,0.00983,0.00956
41.28,28.12,202301,5.51,0.38,69.94,0.94,0.00321,0.01059,0.00337
41.28,28.12,202302,8.89,0.45,66.0,1.2,0.00517,0.00999,0.0043
41.28,28.12,202303,11.1,0.41,71.25,2.13,0.00646,0.01079,0.00763
41.28,28.12,202304,15.63,0.45,72.39,2.93,0.00909,0.01096,0.01049
41.28,28.12,202305,18.84,0.48,71.78,1.08,0.01096,0.01087,0.00387
41.28,28.12,202306,24.01,0.58,45.28,0.72,0.01397,0.00686,0.00258
41.28,28.12,202307,26.15,0.65,23.83,0.41,0.01521,0.00361,0.00147
41.28,28.12,202308,21.47,0.59,31.41,0.23,0.01249,0.00476,0.00082
41.28,28.12,202309,16.72,0.56,46.02,1.46,0.00973,0.00697,0.00523
41.28,28.12,202310,11.52,0.52,49.57,0.39,0.0067,0.0075,0.0014
41.28,28.12,202311,6.49,0.41,68.19,6.69,0.00378,0.01032,0.02396
41.28,28.12,202312,4.82,0.38,64.93,2.67,0.0028,0.00983,0.00956
41.28,28.15,202301,5.51,0.38,69.94,0.94,0.00321,0.01059,0.00337
41.28,28.15,202302,8.89,0.45,66.0,1.2,0.00517,0.00999,0.0043
41.28,28.15,202303,11.1,0.41,71.25,2.13,0.00646,0.01079,0.00763
41.28,28.15,202304,15.63,0.45,72.39,2.93,0.00909,0.01096,0.01049
41.28,28.15,202305,18.84,0.48,71.78,1.08,0.01096,0.01087,0.00387
41.28,28.15,202306,24.01,0.58,45.28,0.72,0.01397,0.00686,0.00258
41.28,28.15,202307,26.15,0.65,23.83,0.41,0.01521,0.00361,0.00147
41.28,28.15,202308,21.47,0.59,31.41,0.23,0.01249,0.00476,0.00082
41.28,28.15,202309,16.72,0.56,46.02,1.46,0.00973,0.00697,0.00523
41.28,28.15,202310,11.52,0.52,49.57,0.39,0.0067,0.0075,0.0014
41.28,28.15,202311,6.49,0.41,68.19,6.69,0.00378,0.01032,0.02396
41.28,28.15,202312,4.82,0.38,64.93,2.67,0.0028,0.00983,0.00956
41.28,28.18,202301,5.51,0.38,69.94,0.94,0.00321,0.01059,0.00337
41.28,28.18,202302,8.89,0.45,66.0,1.2,0.00517,0.00999,0.0043
41.28,28.18,202303,11.1,0.41,71.25,2.13,0.00646,0.01079,0.00763
41.28,28.18,202304,15.63,0.45,72.39,2.93,0.00909,0.01096,0.01049
41.28,28.18,202305,18.84,0.48,71.78,1.08,0.01096,0.01087,0.00387
41.28,28.18,202306,24.01,0.58,45.28,0.72,0.01397,0.00686,0.00258
41.28,28.18,202307,26.15,0.65,23.83,0.41,0.01521,0.00361,0.00147
41.28,28.18,202308,21.47,0.59,31.41,0.23,0.01249,0.00476,0.00082
41.28,28.18,202309,16.72,0.56,46.02,1.46,0.00973,0.00697,0.00523
41.28,28.18,202310,11.52,0.52,49.57,0.39,0.0067,0.0075,0.0014
41.28,28.18,202311,6.49,0.41,68.19,6.69,0.00378,0.01032,0.02396
41.28,28.18,202312,4.82,0.38,64.93,2.67,0.0028,0.00983,0.00956
41.28,28.21,202301,5.51,0.38,69.94,0.94,0.00321,0.01059,0.00337
41.28,28.21,202302,8.89,0.45,66.0,1.2,0.00517,0.00999,0.0043
41.28,28.21,202303,11.1,0.41,71.25,2.13,0.00646,0.01079,0.00763
41.28,28.21,202304,15.63,0.45,72.39,2.93,0.00909,0.01096,0.01049
41.28,28.21,202305,18.84,0.48,71.78,1.08,0.01096,0.01087,0.00387
41.28,28.21,202306,24.01,0.58,45.28,0.72,0.01397,0.00686,0.00258
41.28,28.21,202307,26.15,0.65,23.83,0.41,0.01521,0.00361,0.00147
41.28,28.21,202308,21.47,0.59,31.41,0.23,0.01249,0.00476,0.00082
41.28,28.21,202309,16.72,0.56,46.02,1.46,0.00973,0.00697,0.00523
41.28,28.21,202310,11.52,0.52,49.57,0.39,0.0067,0.0075,0.0014
41.28,28.21,202311,6.49,0.41,68.19,6.69,0.00378,0.01032,0.02396
41.28,28.21,202312,4.82,0.38,64.93,2.67,0.0028,0.00983,0.00956
41.28,28.24,202301,5.51,0.38,69.94,0.94,0.00321,0.01059,0.00337
41.28,28.24,202302,8.89,0.45,66.0,1.2,0.00517,0.00999,0.0043
41.28,28.24,202303,11.1,0.41,71.25,2.13,0.00646,0.01079,0.00763
41.28,28.24,202304,15.63,0.45,72.39,2.93,0.00909,0.01096,0.01049
41.28,28.24,202305,18.84,0.48,71.78,1.08,0.01096,0.01087,0.00387
41.28,28.24,202306,24.01,0.58,45.28,0.72,0.01397,0.00686,0.00258
41.28,28.24,202307,26.15,0.65,23.83,0.41,0.01521,0.00361,0.00147
41.28,28.24,202308,21.47,0.59,31.41,0.23,0.01249,0.00476,0.00082
41.28,28.24,202309,16.72,0.56,46.02,1.46,0.00973,0.00697,0.00523
41.28,28.24,202310,11.52,0.52,49.57,0.39,0.0067,0.0075,0.0014
41.28,28.24,202311,6.49,0.41,68.19,6.69,0.00378,0.01032,0.02396
41.28,28.24,202312,4.82,0.38,64.93,2.67,0.0028,0.00983,0.00956
41.28,28.27,202301,5.51,0.38,69.94,0.94,0.00321,0.01059,0.00337
41.28,28.27,202302,8.89,0.45,66.0,1.2,0.00517,0.00999,0.0043
41.28,28.27,202303,11.1,0.41,71.25,2.13,0.00646,0.01079,0.00763
41.28,28.27,202304,15.63,0.45,72.39,2.93,0.00909,0.01096,0.01049
41.28,28.27,202305,18.84,0.48,71.78,1.08,0.01096,0.01087,0.00387
41.28,28.27,202306,24.01,0.58,45.28,0.72,0.01397,0.00686,0.00258
41.28,28.27,202307,26.15,0.65,23.83,0.41,0.01521,0.00361,0.00147
41.28,28.27,202308,21.47,0.59,31.41,0.23,0.01249,0.00476,0.00082
41.28,28.27,202309,16.72,0.56,46.02,1.46,0.00973,0.00697,0.00523
41.28,28.27,202310,11.52,0.52,49.57,0.39,0.0067,0.0075,0.0014
41.28,28.27,202311,6.49,0.41,68.19,6.69,0.00378,0.01032,0.02396
41.28,28.27,202312,4.82,0.38,64.93,2.67,0.0028,0.00983,0.00956
41.28,28.3,202301,5.51,0.38,69.94,0.94,0.00321,0.01059,0.00337
41.28,28.3,202302,8.89,0.45,66.0,1.2,0.00517,0.00999,0.0043
41.28,28.3,202303,11.1,0.41,71.25,2.13,0.00646,0.01079,0.00763
41.28,28.3,202304,15.63,0.45,72.39,2.93,0.00909,0.01096,0.01049
41.28,28.3,202305,18.84,0.48,71.78,1.08,0.01096,0.01087,0.00387
41.28,28.3,202306,24.01,0.58,45.28,0.72,0.01397,0.00686,0.00258
41.28,28.3,202307,26.15,0.65,23.83,0.41,0.01521,0.00361,0.00147
41.28,28.3,202308,21.47,0.59,31.41,0.23,0.01249,0.00476,0.00082
41.28,28.3,202309,16.72,0.56,46.02,1.46,0.00973,0.00697,0.00523
41.28,28.3,202310,11.52,0.52,49.57,0.39,0.0067,0.0075,0.0014
41.28,28.3,202311,6.49,0.41,68.19,6.69,0.00378,0.01032,0.02396
41.28,28.3,202312,4.82,0.38,64.93,2.67,0.0028,0.00983,0.00956
41.28,28.33,202301,5.51,0.38,69.94,0.94,0.00321,0.01059,0.00337
41.28,28.33,202302,8.89,0.45,66.0,1.2,0.00517,0.00999,0.0043
41.28,28.33,202303,11.1,0.41,71.25,2.13,0.00646,0.01079,0.00763
41.28,28.33,202304,15.63,0.45,72.39,2.93,0.00909,0.01096,0.01049
41.28,28.33,202305,18.84,0.48,71.78,1.08,0.01096,0.01087,0.00387
41.28,28.33,202306,24.01,0.58,45.28,0.72,0.01397,0.00686,0.00258
41.28,28.33,202307,26.15,0.65,23.83,0.41,0.01521,0.00361,0.00147
41.28,28.33,202308,21.47,0.59,31.41,0.23,0.01249,0.00476,0.00082
41.28,28.33,202309,16.72,0.56,46.02,1.46,0.00973,0.00697,0.00523
41.28,28.33,202310,11.52,0.52,49.57,0.39,0.0067,0.0075,0.0014
41.28,28.33,202311,6.49,0.41,68.19,6.69,0.00378,0.01032,0.02396
41.28,28.33,202312,4.82,0.38,64.93,2.67,0.0028,0.00983,0.00956
41.28,28.36,202301,5.51,0.38,69.94,0.94,0.00321,0.01059,0.00337
41.28,28.36,202302,8.89,0.45,66.0,1.2,0.00517,0.00999,0.0043
41.28,28.36,202303,11.1,0.41,71.25,2.13,0.00646,0.01079,0.00763
41.28,28.36,202304,15.63,0.45,72.39,2.93,0.00909,0.01096,0.01049
41.28,28.36,202305,18.84,0.48,71.78,1.08,0.01096,0.01087,0.00387
41.28,28.36,202306,24.01,0.58,45.28,0.72,0.01397,0.00686,0.00258
41.28,28.36,202307,26.15,0.65,23.83,0.41,0.01521,0.00361,0.00147
41.28,28.36,202308,21.47,0.59,31.41,0.23,0.01249,0.00476,0.00082
41.28,28.36,202309,16.72,0.56,46.02,1.46,0.00973,0.00697,0.00523
41.28,28.36,202310,11.52,0.52,49.57,0.39,0.0067,0.0075,0.0014
41.28,28.36,202311,6.49,0.41,68.19,6.69,0.00378,0.01032,0.02396
41.28,28.36,202312,4.82,0.38,64.93,2.67,0.0028,0.00983,0.00956
41.28,28.39,202301,5.51,0.38,69.94,0.94,0.00321,0.01059,0.00337
41.28,28.39,202302,8.89,0.45,66.0,1.2,0.00517,0.00999,0.0043
41.28,28.39,202303,11.1,0.41,71.25,2.13,0.00646,0.01079,0.00763
41.28,28.39,202304,15.63,0.45,72.39,2.93,0.00909,0.01096,0.01049
41.28,28.39,202305,18.84,0.48,71.78,1.08,0.01096,0.01087,0.00387
41.28,28.39,202306,24.01,0.58,45.28,0.72,0.01397,0.00686,0.00258
41.28,28.39,202307,26.15,0.65,23.83,0.41,0.01521,0.00361,0.00147
41.28,28.39,202308,21.47,0.59,31.41,0.23,0.01249,0.00476,0.00082
41.28,28.39,202309,16.72,0.56,46.02,1.46,0.00973,0.00697,0.00523
41.28,28.39,202310,11.52,0.52,49.57,0.39,0.0067,0.0075,0.0014
41.28,28.39,202311,6.49,0.41,68.19,6.69,0.00378,0.01032,0.02396
41.28,28.39,202312,4.82,0.38,64.93,2.67,0.0028,0.00983,0.00956
41.28,28.42,202301,5.51,0.38,69.94,0.94,0.00321,0.01059,0.00337
41.28,28.42,202302,8.89,0.45,66.0,1.2,0.00517,0.00999,0.0043
41.28,28.42,202303,11.1,0.41,71.25,2.13,0.00646,0.01079,0.00763
41.28,28.42,202304,15.63,0.45,72.39,2.93,0.00909,0.01096,0.01049
41.28,28.42,202305,18.84,0.48,71.78,1.08,0.01096,0.01087,0.00387
41.28,28.42,202306,24.01,0.58,45.28,0.72,0.01397,0.00686,0.00258
41.28,28.42,202307,26.15,0.65,23.83,0.41,0.01521,0.00361,0.00147
41.28,28.42,202308,21.47,0.59,31.41,0.23,0.01249,0.00476,0.00082
41.28,28.42,202309,16.72,0.56,46.02,1.46,0.00973,0.00697,0.00523
41.28,28.42,202310,11.52,0.52,49.57,0.39,0.0067,0.0075,0.0014
41.28,28.42,202311,6.49,0.41,68.19,6.69,0.00378,0.01032,0.02396
41.28,28.42,202312,4.82,0.38,64.93,2.67,0.0028,0.00983,0.00956
41.28,28.45,202301,5.51,0.38,69.94,1.04,0.00321,0.01059,0.00372
41.28,28.45,202302,8.89,0.45,66.0,1.93,0.00517,0.00999,0.00691
41.28,28.45,202303,11.1,0.41,71.25,2.63,0.00646,0.01079,0.00942
41.28,28.45,202304,15.63,0.45,72.39,2.79,0.00909,0.01096,0.00999
41.28,28.45,202305,18.84,0.48,71.78,1.09,0.01096,0.01087,0.0039
41.28,28.45,202306,24.01,0.58,45.28,0.55,0.01397,0.00686,0.00197
41.28,28.45,202307,26.15,0.65,23.83,0.34,0.01521,0.00361,0.00122
41.28,28.45,202308,21.47,0.59,31.41,0.25,0.01249,0.00476,0.0009
41.28,28.45,202309,16.72,0.56,46.02,2.03,0.00973,0.00697,0.00727
41.28,28.45,202310,11.52,0.52,49.57,0.64,0.0067,0.0075,0.00229
41.28,28.45,202311,6.49,0.41,68.19,8.01,0.00378,0.01032,0.02869
41.28,28.45,202312,4.82,0.38,64.93,2.73,0.0028,0.00983,0.00978
41.28,28.48,202301,5.51,0.38,69.94,1.04,0.00321,0.01059,0.00372
41.28,28.48,202302,8.89,0.45,66.0,1.93,0.00517,0.00999,0.00691
41.28,28.48,202303,11.1,0.41,71.25,2.63,0.00646,0.01079,0.00942
41.28,28.48,202304,15.63,0.45,72.39,2.79,0.00909,0.01096,0.00999
41.28,28.48,202305,18.84,0.48,71.78,1.09,0.01096,0.01087,0.0039
41.28,28.48,202306,24.01,0.58,45.28,0.55,0.01397,0.00686,0.00197
41.28,28.48,202307,26.15,0.65,23.83,0.34,0.01521,0.00361,0.00122
41.28,28.48,202308,21.47,0.59,31.41,0.25,0.01249,0.00476,0.0009
41.28,28.48,202309,16.72,0.56,46.02,2.03,0.00973,0.00697,0.00727
41.28,28.48,202310,11.52,0.52,49.57,0.64,0.0067,0.0075,0.00229
41.28,28.48,202311,6.49,0.41,68.19,8.01,0.00378,0.01032,0.02869
41.28,28.48,202312,4.82,0.38,64.93,2.73,0.0028,0.00983,0.00978
41.28,28.51,202301,5.51,0.38,69.94,1.04,0.00321,0.01059,0.00372
41.28,28.51,202302,8.89,0.45,66.0,1.93,0.00517,0.00999,0.00691
41.28,28.51,202303,11.1,0.41,71.25,2.63,0.00646,0.01079,0.00942
41.28,28.51,202304,15.63,0.45,72.39,2.79,0.00909,0.01096,0.00999
41.28,28.51,202305,18.84,0.48,71.78,1.09,0.01096,0.01087,0.0039
41.28,28.51,202306,24.01,0.58,45.28,0.55,0.01397,0.00686,0.00197
41.28,28.51,202307,26.15,0.65,23.83,0.34,0.01521,0.00361,0.00122
41.28,28.51,202308,21.47,0.59,31.41,0.25,0.01249,0.00476,0.0009
41.28,28.51,202309,16.72,0.56,46.02,2.03,0.00973,0.00697,0.00727
41.28,28.51,202310,11.52,0.52,49.57,0.64,0.0067,0.0075,0.00229
41.28,28.51,202311,6.49,0.41,68.19,8.01,0.00378,0.01032,0.02869
41.28,28.51,202312,4.82,0.38,64.93,2.73,0.0028,0.00983,0.00978
41.28,28.54,202301,5.51,0.38,69.94,1.04,0.00321,0.01059,0.00372
41.28,28.54,202302,8.89,0.45,66.0,1.93,0.00517,0.00999,0.00691
41.28,28.54,202303,11.1,0.41,71.25,2.63,0.00646,0.01079,0.00942
41.28,28.54,202304,15.63,0.45,72.39,2.79,0.00909,0.01096,0.00999
41.28,28.54,202305,18.84,0.48,71.78,1.09,0.01096,0.01087,0.0039
41.28,28.54,202306,24.01,0.58,45.28,0.55,0.01397,0.00686,0.00197
41.28,28.54,202307,26.15,0.65,23.83,0.34,0.01521,0.00361,0.00122
41.28,28.54,202308,21.47,0.59,31.41,0.25,0.01249,0.00476,0.0009
41.28,28.54,202309,16.72,0.56,46.02,2.03,0.00973,0.00697,0.00727
41.28,28.54,202310,11.52,0.52,49.57,0.64,0.0067,0.0075,0.00229
41.28,28.54,202311,6.49,0.41,68.19,8.01,0.00378,0.01032,0.02869
41.28,28.54,202312,4.82,0.38,64.93,2.73,0.0028,0.00983,0.00978
41.28,28.57,202301,5.51,0.38,69.94,1.04,0.00321,0.01059,0.00372
41.28,28.57,202302,8.89,0.45,66.0,1.93,0.00517,0.00999,0.00691
41.28,28.57,202303,11.1,0.41,71.25,2.63,0.00646,0.01079,0.00942
41.28,28.57,202304,15.63,0.45,72.39,2.79,0.00909,0.01096,0.00999
41.28,28.57,202305,18.84,0.48,71.78,1.09,0.01096,0.01087,0.0039
41.28,28.57,202306,24.01,0.58,45.28,0.55,0.01397,0.00686,0.00197
41.28,28.57,202307,26.15,0.65,23.83,0.34,0.01521,0.00361,0.00122
41.28,28.57,202308,21.47,0.59,31.41,0.25,0.01249,0.00476,0.0009
41.28,28.57,202309,16.72,0.56,46.02,2.03,0.00973,0.00697,0.00727
41.28,28.57,202310,11.52,0.52,49.57,0.64,0.0067,0.0075,0.00229
41.28,28.57,202311,6.49,0.41,68.19,8.01,0.00378,0.01032,0.02869
41.28,28.57,202312,4.82,0.38,64.93,2.73,0.0028,0.00983,0.00978
41.28,28.6,202301,5.51,0.38,69.94,1.04,0.00321,0.01059,0.00372
41.28,28.6,202302,8.89,0.45,66.0,1.93,0.00517,0.00999,0.00691
41.28,28.6,202303,11.1,0.41,71.25,2.63,0.00646,0.01079,0.00942
41.28,28.6,202304,15.63,0.45,72.39,2.79,0.00909,0.01096,0.00999
41.28,28.6,202305,18.84,0.48,71.78,1.09,0.01096,0.01087,0.0039
41.28,28.6,202306,24.01,0.58,45.28,0.55,0.01397,0.00686,0.00197
41.28,28.6,202307,26.15,0.65,23.83,0.34,0.01521,0.00361,0.00122
41.28,28.6,202308,21.47,0.59,31.41,0.25,0.01249,0.00476,0.0009
41.28,28.6,202309,16.72,0.56,46.02,2.03,0.00973,0.00697,0.00727
41.28,28.6,202310,11.52,0.52,49.57,0.64,0.0067,0.0075,0.00229
41.28,28.6,202311,6.49,0.41,68.19,8.01,0.00378,0.01032,0.02869
41.28,28.6,202312,4.82,0.38,64.93,2.73,0.0028,0.00983,0.00978
41.28,28.63,202301,5.51,0.38,69.94,1.04,0.00321,0.01059,0.00372
41.28,28.63,202302,8.89,0.45,66.0,1.93,0.00517,0.00999,0.00691
41.28,28.63,202303,11.1,0.41,71.25,2.63,0.00646,0.01079,0.00942
41.28,28.63,202304,15.63,0.45,72.39,2.79,0.00909,0.01096,0.00999
41.28,28.63,202305,18.84,0.48,71.78,1.09,0.01096,0.01087,0.0039
41.28,28.63,202306,24.01,0.58,45.28,0.55,0.01397,0.00686,0.00197
41.28,28.63,202307,26.15,0.65,23.83,0.34,0.01521,0.00361,0.00122
41.28,28.63,202308,21.47,0.59,31.41,0.25,0.01249,0.00476,0.0009
41.28,28.63,202309,16.72,0.56,46.02,2.03,0.00973,0.00697,0.00727
41.28,28.63,202310,11.52,0.52,49.57,0.64,0.0067,0.0075,0.00229
41.28,28.63,202311,6.49,0.41,68.19,8.01,0.00378,0.01032,0.02869
41.28,28.63,202312,4.82,0.38,64.93,2.73,0.0028,0.00983,0.00978
41.28,28.66,202301,5.51,0.38,69.94,1.04,0.00321,0.01059,0.00372
41.28,28.66,202302,8.89,0.45,66.0,1.93,0.00517,0.00999,0.00691
41.28,28.66,202303,11.1,0.41,71.25,2.63,0.00646,0.01079,0.00942
41.28,28.66,202304,15.63,0.45,72.39,2.79,0.00909,0.01096,0.00999
41.28,28.66,202305,18.84,0.48,71.78,1.09,0.01096,0.01087,0.0039
41.28,28.66,202306,24.01,0.58,45.28,0.55,0.01397,0.00686,0.00197
41.28,28.66,202307,26.15,0.65,23.83,0.34,0.01521,0.00361,0.00122
41.28,28.66,202308,21.47,0.59,31.41,0.25,0.01249,0.00476,0.0009
41.28,28.66,202309,16.72,0.56,46.02,2.03,0.00973,0.00697,0.00727
41.28,28.66,202310,11.52,0.52,49.57,0.64,0.0067,0.0075,0.00229
41.28,28.66,202311,6.49,0.41,68.19,8.01,0.00378,0.01032,0.02869
41.28,28.66,202312,4.82,0.38,64.93,2.73,0.0028,0.00983,0.00978
41.28,28.69,202301,5.51,0.38,69.94,1.04,0.00321,0.01059,0.00372
41.28,28.69,202302,8.89,0.45,66.0,1.93,0.00517,0.00999,0.00691
41.28,28.69,202303,11.1,0.41,71.25,2.63,0.00646,0.01079,0.00942
41.28,28.69,202304,15.63,0.45,72.39,2.79,0.00909,0.01096,0.00999
41.28,28.69,202305,18.84,0.48,71.78,1.09,0.01096,0.01087,0.0039
41.28,28.69,202306,24.01,0.58,45.28,0.55,0.01397,0.00686,0.00197
41.28,28.69,202307,26.15,0.65,23.83,0.34,0.01521,0.00361,0.00122
41.28,28.69,202308,21.47,0.59,31.41,0.25,0.01249,0.00476,0.0009
41.28,28.69,202309,16.72,0.56,46.02,2.03,0.00973,0.00697,0.00727
41.28,28.69,202310,11.52,0.52,49.57,0.64,0.0067,0.0075,0.00229
41.28,28.69,202311,6.49,0.41,68.19,8.01,0.00378,0.01032,0.02869
41.28,28.69,202312,4.82,0.38,64.93,2.73,0.0028,0.00983,0.00978
41.28,28.72,202301,5.51,0.38,69.94,1.04,0.00321,0.01059,0.00372
41.28,28.72,202302,8.89,0.45,66.0,1.93,0.00517,0.00999,0.00691
41.28,28.72,202303,11.1,0.41,71.25,2.63,0.00646,0.01079,0.00942
41.28,28.72,202304,15.63,0.45,72.39,2.79,0.00909,0.01096,0.00999
41.28,28.72,202305,18.84,0.48,71.78,1.09,0.01096,0.01087,0.0039
41.28,28.72,202306,24.01,0.58,45.28,0.55,0.01397,0.00686,0.00197
41.28,28.72,202307,26.15,0.65,23.83,0.34,0.01521,0.00361,0.00122
41.28,28.72,202308,21.47,0.59,31.41,0.25,0.01249,0.00476,0.0009
41.28,28.72,202309,16.72,0.56,46.02,2.03,0.00973,0.00697,0.00727
41.28,28.72,202310,11.52,0.52,49.57,0.64,0.0067,0.0075,0.00229
41.28,28.72,202311,6.49,0.41,68.19,8.01,0.00378,0.01032,0.02869
41.28,28.72,202312,4.82,0.38,64.93,2.73,0.0028,0.00983,0.00978
41.28,28.75,202301,5.51,0.38,69.94,1.04,0.00321,0.01059,0.00372
41.28,28.75,202302,8.89,0.45,66.0,1.93,0.00517,0.00999,0.00691
41.28,28.75,202303,11.1,0.41,71.25,2.63,0.00646,0.01079,0.00942
41.28,28.75,202304,15.63,0.45,72.39,2.79,0.00909,0.01096,0.00999
41.28,28.75,202305,18.84,0.48,71.78,1.09,0.01096,0.01087,0.0039
41.28,28.75,202306,24.01,0.58,45.28,0.55,0.01397,0.00686,0.00197
41.28,28.75,202307,26.15,0.65,23.83,0.34,0.01521,0.00361,0.00122
41.28,28.75,202308,21.47,0.59,31.41,0.25,0.01249,0.00476,0.0009
41.28,28.75,202309,16.72,0.56,46.02,2.03,0.00973,0.00697,0.00727
41.28,28.75,202310,11.52,0.52,49.57,0.64,0.0067,0.0075,0.00229
41.28,28.75,202311,6.49,0.41,68.19,8.01,0.00378,0.01032,0.02869
41.28,28.75,202312,4.82,0.38,64.93,2.73,0.0028,0.00983,0.00978
41.28,28.78,202301,5.51,0.38,69.94,1.04,0.00321,0.01059,0.00372
41.28,28.78,202302,8.89,0.45,66.0,1.93,0.00517,0.00999,0.00691
41.28,28.78,202303,11.1,0.41,71.25,2.63,0.00646,0.01079,0.00942
41.28,28.78,202304,15.63,0.45,72.39,2.79,0.00909,0.01096,0.00999
41.28,28.78,202305,18.84,0.48,71.78,1.09,0.01096,0.01087,0.0039
41.28,28.78,202306,24.01,0.58,45.28,0.55,0.01397,0.00686,0.00197
41.28,28.78,202307,26.15,0.65,23.83,0.34,0.01521,0.00361,0.00122
41.28,28.78,202308,21.47,0.59,31.41,0.25,0.01249,0.00476,0.0009
41.28,28.78,202309,16.72,0.56,46.02,2.03,0.00973,0.00697,0.00727
41.28,28.78,202310,11.52,0.52,49.57,0.64,0.0067,0.0075,0.00229
41.28,28.78,202311,6.49,0.41,68.19,8.01,0.00378,0.01032,0.02869
41.28,28.78,202312,4.82,0.38,64.93,2.73,0.0028,0.00983,0.00978
41.28,28.81,202301,5.51,0.38,69.94,1.04,0.00321,0.01059,0.00372
41.28,28.81,202302,8.89,0.45,66.0,1.93,0.00517,0.00999,0.00691
41.28,28.81,202303,11.1,0.41,71.25,2.63,0.00646,0.01079,0.00942
41.28,28.81,202304,15.63,0.45,72.39,2.79,0.00909,0.01096,0.00999
41.28,28.81,202305,18.84,0.48,71.78,1.09,0.01096,0.01087,0.0039
41.28,28.81,202306,24.01,0.58,45.28,0.55,0.01397,0.00686,0.00197
41.28,28.81,202307,26.15,0.65,23.83,0.34,0.01521,0.00361,0.00122
41.28,28.81,202308,21.47,0.59,31.41,0.25,0.01249,0.00476,0.0009
41.28,28.81,202309,16.72,0.56,46.02,2.03,0.00973,0.00697,0.00727
41.28,28.81,202310,11.52,0.52,49.57,0.64,0.0067,0.0075,0.00229
41.28,28.81,202311,6.49,0.41,68.19,8.01,0.00378,0.01032,0.02869
41.28,28.81,202312,4.82,0.38,64.93,2.73,0.0028,0.00983,0.00978
41.28,28.84,202301,5.51,0.38,69.94,1.04,0.00321,0.01059,0.00372
41.28,28.84,202302,8.89,0.45,66.0,1.93,0.00517,0.00999,0.00691
41.28,28.84,202303,11.1,0.41,71.25,2.63,0.00646,0.01079,0.00942
41.28,28.84,202304,15.63,0.45,72.39,2.79,0.00909,0.01096,0.00999
41.28,28.84,202305,18.84,0.48,71.78,1.09,0.01096,0.01087,0.0039
41.28,28.84,202306,24.01,0.58,45.28,0.55,0.01397,0.00686,0.00197
41.28,28.84,202307,26.15,0.65,23.83,0.34,0.01521,0.00361,0.00122
41.28,28.84,202308,21.47,0.59,31.41,0.25,0.01249,0.00476,0.0009
41.28,28.84,202309,16.72,0.56,46.02,2.03,0.00973,0.00697,0.00727
41.28,28.84,202310,11.52,0.52,49.57,0.64,0.0067,0.0075,0.00229
41.28,28.84,202311,6.49,0.41,68.19,8.01,0.00378,0.01032,0.02869
41.28,28.84,202312,4.82,0.38,64.93,2.73,0.0028,0.00983,0.00978
41.3,28.09,202301,5.51,0.38,69.94,0.94,0.00321,0.01059,0.00337
41.3,28.09,202302,8.89,0.45,66.0,1.2,0.00517,0.00999,0.0043
41.3,28.09,202303,11.1,0.41,71.25,2.13,0.00646,0.01079,0.00763
41.3,28.09,202304,15.63,0.45,72.39,2.93,0.00909,0.01096,0.01049
41.3,28.09,202305,18.84,0.48,71.78,1.08,0.01096,0.01087,0.00387
41.3,28.09,202306,24.01,0.58,45.28,0.72,0.01397,0.00686,0.00258
41.3,28.09,202307,26.15,0.65,23.83,0.41,0.01521,0.00361,0.00147
41.3,28.09,202308,21.47,0.59,31.41,0.23,0.01249,0.00476,0.00082
41.3,28.09,202309,16.72,0.56,46.02,1.46,0.00973,0.00697,0.00523
41.3,28.09,202310,11.52,0.52,49.57,0.39,0.0067,0.0075,0.0014
41.3,28.09,202311,6.49,0.41,68.19,6.69,0.00378,0.01032,0.02396
41.3,28.09,202312,4.82,0.38,64.93,2.67,0.0028,0.00983,0.00956
41.3,28.12,202301,5.51,0.38,69.94,0.94,0.00321,0.01059,0.00337
41.3,28.12,202302,8.89,0.45,66.0,1.2,0.00517,0.00999,0.0043
41.3,28.12,202303,11.1,0.41,71.25,2.13,0.00646,0.01079,0.00763
41.3,28.12,202304,15.63,0.45,72.39,2.93,0.00909,0.01096,0.01049
41.3,28.12,202305,18.84,0.48,71.78,1.08,0.01096,0.01087,0.00387
41.3,28.12,202306,24.01,0.58,45.28,0.72,0.01397,0.00686,0.00258
41.3,28.12,202307,26.15,0.65,23.83,0.41,0.01521,0.00361,0.00147
41.3,28.12,202308,21.47,0.59,31.41,0.23,0.01249,0.00476,0.00082
41.3,28.12,202309,16.72,0.56,46.02,1.46,0.00973,0.00697,0.00523
41.3,28.12,202310,11.52,0.52,49.57,0.39,0.0067,0.0075,0.0014
41.3,28.12,202311,6.49,0.41,68.19,6.69,0.00378,0.01032,0.02396
41.3,28.12,202312,4.82,0.38,64.93,2.67,0.0028,0.00983,0.00956
41.3,28.15,202301,5.51,0.38,69.94,0.94,0.00321,0.01059,0.00337
41.3,28.15,202302,8.89,0.45,66.0,1.2,0.00517,0.00999,0.0043
41.3,28.15,202303,11.1,0.41,71.25,2.13,0.00646,0.01079,0.00763
41.3,28.15,202304,15.63,0.45,72.39,2.93,0.00909,0.01096,0.01049
41.3,28.15,202305,18.84,0.48,71.78,1.08,0.01096,0.01087,0.00387
41.3,28.15,202306,24.01,0.58,45.28,0.72,0.01397,0.00686,0.00258
41.3,28.15,202307,26.15,0.65,23.83,0.41,0.01521,0.00361,0.00147
41.3,28.15,202308,21.47,0.59,31.41,0.23,0.01249,0.00476,0.00082
41.3,28.15,202309,16.72,0.56,46.02,1.46,0.00973,0.00697,0.00523
41.3,28.15,202310,11.52,0.52,49.57,0.39,0.0067,0.0075,0.0014
41.3,28.15,202311,6.49,0.41,68.19,6.69,0.00378,0.01032,0.02396
41.3,28.15,202312,4.82,0.38,64.93,2.67,0.0028,0.00983,0.00956
41.3,28.18,202301,5.51,0.38,69.94,0.94,0.00321,0.01059,0.00337
41.3,28.18,202302,8.89,0.45,66.0,1.2,0.00517,0.00999,0.0043
41.3,28.18,202303,11.1,0.41,71.25,2.13,0.00646,0.01079,0.00763
41.3,28.18,202304,15.63,0.45,72.39,2.93,0.00909,0.01096,0.01049
41.3,28.18,202305,18.84,0.48,71.78,1.08,0.01096,0.01087,0.00387
41.3,28.18,202306,24.01,0.58,45.28,0.72,0.01397,0.00686,0.00258
41.3,28.18,202307,26.15,0.65,23.83,0.41,0.01521,0.00361,0.00147
41.3,28.18,202308,21.47,0.59,31.41,0.23,0.01249,0.00476,0.00082
41.3,28.18,202309,16.72,0.56,46.02,1.46,0.00973,0.00697,0.00523
41.3,28.18,202310,11.52,0.52,49.57,0.39,0.0067,0.0075,0.0014
41.3,28.18,202311,6.49,0.41,68.19,6.69,0.00378,0.01032,0.02396
41.3,28.18,202312,4.82,0.38,64.93,2.67,0.0028,0.00983,0.00956
41.3,28.21,202301,5.51,0.38,69.94,0.94,0.00321,0.01059,0.00337
41.3,28.21,202302,8.89,0.45,66.0,1.2,0.00517,0.00999,0.0043
41.3,28.21,202303,11.1,0.41,71.25,2.13,0.00646,0.01079,0.00763
41.3,28.21,202304,15.63,0.45,72.39,2.93,0.00909,0.01096,0.01049
41.3,28.21,202305,18.84,0.48,71.78,1.08,0.01096,0.01087,0.00387
41.3,28.21,202306,24.01,0.58,45.28,0.72,0.01397,0.00686,0.00258
41.3,28.21,202307,26.15,0.65,23.83,0.41,0.01521,0.00361,0.00147
41.3,28.21,202308,21.47,0.59,31.41,0.23,0.01249,0.00476,0.00082
41.3,28.21,202309,16.72,0.56,46.02,1.46,0.00973,0.00697,0.00523
41.3,28.21,202310,11.52,0.52,49.57,0.39,0.0067,0.0075,0.0014
41.3,28.21,202311,6.49,0.41,68.19,6.69,0.00378,0.01032,0.02396
41.3,28.21,202312,4.82,0.38,64.93,2.67,0.0028,0.00983,0.00956
41.3,28.24,202301,5.51,0.38,69.94,0.94,0.00321,0.01059,0.00337
41.3,28.24,202302,8.89,0.45,66.0,1.2,0.00517,0.00999,0.0043
41.3,28.24,202303,11.1,0.41,71.25,2.13,0.00646,0.01079,0.00763
41.3,28.24,202304,15.63,0.45,72.39,2.93,0.00909,0.01096,0.01049
41.3,28.24,202305,18.84,0.48,71.78,1.08,0.01096,0.01087,0.00387
41.3,28.24,202306,24.01,0.58,45.28,0.72,0.01397,0.00686,0.00258
41.3,28.24,202307,26.15,0.65,23.83,0.41,0.01521,0.00361,0.00147
41.3,28.24,202308,21.47,0.59,31.41,0.23,0.01249,0.00476,0.00082
41.3,28.24,202309,16.72,0.56,46.02,1.46,0.00973,0.00697,0.00523
41.3,28.24,202310,11.52,0.52,49.57,0.39,0.0067,0.0075,0.0014
41.3,28.24,202311,6.49,0.41,68.19,6.69,0.00378,0.01032,0.02396
41.3,28.24,202312,4.82,0.38,64.93,2.67,0.0028,0.00983,0.00956
41.3,28.27,202301,5.51,0.38,69.94,0.94,0.00321,0.01059,0.00337
41.3,28.27,202302,8.89,0.45,66.0,1.2,0.00517,0.00999,0.0043
41.3,28.27,202303,11.1,0.41,71.25,2.13,0.00646,0.01079,0.00763
41.3,28.27,202304,15.63,0.45,72.39,2.93,0.00909,0.01096,0.01049
41.3,28.27,202305,18.84,0.48,71.78,1.08,0.01096,0.01087,0.00387
41.3,28.27,202306,24.01,0.58,45.28,0.72,0.01397,0.00686,0.00258
41.3,28.27,202307,26.15,0.65,23.83,0.41,0.01521,0.00361,0.00147
41.3,28.27,202308,21.47,0.59,31.41,0.23,0.01249,0.00476,0.00082
41.3,28.27,202309,16.72,0.56,46.02,1.46,0.00973,0.00697,0.00523
41.3,28.27,202310,11.52,0.52,49.57,0.39,0.0067,0.0075,0.0014
41.3,28.27,202311,6.49,0.41,68.19,6.69,0.00378,0.01032,0.02396
41.3,28.27,202312,4.82,0.38,64.93,2.67,0.0028,0.00983,0.00956
41.3,28.3,202301,5.51,0.38,69.94,0.94,0.00321,0.01059,0.00337
41.3,28.3,202302,8.89,0.45,66.0,1.2,0.00517,0.00999,0.0043
41.3,28.3,202303,11.1,0.41,71.25,2.13,0.00646,0.01079,0.00763
41.3,28.3,202304,15.63,0.45,72.39,2.93,0.00909,0.01096,0.01049
41.3,28.3,202305,18.84,0.48,71.78,1.08,0.01096,0.01087,0.00387
41.3,28.3,202306,24.01,0.58,45.28,0.72,0.01397,0.00686,0.00258
41.3,28.3,202307,26.15,0.65,23.83,0.41,0.01521,0.00361,0.00147
41.3,28.3,202308,21.47,0.59,31.41,0.23,0.01249,0.00476,0.00082
41.3,28.3,202309,16.72,0.56,46.02,1.46,0.00973,0.00697,0.00523
41.3,28.3,202310,11.52,0.52,49.57,0.39,0.0067,0.0075,0.0014
41.3,28.3,202311,6.49,0.41,68.19,6.69,0.00378,0.01032,0.02396
41.3,28.3,202312,4.82,0.38,64.93,2.67,0.0028,0.00983,0.00956
41.3,28.33,202301,5.51,0.38,69.94,0.94,0.00321,0.01059,0.00337
41.3,28.33,202302,8.89,0.45,66.0,1.2,0.00517,0.00999,0.0043
41.3,28.33,202303,11.1,0.41,71.25,2.13,0.00646,0.01079,0.00763
41.3,28.33,202304,15.63,0.45,72.39,2.93,0.00909,0.01096,0.01049
41.3,28.33,202305,18.84,0.48,71.78,1.08,0.01096,0.01087,0.00387
41.3,28.33,202306,24.01,0.58,45.28,0.72,0.01397,0.00686,0.00258
41.3,28.33,202307,26.15,0.65,23.83,0.41,0.01521,0.00361,0.00147
41.3,28.33,202308,21.47,0.59,31.41,0.23,0.01249,0.00476,0.00082
41.3,28.33,202309,16.72,0.56,46.02,1.46,0.00973,0.00697,0.00523
41.3,28.33,202310,11.52,0.52,49.57,0.39,0.0067,0.0075,0.0014
41.3,28.33,202311,6.49,0.41,68.19,6.69,0.00378,0.01032,0.02396
41.3,28.33,202312,4.82,0.38,64.93,2.67,0.0028,0.00983,0.00956
41.3,28.36,202301,5.51,0.38,69.94,0.94,0.00321,0.01059,0.00337
41.3,28.36,202302,8.89,0.45,66.0,1.2,0.00517,0.00999,0.0043
41.3,28.36,202303,11.1,0.41,71.25,2.13,0.00646,0.01079,0.00763
41.3,28.36,202304,15.63,0.45,72.39,2.93,0.00909,0.01096,0.01049
41.3,28.36,202305,18.84,0.48,71.78,1.08,0.01096,0.01087,0.00387
41.3,28.36,202306,24.01,0.58,45.28,0.72,0.01397,0.00686,0.00258
41.3,28.36,202307,26.15,0.65,23.83,0.41,0.01521,0.00361,0.00147
41.3,28.36,202308,21.47,0.59,31.41,0.23,0.01249,0.00476,0.00082
41.3,28.36,202309,16.72,0.56,46.02,1.46,0.00973,0.00697,0.00523
41.3,28.36,202310,11.52,0.52,49.57,0.39,0.0067,0.0075,0.0014
41.3,28.36,202311,6.49,0.41,68.19,6.69,0.00378,0.01032,0.02396
41.3,28.36,202312,4.82,0.38,64.93,2.67,0.0028,0.00983,0.00956
41.3,28.39,202301,5.51,0.38,69.94,0.94,0.00321,0.01059,0.00337
41.3,28.39,202302,8.89,0.45,66.0,1.2,0.00517,0.00999,0.0043
41.3,28.39,202303,11.1,0.41,71.25,2.13,0.00646,0.01079,0.00763
41.3,28.39,202304,15.63,0.45,72.39,2.93,0.00909,0.01096,0.01049
41.3,28.39,202305,18.84,0.48,71.78,1.08,0.01096,0.01087,0.00387
41.3,28.39,202306,24.01,0.58,45.28,0.72,0.01397,0.00686,0.00258
41.3,28.39,202307,26.15,0.65,23.83,0.41,0.01521,0.00361,0.00147
41.3,28.39,202308,21.47,0.59,31.41,0.23,0.01249,0.00476,0.00082
41.3,28.39,202309,16.72,0.56,46.02,1.46,0.00973,0.00697,0.00523
41.3,28.39,202310,11.52,0.52,49.57,0.39,0.0067,0.0075,0.0014
41.3,28.39,202311,6.49,0.41,68.19,6.69,0.00378,0.01032,0.02396
41.3,28.39,202312,4.82,0.38,64.93,2.67,0.0028,0.00983,0.00956
41.3,28.42,202301,5.51,0.38,69.94,0.94,0.00321,0.01059,0.00337
41.3,28.42,202302,8.89,0.45,66.0,1.2,0.00517,0.00999,0.0043
41.3,28.42,202303,11.1,0.41,71.25,2.13,0.00646,0.01079,0.00763
41.3,28.42,202304,15.63,0.45,72.39,2.93,0.00909,0.01096,0.01049
41.3,28.42,202305,18.84,0.48,71.78,1.08,0.01096,0.01087,0.00387
41.3,28.42,202306,24.01,0.58,45.28,0.72,0.01397,0.00686,0.00258
41.3,28.42,202307,26.15,0.65,23.83,0.41,0.01521,0.00361,0.00147
41.3,28.42,202308,21.47,0.59,31.41,0.23,0.01249,0.00476,0.00082
41.3,28.42,202309,16.72,0.56,46.02,1.46,0.00973,0.00697,0.00523
41.3,28.42,202310,11.52,0.52,49.57,0.39,0.0067,0.0075,0.0014
41.3,28.42,202311,6.49,0.41,68.19,6.69,0.00378,0.01032,0.02396
41.3,28.42,202312,4.82,0.38,64.93,2.67,0.0028,0.00983,0.00956
41.3,28.45,202301,5.51,0.38,69.94,1.04,0.00321,0.01059,0.00372
41.3,28.45,202302,8.89,0.45,66.0,1.93,0.00517,0.00999,0.00691
41.3,28.45,202303,11.1,0.41,71.25,2.63,0.00646,0.01079,0.00942
41.3,28.45,202304,15.63,0.45,72.39,2.79,0.00909,0.01096,0.00999
41.3,28.45,202305,18.84,0.48,71.78,1.09,0.01096,0.01087,0.0039
41.3,28.45,202306,24.01,0.58,45.28,0.55,0.01397,0.00686,0.00197
41.3,28.45,202307,26.15,0.65,23.83,0.34,0.01521,0.00361,0.00122
41.3,28.45,202308,21.47,0.59,31.41,0.25,0.01249,0.00476,0.0009
41.3,28.45,202309,16.72,0.56,46.02,2.03,0.00973,0.00697,0.00727
41.3,28.45,202310,11.52,0.52,49.57,0.64,0.0067,0.0075,0.00229
41.3,28.45,202311,6.49,0.41,68.19,8.01,0.00378,0.01032,0.02869
41.3,28.45,202312,4.82,0.38,64.93,2.73,0.0028,0.00983,0.00978
41.3,28.48,202301,5.51,0.38,69.94,1.04,0.00321,0.01059,0.00372
41.3,28.48,202302,8.89,0.45,66.0,1.93,0.00517,0.00999,0.00691
41.3,28.48,202303,11.1,0.41,71.25,2.63,0.00646,0.01079,0.00942
41.3,28.48,202304,15.63,0.45,72.39,2.79,0.00909,0.01096,0.00999
41.3,28.48,202305,18.84,0.48,71.78,1.09,0.01096,0.01087,0.0039
41.3,28.48,202306,24.01,0.58,45.28,0.55,0.01397,0.00686,0.00197
41.3,28.48,202307,26.15,0.65,23.83,0.34,0.01521,0.00361,0.00122
41.3,28.48,202308,21.47,0.59,31.41,0.25,0.01249,0.00476,0.0009
41.3,28.48,202309,16.72,0.56,46.02,2.03,0.00973,0.00697,0.00727
41.3,28.48,202310,11.52,0.52,49.57,0.64,0.0067,0.0075,0.00229
41.3,28.48,202311,6.49,0.41,68.19,8.01,0.00378,0.01032,0.02869
41.3,28.48,202312,4.82,0.38,64.93,2.73,0.0028,0.00983,0.00978
41.3,28.51,202301,5.51,0.38,69.94,1.04,0.00321,0.01059,0.00372
41.3,28.51,202302,8.89,0.45,66.0,1.93,0.00517,0.00999,0.00691
41.3,28.51,202303,11.1,0.41,71.25,2.63,0.00646,0.01079,0.00942
41.3,28.51,202304,15.63,0.45,72.39,2.79,0.00909,0.01096,0.00999
41.3,28.51,202305,18.84,0.48,71.78,1.09,0.01096,0.01087,0.0039
41.3,28.51,202306,24.01,0.58,45.28,0.55,0.01397,0.00686,0.00197
41.3,28.51,202307,26.15,0.65,23.83,0.34,0.01521,0.00361,0.00122
41.3,28.51,202308,21.47,0.59,31.41,0.25,0.01249,0.00476,0.0009
41.3,28.51,202309,16.72,0.56,46.02,2.03,0.00973,0.00697,0.00727
41.3,28.51,202310,11.52,0.52,49.57,0.64,0.0067,0.0075,0.00229
41.3,28.51,202311,6.49,0.41,68.19,8.01,0.00378,0.01032,0.02869
41.3,28.51,202312,4.82,0.38,64.93,2.73,0.0028,0.00983,0.00978
41.3,28.54,202301,5.51,0.38,69.94,1.04,0.00321,0.01059,0.00372
41.3,28.54,202302,8.89,0.45,66.0,1.93,0.00517,0.00999,0.00691
41.3,28.54,202303,11.1,0.41,71.25,2.63,0.00646,0.01079,0.00942
41.3,28.54,202304,15.63,0.45,72.39,2.79,0.00909,0.01096,0.00999
41.3,28.54,202305,18.84,0.48,71.78,1.09,0.01096,0.01087,0.0039
41.3,28.54,202306,24.01,0.58,45.28,0.55,0.01397,0.00686,0.00197
41.3,28.54,202307,26.15,0.65,23.83,0.34,0.01521,0.00361,0.00122
41.3,28.54,202308,21.47,0.59,31.41,0.25,0.01249,0.00476,0.0009
41.3,28.54,202309,16.72,0.56,46.02,2.03,0.00973,0.00697,0.00727
41.3,28.54,202310,11.52,0.52,49.57,0.64,0.0067,0.0075,0.00229
41.3,28.54,202311,6.49,0.41,68.19,8.01,0.00378,0.01032,0.02869
41.3,28.54,202312,4.82,0.38,64.93,2.73,0.0028,0.00983,0.00978
41.3,28.57,202301,5.51,0.38,69.94,1.04,0.00321,0.01059,0.00372
41.3,28.57,202302,8.89,0.45,66.0,1.93,0.00517,0.00999,0.00691
41.3,28.57,202303,11.1,0.41,71.25,2.63,0.00646,0.01079,0.00942
41.3,28.57,202304,15.63,0.45,72.39,2.79,0.00909,0.01096,0.00999
41.3,28.57,202305,18.84,0.48,71.78,1.09,0.01096,0.01087,0.0039
41.3,28.57,202306,24.01,0.58,45.28,0.55,0.01397,0.00686,0.00197
41.3,28.57,202307,26.15,0.65,23.83,0.34,0.01521,0.00361,0.00122
41.3,28.57,202308,21.47,0.59,31.41,0.25,0.01249,0.00476,0.0009
41.3,28.57,202309,16.72,0.56,46.02,2.03,0.00973,0.00697,0.00727
41.3,28.57,202310,11.52,0.52,49.57,0.64,0.0067,0.0075,0.00229
41.3,28.57,202311,6.49,0.41,68.19,8.01,0.00378,0.01032,0.02869
41.3,28.57,202312,4.82,0.38,64.93,2.73,0.0028,0.00983,0.00978
41.3,28.6,202301,5.51,0.38,69.94,1.04,0.00321,0.01059,0.00372
41.3,28.6,202302,8.89,0.45,66.0,1.93,0.00517,0.00999,0.00691
41.3,28.6,202303,11.1,0.41,71.25,2.63,0.00646,0.01079,0.00942
41.3,28.6,202304,15.63,0.45,72.39,2.79,0.00909,0.01096,0.00999
41.3,28.6,202305,18.84,0.48,71.78,1.09,0.01096,0.01087,0.0039
41.3,28.6,202306,24.01,0.58,45.28,0.55,0.01397,0.00686,0.00197
41.3,28.6,202307,26.15,0.65,23.83,0.34,0.01521,0.00361,0.00122
41.3,28.6,202308,21.47,0.59,31.41,0.25,0.01249,0.00476,0.0009
41.3,28.6,202309,16.72,0.56,46.02,2.03,0.00973,0.00697,0.00727
41.3,28.6,202310,11.52,0.52,49.57,0.64,0.0067,0.0075,0.00229
41.3,28.6,202311,6.49,0.41,68.19,8.01,0.00378,0.01032,0.02869
41.3,28.6,202312,4.82,0.38,64.93,2.73,0.0028,0.00983,0.00978
41.3,28.63,202301,5.51,0.38,69.94,1.04,0.00321,0.01059,0.00372
41.3,28.63,202302,8.89,0.45,66.0,1.93,0.00517,0.00999,0.00691
41.3,28.63,202303,11.1,0.41,71.25,2.63,0.00646,0.01079,0.00942
41.3,28.63,202304,15.63,0.45,72.39,2.79,0.00909,0.01096,0.00999
41.3,28.63,202305,18.84,0.48,71.78,1.09,0.01096,0.01087,0.0039
41.3,28.63,202306,24.01,0.58,45.28,0.55,0.01397,0.00686,0.00197
41.3,28.63,202307,26.15,0.65,23.83,0.34,0.01521,0.00361,0.00122
41.3,28.63,202308,21.47,0.59,31.41,0.25,0.01249,0.00476,0.0009
41.3,28.63,202309,16.72,0.56,46.02,2.03,0.00973,0.00697,0.00727
41.3,28.63,202310,11.52,0.52,49.57,0.64,0.0067,0.0075,0.00229
41.3,28.63,202311,6.49,0.41,68.19,8.01,0.00378,0.01032,0.02869
41.3,28.63,202312,4.82,0.38,64.93,2.73,0.0028,0.00983,0.00978
41.3,28.66,202301,5.51,0.38,69.94,1.04,0.00321,0.01059,0.00372
41.3,28.66,202302,8.89,0.45,66.0,1.93,0.00517,0.00999,0.00691
41.3,28.66,202303,11.1,0.41,71.25,2.63,0.00646,0.01079,0.00942
41.3,28.66,202304,15.63,0.45,72.39,2.79,0.00909,0.01096,0.00999
41.3,28.66,202305,18.84,0.48,71.78,1.09,0.01096,0.01087,0.0039
41.3,28.66,202306,24.01,0.58,45.28,0.55,0.01397,0.00686,0.00197
41.3,28.66,202307,26.15,0.65,23.83,0.34,0.01521,0.00361,0.00122
41.3,28.66,202308,21.47,0.59,31.41,0.25,0.01249,0.00476,0.0009
41.3,28.66,202309,16.72,0.56,46.02,2.03,0.00973,0.00697,0.00727
41.3,28.66,202310,11.52,0.52,49.57,0.64,0.0067,0.0075,0.00229
41.3,28.66,202311,6.49,0.41,68.19,8.01,0.00378,0.01032,0.02869
41.3,28.66,202312,4.82,0.38,64.93,2.73,0.0028,0.00983,0.00978
41.3,28.69,202301,5.51,0.38,69.94,1.04,0.00321,0.01059,0.00372
41.3,28.69,202302,8.89,0.45,66.0,1.93,0.00517,0.00999,0.00691
41.3,28.69,202303,11.1,0.41,71.25,2.63,0.00646,0.01079,0.00942
41.3,28.69,202304,15.63,0.45,72.39,2.79,0.00909,0.01096,0.00999
41.3,28.69,202305,18.84,0.48,71.78,1.09,0.01096,0.01087,0.0039
41.3,28.69,202306,24.01,0.58,45.28,0.55,0.01397,0.00686,0.00197
41.3,28.69,202307,26.15,0.65,23.83,0.34,0.01521,0.00361,0.00122
41.3,28.69,202308,21.47,0.59,31.41,0.25,0.01249,0.00476,0.0009
41.3,28.69,202309,16.72,0.56,46.02,2.03,0.00973,0.00697,0.00727
41.3,28.69,202310,11.52,0.52,49.57,0.64,0.0067,0.0075,0.00229
41.3,28.69,202311,6.49,0.41,68.19,8.01,0.00378,0.01032,0.02869
41.3,28.69,202312,4.82,0.38,64.93,2.73,0.0028,0.00983,0.00978
41.3,28.72,202301,5.51,0.38,69.94,1.04,0.00321,0.01059,0.00372
41.3,28.72,202302,8.89,0.45,66.0,1.93,0.00517,0.00999,0.00691
41.3,28.72,202303,11.1,0.41,71.25,2.63,0.00646,0.01079,0.00942
41.3,28.72,202304,15.63,0.45,72.39,2.79,0.00909,0.01096,0.00999
41.3,28.72,202305,18.84,0.48,71.78,1.09,0.01096,0.01087,0.0039
41.3,28.72,202306,24.01,0.58,45.28,0.55,0.01397,0.00686,0.00197
41.3,28.72,202307,26.15,0.65,23.83,0.34,0.01521,0.00361,0.00122
41.3,28.72,202308,21.47,0.59,31.41,0.25,0.01249,0.00476,0.0009
41.3,28.72,202309,16.72,0.56,46.02,2.03,0.00973,0.00697,0.00727
41.3,28.72,202310,11.52,0.52,49.57,0.64,0.0067,0.0075,0.00229
41.3,28.72,202311,6.49,0.41,68.19,8.01,0.00378,0.01032,0.02869
41.3,28.72,202312,4.82,0.38,64.93,2.73,0.0028,0.00983,0.00978
41.3,28.75,202301,5.51,0.38,69.94,1.04,0.00321,0.01059,0.00372
41.3,28.75,202302,8.89,0.45,66.0,1.93,0.00517,0.00999,0.00691
41.3,28.75,202303,11.1,0.41,71.25,2.63,0.00646,0.01079,0.00942
41.3,28.75,202304,15.63,0.45,72.39,2.79,0.00909,0.01096,0.00999
41.3,28.75,202305,18.84,0.48,71.78,1.09,0.01096,0.01087,0.0039
41.3,28.75,202306,24.01,0.58,45.28,0.55,0.01397,0.00686,0.00197
41.3,28.75,202307,26.15,0.65,23.83,0.34,0.01521,0.00361,0.00122
41.3,28.75,202308,21.47,0.59,31.41,0.25,0.01249,0.00476,0.0009
41.3,28.75,202309,16.72,0.56,46.02,2.03,0.00973,0.00697,0.00727
41.3,28.75,202310,11.52,0.52,49.57,0.64,0.0067,0.0075,0.00229
41.3,28.75,202311,6.49,0.41,68.19,8.01,0.00378,0.01032,0.02869
41.3,28.75,202312,4.82,0.38,64.93,2.73,0.0028,0.00983,0.00978
41.3,28.78,202301,5.51,0.38,69.94,1.04,0.00321,0.01059,0.00372
41.3,28.78,202302,8.89,0.45,66.0,1.93,0.00517,0.00999,0.00691
41.3,28.78,202303,11.1,0.41,71.25,2.63,0.00646,0.01079,0.00942
41.3,28.78,202304,15.63,0.45,72.39,2.79,0.00909,0.01096,0.00999
41.3,28.78,202305,18.84,0.48,71.78,1.09,0.01096,0.01087,0.0039
41.3,28.78,202306,24.01,0.58,45.28,0.55,0.01397,0.00686,0.00197
41.3,28.78,202307,26.15,0.65,23.83,0.34,0.01521,0.00361,0.00122
41.3,28.78,202308,21.47,0.59,31.41,0.25,0.01249,0.00476,0.0009
41.3,28.78,202309,16.72,0.56,46.02,2.03,0.00973,0.00697,0.00727
41.3,28.78,202310,11.52,0.52,49.57,0.64,0.0067,0.0075,0.00229
41.3,28.78,202311,6.49,0.41,68.19,8.01,0.00378,0.01032,0.02869
41.3,28.78,202312,4.82,0.38,64.93,2.73,0.0028,0.00983,0.00978
41.32,28.09,202301,5.51,0.38,69.94,0.94,0.00321,0.01059,0.00337
41.32,28.09,202302,8.89,0.45,66.0,1.2,0.00517,0.00999,0.0043
41.32,28.09,202303,11.1,0.41,71.25,2.13,0.00646,0.01079,0.00763
41.32,28.09,202304,15.63,0.45,72.39,2.93,0.00909,0.01096,0.01049
41.32,28.09,202305,18.84,0.48,71.78,1.08,0.01096,0.01087,0.00387
41.32,28.09,202306,24.01,0.58,45.28,0.72,0.01397,0.00686,0.00258
41.32,28.09,202307,26.15,0.65,23.83,0.41,0.01521,0.00361,0.00147
41.32,28.09,202308,21.47,0.59,31.41,0.23,0.01249,0.00476,0.00082
41.32,28.09,202309,16.72,0.56,46.02,1.46,0.00973,0.00697,0.00523
41.32,28.09,202310,11.52,0.52,49.57,0.39,0.0067,0.0075,0.0014
41.32,28.09,202311,6.49,0.41,68.19,6.69,0.00378,0.01032,0.02396
41.32,28.09,202312,4.82,0.38,64.93,2.67,0.0028,0.00983,0.00956
41.32,28.12,202301,5.51,0.38,69.94,0.94,0.00321,0.01059,0.00337
41.32,28.12,202302,8.89,0.45,66.0,1.2,0.00517,0.00999,0.0043
41.32,28.12,202303,11.1,0.41,71.25,2.13,0.00646,0.01079,0.00763
41.32,28.12,202304,15.63,0.45,72.39,2.93,0.00909,0.01096,0.01049
41.32,28.12,202305,18.84,0.48,71.78,1.08,0.01096,0.01087,0.00387
41.32,28.12,202306,24.01,0.58,45.28,0.72,0.01397,0.00686,0.00258
41.32,28.12,202307,26.15,0.65,23.83,0.41,0.01521,0.00361,0.00147
41.32,28.12,202308,21.47,0.59,31.41,0.23,0.01249,0.00476,0.00082
41.32,28.12,202309,16.72,0.56,46.02,1.46,0.00973,0.00697,0.00523
41.32,28.12,202310,11.52,0.52,49.57,0.39,0.0067,0.0075,0.0014
41.32,28.12,202311,6.49,0.41,68.19,6.69,0.00378,0.01032,0.02396
41.32,28.12,202312,4.82,0.38,64.93,2.67,0.0028,0.00983,0.00956
41.32,28.15,202301,5.51,0.38,69.94,0.94,0.00321,0.01059,0.00337
41.32,28.15,202302,8.89,0.45,66.0,1.2,0.00517,0.00999,0.0043
41.32,28.15,202303,11.1,0.41,71.25,2.13,0.00646,0.01079,0.00763
41.32,28.15,202304,15.63,0.45,72.39,2.93,0.00909,0.01096,0.01049
41.32,28.15,202305,18.84,0.48,71.78,1.08,0.01096,0.01087,0.00387
41.32,28.15,202306,24.01,0.58,45.28,0.72,0.01397,0.00686,0.00258
41.32,28.15,202307,26.15,0.65,23.83,0.41,0.01521,0.00361,0.00147
41.32,28.15,202308,21.47,0.59,31.41,0.23,0.01249,0.00476,0.00082
41.32,28.15,202309,16.72,0.56,46.02,1.46,0.00973,0.00697,0.00523
41.32,28.15,202310,11.52,0.52,49.57,0.39,0.0067,0.0075,0.0014
41.32,28.15,202311,6.49,0.41,68.19,6.69,0.00378,0.01032,0.02396
41.32,28.15,202312,4.82,0.38,64.93,2.67,0.0028,0.00983,0.00956
41.32,28.18,202301,5.51,0.38,69.94,0.94,0.00321,0.01059,0.00337
41.32,28.18,202302,8.89,0.45,66.0,1.2,0.00517,0.00999,0.0043
41.32,28.18,202303,11.1,0.41,71.25,2.13,0.00646,0.01079,0.00763
41.32,28.18,202304,15.63,0.45,72.39,2.93,0.00909,0.01096,0.01049
41.32,28.18,202305,18.84,0.48,71.78,1.08,0.01096,0.01087,0.00387
41.32,28.18,202306,24.01,0.58,45.28,0.72,0.01397,0.00686,0.00258
41.32,28.18,202307,26.15,0.65,23.83,0.41,0.01521,0.00361,0.00147
41.32,28.18,202308,21.47,0.59,31.41,0.23,0.01249,0.00476,0.00082
41.32,28.18,202309,16.72,0.56,46.02,1.46,0.00973,0.00697,0.00523
41.32,28.18,202310,11.52,0.52,49.57,0.39,0.0067,0.0075,0.0014
41.32,28.18,202311,6.49,0.41,68.19,6.69,0.00378,0.01032,0.02396
41.32,28.18,202312,4.82,0.38,64.93,2.67,0.0028,0.00983,0.00956
41.32,28.21,202301,5.51,0.38,69.94,0.94,0.00321,0.01059,0.00337
41.32,28.21,202302,8.89,0.45,66.0,1.2,0.00517,0.00999,0.0043
41.32,28.21,202303,11.1,0.41,71.25,2.13,0.00646,0.01079,0.00763
41.32,28.21,202304,15.63,0.45,72.39,2.93,0.00909,0.01096,0.01049
41.32,28.21,202305,18.84,0.48,71.78,1.08,0.01096,0.01087,0.00387
41.32,28.21,202306,24.01,0.58,45.28,0.72,0.01397,0.00686,0.00258
41.32,28.21,202307,26.15,0.65,23.83,0.41,0.01521,0.00361,0.00147
41.32,28.21,202308,21.47,0.59,31.41,0.23,0.01249,0.00476,0.00082
41.32,28.21,202309,16.72,0.56,46.02,1.46,0.00973,0.00697,0.00523
41.32,28.21,202310,11.52,0.52,49.57,0.39,0.0067,0.0075,0.0014
41.32,28.21,202311,6.49,0.41,68.19,6.69,0.00378,0.01032,0.02396
41.32,28.21,202312,4.82,0.38,64.93,2.67,0.0028,0.00983,0.00956
41.32,28.24,202301,5.51,0.38,69.94,0.94,0.00321,0.01059,0.00337
41.32,28.24,202302,8.89,0.45,66.0,1.2,0.00517,0.00999,0.0043
41.32,28.24,202303,11.1,0.41,71.25,2.13,0.00646,0.01079,0.00763
41.32,28.24,202304,15.63,0.45,72.39,2.93,0.00909,0.01096,0.01049
41.32,28.24,202305,18.84,0.48,71.78,1.08,0.01096,0.01087,0.00387
41.32,28.24,202306,24.01,0.58,45.28,0.72,0.01397,0.00686,0.00258
41.32,28.24,202307,26.15,0.65,23.83,0.41,0.01521,0.00361,0.00147
41.32,28.24,202308,21.47,0.59,31.41,0.23,0.01249,0.00476,0.00082
41.32,28.24,202309,16.72,0.56,46.02,1.46,0.00973,0.00697,0.00523
41.32,28.24,202310,11.52,0.52,49.57,0.39,0.0067,0.0075,0.0014
41.32,28.24,202311,6.49,0.41,68.19,6.69,0.00378,0.01032,0.02396
41.32,28.24,202312,4.82,0.38,64.93,2.67,0.0028,0.00983,0.00956
41.32,28.27,202301,5.51,0.38,69.94,0.94,0.00321,0.01059,0.00337
41.32,28.27,202302,8.89,0.45,66.0,1.2,0.00517,0.00999,0.0043
41.32,28.27,202303,11.1,0.41,71.25,2.13,0.00646,0.01079,0.00763
41.32,28.27,202304,15.63,0.45,72.39,2.93,0.00909,0.01096,0.01049
41.32,28.27,202305,18.84,0.48,71.78,1.08,0.01096,0.01087,0.00387
41.32,28.27,202306,24.01,0.58,45.28,0.72,0.01397,0.00686,0.00258
41.32,28.27,202307,26.15,0.65,23.83,0.41,0.01521,0.00361,0.00147
41.32,28.27,202308,21.47,0.59,31.41,0.23,0.01249,0.00476,0.00082
41.32,28.27,202309,16.72,0.56,46.02,1.46,0.00973,0.00697,0.00523
41.32,28.27,202310,11.52,0.52,49.57,0.39,0.0067,0.0075,0.0014
41.32,28.27,202311,6.49,0.41,68.19,6.69,0.00378,0.01032,0.02396
41.32,28.27,202312,4.82,0.38,64.93,2.67,0.0028,0.00983,0.00956
41.32,28.3,202301,5.51,0.38,69.94,0.94,0.00321,0.01059,0.00337
41.32,28.3,202302,8.89,0.45,66.0,1.2,0.00517,0.00999,0.0043
41.32,28.3,202303,11.1,0.41,71.25,2.13,0.00646,0.01079,0.00763
41.32,28.3,202304,15.63,0.45,72.39,2.93,0.00909,0.01096,0.01049
41.32,28.3,202305,18.84,0.48,71.78,1.08,0.01096,0.01087,0.00387
41.32,28.3,202306,24.01,0.58,45.28,0.72,0.01397,0.00686,0.00258
41.32,28.3,202307,26.15,0.65,23.83,0.41,0.01521,0.00361,0.00147
41.32,28.3,202308,21.47,0.59,31.41,0.23,0.01249,0.00476,0.00082
41.32,28.3,202309,16.72,0.56,46.02,1.46,0.00973,0.00697,0.00523
41.32,28.3,202310,11.52,0.52,49.57,0.39,0.0067,0.0075,0.0014
41.32,28.3,202311,6.49,0.41,68.19,6.69,0.00378,0.01032,0.02396
41.32,28.3,202312,4.82,0.38,64.93,2.67,0.0028,0.00983,0.00956
41.32,28.33,202301,5.51,0.38,69.94,0.94,0.00321,0.01059,0.00337
41.32,28.33,202302,8.89,0.45,66.0,1.2,0.00517,0.00999,0.0043
41.32,28.33,202303,11.1,0.41,71.25,2.13,0.00646,0.01079,0.00763
41.32,28.33,202304,15.63,0.45,72.39,2.93,0.00909,0.01096,0.01049
41.32,28.33,202305,18.84,0.48,71.78,1.08,0.01096,0.01087,0.00387
41.32,28.33,202306,24.01,0.58,45.28,0.72,0.01397,0.00686,0.00258
41.32,28.33,202307,26.15,0.65,23.83,0.41,0.01521,0.00361,0.00147
41.32,28.33,202308,21.47,0.59,31.41,0.23,0.01249,0.00476,0.00082
41.32,28.33,202309,16.72,0.56,46.02,1.46,0.00973,0.00697,0.00523
41.32,28.33,202310,11.52,0.52,49.57,0.39,0.0067,0.0075,0.0014
41.32,28.33,202311,6.49,0.41,68.19,6.69,0.00378,0.01032,0.02396
41.32,28.33,202312,4.82,0.38,64.93,2.67,0.0028,0.00983,0.00956
41.32,28.36,202301,5.51,0.38,69.94,0.94,0.00321,0.01059,0.00337
41.32,28.36,202302,8.89,0.45,66.0,1.2,0.00517,0.00999,0.0043
41.32,28.36,202303,11.1,0.41,71.25,2.13,0.00646,0.01079,0.00763
41.32,28.36,202304,15.63,0.45,72.39,2.93,0.00909,0.01096,0.01049
41.32,28.36,202305,18.84,0.48,71.78,1.08,0.01096,0.01087,0.00387
41.32,28.36,202306,24.01,0.58,45.28,0.72,0.01397,0.00686,0.00258
41.32,28.36,202307,26.15,0.65,23.83,0.41,0.01521,0.00361,0.00147
41.32,28.36,202308,21.47,0.59,31.41,0.23,0.01249,0.00476,0.00082
41.32,28.36,202309,16.72,0.56,46.02,1.46,0.00973,0.00697,0.00523
41.32,28.36,202310,11.52,0.52,49.57,0.39,0.0067,0.0075,0.0014
41.32,28.36,202311,6.49,0.41,68.19,6.69,0.00378,0.01032,0.02396
41.32,28.36,202312,4.82,0.38,64.93,2.67,0.0028,0.00983,0.00956
41.32,28.39,202301,5.51,0.38,69.94,0.94,0.00321,0.01059,0.00337
41.32,28.39,202302,8.89,0.45,66.0,1.2,0.00517,0.00999,0.0043
41.32,28.39,202303,11.1,0.41,71.25,2.13,0.00646,0.01079,0.00763
41.32,28.39,202304,15.63,0.45,72.39,2.93,0.00909,0.01096,0.01049
41.32,28.39,202305,18.84,0.48,71.78,1.08,0.01096,0.01087,0.00387
41.32,28.39,202306,24.01,0.58,45.28,0.72,0.01397,0.00686,0.00258
41.32,28.39,202307,26.15,0.65,23.83,0.41,0.01521,0.00361,0.00147
41.32,28.39,202308,21.47,0.59,31.41,0.23,0.01249,0.00476,0.00082
41.32,28.39,202309,16.72,0.56,46.02,1.46,0.00973,0.00697,0.00523
41.32,28.39,202310,11.52,0.52,49.57,0.39,0.0067,0.0075,0.0014
41.32,28.39,202311,6.49,0.41,68.19,6.69,0.00378,0.01032,0.02396
41.32,28.39,202312,4.82,0.38,64.93,2.67,0.0028,0.00983,0.00956
41.32,28.42,202301,5.51,0.38,69.94,0.94,0.00321,0.01059,0.00337
41.32,28.42,202302,8.89,0.45,66.0,1.2,0.00517,0.00999,0.0043
41.32,28.42,202303,11.1,0.41,71.25,2.13,0.00646,0.01079,0.00763
41.32,28.42,202304,15.63,0.45,72.39,2.93,0.00909,0.01096,0.01049
41.32,28.42,202305,18.84,0.48,71.78,1.08,0.01096,0.01087,0.00387
41.32,28.42,202306,24.01,0.58,45.28,0.72,0.01397,0.00686,0.00258
41.32,28.42,202307,26.15,0.65,23.83,0.41,0.01521,0.00361,0.00147
41.32,28.42,202308,21.47,0.59,31.41,0.23,0.01249,0.00476,0.00082
41.32,28.42,202309,16.72,0.56,46.02,1.46,0.00973,0.00697,0.00523
41.32,28.42,202310,11.52,0.52,49.57,0.39,0.0067,0.0075,0.0014
41.32,28.42,202311,6.49,0.41,68.19,6.69,0.00378,0.01032,0.02396
41.32,28.42,202312,4.82,0.38,64.93,2.67,0.0028,0.00983,0.00956
41.32,28.45,202301,5.51,0.38,69.94,1.04,0.00321,0.01059,0.00372
41.32,28.45,202302,8.89,0.45,66.0,1.93,0.00517,0.00999,0.00691
41.32,28.45,202303,11.1,0.41,71.25,2.63,0.00646,0.01079,0.00942
41.32,28.45,202304,15.63,0.45,72.39,2.79,0.00909,0.01096,0.00999
41.32,28.45,202305,18.84,0.48,71.78,1.09,0.01096,0.01087,0.0039
41.32,28.45,202306,24.01,0.58,45.28,0.55,0.01397,0.00686,0.00197
41.32,28.45,202307,26.15,0.65,23.83,0.34,0.01521,0.00361,0.00122
41.32,28.45,202308,21.47,0.59,31.41,0.25,0.01249,0.00476,0.0009
41.32,28.45,202309,16.72,0.56,46.02,2.03,0.00973,0.00697,0.00727
41.32,28.45,202310,11.52,0.52,49.57,0.64,0.0067,0.0075,0.00229
41.32,28.45,202311,6.49,0.41,68.19,8.01,0.00378,0.01032,0.02869
41.32,28.45,202312,4.82,0.38,64.93,2.73,0.0028,0.00983,0.00978
41.32,28.48,202301,5.51,0.38,69.94,1.04,0.00321,0.01059,0.00372
41.32,28.48,202302,8.89,0.45,66.0,1.93,0.00517,0.00999,0.00691
41.32,28.48,202303,11.1,0.41,71.25,2.63,0.00646,0.01079,0.00942
41.32,28.48,202304,15.63,0.45,72.39,2.79,0.00909,0.01096,0.00999
41.32,28.48,202305,18.84,0.48,71.78,1.09,0.01096,0.01087,0.0039
41.32,28.48,202306,24.01,0.58,45.28,0.55,0.01397,0.00686,0.00197
41.32,28.48,202307,26.15,0.65,23.83,0.34,0.01521,0.00361,0.00122
41.32,28.48,202308,21.47,0.59,31.41,0.25,0.01249,0.00476,0.0009
41.32,28.48,202309,16.72,0.56,46.02,2.03,0.00973,0.00697,0.00727
41.32,28.48,202310,11.52,0.52,49.57,0.64,0.0067,0.0075,0.00229
41.32,28.48,202311,6.49,0.41,68.19,8.01,0.00378,0.01032,0.02869
41.32,28.48,202312,4.82,0.38,64.93,2.73,0.0028,0.00983,0.00978
41.32,28.51,202301,5.51,0.38,69.94,1.04,0.00321,0.01059,0.00372
41.32,28.51,202302,8.89,0.45,66.0,1.93,0.00517,0.00999,0.00691
41.32,28.51,202303,11.1,0.41,71.25,2.63,0.00646,0.01079,0.00942
41.32,28.51,202304,15.63,0.45,72.39,2.79,0.00909,0.01096,0.00999
41.32,28.51,202305,18.84,0.48,71.78,1.09,0.01096,0.01087,0.0039
41.32,28.51,202306,24.01,0.58,45.28,0.55,0.01397,0.00686,0.00197
41.32,28.51,202307,26.15,0.65,23.83,0.34,0.01521,0.00361,0.00122
41.32,28.51,202308,21.47,0.59,31.41,0.25,0.01249,0.00476,0.0009
41.32,28.51,202309,16.72,0.56,46.02,2.03,0.00973,0.00697,0.00727
41.32,28.51,202310,11.52,0.52,49.57,0.64,0.0067,0.0075,0.00229
41.32,28.51,202311,6.49,0.41,68.19,8.01,0.00378,0.01032,0.02869
41.32,28.51,202312,4.82,0.38,64.93,2.73,0.0028,0.00983,0.00978
41.32,28.54,202301,5.51,0.38,69.94,1.04,0.00321,0.01059,0.00372
41.32,28.54,202302,8.89,0.45,66.0,1.93,0.00517,0.00999,0.00691
41.32,28.54,202303,11.1,0.41,71.25,2.63,0.00646,0.01079,0.00942
41.32,28.54,202304,15.63,0.45,72.39,2.79,0.00909,0.01096,0.00999
41.32,28.54,202305,18.84,0.48,71.78,1.09,0.01096,0.01087,0.0039
41.32,28.54,202306,24.01,0.58,45.28,0.55,0.01397,0.00686,0.00197
41.32,28.54,202307,26.15,0.65,23.83,0.34,0.01521,0.00361,0.00122
41.32,28.54,202308,21.47,0.59,31.41,0.25,0.01249,0.00476,0.0009
41.32,28.54,202309,16.72,0.56,46.02,2.03,0.00973,0.00697,0.00727
41.32,28.54,202310,11.52,0.52,49.57,0.64,0.0067,0.0075,0.00229
41.32,28.54,202311,6.49,0.41,68.19,8.01,0.00378,0.01032,0.02869
41.32,28.54,202312,4.82,0.38,64.93,2.73,0.0028,0.00983,0.00978
41.32,28.57,202301,5.51,0.38,69.94,1.04,0.00321,0.01059,0.00372
41.32,28.57,202302,8.89,0.45,66.0,1.93,0.00517,0.00999,0.00691
41.32,28.57,202303,11.1,0.41,71.25,2.63,0.00646,0.01079,0.00942
41.32,28.57,202304,15.63,0.45,72.39,2.79,0.00909,0.01096,0.00999
41.32,28.57,202305,18.84,0.48,71.78,1.09,0.01096,0.01087,0.0039
41.32,28.57,202306,24.01,0.58,45.28,0.55,0.01397,0.00686,0.00197
41.32,28.57,202307,26.15,0.65,23.83,0.34,0.01521,0.00361,0.00122
41.32,28.57,202308,21.47,0.59,31.41,0.25,0.01249,0.00476,0.0009
41.32,28.57,202309,16.72,0.56,46.02,2.03,0.00973,0.00697,0.00727
41.32,28.57,202310,11.52,0.52,49.57,0.64,0.0067,0.0075,0.00229
41.32,28.57,202311,6.49,0.41,68.19,8.01,0.00378,0.01032,0.02869
41.32,28.57,202312,4.82,0.38,64.93,2.73,0.0028,0.00983,0.00978
41.32,28.6,202301,5.51,0.38,69.94,1.04,0.00321,0.01059,0.00372
41.32,28.6,202302,8.89,0.45,66.0,1.93,0.00517,0.00999,0.00691
41.32,28.6,202303,11.1,0.41,71.25,2.63,0.00646,0.01079,0.00942
41.32,28.6,202304,15.63,0.45,72.39,2.79,0.00909,0.01096,0.00999
41.32,28.6,202305,18.84,0.48,71.78,1.09,0.01096,0.01087,0.0039
41.32,28.6,202306,24.01,0.58,45.28,0.55,0.01397,0.00686,0.00197
41.32,28.6,202307,26.15,0.65,23.83,0.34,0.01521,0.00361,0.00122
41.32,28.6,202308,21.47,0.59,31.41,0.25,0.01249,0.00476,0.0009
41.32,28.6,202309,16.72,0.56,46.02,2.03,0.00973,0.00697,0.00727
41.32,28.6,202310,11.52,0.52,49.57,0.64,0.0067,0.0075,0.00229
41.32,28.6,202311,6.49,0.41,68.19,8.01,0.00378,0.01032,0.02869
41.32,28.6,202312,4.82,0.38,64.93,2.73,0.0028,0.00983,0.00978
41.32,28.63,202301,5.51,0.38,69.94,1.04,0.00321,0.01059,0.00372
41.32,28.63,202302,8.89,0.45,66.0,1.93,0.00517,0.00999,0.00691
41.32,28.63,202303,11.1,0.41,71.25,2.63,0.00646,0.01079,0.00942
41.32,28.63,202304,15.63,0.45,72.39,2.79,0.00909,0.01096,0.00999
41.32,28.63,202305,18.84,0.48,71.78,1.09,0.01096,0.01087,0.0039
41.32,28.63,202306,24.01,0.58,45.28,0.55,0.01397,0.00686,0.00197
41.32,28.63,202307,26.15,0.65,23.83,0.34,0.01521,0.00361,0.00122
41.32,28.63,202308,21.47,0.59,31.41,0.25,0.01249,0.00476,0.0009
41.32,28.63,202309,16.72,0.56,46.02,2.03,0.00973,0.00697,0.00727
41.32,28.63,202310,11.52,0.52,49.57,0.64,0.0067,0.0075,0.00229
41.32,28.63,202311,6.49,0.41,68.19,8.01,0.00378,0.01032,0.02869
41.32,28.63,202312,4.82,0.38,64.93,2.73,0.0028,0.00983,0.00978
41.32,28.66,202301,5.51,0.38,69.94,1.04,0.00321,0.01059,0.00372
41.32,28.66,202302,8.89,0.45,66.0,1.93,0.00517,0.00999,0.00691
41.32,28.66,202303,11.1,0.41,71.25,2.63,0.00646,0.01079,0.00942
41.32,28.66,202304,15.63,0.45,72.39,2.79,0.00909,0.01096,0.00999
41.32,28.66,202305,18.84,0.48,71.78,1.09,0.01096,0.01087,0.0039
41.32,28.66,202306,24.01,0.58,45.28,0.55,0.01397,0.00686,0.00197
41.32,28.66,202307,26.15,0.65,23.83,0.34,0.01521,0.00361,0.00122
41.32,28.66,202308,21.47,0.59,31.41,0.25,0.01249,0.00476,0.0009
41.32,28.66,202309,16.72,0.56,46.02,2.03,0.00973,0.00697,0.00727
41.32,28.66,202310,11.52,0.52,49.57,0.64,0.0067,0.0075,0.00229
41.32,28.66,202311,6.49,0.41,68.19,8.01,0.00378,0.01032,0.02869
41.32,28.66,202312,4.82,0.38,64.93,2.73,0.0028,0.00983,0.00978
41.32,28.69,202301,5.51,0.38,69.94,1.04,0.00321,0.01059,0.00372
41.32,28.69,202302,8.89,0.45,66.0,1.93,0.00517,0.00999,0.00691
41.32,28.69,202303,11.1,0.41,71.25,2.63,0.00646,0.01079,0.00942
41.32,28.69,202304,15.63,0.45,72.39,2.79,0.00909,0.01096,0.00999
41.32,28.69,202305,18.84,0.48,71.78,1.09,0.01096,0.01087,0.0039
41.32,28.69,202306,24.01,0.58,45.28,0.55,0.01397,0.00686,0.00197
41.32,28.69,202307,26.15,0.65,23.83,0.34,0.01521,0.00361,0.00122
41.32,28.69,202308,21.47,0.59,31.41,0.25,0.01249,0.00476,0.0009
41.32,28.69,202309,16.72,0.56,46.02,2.03,0.00973,0.00697,0.00727
41.32,28.69,202310,11.52,0.52,49.57,0.64,0.0067,0.0075,0.00229
41.32,28.69,202311,6.49,0.41,68.19,8.01,0.00378,0.01032,0.02869
41.32,28.69,202312,4.82,0.38,64.93,2.73,0.0028,0.00983,0.00978
41.32,28.72,202301,5.51,0.38,69.94,1.04,0.00321,0.01059,0.00372
41.32,28.72,202302,8.89,0.45,66.0,1.93,0.00517,0.00999,0.00691
41.32,28.72,202303,11.1,0.41,71.25,2.63,0.00646,0.01079,0.00942
41.32,28.72,202304,15.63,0.45,72.39,2.79,0.00909,0.01096,0.00999
41.32,28.72,202305,18.84,0.48,71.78,1.09,0.01096,0.01087,0.0039
41.32,28.72,202306,24.01,0.58,45.28,0.55,0.01397,0.00686,0.00197
41.32,28.72,202307,26.15,0.65,23.83,0.34,0.01521,0.00361,0.00122
41.32,28.72,202308,21.47,0.59,31.41,0.25,0.01249,0.00476,0.0009
41.32,28.72,202309,16.72,0.56,46.02,2.03,0.00973,0.00697,0.00727
41.32,28.72,202310,11.52,0.52,49.57,0.64,0.0067,0.0075,0.00229
41.32,28.72,202311,6.49,0.41,68.19,8.01,0.00378,0.01032,0.02869
41.32,28.72,202312,4.82,0.38,64.93,2.73,0.0028,0.00983,0.00978
41.34,28.09,202301,5.51,0.38,69.94,0.94,0.00321,0.01059,0.00337
41.34,28.09,202302,8.89,0.45,66.0,1.2,0.00517,0.00999,0.0043
41.34,28.09,202303,11.1,0.41,71.25,2.13,0.00646,0.01079,0.00763
41.34,28.09,202304,15.63,0.45,72.39,2.93,0.00909,0.01096,0.01049
41.34,28.09,202305,18.84,0.48,71.78,1.08,0.01096,0.01087,0.00387
41.34,28.09,202306,24.01,0.58,45.28,0.72,0.01397,0.00686,0.00258
41.34,28.09,202307,26.15,0.65,23.83,0.41,0.01521,0.00361,0.00147
41.34,28.09,202308,21.47,0.59,31.41,0.23,0.01249,0.00476,0.00082
41.34,28.09,202309,16.72,0.56,46.02,1.46,0.00973,0.00697,0.00523
41.34,28.09,202310,11.52,0.52,49.57,0.39,0.0067,0.0075,0.0014
41.34,28.09,202311,6.49,0.41,68.19,6.69,0.00378,0.01032,0.02396
41.34,28.09,202312,4.82,0.38,64.93,2.67,0.0028,0.00983,0.00956
41.34,28.12,202301,5.51,0.38,69.94,0.94,0.00321,0.01059,0.00337
41.34,28.12,202302,8.89,0.45,66.0,1.2,0.00517,0.00999,0.0043
41.34,28.12,202303,11.1,0.41,71.25,2.13,0.00646,0.01079,0.00763
41.34,28.12,202304,15.63,0.45,72.39,2.93,0.00909,0.01096,0.01049
41.34,28.12,202305,18.84,0.48,71.78,1.08,0.01096,0.01087,0.00387
41.34,28.12,202306,24.01,0.58,45.28,0.72,0.01397,0.00686,0.00258
41.34,28.12,202307,26.15,0.65,23.83,0.41,0.01521,0.00361,0.00147
41.34,28.12,202308,21.47,0.59,31.41,0.23,0.01249,0.00476,0.00082
41.34,28.12,202309,16.72,0.56,46.02,1.46,0.00973,0.00697,0.00523
41.34,28.12,202310,11.52,0.52,49.57,0.39,0.0067,0.0075,0.0014
41.34,28.12,202311,6.49,0.41,68.19,6.69,0.00378,0.01032,0.02396
41.34,28.12,202312,4.82,0.38,64.93,2.67,0.0028,0.00983,0.00956
41.34,28.15,202301,5.51,0.38,69.94,0.94,0.00321,0.01059,0.00337
41.34,28.15,202302,8.89,0.45,66.0,1.2,0.00517,0.00999,0.0043
41.34,28.15,202303,11.1,0.41,71.25,2.13,0.00646,0.01079,0.00763
41.34,28.15,202304,15.63,0.45,72.39,2.93,0.00909,0.01096,0.01049
41.34,28.15,202305,18.84,0.48,71.78,1.08,0.01096,0.01087,0.00387
41.34,28.15,202306,24.01,0.58,45.28,0.72,0.01397,0.00686,0.00258
41.34,28.15,202307,26.15,0.65,23.83,0.41,0.01521,0.00361,0.00147
41.34,28.15,202308,21.47,0.59,31.41,0.23,0.01249,0.00476,0.00082
41.34,28.15,202309,16.72,0.56,46.02,1.46,0.00973,0.00697,0.00523
41.34,28.15,202310,11.52,0.52,49.57,0.39,0.0067,0.0075,0.0014
41.34,28.15,202311,6.49,0.41,68.19,6.69,0.00378,0.01032,0.02396
41.34,28.15,202312,4.82,0.38,64.93,2.67,0.0028,0.00983,0.00956
41.34,28.18,202301,5.51,0.38,69.94,0.94,0.00321,0.01059,0.00337
41.34,28.18,202302,8.89,0.45,66.0,1.2,0.00517,0.00999,0.0043
41.34,28.18,202303,11.1,0.41,71.25,2.13,0.00646,0.01079,0.00763
41.34,28.18,202304,15.63,0.45,72.39,2.93,0.00909,0.01096,0.01049
41.34,28.18,202305,18.84,0.48,71.78,1.08,0.01096,0.01087,0.00387
41.34,28.18,202306,24.01,0.58,45.28,0.72,0.01397,0.00686,0.00258
41.34,28.18,202307,26.15,0.65,23.83,0.41,0.01521,0.00361,0.00147
41.34,28.18,202308,21.47,0.59,31.41,0.23,0.01249,0.00476,0.00082
41.34,28.18,202309,16.72,0.56,46.02,1.46,0.00973,0.00697,0.00523
41.34,28.18,202310,11.52,0.52,49.57,0.39,0.0067,0.0075,0.0014
41.34,28.18,202311,6.49,0.41,68.19,6.69,0.00378,0.01032,0.02396
41.34,28.18,202312,4.82,0.38,64.93,2.67,0.0028,0.00983,0.00956
41.34,28.21,202301,5.51,0.38,69.94,0.94,0.00321,0.01059,0.00337
41.34,28.21,202302,8.89,0.45,66.0,1.2,0.00517,0.00999,0.0043
41.34,28.21,202303,11.1,0.41,71.25,2.13,0.00646,0.01079,0.00763
41.34,28.21,202304,15.63,0.45,72.39,2.93,0.00909,0.01096,0.01049
41.34,28.21,202305,18.84,0.48,71.78,1.08,0.01096,0.01087,0.00387
41.34,28.21,202306,24.01,0.58,45.28,0.72,0.01397,0.00686,0.00258
41.34,28.21,202307,26.15,0.65,23.83,0.41,0.01521,0.00361,0.00147
41.34,28.21,202308,21.47,0.59,31.41,0.23,0.01249,0.00476,0.00082
41.34,28.21,202309,16.72,0.56,46.02,1.46,0.00973,0.00697,0.00523
41.34,28.21,202310,11.52,0.52,49.57,0.39,0.0067,0.0075,0.0014
41.34,28.21,202311,6.49,0.41,68.19,6.69,0.00378,0.01032,0.02396
41.34,28.21,202312,4.82,0.38,64.93,2.67,0.0028,0.00983,0.00956
41.34,28.24,202301,5.51,0.38,69.94,0.94,0.00321,0.01059,0.00337
41.34,28.24,202302,8.89,0.45,66.0,1.2,0.00517,0.00999,0.0043
41.34,28.24,202303,11.1,0.41,71.25,2.13,0.00646,0.01079,0.00763
41.34,28.24,202304,15.63,0.45,72.39,2.93,0.00909,0.01096,0.01049
41.34,28.24,202305,18.84,0.48,71.78,1.08,0.01096,0.01087,0.00387
41.34,28.24,202306,24.01,0.58,45.28,0.72,0.01397,0.00686,0.00258
41.34,28.24,202307,26.15,0.65,23.83,0.41,0.01521,0.00361,0.00147
41.34,28.24,202308,21.47,0.59,31.41,0.23,0.01249,0.00476,0.00082
41.34,28.24,202309,16.72,0.56,46.02,1.46,0.00973,0.00697,0.00523
41.34,28.24,202310,11.52,0.52,49.57,0.39,0.0067,0.0075,0.0014
41.34,28.24,202311,6.49,0.41,68.19,6.69,0.00378,0.01032,0.02396
41.34,28.24,202312,4.82,0.38,64.93,2.67,0.0028,0.00983,0.00956
41.34,28.27,202301,5.51,0.38,69.94,0.94,0.00321,0.01059,0.00337
41.34,28.27,202302,8.89,0.45,66.0,1.2,0.00517,0.00999,0.0043
41.34,28.27,202303,11.1,0.41,71.25,2.13,0.00646,0.01079,0.00763
41.34,28.27,202304,15.63,0.45,72.39,2.93,0.00909,0.01096,0.01049
41.34,28.27,202305,18.84,0.48,71.78,1.08,0.01096,0.01087,0.00387
41.34,28.27,202306,24.01,0.58,45.28,0.72,0.01397,0.00686,0.00258
41.34,28.27,202307,26.15,0.65,23.83,0.41,0.01521,0.00361,0.00147
41.34,28.27,202308,21.47,0.59,31.41,0.23,0.01249,0.00476,0.00082
41.34,28.27,202309,16.72,0.56,46.02,1.46,0.00973,0.00697,0.00523
41.34,28.27,202310,11.52,0.52,49.57,0.39,0.0067,0.0075,0.0014
41.34,28.27,202311,6.49,0.41,68.19,6.69,0.00378,0.01032,0.02396
41.34,28.27,202312,4.82,0.38,64.93,2.67,0.0028,0.00983,0.00956
41.34,28.3,202301,5.51,0.38,69.94,0.94,0.00321,0.01059,0.00337
41.34,28.3,202302,8.89,0.45,66.0,1.2,0.00517,0.00999,0.0043
41.34,28.3,202303,11.1,0.41,71.25,2.13,0.00646,0.01079,0.00763
41.34,28.3,202304,15.63,0.45,72.39,2.93,0.00909,0.01096,0.01049
41.34,28.3,202305,18.84,0.48,71.78,1.08,0.01096,0.01087,0.00387
41.34,28.3,202306,24.01,0.58,45.28,0.72,0.01397,0.00686,0.00258
41.34,28.3,202307,26.15,0.65,23.83,0.41,0.01521,0.00361,0.00147
41.34,28.3,202308,21.47,0.59,31.41,0.23,0.01249,0.00476,0.00082
41.34,28.3,202309,16.72,0.56,46.02,1.46,0.00973,0.00697,0.00523
41.34,28.3,202310,11.52,0.52,49.57,0.39,0.0067,0.0075,0.0014
41.34,28.3,202311,6.49,0.41,68.19,6.69,0.00378,0.01032,0.02396
41.34,28.3,202312,4.82,0.38,64.93,2.67,0.0028,0.00983,0.00956
41.34,28.33,202301,5.51,0.38,69.94,0.94,0.00321,0.01059,0.00337
41.34,28.33,202302,8.89,0.45,66.0,1.2,0.00517,0.00999,0.0043
41.34,28.33,202303,11.1,0.41,71.25,2.13,0.00646,0.01079,0.00763
41.34,28.33,202304,15.63,0.45,72.39,2.93,0.00909,0.01096,0.01049
41.34,28.33,202305,18.84,0.48,71.78,1.08,0.01096,0.01087,0.00387
41.34,28.33,202306,24.01,0.58,45.28,0.72,0.01397,0.00686,0.00258
41.34,28.33,202307,26.15,0.65,23.83,0.41,0.01521,0.00361,0.00147
41.34,28.33,202308,21.47,0.59,31.41,0.23,0.01249,0.00476,0.00082
41.34,28.33,202309,16.72,0.56,46.02,1.46,0.00973,0.00697,0.00523
41.34,28.33,202310,11.52,0.52,49.57,0.39,0.0067,0.0075,0.0014
41.34,28.33,202311,6.49,0.41,68.19,6.69,0.00378,0.01032,0.02396
41.34,28.33,202312,4.82,0.38,64.93,2.67,0.0028,0.00983,0.00956
41.34,28.36,202301,5.51,0.38,69.94,0.94,0.00321,0.01059,0.00337
41.34,28.36,202302,8.89,0.45,66.0,1.2,0.00517,0.00999,0.0043
41.34,28.36,202303,11.1,0.41,71.25,2.13,0.00646,0.01079,0.00763
41.34,28.36,202304,15.63,0.45,72.39,2.93,0.00909,0.01096,0.01049
41.34,28.36,202305,18.84,0.48,71.78,1.08,0.01096,0.01087,0.00387
41.34,28.36,202306,24.01,0.58,45.28,0.72,0.01397,0.00686,0.00258
41.34,28.36,202307,26.15,0.65,23.83,0.41,0.01521,0.00361,0.00147
41.34,28.36,202308,21.47,0.59,31.41,0.23,0.01249,0.00476,0.00082
41.34,28.36,202309,16.72,0.56,46.02,1.46,0.00973,0.00697,0.00523
41.34,28.36,202310,11.52,0.52,49.57,0.39,0.0067,0.0075,0.0014
41.34,28.36,202311,6.49,0.41,68.19,6.69,0.00378,0.01032,0.02396
41.34,28.36,202312,4.82,0.38,64.93,2.67,0.0028,0.00983,0.00956
41.34,28.39,202301,5.51,0.38,69.94,0.94,0.00321,0.01059,0.00337
41.34,28.39,202302,8.89,0.45,66.0,1.2,0.00517,0.00999,0.0043
41.34,28.39,202303,11.1,0.41,71.25,2.13,0.00646,0.01079,0.00763
41.34,28.39,202304,15.63,0.45,72.39,2.93,0.00909,0.01096,0.01049
41.34,28.39,202305,18.84,0.48,71.78,1.08,0.01096,0.01087,0.00387
41.34,28.39,202306,24.01,0.58,45.28,0.72,0.01397,0.00686,0.00258
41.34,28.39,202307,26.15,0.65,23.83,0.41,0.01521,0.00361,0.00147
41.34,28.39,202308,21.47,0.59,31.41,0.23,0.01249,0.00476,0.00082
41.34,28.39,202309,16.72,0.56,46.02,1.46,0.00973,0.00697,0.00523
41.34,28.39,202310,11.52,0.52,49.57,0.39,0.0067,0.0075,0.0014
41.34,28.39,202311,6.49,0.41,68.19,6.69,0.00378,0.01032,0.02396
41.34,28.39,202312,4.82,0.38,64.93,2.67,0.0028,0.00983,0.00956
41.34,28.42,202301,5.51,0.38,69.94,0.94,0.00321,0.01059,0.00337
41.34,28.42,202302,8.89,0.45,66.0,1.2,0.00517,0.00999,0.0043
41.34,28.42,202303,11.1,0.41,71.25,2.13,0.00646,0.01079,0.00763
41.34,28.42,202304,15.63,0.45,72.39,2.93,0.00909,0.01096,0.01049
41.34,28.42,202305,18.84,0.48,71.78,1.08,0.01096,0.01087,0.00387
41.34,28.42,202306,24.01,0.58,45.28,0.72,0.01397,0.00686,0.00258
41.34,28.42,202307,26.15,0.65,23.83,0.41,0.01521,0.00361,0.00147
41.34,28.42,202308,21.47,0.59,31.41,0.23,0.01249,0.00476,0.00082
41.34,28.42,202309,16.72,0.56,46.02,1.46,0.00973,0.00697,0.00523
41.34,28.42,202310,11.52,0.52,49.57,0.39,0.0067,0.0075,0.0014
41.34,28.42,202311,6.49,0.41,68.19,6.69,0.00378,0.01032,0.02396
41.34,28.42,202312,4.82,0.38,64.93,2.67,0.0028,0.00983,0.00956
41.34,28.45,202301,5.51,0.38,69.94,1.04,0.00321,0.01059,0.00372
41.34,28.45,202302,8.89,0.45,66.0,1.93,0.00517,0.00999,0.00691
41.34,28.45,202303,11.1,0.41,71.25,2.63,0.00646,0.01079,0.00942
41.34,28.45,202304,15.63,0.45,72.39,2.79,0.00909,0.01096,0.00999
41.34,28.45,202305,18.84,0.48,71.78,1.09,0.01096,0.01087,0.0039
41.34,28.45,202306,24.01,0.58,45.28,0.55,0.01397,0.00686,0.00197
41.34,28.45,202307,26.15,0.65,23.83,0.34,0.01521,0.00361,0.00122
41.34,28.45,202308,21.47,0.59,31.41,0.25,0.01249,0.00476,0.0009
41.34,28.45,202309,16.72,0.56,46.02,2.03,0.00973,0.00697,0.00727
41.34,28.45,202310,11.52,0.52,49.57,0.64,0.0067,0.0075,0.00229
41.34,28.45,202311,6.49,0.41,68.19,8.01,0.00378,0.01032,0.02869
41.34,28.45,202312,4.82,0.38,64.93,2.73,0.0028,0.00983,0.00978
41.34,28.48,202301,5.51,0.38,69.94,1.04,0.00321,0.01059,0.00372
41.34,28.48,202302,8.89,0.45,66.0,1.93,0.00517,0.00999,0.00691
41.34,28.48,202303,11.1,0.41,71.25,2.63,0.00646,0.01079,0.00942
41.34,28.48,202304,15.63,0.45,72.39,2.79,0.00909,0.01096,0.00999
41.34,28.48,202305,18.84,0.48,71.78,1.09,0.01096,0.01087,0.0039
41.34,28.48,202306,24.01,0.58,45.28,0.55,0.01397,0.00686,0.00197
41.34,28.48,202307,26.15,0.65,23.83,0.34,0.01521,0.00361,0.00122
41.34,28.48,202308,21.47,0.59,31.41,0.25,0.01249,0.00476,0.0009
41.34,28.48,202309,16.72,0.56,46.02,2.03,0.00973,0.00697,0.00727
41.34,28.48,202310,11.52,0.52,49.57,0.64,0.0067,0.0075,0.00229
41.34,28.48,202311,6.49,0.41,68.19,8.01,0.00378,0.01032,0.02869
41.34,28.48,202312,4.82,0.38,64.93,2.73,0.0028,0.00983,0.00978
41.34,28.51,202301,5.51,0.38,69.94,1.04,0.00321,0.01059,0.00372
41.34,28.51,202302,8.89,0.45,66.0,1.93,0.00517,0.00999,0.00691
41.34,28.51,202303,11.1,0.41,71.25,2.63,0.00646,0.01079,0.00942
41.34,28.51,202304,15.63,0.45,72.39,2.79,0.00909,0.01096,0.00999
41.34,28.51,202305,18.84,0.48,71.78,1.09,0.01096,0.01087,0.0039
41.34,28.51,202306,24.01,0.58,45.28,0.55,0.01397,0.00686,0.00197
41.34,28.51,202307,26.15,0.65,23.83,0.34,0.01521,0.00361,0.00122
41.34,28.51,202308,21.47,0.59,31.41,0.25,0.01249,0.00476,0.0009
41.34,28.51,202309,16.72,0.56,46.02,2.03,0.00973,0.00697,0.00727
41.34,28.51,202310,11.52,0.52,49.57,0.64,0.0067,0.0075,0.00229
41.34,28.51,202311,6.49,0.41,68.19,8.01,0.00378,0.01032,0.02869
41.34,28.51,202312,4.82,0.38,64.93,2.73,0.0028,0.00983,0.00978
41.34,28.54,202301,5.51,0.38,69.94,1.04,0.00321,0.01059,0.00372
41.34,28.54,202302,8.89,0.45,66.0,1.93,0.00517,0.00999,0.00691
41.34,28.54,202303,11.1,0.41,71.25,2.63,0.00646,0.01079,0.00942
41.34,28.54,202304,15.63,0.45,72.39,2.79,0.00909,0.01096,0.00999
41.34,28.54,202305,18.84,0.48,71.78,1.09,0.01096,0.01087,0.0039
41.34,28.54,202306,24.01,0.58,45.28,0.55,0.01397,0.00686,0.00197
41.34,28.54,202307,26.15,0.65,23.83,0.34,0.01521,0.00361,0.00122
41.34,28.54,202308,21.47,0.59,31.41,0.25,0.01249,0.00476,0.0009
41.34,28.54,202309,16.72,0.56,46.02,2.03,0.00973,0.00697,0.00727
41.34,28.54,202310,11.52,0.52,49.57,0.64,0.0067,0.0075,0.00229
41.34,28.54,202311,6.49,0.41,68.19,8.01,0.00378,0.01032,0.02869
41.34,28.54,202312,4.82,0.38,64.93,2.73,0.0028,0.00983,0.00978
41.34,28.57,202301,5.51,0.38,69.94,1.04,0.00321,0.01059,0.00372
41.34,28.57,202302,8.89,0.45,66.0,1.93,0.00517,0.00999,0.00691
41.34,28.57,202303,11.1,0.41,71.25,2.63,0.00646,0.01079,0.00942
41.34,28.57,202304,15.63,0.45,72.39,2.79,0.00909,0.01096,0.00999
41.34,28.57,202305,18.84,0.48,71.78,1.09,0.01096,0.01087,0.0039
41.34,28.57,202306,24.01,0.58,45.28,0.55,0.01397,0.00686,0.00197
41.34,28.57,202307,26.15,0.65,23.83,0.34,0.01521,0.00361,0.00122
41.34,28.57,202308,21.47,0.59,31.41,0.25,0.01249,0.00476,0.0009
41.34,28.57,202309,16.72,0.56,46.02,2.03,0.00973,0.00697,0.00727
41.34,28.57,202310,11.52,0.52,49.57,0.64,0.0067,0.0075,0.00229
41.34,28.57,202311,6.49,0.41,68.19,8.01,0.00378,0.01032,0.02869
41.34,28.57,202312,4.82,0.38,64.93,2.73,0.0028,0.00983,0.00978
41.34,28.6,202301,5.51,0.38,69.94,1.04,0.00321,0.01059,0.00372
41.34,28.6,202302,8.89,0.45,66.0,1.93,0.00517,0.00999,0.00691
41.34,28.6,202303,11.1,0.41,71.25,2.63,0.00646,0.01079,0.00942
41.34,28.6,202304,15.63,0.45,72.39,2.79,0.00909,0.01096,0.00999
41.34,28.6,202305,18.84,0.48,71.78,1.09,0.01096,0.01087,0.0039
41.34,28.6,202306,24.01,0.58,45.28,0.55,0.01397,0.00686,0.00197
41.34,28.6,202307,26.15,0.65,23.83,0.34,0.01521,0.00361,0.00122
41.34,28.6,202308,21.47,0.59,31.41,0.25,0.01249,0.00476,0.0009
41.34,28.6,202309,16.72,0.56,46.02,2.03,0.00973,0.00697,0.00727
41.34,28.6,202310,11.52,0.52,49.57,0.64,0.0067,0.0075,0.00229
41.34,28.6,202311,6.49,0.41,68.19,8.01,0.00378,0.01032,0.02869
41.34,28.6,202312,4.82,0.38,64.93,2.73,0.0028,0.00983,0.00978
41.34,28.63,202301,5.51,0.38,69.94,1.04,0.00321,0.01059,0.00372
41.34,28.63,202302,8.89,0.45,66.0,1.93,0.00517,0.00999,0.00691
41.34,28.63,202303,11.1,0.41,71.25,2.63,0.00646,0.01079,0.00942
41.34,28.63,202304,15.63,0.45,72.39,2.79,0.00909,0.01096,0.00999
41.34,28.63,202305,18.84,0.48,71.78,1.09,0.01096,0.01087,0.0039
41.34,28.63,202306,24.01,0.58,45.28,0.55,0.01397,0.00686,0.00197
41.34,28.63,202307,26.15,0.65,23.83,0.34,0.01521,0.00361,0.00122
41.34,28.63,202308,21.47,0.59,31.41,0.25,0.01249,0.00476,0.0009
41.34,28.63,202309,16.72,0.56,46.02,2.03,0.00973,0.00697,0.00727
41.34,28.63,202310,11.52,0.52,49.57,0.64,0.0067,0.0075,0.00229
41.34,28.63,202311,6.49,0.41,68.19,8.01,0.00378,0.01032,0.02869
41.34,28.63,202312,4.82,0.38,64.93,2.73,0.0028,0.00983,0.00978
41.34,28.66,202301,5.51,0.38,69.94,1.04,0.00321,0.01059,0.00372
41.34,28.66,202302,8.89,0.45,66.0,1.93,0.00517,0.00999,0.00691
41.34,28.66,202303,11.1,0.41,71.25,2.63,0.00646,0.01079,0.00942
41.34,28.66,202304,15.63,0.45,72.39,2.79,0.00909,0.01096,0.00999
41.34,28.66,202305,18.84,0.48,71.78,1.09,0.01096,0.01087,0.0039
41.34,28.66,202306,24.01,0.58,45.28,0.55,0.01397,0.00686,0.00197
41.34,28.66,202307,26.15,0.65,23.83,0.34,0.01521,0.00361,0.00122
41.34,28.66,202308,21.47,0.59,31.41,0.25,0.01249,0.00476,0.0009
41.34,28.66,202309,16.72,0.56,46.02,2.03,0.00973,0.00697,0.00727
41.34,28.66,202310,11.52,0.52,49.57,0.64,0.0067,0.0075,0.00229
41.34,28.66,202311,6.49,0.41,68.19,8.01,0.00378,0.01032,0.02869
41.34,28.66,202312,4.82,0.38,64.93,2.73,0.0028,0.00983,0.00978
41.36,28.09,202301,5.51,0.38,69.94,0.94,0.00321,0.01059,0.00337
41.36,28.09,202302,8.89,0.45,66.0,1.2,0.00517,0.00999,0.0043
41.36,28.09,202303,11.1,0.41,71.25,2.13,0.00646,0.01079,0.00763
41.36,28.09,202304,15.63,0.45,72.39,2.93,0.00909,0.01096,0.01049
41.36,28.09,202305,18.84,0.48,71.78,1.08,0.01096,0.01087,0.00387
41.36,28.09,202306,24.01,0.58,45.28,0.72,0.01397,0.00686,0.00258
41.36,28.09,202307,26.15,0.65,23.83,0.41,0.01521,0.00361,0.00147
41.36,28.09,202308,21.47,0.59,31.41,0.23,0.01249,0.00476,0.00082
41.36,28.09,202309,16.72,0.56,46.02,1.46,0.00973,0.00697,0.00523
41.36,28.09,202310,11.52,0.52,49.57,0.39,0.0067,0.0075,0.0014
41.36,28.09,202311,6.49,0.41,68.19,6.69,0.00378,0.01032,0.02396
41.36,28.09,202312,4.82,0.38,64.93,2.67,0.0028,0.00983,0.00956
41.36,28.12,202301,5.51,0.38,69.94,0.94,0.00321,0.01059,0.00337
41.36,28.12,202302,8.89,0.45,66.0,1.2,0.00517,0.00999,0.0043
41.36,28.12,202303,11.1,0.41,71.25,2.13,0.00646,0.01079,0.00763
41.36,28.12,202304,15.63,0.45,72.39,2.93,0.00909,0.01096,0.01049
41.36,28.12,202305,18.84,0.48,71.78,1.08,0.01096,0.01087,0.00387
41.36,28.12,202306,24.01,0.58,45.28,0.72,0.01397,0.00686,0.00258
41.36,28.12,202307,26.15,0.65,23.83,0.41,0.01521,0.00361,0.00147
41.36,28.12,202308,21.47,0.59,31.41,0.23,0.01249,0.00476,0.00082
41.36,28.12,202309,16.72,0.56,46.02,1.46,0.00973,0.00697,0.00523
41.36,28.12,202310,11.52,0.52,49.57,0.39,0.0067,0.0075,0.0014
41.36,28.12,202311,6.49,0.41,68.19,6.69,0.00378,0.01032,0.02396
41.36,28.12,202312,4.82,0.38,64.93,2.67,0.0028,0.00983,0.00956
41.36,28.15,202301,5.51,0.38,69.94,0.94,0.00321,0.01059,0.00337
41.36,28.15,202302,8.89,0.45,66.0,1.2,0.00517,0.00999,0.0043
41.36,28.15,202303,11.1,0.41,71.25,2.13,0.00646,0.01079,0.00763
41.36,28.15,202304,15.63,0.45,72.39,2.93,0.00909,0.01096,0.01049
41.36,28.15,202305,18.84,0.48,71.78,1.08,0.01096,0.01087,0.00387
41.36,28.15,202306,24.01,0.58,45.28,0.72,0.01397,0.00686,0.00258
41.36,28.15,202307,26.15,0.65,23.83,0.41,0.01521,0.00361,0.00147
41.36,28.15,202308,21.47,0.59,31.41,0.23,0.01249,0.00476,0.00082
41.36,28.15,202309,16.72,0.56,46.02,1.46,0.00973,0.00697,0.00523
41.36,28.15,202310,11.52,0.52,49.57,0.39,0.0067,0.0075,0.0014
41.36,28.15,202311,6.49,0.41,68.19,6.69,0.00378,0.01032,0.02396
41.36,28.15,202312,4.82,0.38,64.93,2.67,0.0028,0.00983,0.00956
41.36,28.18,202301,5.51,0.38,69.94,0.94,0.00321,0.01059,0.00337
41.36,28.18,202302,8.89,0.45,66.0,1.2,0.00517,0.00999,0.0043
41.36,28.18,202303,11.1,0.41,71.25,2.13,0.00646,0.01079,0.00763
41.36,28.18,202304,15.63,0.45,72.39,2.93,0.00909,0.01096,0.01049
41.36,28.18,202305,18.84,0.48,71.78,1.08,0.01096,0.01087,0.00387
41.36,28.18,202306,24.01,0.58,45.28,0.72,0.01397,0.00686,0.00258
41.36,28.18,202307,26.15,0.65,23.83,0.41,0.01521,0.00361,0.00147
41.36,28.18,202308,21.47,0.59,31.41,0.23,0.01249,0.00476,0.00082
41.36,28.18,202309,16.72,0.56,46.02,1.46,0.00973,0.00697,0.00523
41.36,28.18,202310,11.52,0.52,49.57,0.39,0.0067,0.0075,0.0014
41.36,28.18,202311,6.49,0.41,68.19,6.69,0.00378,0.01032,0.02396
41.36,28.18,202312,4.82,0.38,64.93,2.67,0.0028,0.00983,0.00956
41.36,28.21,202301,5.51,0.38,69.94,0.94,0.00321,0.01059,0.00337
41.36,28.21,202302,8.89,0.45,66.0,1.2,0.00517,0.00999,0.0043
41.36,28.21,202303,11.1,0.41,71.25,2.13,0.00646,0.01079,0.00763
41.36,28.21,202304,15.63,0.45,72.39,2.93,0.00909,0.01096,0.01049
41.36,28.21,202305,18.84,0.48,71.78,1.08,0.01096,0.01087,0.00387
41.36,28.21,202306,24.01,0.58,45.28,0.72,0.01397,0.00686,0.00258
41.36,28.21,202307,26.15,0.65,23.83,0.41,0.01521,0.00361,0.00147
41.36,28.21,202308,21.47,0.59,31.41,0.23,0.01249,0.00476,0.00082
41.36,28.21,202309,16.72,0.56,46.02,1.46,0.00973,0.00697,0.00523
41.36,28.21,202310,11.52,0.52,49.57,0.39,0.0067,0.0075,0.0014
41.36,28.21,202311,6.49,0.41,68.19,6.69,0.00378,0.01032,0.02396
41.36,28.21,202312,4.82,0.38,64.93,2.67,0.0028,0.00983,0.00956
41.36,28.24,202301,5.51,0.38,69.94,0.94,0.00321,0.01059,0.00337
41.36,28.24,202302,8.89,0.45,66.0,1.2,0.00517,0.00999,0.0043
41.36,28.24,202303,11.1,0.41,71.25,2.13,0.00646,0.01079,0.00763
41.36,28.24,202304,15.63,0.45,72.39,2.93,0.00909,0.01096,0.01049
41.36,28.24,202305,18.84,0.48,71.78,1.08,0.01096,0.01087,0.00387
41.36,28.24,202306,24.01,0.58,45.28,0.72,0.01397,0.00686,0.00258
41.36,28.24,202307,26.15,0.65,23.83,0.41,0.01521,0.00361,0.00147
41.36,28.24,202308,21.47,0.59,31.41,0.23,0.01249,0.00476,0.00082
41.36,28.24,202309,16.72,0.56,46.02,1.46,0.00973,0.00697,0.00523
41.36,28.24,202310,11.52,0.52,49.57,0.39,0.0067,0.0075,0.0014
41.36,28.24,202311,6.49,0.41,68.19,6.69,0.00378,0.01032,0.02396
41.36,28.24,202312,4.82,0.38,64.93,2.67,0.0028,0.00983,0.00956
41.36,28.27,202301,5.51,0.38,69.94,0.94,0.00321,0.01059,0.00337
41.36,28.27,202302,8.89,0.45,66.0,1.2,0.00517,0.00999,0.0043
41.36,28.27,202303,11.1,0.41,71.25,2.13,0.00646,0.01079,0.00763
41.36,28.27,202304,15.63,0.45,72.39,2.93,0.00909,0.01096,0.01049
41.36,28.27,202305,18.84,0.48,71.78,1.08,0.01096,0.01087,0.00387
41.36,28.27,202306,24.01,0.58,45.28,0.72,0.01397,0.00686,0.00258
41.36,28.27,202307,26.15,0.65,23.83,0.41,0.01521,0.00361,0.00147
41.36,28.27,202308,21.47,0.59,31.41,0.23,0.01249,0.00476,0.00082
41.36,28.27,202309,16.72,0.56,46.02,1.46,0.00973,0.00697,0.00523
41.36,28.27,202310,11.52,0.52,49.57,0.39,0.0067,0.0075,0.0014
41.36,28.27,202311,6.49,0.41,68.19,6.69,0.00378,0.01032,0.02396
41.36,28.27,202312,4.82,0.38,64.93,2.67,0.0028,0.00983,0.00956
41.36,28.3,202301,5.51,0.38,69.94,0.94,0.00321,0.01059,0.00337
41.36,28.3,202302,8.89,0.45,66.0,1.2,0.00517,0.00999,0.0043
41.36,28.3,202303,11.1,0.41,71.25,2.13,0.00646,0.01079,0.00763
41.36,28.3,202304,15.63,0.45,72.39,2.93,0.00909,0.01096,0.01049
41.36,28.3,202305,18.84,0.48,71.78,1.08,0.01096,0.01087,0.00387
41.36,28.3,202306,24.01,0.58,45.28,0.72,0.01397,0.00686,0.00258
41.36,28.3,202307,26.15,0.65,23.83,0.41,0.01521,0.00361,0.00147
41.36,28.3,202308,21.47,0.59,31.41,0.23,0.01249,0.00476,0.00082
41.36,28.3,202309,16.72,0.56,46.02,1.46,0.00973,0.00697,0.00523
41.36,28.3,202310,11.52,0.52,49.57,0.39,0.0067,0.0075,0.0014
41.36,28.3,202311,6.49,0.41,68.19,6.69,0.00378,0.01032,0.02396
41.36,28.3,202312,4.82,0.38,64.93,2.67,0.0028,0.00983,0.00956
41.36,28.33,202301,5.51,0.38,69.94,0.94,0.00321,0.01059,0.00337
41.36,28.33,202302,8.89,0.45,66.0,1.2,0.00517,0.00999,0.0043
41.36,28.33,202303,11.1,0.41,71.25,2.13,0.00646,0.01079,0.00763
41.36,28.33,202304,15.63,0.45,72.39,2.93,0.00909,0.01096,0.01049
41.36,28.33,202305,18.84,0.48,71.78,1.08,0.01096,0.01087,0.00387
41.36,28.33,202306,24.01,0.58,45.28,0.72,0.01397,0.00686,0.00258
41.36,28.33,202307,26.15,0.65,23.83,0.41,0.01521,0.00361,0.00147
41.36,28.33,202308,21.47,0.59,31.41,0.23,0.01249,0.00476,0.00082
41.36,28.33,202309,16.72,0.56,46.02,1.46,0.00973,0.00697,0.00523
41.36,28.33,202310,11.52,0.52,49.57,0.39,0.0067,0.0075,0.0014
41.36,28.33,202311,6.49,0.41,68.19,6.69,0.00378,0.01032,0.02396
41.36,28.33,202312,4.82,0.38,64.93,2.67,0.0028,0.00983,0.00956
41.36,28.36,202301,5.51,0.38,69.94,0.94,0.00321,0.01059,0.00337
41.36,28.36,202302,8.89,0.45,66.0,1.2,0.00517,0.00999,0.0043
41.36,28.36,202303,11.1,0.41,71.25,2.13,0.00646,0.01079,0.00763
41.36,28.36,202304,15.63,0.45,72.39,2.93,0.00909,0.01096,0.01049
41.36,28.36,202305,18.84,0.48,71.78,1.08,0.01096,0.01087,0.00387
41.36,28.36,202306,24.01,0.58,45.28,0.72,0.01397,0.00686,0.00258
41.36,28.36,202307,26.15,0.65,23.83,0.41,0.01521,0.00361,0.00147
41.36,28.36,202308,21.47,0.59,31.41,0.23,0.01249,0.00476,0.00082
41.36,28.36,202309,16.72,0.56,46.02,1.46,0.00973,0.00697,0.00523
41.36,28.36,202310,11.52,0.52,49.57,0.39,0.0067,0.0075,0.0014
41.36,28.36,202311,6.49,0.41,68.19,6.69,0.00378,0.01032,0.02396
41.36,28.36,202312,4.82,0.38,64.93,2.67,0.0028,0.00983,0.00956
41.36,28.39,202301,5.51,0.38,69.94,0.94,0.00321,0.01059,0.00337
41.36,28.39,202302,8.89,0.45,66.0,1.2,0.00517,0.00999,0.0043
41.36,28.39,202303,11.1,0.41,71.25,2.13,0.00646,0.01079,0.00763
41.36,28.39,202304,15.63,0.45,72.39,2.93,0.00909,0.01096,0.01049
41.36,28.39,202305,18.84,0.48,71.78,1.08,0.01096,0.01087,0.00387
41.36,28.39,202306,24.01,0.58,45.28,0.72,0.01397,0.00686,0.00258
41.36,28.39,202307,26.15,0.65,23.83,0.41,0.01521,0.00361,0.00147
41.36,28.39,202308,21.47,0.59,31.41,0.23,0.01249,0.00476,0.00082
41.36,28.39,202309,16.72,0.56,46.02,1.46,0.00973,0.00697,0.00523
41.36,28.39,202310,11.52,0.52,49.57,0.39,0.0067,0.0075,0.0014
41.36,28.39,202311,6.49,0.41,68.19,6.69,0.00378,0.01032,0.02396
41.36,28.39,202312,4.82,0.38,64.93,2.67,0.0028,0.00983,0.00956
41.36,28.42,202301,5.51,0.38,69.94,0.94,0.00321,0.01059,0.00337
41.36,28.42,202302,8.89,0.45,66.0,1.2,0.00517,0.00999,0.0043
41.36,28.42,202303,11.1,0.41,71.25,2.13,0.00646,0.01079,0.00763
41.36,28.42,202304,15.63,0.45,72.39,2.93,0.00909,0.01096,0.01049
41.36,28.42,202305,18.84,0.48,71.78,1.08,0.01096,0.01087,0.00387
41.36,28.42,202306,24.01,0.58,45.28,0.72,0.01397,0.00686,0.00258
41.36,28.42,202307,26.15,0.65,23.83,0.41,0.01521,0.00361,0.00147
41.36,28.42,202308,21.47,0.59,31.41,0.23,0.01249,0.00476,0.00082
41.36,28.42,202309,16.72,0.56,46.02,1.46,0.00973,0.00697,0.00523
41.36,28.42,202310,11.52,0.52,49.57,0.39,0.0067,0.0075,0.0014
41.36,28.42,202311,6.49,0.41,68.19,6.69,0.00378,0.01032,0.02396
41.36,28.42,202312,4.82,0.38,64.93,2.67,0.0028,0.00983,0.00956
41.36,28.45,202301,5.51,0.38,69.94,1.04,0.00321,0.01059,0.00372
41.36,28.45,202302,8.89,0.45,66.0,1.93,0.00517,0.00999,0.00691
41.36,28.45,202303,11.1,0.41,71.25,2.63,0.00646,0.01079,0.00942
41.36,28.45,202304,15.63,0.45,72.39,2.79,0.00909,0.01096,0.00999
41.36,28.45,202305,18.84,0.48,71.78,1.09,0.01096,0.01087,0.0039
41.36,28.45,202306,24.01,0.58,45.28,0.55,0.01397,0.00686,0.00197
41.36,28.45,202307,26.15,0.65,23.83,0.34,0.01521,0.00361,0.00122
41.36,28.45,202308,21.47,0.59,31.41,0.25,0.01249,0.00476,0.0009
41.36,28.45,202309,16.72,0.56,46.02,2.03,0.00973,0.00697,0.00727
41.36,28.45,202310,11.52,0.52,49.57,0.64,0.0067,0.0075,0.00229
41.36,28.45,202311,6.49,0.41,68.19,8.01,0.00378,0.01032,0.02869
41.36,28.45,202312,4.82,0.38,64.93,2.73,0.0028,0.00983,0.00978
41.36,28.48,202301,5.51,0.38,69.94,1.04,0.00321,0.01059,0.00372
41.36,28.48,202302,8.89,0.45,66.0,1.93,0.00517,0.00999,0.00691
41.36,28.48,202303,11.1,0.41,71.25,2.63,0.00646,0.01079,0.00942
41.36,28.48,202304,15.63,0.45,72.39,2.79,0.00909,0.01096,0.00999
41.36,28.48,202305,18.84,0.48,71.78,1.09,0.01096,0.01087,0.0039
41.36,28.48,202306,24.01,0.58,45.28,0.55,0.01397,0.00686,0.00197
41.36,28.48,202307,26.15,0.65,23.83,0.34,0.01521,0.00361,0.00122
41.36,28.48,202308,21.47,0.59,31.41,0.25,0.01249,0.00476,0.0009
41.36,28.48,202309,16.72,0.56,46.02,2.03,0.00973,0.00697,0.00727
41.36,28.48,202310,11.52,0.52,49.57,0.64,0.0067,0.0075,0.00229
41.36,28.48,202311,6.49,0.41,68.19,8.01,0.00378,0.01032,0.02869
41.36,28.48,202312,4.82,0.38,64.93,2.73,0.0028,0.00983,0.00978
41.36,28.51,202301,5.51,0.38,69.94,1.04,0.00321,0.01059,0.00372
41.36,28.51,202302,8.89,0.45,66.0,1.93,0.00517,0.00999,0.00691
41.36,28.51,202303,11.1,0.41,71.25,2.63,0.00646,0.01079,0.00942
41.36,28.51,202304,15.63,0.45,72.39,2.79,0.00909,0.01096,0.00999
41.36,28.51,202305,18.84,0.48,71.78,1.09,0.01096,0.01087,0.0039
41.36,28.51,202306,24.01,0.58,45.28,0.55,0.01397,0.00686,0.00197
41.36,28.51,202307,26.15,0.65,23.83,0.34,0.01521,0.00361,0.00122
41.36,28.51,202308,21.47,0.59,31.41,0.25,0.01249,0.00476,0.0009
41.36,28.51,202309,16.72,0.56,46.02,2.03,0.00973,0.00697,0.00727
41.36,28.51,202310,11.52,0.52,49.57,0.64,0.0067,0.0075,0.00229
41.36,28.51,202311,6.49,0.41,68.19,8.01,0.00378,0.01032,0.02869
41.36,28.51,202312,4.82,0.38,64.93,2.73,0.0028,0.00983,0.00978
41.36,28.54,202301,5.51,0.38,69.94,1.04,0.00321,0.01059,0.00372
41.36,28.54,202302,8.89,0.45,66.0,1.93,0.00517,0.00999,0.00691
41.36,28.54,202303,11.1,0.41,71.25,2.63,0.00646,0.01079,0.00942
41.36,28.54,202304,15.63,0.45,72.39,2.79,0.00909,0.01096,0.00999
41.36,28.54,202305,18.84,0.48,71.78,1.09,0.01096,0.01087,0.0039
41.36,28.54,202306,24.01,0.58,45.28,0.55,0.01397,0.00686,0.00197
41.36,28.54,202307,26.15,0.65,23.83,0.34,0.01521,0.00361,0.00122
41.36,28.54,202308,21.47,0.59,31.41,0.25,0.01249,0.00476,0.0009
41.36,28.54,202309,16.72,0.56,46.02,2.03,0.00973,0.00697,0.00727
41.36,28.54,202310,11.52,0.52,49.57,0.64,0.0067,0.0075,0.00229
41.36,28.54,202311,6.49,0.41,68.19,8.01,0.00378,0.01032,0.02869
41.36,28.54,202312,4.82,0.38,64.93,2.73,0.0028,0.00983,0.00978
41.36,28.57,202301,5.51,0.38,69.94,1.04,0.00321,0.01059,0.00372
41.36,28.57,202302,8.89,0.45,66.0,1.93,0.00517,0.00999,0.00691
41.36,28.57,202303,11.1,0.41,71.25,2.63,0.00646,0.01079,0.00942
41.36,28.57,202304,15.63,0.45,72.39,2.79,0.00909,0.01096,0.00999
41.36,28.57,202305,18.84,0.48,71.78,1.09,0.01096,0.01087,0.0039
41.36,28.57,202306,24.01,0.58,45.28,0.55,0.01397,0.00686,0.00197
41.36,28.57,202307,26.15,0.65,23.83,0.34,0.01521,0.00361,0.00122
41.36,28.57,202308,21.47,0.59,31.41,0.25,0.01249,0.00476,0.0009
41.36,28.57,202309,16.72,0.56,46.02,2.03,0.00973,0.00697,0.00727
41.36,28.57,202310,11.52,0.52,49.57,0.64,0.0067,0.0075,0.00229
41.36,28.57,202311,6.49,0.41,68.19,8.01,0.00378,0.01032,0.02869
41.36,28.57,202312,4.82,0.38,64.93,2.73,0.0028,0.00983,0.00978
41.36,28.6,202301,5.51,0.38,69.94,1.04,0.00321,0.01059,0.00372
41.36,28.6,202302,8.89,0.45,66.0,1.93,0.00517,0.00999,0.00691
41.36,28.6,202303,11.1,0.41,71.25,2.63,0.00646,0.01079,0.00942
41.36,28.6,202304,15.63,0.45,72.39,2.79,0.00909,0.01096,0.00999
41.36,28.6,202305,18.84,0.48,71.78,1.09,0.01096,0.01087,0.0039
41.36,28.6,202306,24.01,0.58,45.28,0.55,0.01397,0.00686,0.00197
41.36,28.6,202307,26.15,0.65,23.83,0.34,0.01521,0.00361,0.00122
41.36,28.6,202308,21.47,0.59,31.41,0.25,0.01249,0.00476,0.0009
41.36,28.6,202309,16.72,0.56,46.02,2.03,0.00973,0.00697,0.00727
41.36,28.6,202310,11.52,0.52,49.57,0.64,0.0067,0.0075,0.00229
41.36,28.6,202311,6.49,0.41,68.19,8.01,0.00378,0.01032,0.02869
41.36,28.6,202312,4.82,0.38,64.93,2.73,0.0028,0.00983,0.00978
41.38,28.12,202301,5.51,0.38,69.94,0.94,0.00321,0.01059,0.00337
41.38,28.12,202302,8.89,0.45,66.0,1.2,0.00517,0.00999,0.0043
41.38,28.12,202303,11.1,0.41,71.25,2.13,0.00646,0.01079,0.00763
41.38,28.12,202304,15.63,0.45,72.39,2.93,0.00909,0.01096,0.01049
41.38,28.12,202305,18.84,0.48,71.78,1.08,0.01096,0.01087,0.00387
41.38,28.12,202306,24.01,0.58,45.28,0.72,0.01397,0.00686,0.00258
41.38,28.12,202307,26.15,0.65,23.83,0.41,0.01521,0.00361,0.00147
41.38,28.12,202308,21.47,0.59,31.41,0.23,0.01249,0.00476,0.00082
41.38,28.12,202309,16.72,0.56,46.02,1.46,0.00973,0.00697,0.00523
41.38,28.12,202310,11.52,0.52,49.57,0.39,0.0067,0.0075,0.0014
41.38,28.12,202311,6.49,0.41,68.19,6.69,0.00378,0.01032,0.02396
41.38,28.12,202312,4.82,0.38,64.93,2.67,0.0028,0.00983,0.00956
41.38,28.15,202301,5.51,0.38,69.94,0.94,0.00321,0.01059,0.00337
41.38,28.15,202302,8.89,0.45,66.0,1.2,0.00517,0.00999,0.0043
41.38,28.15,202303,11.1,0.41,71.25,2.13,0.00646,0.01079,0.00763
41.38,28.15,202304,15.63,0.45,72.39,2.93,0.00909,0.01096,0.01049
41.38,28.15,202305,18.84,0.48,71.78,1.08,0.01096,0.01087,0.00387
41.38,28.15,202306,24.01,0.58,45.28,0.72,0.01397,0.00686,0.00258
41.38,28.15,202307,26.15,0.65,23.83,0.41,0.01521,0.00361,0.00147
41.38,28.15,202308,21.47,0.59,31.41,0.23,0.01249,0.00476,0.00082
41.38,28.15,202309,16.72,0.56,46.02,1.46,0.00973,0.00697,0.00523
41.38,28.15,202310,11.52,0.52,49.57,0.39,0.0067,0.0075,0.0014
41.38,28.15,202311,6.49,0.41,68.19,6.69,0.00378,0.01032,0.02396
41.38,28.15,202312,4.82,0.38,64.93,2.67,0.0028,0.00983,0.00956
41.38,28.18,202301,5.51,0.38,69.94,0.94,0.00321,0.01059,0.00337
41.38,28.18,202302,8.89,0.45,66.0,1.2,0.00517,0.00999,0.0043
41.38,28.18,202303,11.1,0.41,71.25,2.13,0.00646,0.01079,0.00763
41.38,28.18,202304,15.63,0.45,72.39,2.93,0.00909,0.01096,0.01049
41.38,28.18,202305,18.84,0.48,71.78,1.08,0.01096,0.01087,0.00387
41.38,28.18,202306,24.01,0.58,45.28,0.72,0.01397,0.00686,0.00258
41.38,28.18,202307,26.15,0.65,23.83,0.41,0.01521,0.00361,0.00147
41.38,28.18,202308,21.47,0.59,31.41,0.23,0.01249,0.00476,0.00082
41.38,28.18,202309,16.72,0.56,46.02,1.46,0.00973,0.00697,0.00523
41.38,28.18,202310,11.52,0.52,49.57,0.39,0.0067,0.0075,0.0014
41.38,28.18,202311,6.49,0.41,68.19,6.69,0.00378,0.01032,0.02396
41.38,28.18,202312,4.82,0.38,64.93,2.67,0.0028,0.00983,0.00956
41.38,28.21,202301,5.51,0.38,69.94,0.94,0.00321,0.01059,0.00337
41.38,28.21,202302,8.89,0.45,66.0,1.2,0.00517,0.00999,0.0043
41.38,28.21,202303,11.1,0.41,71.25,2.13,0.00646,0.01079,0.00763
41.38,28.21,202304,15.63,0.45,72.39,2.93,0.00909,0.01096,0.01049
41.38,28.21,202305,18.84,0.48,71.78,1.08,0.01096,0.01087,0.00387
41.38,28.21,202306,24.01,0.58,45.28,0.72,0.01397,0.00686,0.00258
41.38,28.21,202307,26.15,0.65,23.83,0.41,0.01521,0.00361,0.00147
41.38,28.21,202308,21.47,0.59,31.41,0.23,0.01249,0.00476,0.00082
41.38,28.21,202309,16.72,0.56,46.02,1.46,0.00973,0.00697,0.00523
41.38,28.21,202310,11.52,0.52,49.57,0.39,0.0067,0.0075,0.0014
41.38,28.21,202311,6.49,0.41,68.19,6.69,0.00378,0.01032,0.02396
41.38,28.21,202312,4.82,0.38,64.93,2.67,0.0028,0.00983,0.00956
41.38,28.24,202301,5.51,0.38,69.94,0.94,0.00321,0.01059,0.00337
41.38,28.24,202302,8.89,0.45,66.0,1.2,0.00517,0.00999,0.0043
41.38,28.24,202303,11.1,0.41,71.25,2.13,0.00646,0.01079,0.00763
41.38,28.24,202304,15.63,0.45,72.39,2.93,0.00909,0.01096,0.01049
41.38,28.24,202305,18.84,0.48,71.78,1.08,0.01096,0.01087,0.00387
41.38,28.24,202306,24.01,0.58,45.28,0.72,0.01397,0.00686,0.00258
41.38,28.24,202307,26.15,0.65,23.83,0.41,0.01521,0.00361,0.00147
41.38,28.24,202308,21.47,0.59,31.41,0.23,0.01249,0.00476,0.00082
41.38,28.24,202309,16.72,0.56,46.02,1.46,0.00973,0.00697,0.00523
41.38,28.24,202310,11.52,0.52,49.57,0.39,0.0067,0.0075,0.0014
41.38,28.24,202311,6.49,0.41,68.19,6.69,0.00378,0.01032,0.02396
41.38,28.24,202312,4.82,0.38,64.93,2.67,0.0028,0.00983,0.00956
41.38,28.27,202301,5.51,0.38,69.94,0.94,0.00321,0.01059,0.00337
41.38,28.27,202302,8.89,0.45,66.0,1.2,0.00517,0.00999,0.0043
41.38,28.27,202303,11.1,0.41,71.25,2.13,0.00646,0.01079,0.00763
41.38,28.27,202304,15.63,0.45,72.39,2.93,0.00909,0.01096,0.01049
41.38,28.27,202305,18.84,0.48,71.78,1.08,0.01096,0.01087,0.00387
41.38,28.27,202306,24.01,0.58,45.28,0.72,0.01397,0.00686,0.00258
41.38,28.27,202307,26.15,0.65,23.83,0.41,0.01521,0.00361,0.00147
41.38,28.27,202308,21.47,0.59,31.41,0.23,0.01249,0.00476,0.00082
41.38,28.27,202309,16.72,0.56,46.02,1.46,0.00973,0.00697,0.00523
41.38,28.27,202310,11.52,0.52,49.57,0.39,0.0067,0.0075,0.0014
41.38,28.27,202311,6.49,0.41,68.19,6.69,0.00378,0.01032,0.02396
41.38,28.27,202312,4.82,0.38,64.93,2.67,0.0028,0.00983,0.00956
41.38,28.3,202301,5.51,0.38,69.94,0.94,0.00321,0.01059,0.00337
41.38,28.3,202302,8.89,0.45,66.0,1.2,0.00517,0.00999,0.0043
41.38,28.3,202303,11.1,0.41,71.25,2.13,0.00646,0.01079,0.00763
41.38,28.3,202304,15.63,0.45,72.39,2.93,0.00909,0.01096,0.01049
41.38,28.3,202305,18.84,0.48,71.78,1.08,0.01096,0.01087,0.00387
41.38,28.3,202306,24.01,0.58,45.28,0.72,0.01397,0.00686,0.00258
41.38,28.3,202307,26.15,0.65,23.83,0.41,0.01521,0.00361,0.00147
41.38,28.3,202308,21.47,0.59,31.41,0.23,0.01249,0.00476,0.00082
41.38,28.3,202309,16.72,0.56,46.02,1.46,0.00973,0.00697,0.00523
41.38,28.3,202310,11.52,0.52,49.57,0.39,0.0067,0.0075,0.0014
41.38,28.3,202311,6.49,0.41,68.19,6.69,0.00378,0.01032,0.02396
41.38,28.3,202312,4.82,0.38,64.93,2.67,0.0028,0.00983,0.00956
41.38,28.33,202301,5.51,0.38,69.94,0.94,0.00321,0.01059,0.00337
41.38,28.33,202302,8.89,0.45,66.0,1.2,0.00517,0.00999,0.0043
41.38,28.33,202303,11.1,0.41,71.25,2.13,0.00646,0.01079,0.00763
41.38,28.33,202304,15.63,0.45,72.39,2.93,0.00909,0.01096,0.01049
41.38,28.33,202305,18.84,0.48,71.78,1.08,0.01096,0.01087,0.00387
41.38,28.33,202306,24.01,0.58,45.28,0.72,0.01397,0.00686,0.00258
41.38,28.33,202307,26.15,0.65,23.83,0.41,0.01521,0.00361,0.00147
41.38,28.33,202308,21.47,0.59,31.41,0.23,0.01249,0.00476,0.00082
41.38,28.33,202309,16.72,0.56,46.02,1.46,0.00973,0.00697,0.00523
41.38,28.33,202310,11.52,0.52,49.57,0.39,0.0067,0.0075,0.0014
41.38,28.33,202311,6.49,0.41,68.19,6.69,0.00378,0.01032,0.02396
41.38,28.33,202312,4.82,0.38,64.93,2.67,0.0028,0.00983,0.00956
41.38,28.36,202301,5.51,0.38,69.94,0.94,0.00321,0.01059,0.00337
41.38,28.36,202302,8.89,0.45,66.0,1.2,0.00517,0.00999,0.0043
41.38,28.36,202303,11.1,0.41,71.25,2.13,0.00646,0.01079,0.00763
41.38,28.36,202304,15.63,0.45,72.39,2.93,0.00909,0.01096,0.01049
41.38,28.36,202305,18.84,0.48,71.78,1.08,0.01096,0.01087,0.00387
41.38,28.36,202306,24.01,0.58,45.28,0.72,0.01397,0.00686,0.00258
41.38,28.36,202307,26.15,0.65,23.83,0.41,0.01521,0.00361,0.00147
41.38,28.36,202308,21.47,0.59,31.41,0.23,0.01249,0.00476,0.00082
41.38,28.36,202309,16.72,0.56,46.02,1.46,0.00973,0.00697,0.00523
41.38,28.36,202310,11.52,0.52,49.57,0.39,0.0067,0.0075,0.0014
41.38,28.36,202311,6.49,0.41,68.19,6.69,0.00378,0.01032,0.02396
41.38,28.36,202312,4.82,0.38,64.93,2.67,0.0028,0.00983,0.00956
41.38,28.39,202301,5.51,0.38,69.94,0.94,0.00321,0.01059,0.00337
41.38,28.39,202302,8.89,0.45,66.0,1.2,0.00517,0.00999,0.0043
41.38,28.39,202303,11.1,0.41,71.25,2.13,0.00646,0.01079,0.00763
41.38,28.39,202304,15.63,0.45,72.39,2.93,0.00909,0.01096,0.01049
41.38,28.39,202305,18.84,0.48,71.78,1.08,0.01096,0.01087,0.00387
41.38,28.39,202306,24.01,0.58,45.28,0.72,0.01397,0.00686,0.00258
41.38,28.39,202307,26.15,0.65,23.83,0.41,0.01521,0.00361,0.00147
41.38,28.39,202308,21.47,0.59,31.41,0.23,0.01249,0.00476,0.00082
41.38,28.39,202309,16.72,0.56,46.02,1.46,0.00973,0.00697,0.00523
41.38,28.39,202310,11.52,0.52,49.57,0.39,0.0067,0.0075,0.0014
41.38,28.39,202311,6.49,0.41,68.19,6.69,0.00378,0.01032,0.02396
41.38,28.39,202312,4.82,0.38,64.93,2.67,0.0028,0.00983,0.00956
41.38,28.42,202301,5.51,0.38,69.94,0.94,0.00321,0.01059,0.00337
41.38,28.42,202302,8.89,0.45,66.0,1.2,0.00517,0.00999,0.0043
41.38,28.42,202303,11.1,0.41,71.25,2.13,0.00646,0.01079,0.00763
41.38,28.42,202304,15.63,0.45,72.39,2.93,0.00909,0.01096,0.01049
41.38,28.42,202305,18.84,0.48,71.78,1.08,0.01096,0.01087,0.00387
41.38,28.42,202306,24.01,0.58,45.28,0.72,0.01397,0.00686,0.00258
41.38,28.42,202307,26.15,0.65,23.83,0.41,0.01521,0.00361,0.00147
41.38,28.42,202308,21.47,0.59,31.41,0.23,0.01249,0.00476,0.00082
41.38,28.42,202309,16.72,0.56,46.02,1.46,0.00973,0.00697,0.00523
41.38,28.42,202310,11.52,0.52,49.57,0.39,0.0067,0.0075,0.0014
41.38,28.42,202311,6.49,0.41,68.19,6.69,0.00378,0.01032,0.02396
41.38,28.42,202312,4.82,0.38,64.93,2.67,0.0028,0.00983,0.00956
41.38,28.45,202301,5.51,0.38,69.94,1.04,0.00321,0.01059,0.00372
41.38,28.45,202302,8.89,0.45,66.0,1.93,0.00517,0.00999,0.00691
41.38,28.45,202303,11.1,0.41,71.25,2.63,0.00646,0.01079,0.00942
41.38,28.45,202304,15.63,0.45,72.39,2.79,0.00909,0.01096,0.00999
41.38,28.45,202305,18.84,0.48,71.78,1.09,0.01096,0.01087,0.0039
41.38,28.45,202306,24.01,0.58,45.28,0.55,0.01397,0.00686,0.00197
41.38,28.45,202307,26.15,0.65,23.83,0.34,0.01521,0.00361,0.00122
41.38,28.45,202308,21.47,0.59,31.41,0.25,0.01249,0.00476,0.0009
41.38,28.45,202309,16.72,0.56,46.02,2.03,0.00973,0.00697,0.00727
41.38,28.45,202310,11.52,0.52,49.57,0.64,0.0067,0.0075,0.00229
41.38,28.45,202311,6.49,0.41,68.19,8.01,0.00378,0.01032,0.02869
41.38,28.45,202312,4.82,0.38,64.93,2.73,0.0028,0.00983,0.00978
41.38,28.48,202301,5.51,0.38,69.94,1.04,0.00321,0.01059,0.00372
41.38,28.48,202302,8.89,0.45,66.0,1.93,0.00517,0.00999,0.00691
41.38,28.48,202303,11.1,0.41,71.25,2.63,0.00646,0.01079,0.00942
41.38,28.48,202304,15.63,0.45,72.39,2.79,0.00909,0.01096,0.00999
41.38,28.48,202305,18.84,0.48,71.78,1.09,0.01096,0.01087,0.0039
41.38,28.48,202306,24.01,0.58,45.28,0.55,0.01397,0.00686,0.00197
41.38,28.48,202307,26.15,0.65,23.83,0.34,0.01521,0.00361,0.00122
41.38,28.48,202308,21.47,0.59,31.41,0.25,0.01249,0.00476,0.0009
41.38,28.48,202309,16.72,0.56,46.02,2.03,0.00973,0.00697,0.00727
41.38,28.48,202310,11.52,0.52,49.57,0.64,0.0067,0.0075,0.00229
41.38,28.48,202311,6.49,0.41,68.19,8.01,0.00378,0.01032,0.02869
41.38,28.48,202312,4.82,0.38,64.93,2.73,0.0028,0.00983,0.00978
41.38,28.51,202301,5.51,0.38,69.94,1.04,0.00321,0.01059,0.00372
41.38,28.51,202302,8.89,0.45,66.0,1.93,0.00517,0.00999,0.00691
41.38,28.51,202303,11.1,0.41,71.25,2.63,0.00646,0.01079,0.00942
41.38,28.51,202304,15.63,0.45,72.39,2.79,0.00909,0.01096,0.00999
41.38,28.51,202305,18.84,0.48,71.78,1.09,0.01096,0.01087,0.0039
41.38,28.51,202306,24.01,0.58,45.28,0.55,0.01397,0.00686,0.00197
41.38,28.51,202307,26.15,0.65,23.83,0.34,0.01521,0.00361,0.00122
41.38,28.51,202308,21.47,0.59,31.41,0.25,0.01249,0.00476,0.0009
41.38,28.51,202309,16.72,0.56,46.02,2.03,0.00973,0.00697,0.00727
41.38,28.51,202310,11.52,0.52,49.57,0.64,0.0067,0.0075,0.00229
41.38,28.51,202311,6.49,0.41,68.19,8.01,0.00378,0.01032,0.02869
41.38,28.51,202312,4.82,0.38,64.93,2.73,0.0028,0.00983,0.00978
41.38,28.54,202301,5.51,0.38,69.94,1.04,0.00321,0.01059,0.00372
41.38,28.54,202302,8.89,0.45,66.0,1.93,0.00517,0.00999,0.00691
41.38,28.54,202303,11.1,0.41,71.25,2.63,0.00646,0.01079,0.00942
41.38,28.54,202304,15.63,0.45,72.39,2.79,0.00909,0.01096,0.00999
41.38,28.54,202305,18.84,0.48,71.78,1.09,0.01096,0.01087,0.0039
41.38,28.54,202306,24.01,0.58,45.28,0.55,0.01397,0.00686,0.00197
41.38,28.54,202307,26.15,0.65,23.83,0.34,0.01521,0.00361,0.00122
41.38,28.54,202308,21.47,0.59,31.41,0.25,0.01249,0.00476,0.0009
41.38,28.54,202309,16.72,0.56,46.02,2.03,0.00973,0.00697,0.00727
41.38,28.54,202310,11.52,0.52,49.57,0.64,0.0067,0.0075,0.00229
41.38,28.54,202311,6.49,0.41,68.19,8.01,0.00378,0.01032,0.02869
41.38,28.54,202312,4.82,0.38,64.93,2.73,0.0028,0.00983,0.00978
41.4,28.12,202301,5.51,0.38,69.94,0.94,0.00321,0.01059,0.00337
41.4,28.12,202302,8.89,0.45,66.0,1.2,0.00517,0.00999,0.0043
41.4,28.12,202303,11.1,0.41,71.25,2.13,0.00646,0.01079,0.00763
41.4,28.12,202304,15.63,0.45,72.39,2.93,0.00909,0.01096,0.01049
41.4,28.12,202305,18.84,0.48,71.78,1.08,0.01096,0.01087,0.00387
41.4,28.12,202306,24.01,0.58,45.28,0.72,0.01397,0.00686,0.00258
41.4,28.12,202307,26.15,0.65,23.83,0.41,0.01521,0.00361,0.00147
41.4,28.12,202308,21.47,0.59,31.41,0.23,0.01249,0.00476,0.00082
41.4,28.12,202309,16.72,0.56,46.02,1.46,0.00973,0.00697,0.00523
41.4,28.12,202310,11.52,0.52,49.57,0.39,0.0067,0.0075,0.0014
41.4,28.12,202311,6.49,0.41,68.19,6.69,0.00378,0.01032,0.02396
41.4,28.12,202312,4.82,0.38,64.93,2.67,0.0028,0.00983,0.00956
41.4,28.15,202301,5.51,0.38,69.94,0.94,0.00321,0.01059,0.00337
41.4,28.15,202302,8.89,0.45,66.0,1.2,0.00517,0.00999,0.0043
41.4,28.15,202303,11.1,0.41,71.25,2.13,0.00646,0.01079,0.00763
41.4,28.15,202304,15.63,0.45,72.39,2.93,0.00909,0.01096,0.01049
41.4,28.15,202305,18.84,0.48,71.78,1.08,0.01096,0.01087,0.00387
41.4,28.15,202306,24.01,0.58,45.28,0.72,0.01397,0.00686,0.00258
41.4,28.15,202307,26.15,0.65,23.83,0.41,0.01521,0.00361,0.00147
41.4,28.15,202308,21.47,0.59,31.41,0.23,0.01249,0.00476,0.00082
41.4,28.15,202309,16.72,0.56,46.02,1.46,0.00973,0.00697,0.00523
41.4,28.15,202310,11.52,0.52,49.57,0.39,0.0067,0.0075,0.0014
41.4,28.15,202311,6.49,0.41,68.19,6.69,0.00378,0.01032,0.02396
41.4,28.15,202312,4.82,0.38,64.93,2.67,0.0028,0.00983,0.00956
41.4,28.18,202301,5.51,0.38,69.94,0.94,0.00321,0.01059,0.00337
41.4,28.18,202302,8.89,0.45,66.0,1.2,0.00517,0.00999,0.0043
41.4,28.18,202303,11.1,0.41,71.25,2.13,0.00646,0.01079,0.00763
41.4,28.18,202304,15.63,0.45,72.39,2.93,0.00909,0.01096,0.01049
41.4,28.18,202305,18.84,0.48,71.78,1.08,0.01096,0.01087,0.00387
41.4,28.18,202306,24.01,0.58,45.28,0.72,0.01397,0.00686,0.00258
41.4,28.18,202307,26.15,0.65,23.83,0.41,0.01521,0.00361,0.00147
41.4,28.18,202308,21.47,0.59,31.41,0.23,0.01249,0.00476,0.00082
41.4,28.18,202309,16.72,0.56,46.02,1.46,0.00973,0.00697,0.00523
41.4,28.18,202310,11.52,0.52,49.57,0.39,0.0067,0.0075,0.0014
41.4,28.18,202311,6.49,0.41,68.19,6.69,0.00378,0.01032,0.02396
41.4,28.18,202312,4.82,0.38,64.93,2.67,0.0028,0.00983,0.00956
41.4,28.21,202301,5.51,0.38,69.94,0.94,0.00321,0.01059,0.00337
41.4,28.21,202302,8.89,0.45,66.0,1.2,0.00517,0.00999,0.0043
41.4,28.21,202303,11.1,0.41,71.25,2.13,0.00646,0.01079,0.00763
41.4,28.21,202304,15.63,0.45,72.39,2.93,0.00909,0.01096,0.01049
41.4,28.21,202305,18.84,0.48,71.78,1.08,0.01096,0.01087,0.00387
41.4,28.21,202306,24.01,0.58,45.28,0.72,0.01397,0.00686,0.00258
41.4,28.21,202307,26.15,0.65,23.83,0.41,0.01521,0.00361,0.00147
41.4,28.21,202308,21.47,0.59,31.41,0.23,0.01249,0.00476,0.00082
41.4,28.21,202309,16.72,0.56,46.02,1.46,0.00973,0.00697,0.00523
41.4,28.21,202310,11.52,0.52,49.57,0.39,0.0067,0.0075,0.0014
41.4,28.21,202311,6.49,0.41,68.19,6.69,0.00378,0.01032,0.02396
41.4,28.21,202312,4.82,0.38,64.93,2.67,0.0028,0.00983,0.00956
41.4,28.24,202301,5.51,0.38,69.94,0.94,0.00321,0.01059,0.00337
41.4,28.24,202302,8.89,0.45,66.0,1.2,0.00517,0.00999,0.0043
41.4,28.24,202303,11.1,0.41,71.25,2.13,0.00646,0.01079,0.00763
41.4,28.24,202304,15.63,0.45,72.39,2.93,0.00909,0.01096,0.01049
41.4,28.24,202305,18.84,0.48,71.78,1.08,0.01096,0.01087,0.00387
41.4,28.24,202306,24.01,0.58,45.28,0.72,0.01397,0.00686,0.00258
41.4,28.24,202307,26.15,0.65,23.83,0.41,0.01521,0.00361,0.00147
41.4,28.24,202308,21.47,0.59,31.41,0.23,0.01249,0.00476,0.00082
41.4,28.24,202309,16.72,0.56,46.02,1.46,0.00973,0.00697,0.00523
41.4,28.24,202310,11.52,0.52,49.57,0.39,0.0067,0.0075,0.0014
41.4,28.24,202311,6.49,0.41,68.19,6.69,0.00378,0.01032,0.02396
41.4,28.24,202312,4.82,0.38,64.93,2.67,0.0028,0.00983,0.00956
41.4,28.27,202301,5.51,0.38,69.94,0.94,0.00321,0.01059,0.00337
41.4,28.27,202302,8.89,0.45,66.0,1.2,0.00517,0.00999,0.0043
41.4,28.27,202303,11.1,0.41,71.25,2.13,0.00646,0.01079,0.00763
41.4,28.27,202304,15.63,0.45,72.39,2.93,0.00909,0.01096,0.01049
41.4,28.27,202305,18.84,0.48,71.78,1.08,0.01096,0.01087,0.00387
41.4,28.27,202306,24.01,0.58,45.28,0.72,0.01397,0.00686,0.00258
41.4,28.27,202307,26.15,0.65,23.83,0.41,0.01521,0.00361,0.00147
41.4,28.27,202308,21.47,0.59,31.41,0.23,0.01249,0.00476,0.00082
41.4,28.27,202309,16.72,0.56,46.02,1.46,0.00973,0.00697,0.00523
41.4,28.27,202310,11.52,0.52,49.57,0.39,0.0067,0.0075,0.0014
41.4,28.27,202311,6.49,0.41,68.19,6.69,0.00378,0.01032,0.02396
41.4,28.27,202312,4.82,0.38,64.93,2.67,0.0028,0.00983,0.00956
41.4,28.3,202301,5.51,0.38,69.94,0.94,0.00321,0.01059,0.00337
41.4,28.3,202302,8.89,0.45,66.0,1.2,0.00517,0.00999,0.0043
41.4,28.3,202303,11.1,0.41,71.25,2.13,0.00646,0.01079,0.00763
41.4,28.3,202304,15.63,0.45,72.39,2.93,0.00909,0.01096,0.01049
41.4,28.3,202305,18.84,0.48,71.78,1.08,0.01096,0.01087,0.00387
41.4,28.3,202306,24.01,0.58,45.28,0.72,0.01397,0.00686,0.00258
41.4,28.3,202307,26.15,0.65,23.83,0.41,0.01521,0.00361,0.00147
41.4,28.3,202308,21.47,0.59,31.41,0.23,0.01249,0.00476,0.00082
41.4,28.3,202309,16.72,0.56,46.02,1.46,0.00973,0.00697,0.00523
41.4,28.3,202310,11.52,0.52,49.57,0.39,0.0067,0.0075,0.0014
41.4,28.3,202311,6.49,0.41,68.19,6.69,0.00378,0.01032,0.02396
41.4,28.3,202312,4.82,0.38,64.93,2.67,0.0028,0.00983,0.00956
41.4,28.33,202301,5.51,0.38,69.94,0.94,0.00321,0.01059,0.00337
41.4,28.33,202302,8.89,0.45,66.0,1.2,0.00517,0.00999,0.0043
41.4,28.33,202303,11.1,0.41,71.25,2.13,0.00646,0.01079,0.00763
41.4,28.33,202304,15.63,0.45,72.39,2.93,0.00909,0.01096,0.01049
41.4,28.33,202305,18.84,0.48,71.78,1.08,0.01096,0.01087,0.00387
41.4,28.33,202306,24.01,0.58,45.28,0.72,0.01397,0.00686,0.00258
41.4,28.33,202307,26.15,0.65,23.83,0.41,0.01521,0.00361,0.00147
41.4,28.33,202308,21.47,0.59,31.41,0.23,0.01249,0.00476,0.00082
41.4,28.33,202309,16.72,0.56,46.02,1.46,0.00973,0.00697,0.00523
41.4,28.33,202310,11.52,0.52,49.57,0.39,0.0067,0.0075,0.0014
41.4,28.33,202311,6.49,0.41,68.19,6.69,0.00378,0.01032,0.02396
41.4,28.33,202312,4.82,0.38,64.93,2.67,0.0028,0.00983,0.00956
41.4,28.36,202301,5.51,0.38,69.94,0.94,0.00321,0.01059,0.00337
41.4,28.36,202302,8.89,0.45,66.0,1.2,0.00517,0.00999,0.0043
41.4,28.36,202303,11.1,0.41,71.25,2.13,0.00646,0.01079,0.00763
41.4,28.36,202304,15.63,0.45,72.39,2.93,0.00909,0.01096,0.01049
41.4,28.36,202305,18.84,0.48,71.78,1.08,0.01096,0.01087,0.00387
41.4,28.36,202306,24.01,0.58,45.28,0.72,0.01397,0.00686,0.00258
41.4,28.36,202307,26.15,0.65,23.83,0.41,0.01521,0.00361,0.00147
41.4,28.36,202308,21.47,0.59,31.41,0.23,0.01249,0.00476,0.00082
41.4,28.36,202309,16.72,0.56,46.02,1.46,0.00973,0.00697,0.00523
41.4,28.36,202310,11.52,0.52,49.57,0.39,0.0067,0.0075,0.0014
41.4,28.36,202311,6.49,0.41,68.19,6.69,0.00378,0.01032,0.02396
41.4,28.36,202312,4.82,0.38,64.93,2.67,0.0028,0.00983,0.00956
41.4,28.39,202301,5.51,0.38,69.94,0.94,0.00321,0.01059,0.00337
41.4,28.39,202302,8.89,0.45,66.0,1.2,0.00517,0.00999,0.0043
41.4,28.39,202303,11.1,0.41,71.25,2.13,0.00646,0.01079,0.00763
41.4,28.39,202304,15.63,0.45,72.39,2.93,0.00909,0.01096,0.01049
41.4,28.39,202305,18.84,0.48,71.78,1.08,0.01096,0.01087,0.00387
41.4,28.39,202306,24.01,0.58,45.28,0.72,0.01397,0.00686,0.00258
41.4,28.39,202307,26.15,0.65,23.83,0.41,0.01521,0.00361,0.00147
41.4,28.39,202308,21.47,0.59,31.41,0.23,0.01249,0.00476,0.00082
41.4,28.39,202309,16.72,0.56,46.02,1.46,0.00973,0.00697,0.00523
41.4,28.39,202310,11.52,0.52,49.57,0.39,0.0067,0.0075,0.0014
41.4,28.39,202311,6.49,0.41,68.19,6.69,0.00378,0.01032,0.02396
41.4,28.39,202312,4.82,0.38,64.93,2.67,0.0028,0.00983,0.00956
41.4,28.42,202301,5.51,0.38,69.94,0.94,0.00321,0.01059,0.00337
41.4,28.42,202302,8.89,0.45,66.0,1.2,0.00517,0.00999,0.0043
41.4,28.42,202303,11.1,0.41,71.25,2.13,0.00646,0.01079,0.00763
41.4,28.42,202304,15.63,0.45,72.39,2.93,0.00909,0.01096,0.01049
41.4,28.42,202305,18.84,0.48,71.78,1.08,0.01096,0.01087,0.00387
41.4,28.42,202306,24.01,0.58,45.28,0.72,0.01397,0.00686,0.00258
41.4,28.42,202307,26.15,0.65,23.83,0.41,0.01521,0.00361,0.00147
41.4,28.42,202308,21.47,0.59,31.41,0.23,0.01249,0.00476,0.00082
41.4,28.42,202309,16.72,0.56,46.02,1.46,0.00973,0.00697,0.00523
41.4,28.42,202310,11.52,0.52,49.57,0.39,0.0067,0.0075,0.0014
41.4,28.42,202311,6.49,0.41,68.19,6.69,0.00378,0.01032,0.02396
41.4,28.42,202312,4.82,0.38,64.93,2.67,0.0028,0.00983,0.00956
41.4,28.45,202301,5.51,0.38,69.94,1.04,0.00321,0.01059,0.00372
41.4,28.45,202302,8.89,0.45,66.0,1.93,0.00517,0.00999,0.00691
41.4,28.45,202303,11.1,0.41,71.25,2.63,0.00646,0.01079,0.00942
41.4,28.45,202304,15.63,0.45,72.39,2.79,0.00909,0.01096,0.00999
41.4,28.45,202305,18.84,0.48,71.78,1.09,0.01096,0.01087,0.0039
41.4,28.45,202306,24.01,0.58,45.28,0.55,0.01397,0.00686,0.00197
41.4,28.45,202307,26.15,0.65,23.83,0.34,0.01521,0.00361,0.00122
41.4,28.45,202308,21.47,0.59,31.41,0.25,0.01249,0.00476,0.0009
41.4,28.45,202309,16.72,0.56,46.02,2.03,0.00973,0.00697,0.00727
41.4,28.45,202310,11.52,0.52,49.57,0.64,0.0067,0.0075,0.00229
41.4,28.45,202311,6.49,0.41,68.19,8.01,0.00378,0.01032,0.02869
41.4,28.45,202312,4.82,0.38,64.93,2.73,0.0028,0.00983,0.00978
41.4,28.48,202301,5.51,0.38,69.94,1.04,0.00321,0.01059,0.00372
41.4,28.48,202302,8.89,0.45,66.0,1.93,0.00517,0.00999,0.00691
41.4,28.48,202303,11.1,0.41,71.25,2.63,0.00646,0.01079,0.00942
41.4,28.48,202304,15.63,0.45,72.39,2.79,0.00909,0.01096,0.00999
41.4,28.48,202305,18.84,0.48,71.78,1.09,0.01096,0.01087,0.0039
41.4,28.48,202306,24.01,0.58,45.28,0.55,0.01397,0.00686,0.00197
41.4,28.48,202307,26.15,0.65,23.83,0.34,0.01521,0.00361,0.00122
41.4,28.48,202308,21.47,0.59,31.41,0.25,0.01249,0.00476,0.0009
41.4,28.48,202309,16.72,0.56,46.02,2.03,0.00973,0.00697,0.00727
41.4,28.48,202310,11.52,0.52,49.57,0.64,0.0067,0.0075,0.00229
41.4,28.48,202311,6.49,0.41,68.19,8.01,0.00378,0.01032,0.02869
41.4,28.48,202312,4.82,0.38,64.93,2.73,0.0028,0.00983,0.00978
41.42,28.12,202301,5.51,0.38,69.94,0.94,0.00321,0.01059,0.00337
41.42,28.12,202302,8.89,0.45,66.0,1.2,0.00517,0.00999,0.0043
41.42,28.12,202303,11.1,0.41,71.25,2.13,0.00646,0.01079,0.00763
41.42,28.12,202304,15.63,0.45,72.39,2.93,0.00909,0.01096,0.01049
41.42,28.12,202305,18.84,0.48,71.78,1.08,0.01096,0.01087,0.00387
41.42,28.12,202306,24.01,0.58,45.28,0.72,0.01397,0.00686,0.00258
41.42,28.12,202307,26.15,0.65,23.83,0.41,0.01521,0.00361,0.00147
41.42,28.12,202308,21.47,0.59,31.41,0.23,0.01249,0.00476,0.00082
41.42,28.12,202309,16.72,0.56,46.02,1.46,0.00973,0.00697,0.00523
41.42,28.12,202310,11.52,0.52,49.57,0.39,0.0067,0.0075,0.0014
41.42,28.12,202311,6.49,0.41,68.19,6.69,0.00378,0.01032,0.02396
41.42,28.12,202312,4.82,0.38,64.93,2.67,0.0028,0.00983,0.00956
41.42,28.15,202301,5.51,0.38,69.94,0.94,0.00321,0.01059,0.00337
41.42,28.15,202302,8.89,0.45,66.0,1.2,0.00517,0.00999,0.0043
41.42,28.15,202303,11.1,0.41,71.25,2.13,0.00646,0.01079,0.00763
41.42,28.15,202304,15.63,0.45,72.39,2.93,0.00909,0.01096,0.01049
41.42,28.15,202305,18.84,0.48,71.78,1.08,0.01096,0.01087,0.00387
41.42,28.15,202306,24.01,0.58,45.28,0.72,0.01397,0.00686,0.00258
41.42,28.15,202307,26.15,0.65,23.83,0.41,0.01521,0.00361,0.00147
41.42,28.15,202308,21.47,0.59,31.41,0.23,0.01249,0.00476,0.00082
41.42,28.15,202309,16.72,0.56,46.02,1.46,0.00973,0.00697,0.00523
41.42,28.15,202310,11.52,0.52,49.57,0.39,0.0067,0.0075,0.0014
41.42,28.15,202311,6.49,0.41,68.19,6.69,0.00378,0.01032,0.02396
41.42,28.15,202312,4.82,0.38,64.93,2.67,0.0028,0.00983,0.00956
41.42,28.18,202301,5.51,0.38,69.94,0.94,0.00321,0.01059,0.00337
41.42,28.18,202302,8.89,0.45,66.0,1.2,0.00517,0.00999,0.0043
41.42,28.18,202303,11.1,0.41,71.25,2.13,0.00646,0.01079,0.00763
41.42,28.18,202304,15.63,0.45,72.39,2.93,0.00909,0.01096,0.01049
41.42,28.18,202305,18.84,0.48,71.78,1.08,0.01096,0.01087,0.00387
41.42,28.18,202306,24.01,0.58,45.28,0.72,0.01397,0.00686,0.00258
41.42,28.18,202307,26.15,0.65,23.83,0.41,0.01521,0.00361,0.00147
41.42,28.18,202308,21.47,0.59,31.41,0.23,0.01249,0.00476,0.00082
41.42,28.18,202309,16.72,0.56,46.02,1.46,0.00973,0.00697,0.00523
41.42,28.18,202310,11.52,0.52,49.57,0.39,0.0067,0.0075,0.0014
41.42,28.18,202311,6.49,0.41,68.19,6.69,0.00378,0.01032,0.02396
41.42,28.18,202312,4.82,0.38,64.93,2.67,0.0028,0.00983,0.00956
41.42,28.21,202301,5.51,0.38,69.94,0.94,0.00321,0.01059,0.00337
41.42,28.21,202302,8.89,0.45,66.0,1.2,0.00517,0.00999,0.0043
41.42,28.21,202303,11.1,0.41,71.25,2.13,0.00646,0.01079,0.00763
41.42,28.21,202304,15.63,0.45,72.39,2.93,0.00909,0.01096,0.01049
41.42,28.21,202305,18.84,0.48,71.78,1.08,0.01096,0.01087,0.00387
41.42,28.21,202306,24.01,0.58,45.28,0.72,0.01397,0.00686,0.00258
41.42,28.21,202307,26.15,0.65,23.83,0.41,0.01521,0.00361,0.00147
41.42,28.21,202308,21.47,0.59,31.41,0.23,0.01249,0.00476,0.00082
41.42,28.21,202309,16.72,0.56,46.02,1.46,0.00973,0.00697,0.00523
41.42,28.21,202310,11.52,0.52,49.57,0.39,0.0067,0.0075,0.0014
41.42,28.21,202311,6.49,0.41,68.19,6.69,0.00378,0.01032,0.02396
41.42,28.21,202312,4.82,0.38,64.93,2.67,0.0028,0.00983,0.00956
41.42,28.24,202301,5.51,0.38,69.94,0.94,0.00321,0.01059,0.00337
41.42,28.24,202302,8.89,0.45,66.0,1.2,0.00517,0.00999,0.0043
41.42,28.24,202303,11.1,0.41,71.25,2.13,0.00646,0.01079,0.00763
41.42,28.24,202304,15.63,0.45,72.39,2.93,0.00909,0.01096,0.01049
41.42,28.24,202305,18.84,0.48,71.78,1.08,0.01096,0.01087,0.00387
41.42,28.24,202306,24.01,0.58,45.28,0.72,0.01397,0.00686,0.00258
41.42,28.24,202307,26.15,0.65,23.83,0.41,0.01521,0.00361,0.00147
41.42,28.24,202308,21.47,0.59,31.41,0.23,0.01249,0.00476,0.00082
41.42,28.24,202309,16.72,0.56,46.02,1.46,0.00973,0.00697,0.00523
41.42,28.24,202310,11.52,0.52,49.57,0.39,0.0067,0.0075,0.0014
41.42,28.24,202311,6.49,0.41,68.19,6.69,0.00378,0.01032,0.02396
41.42,28.24,202312,4.82,0.38,64.93,2.67,0.0028,0.00983,0.00956
41.42,28.27,202301,5.51,0.38,69.94,0.94,0.00321,0.01059,0.00337
41.42,28.27,202302,8.89,0.45,66.0,1.2,0.00517,0.00999,0.0043
41.42,28.27,202303,11.1,0.41,71.25,2.13,0.00646,0.01079,0.00763
41.42,28.27,202304,15.63,0.45,72.39,2.93,0.00909,0.01096,0.01049
41.42,28.27,202305,18.84,0.48,71.78,1.08,0.01096,0.01087,0.00387
41.42,28.27,202306,24.01,0.58,45.28,0.72,0.01397,0.00686,0.00258
41.42,28.27,202307,26.15,0.65,23.83,0.41,0.01521,0.00361,0.00147
41.42,28.27,202308,21.47,0.59,31.41,0.23,0.01249,0.00476,0.00082
41.42,28.27,202309,16.72,0.56,46.02,1.46,0.00973,0.00697,0.00523
41.42,28.27,202310,11.52,0.52,49.57,0.39,0.0067,0.0075,0.0014
41.42,28.27,202311,6.49,0.41,68.19,6.69,0.00378,0.01032,0.02396
41.42,28.27,202312,4.82,0.38,64.93,2.67,0.0028,0.00983,0.00956
41.42,28.3,202301,5.51,0.38,69.94,0.94,0.00321,0.01059,0.00337
41.42,28.3,202302,8.89,0.45,66.0,1.2,0.00517,0.00999,0.0043
41.42,28.3,202303,11.1,0.41,71.25,2.13,0.00646,0.01079,0.00763
41.42,28.3,202304,15.63,0.45,72.39,2.93,0.00909,0.01096,0.01049
41.42,28.3,202305,18.84,0.48,71.78,1.08,0.01096,0.01087,0.00387
41.42,28.3,202306,24.01,0.58,45.28,0.72,0.01397,0.00686,0.00258
41.42,28.3,202307,26.15,0.65,23.83,0.41,0.01521,0.00361,0.00147
41.42,28.3,202308,21.47,0.59,31.41,0.23,0.01249,0.00476,0.00082
41.42,28.3,202309,16.72,0.56,46.02,1.46,0.00973,0.00697,0.00523
41.42,28.3,202310,11.52,0.52,49.57,0.39,0.0067,0.0075,0.0014
41.42,28.3,202311,6.49,0.41,68.19,6.69,0.00378,0.01032,0.02396
41.42,28.3,202312,4.82,0.38,64.93,2.67,0.0028,0.00983,0.00956
41.42,28.33,202301,5.51,0.38,69.94,0.94,0.00321,0.01059,0.00337
41.42,28.33,202302,8.89,0.45,66.0,1.2,0.00517,0.00999,0.0043
41.42,28.33,202303,11.1,0.41,71.25,2.13,0.00646,0.01079,0.00763
41.42,28.33,202304,15.63,0.45,72.39,2.93,0.00909,0.01096,0.01049
41.42,28.33,202305,18.84,0.48,71.78,1.08,0.01096,0.01087,0.00387
41.42,28.33,202306,24.01,0.58,45.28,0.72,0.01397,0.00686,0.00258
41.42,28.33,202307,26.15,0.65,23.83,0.41,0.01521,0.00361,0.00147
41.42,28.33,202308,21.47,0.59,31.41,0.23,0.01249,0.00476,0.00082
41.42,28.33,202309,16.72,0.56,46.02,1.46,0.00973,0.00697,0.00523
41.42,28.33,202310,11.52,0.52,49.57,0.39,0.0067,0.0075,0.0014
41.42,28.33,202311,6.49,0.41,68.19,6.69,0.00378,0.01032,0.02396
41.42,28.33,202312,4.82,0.38,64.93,2.67,0.0028,0.00983,0.00956
41.42,28.36,202301,5.51,0.38,69.94,0.94,0.00321,0.01059,0.00337
41.42,28.36,202302,8.89,0.45,66.0,1.2,0.00517,0.00999,0.0043
41.42,28.36,202303,11.1,0.41,71.25,2.13,0.00646,0.01079,0.00763
41.42,28.36,202304,15.63,0.45,72.39,2.93,0.00909,0.01096,0.01049
41.42,28.36,202305,18.84,0.48,71.78,1.08,0.01096,0.01087,0.00387
41.42,28.36,202306,24.01,0.58,45.28,0.72,0.01397,0.00686,0.00258
41.42,28.36,202307,26.15,0.65,23.83,0.41,0.01521,0.00361,0.00147
41.42,28.36,202308,21.47,0.59,31.41,0.23,0.01249,0.00476,0.00082
41.42,28.36,202309,16.72,0.56,46.02,1.46,0.00973,0.00697,0.00523
41.42,28.36,202310,11.52,0.52,49.57,0.39,0.0067,0.0075,0.0014
41.42,28.36,202311,6.49,0.41,68.19,6.69,0.00378,0.01032,0.02396
41.42,28.36,202312,4.82,0.38,64.93,2.67,0.0028,0.00983,0.00956
41.42,28.39,202301,5.51,0.38,69.94,0.94,0.00321,0.01059,0.00337
41.42,28.39,202302,8.89,0.45,66.0,1.2,0.00517,0.00999,0.0043
41.42,28.39,202303,11.1,0.41,71.25,2.13,0.00646,0.01079,0.00763
41.42,28.39,202304,15.63,0.45,72.39,2.93,0.00909,0.01096,0.01049
41.42,28.39,202305,18.84,0.48,71.78,1.08,0.01096,0.01087,0.00387
41.42,28.39,202306,24.01,0.58,45.28,0.72,0.01397,0.00686,0.00258
41.42,28.39,202307,26.15,0.65,23.83,0.41,0.01521,0.00361,0.00147
41.42,28.39,202308,21.47,0.59,31.41,0.23,0.01249,0.00476,0.00082
41.42,28.39,202309,16.72,0.56,46.02,1.46,0.00973,0.00697,0.00523
41.42,28.39,202310,11.52,0.52,49.57,0.39,0.0067,0.0075,0.0014
41.42,28.39,202311,6.49,0.41,68.19,6.69,0.00378,0.01032,0.02396
41.42,28.39,202312,4.82,0.38,64.93,2.67,0.0028,0.00983,0.00956
41.42,28.42,202301,5.51,0.38,69.94,0.94,0.00321,0.01059,0.00337
41.42,28.42,202302,8.89,0.45,66.0,1.2,0.00517,0.00999,0.0043
41.42,28.42,202303,11.1,0.41,71.25,2.13,0.00646,0.01079,0.00763
41.42,28.42,202304,15.63,0.45,72.39,2.93,0.00909,0.01096,0.01049
41.42,28.42,202305,18.84,0.48,71.78,1.08,0.01096,0.01087,0.00387
41.42,28.42,202306,24.01,0.58,45.28,0.72,0.01397,0.00686,0.00258
41.42,28.42,202307,26.15,0.65,23.83,0.41,0.01521,0.00361,0.00147
41.42,28.42,202308,21.47,0.59,31.41,0.23,0.01249,0.00476,0.00082
41.42,28.42,202309,16.72,0.56,46.02,1.46,0.00973,0.00697,0.00523
41.42,28.42,202310,11.52,0.52,49.57,0.39,0.0067,0.0075,0.0014
41.42,28.42,202311,6.49,0.41,68.19,6.69,0.00378,0.01032,0.02396
41.42,28.42,202312,4.82,0.38,64.93,2.67,0.0028,0.00983,0.00956
41.42,28.45,202301,5.51,0.38,69.94,1.04,0.00321,0.01059,0.00372
41.42,28.45,202302,8.89,0.45,66.0,1.93,0.00517,0.00999,0.00691
41.42,28.45,202303,11.1,0.41,71.25,2.63,0.00646,0.01079,0.00942
41.42,28.45,202304,15.63,0.45,72.39,2.79,0.00909,0.01096,0.00999
41.42,28.45,202305,18.84,0.48,71.78,1.09,0.01096,0.01087,0.0039
41.42,28.45,202306,24.01,0.58,45.28,0.55,0.01397,0.00686,0.00197
41.42,28.45,202307,26.15,0.65,23.83,0.34,0.01521,0.00361,0.00122
41.42,28.45,202308,21.47,0.59,31.41,0.25,0.01249,0.00476,0.0009
41.42,28.45,202309,16.72,0.56,46.02,2.03,0.00973,0.00697,0.00727
41.42,28.45,202310,11.52,0.52,49.57,0.64,0.0067,0.0075,0.00229
41.42,28.45,202311,6.49,0.41,68.19,8.01,0.00378,0.01032,0.02869
41.42,28.45,202312,4.82,0.38,64.93,2.73,0.0028,0.00983,0.00978
41.44,28.12,202301,5.51,0.38,69.94,0.94,0.00321,0.01059,0.00337
41.44,28.12,202302,8.89,0.45,66.0,1.2,0.00517,0.00999,0.0043
41.44,28.12,202303,11.1,0.41,71.25,2.13,0.00646,0.01079,0.00763
41.44,28.12,202304,15.63,0.45,72.39,2.93,0.00909,0.01096,0.01049
41.44,28.12,202305,18.84,0.48,71.78,1.08,0.01096,0.01087,0.00387
41.44,28.12,202306,24.01,0.58,45.28,0.72,0.01397,0.00686,0.00258
41.44,28.12,202307,26.15,0.65,23.83,0.41,0.01521,0.00361,0.00147
41.44,28.12,202308,21.47,0.59,31.41,0.23,0.01249,0.00476,0.00082
41.44,28.12,202309,16.72,0.56,46.02,1.46,0.00973,0.00697,0.00523
41.44,28.12,202310,11.52,0.52,49.57,0.39,0.0067,0.0075,0.0014
41.44,28.12,202311,6.49,0.41,68.19,6.69,0.00378,0.01032,0.02396
41.44,28.12,202312,4.82,0.38,64.93,2.67,0.0028,0.00983,0.00956
41.44,28.15,202301,5.51,0.38,69.94,0.94,0.00321,0.01059,0.00337
41.44,28.15,202302,8.89,0.45,66.0,1.2,0.00517,0.00999,0.0043
41.44,28.15,202303,11.1,0.41,71.25,2.13,0.00646,0.01079,0.00763
41.44,28.15,202304,15.63,0.45,72.39,2.93,0.00909,0.01096,0.01049
41.44,28.15,202305,18.84,0.48,71.78,1.08,0.01096,0.01087,0.00387
41.44,28.15,202306,24.01,0.58,45.28,0.72,0.01397,0.00686,0.00258
41.44,28.15,202307,26.15,0.65,23.83,0.41,0.01521,0.00361,0.00147
41.44,28.15,202308,21.47,0.59,31.41,0.23,0.01249,0.00476,0.00082
41.44,28.15,202309,16.72,0.56,46.02,1.46,0.00973,0.00697,0.00523
41.44,28.15,202310,11.52,0.52,49.57,0.39,0.0067,0.0075,0.0014
41.44,28.15,202311,6.49,0.41,68.19,6.69,0.00378,0.01032,0.02396
41.44,28.15,202312,4.82,0.38,64.93,2.67,0.0028,0.00983,0.00956
41.44,28.18,202301,5.51,0.38,69.94,0.94,0.00321,0.01059,0.00337
41.44,28.18,202302,8.89,0.45,66.0,1.2,0.00517,0.00999,0.0043
41.44,28.18,202303,11.1,0.41,71.25,2.13,0.00646,0.01079,0.00763
41.44,28.18,202304,15.63,0.45,72.39,2.93,0.00909,0.01096,0.01049
41.44,28.18,202305,18.84,0.48,71.78,1.08,0.01096,0.01087,0.00387
41.44,28.18,202306,24.01,0.58,45.28,0.72,0.01397,0.00686,0.00258
41.44,28.18,202307,26.15,0.65,23.83,0.41,0.01521,0.00361,0.00147
41.44,28.18,202308,21.47,0.59,31.41,0.23,0.01249,0.00476,0.00082
41.44,28.18,202309,16.72,0.56,46.02,1.46,0.00973,0.00697,0.00523
41.44,28.18,202310,11.52,0.52,49.57,0.39,0.0067,0.0075,0.0014
41.44,28.18,202311,6.49,0.41,68.19,6.69,0.00378,0.01032,0.02396
41.44,28.18,202312,4.82,0.38,64.93,2.67,0.0028,0.00983,0.00956
41.44,28.21,202301,5.51,0.38,69.94,0.94,0.00321,0.01059,0.00337
41.44,28.21,202302,8.89,0.45,66.0,1.2,0.00517,0.00999,0.0043
41.44,28.21,202303,11.1,0.41,71.25,2.13,0.00646,0.01079,0.00763
41.44,28.21,202304,15.63,0.45,72.39,2.93,0.00909,0.01096,0.01049
41.44,28.21,202305,18.84,0.48,71.78,1.08,0.01096,0.01087,0.00387
41.44,28.21,202306,24.01,0.58,45.28,0.72,0.01397,0.00686,0.00258
41.44,28.21,202307,26.15,0.65,23.83,0.41,0.01521,0.00361,0.00147
41.44,28.21,202308,21.47,0.59,31.41,0.23,0.01249,0.00476,0.00082
41.44,28.21,202309,16.72,0.56,46.02,1.46,0.00973,0.00697,0.00523
41.44,28.21,202310,11.52,0.52,49.57,0.39,0.0067,0.0075,0.0014
41.44,28.21,202311,6.49,0.41,68.19,6.69,0.00378,0.01032,0.02396
41.44,28.21,202312,4.82,0.38,64.93,2.67,0.0028,0.00983,0.00956
41.44,28.24,202301,5.51,0.38,69.94,0.94,0.00321,0.01059,0.00337
41.44,28.24,202302,8.89,0.45,66.0,1.2,0.00517,0.00999,0.0043
41.44,28.24,202303,11.1,0.41,71.25,2.13,0.00646,0.01079,0.00763
41.44,28.24,202304,15.63,0.45,72.39,2.93,0.00909,0.01096,0.01049
41.44,28.24,202305,18.84,0.48,71.78,1.08,0.01096,0.01087,0.00387
41.44,28.24,202306,24.01,0.58,45.28,0.72,0.01397,0.00686,0.00258
41.44,28.24,202307,26.15,0.65,23.83,0.41,0.01521,0.00361,0.00147
41.44,28.24,202308,21.47,0.59,31.41,0.23,0.01249,0.00476,0.00082
41.44,28.24,202309,16.72,0.56,46.02,1.46,0.00973,0.00697,0.00523
41.44,28.24,202310,11.52,0.52,49.57,0.39,0.0067,0.0075,0.0014
41.44,28.24,202311,6.49,0.41,68.19,6.69,0.00378,0.01032,0.02396
41.44,28.24,202312,4.82,0.38,64.93,2.67,0.0028,0.00983,0.00956
41.44,28.27,202301,5.51,0.38,69.94,0.94,0.00321,0.01059,0.00337
41.44,28.27,202302,8.89,0.45,66.0,1.2,0.00517,0.00999,0.0043
41.44,28.27,202303,11.1,0.41,71.25,2.13,0.00646,0.01079,0.00763
41.44,28.27,202304,15.63,0.45,72.39,2.93,0.00909,0.01096,0.01049
41.44,28.27,202305,18.84,0.48,71.78,1.08,0.01096,0.01087,0.00387
41.44,28.27,202306,24.01,0.58,45.28,0.72,0.01397,0.00686,0.00258
41.44,28.27,202307,26.15,0.65,23.83,0.41,0.01521,0.00361,0.00147
41.44,28.27,202308,21.47,0.59,31.41,0.23,0.01249,0.00476,0.00082
41.44,28.27,202309,16.72,0.56,46.02,1.46,0.00973,0.00697,0.00523
41.44,28.27,202310,11.52,0.52,49.57,0.39,0.0067,0.0075,0.0014
41.44,28.27,202311,6.49,0.41,68.19,6.69,0.00378,0.01032,0.02396
41.44,28.27,202312,4.82,0.38,64.93,2.67,0.0028,0.00983,0.00956
41.44,28.3,202301,5.51,0.38,69.94,0.94,0.00321,0.01059,0.00337
41.44,28.3,202302,8.89,0.45,66.0,1.2,0.00517,0.00999,0.0043
41.44,28.3,202303,11.1,0.41,71.25,2.13,0.00646,0.01079,0.00763
41.44,28.3,202304,15.63,0.45,72.39,2.93,0.00909,0.01096,0.01049
41.44,28.3,202305,18.84,0.48,71.78,1.08,0.01096,0.01087,0.00387
41.44,28.3,202306,24.01,0.58,45.28,0.72,0.01397,0.00686,0.00258
41.44,28.3,202307,26.15,0.65,23.83,0.41,0.01521,0.00361,0.00147
41.44,28.3,202308,21.47,0.59,31.41,0.23,0.01249,0.00476,0.00082
41.44,28.3,202309,16.72,0.56,46.02,1.46,0.00973,0.00697,0.00523
41.44,28.3,202310,11.52,0.52,49.57,0.39,0.0067,0.0075,0.0014
41.44,28.3,202311,6.49,0.41,68.19,6.69,0.00378,0.01032,0.02396
41.44,28.3,202312,4.82,0.38,64.93,2.67,0.0028,0.00983,0.00956
41.44,28.33,202301,5.51,0.38,69.94,0.94,0.00321,0.01059,0.00337
41.44,28.33,202302,8.89,0.45,66.0,1.2,0.00517,0.00999,0.0043
41.44,28.33,202303,11.1,0.41,71.25,2.13,0.00646,0.01079,0.00763
41.44,28.33,202304,15.63,0.45,72.39,2.93,0.00909,0.01096,0.01049
41.44,28.33,202305,18.84,0.48,71.78,1.08,0.01096,0.01087,0.00387
41.44,28.33,202306,24.01,0.58,45.28,0.72,0.01397,0.00686,0.00258
41.44,28.33,202307,26.15,0.65,23.83,0.41,0.01521,0.00361,0.00147
41.44,28.33,202308,21.47,0.59,31.41,0.23,0.01249,0.00476,0.00082
41.44,28.33,202309,16.72,0.56,46.02,1.46,0.00973,0.00697,0.00523
41.44,28.33,202310,11.52,0.52,49.57,0.39,0.0067,0.0075,0.0014
41.44,28.33,202311,6.49,0.41,68.19,6.69,0.00378,0.01032,0.02396
41.44,28.33,202312,4.82,0.38,64.93,2.67,0.0028,0.00983,0.00956
41.44,28.36,202301,5.51,0.38,69.94,0.94,0.00321,0.01059,0.00337
41.44,28.36,202302,8.89,0.45,66.0,1.2,0.00517,0.00999,0.0043
41.44,28.36,202303,11.1,0.41,71.25,2.13,0.00646,0.01079,0.00763
41.44,28.36,202304,15.63,0.45,72.39,2.93,0.00909,0.01096,0.01049
41.44,28.36,202305,18.84,0.48,71.78,1.08,0.01096,0.01087,0.00387
41.44,28.36,202306,24.01,0.58,45.28,0.72,0.01397,0.00686,0.00258
41.44,28.36,202307,26.15,0.65,23.83,0.41,0.01521,0.00361,0.00147
41.44,28.36,202308,21.47,0.59,31.41,0.23,0.01249,0.00476,0.00082
41.44,28.36,202309,16.72,0.56,46.02,1.46,0.00973,0.00697,0.00523
41.44,28.36,202310,11.52,0.52,49.57,0.39,0.0067,0.0075,0.0014
41.44,28.36,202311,6.49,0.41,68.19,6.69,0.00378,0.01032,0.02396
41.44,28.36,202312,4.82,0.38,64.93,2.67,0.0028,0.00983,0.00956
41.44,28.39,202301,5.51,0.38,69.94,0.94,0.00321,0.01059,0.00337
41.44,28.39,202302,8.89,0.45,66.0,1.2,0.00517,0.00999,0.0043
41.44,28.39,202303,11.1,0.41,71.25,2.13,0.00646,0.01079,0.00763
41.44,28.39,202304,15.63,0.45,72.39,2.93,0.00909,0.01096,0.01049
41.44,28.39,202305,18.84,0.48,71.78,1.08,0.01096,0.01087,0.00387
41.44,28.39,202306,24.01,0.58,45.28,0.72,0.01397,0.00686,0.00258
41.44,28.39,202307,26.15,0.65,23.83,0.41,0.01521,0.00361,0.00147
41.44,28.39,202308,21.47,0.59,31.41,0.23,0.01249,0.00476,0.00082
41.44,28.39,202309,16.72,0.56,46.02,1.46,0.00973,0.00697,0.00523
41.44,28.39,202310,11.52,0.52,49.57,0.39,0.0067,0.0075,0.0014
41.44,28.39,202311,6.49,0.41,68.19,6.69,0.00378,0.01032,0.02396
41.44,28.39,202312,4.82,0.38,64.93,2.67,0.0028,0.00983,0.00956
41.46,28.12,202301,5.51,0.38,69.94,0.94,0.00321,0.01059,0.00337
41.46,28.12,202302,8.89,0.45,66.0,1.2,0.00517,0.00999,0.0043
41.46,28.12,202303,11.1,0.41,71.25,2.13,0.00646,0.01079,0.00763
41.46,28.12,202304,15.63,0.45,72.39,2.93,0.00909,0.01096,0.01049
41.46,28.12,202305,18.84,0.48,71.78,1.08,0.01096,0.01087,0.00387
41.46,28.12,202306,24.01,0.58,45.28,0.72,0.01397,0.00686,0.00258
41.46,28.12,202307,26.15,0.65,23.83,0.41,0.01521,0.00361,0.00147
41.46,28.12,202308,21.47,0.59,31.41,0.23,0.01249,0.00476,0.00082
41.46,28.12,202309,16.72,0.56,46.02,1.46,0.00973,0.00697,0.00523
41.46,28.12,202310,11.52,0.52,49.57,0.39,0.0067,0.0075,0.0014
41.46,28.12,202311,6.49,0.41,68.19,6.69,0.00378,0.01032,0.02396
41.46,28.12,202312,4.82,0.38,64.93,2.67,0.0028,0.00983,0.00956
41.46,28.15,202301,5.51,0.38,69.94,0.94,0.00321,0.01059,0.00337
41.46,28.15,202302,8.89,0.45,66.0,1.2,0.00517,0.00999,0.0043
41.46,28.15,202303,11.1,0.41,71.25,2.13,0.00646,0.01079,0.00763
41.46,28.15,202304,15.63,0.45,72.39,2.93,0.00909,0.01096,0.01049
41.46,28.15,202305,18.84,0.48,71.78,1.08,0.01096,0.01087,0.00387
41.46,28.15,202306,24.01,0.58,45.28,0.72,0.01397,0.00686,0.00258
41.46,28.15,202307,26.15,0.65,23.83,0.41,0.01521,0.00361,0.00147
41.46,28.15,202308,21.47,0.59,31.41,0.23,0.01249,0.00476,0.00082
41.46,28.15,202309,16.72,0.56,46.02,1.46,0.00973,0.00697,0.00523
41.46,28.15,202310,11.52,0.52,49.57,0.39,0.0067,0.0075,0.0014
41.46,28.15,202311,6.49,0.41,68.19,6.69,0.00378,0.01032,0.02396
41.46,28.15,202312,4.82,0.38,64.93,2.67,0.0028,0.00983,0.00956
41.46,28.18,202301,5.51,0.38,69.94,0.94,0.00321,0.01059,0.00337
41.46,28.18,202302,8.89,0.45,66.0,1.2,0.00517,0.00999,0.0043
41.46,28.18,202303,11.1,0.41,71.25,2.13,0.00646,0.01079,0.00763
41.46,28.18,202304,15.63,0.45,72.39,2.93,0.00909,0.01096,0.01049
41.46,28.18,202305,18.84,0.48,71.78,1.08,0.01096,0.01087,0.00387
41.46,28.18,202306,24.01,0.58,45.28,0.72,0.01397,0.00686,0.00258
41.46,28.18,202307,26.15,0.65,23.83,0.41,0.01521,0.00361,0.00147
41.46,28.18,202308,21.47,0.59,31.41,0.23,0.01249,0.00476,0.00082
41.46,28.18,202309,16.72,0.56,46.02,1.46,0.00973,0.00697,0.00523
41.46,28.18,202310,11.52,0.52,49.57,0.39,0.0067,0.0075,0.0014
41.46,28.18,202311,6.49,0.41,68.19,6.69,0.00378,0.01032,0.02396
41.46,28.18,202312,4.82,0.38,64.93,2.67,0.0028,0.00983,0.00956
41.46,28.21,202301,5.51,0.38,69.94,0.94,0.00321,0.01059,0.00337
41.46,28.21,202302,8.89,0.45,66.0,1.2,0.00517,0.00999,0.0043
41.46,28.21,202303,11.1,0.41,71.25,2.13,0.00646,0.01079,0.00763
41.46,28.21,202304,15.63,0.45,72.39,2.93,0.00909,0.01096,0.01049
41.46,28.21,202305,18.84,0.48,71.78,1.08,0.01096,0.01087,0.00387
41.46,28.21,202306,24.01,0.58,45.28,0.72,0.01397,0.00686,0.00258
41.46,28.21,202307,26.15,0.65,23.83,0.41,0.01521,0.00361,0.00147
41.46,28.21,202308,21.47,0.59,31.41,0.23,0.01249,0.00476,0.00082
41.46,28.21,202309,16.72,0.56,46.02,1.46,0.00973,0.00697,0.00523
41.46,28.21,202310,11.52,0.52,49.57,0.39,0.0067,0.0075,0.0014
41.46,28.21,202311,6.49,0.41,68.19,6.69,0.00378,0.01032,0.02396
41.46,28.21,202312,4.82,0.38,64.93,2.67,0.0028,0.00983,0.00956
41.46,28.24,202301,5.51,0.38,69.94,0.94,0.00321,0.01059,0.00337
41.46,28.24,202302,8.89,0.45,66.0,1.2,0.00517,0.00999,0.0043
41.46,28.24,202303,11.1,0.41,71.25,2.13,0.00646,0.01079,0.00763
41.46,28.24,202304,15.63,0.45,72.39,2.93,0.00909,0.01096,0.01049
41.46,28.24,202305,18.84,0.48,71.78,1.08,0.01096,0.01087,0.00387
41.46,28.24,202306,24.01,0.58,45.28,0.72,0.01397,0.00686,0.00258
41.46,28.24,202307,26.15,0.65,23.83,0.41,0.01521,0.00361,0.00147
41.46,28.24,202308,21.47,0.59,31.41,0.23,0.01249,0.00476,0.00082
41.46,28.24,202309,16.72,0.56,46.02,1.46,0.00973,0.00697,0.00523
41.46,28.24,202310,11.52,0.52,49.57,0.39,0.0067,0.0075,0.0014
41.46,28.24,202311,6.49,0.41,68.19,6.69,0.00378,0.01032,0.02396
41.46,28.24,202312,4.82,0.38,64.93,2.67,0.0028,0.00983,0.00956
41.46,28.27,202301,5.51,0.38,69.94,0.94,0.00321,0.01059,0.00337
41.46,28.27,202302,8.89,0.45,66.0,1.2,0.00517,0.00999,0.0043
41.46,28.27,202303,11.1,0.41,71.25,2.13,0.00646,0.01079,0.00763
41.46,28.27,202304,15.63,0.45,72.39,2.93,0.00909,0.01096,0.01049
41.46,28.27,202305,18.84,0.48,71.78,1.08,0.01096,0.01087,0.00387
41.46,28.27,202306,24.01,0.58,45.28,0.72,0.01397,0.00686,0.00258
41.46,28.27,202307,26.15,0.65,23.83,0.41,0.01521,0.00361,0.00147
41.46,28.27,202308,21.47,0.59,31.41,0.23,0.01249,0.00476,0.00082
41.46,28.27,202309,16.72,0.56,46.02,1.46,0.00973,0.00697,0.00523
41.46,28.27,202310,11.52,0.52,49.57,0.39,0.0067,0.0075,0.0014
41.46,28.27,202311,6.49,0.41,68.19,6.69,0.00378,0.01032,0.02396
41.46,28.27,202312,4.82,0.38,64.93,2.67,0.0028,0.00983,0.00956
41.46,28.3,202301,5.51,0.38,69.94,0.94,0.00321,0.01059,0.00337
41.46,28.3,202302,8.89,0.45,66.0,1.2,0.00517,0.00999,0.0043
41.46,28.3,202303,11.1,0.41,71.25,2.13,0.00646,0.01079,0.00763
41.46,28.3,202304,15.63,0.45,72.39,2.93,0.00909,0.01096,0.01049
41.46,28.3,202305,18.84,0.48,71.78,1.08,0.01096,0.01087,0.00387
41.46,28.3,202306,24.01,0.58,45.28,0.72,0.01397,0.00686,0.00258
41.46,28.3,202307,26.15,0.65,23.83,0.41,0.01521,0.00361,0.00147
41.46,28.3,202308,21.47,0.59,31.41,0.23,0.01249,0.00476,0.00082
41.46,28.3,202309,16.72,0.56,46.02,1.46,0.00973,0.00697,0.00523
41.46,28.3,202310,11.52,0.52,49.57,0.39,0.0067,0.0075,0.0014
41.46,28.3,202311,6.49,0.41,68.19,6.69,0.00378,0.01032,0.02396
41.46,28.3,202312,4.82,0.38,64.93,2.67,0.0028,0.00983,0.00956
41.46,28.33,202301,5.51,0.38,69.94,0.94,0.00321,0.01059,0.00337
41.46,28.33,202302,8.89,0.45,66.0,1.2,0.00517,0.00999,0.0043
41.46,28.33,202303,11.1,0.41,71.25,2.13,0.00646,0.01079,0.00763
41.46,28.33,202304,15.63,0.45,72.39,2.93,0.00909,0.01096,0.01049
41.46,28.33,202305,18.84,0.48,71.78,1.08,0.01096,0.01087,0.00387
41.46,28.33,202306,24.01,0.58,45.28,0.72,0.01397,0.00686,0.00258
41.46,28.33,202307,26.15,0.65,23.83,0.41,0.01521,0.00361,0.00147
41.46,28.33,202308,21.47,0.59,31.41,0.23,0.01249,0.00476,0.00082
41.46,28.33,202309,16.72,0.56,46.02,1.46,0.00973,0.00697,0.00523
41.46,28.33,202310,11.52,0.52,49.57,0.39,0.0067,0.0075,0.0014
41.46,28.33,202311,6.49,0.41,68.19,6.69,0.00378,0.01032,0.02396
41.46,28.33,202312,4.82,0.38,64.93,2.67,0.0028,0.00983,0.00956
41.48,28.12,202301,5.51,0.38,69.94,0.94,0.00321,0.01059,0.00337
41.48,28.12,202302,8.89,0.45,66.0,1.2,0.00517,0.00999,0.0043
41.48,28.12,202303,11.1,0.41,71.25,2.13,0.00646,0.01079,0.00763
41.48,28.12,202304,15.63,0.45,72.39,2.93,0.00909,0.01096,0.01049
41.48,28.12,202305,18.84,0.48,71.78,1.08,0.01096,0.01087,0.00387
41.48,28.12,202306,24.01,0.58,45.28,0.72,0.01397,0.00686,0.00258
41.48,28.12,202307,26.15,0.65,23.83,0.41,0.01521,0.00361,0.00147
41.48,28.12,202308,21.47,0.59,31.41,0.23,0.01249,0.00476,0.00082
41.48,28.12,202309,16.72,0.56,46.02,1.46,0.00973,0.00697,0.00523
41.48,28.12,202310,11.52,0.52,49.57,0.39,0.0067,0.0075,0.0014
41.48,28.12,202311,6.49,0.41,68.19,6.69,0.00378,0.01032,0.02396
41.48,28.12,202312,4.82,0.38,64.93,2.67,0.0028,0.00983,0.00956
41.48,28.15,202301,5.51,0.38,69.94,0.94,0.00321,0.01059,0.00337
41.48,28.15,202302,8.89,0.45,66.0,1.2,0.00517,0.00999,0.0043
41.48,28.15,202303,11.1,0.41,71.25,2.13,0.00646,0.01079,0.00763
41.48,28.15,202304,15.63,0.45,72.39,2.93,0.00909,0.01096,0.01049
41.48,28.15,202305,18.84,0.48,71.78,1.08,0.01096,0.01087,0.00387
41.48,28.15,202306,24.01,0.58,45.28,0.72,0.01397,0.00686,0.00258
41.48,28.15,202307,26.15,0.65,23.83,0.41,0.01521,0.00361,0.00147
41.48,28.15,202308,21.47,0.59,31.41,0.23,0.01249,0.00476,0.00082
41.48,28.15,202309,16.72,0.56,46.02,1.46,0.00973,0.00697,0.00523
41.48,28.15,202310,11.52,0.52,49.57,0.39,0.0067,0.0075,0.0014
41.48,28.15,202311,6.49,0.41,68.19,6.69,0.00378,0.01032,0.02396
41.48,28.15,202312,4.82,0.38,64.93,2.67,0.0028,0.00983,0.00956
41.48,28.18,202301,5.51,0.38,69.94,0.94,0.00321,0.01059,0.00337
41.48,28.18,202302,8.89,0.45,66.0,1.2,0.00517,0.00999,0.0043
41.48,28.18,202303,11.1,0.41,71.25,2.13,0.00646,0.01079,0.00763
41.48,28.18,202304,15.63,0.45,72.39,2.93,0.00909,0.01096,0.01049
41.48,28.18,202305,18.84,0.48,71.78,1.08,0.01096,0.01087,0.00387
41.48,28.18,202306,24.01,0.58,45.28,0.72,0.01397,0.00686,0.00258
41.48,28.18,202307,26.15,0.65,23.83,0.41,0.01521,0.00361,0.00147
41.48,28.18,202308,21.47,0.59,31.41,0.23,0.01249,0.00476,0.00082
41.48,28.18,202309,16.72,0.56,46.02,1.46,0.00973,0.00697,0.00523
41.48,28.18,202310,11.52,0.52,49.57,0.39,0.0067,0.0075,0.0014
41.48,28.18,202311,6.49,0.41,68.19,6.69,0.00378,0.01032,0.02396
41.48,28.18,202312,4.82,0.38,64.93,2.67,0.0028,0.00983,0.00956
41.48,28.21,202301,5.51,0.38,69.94,0.94,0.00321,0.01059,0.00337
41.48,28.21,202302,8.89,0.45,66.0,1.2,0.00517,0.00999,0.0043
41.48,28.21,202303,11.1,0.41,71.25,2.13,0.00646,0.01079,0.00763
41.48,28.21,202304,15.63,0.45,72.39,2.93,0.00909,0.01096,0.01049
41.48,28.21,202305,18.84,0.48,71.78,1.08,0.01096,0.01087,0.00387
41.48,28.21,202306,24.01,0.58,45.28,0.72,0.01397,0.00686,0.00258
41.48,28.21,202307,26.15,0.65,23.83,0.41,0.01521,0.00361,0.00147
41.48,28.21,202308,21.47,0.59,31.41,0.23,0.01249,0.00476,0.00082
41.48,28.21,202309,16.72,0.56,46.02,1.46,0.00973,0.00697,0.00523
41.48,28.21,202310,11.52,0.52,49.57,0.39,0.0067,0.0075,0.0014
41.48,28.21,202311,6.49,0.41,68.19,6.69,0.00378,0.01032,0.02396
41.48,28.21,202312,4.82,0.38,64.93,2.67,0.0028,0.00983,0.00956
41.48,28.24,202301,5.51,0.38,69.94,0.94,0.00321,0.01059,0.00337
41.48,28.24,202302,8.89,0.45,66.0,1.2,0.00517,0.00999,0.0043
41.48,28.24,202303,11.1,0.41,71.25,2.13,0.00646,0.01079,0.00763
41.48,28.24,202304,15.63,0.45,72.39,2.93,0.00909,0.01096,0.01049
41.48,28.24,202305,18.84,0.48,71.78,1.08,0.01096,0.01087,0.00387
41.48,28.24,202306,24.01,0.58,45.28,0.72,0.01397,0.00686,0.00258
41.48,28.24,202307,26.15,0.65,23.83,0.41,0.01521,0.00361,0.00147
41.48,28.24,202308,21.47,0.59,31.41,0.23,0.01249,0.00476,0.00082
41.48,28.24,202309,16.72,0.56,46.02,1.46,0.00973,0.00697,0.00523
41.48,28.24,202310,11.52,0.52,49.57,0.39,0.0067,0.0075,0.0014
41.48,28.24,202311,6.49,0.41,68.19,6.69,0.00378,0.01032,0.02396
41.48,28.24,202312,4.82,0.38,64.93,2.67,0.0028,0.00983,0.00956
41.48,28.27,202301,5.51,0.38,69.94,0.94,0.00321,0.01059,0.00337
41.48,28.27,202302,8.89,0.45,66.0,1.2,0.00517,0.00999,0.0043
41.48,28.27,202303,11.1,0.41,71.25,2.13,0.00646,0.01079,0.00763
41.48,28.27,202304,15.63,0.45,72.39,2.93,0.00909,0.01096,0.01049
41.48,28.27,202305,18.84,0.48,71.78,1.08,0.01096,0.01087,0.00387
41.48,28.27,202306,24.01,0.58,45.28,0.72,0.01397,0.00686,0.00258
41.48,28.27,202307,26.15,0.65,23.83,0.41,0.01521,0.00361,0.00147
41.48,28.27,202308,21.47,0.59,31.41,0.23,0.01249,0.00476,0.00082
41.48,28.27,202309,16.72,0.56,46.02,1.46,0.00973,0.00697,0.00523
41.48,28.27,202310,11.52,0.52,49.57,0.39,0.0067,0.0075,0.0014
41.48,28.27,202311,6.49,0.41,68.19,6.69,0.00378,0.01032,0.02396
41.48,28.27,202312,4.82,0.38,64.93,2.67,0.0028,0.00983,0.00956
41.48,28.3,202301,5.51,0.38,69.94,0.94,0.00321,0.01059,0.00337
41.48,28.3,202302,8.89,0.45,66.0,1.2,0.00517,0.00999,0.0043
41.48,28.3,202303,11.1,0.41,71.25,2.13,0.00646,0.01079,0.00763
41.48,28.3,202304,15.63,0.45,72.39,2.93,0.00909,0.01096,0.01049
41.48,28.3,202305,18.84,0.48,71.78,1.08,0.01096,0.01087,0.00387
41.48,28.3,202306,24.01,0.58,45.28,0.72,0.01397,0.00686,0.00258
41.48,28.3,202307,26.15,0.65,23.83,0.41,0.01521,0.00361,0.00147
41.48,28.3,202308,21.47,0.59,31.41,0.23,0.01249,0.00476,0.00082
41.48,28.3,202309,16.72,0.56,46.02,1.46,0.00973,0.00697,0.00523
41.48,28.3,202310,11.52,0.52,49.57,0.39,0.0067,0.0075,0.0014
41.48,28.3,202311,6.49,0.41,68.19,6.69,0.00378,0.01032,0.02396
41.48,28.3,202312,4.82,0.38,64.93,2.67,0.0028,0.00983,0.00956
41.5,28.09,202301,5.51,0.38,69.94,0.94,0.00321,0.01059,0.00337
41.5,28.09,202302,8.89,0.45,66.0,1.2,0.00517,0.00999,0.0043
41.5,28.09,202303,11.1,0.41,71.25,2.13,0.00646,0.01079,0.00763
41.5,28.09,202304,15.63,0.45,72.39,2.93,0.00909,0.01096,0.01049
41.5,28.09,202305,18.84,0.48,71.78,1.08,0.01096,0.01087,0.00387
41.5,28.09,202306,24.01,0.58,45.28,0.72,0.01397,0.00686,0.00258
41.5,28.09,202307,26.15,0.65,23.83,0.41,0.01521,0.00361,0.00147
41.5,28.09,202308,21.47,0.59,31.41,0.23,0.01249,0.00476,0.00082
41.5,28.09,202309,16.72,0.56,46.02,1.46,0.00973,0.00697,0.00523
41.5,28.09,202310,11.52,0.52,49.57,0.39,0.0067,0.0075,0.0014
41.5,28.09,202311,6.49,0.41,68.19,6.69,0.00378,0.01032,0.02396
41.5,28.09,202312,4.82,0.38,64.93,2.67,0.0028,0.00983,0.00956
41.5,28.12,202301,5.51,0.38,69.94,0.94,0.00321,0.01059,0.00337
41.5,28.12,202302,8.89,0.45,66.0,1.2,0.00517,0.00999,0.0043
41.5,28.12,202303,11.1,0.41,71.25,2.13,0.00646,0.01079,0.00763
41.5,28.12,202304,15.63,0.45,72.39,2.93,0.00909,0.01096,0.01049
41.5,28.12,202305,18.84,0.48,71.78,1.08,0.01096,0.01087,0.00387
41.5,28.12,202306,24.01,0.58,45.28,0.72,0.01397,0.00686,0.00258
41.5,28.12,202307,26.15,0.65,23.83,0.41,0.01521,0.00361,0.00147
41.5,28.12,202308,21.47,0.59,31.41,0.23,0.01249,0.00476,0.00082
41.5,28.12,202309,16.72,0.56,46.02,1.46,0.00973,0.00697,0.00523
41.5,28.12,202310,11.52,0.52,49.57,0.39,0.0067,0.0075,0.0014
41.5,28.12,202311,6.49,0.41,68.19,6.69,0.00378,0.01032,0.02396
41.5,28.12,202312,4.82,0.38,64.93,2.67,0.0028,0.00983,0.00956
41.5,28.15,202301,5.51,0.38,69.94,0.94,0.00321,0.01059,0.00337
41.5,28.15,202302,8.89,0.45,66.0,1.2,0.00517,0.00999,0.0043
41.5,28.15,202303,11.1,0.41,71.25,2.13,0.00646,0.01079,0.00763
41.5,28.15,202304,15.63,0.45,72.39,2.93,0.00909,0.01096,0.01049
41.5,28.15,202305,18.84,0.48,71.78,1.08,0.01096,0.01087,0.00387
41.5,28.15,202306,24.01,0.58,45.28,0.72,0.01397,0.00686,0.00258
41.5,28.15,202307,26.15,0.65,23.83,0.41,0.01521,0.00361,0.00147
41.5,28.15,202308,21.47,0.59,31.41,0.23,0.01249,0.00476,0.00082
41.5,28.15,202309,16.72,0.56,46.02,1.46,0.00973,0.00697,0.00523
41.5,28.15,202310,11.52,0.52,49.57,0.39,0.0067,0.0075,0.0014
41.5,28.15,202311,6.49,0.41,68.19,6.69,0.00378,0.01032,0.02396
41.5,28.15,202312,4.82,0.38,64.93,2.67,0.0028,0.00983,0.00956
41.5,28.18,202301,5.51,0.38,69.94,0.94,0.00321,0.01059,0.00337
41.5,28.18,202302,8.89,0.45,66.0,1.2,0.00517,0.00999,0.0043
41.5,28.18,202303,11.1,0.41,71.25,2.13,0.00646,0.01079,0.00763
41.5,28.18,202304,15.63,0.45,72.39,2.93,0.00909,0.01096,0.01049
41.5,28.18,202305,18.84,0.48,71.78,1.08,0.01096,0.01087,0.00387
41.5,28.18,202306,24.01,0.58,45.28,0.72,0.01397,0.00686,0.00258
41.5,28.18,202307,26.15,0.65,23.83,0.41,0.01521,0.00361,0.00147
41.5,28.18,202308,21.47,0.59,31.41,0.23,0.01249,0.00476,0.00082
41.5,28.18,202309,16.72,0.56,46.02,1.46,0.00973,0.00697,0.00523
41.5,28.18,202310,11.52,0.52,49.57,0.39,0.0067,0.0075,0.0014
41.5,28.18,202311,6.49,0.41,68.19,6.69,0.00378,0.01032,0.02396
41.5,28.18,202312,4.82,0.38,64.93,2.67,0.0028,0.00983,0.00956
41.5,28.21,202301,5.51,0.38,69.94,0.94,0.00321,0.01059,0.00337
41.5,28.21,202302,8.89,0.45,66.0,1.2,0.00517,0.00999,0.0043
41.5,28.21,202303,11.1,0.41,71.25,2.13,0.00646,0.01079,0.00763
41.5,28.21,202304,15.63,0.45,72.39,2.93,0.00909,0.01096,0.01049
41.5,28.21,202305,18.84,0.48,71.78,1.08,0.01096,0.01087,0.00387
41.5,28.21,202306,24.01,0.58,45.28,0.72,0.01397,0.00686,0.00258
41.5,28.21,202307,26.15,0.65,23.83,0.41,0.01521,0.00361,0.00147
41.5,28.21,202308,21.47,0.59,31.41,0.23,0.01249,0.00476,0.00082
41.5,28.21,202309,16.72,0.56,46.02,1.46,0.00973,0.00697,0.00523
41.5,28.21,202310,11.52,0.52,49.57,0.39,0.0067,0.0075,0.0014
41.5,28.21,202311,6.49,0.41,68.19,6.69,0.00378,0.01032,0.02396
41.5,28.21,202312,4.82,0.38,64.93,2.67,0.0028,0.00983,0.00956
41.5,28.24,202301,5.51,0.38,69.94,0.94,0.00321,0.01059,0.00337
41.5,28.24,202302,8.89,0.45,66.0,1.2,0.00517,0.00999,0.0043
41.5,28.24,202303,11.1,0.41,71.25,2.13,0.00646,0.01079,0.00763
41.5,28.24,202304,15.63,0.45,72.39,2.93,0.00909,0.01096,0.01049
41.5,28.24,202305,18.84,0.48,71.78,1.08,0.01096,0.01087,0.00387
41.5,28.24,202306,24.01,0.58,45.28,0.72,0.01397,0.00686,0.00258
41.5,28.24,202307,26.15,0.65,23.83,0.41,0.01521,0.00361,0.00147
41.5,28.24,202308,21.47,0.59,31.41,0.23,0.01249,0.00476,0.00082
41.5,28.24,202309,16.72,0.56,46.02,1.46,0.00973,0.00697,0.00523
41.5,28.24,202310,11.52,0.52,49.57,0.39,0.0067,0.0075,0.0014
41.5,28.24,202311,6.49,0.41,68.19,6.69,0.00378,0.01032,0.02396
41.5,28.24,202312,4.82,0.38,64.93,2.67,0.0028,0.00983,0.00956
41.52,28.12,202301,5.51,0.38,69.94,0.94,0.00321,0.01059,0.00337
41.52,28.12,202302,8.89,0.45,66.0,1.2,0.00517,0.00999,0.0043
41.52,28.12,202303,11.1,0.41,71.25,2.13,0.00646,0.01079,0.00763
41.52,28.12,202304,15.63,0.45,72.39,2.93,0.00909,0.01096,0.01049
41.52,28.12,202305,18.84,0.48,71.78,1.08,0.01096,0.01087,0.00387
41.52,28.12,202306,24.01,0.58,45.28,0.72,0.01397,0.00686,0.00258
41.52,28.12,202307,26.15,0.65,23.83,0.41,0.01521,0.00361,0.00147
41.52,28.12,202308,21.47,0.59,31.41,0.23,0.01249,0.00476,0.00082
41.52,28.12,202309,16.72,0.56,46.02,1.46,0.00973,0.00697,0.00523
41.52,28.12,202310,11.52,0.52,49.57,0.39,0.0067,0.0075,0.0014
41.52,28.12,202311,6.49,0.41,68.19,6.69,0.00378,0.01032,0.02396
41.52,28.12,202312,4.82,0.38,64.93,2.67,0.0028,0.00983,0.00956
41.52,28.15,202301,5.51,0.38,69.94,0.94,0.00321,0.01059,0.00337
41.52,28.15,202302,8.89,0.45,66.0,1.2,0.00517,0.00999,0.0043
41.52,28.15,202303,11.1,0.41,71.25,2.13,0.00646,0.01079,0.00763
41.52,28.15,202304,15.63,0.45,72.39,2.93,0.00909,0.01096,0.01049
41.52,28.15,202305,18.84,0.48,71.78,1.08,0.01096,0.01087,0.00387
41.52,28.15,202306,24.01,0.58,45.28,0.72,0.01397,0.00686,0.00258
41.52,28.15,202307,26.15,0.65,23.83,0.41,0.01521,0.00361,0.00147
41.52,28.15,202308,21.47,0.59,31.41,0.23,0.01249,0.00476,0.00082
41.52,28.15,202309,16.72,0.56,46.02,1.46,0.00973,0.00697,0.00523
41.52,28.15,202310,11.52,0.52,49.57,0.39,0.0067,0.0075,0.0014
41.52,28.15,202311,6.49,0.41,68.19,6.69,0.00378,0.01032,0.02396
41.52,28.15,202312,4.82,0.38,64.93,2.67,0.0028,0.00983,0.00956
41.52,28.18,202301,5.51,0.38,69.94,0.94,0.00321,0.01059,0.00337
41.52,28.18,202302,8.89,0.45,66.0,1.2,0.00517,0.00999,0.0043
41.52,28.18,202303,11.1,0.41,71.25,2.13,0.00646,0.01079,0.00763
41.52,28.18,202304,15.63,0.45,72.39,2.93,0.00909,0.01096,0.01049
41.52,28.18,202305,18.84,0.48,71.78,1.08,0.01096,0.01087,0.00387
41.52,28.18,202306,24.01,0.58,45.28,0.72,0.01397,0.00686,0.00258
41.52,28.18,202307,26.15,0.65,23.83,0.41,0.01521,0.00361,0.00147
41.52,28.18,202308,21.47,0.59,31.41,0.23,0.01249,0.00476,0.00082
41.52,28.18,202309,16.72,0.56,46.02,1.46,0.00973,0.00697,0.00523
41.52,28.18,202310,11.52,0.52,49.57,0.39,0.0067,0.0075,0.0014
41.52,28.18,202311,6.49,0.41,68.19,6.69,0.00378,0.01032,0.02396
41.52,28.18,202312,4.82,0.38,64.93,2.67,0.0028,0.00983,0.00956
41.52,28.21,202301,5.51,0.38,69.94,0.94,0.00321,0.01059,0.00337
41.52,28.21,202302,8.89,0.45,66.0,1.2,0.00517,0.00999,0.0043
41.52,28.21,202303,11.1,0.41,71.25,2.13,0.00646,0.01079,0.00763
41.52,28.21,202304,15.63,0.45,72.39,2.93,0.00909,0.01096,0.01049
41.52,28.21,202305,18.84,0.48,71.78,1.08,0.01096,0.01087,0.00387
41.52,28.21,202306,24.01,0.58,45.28,0.72,0.01397,0.00686,0.00258
41.52,28.21,202307,26.15,0.65,23.83,0.41,0.01521,0.00361,0.00147
41.52,28.21,202308,21.47,0.59,31.41,0.23,0.01249,0.00476,0.00082
41.52,28.21,202309,16.72,0.56,46.02,1.46,0.00973,0.00697,0.00523
41.52,28.21,202310,11.52,0.52,49.57,0.39,0.0067,0.0075,0.0014
41.52,28.21,202311,6.49,0.41,68.19,6.69,0.00378,0.01032,0.02396
41.52,28.21,202312,4.82,0.38,64.93,2.67,0.0028,0.00983,0.00956
41.54,28.15,202301,5.51,0.38,69.94,0.94,0.00321,0.01059,0.00337
41.54,28.15,202302,8.89,0.45,66.0,1.2,0.00517,0.00999,0.0043
41.54,28.15,202303,11.1,0.41,71.25,2.13,0.00646,0.01079,0.00763
41.54,28.15,202304,15.63,0.45,72.39,2.93,0.00909,0.01096,0.01049
41.54,28.15,202305,18.84,0.48,71.78,1.08,0.01096,0.01087,0.00387
41.54,28.15,202306,24.01,0.58,45.28,0.72,0.01397,0.00686,0.00258
41.54,28.15,202307,26.15,0.65,23.83,0.41,0.01521,0.00361,0.00147
41.54,28.15,202308,21.47,0.59,31.41,0.23,0.01249,0.00476,0.00082
41.54,28.15,202309,16.72,0.56,46.02,1.46,0.00973,0.00697,0.00523
41.54,28.15,202310,11.52,0.52,49.57,0.39,0.0067,0.0075,0.0014
41.54,28.15,202311,6.49,0.41,68.19,6.69,0.00378,0.01032,0.02396
41.54,28.15,202312,4.82,0.38,64.93,2.67,0.0028,0.00983,0.00956
41.54,28.18,202301,5.51,0.38,69.94,0.94,0.00321,0.01059,0.00337
41.54,28.18,202302,8.89,0.45,66.0,1.2,0.00517,0.00999,0.0043
41.54,28.18,202303,11.1,0.41,71.25,2.13,0.00646,0.01079,0.00763
41.54,28.18,202304,15.63,0.45,72.39,2.93,0.00909,0.01096,0.01049
41.54,28.18,202305,18.84,0.48,71.78,1.08,0.01096,0.01087,0.00387
41.54,28.18,202306,24.01,0.58,45.28,0.72,0.01397,0.00686,0.00258
41.54,28.18,202307,26.15,0.65,23.83,0.41,0.01521,0.00361,0.00147
41.54,28.18,202308,21.47,0.59,31.41,0.23,0.01249,0.00476,0.00082
41.54,28.18,202309,16.72,0.56,46.02,1.46,0.00973,0.00697,0.00523
41.54,28.18,202310,11.52,0.52,49.57,0.39,0.0067,0.0075,0.0014
41.54,28.18,202311,6.49,0.41,68.19,6.69,0.00378,0.01032,0.02396
41.54,28.18,202312,4.82,0.38,64.93,2.67,0.0028,0.00983,0.00956
41.56,28.15,202301,5.51,0.38,69.94,0.94,0.00321,0.01059,0.00337
41.56,28.15,202302,8.89,0.45,66.0,1.2,0.00517,0.00999,0.0043
41.56,28.15,202303,11.1,0.41,71.25,2.13,0.00646,0.01079,0.00763
41.56,28.15,202304,15.63,0.45,72.39,2.93,0.00909,0.01096,0.01049
41.56,28.15,202305,18.84,0.48,71.78,1.08,0.01096,0.01087,0.00387
41.56,28.15,202306,24.01,0.58,45.28,0.72,0.01397,0.00686,0.00258
41.56,28.15,202307,26.15,0.65,23.83,0.41,0.01521,0.00361,0.00147
41.56,28.15,202308,21.47,0.59,31.41,0.23,0.01249,0.00476,0.00082
41.56,28.15,202309,16.72,0.56,46.02,1.46,0.00973,0.00697,0.00523
41.56,28.15,202310,11.52,0.52,49.57,0.39,0.0067,0.0075,0.0014
41.56,28.15,202311,6.49,0.41,68.19,6.69,0.00378,0.01032,0.02396
41.56,28.15,202312,4.82,0.38,64.93,2.67,0.0028,0.00983,0.00956
41.56,28.18,202301,5.51,0.38,69.94,0.94,0.00321,0.01059,0.00337
41.56,28.18,202302,8.89,0.45,66.0,1.2,0.00517,0.00999,0.0043
41.56,28.18,202303,11.1,0.41,71.25,2.13,0.00646,0.01079,0.00763
41.56,28.18,202304,15.63,0.45,72.39,2.93,0.00909,0.01096,0.01049
41.56,28.18,202305,18.84,0.48,71.78,1.08,0.01096,0.01087,0.00387
41.56,28.18,202306,24.01,0.58,45.28,0.72,0.01397,0.00686,0.00258
41.56,28.18,202307,26.15,0.65,23.83,0.41,0.01521,0.00361,0.00147
41.56,28.18,202308,21.47,0.59,31.41,0.23,0.01249,0.00476,0.00082
41.56,28.18,202309,16.72,0.56,46.02,1.46,0.00973,0.00697,0.00523
41.56,28.18,202310,11.52,0.52,49.57,0.39,0.0067,0.0075,0.0014
41.56,28.18,202311,6.49,0.41,68.19,6.69,0.00378,0.01032,0.02396
41.56,28.18,202312,4.82,0.38,64.93,2.67,0.0028,0.00983,0.00956
41.58,28.15,202301,5.51,0.38,69.94,0.94,0.00321,0.01059,0.00337
41.58,28.15,202302,8.89,0.45,66.0,1.2,0.00517,0.00999,0.0043
41.58,28.15,202303,11.1,0.41,71.25,2.13,0.00646,0.01079,0.00763
41.58,28.15,202304,15.63,0.45,72.39,2.93,0.00909,0.01096,0.01049
41.58,28.15,202305,18.84,0.48,71.78,1.08,0.01096,0.01087,0.00387
41.58,28.15,202306,24.01,0.58,45.28,0.72,0.01397,0.00686,0.00258
41.58,28.15,202307,26.15,0.65,23.83,0.41,0.01521,0.00361,0.00147
41.58,28.15,202308,21.47,0.59,31.41,0.23,0.01249,0.00476,0.00082
41.58,28.15,202309,16.72,0.56,46.02,1.46,0.00973,0.00697,0.00523
41.58,28.15,202310,11.52,0.52,49.57,0.39,0.0067,0.0075,0.0014
41.58,28.15,202311,6.49,0.41,68.19,6.69,0.00378,0.01032,0.02396
41.58,28.15,202312,4.82,0.38,64.93,2.67,0.0028,0.00983,0.00956
